solid ASCII
  facet normal 8.573884e-17 7.071068e-01 7.071068e-01
    outer loop
      vertex   -6.600000e+00 8.390434e-01 -2.300000e+01
      vertex   2.270000e+01 8.390434e-01 -2.300000e+01
      vertex   -6.600000e+00 1.239043e+00 -2.340000e+01
    endloop
  endfacet
  facet normal 1.714777e-16 7.071068e-01 7.071068e-01
    outer loop
      vertex   -6.600000e+00 1.239043e+00 -2.340000e+01
      vertex   2.270000e+01 8.390434e-01 -2.300000e+01
      vertex   2.270000e+01 1.239043e+00 -2.340000e+01
    endloop
  endfacet
  facet normal -3.831007e-02 -7.065877e-01 7.065877e-01
    outer loop
      vertex   -6.600000e+00 -6.760957e+00 -2.340000e+01
      vertex   -6.600000e+00 -6.360957e+00 -2.300000e+01
      vertex   -7.032476e+00 -6.737508e+00 -2.340000e+01
    endloop
  endfacet
  facet normal -4.106011e-02 -7.049749e-01 7.080427e-01
    outer loop
      vertex   -7.032476e+00 -6.737508e+00 -2.340000e+01
      vertex   -6.600000e+00 -6.360957e+00 -2.300000e+01
      vertex   -7.017935e+00 -6.336615e+00 -2.300000e+01
    endloop
  endfacet
  facet normal -1.146885e-01 -6.995689e-01 7.053013e-01
    outer loop
      vertex   -7.032476e+00 -6.737508e+00 -2.340000e+01
      vertex   -7.017935e+00 -6.336615e+00 -2.300000e+01
      vertex   -7.459882e+00 -6.667439e+00 -2.340000e+01
    endloop
  endfacet
  facet normal -1.223983e-01 -6.941555e-01 7.093425e-01
    outer loop
      vertex   -7.459882e+00 -6.667439e+00 -2.340000e+01
      vertex   -7.017935e+00 -6.336615e+00 -2.300000e+01
      vertex   -7.430217e+00 -6.263918e+00 -2.300000e+01
    endloop
  endfacet
  facet normal -1.899415e-01 -6.841075e-01 7.042152e-01
    outer loop
      vertex   -7.459882e+00 -6.667439e+00 -2.340000e+01
      vertex   -7.430217e+00 -6.263918e+00 -2.300000e+01
      vertex   -7.877206e+00 -6.551569e+00 -2.340000e+01
    endloop
  endfacet
  facet normal -2.018484e-01 -6.742207e-01 7.104109e-01
    outer loop
      vertex   -7.877206e+00 -6.551569e+00 -2.340000e+01
      vertex   -7.430217e+00 -6.263918e+00 -2.300000e+01
      vertex   -7.831273e+00 -6.143850e+00 -2.300000e+01
    endloop
  endfacet
  facet normal -2.631169e-01 -6.603735e-01 7.033323e-01
    outer loop
      vertex   -7.877206e+00 -6.551569e+00 -2.340000e+01
      vertex   -7.831273e+00 -6.143850e+00 -2.300000e+01
      vertex   -8.279557e+00 -6.391258e+00 -2.340000e+01
    endloop
  endfacet
  facet normal -2.784196e-01 -6.454491e-01 7.112510e-01
    outer loop
      vertex   -8.279557e+00 -6.391258e+00 -2.340000e+01
      vertex   -7.831273e+00 -6.143850e+00 -2.300000e+01
      vertex   -8.215677e+00 -5.978034e+00 -2.300000e+01
    endloop
  endfacet
  facet normal -3.332871e-01 -6.286461e-01 7.026548e-01
    outer loop
      vertex   -8.279557e+00 -6.391258e+00 -2.340000e+01
      vertex   -8.215677e+00 -5.978034e+00 -2.300000e+01
      vertex   -8.662216e+00 -6.188385e+00 -2.340000e+01
    endloop
  endfacet
  facet normal -3.511580e-01 -6.082236e-01 7.118652e-01
    outer loop
      vertex   -8.662216e+00 -6.188385e+00 -2.340000e+01
      vertex   -8.215677e+00 -5.978034e+00 -2.300000e+01
      vertex   -8.578232e+00 -5.768713e+00 -2.300000e+01
    endloop
  endfacet
  facet normal -3.995623e-01 -5.893103e-01 7.021847e-01
    outer loop
      vertex   -8.662216e+00 -6.188385e+00 -2.340000e+01
      vertex   -8.578232e+00 -5.768713e+00 -2.300000e+01
      vertex   -9.020697e+00 -5.945329e+00 -2.340000e+01
    endloop
  endfacet
  facet normal -4.191579e-01 -5.630267e-01 7.122553e-01
    outer loop
      vertex   -9.020697e+00 -5.945329e+00 -2.340000e+01
      vertex   -8.578232e+00 -5.768713e+00 -2.300000e+01
      vertex   -8.914035e+00 -5.518717e+00 -2.300000e+01
    endloop
  endfacet
  facet normal -4.611027e-01 -5.428520e-01 7.019231e-01
    outer loop
      vertex   -9.020697e+00 -5.945329e+00 -2.340000e+01
      vertex   -8.914035e+00 -5.518717e+00 -2.300000e+01
      vertex   -9.350798e+00 -5.664939e+00 -2.340000e+01
    endloop
  endfacet
  facet normal -4.815708e-01 -5.104352e-01 7.124222e-01
    outer loop
      vertex   -9.350798e+00 -5.664939e+00 -2.340000e+01
      vertex   -8.914035e+00 -5.518717e+00 -2.300000e+01
      vertex   -9.218545e+00 -5.231426e+00 -2.300000e+01
    endloop
  endfacet
  facet normal -5.171298e-01 -4.898513e-01 7.018707e-01
    outer loop
      vertex   -9.350798e+00 -5.664939e+00 -2.340000e+01
      vertex   -9.218545e+00 -5.231426e+00 -2.300000e+01
      vertex   -9.648648e+00 -5.350502e+00 -2.340000e+01
    endloop
  endfacet
  facet normal -5.376158e-01 -4.511132e-01 7.123666e-01
    outer loop
      vertex   -9.648648e+00 -5.350502e+00 -2.340000e+01
      vertex   -9.218545e+00 -5.231426e+00 -2.300000e+01
      vertex   -9.487644e+00 -4.910727e+00 -2.300000e+01
    endloop
  endfacet
  facet normal -5.669374e-01 -4.309746e-01 7.020277e-01
    outer loop
      vertex   -9.648648e+00 -5.350502e+00 -2.340000e+01
      vertex   -9.487644e+00 -4.910727e+00 -2.300000e+01
      vertex   -9.910756e+00 -5.005705e+00 -2.340000e+01
    endloop
  endfacet
  facet normal -5.865877e-01 -3.858048e-01 7.120882e-01
    outer loop
      vertex   -9.910756e+00 -5.005705e+00 -2.340000e+01
      vertex   -9.487644e+00 -4.910727e+00 -2.300000e+01
      vertex   -9.717692e+00 -4.560957e+00 -2.300000e+01
    endloop
  endfacet
  facet normal -6.099012e-01 -3.669654e-01 7.023937e-01
    outer loop
      vertex   -9.910756e+00 -5.005705e+00 -2.340000e+01
      vertex   -9.717692e+00 -4.560957e+00 -2.300000e+01
      vertex   -1.013405e+01 -4.634590e+00 -2.340000e+01
    endloop
  endfacet
  facet normal -6.278652e-01 -3.153257e-01 7.115863e-01
    outer loop
      vertex   -1.013405e+01 -4.634590e+00 -2.340000e+01
      vertex   -9.717692e+00 -4.560957e+00 -2.300000e+01
      vertex   -9.905578e+00 -4.186844e+00 -2.300000e+01
    endloop
  endfacet
  facet normal -6.454874e-01 -2.986343e-01 7.029677e-01
    outer loop
      vertex   -1.013405e+01 -4.634590e+00 -2.340000e+01
      vertex   -9.905578e+00 -4.186844e+00 -2.300000e+01
      vertex   -1.031591e+01 -4.241509e+00 -2.340000e+01
    endloop
  endfacet
  facet normal -6.609179e-01 -2.405545e-01 7.108594e-01
    outer loop
      vertex   -1.031591e+01 -4.241509e+00 -2.340000e+01
      vertex   -9.905578e+00 -4.186844e+00 -2.300000e+01
      vertex   -1.004876e+01 -3.793448e+00 -2.300000e+01
    endloop
  endfacet
  facet normal -6.732597e-01 -2.268476e-01 7.037482e-01
    outer loop
      vertex   -1.031591e+01 -4.241509e+00 -2.340000e+01
      vertex   -1.004876e+01 -3.793448e+00 -2.300000e+01
      vertex   -1.045420e+01 -3.831070e+00 -2.340000e+01
    endloop
  endfacet
  facet normal -6.853126e-01 -1.624221e-01 7.099054e-01
    outer loop
      vertex   -1.045420e+01 -3.831070e+00 -2.340000e+01
      vertex   -1.004876e+01 -3.793448e+00 -2.300000e+01
      vertex   -1.014531e+01 -3.386090e+00 -2.300000e+01
    endloop
  endfacet
  facet normal -6.928855e-01 -1.525156e-01 7.047331e-01
    outer loop
      vertex   -1.045420e+01 -3.831070e+00 -2.340000e+01
      vertex   -1.014531e+01 -3.386090e+00 -2.300000e+01
      vertex   -1.054731e+01 -3.408085e+00 -2.340000e+01
    endloop
  endfacet
  facet normal -7.007179e-01 -8.190217e-02 7.087218e-01
    outer loop
      vertex   -1.054731e+01 -3.408085e+00 -2.340000e+01
      vertex   -1.014531e+01 -3.386090e+00 -2.300000e+01
      vertex   -1.019391e+01 -2.970278e+00 -2.300000e+01
    endloop
  endfacet
  facet normal -7.041399e-01 -7.657982e-02 7.059197e-01
    outer loop
      vertex   -1.054731e+01 -3.408085e+00 -2.340000e+01
      vertex   -1.019391e+01 -2.970278e+00 -2.300000e+01
      vertex   -1.059413e+01 -2.977512e+00 -2.340000e+01
    endloop
  endfacet
  facet normal -7.069086e-01 0.000000e+00 7.073049e-01
    outer loop
      vertex   -1.059413e+01 -2.977512e+00 -2.340000e+01
      vertex   -1.019391e+01 -2.970278e+00 -2.300000e+01
      vertex   -1.019391e+01 -2.551635e+00 -2.300000e+01
    endloop
  endfacet
  facet normal -7.069086e-01 0.000000e+00 7.073049e-01
    outer loop
      vertex   -1.059413e+01 -2.977512e+00 -2.340000e+01
      vertex   -1.019391e+01 -2.551635e+00 -2.300000e+01
      vertex   -1.059413e+01 -2.544401e+00 -2.340000e+01
    endloop
  endfacet
  facet normal -7.041399e-01 7.657982e-02 7.059197e-01
    outer loop
      vertex   -1.059413e+01 -2.544401e+00 -2.340000e+01
      vertex   -1.019391e+01 -2.551635e+00 -2.300000e+01
      vertex   -1.054731e+01 -2.113829e+00 -2.340000e+01
    endloop
  endfacet
  facet normal -7.007179e-01 8.190217e-02 7.087218e-01
    outer loop
      vertex   -1.054731e+01 -2.113829e+00 -2.340000e+01
      vertex   -1.019391e+01 -2.551635e+00 -2.300000e+01
      vertex   -1.014531e+01 -2.135823e+00 -2.300000e+01
    endloop
  endfacet
  facet normal -6.928855e-01 1.525156e-01 7.047331e-01
    outer loop
      vertex   -1.054731e+01 -2.113829e+00 -2.340000e+01
      vertex   -1.014531e+01 -2.135823e+00 -2.300000e+01
      vertex   -1.045420e+01 -1.690843e+00 -2.340000e+01
    endloop
  endfacet
  facet normal -6.853126e-01 1.624221e-01 7.099054e-01
    outer loop
      vertex   -1.045420e+01 -1.690843e+00 -2.340000e+01
      vertex   -1.014531e+01 -2.135823e+00 -2.300000e+01
      vertex   -1.004876e+01 -1.728465e+00 -2.300000e+01
    endloop
  endfacet
  facet normal -6.732597e-01 2.268476e-01 7.037482e-01
    outer loop
      vertex   -1.045420e+01 -1.690843e+00 -2.340000e+01
      vertex   -1.004876e+01 -1.728465e+00 -2.300000e+01
      vertex   -1.031591e+01 -1.280404e+00 -2.340000e+01
    endloop
  endfacet
  facet normal -6.609179e-01 2.405545e-01 7.108594e-01
    outer loop
      vertex   -1.031591e+01 -1.280404e+00 -2.340000e+01
      vertex   -1.004876e+01 -1.728465e+00 -2.300000e+01
      vertex   -9.905578e+00 -1.335069e+00 -2.300000e+01
    endloop
  endfacet
  facet normal -6.454874e-01 2.986343e-01 7.029677e-01
    outer loop
      vertex   -1.031591e+01 -1.280404e+00 -2.340000e+01
      vertex   -9.905578e+00 -1.335069e+00 -2.300000e+01
      vertex   -1.013405e+01 -8.873228e-01 -2.340000e+01
    endloop
  endfacet
  facet normal -6.278652e-01 3.153257e-01 7.115863e-01
    outer loop
      vertex   -1.013405e+01 -8.873228e-01 -2.340000e+01
      vertex   -9.905578e+00 -1.335069e+00 -2.300000e+01
      vertex   -9.717692e+00 -9.609566e-01 -2.300000e+01
    endloop
  endfacet
  facet normal -6.099012e-01 3.669654e-01 7.023937e-01
    outer loop
      vertex   -1.013405e+01 -8.873228e-01 -2.340000e+01
      vertex   -9.717692e+00 -9.609566e-01 -2.300000e+01
      vertex   -9.910756e+00 -5.162083e-01 -2.340000e+01
    endloop
  endfacet
  facet normal -5.865877e-01 3.858048e-01 7.120882e-01
    outer loop
      vertex   -9.910756e+00 -5.162083e-01 -2.340000e+01
      vertex   -9.717692e+00 -9.609566e-01 -2.300000e+01
      vertex   -9.487644e+00 -6.111856e-01 -2.300000e+01
    endloop
  endfacet
  facet normal -5.669374e-01 4.309746e-01 7.020277e-01
    outer loop
      vertex   -9.910756e+00 -5.162083e-01 -2.340000e+01
      vertex   -9.487644e+00 -6.111856e-01 -2.300000e+01
      vertex   -9.648648e+00 -1.714114e-01 -2.340000e+01
    endloop
  endfacet
  facet normal -5.376158e-01 4.511132e-01 7.123666e-01
    outer loop
      vertex   -9.648648e+00 -1.714114e-01 -2.340000e+01
      vertex   -9.487644e+00 -6.111856e-01 -2.300000e+01
      vertex   -9.218545e+00 -2.904867e-01 -2.300000e+01
    endloop
  endfacet
  facet normal -5.171298e-01 4.898513e-01 7.018707e-01
    outer loop
      vertex   -9.648648e+00 -1.714114e-01 -2.340000e+01
      vertex   -9.218545e+00 -2.904867e-01 -2.300000e+01
      vertex   -9.350798e+00 1.430254e-01 -2.340000e+01
    endloop
  endfacet
  facet normal -4.815708e-01 5.104352e-01 7.124222e-01
    outer loop
      vertex   -9.350798e+00 1.430254e-01 -2.340000e+01
      vertex   -9.218545e+00 -2.904867e-01 -2.300000e+01
      vertex   -8.914035e+00 -3.196555e-03 -2.300000e+01
    endloop
  endfacet
  facet normal -4.611027e-01 5.428520e-01 7.019231e-01
    outer loop
      vertex   -9.350798e+00 1.430254e-01 -2.340000e+01
      vertex   -8.914035e+00 -3.196555e-03 -2.300000e+01
      vertex   -9.020697e+00 4.234157e-01 -2.340000e+01
    endloop
  endfacet
  facet normal -4.191579e-01 5.630267e-01 7.122553e-01
    outer loop
      vertex   -9.020697e+00 4.234157e-01 -2.340000e+01
      vertex   -8.914035e+00 -3.196555e-03 -2.300000e+01
      vertex   -8.578232e+00 2.467996e-01 -2.300000e+01
    endloop
  endfacet
  facet normal -3.995623e-01 5.893103e-01 7.021847e-01
    outer loop
      vertex   -9.020697e+00 4.234157e-01 -2.340000e+01
      vertex   -8.578232e+00 2.467996e-01 -2.300000e+01
      vertex   -8.662216e+00 6.664722e-01 -2.340000e+01
    endloop
  endfacet
  facet normal -3.511580e-01 6.082236e-01 7.118652e-01
    outer loop
      vertex   -8.662216e+00 6.664722e-01 -2.340000e+01
      vertex   -8.578232e+00 2.467996e-01 -2.300000e+01
      vertex   -8.215677e+00 4.561210e-01 -2.300000e+01
    endloop
  endfacet
  facet normal -3.332871e-01 6.286461e-01 7.026548e-01
    outer loop
      vertex   -8.662216e+00 6.664722e-01 -2.340000e+01
      vertex   -8.215677e+00 4.561210e-01 -2.300000e+01
      vertex   -8.279557e+00 8.693451e-01 -2.340000e+01
    endloop
  endfacet
  facet normal -2.784196e-01 6.454491e-01 7.112510e-01
    outer loop
      vertex   -8.279557e+00 8.693451e-01 -2.340000e+01
      vertex   -8.215677e+00 4.561210e-01 -2.300000e+01
      vertex   -7.831273e+00 6.219369e-01 -2.300000e+01
    endloop
  endfacet
  facet normal -2.631169e-01 6.603735e-01 7.033323e-01
    outer loop
      vertex   -8.279557e+00 8.693451e-01 -2.340000e+01
      vertex   -7.831273e+00 6.219369e-01 -2.300000e+01
      vertex   -7.877206e+00 1.029656e+00 -2.340000e+01
    endloop
  endfacet
  facet normal -2.018484e-01 6.742207e-01 7.104109e-01
    outer loop
      vertex   -7.877206e+00 1.029656e+00 -2.340000e+01
      vertex   -7.831273e+00 6.219369e-01 -2.300000e+01
      vertex   -7.430217e+00 7.420050e-01 -2.300000e+01
    endloop
  endfacet
  facet normal -1.899415e-01 6.841075e-01 7.042152e-01
    outer loop
      vertex   -7.877206e+00 1.029656e+00 -2.340000e+01
      vertex   -7.430217e+00 7.420050e-01 -2.300000e+01
      vertex   -7.459882e+00 1.145526e+00 -2.340000e+01
    endloop
  endfacet
  facet normal -1.223983e-01 6.941555e-01 7.093425e-01
    outer loop
      vertex   -7.459882e+00 1.145526e+00 -2.340000e+01
      vertex   -7.430217e+00 7.420050e-01 -2.300000e+01
      vertex   -7.017935e+00 8.147015e-01 -2.300000e+01
    endloop
  endfacet
  facet normal -1.146885e-01 6.995689e-01 7.053013e-01
    outer loop
      vertex   -7.459882e+00 1.145526e+00 -2.340000e+01
      vertex   -7.017935e+00 8.147015e-01 -2.300000e+01
      vertex   -7.032476e+00 1.215595e+00 -2.340000e+01
    endloop
  endfacet
  facet normal -4.106011e-02 7.049749e-01 7.080427e-01
    outer loop
      vertex   -7.032476e+00 1.215595e+00 -2.340000e+01
      vertex   -7.017935e+00 8.147015e-01 -2.300000e+01
      vertex   -6.600000e+00 8.390434e-01 -2.300000e+01
    endloop
  endfacet
  facet normal -3.831007e-02 7.065877e-01 7.065877e-01
    outer loop
      vertex   -7.032476e+00 1.215595e+00 -2.340000e+01
      vertex   -6.600000e+00 8.390434e-01 -2.300000e+01
      vertex   -6.600000e+00 1.239043e+00 -2.340000e+01
    endloop
  endfacet
  facet normal 8.573884e-17 -7.071068e-01 7.071068e-01
    outer loop
      vertex   2.270000e+01 -6.360957e+00 -2.300000e+01
      vertex   -6.600000e+00 -6.360957e+00 -2.300000e+01
      vertex   2.270000e+01 -6.760957e+00 -2.340000e+01
    endloop
  endfacet
  facet normal -8.573884e-17 -7.071068e-01 7.071068e-01
    outer loop
      vertex   2.270000e+01 -6.760957e+00 -2.340000e+01
      vertex   -6.600000e+00 -6.360957e+00 -2.300000e+01
      vertex   -6.600000e+00 -6.760957e+00 -2.340000e+01
    endloop
  endfacet
  facet normal 3.831007e-02 7.065877e-01 7.065877e-01
    outer loop
      vertex   2.270000e+01 1.239043e+00 -2.340000e+01
      vertex   2.270000e+01 8.390434e-01 -2.300000e+01
      vertex   2.313248e+01 1.215595e+00 -2.340000e+01
    endloop
  endfacet
  facet normal 4.106011e-02 7.049749e-01 7.080427e-01
    outer loop
      vertex   2.313248e+01 1.215595e+00 -2.340000e+01
      vertex   2.270000e+01 8.390434e-01 -2.300000e+01
      vertex   2.311793e+01 8.147015e-01 -2.300000e+01
    endloop
  endfacet
  facet normal 1.146885e-01 6.995689e-01 7.053013e-01
    outer loop
      vertex   2.313248e+01 1.215595e+00 -2.340000e+01
      vertex   2.311793e+01 8.147015e-01 -2.300000e+01
      vertex   2.355988e+01 1.145526e+00 -2.340000e+01
    endloop
  endfacet
  facet normal 1.223983e-01 6.941555e-01 7.093425e-01
    outer loop
      vertex   2.355988e+01 1.145526e+00 -2.340000e+01
      vertex   2.311793e+01 8.147015e-01 -2.300000e+01
      vertex   2.353022e+01 7.420050e-01 -2.300000e+01
    endloop
  endfacet
  facet normal 1.899415e-01 6.841075e-01 7.042152e-01
    outer loop
      vertex   2.355988e+01 1.145526e+00 -2.340000e+01
      vertex   2.353022e+01 7.420050e-01 -2.300000e+01
      vertex   2.397721e+01 1.029656e+00 -2.340000e+01
    endloop
  endfacet
  facet normal 2.018484e-01 6.742207e-01 7.104109e-01
    outer loop
      vertex   2.397721e+01 1.029656e+00 -2.340000e+01
      vertex   2.353022e+01 7.420050e-01 -2.300000e+01
      vertex   2.393127e+01 6.219369e-01 -2.300000e+01
    endloop
  endfacet
  facet normal 2.631169e-01 6.603735e-01 7.033323e-01
    outer loop
      vertex   2.397721e+01 1.029656e+00 -2.340000e+01
      vertex   2.393127e+01 6.219369e-01 -2.300000e+01
      vertex   2.437956e+01 8.693451e-01 -2.340000e+01
    endloop
  endfacet
  facet normal 2.784196e-01 6.454491e-01 7.112510e-01
    outer loop
      vertex   2.437956e+01 8.693451e-01 -2.340000e+01
      vertex   2.393127e+01 6.219369e-01 -2.300000e+01
      vertex   2.431568e+01 4.561210e-01 -2.300000e+01
    endloop
  endfacet
  facet normal 3.332871e-01 6.286461e-01 7.026548e-01
    outer loop
      vertex   2.437956e+01 8.693451e-01 -2.340000e+01
      vertex   2.431568e+01 4.561210e-01 -2.300000e+01
      vertex   2.476222e+01 6.664722e-01 -2.340000e+01
    endloop
  endfacet
  facet normal 3.511580e-01 6.082236e-01 7.118652e-01
    outer loop
      vertex   2.476222e+01 6.664722e-01 -2.340000e+01
      vertex   2.431568e+01 4.561210e-01 -2.300000e+01
      vertex   2.467823e+01 2.467996e-01 -2.300000e+01
    endloop
  endfacet
  facet normal 3.995623e-01 5.893103e-01 7.021847e-01
    outer loop
      vertex   2.476222e+01 6.664722e-01 -2.340000e+01
      vertex   2.467823e+01 2.467996e-01 -2.300000e+01
      vertex   2.512070e+01 4.234157e-01 -2.340000e+01
    endloop
  endfacet
  facet normal 4.191579e-01 5.630267e-01 7.122553e-01
    outer loop
      vertex   2.512070e+01 4.234157e-01 -2.340000e+01
      vertex   2.467823e+01 2.467996e-01 -2.300000e+01
      vertex   2.501404e+01 -3.196555e-03 -2.300000e+01
    endloop
  endfacet
  facet normal 4.611027e-01 5.428520e-01 7.019231e-01
    outer loop
      vertex   2.512070e+01 4.234157e-01 -2.340000e+01
      vertex   2.501404e+01 -3.196555e-03 -2.300000e+01
      vertex   2.545080e+01 1.430254e-01 -2.340000e+01
    endloop
  endfacet
  facet normal 4.815708e-01 5.104352e-01 7.124222e-01
    outer loop
      vertex   2.545080e+01 1.430254e-01 -2.340000e+01
      vertex   2.501404e+01 -3.196555e-03 -2.300000e+01
      vertex   2.531855e+01 -2.904867e-01 -2.300000e+01
    endloop
  endfacet
  facet normal 5.171298e-01 4.898513e-01 7.018707e-01
    outer loop
      vertex   2.545080e+01 1.430254e-01 -2.340000e+01
      vertex   2.531855e+01 -2.904867e-01 -2.300000e+01
      vertex   2.574865e+01 -1.714114e-01 -2.340000e+01
    endloop
  endfacet
  facet normal 5.376158e-01 4.511132e-01 7.123666e-01
    outer loop
      vertex   2.574865e+01 -1.714114e-01 -2.340000e+01
      vertex   2.531855e+01 -2.904867e-01 -2.300000e+01
      vertex   2.558764e+01 -6.111856e-01 -2.300000e+01
    endloop
  endfacet
  facet normal 5.669374e-01 4.309746e-01 7.020277e-01
    outer loop
      vertex   2.574865e+01 -1.714114e-01 -2.340000e+01
      vertex   2.558764e+01 -6.111856e-01 -2.300000e+01
      vertex   2.601076e+01 -5.162083e-01 -2.340000e+01
    endloop
  endfacet
  facet normal 5.865877e-01 3.858048e-01 7.120882e-01
    outer loop
      vertex   2.601076e+01 -5.162083e-01 -2.340000e+01
      vertex   2.558764e+01 -6.111856e-01 -2.300000e+01
      vertex   2.581769e+01 -9.609566e-01 -2.300000e+01
    endloop
  endfacet
  facet normal 6.099012e-01 3.669654e-01 7.023937e-01
    outer loop
      vertex   2.601076e+01 -5.162083e-01 -2.340000e+01
      vertex   2.581769e+01 -9.609566e-01 -2.300000e+01
      vertex   2.623405e+01 -8.873228e-01 -2.340000e+01
    endloop
  endfacet
  facet normal 6.278652e-01 3.153257e-01 7.115863e-01
    outer loop
      vertex   2.623405e+01 -8.873228e-01 -2.340000e+01
      vertex   2.581769e+01 -9.609566e-01 -2.300000e+01
      vertex   2.600558e+01 -1.335069e+00 -2.300000e+01
    endloop
  endfacet
  facet normal 6.454874e-01 2.986343e-01 7.029677e-01
    outer loop
      vertex   2.623405e+01 -8.873228e-01 -2.340000e+01
      vertex   2.600558e+01 -1.335069e+00 -2.300000e+01
      vertex   2.641591e+01 -1.280404e+00 -2.340000e+01
    endloop
  endfacet
  facet normal 6.609179e-01 2.405545e-01 7.108594e-01
    outer loop
      vertex   2.641591e+01 -1.280404e+00 -2.340000e+01
      vertex   2.600558e+01 -1.335069e+00 -2.300000e+01
      vertex   2.614876e+01 -1.728465e+00 -2.300000e+01
    endloop
  endfacet
  facet normal 6.732597e-01 2.268476e-01 7.037482e-01
    outer loop
      vertex   2.641591e+01 -1.280404e+00 -2.340000e+01
      vertex   2.614876e+01 -1.728465e+00 -2.300000e+01
      vertex   2.655420e+01 -1.690843e+00 -2.340000e+01
    endloop
  endfacet
  facet normal 6.853126e-01 1.624221e-01 7.099054e-01
    outer loop
      vertex   2.655420e+01 -1.690843e+00 -2.340000e+01
      vertex   2.614876e+01 -1.728465e+00 -2.300000e+01
      vertex   2.624531e+01 -2.135823e+00 -2.300000e+01
    endloop
  endfacet
  facet normal 6.928855e-01 1.525156e-01 7.047331e-01
    outer loop
      vertex   2.655420e+01 -1.690843e+00 -2.340000e+01
      vertex   2.624531e+01 -2.135823e+00 -2.300000e+01
      vertex   2.664731e+01 -2.113829e+00 -2.340000e+01
    endloop
  endfacet
  facet normal 7.007179e-01 8.190217e-02 7.087218e-01
    outer loop
      vertex   2.664731e+01 -2.113829e+00 -2.340000e+01
      vertex   2.624531e+01 -2.135823e+00 -2.300000e+01
      vertex   2.629391e+01 -2.551635e+00 -2.300000e+01
    endloop
  endfacet
  facet normal 7.041399e-01 7.657982e-02 7.059197e-01
    outer loop
      vertex   2.664731e+01 -2.113829e+00 -2.340000e+01
      vertex   2.629391e+01 -2.551635e+00 -2.300000e+01
      vertex   2.669413e+01 -2.544401e+00 -2.340000e+01
    endloop
  endfacet
  facet normal 7.069086e-01 0.000000e+00 7.073049e-01
    outer loop
      vertex   2.669413e+01 -2.544401e+00 -2.340000e+01
      vertex   2.629391e+01 -2.551635e+00 -2.300000e+01
      vertex   2.629391e+01 -2.970278e+00 -2.300000e+01
    endloop
  endfacet
  facet normal 7.069086e-01 0.000000e+00 7.073049e-01
    outer loop
      vertex   2.669413e+01 -2.544401e+00 -2.340000e+01
      vertex   2.629391e+01 -2.970278e+00 -2.300000e+01
      vertex   2.669413e+01 -2.977512e+00 -2.340000e+01
    endloop
  endfacet
  facet normal 7.041399e-01 -7.657982e-02 7.059197e-01
    outer loop
      vertex   2.669413e+01 -2.977512e+00 -2.340000e+01
      vertex   2.629391e+01 -2.970278e+00 -2.300000e+01
      vertex   2.664731e+01 -3.408085e+00 -2.340000e+01
    endloop
  endfacet
  facet normal 7.007179e-01 -8.190217e-02 7.087218e-01
    outer loop
      vertex   2.664731e+01 -3.408085e+00 -2.340000e+01
      vertex   2.629391e+01 -2.970278e+00 -2.300000e+01
      vertex   2.624531e+01 -3.386090e+00 -2.300000e+01
    endloop
  endfacet
  facet normal 6.928855e-01 -1.525156e-01 7.047331e-01
    outer loop
      vertex   2.664731e+01 -3.408085e+00 -2.340000e+01
      vertex   2.624531e+01 -3.386090e+00 -2.300000e+01
      vertex   2.655420e+01 -3.831070e+00 -2.340000e+01
    endloop
  endfacet
  facet normal 6.853126e-01 -1.624221e-01 7.099054e-01
    outer loop
      vertex   2.655420e+01 -3.831070e+00 -2.340000e+01
      vertex   2.624531e+01 -3.386090e+00 -2.300000e+01
      vertex   2.614876e+01 -3.793448e+00 -2.300000e+01
    endloop
  endfacet
  facet normal 6.732597e-01 -2.268476e-01 7.037482e-01
    outer loop
      vertex   2.655420e+01 -3.831070e+00 -2.340000e+01
      vertex   2.614876e+01 -3.793448e+00 -2.300000e+01
      vertex   2.641591e+01 -4.241509e+00 -2.340000e+01
    endloop
  endfacet
  facet normal 6.609179e-01 -2.405545e-01 7.108594e-01
    outer loop
      vertex   2.641591e+01 -4.241509e+00 -2.340000e+01
      vertex   2.614876e+01 -3.793448e+00 -2.300000e+01
      vertex   2.600558e+01 -4.186844e+00 -2.300000e+01
    endloop
  endfacet
  facet normal 6.454874e-01 -2.986343e-01 7.029677e-01
    outer loop
      vertex   2.641591e+01 -4.241509e+00 -2.340000e+01
      vertex   2.600558e+01 -4.186844e+00 -2.300000e+01
      vertex   2.623405e+01 -4.634590e+00 -2.340000e+01
    endloop
  endfacet
  facet normal 6.278652e-01 -3.153257e-01 7.115863e-01
    outer loop
      vertex   2.623405e+01 -4.634590e+00 -2.340000e+01
      vertex   2.600558e+01 -4.186844e+00 -2.300000e+01
      vertex   2.581769e+01 -4.560957e+00 -2.300000e+01
    endloop
  endfacet
  facet normal 6.099012e-01 -3.669654e-01 7.023937e-01
    outer loop
      vertex   2.623405e+01 -4.634590e+00 -2.340000e+01
      vertex   2.581769e+01 -4.560957e+00 -2.300000e+01
      vertex   2.601076e+01 -5.005705e+00 -2.340000e+01
    endloop
  endfacet
  facet normal 5.865877e-01 -3.858048e-01 7.120882e-01
    outer loop
      vertex   2.601076e+01 -5.005705e+00 -2.340000e+01
      vertex   2.581769e+01 -4.560957e+00 -2.300000e+01
      vertex   2.558764e+01 -4.910727e+00 -2.300000e+01
    endloop
  endfacet
  facet normal 5.669374e-01 -4.309746e-01 7.020277e-01
    outer loop
      vertex   2.601076e+01 -5.005705e+00 -2.340000e+01
      vertex   2.558764e+01 -4.910727e+00 -2.300000e+01
      vertex   2.574865e+01 -5.350502e+00 -2.340000e+01
    endloop
  endfacet
  facet normal 5.376158e-01 -4.511132e-01 7.123666e-01
    outer loop
      vertex   2.574865e+01 -5.350502e+00 -2.340000e+01
      vertex   2.558764e+01 -4.910727e+00 -2.300000e+01
      vertex   2.531855e+01 -5.231426e+00 -2.300000e+01
    endloop
  endfacet
  facet normal 5.171298e-01 -4.898513e-01 7.018707e-01
    outer loop
      vertex   2.574865e+01 -5.350502e+00 -2.340000e+01
      vertex   2.531855e+01 -5.231426e+00 -2.300000e+01
      vertex   2.545080e+01 -5.664939e+00 -2.340000e+01
    endloop
  endfacet
  facet normal 4.815708e-01 -5.104352e-01 7.124222e-01
    outer loop
      vertex   2.545080e+01 -5.664939e+00 -2.340000e+01
      vertex   2.531855e+01 -5.231426e+00 -2.300000e+01
      vertex   2.501404e+01 -5.518717e+00 -2.300000e+01
    endloop
  endfacet
  facet normal 4.611027e-01 -5.428520e-01 7.019231e-01
    outer loop
      vertex   2.545080e+01 -5.664939e+00 -2.340000e+01
      vertex   2.501404e+01 -5.518717e+00 -2.300000e+01
      vertex   2.512070e+01 -5.945329e+00 -2.340000e+01
    endloop
  endfacet
  facet normal 4.191579e-01 -5.630267e-01 7.122553e-01
    outer loop
      vertex   2.512070e+01 -5.945329e+00 -2.340000e+01
      vertex   2.501404e+01 -5.518717e+00 -2.300000e+01
      vertex   2.467823e+01 -5.768713e+00 -2.300000e+01
    endloop
  endfacet
  facet normal 3.995623e-01 -5.893103e-01 7.021847e-01
    outer loop
      vertex   2.512070e+01 -5.945329e+00 -2.340000e+01
      vertex   2.467823e+01 -5.768713e+00 -2.300000e+01
      vertex   2.476222e+01 -6.188385e+00 -2.340000e+01
    endloop
  endfacet
  facet normal 3.511580e-01 -6.082236e-01 7.118652e-01
    outer loop
      vertex   2.476222e+01 -6.188385e+00 -2.340000e+01
      vertex   2.467823e+01 -5.768713e+00 -2.300000e+01
      vertex   2.431568e+01 -5.978034e+00 -2.300000e+01
    endloop
  endfacet
  facet normal 3.332871e-01 -6.286461e-01 7.026548e-01
    outer loop
      vertex   2.476222e+01 -6.188385e+00 -2.340000e+01
      vertex   2.431568e+01 -5.978034e+00 -2.300000e+01
      vertex   2.437956e+01 -6.391258e+00 -2.340000e+01
    endloop
  endfacet
  facet normal 2.784196e-01 -6.454491e-01 7.112510e-01
    outer loop
      vertex   2.437956e+01 -6.391258e+00 -2.340000e+01
      vertex   2.431568e+01 -5.978034e+00 -2.300000e+01
      vertex   2.393127e+01 -6.143850e+00 -2.300000e+01
    endloop
  endfacet
  facet normal 2.631169e-01 -6.603735e-01 7.033323e-01
    outer loop
      vertex   2.437956e+01 -6.391258e+00 -2.340000e+01
      vertex   2.393127e+01 -6.143850e+00 -2.300000e+01
      vertex   2.397721e+01 -6.551569e+00 -2.340000e+01
    endloop
  endfacet
  facet normal 2.018484e-01 -6.742207e-01 7.104109e-01
    outer loop
      vertex   2.397721e+01 -6.551569e+00 -2.340000e+01
      vertex   2.393127e+01 -6.143850e+00 -2.300000e+01
      vertex   2.353022e+01 -6.263918e+00 -2.300000e+01
    endloop
  endfacet
  facet normal 1.899415e-01 -6.841075e-01 7.042152e-01
    outer loop
      vertex   2.397721e+01 -6.551569e+00 -2.340000e+01
      vertex   2.353022e+01 -6.263918e+00 -2.300000e+01
      vertex   2.355988e+01 -6.667439e+00 -2.340000e+01
    endloop
  endfacet
  facet normal 1.223983e-01 -6.941555e-01 7.093425e-01
    outer loop
      vertex   2.355988e+01 -6.667439e+00 -2.340000e+01
      vertex   2.353022e+01 -6.263918e+00 -2.300000e+01
      vertex   2.311793e+01 -6.336615e+00 -2.300000e+01
    endloop
  endfacet
  facet normal 1.146885e-01 -6.995689e-01 7.053013e-01
    outer loop
      vertex   2.355988e+01 -6.667439e+00 -2.340000e+01
      vertex   2.311793e+01 -6.336615e+00 -2.300000e+01
      vertex   2.313248e+01 -6.737508e+00 -2.340000e+01
    endloop
  endfacet
  facet normal 4.106011e-02 -7.049749e-01 7.080427e-01
    outer loop
      vertex   2.313248e+01 -6.737508e+00 -2.340000e+01
      vertex   2.311793e+01 -6.336615e+00 -2.300000e+01
      vertex   2.270000e+01 -6.360957e+00 -2.300000e+01
    endloop
  endfacet
  facet normal 3.831007e-02 -7.065877e-01 7.065877e-01
    outer loop
      vertex   2.313248e+01 -6.737508e+00 -2.340000e+01
      vertex   2.270000e+01 -6.360957e+00 -2.300000e+01
      vertex   2.270000e+01 -6.760957e+00 -2.340000e+01
    endloop
  endfacet
  facet normal -5.413891e-02 -9.985334e-01 0.000000e+00
    outer loop
      vertex   -6.600000e+00 -6.760957e+00 -2.860000e+01
      vertex   -6.600000e+00 -6.760957e+00 -2.340000e+01
      vertex   -7.032476e+00 -6.737508e+00 -2.860000e+01
    endloop
  endfacet
  facet normal -5.413891e-02 -9.985334e-01 0.000000e+00
    outer loop
      vertex   -7.032476e+00 -6.737508e+00 -2.860000e+01
      vertex   -6.600000e+00 -6.760957e+00 -2.340000e+01
      vertex   -7.032476e+00 -6.737508e+00 -2.340000e+01
    endloop
  endfacet
  facet normal -1.617820e-01 -9.868265e-01 0.000000e+00
    outer loop
      vertex   -7.032476e+00 -6.737508e+00 -2.860000e+01
      vertex   -7.032476e+00 -6.737508e+00 -2.340000e+01
      vertex   -7.459882e+00 -6.667439e+00 -2.860000e+01
    endloop
  endfacet
  facet normal -1.617820e-01 -9.868265e-01 0.000000e+00
    outer loop
      vertex   -7.459882e+00 -6.667439e+00 -2.860000e+01
      vertex   -7.032476e+00 -6.737508e+00 -2.340000e+01
      vertex   -7.459882e+00 -6.667439e+00 -2.340000e+01
    endloop
  endfacet
  facet normal -2.675283e-01 -9.635500e-01 0.000000e+00
    outer loop
      vertex   -7.459882e+00 -6.667439e+00 -2.860000e+01
      vertex   -7.459882e+00 -6.667439e+00 -2.340000e+01
      vertex   -7.877206e+00 -6.551569e+00 -2.860000e+01
    endloop
  endfacet
  facet normal -2.675283e-01 -9.635500e-01 9.138958e-17
    outer loop
      vertex   -7.877206e+00 -6.551569e+00 -2.860000e+01
      vertex   -7.459882e+00 -6.667439e+00 -2.340000e+01
      vertex   -7.877206e+00 -6.551569e+00 -2.340000e+01
    endloop
  endfacet
  facet normal -3.701382e-01 -9.289767e-01 1.264418e-16
    outer loop
      vertex   -7.877206e+00 -6.551569e+00 -2.860000e+01
      vertex   -7.877206e+00 -6.551569e+00 -2.340000e+01
      vertex   -8.279557e+00 -6.391258e+00 -2.860000e+01
    endloop
  endfacet
  facet normal -3.701382e-01 -9.289767e-01 -1.909032e-16
    outer loop
      vertex   -8.279557e+00 -6.391258e+00 -2.860000e+01
      vertex   -7.877206e+00 -6.551569e+00 -2.340000e+01
      vertex   -8.279557e+00 -6.391258e+00 -2.340000e+01
    endloop
  endfacet
  facet normal -4.684084e-01 -8.835120e-01 -1.418023e-16
    outer loop
      vertex   -8.279557e+00 -6.391258e+00 -2.860000e+01
      vertex   -8.279557e+00 -6.391258e+00 -2.340000e+01
      vertex   -8.662216e+00 -6.188385e+00 -2.860000e+01
    endloop
  endfacet
  facet normal -4.684084e-01 -8.835120e-01 0.000000e+00
    outer loop
      vertex   -8.662216e+00 -6.188385e+00 -2.860000e+01
      vertex   -8.279557e+00 -6.391258e+00 -2.340000e+01
      vertex   -8.662216e+00 -6.188385e+00 -2.340000e+01
    endloop
  endfacet
  facet normal -5.611871e-01 -8.276890e-01 0.000000e+00
    outer loop
      vertex   -8.662216e+00 -6.188385e+00 -2.860000e+01
      vertex   -8.662216e+00 -6.188385e+00 -2.340000e+01
      vertex   -9.020697e+00 -5.945329e+00 -2.860000e+01
    endloop
  endfacet
  facet normal -5.611871e-01 -8.276890e-01 1.917055e-16
    outer loop
      vertex   -9.020697e+00 -5.945329e+00 -2.860000e+01
      vertex   -8.662216e+00 -6.188385e+00 -2.340000e+01
      vertex   -9.020697e+00 -5.945329e+00 -2.340000e+01
    endloop
  endfacet
  facet normal -6.473863e-01 -7.621621e-01 2.211517e-16
    outer loop
      vertex   -9.020697e+00 -5.945329e+00 -2.860000e+01
      vertex   -9.020697e+00 -5.945329e+00 -2.340000e+01
      vertex   -9.350798e+00 -5.664939e+00 -2.860000e+01
    endloop
  endfacet
  facet normal -6.473863e-01 -7.621621e-01 0.000000e+00
    outer loop
      vertex   -9.350798e+00 -5.664939e+00 -2.860000e+01
      vertex   -9.020697e+00 -5.945329e+00 -2.340000e+01
      vertex   -9.350798e+00 -5.664939e+00 -2.340000e+01
    endloop
  endfacet
  facet normal -7.259955e-01 -6.876995e-01 0.000000e+00
    outer loop
      vertex   -9.350798e+00 -5.664939e+00 -2.860000e+01
      vertex   -9.350798e+00 -5.664939e+00 -2.340000e+01
      vertex   -9.648648e+00 -5.350502e+00 -2.860000e+01
    endloop
  endfacet
  facet normal -7.259955e-01 -6.876995e-01 0.000000e+00
    outer loop
      vertex   -9.648648e+00 -5.350502e+00 -2.860000e+01
      vertex   -9.350798e+00 -5.664939e+00 -2.340000e+01
      vertex   -9.648648e+00 -5.350502e+00 -2.340000e+01
    endloop
  endfacet
  facet normal -7.960931e-01 -6.051742e-01 0.000000e+00
    outer loop
      vertex   -9.648648e+00 -5.350502e+00 -2.860000e+01
      vertex   -9.648648e+00 -5.350502e+00 -2.340000e+01
      vertex   -9.910756e+00 -5.005705e+00 -2.860000e+01
    endloop
  endfacet
  facet normal -7.960931e-01 -6.051742e-01 0.000000e+00
    outer loop
      vertex   -9.910756e+00 -5.005705e+00 -2.860000e+01
      vertex   -9.648648e+00 -5.350502e+00 -2.340000e+01
      vertex   -9.910756e+00 -5.005705e+00 -2.340000e+01
    endloop
  endfacet
  facet normal -8.568572e-01 -5.155539e-01 0.000000e+00
    outer loop
      vertex   -9.910756e+00 -5.005705e+00 -2.860000e+01
      vertex   -9.910756e+00 -5.005705e+00 -2.340000e+01
      vertex   -1.013405e+01 -4.634590e+00 -2.860000e+01
    endloop
  endfacet
  facet normal -8.568572e-01 -5.155539e-01 0.000000e+00
    outer loop
      vertex   -1.013405e+01 -4.634590e+00 -2.860000e+01
      vertex   -9.910756e+00 -5.005705e+00 -2.340000e+01
      vertex   -1.013405e+01 -4.634590e+00 -2.340000e+01
    endloop
  endfacet
  facet normal -9.075754e-01 -4.198891e-01 0.000000e+00
    outer loop
      vertex   -1.013405e+01 -4.634590e+00 -2.860000e+01
      vertex   -1.013405e+01 -4.634590e+00 -2.340000e+01
      vertex   -1.031591e+01 -4.241509e+00 -2.860000e+01
    endloop
  endfacet
  facet normal -9.075754e-01 -4.198891e-01 -7.171855e-17
    outer loop
      vertex   -1.031591e+01 -4.241509e+00 -2.860000e+01
      vertex   -1.013405e+01 -4.634590e+00 -2.340000e+01
      vertex   -1.031591e+01 -4.241509e+00 -2.340000e+01
    endloop
  endfacet
  facet normal -9.476532e-01 -3.193015e-01 -5.453783e-17
    outer loop
      vertex   -1.031591e+01 -4.241509e+00 -2.860000e+01
      vertex   -1.031591e+01 -4.241509e+00 -2.340000e+01
      vertex   -1.045420e+01 -3.831070e+00 -2.860000e+01
    endloop
  endfacet
  facet normal -9.476532e-01 -3.193015e-01 2.964561e-16
    outer loop
      vertex   -1.045420e+01 -3.831070e+00 -2.860000e+01
      vertex   -1.031591e+01 -4.241509e+00 -2.340000e+01
      vertex   -1.045420e+01 -3.831070e+00 -2.340000e+01
    endloop
  endfacet
  facet normal -9.766206e-01 -2.149704e-01 3.152616e-16
    outer loop
      vertex   -1.045420e+01 -3.831070e+00 -2.860000e+01
      vertex   -1.045420e+01 -3.831070e+00 -2.340000e+01
      vertex   -1.054731e+01 -3.408085e+00 -2.860000e+01
    endloop
  endfacet
  facet normal -9.766206e-01 -2.149704e-01 -3.671771e-17
    outer loop
      vertex   -1.054731e+01 -3.408085e+00 -2.860000e+01
      vertex   -1.045420e+01 -3.831070e+00 -2.340000e+01
      vertex   -1.054731e+01 -3.408085e+00 -2.340000e+01
    endloop
  endfacet
  facet normal -9.941380e-01 -1.081190e-01 -1.846711e-17
    outer loop
      vertex   -1.054731e+01 -3.408085e+00 -2.860000e+01
      vertex   -1.054731e+01 -3.408085e+00 -2.340000e+01
      vertex   -1.059413e+01 -2.977512e+00 -2.860000e+01
    endloop
  endfacet
  facet normal -9.941380e-01 -1.081190e-01 0.000000e+00
    outer loop
      vertex   -1.059413e+01 -2.977512e+00 -2.860000e+01
      vertex   -1.054731e+01 -3.408085e+00 -2.340000e+01
      vertex   -1.059413e+01 -2.977512e+00 -2.340000e+01
    endloop
  endfacet
  facet normal -1.000000e+00 0.000000e+00 0.000000e+00
    outer loop
      vertex   -1.059413e+01 -2.977512e+00 -2.860000e+01
      vertex   -1.059413e+01 -2.977512e+00 -2.340000e+01
      vertex   -1.059413e+01 -2.544401e+00 -2.860000e+01
    endloop
  endfacet
  facet normal -1.000000e+00 0.000000e+00 0.000000e+00
    outer loop
      vertex   -1.059413e+01 -2.544401e+00 -2.860000e+01
      vertex   -1.059413e+01 -2.977512e+00 -2.340000e+01
      vertex   -1.059413e+01 -2.544401e+00 -2.340000e+01
    endloop
  endfacet
  facet normal -9.941380e-01 1.081190e-01 0.000000e+00
    outer loop
      vertex   -1.059413e+01 -2.544401e+00 -2.860000e+01
      vertex   -1.059413e+01 -2.544401e+00 -2.340000e+01
      vertex   -1.054731e+01 -2.113829e+00 -2.860000e+01
    endloop
  endfacet
  facet normal -9.941380e-01 1.081190e-01 1.846711e-17
    outer loop
      vertex   -1.054731e+01 -2.113829e+00 -2.860000e+01
      vertex   -1.059413e+01 -2.544401e+00 -2.340000e+01
      vertex   -1.054731e+01 -2.113829e+00 -2.340000e+01
    endloop
  endfacet
  facet normal -9.766206e-01 2.149704e-01 3.671771e-17
    outer loop
      vertex   -1.054731e+01 -2.113829e+00 -2.860000e+01
      vertex   -1.054731e+01 -2.113829e+00 -2.340000e+01
      vertex   -1.045420e+01 -1.690843e+00 -2.860000e+01
    endloop
  endfacet
  facet normal -9.766206e-01 2.149704e-01 -2.969028e-16
    outer loop
      vertex   -1.045420e+01 -1.690843e+00 -2.860000e+01
      vertex   -1.054731e+01 -2.113829e+00 -2.340000e+01
      vertex   -1.045420e+01 -1.690843e+00 -2.340000e+01
    endloop
  endfacet
  facet normal -9.476532e-01 3.193015e-01 -2.691872e-16
    outer loop
      vertex   -1.045420e+01 -1.690843e+00 -2.860000e+01
      vertex   -1.045420e+01 -1.690843e+00 -2.340000e+01
      vertex   -1.031591e+01 -1.280404e+00 -2.860000e+01
    endloop
  endfacet
  facet normal -9.476532e-01 3.193015e-01 6.817229e-17
    outer loop
      vertex   -1.031591e+01 -1.280404e+00 -2.860000e+01
      vertex   -1.045420e+01 -1.690843e+00 -2.340000e+01
      vertex   -1.031591e+01 -1.280404e+00 -2.340000e+01
    endloop
  endfacet
  facet normal -9.075754e-01 4.198891e-01 8.964818e-17
    outer loop
      vertex   -1.031591e+01 -1.280404e+00 -2.860000e+01
      vertex   -1.031591e+01 -1.280404e+00 -2.340000e+01
      vertex   -1.013405e+01 -8.873228e-01 -2.860000e+01
    endloop
  endfacet
  facet normal -9.075754e-01 4.198891e-01 0.000000e+00
    outer loop
      vertex   -1.013405e+01 -8.873228e-01 -2.860000e+01
      vertex   -1.031591e+01 -1.280404e+00 -2.340000e+01
      vertex   -1.013405e+01 -8.873228e-01 -2.340000e+01
    endloop
  endfacet
  facet normal -8.568572e-01 5.155539e-01 0.000000e+00
    outer loop
      vertex   -1.013405e+01 -8.873228e-01 -2.860000e+01
      vertex   -1.013405e+01 -8.873228e-01 -2.340000e+01
      vertex   -9.910756e+00 -5.162083e-01 -2.860000e+01
    endloop
  endfacet
  facet normal -8.568572e-01 5.155539e-01 2.201461e-17
    outer loop
      vertex   -9.910756e+00 -5.162083e-01 -2.860000e+01
      vertex   -1.013405e+01 -8.873228e-01 -2.340000e+01
      vertex   -9.910756e+00 -5.162083e-01 -2.340000e+01
    endloop
  endfacet
  facet normal -7.960931e-01 6.051742e-01 2.584147e-17
    outer loop
      vertex   -9.910756e+00 -5.162083e-01 -2.860000e+01
      vertex   -9.910756e+00 -5.162083e-01 -2.340000e+01
      vertex   -9.648648e+00 -1.714114e-01 -2.860000e+01
    endloop
  endfacet
  facet normal -7.960931e-01 6.051742e-01 0.000000e+00
    outer loop
      vertex   -9.648648e+00 -1.714114e-01 -2.860000e+01
      vertex   -9.910756e+00 -5.162083e-01 -2.340000e+01
      vertex   -9.648648e+00 -1.714114e-01 -2.340000e+01
    endloop
  endfacet
  facet normal -7.259955e-01 6.876995e-01 0.000000e+00
    outer loop
      vertex   -9.648648e+00 -1.714114e-01 -2.860000e+01
      vertex   -9.648648e+00 -1.714114e-01 -2.340000e+01
      vertex   -9.350798e+00 1.430254e-01 -2.860000e+01
    endloop
  endfacet
  facet normal -7.259955e-01 6.876995e-01 7.341344e-17
    outer loop
      vertex   -9.350798e+00 1.430254e-01 -2.860000e+01
      vertex   -9.648648e+00 -1.714114e-01 -2.340000e+01
      vertex   -9.350798e+00 1.430254e-01 -2.340000e+01
    endloop
  endfacet
  facet normal -6.473863e-01 7.621621e-01 8.136249e-17
    outer loop
      vertex   -9.350798e+00 1.430254e-01 -2.860000e+01
      vertex   -9.350798e+00 1.430254e-01 -2.340000e+01
      vertex   -9.020697e+00 4.234157e-01 -2.860000e+01
    endloop
  endfacet
  facet normal -6.473863e-01 7.621621e-01 8.136249e-17
    outer loop
      vertex   -9.020697e+00 4.234157e-01 -2.860000e+01
      vertex   -9.350798e+00 1.430254e-01 -2.340000e+01
      vertex   -9.020697e+00 4.234157e-01 -2.340000e+01
    endloop
  endfacet
  facet normal -5.611871e-01 8.276890e-01 8.835763e-17
    outer loop
      vertex   -9.020697e+00 4.234157e-01 -2.860000e+01
      vertex   -9.020697e+00 4.234157e-01 -2.340000e+01
      vertex   -8.662216e+00 6.664722e-01 -2.860000e+01
    endloop
  endfacet
  facet normal -5.611871e-01 8.276890e-01 -1.033478e-16
    outer loop
      vertex   -8.662216e+00 6.664722e-01 -2.860000e+01
      vertex   -9.020697e+00 4.234157e-01 -2.340000e+01
      vertex   -8.662216e+00 6.664722e-01 -2.340000e+01
    endloop
  endfacet
  facet normal -4.684084e-01 8.835120e-01 -6.569478e-17
    outer loop
      vertex   -8.662216e+00 6.664722e-01 -2.860000e+01
      vertex   -8.662216e+00 6.664722e-01 -2.340000e+01
      vertex   -8.279557e+00 8.693451e-01 -2.860000e+01
    endloop
  endfacet
  facet normal -4.684084e-01 8.835120e-01 2.862209e-17
    outer loop
      vertex   -8.279557e+00 8.693451e-01 -2.860000e+01
      vertex   -8.662216e+00 6.664722e-01 -2.340000e+01
      vertex   -8.279557e+00 8.693451e-01 -2.340000e+01
    endloop
  endfacet
  facet normal -3.701382e-01 9.289767e-01 7.189883e-17
    outer loop
      vertex   -8.279557e+00 8.693451e-01 -2.860000e+01
      vertex   -8.279557e+00 8.693451e-01 -2.340000e+01
      vertex   -7.877206e+00 1.029656e+00 -2.860000e+01
    endloop
  endfacet
  facet normal -3.701382e-01 9.289767e-01 5.578348e-17
    outer loop
      vertex   -7.877206e+00 1.029656e+00 -2.860000e+01
      vertex   -8.279557e+00 8.693451e-01 -2.340000e+01
      vertex   -7.877206e+00 1.029656e+00 -2.340000e+01
    endloop
  endfacet
  facet normal -2.675283e-01 9.635500e-01 7.773853e-17
    outer loop
      vertex   -7.877206e+00 1.029656e+00 -2.860000e+01
      vertex   -7.877206e+00 1.029656e+00 -2.340000e+01
      vertex   -7.459882e+00 1.145526e+00 -2.860000e+01
    endloop
  endfacet
  facet normal -2.675283e-01 9.635500e-01 0.000000e+00
    outer loop
      vertex   -7.459882e+00 1.145526e+00 -2.860000e+01
      vertex   -7.877206e+00 1.029656e+00 -2.340000e+01
      vertex   -7.459882e+00 1.145526e+00 -2.340000e+01
    endloop
  endfacet
  facet normal -1.617820e-01 9.868265e-01 0.000000e+00
    outer loop
      vertex   -7.459882e+00 1.145526e+00 -2.860000e+01
      vertex   -7.459882e+00 1.145526e+00 -2.340000e+01
      vertex   -7.032476e+00 1.215595e+00 -2.860000e+01
    endloop
  endfacet
  facet normal -1.617820e-01 9.868265e-01 0.000000e+00
    outer loop
      vertex   -7.032476e+00 1.215595e+00 -2.860000e+01
      vertex   -7.459882e+00 1.145526e+00 -2.340000e+01
      vertex   -7.032476e+00 1.215595e+00 -2.340000e+01
    endloop
  endfacet
  facet normal -5.413891e-02 9.985334e-01 0.000000e+00
    outer loop
      vertex   -7.032476e+00 1.215595e+00 -2.860000e+01
      vertex   -7.032476e+00 1.215595e+00 -2.340000e+01
      vertex   -6.600000e+00 1.239043e+00 -2.860000e+01
    endloop
  endfacet
  facet normal -5.413891e-02 9.985334e-01 0.000000e+00
    outer loop
      vertex   -6.600000e+00 1.239043e+00 -2.860000e+01
      vertex   -7.032476e+00 1.215595e+00 -2.340000e+01
      vertex   -6.600000e+00 1.239043e+00 -2.340000e+01
    endloop
  endfacet
  facet normal 0.000000e+00 1.000000e+00 0.000000e+00
    outer loop
      vertex   -6.600000e+00 1.239043e+00 -2.340000e+01
      vertex   2.270000e+01 1.239043e+00 -2.340000e+01
      vertex   -6.600000e+00 1.239043e+00 -2.860000e+01
    endloop
  endfacet
  facet normal -0.000000e+00 1.000000e+00 0.000000e+00
    outer loop
      vertex   -6.600000e+00 1.239043e+00 -2.860000e+01
      vertex   2.270000e+01 1.239043e+00 -2.340000e+01
      vertex   2.270000e+01 1.239043e+00 -2.860000e+01
    endloop
  endfacet
  facet normal 1.374478e-16 -1.138925e-17 1.000000e+00
    outer loop
      vertex   -4.873868e+00 -3.048997e+00 -2.300000e+01
      vertex   2.097387e+01 -3.048997e+00 -2.300000e+01
      vertex   -4.850000e+00 -2.760957e+00 -2.300000e+01
    endloop
  endfacet
  facet normal 1.377021e-16 1.141032e-17 1.000000e+00
    outer loop
      vertex   -4.850000e+00 -2.760957e+00 -2.300000e+01
      vertex   2.097387e+01 -3.048997e+00 -2.300000e+01
      vertex   2.095000e+01 -2.760957e+00 -2.300000e+01
    endloop
  endfacet
  facet normal 1.377021e-16 1.141032e-17 1.000000e+00
    outer loop
      vertex   -4.850000e+00 -2.760957e+00 -2.300000e+01
      vertex   2.095000e+01 -2.760957e+00 -2.300000e+01
      vertex   -4.873868e+00 -2.472916e+00 -2.300000e+01
    endloop
  endfacet
  facet normal 1.374478e-16 -1.138925e-17 1.000000e+00
    outer loop
      vertex   -4.873868e+00 -2.472916e+00 -2.300000e+01
      vertex   2.095000e+01 -2.760957e+00 -2.300000e+01
      vertex   2.097387e+01 -2.472916e+00 -2.300000e+01
    endloop
  endfacet
  facet normal 1.374478e-16 3.480650e-17 1.000000e+00
    outer loop
      vertex   -4.873868e+00 -2.472916e+00 -2.300000e+01
      vertex   2.097387e+01 -2.472916e+00 -2.300000e+01
      vertex   -4.944820e+00 -2.192732e+00 -2.300000e+01
    endloop
  endfacet
  facet normal 1.366973e-16 -3.461646e-17 1.000000e+00
    outer loop
      vertex   -4.944820e+00 -2.192732e+00 -2.300000e+01
      vertex   2.097387e+01 -2.472916e+00 -2.300000e+01
      vertex   2.104482e+01 -2.192732e+00 -2.300000e+01
    endloop
  endfacet
  facet normal 1.366973e-16 5.996100e-17 1.000000e+00
    outer loop
      vertex   -4.944820e+00 -2.192732e+00 -2.300000e+01
      vertex   2.104482e+01 -2.192732e+00 -2.300000e+01
      vertex   -5.060921e+00 -1.928049e+00 -2.300000e+01
    endloop
  endfacet
  facet normal 1.354868e-16 -5.943002e-17 1.000000e+00
    outer loop
      vertex   -5.060921e+00 -1.928049e+00 -2.300000e+01
      vertex   2.104482e+01 -2.192732e+00 -2.300000e+01
      vertex   2.116092e+01 -1.928049e+00 -2.300000e+01
    endloop
  endfacet
  facet normal 1.354868e-16 8.851795e-17 1.000000e+00
    outer loop
      vertex   -5.060921e+00 -1.928049e+00 -2.300000e+01
      vertex   2.116092e+01 -1.928049e+00 -2.300000e+01
      vertex   -5.219004e+00 -1.686084e+00 -2.300000e+01
    endloop
  endfacet
  facet normal 1.338727e-16 -8.746337e-17 1.000000e+00
    outer loop
      vertex   -5.219004e+00 -1.686084e+00 -2.300000e+01
      vertex   2.116092e+01 -1.928049e+00 -2.300000e+01
      vertex   2.131900e+01 -1.686084e+00 -2.300000e+01
    endloop
  endfacet
  facet normal 1.338727e-16 1.232385e-16 1.000000e+00
    outer loop
      vertex   -5.219004e+00 -1.686084e+00 -2.300000e+01
      vertex   2.131900e+01 -1.686084e+00 -2.300000e+01
      vertex   -5.414757e+00 -1.473440e+00 -2.300000e+01
    endloop
  endfacet
  facet normal 1.319264e-16 -1.214468e-16 1.000000e+00
    outer loop
      vertex   -5.414757e+00 -1.473440e+00 -2.300000e+01
      vertex   2.131900e+01 -1.686084e+00 -2.300000e+01
      vertex   2.151476e+01 -1.473440e+00 -2.300000e+01
    endloop
  endfacet
  facet normal 1.319264e-16 1.694990e-16 1.000000e+00
    outer loop
      vertex   -5.414757e+00 -1.473440e+00 -2.300000e+01
      vertex   2.151476e+01 -1.473440e+00 -2.300000e+01
      vertex   -5.642841e+00 -1.295915e+00 -2.300000e+01
    endloop
  endfacet
  facet normal 1.297289e-16 -1.666757e-16 1.000000e+00
    outer loop
      vertex   -5.642841e+00 -1.295915e+00 -2.300000e+01
      vertex   2.151476e+01 -1.473440e+00 -2.300000e+01
      vertex   2.174284e+01 -1.295915e+00 -2.300000e+01
    endloop
  endfacet
  facet normal 1.297289e-16 2.397180e-16 1.000000e+00
    outer loop
      vertex   -5.642841e+00 -1.295915e+00 -2.300000e+01
      vertex   2.174284e+01 -1.295915e+00 -2.300000e+01
      vertex   -5.897033e+00 -1.158353e+00 -2.300000e+01
    endloop
  endfacet
  facet normal 1.273645e-16 -2.353490e-16 1.000000e+00
    outer loop
      vertex   -5.897033e+00 -1.158353e+00 -2.300000e+01
      vertex   2.174284e+01 -1.295915e+00 -2.300000e+01
      vertex   2.199703e+01 -1.158353e+00 -2.300000e+01
    endloop
  endfacet
  facet normal 1.273645e-16 -1.733847e-15 1.000000e+00
    outer loop
      vertex   -5.897033e+00 -1.158353e+00 -2.300000e+01
      vertex   2.199703e+01 -1.158353e+00 -2.300000e+01
      vertex   -6.600000e+00 8.390434e-01 -2.300000e+01
    endloop
  endfacet
  facet normal 1.212530e-16 -1.821346e-15 1.000000e+00
    outer loop
      vertex   -6.600000e+00 8.390434e-01 -2.300000e+01
      vertex   2.199703e+01 -1.158353e+00 -2.300000e+01
      vertex   2.270000e+01 8.390434e-01 -2.300000e+01
    endloop
  endfacet
  facet normal 6.945336e-16 -2.023107e-15 1.000000e+00
    outer loop
      vertex   2.270000e+01 8.390434e-01 -2.300000e+01
      vertex   2.199703e+01 -1.158353e+00 -2.300000e+01
      vertex   2.227040e+01 -1.064506e+00 -2.300000e+01
    endloop
  endfacet
  facet normal 3.236287e-16 -1.939400e-15 1.000000e+00
    outer loop
      vertex   2.270000e+01 8.390434e-01 -2.300000e+01
      vertex   2.227040e+01 -1.064506e+00 -2.300000e+01
      vertex   2.255549e+01 -1.016934e+00 -2.300000e+01
    endloop
  endfacet
  facet normal 1.374478e-16 3.480650e-17 1.000000e+00
    outer loop
      vertex   2.097387e+01 -3.048997e+00 -2.300000e+01
      vertex   -4.873868e+00 -3.048997e+00 -2.300000e+01
      vertex   2.104482e+01 -3.329181e+00 -2.300000e+01
    endloop
  endfacet
  facet normal 1.366973e-16 -3.461646e-17 1.000000e+00
    outer loop
      vertex   2.104482e+01 -3.329181e+00 -2.300000e+01
      vertex   -4.873868e+00 -3.048997e+00 -2.300000e+01
      vertex   -4.944820e+00 -3.329181e+00 -2.300000e+01
    endloop
  endfacet
  facet normal 1.366973e-16 5.996100e-17 1.000000e+00
    outer loop
      vertex   2.104482e+01 -3.329181e+00 -2.300000e+01
      vertex   -4.944820e+00 -3.329181e+00 -2.300000e+01
      vertex   2.116092e+01 -3.593864e+00 -2.300000e+01
    endloop
  endfacet
  facet normal 1.354868e-16 -5.943002e-17 1.000000e+00
    outer loop
      vertex   2.116092e+01 -3.593864e+00 -2.300000e+01
      vertex   -4.944820e+00 -3.329181e+00 -2.300000e+01
      vertex   -5.060921e+00 -3.593864e+00 -2.300000e+01
    endloop
  endfacet
  facet normal 1.354868e-16 8.851795e-17 1.000000e+00
    outer loop
      vertex   2.116092e+01 -3.593864e+00 -2.300000e+01
      vertex   -5.060921e+00 -3.593864e+00 -2.300000e+01
      vertex   2.131900e+01 -3.835829e+00 -2.300000e+01
    endloop
  endfacet
  facet normal 1.338727e-16 -8.746337e-17 1.000000e+00
    outer loop
      vertex   2.131900e+01 -3.835829e+00 -2.300000e+01
      vertex   -5.060921e+00 -3.593864e+00 -2.300000e+01
      vertex   -5.219004e+00 -3.835829e+00 -2.300000e+01
    endloop
  endfacet
  facet normal 1.338727e-16 1.232385e-16 1.000000e+00
    outer loop
      vertex   2.131900e+01 -3.835829e+00 -2.300000e+01
      vertex   -5.219004e+00 -3.835829e+00 -2.300000e+01
      vertex   2.151476e+01 -4.048473e+00 -2.300000e+01
    endloop
  endfacet
  facet normal 1.319264e-16 -1.214468e-16 1.000000e+00
    outer loop
      vertex   2.151476e+01 -4.048473e+00 -2.300000e+01
      vertex   -5.219004e+00 -3.835829e+00 -2.300000e+01
      vertex   -5.414757e+00 -4.048473e+00 -2.300000e+01
    endloop
  endfacet
  facet normal 1.319264e-16 1.694990e-16 1.000000e+00
    outer loop
      vertex   2.151476e+01 -4.048473e+00 -2.300000e+01
      vertex   -5.414757e+00 -4.048473e+00 -2.300000e+01
      vertex   2.174284e+01 -4.225998e+00 -2.300000e+01
    endloop
  endfacet
  facet normal 1.297289e-16 -1.666757e-16 1.000000e+00
    outer loop
      vertex   2.174284e+01 -4.225998e+00 -2.300000e+01
      vertex   -5.414757e+00 -4.048473e+00 -2.300000e+01
      vertex   -5.642841e+00 -4.225998e+00 -2.300000e+01
    endloop
  endfacet
  facet normal 1.297289e-16 2.397180e-16 1.000000e+00
    outer loop
      vertex   2.174284e+01 -4.225998e+00 -2.300000e+01
      vertex   -5.642841e+00 -4.225998e+00 -2.300000e+01
      vertex   2.199703e+01 -4.363560e+00 -2.300000e+01
    endloop
  endfacet
  facet normal 1.273645e-16 -2.353490e-16 1.000000e+00
    outer loop
      vertex   2.199703e+01 -4.363560e+00 -2.300000e+01
      vertex   -5.642841e+00 -4.225998e+00 -2.300000e+01
      vertex   -5.897033e+00 -4.363560e+00 -2.300000e+01
    endloop
  endfacet
  facet normal 1.273645e-16 4.482487e-17 1.000000e+00
    outer loop
      vertex   2.199703e+01 -4.363560e+00 -2.300000e+01
      vertex   -5.897033e+00 -4.363560e+00 -2.300000e+01
      vertex   2.270000e+01 -6.360957e+00 -2.300000e+01
    endloop
  endfacet
  facet normal 1.212530e-16 -4.267398e-17 1.000000e+00
    outer loop
      vertex   2.270000e+01 -6.360957e+00 -2.300000e+01
      vertex   -5.897033e+00 -4.363560e+00 -2.300000e+01
      vertex   -6.600000e+00 -6.360957e+00 -2.300000e+01
    endloop
  endfacet
  facet normal 0.000000e+00 0.000000e+00 1.000000e+00
    outer loop
      vertex   -6.600000e+00 -6.360957e+00 -2.300000e+01
      vertex   -5.897033e+00 -4.363560e+00 -2.300000e+01
      vertex   -6.170400e+00 -4.457407e+00 -2.300000e+01
    endloop
  endfacet
  facet normal 0.000000e+00 0.000000e+00 1.000000e+00
    outer loop
      vertex   -6.600000e+00 -6.360957e+00 -2.300000e+01
      vertex   -6.170400e+00 -4.457407e+00 -2.300000e+01
      vertex   -6.455486e+00 -4.504979e+00 -2.300000e+01
    endloop
  endfacet
  facet normal -0.000000e+00 0.000000e+00 1.000000e+00
    outer loop
      vertex   -6.744514e+00 -4.504979e+00 -2.300000e+01
      vertex   -9.218545e+00 -5.231426e+00 -2.300000e+01
      vertex   -6.455486e+00 -4.504979e+00 -2.300000e+01
    endloop
  endfacet
  facet normal 0.000000e+00 0.000000e+00 1.000000e+00
    outer loop
      vertex   -6.455486e+00 -4.504979e+00 -2.300000e+01
      vertex   -9.218545e+00 -5.231426e+00 -2.300000e+01
      vertex   -8.914035e+00 -5.518717e+00 -2.300000e+01
    endloop
  endfacet
  facet normal 0.000000e+00 0.000000e+00 1.000000e+00
    outer loop
      vertex   -6.455486e+00 -4.504979e+00 -2.300000e+01
      vertex   -8.914035e+00 -5.518717e+00 -2.300000e+01
      vertex   -8.578232e+00 -5.768713e+00 -2.300000e+01
    endloop
  endfacet
  facet normal 0.000000e+00 -0.000000e+00 1.000000e+00
    outer loop
      vertex   -9.218545e+00 -5.231426e+00 -2.300000e+01
      vertex   -6.744514e+00 -4.504979e+00 -2.300000e+01
      vertex   -9.487644e+00 -4.910727e+00 -2.300000e+01
    endloop
  endfacet
  facet normal 0.000000e+00 0.000000e+00 1.000000e+00
    outer loop
      vertex   -9.487644e+00 -4.910727e+00 -2.300000e+01
      vertex   -6.744514e+00 -4.504979e+00 -2.300000e+01
      vertex   -7.029600e+00 -4.457407e+00 -2.300000e+01
    endloop
  endfacet
  facet normal 0.000000e+00 -0.000000e+00 1.000000e+00
    outer loop
      vertex   -9.487644e+00 -4.910727e+00 -2.300000e+01
      vertex   -7.029600e+00 -4.457407e+00 -2.300000e+01
      vertex   -9.717692e+00 -4.560957e+00 -2.300000e+01
    endloop
  endfacet
  facet normal 0.000000e+00 0.000000e+00 1.000000e+00
    outer loop
      vertex   -9.717692e+00 -4.560957e+00 -2.300000e+01
      vertex   -7.029600e+00 -4.457407e+00 -2.300000e+01
      vertex   -7.302967e+00 -4.363560e+00 -2.300000e+01
    endloop
  endfacet
  facet normal 0.000000e+00 0.000000e+00 1.000000e+00
    outer loop
      vertex   -9.717692e+00 -4.560957e+00 -2.300000e+01
      vertex   -7.302967e+00 -4.363560e+00 -2.300000e+01
      vertex   -7.557159e+00 -4.225998e+00 -2.300000e+01
    endloop
  endfacet
  facet normal 0.000000e+00 -0.000000e+00 1.000000e+00
    outer loop
      vertex   -9.717692e+00 -4.560957e+00 -2.300000e+01
      vertex   -7.557159e+00 -4.225998e+00 -2.300000e+01
      vertex   -9.905578e+00 -4.186844e+00 -2.300000e+01
    endloop
  endfacet
  facet normal -0.000000e+00 0.000000e+00 1.000000e+00
    outer loop
      vertex   -9.905578e+00 -4.186844e+00 -2.300000e+01
      vertex   -7.557159e+00 -4.225998e+00 -2.300000e+01
      vertex   -7.785243e+00 -4.048473e+00 -2.300000e+01
    endloop
  endfacet
  facet normal 0.000000e+00 0.000000e+00 1.000000e+00
    outer loop
      vertex   -9.905578e+00 -4.186844e+00 -2.300000e+01
      vertex   -7.785243e+00 -4.048473e+00 -2.300000e+01
      vertex   -7.980996e+00 -3.835829e+00 -2.300000e+01
    endloop
  endfacet
  facet normal 0.000000e+00 -0.000000e+00 1.000000e+00
    outer loop
      vertex   -9.905578e+00 -4.186844e+00 -2.300000e+01
      vertex   -7.980996e+00 -3.835829e+00 -2.300000e+01
      vertex   -1.004876e+01 -3.793448e+00 -2.300000e+01
    endloop
  endfacet
  facet normal -0.000000e+00 0.000000e+00 1.000000e+00
    outer loop
      vertex   -1.004876e+01 -3.793448e+00 -2.300000e+01
      vertex   -7.980996e+00 -3.835829e+00 -2.300000e+01
      vertex   -8.139079e+00 -3.593864e+00 -2.300000e+01
    endloop
  endfacet
  facet normal 0.000000e+00 -0.000000e+00 1.000000e+00
    outer loop
      vertex   -1.004876e+01 -3.793448e+00 -2.300000e+01
      vertex   -8.139079e+00 -3.593864e+00 -2.300000e+01
      vertex   -1.014531e+01 -3.386090e+00 -2.300000e+01
    endloop
  endfacet
  facet normal -0.000000e+00 0.000000e+00 1.000000e+00
    outer loop
      vertex   -1.014531e+01 -3.386090e+00 -2.300000e+01
      vertex   -8.139079e+00 -3.593864e+00 -2.300000e+01
      vertex   -8.255180e+00 -3.329181e+00 -2.300000e+01
    endloop
  endfacet
  facet normal 0.000000e+00 0.000000e+00 1.000000e+00
    outer loop
      vertex   -1.014531e+01 -3.386090e+00 -2.300000e+01
      vertex   -8.255180e+00 -3.329181e+00 -2.300000e+01
      vertex   -8.326132e+00 -3.048997e+00 -2.300000e+01
    endloop
  endfacet
  facet normal 0.000000e+00 -0.000000e+00 1.000000e+00
    outer loop
      vertex   -1.014531e+01 -3.386090e+00 -2.300000e+01
      vertex   -8.326132e+00 -3.048997e+00 -2.300000e+01
      vertex   -1.019391e+01 -2.970278e+00 -2.300000e+01
    endloop
  endfacet
  facet normal -0.000000e+00 0.000000e+00 1.000000e+00
    outer loop
      vertex   -1.019391e+01 -2.970278e+00 -2.300000e+01
      vertex   -8.326132e+00 -3.048997e+00 -2.300000e+01
      vertex   -8.350000e+00 -2.760957e+00 -2.300000e+01
    endloop
  endfacet
  facet normal 0.000000e+00 0.000000e+00 1.000000e+00
    outer loop
      vertex   -1.019391e+01 -2.970278e+00 -2.300000e+01
      vertex   -8.350000e+00 -2.760957e+00 -2.300000e+01
      vertex   -1.019391e+01 -2.551635e+00 -2.300000e+01
    endloop
  endfacet
  facet normal -0.000000e+00 0.000000e+00 1.000000e+00
    outer loop
      vertex   -1.019391e+01 -2.551635e+00 -2.300000e+01
      vertex   -8.350000e+00 -2.760957e+00 -2.300000e+01
      vertex   -8.326132e+00 -2.472916e+00 -2.300000e+01
    endloop
  endfacet
  facet normal 0.000000e+00 0.000000e+00 1.000000e+00
    outer loop
      vertex   -1.019391e+01 -2.551635e+00 -2.300000e+01
      vertex   -8.326132e+00 -2.472916e+00 -2.300000e+01
      vertex   -1.014531e+01 -2.135823e+00 -2.300000e+01
    endloop
  endfacet
  facet normal 0.000000e+00 0.000000e+00 1.000000e+00
    outer loop
      vertex   -1.014531e+01 -2.135823e+00 -2.300000e+01
      vertex   -8.326132e+00 -2.472916e+00 -2.300000e+01
      vertex   -8.255180e+00 -2.192732e+00 -2.300000e+01
    endloop
  endfacet
  facet normal -0.000000e+00 0.000000e+00 1.000000e+00
    outer loop
      vertex   -1.014531e+01 -2.135823e+00 -2.300000e+01
      vertex   -8.255180e+00 -2.192732e+00 -2.300000e+01
      vertex   -8.139079e+00 -1.928049e+00 -2.300000e+01
    endloop
  endfacet
  facet normal 0.000000e+00 0.000000e+00 1.000000e+00
    outer loop
      vertex   -1.014531e+01 -2.135823e+00 -2.300000e+01
      vertex   -8.139079e+00 -1.928049e+00 -2.300000e+01
      vertex   -1.004876e+01 -1.728465e+00 -2.300000e+01
    endloop
  endfacet
  facet normal -0.000000e+00 0.000000e+00 1.000000e+00
    outer loop
      vertex   -1.004876e+01 -1.728465e+00 -2.300000e+01
      vertex   -8.139079e+00 -1.928049e+00 -2.300000e+01
      vertex   -7.980996e+00 -1.686084e+00 -2.300000e+01
    endloop
  endfacet
  facet normal 0.000000e+00 0.000000e+00 1.000000e+00
    outer loop
      vertex   -1.004876e+01 -1.728465e+00 -2.300000e+01
      vertex   -7.980996e+00 -1.686084e+00 -2.300000e+01
      vertex   -9.905578e+00 -1.335069e+00 -2.300000e+01
    endloop
  endfacet
  facet normal 0.000000e+00 0.000000e+00 1.000000e+00
    outer loop
      vertex   -9.905578e+00 -1.335069e+00 -2.300000e+01
      vertex   -7.980996e+00 -1.686084e+00 -2.300000e+01
      vertex   -7.785243e+00 -1.473440e+00 -2.300000e+01
    endloop
  endfacet
  facet normal -0.000000e+00 0.000000e+00 1.000000e+00
    outer loop
      vertex   -9.905578e+00 -1.335069e+00 -2.300000e+01
      vertex   -7.785243e+00 -1.473440e+00 -2.300000e+01
      vertex   -7.557159e+00 -1.295915e+00 -2.300000e+01
    endloop
  endfacet
  facet normal 0.000000e+00 0.000000e+00 1.000000e+00
    outer loop
      vertex   -9.905578e+00 -1.335069e+00 -2.300000e+01
      vertex   -7.557159e+00 -1.295915e+00 -2.300000e+01
      vertex   -9.717692e+00 -9.609566e-01 -2.300000e+01
    endloop
  endfacet
  facet normal 0.000000e+00 0.000000e+00 1.000000e+00
    outer loop
      vertex   -9.717692e+00 -9.609566e-01 -2.300000e+01
      vertex   -7.557159e+00 -1.295915e+00 -2.300000e+01
      vertex   -7.302967e+00 -1.158353e+00 -2.300000e+01
    endloop
  endfacet
  facet normal 0.000000e+00 0.000000e+00 1.000000e+00
    outer loop
      vertex   -9.717692e+00 -9.609566e-01 -2.300000e+01
      vertex   -7.302967e+00 -1.158353e+00 -2.300000e+01
      vertex   -7.029600e+00 -1.064506e+00 -2.300000e+01
    endloop
  endfacet
  facet normal -0.000000e+00 0.000000e+00 1.000000e+00
    outer loop
      vertex   -9.717692e+00 -9.609566e-01 -2.300000e+01
      vertex   -7.029600e+00 -1.064506e+00 -2.300000e+01
      vertex   -9.487644e+00 -6.111856e-01 -2.300000e+01
    endloop
  endfacet
  facet normal 0.000000e+00 0.000000e+00 1.000000e+00
    outer loop
      vertex   -9.487644e+00 -6.111856e-01 -2.300000e+01
      vertex   -7.029600e+00 -1.064506e+00 -2.300000e+01
      vertex   -6.744514e+00 -1.016934e+00 -2.300000e+01
    endloop
  endfacet
  facet normal -0.000000e+00 0.000000e+00 1.000000e+00
    outer loop
      vertex   -9.487644e+00 -6.111856e-01 -2.300000e+01
      vertex   -6.744514e+00 -1.016934e+00 -2.300000e+01
      vertex   -9.218545e+00 -2.904867e-01 -2.300000e+01
    endloop
  endfacet
  facet normal 0.000000e+00 0.000000e+00 1.000000e+00
    outer loop
      vertex   -9.218545e+00 -2.904867e-01 -2.300000e+01
      vertex   -6.744514e+00 -1.016934e+00 -2.300000e+01
      vertex   -6.455486e+00 -1.016934e+00 -2.300000e+01
    endloop
  endfacet
  facet normal -0.000000e+00 0.000000e+00 1.000000e+00
    outer loop
      vertex   -9.218545e+00 -2.904867e-01 -2.300000e+01
      vertex   -6.455486e+00 -1.016934e+00 -2.300000e+01
      vertex   -8.914035e+00 -3.196555e-03 -2.300000e+01
    endloop
  endfacet
  facet normal -0.000000e+00 0.000000e+00 1.000000e+00
    outer loop
      vertex   -8.914035e+00 -3.196555e-03 -2.300000e+01
      vertex   -6.455486e+00 -1.016934e+00 -2.300000e+01
      vertex   -8.578232e+00 2.467996e-01 -2.300000e+01
    endloop
  endfacet
  facet normal -1.194973e-15 -2.007247e-15 1.000000e+00
    outer loop
      vertex   -8.578232e+00 2.467996e-01 -2.300000e+01
      vertex   -6.455486e+00 -1.016934e+00 -2.300000e+01
      vertex   -6.600000e+00 8.390434e-01 -2.300000e+01
    endloop
  endfacet
  facet normal -3.730134e-15 6.460782e-15 1.000000e+00
    outer loop
      vertex   -8.578232e+00 2.467996e-01 -2.300000e+01
      vertex   -6.600000e+00 8.390434e-01 -2.300000e+01
      vertex   -8.215677e+00 4.561210e-01 -2.300000e+01
    endloop
  endfacet
  facet normal -4.880350e-15 1.131392e-14 1.000000e+00
    outer loop
      vertex   -8.215677e+00 4.561210e-01 -2.300000e+01
      vertex   -6.600000e+00 8.390434e-01 -2.300000e+01
      vertex   -7.831273e+00 6.219369e-01 -2.300000e+01
    endloop
  endfacet
  facet normal -7.019979e-15 2.344836e-14 1.000000e+00
    outer loop
      vertex   -7.831273e+00 6.219369e-01 -2.300000e+01
      vertex   -6.600000e+00 8.390434e-01 -2.300000e+01
      vertex   -7.430217e+00 7.420050e-01 -2.300000e+01
    endloop
  endfacet
  facet normal -1.269349e-14 7.198837e-14 1.000000e+00
    outer loop
      vertex   -7.430217e+00 7.420050e-01 -2.300000e+01
      vertex   -6.600000e+00 8.390434e-01 -2.300000e+01
      vertex   -7.017935e+00 8.147015e-01 -2.300000e+01
    endloop
  endfacet
  facet normal -3.236287e-16 -1.939400e-15 1.000000e+00
    outer loop
      vertex   -6.455486e+00 -1.016934e+00 -2.300000e+01
      vertex   -6.170400e+00 -1.064506e+00 -2.300000e+01
      vertex   -6.600000e+00 8.390434e-01 -2.300000e+01
    endloop
  endfacet
  facet normal -6.945336e-16 -2.023107e-15 1.000000e+00
    outer loop
      vertex   -6.600000e+00 8.390434e-01 -2.300000e+01
      vertex   -6.170400e+00 -1.064506e+00 -2.300000e+01
      vertex   -5.897033e+00 -1.158353e+00 -2.300000e+01
    endloop
  endfacet
  facet normal -1.908774e-15 1.581655e-16 1.000000e+00
    outer loop
      vertex   2.442613e+01 -3.048997e+00 -2.300000e+01
      vertex   2.629391e+01 -2.970278e+00 -2.300000e+01
      vertex   2.445000e+01 -2.760957e+00 -2.300000e+01
    endloop
  endfacet
  facet normal -1.926729e-15 0.000000e+00 1.000000e+00
    outer loop
      vertex   2.445000e+01 -2.760957e+00 -2.300000e+01
      vertex   2.629391e+01 -2.970278e+00 -2.300000e+01
      vertex   2.629391e+01 -2.551635e+00 -2.300000e+01
    endloop
  endfacet
  facet normal -1.908774e-15 -1.581655e-16 1.000000e+00
    outer loop
      vertex   2.445000e+01 -2.760957e+00 -2.300000e+01
      vertex   2.629391e+01 -2.551635e+00 -2.300000e+01
      vertex   2.442613e+01 -2.472916e+00 -2.300000e+01
    endloop
  endfacet
  facet normal -1.911524e-15 -2.234252e-16 1.000000e+00
    outer loop
      vertex   2.442613e+01 -2.472916e+00 -2.300000e+01
      vertex   2.629391e+01 -2.551635e+00 -2.300000e+01
      vertex   2.624531e+01 -2.135823e+00 -2.300000e+01
    endloop
  endfacet
  facet normal -1.865393e-15 -4.723816e-16 1.000000e+00
    outer loop
      vertex   2.442613e+01 -2.472916e+00 -2.300000e+01
      vertex   2.624531e+01 -2.135823e+00 -2.300000e+01
      vertex   2.435518e+01 -2.192732e+00 -2.300000e+01
    endloop
  endfacet
  facet normal -1.855115e-15 -8.137290e-16 1.000000e+00
    outer loop
      vertex   2.435518e+01 -2.192732e+00 -2.300000e+01
      vertex   2.624531e+01 -2.135823e+00 -2.300000e+01
      vertex   2.423908e+01 -1.928049e+00 -2.300000e+01
    endloop
  endfacet
  facet normal -1.815401e-15 -4.302580e-16 1.000000e+00
    outer loop
      vertex   2.423908e+01 -1.928049e+00 -2.300000e+01
      vertex   2.624531e+01 -2.135823e+00 -2.300000e+01
      vertex   2.614876e+01 -1.728465e+00 -2.300000e+01
    endloop
  endfacet
  facet normal -1.741460e-15 -1.137753e-15 1.000000e+00
    outer loop
      vertex   2.423908e+01 -1.928049e+00 -2.300000e+01
      vertex   2.614876e+01 -1.728465e+00 -2.300000e+01
      vertex   2.408100e+01 -1.686084e+00 -2.300000e+01
    endloop
  endfacet
  facet normal -1.731054e-15 -6.300522e-16 1.000000e+00
    outer loop
      vertex   2.408100e+01 -1.686084e+00 -2.300000e+01
      vertex   2.614876e+01 -1.728465e+00 -2.300000e+01
      vertex   2.600558e+01 -1.335069e+00 -2.300000e+01
    endloop
  endfacet
  facet normal -1.580590e-15 -1.455035e-15 1.000000e+00
    outer loop
      vertex   2.408100e+01 -1.686084e+00 -2.300000e+01
      vertex   2.600558e+01 -1.335069e+00 -2.300000e+01
      vertex   2.388524e+01 -1.473440e+00 -2.300000e+01
    endloop
  endfacet
  facet normal -1.545926e-15 -1.986206e-15 1.000000e+00
    outer loop
      vertex   2.388524e+01 -1.473440e+00 -2.300000e+01
      vertex   2.600558e+01 -1.335069e+00 -2.300000e+01
      vertex   2.365716e+01 -1.295915e+00 -2.300000e+01
    endloop
  endfacet
  facet normal -1.525585e-15 -7.661777e-16 1.000000e+00
    outer loop
      vertex   2.365716e+01 -1.295915e+00 -2.300000e+01
      vertex   2.600558e+01 -1.335069e+00 -2.300000e+01
      vertex   2.581769e+01 -9.609566e-01 -2.300000e+01
    endloop
  endfacet
  facet normal -1.278193e-15 -2.361894e-15 1.000000e+00
    outer loop
      vertex   2.365716e+01 -1.295915e+00 -2.300000e+01
      vertex   2.581769e+01 -9.609566e-01 -2.300000e+01
      vertex   2.340297e+01 -1.158353e+00 -2.300000e+01
    endloop
  endfacet
  facet normal -1.188309e-15 -3.461427e-15 1.000000e+00
    outer loop
      vertex   2.340297e+01 -1.158353e+00 -2.300000e+01
      vertex   2.581769e+01 -9.609566e-01 -2.300000e+01
      vertex   2.312960e+01 -1.064506e+00 -2.300000e+01
    endloop
  endfacet
  facet normal -1.288991e-15 -8.477827e-16 1.000000e+00
    outer loop
      vertex   2.312960e+01 -1.064506e+00 -2.300000e+01
      vertex   2.581769e+01 -9.609566e-01 -2.300000e+01
      vertex   2.558764e+01 -6.111856e-01 -2.300000e+01
    endloop
  endfacet
  facet normal -6.865619e-16 -4.114340e-15 1.000000e+00
    outer loop
      vertex   2.312960e+01 -1.064506e+00 -2.300000e+01
      vertex   2.558764e+01 -6.111856e-01 -2.300000e+01
      vertex   2.284451e+01 -1.016934e+00 -2.300000e+01
    endloop
  endfacet
  facet normal -1.152135e-15 -9.667557e-16 1.000000e+00
    outer loop
      vertex   2.284451e+01 -1.016934e+00 -2.300000e+01
      vertex   2.558764e+01 -6.111856e-01 -2.300000e+01
      vertex   2.531855e+01 -2.904867e-01 -2.300000e+01
    endloop
  endfacet
  facet normal 0.000000e+00 -4.890534e-15 1.000000e+00
    outer loop
      vertex   2.284451e+01 -1.016934e+00 -2.300000e+01
      vertex   2.531855e+01 -2.904867e-01 -2.300000e+01
      vertex   2.255549e+01 -1.016934e+00 -2.300000e+01
    endloop
  endfacet
  facet normal -1.005566e-15 -1.065838e-15 1.000000e+00
    outer loop
      vertex   2.255549e+01 -1.016934e+00 -2.300000e+01
      vertex   2.531855e+01 -2.904867e-01 -2.300000e+01
      vertex   2.501404e+01 -3.196555e-03 -2.300000e+01
    endloop
  endfacet
  facet normal -9.299727e-16 -1.249170e-15 1.000000e+00
    outer loop
      vertex   2.255549e+01 -1.016934e+00 -2.300000e+01
      vertex   2.501404e+01 -3.196555e-03 -2.300000e+01
      vertex   2.467823e+01 2.467996e-01 -2.300000e+01
    endloop
  endfacet
  facet normal -1.911524e-15 2.234252e-16 1.000000e+00
    outer loop
      vertex   2.629391e+01 -2.970278e+00 -2.300000e+01
      vertex   2.442613e+01 -3.048997e+00 -2.300000e+01
      vertex   2.624531e+01 -3.386090e+00 -2.300000e+01
    endloop
  endfacet
  facet normal -1.865393e-15 4.723816e-16 1.000000e+00
    outer loop
      vertex   2.624531e+01 -3.386090e+00 -2.300000e+01
      vertex   2.442613e+01 -3.048997e+00 -2.300000e+01
      vertex   2.435518e+01 -3.329181e+00 -2.300000e+01
    endloop
  endfacet
  facet normal -1.855115e-15 8.137290e-16 1.000000e+00
    outer loop
      vertex   2.624531e+01 -3.386090e+00 -2.300000e+01
      vertex   2.435518e+01 -3.329181e+00 -2.300000e+01
      vertex   2.423908e+01 -3.593864e+00 -2.300000e+01
    endloop
  endfacet
  facet normal -1.815401e-15 4.302580e-16 1.000000e+00
    outer loop
      vertex   2.624531e+01 -3.386090e+00 -2.300000e+01
      vertex   2.423908e+01 -3.593864e+00 -2.300000e+01
      vertex   2.614876e+01 -3.793448e+00 -2.300000e+01
    endloop
  endfacet
  facet normal -1.741460e-15 1.137753e-15 1.000000e+00
    outer loop
      vertex   2.614876e+01 -3.793448e+00 -2.300000e+01
      vertex   2.423908e+01 -3.593864e+00 -2.300000e+01
      vertex   2.408100e+01 -3.835829e+00 -2.300000e+01
    endloop
  endfacet
  facet normal -1.731054e-15 6.300522e-16 1.000000e+00
    outer loop
      vertex   2.614876e+01 -3.793448e+00 -2.300000e+01
      vertex   2.408100e+01 -3.835829e+00 -2.300000e+01
      vertex   2.600558e+01 -4.186844e+00 -2.300000e+01
    endloop
  endfacet
  facet normal -1.580590e-15 1.455035e-15 1.000000e+00
    outer loop
      vertex   2.600558e+01 -4.186844e+00 -2.300000e+01
      vertex   2.408100e+01 -3.835829e+00 -2.300000e+01
      vertex   2.388524e+01 -4.048473e+00 -2.300000e+01
    endloop
  endfacet
  facet normal -1.545926e-15 1.986206e-15 1.000000e+00
    outer loop
      vertex   2.600558e+01 -4.186844e+00 -2.300000e+01
      vertex   2.388524e+01 -4.048473e+00 -2.300000e+01
      vertex   2.365716e+01 -4.225998e+00 -2.300000e+01
    endloop
  endfacet
  facet normal -1.525585e-15 7.661777e-16 1.000000e+00
    outer loop
      vertex   2.600558e+01 -4.186844e+00 -2.300000e+01
      vertex   2.365716e+01 -4.225998e+00 -2.300000e+01
      vertex   2.581769e+01 -4.560957e+00 -2.300000e+01
    endloop
  endfacet
  facet normal -1.278193e-15 2.361894e-15 1.000000e+00
    outer loop
      vertex   2.581769e+01 -4.560957e+00 -2.300000e+01
      vertex   2.365716e+01 -4.225998e+00 -2.300000e+01
      vertex   2.340297e+01 -4.363560e+00 -2.300000e+01
    endloop
  endfacet
  facet normal -1.188309e-15 3.461427e-15 1.000000e+00
    outer loop
      vertex   2.581769e+01 -4.560957e+00 -2.300000e+01
      vertex   2.340297e+01 -4.363560e+00 -2.300000e+01
      vertex   2.312960e+01 -4.457407e+00 -2.300000e+01
    endloop
  endfacet
  facet normal -1.288991e-15 8.477827e-16 1.000000e+00
    outer loop
      vertex   2.581769e+01 -4.560957e+00 -2.300000e+01
      vertex   2.312960e+01 -4.457407e+00 -2.300000e+01
      vertex   2.558764e+01 -4.910727e+00 -2.300000e+01
    endloop
  endfacet
  facet normal -6.865619e-16 4.114340e-15 1.000000e+00
    outer loop
      vertex   2.558764e+01 -4.910727e+00 -2.300000e+01
      vertex   2.312960e+01 -4.457407e+00 -2.300000e+01
      vertex   2.284451e+01 -4.504979e+00 -2.300000e+01
    endloop
  endfacet
  facet normal -1.152135e-15 9.667557e-16 1.000000e+00
    outer loop
      vertex   2.558764e+01 -4.910727e+00 -2.300000e+01
      vertex   2.284451e+01 -4.504979e+00 -2.300000e+01
      vertex   2.531855e+01 -5.231426e+00 -2.300000e+01
    endloop
  endfacet
  facet normal 0.000000e+00 4.890534e-15 1.000000e+00
    outer loop
      vertex   2.531855e+01 -5.231426e+00 -2.300000e+01
      vertex   2.284451e+01 -4.504979e+00 -2.300000e+01
      vertex   2.255549e+01 -4.504979e+00 -2.300000e+01
    endloop
  endfacet
  facet normal -1.005566e-15 1.065838e-15 1.000000e+00
    outer loop
      vertex   2.531855e+01 -5.231426e+00 -2.300000e+01
      vertex   2.255549e+01 -4.504979e+00 -2.300000e+01
      vertex   2.501404e+01 -5.518717e+00 -2.300000e+01
    endloop
  endfacet
  facet normal -9.299727e-16 1.249170e-15 1.000000e+00
    outer loop
      vertex   2.501404e+01 -5.518717e+00 -2.300000e+01
      vertex   2.255549e+01 -4.504979e+00 -2.300000e+01
      vertex   2.467823e+01 -5.768713e+00 -2.300000e+01
    endloop
  endfacet
  facet normal -1.754993e-15 -1.366508e-16 1.000000e+00
    outer loop
      vertex   2.467823e+01 -5.768713e+00 -2.300000e+01
      vertex   2.255549e+01 -4.504979e+00 -2.300000e+01
      vertex   2.270000e+01 -6.360957e+00 -2.300000e+01
    endloop
  endfacet
  facet normal -3.730134e-15 6.460782e-15 1.000000e+00
    outer loop
      vertex   2.467823e+01 -5.768713e+00 -2.300000e+01
      vertex   2.270000e+01 -6.360957e+00 -2.300000e+01
      vertex   2.431568e+01 -5.978034e+00 -2.300000e+01
    endloop
  endfacet
  facet normal -4.880350e-15 1.131392e-14 1.000000e+00
    outer loop
      vertex   2.431568e+01 -5.978034e+00 -2.300000e+01
      vertex   2.270000e+01 -6.360957e+00 -2.300000e+01
      vertex   2.393127e+01 -6.143850e+00 -2.300000e+01
    endloop
  endfacet
  facet normal -7.019979e-15 2.344836e-14 1.000000e+00
    outer loop
      vertex   2.393127e+01 -6.143850e+00 -2.300000e+01
      vertex   2.270000e+01 -6.360957e+00 -2.300000e+01
      vertex   2.353022e+01 -6.263918e+00 -2.300000e+01
    endloop
  endfacet
  facet normal -1.269349e-14 7.198837e-14 1.000000e+00
    outer loop
      vertex   2.353022e+01 -6.263918e+00 -2.300000e+01
      vertex   2.270000e+01 -6.360957e+00 -2.300000e+01
      vertex   2.311793e+01 -6.336615e+00 -2.300000e+01
    endloop
  endfacet
  facet normal 0.000000e+00 0.000000e+00 1.000000e+00
    outer loop
      vertex   2.255549e+01 -4.504979e+00 -2.300000e+01
      vertex   2.227040e+01 -4.457407e+00 -2.300000e+01
      vertex   2.270000e+01 -6.360957e+00 -2.300000e+01
    endloop
  endfacet
  facet normal 0.000000e+00 0.000000e+00 1.000000e+00
    outer loop
      vertex   2.270000e+01 -6.360957e+00 -2.300000e+01
      vertex   2.227040e+01 -4.457407e+00 -2.300000e+01
      vertex   2.199703e+01 -4.363560e+00 -2.300000e+01
    endloop
  endfacet
  facet normal 0.000000e+00 0.000000e+00 1.000000e+00
    outer loop
      vertex   -6.455486e+00 -4.504979e+00 -2.300000e+01
      vertex   -8.578232e+00 -5.768713e+00 -2.300000e+01
      vertex   -6.600000e+00 -6.360957e+00 -2.300000e+01
    endloop
  endfacet
  facet normal 0.000000e+00 0.000000e+00 1.000000e+00
    outer loop
      vertex   -6.600000e+00 -6.360957e+00 -2.300000e+01
      vertex   -8.578232e+00 -5.768713e+00 -2.300000e+01
      vertex   -8.215677e+00 -5.978034e+00 -2.300000e+01
    endloop
  endfacet
  facet normal 0.000000e+00 0.000000e+00 1.000000e+00
    outer loop
      vertex   -6.600000e+00 -6.360957e+00 -2.300000e+01
      vertex   -8.215677e+00 -5.978034e+00 -2.300000e+01
      vertex   -7.831273e+00 -6.143850e+00 -2.300000e+01
    endloop
  endfacet
  facet normal 0.000000e+00 0.000000e+00 1.000000e+00
    outer loop
      vertex   -7.831273e+00 -6.143850e+00 -2.300000e+01
      vertex   -7.430217e+00 -6.263918e+00 -2.300000e+01
      vertex   -6.600000e+00 -6.360957e+00 -2.300000e+01
    endloop
  endfacet
  facet normal 0.000000e+00 0.000000e+00 1.000000e+00
    outer loop
      vertex   -6.600000e+00 -6.360957e+00 -2.300000e+01
      vertex   -7.430217e+00 -6.263918e+00 -2.300000e+01
      vertex   -7.017935e+00 -6.336615e+00 -2.300000e+01
    endloop
  endfacet
  facet normal -5.600196e-16 -1.870596e-15 1.000000e+00
    outer loop
      vertex   2.255549e+01 -1.016934e+00 -2.300000e+01
      vertex   2.467823e+01 2.467996e-01 -2.300000e+01
      vertex   2.270000e+01 8.390434e-01 -2.300000e+01
    endloop
  endfacet
  facet normal 0.000000e+00 0.000000e+00 1.000000e+00
    outer loop
      vertex   2.270000e+01 8.390434e-01 -2.300000e+01
      vertex   2.467823e+01 2.467996e-01 -2.300000e+01
      vertex   2.431568e+01 4.561210e-01 -2.300000e+01
    endloop
  endfacet
  facet normal 0.000000e+00 0.000000e+00 1.000000e+00
    outer loop
      vertex   2.270000e+01 8.390434e-01 -2.300000e+01
      vertex   2.431568e+01 4.561210e-01 -2.300000e+01
      vertex   2.393127e+01 6.219369e-01 -2.300000e+01
    endloop
  endfacet
  facet normal 0.000000e+00 0.000000e+00 1.000000e+00
    outer loop
      vertex   2.393127e+01 6.219369e-01 -2.300000e+01
      vertex   2.353022e+01 7.420050e-01 -2.300000e+01
      vertex   2.270000e+01 8.390434e-01 -2.300000e+01
    endloop
  endfacet
  facet normal 0.000000e+00 0.000000e+00 1.000000e+00
    outer loop
      vertex   2.270000e+01 8.390434e-01 -2.300000e+01
      vertex   2.353022e+01 7.420050e-01 -2.300000e+01
      vertex   2.311793e+01 8.147015e-01 -2.300000e+01
    endloop
  endfacet
  facet normal -1.714777e-16 7.071068e-01 -7.071068e-01
    outer loop
      vertex   -6.600000e+00 1.239043e+00 -2.860000e+01
      vertex   2.270000e+01 1.239043e+00 -2.860000e+01
      vertex   -6.600000e+00 8.390434e-01 -2.900000e+01
    endloop
  endfacet
  facet normal -8.573884e-17 7.071068e-01 -7.071068e-01
    outer loop
      vertex   -6.600000e+00 8.390434e-01 -2.900000e+01
      vertex   2.270000e+01 1.239043e+00 -2.860000e+01
      vertex   2.270000e+01 8.390434e-01 -2.900000e+01
    endloop
  endfacet
  facet normal -3.831007e-02 -7.065877e-01 -7.065877e-01
    outer loop
      vertex   -6.600000e+00 -6.760957e+00 -2.860000e+01
      vertex   -7.032476e+00 -6.737508e+00 -2.860000e+01
      vertex   -6.600000e+00 -6.360957e+00 -2.900000e+01
    endloop
  endfacet
  facet normal -4.106011e-02 -7.049749e-01 -7.080427e-01
    outer loop
      vertex   -6.600000e+00 -6.360957e+00 -2.900000e+01
      vertex   -7.032476e+00 -6.737508e+00 -2.860000e+01
      vertex   -7.017935e+00 -6.336615e+00 -2.900000e+01
    endloop
  endfacet
  facet normal -1.146885e-01 -6.995689e-01 -7.053013e-01
    outer loop
      vertex   -7.017935e+00 -6.336615e+00 -2.900000e+01
      vertex   -7.032476e+00 -6.737508e+00 -2.860000e+01
      vertex   -7.459882e+00 -6.667439e+00 -2.860000e+01
    endloop
  endfacet
  facet normal -1.223983e-01 -6.941555e-01 -7.093425e-01
    outer loop
      vertex   -7.017935e+00 -6.336615e+00 -2.900000e+01
      vertex   -7.459882e+00 -6.667439e+00 -2.860000e+01
      vertex   -7.430217e+00 -6.263918e+00 -2.900000e+01
    endloop
  endfacet
  facet normal -1.899415e-01 -6.841075e-01 -7.042152e-01
    outer loop
      vertex   -7.430217e+00 -6.263918e+00 -2.900000e+01
      vertex   -7.459882e+00 -6.667439e+00 -2.860000e+01
      vertex   -7.877206e+00 -6.551569e+00 -2.860000e+01
    endloop
  endfacet
  facet normal -2.018484e-01 -6.742207e-01 -7.104109e-01
    outer loop
      vertex   -7.430217e+00 -6.263918e+00 -2.900000e+01
      vertex   -7.877206e+00 -6.551569e+00 -2.860000e+01
      vertex   -7.831273e+00 -6.143850e+00 -2.900000e+01
    endloop
  endfacet
  facet normal -2.631169e-01 -6.603735e-01 -7.033323e-01
    outer loop
      vertex   -7.831273e+00 -6.143850e+00 -2.900000e+01
      vertex   -7.877206e+00 -6.551569e+00 -2.860000e+01
      vertex   -8.279557e+00 -6.391258e+00 -2.860000e+01
    endloop
  endfacet
  facet normal -2.784196e-01 -6.454491e-01 -7.112510e-01
    outer loop
      vertex   -7.831273e+00 -6.143850e+00 -2.900000e+01
      vertex   -8.279557e+00 -6.391258e+00 -2.860000e+01
      vertex   -8.215677e+00 -5.978034e+00 -2.900000e+01
    endloop
  endfacet
  facet normal -3.332871e-01 -6.286461e-01 -7.026548e-01
    outer loop
      vertex   -8.215677e+00 -5.978034e+00 -2.900000e+01
      vertex   -8.279557e+00 -6.391258e+00 -2.860000e+01
      vertex   -8.662216e+00 -6.188385e+00 -2.860000e+01
    endloop
  endfacet
  facet normal -3.511580e-01 -6.082236e-01 -7.118652e-01
    outer loop
      vertex   -8.215677e+00 -5.978034e+00 -2.900000e+01
      vertex   -8.662216e+00 -6.188385e+00 -2.860000e+01
      vertex   -8.578232e+00 -5.768713e+00 -2.900000e+01
    endloop
  endfacet
  facet normal -3.995623e-01 -5.893103e-01 -7.021847e-01
    outer loop
      vertex   -8.578232e+00 -5.768713e+00 -2.900000e+01
      vertex   -8.662216e+00 -6.188385e+00 -2.860000e+01
      vertex   -9.020697e+00 -5.945329e+00 -2.860000e+01
    endloop
  endfacet
  facet normal -4.191579e-01 -5.630267e-01 -7.122553e-01
    outer loop
      vertex   -8.578232e+00 -5.768713e+00 -2.900000e+01
      vertex   -9.020697e+00 -5.945329e+00 -2.860000e+01
      vertex   -8.914035e+00 -5.518717e+00 -2.900000e+01
    endloop
  endfacet
  facet normal -4.611027e-01 -5.428520e-01 -7.019231e-01
    outer loop
      vertex   -8.914035e+00 -5.518717e+00 -2.900000e+01
      vertex   -9.020697e+00 -5.945329e+00 -2.860000e+01
      vertex   -9.350798e+00 -5.664939e+00 -2.860000e+01
    endloop
  endfacet
  facet normal -4.815708e-01 -5.104352e-01 -7.124222e-01
    outer loop
      vertex   -8.914035e+00 -5.518717e+00 -2.900000e+01
      vertex   -9.350798e+00 -5.664939e+00 -2.860000e+01
      vertex   -9.218545e+00 -5.231426e+00 -2.900000e+01
    endloop
  endfacet
  facet normal -5.171298e-01 -4.898513e-01 -7.018707e-01
    outer loop
      vertex   -9.218545e+00 -5.231426e+00 -2.900000e+01
      vertex   -9.350798e+00 -5.664939e+00 -2.860000e+01
      vertex   -9.648648e+00 -5.350502e+00 -2.860000e+01
    endloop
  endfacet
  facet normal -5.376158e-01 -4.511132e-01 -7.123666e-01
    outer loop
      vertex   -9.218545e+00 -5.231426e+00 -2.900000e+01
      vertex   -9.648648e+00 -5.350502e+00 -2.860000e+01
      vertex   -9.487644e+00 -4.910727e+00 -2.900000e+01
    endloop
  endfacet
  facet normal -5.669374e-01 -4.309746e-01 -7.020277e-01
    outer loop
      vertex   -9.487644e+00 -4.910727e+00 -2.900000e+01
      vertex   -9.648648e+00 -5.350502e+00 -2.860000e+01
      vertex   -9.910756e+00 -5.005705e+00 -2.860000e+01
    endloop
  endfacet
  facet normal -5.865877e-01 -3.858048e-01 -7.120882e-01
    outer loop
      vertex   -9.487644e+00 -4.910727e+00 -2.900000e+01
      vertex   -9.910756e+00 -5.005705e+00 -2.860000e+01
      vertex   -9.717692e+00 -4.560957e+00 -2.900000e+01
    endloop
  endfacet
  facet normal -6.099012e-01 -3.669654e-01 -7.023937e-01
    outer loop
      vertex   -9.717692e+00 -4.560957e+00 -2.900000e+01
      vertex   -9.910756e+00 -5.005705e+00 -2.860000e+01
      vertex   -1.013405e+01 -4.634590e+00 -2.860000e+01
    endloop
  endfacet
  facet normal -6.278652e-01 -3.153257e-01 -7.115863e-01
    outer loop
      vertex   -9.717692e+00 -4.560957e+00 -2.900000e+01
      vertex   -1.013405e+01 -4.634590e+00 -2.860000e+01
      vertex   -9.905578e+00 -4.186844e+00 -2.900000e+01
    endloop
  endfacet
  facet normal -6.454874e-01 -2.986343e-01 -7.029677e-01
    outer loop
      vertex   -9.905578e+00 -4.186844e+00 -2.900000e+01
      vertex   -1.013405e+01 -4.634590e+00 -2.860000e+01
      vertex   -1.031591e+01 -4.241509e+00 -2.860000e+01
    endloop
  endfacet
  facet normal -6.609179e-01 -2.405545e-01 -7.108594e-01
    outer loop
      vertex   -9.905578e+00 -4.186844e+00 -2.900000e+01
      vertex   -1.031591e+01 -4.241509e+00 -2.860000e+01
      vertex   -1.004876e+01 -3.793448e+00 -2.900000e+01
    endloop
  endfacet
  facet normal -6.732597e-01 -2.268476e-01 -7.037482e-01
    outer loop
      vertex   -1.004876e+01 -3.793448e+00 -2.900000e+01
      vertex   -1.031591e+01 -4.241509e+00 -2.860000e+01
      vertex   -1.045420e+01 -3.831070e+00 -2.860000e+01
    endloop
  endfacet
  facet normal -6.853126e-01 -1.624221e-01 -7.099054e-01
    outer loop
      vertex   -1.004876e+01 -3.793448e+00 -2.900000e+01
      vertex   -1.045420e+01 -3.831070e+00 -2.860000e+01
      vertex   -1.014531e+01 -3.386090e+00 -2.900000e+01
    endloop
  endfacet
  facet normal -6.928855e-01 -1.525156e-01 -7.047331e-01
    outer loop
      vertex   -1.014531e+01 -3.386090e+00 -2.900000e+01
      vertex   -1.045420e+01 -3.831070e+00 -2.860000e+01
      vertex   -1.054731e+01 -3.408085e+00 -2.860000e+01
    endloop
  endfacet
  facet normal -7.007179e-01 -8.190217e-02 -7.087218e-01
    outer loop
      vertex   -1.014531e+01 -3.386090e+00 -2.900000e+01
      vertex   -1.054731e+01 -3.408085e+00 -2.860000e+01
      vertex   -1.019391e+01 -2.970278e+00 -2.900000e+01
    endloop
  endfacet
  facet normal -7.041399e-01 -7.657982e-02 -7.059197e-01
    outer loop
      vertex   -1.019391e+01 -2.970278e+00 -2.900000e+01
      vertex   -1.054731e+01 -3.408085e+00 -2.860000e+01
      vertex   -1.059413e+01 -2.977512e+00 -2.860000e+01
    endloop
  endfacet
  facet normal -7.069086e-01 0.000000e+00 -7.073049e-01
    outer loop
      vertex   -1.019391e+01 -2.970278e+00 -2.900000e+01
      vertex   -1.059413e+01 -2.977512e+00 -2.860000e+01
      vertex   -1.059413e+01 -2.544401e+00 -2.860000e+01
    endloop
  endfacet
  facet normal -7.069086e-01 0.000000e+00 -7.073049e-01
    outer loop
      vertex   -1.019391e+01 -2.970278e+00 -2.900000e+01
      vertex   -1.059413e+01 -2.544401e+00 -2.860000e+01
      vertex   -1.019391e+01 -2.551635e+00 -2.900000e+01
    endloop
  endfacet
  facet normal -7.041399e-01 7.657982e-02 -7.059197e-01
    outer loop
      vertex   -1.019391e+01 -2.551635e+00 -2.900000e+01
      vertex   -1.059413e+01 -2.544401e+00 -2.860000e+01
      vertex   -1.054731e+01 -2.113829e+00 -2.860000e+01
    endloop
  endfacet
  facet normal -7.007179e-01 8.190217e-02 -7.087218e-01
    outer loop
      vertex   -1.019391e+01 -2.551635e+00 -2.900000e+01
      vertex   -1.054731e+01 -2.113829e+00 -2.860000e+01
      vertex   -1.014531e+01 -2.135823e+00 -2.900000e+01
    endloop
  endfacet
  facet normal -6.928855e-01 1.525156e-01 -7.047331e-01
    outer loop
      vertex   -1.014531e+01 -2.135823e+00 -2.900000e+01
      vertex   -1.054731e+01 -2.113829e+00 -2.860000e+01
      vertex   -1.045420e+01 -1.690843e+00 -2.860000e+01
    endloop
  endfacet
  facet normal -6.853126e-01 1.624221e-01 -7.099054e-01
    outer loop
      vertex   -1.014531e+01 -2.135823e+00 -2.900000e+01
      vertex   -1.045420e+01 -1.690843e+00 -2.860000e+01
      vertex   -1.004876e+01 -1.728465e+00 -2.900000e+01
    endloop
  endfacet
  facet normal -6.732597e-01 2.268476e-01 -7.037482e-01
    outer loop
      vertex   -1.004876e+01 -1.728465e+00 -2.900000e+01
      vertex   -1.045420e+01 -1.690843e+00 -2.860000e+01
      vertex   -1.031591e+01 -1.280404e+00 -2.860000e+01
    endloop
  endfacet
  facet normal -6.609179e-01 2.405545e-01 -7.108594e-01
    outer loop
      vertex   -1.004876e+01 -1.728465e+00 -2.900000e+01
      vertex   -1.031591e+01 -1.280404e+00 -2.860000e+01
      vertex   -9.905578e+00 -1.335069e+00 -2.900000e+01
    endloop
  endfacet
  facet normal -6.454874e-01 2.986343e-01 -7.029677e-01
    outer loop
      vertex   -9.905578e+00 -1.335069e+00 -2.900000e+01
      vertex   -1.031591e+01 -1.280404e+00 -2.860000e+01
      vertex   -1.013405e+01 -8.873228e-01 -2.860000e+01
    endloop
  endfacet
  facet normal -6.278652e-01 3.153257e-01 -7.115863e-01
    outer loop
      vertex   -9.905578e+00 -1.335069e+00 -2.900000e+01
      vertex   -1.013405e+01 -8.873228e-01 -2.860000e+01
      vertex   -9.717692e+00 -9.609566e-01 -2.900000e+01
    endloop
  endfacet
  facet normal -6.099012e-01 3.669654e-01 -7.023937e-01
    outer loop
      vertex   -9.717692e+00 -9.609566e-01 -2.900000e+01
      vertex   -1.013405e+01 -8.873228e-01 -2.860000e+01
      vertex   -9.910756e+00 -5.162083e-01 -2.860000e+01
    endloop
  endfacet
  facet normal -5.865877e-01 3.858048e-01 -7.120882e-01
    outer loop
      vertex   -9.717692e+00 -9.609566e-01 -2.900000e+01
      vertex   -9.910756e+00 -5.162083e-01 -2.860000e+01
      vertex   -9.487644e+00 -6.111856e-01 -2.900000e+01
    endloop
  endfacet
  facet normal -5.669374e-01 4.309746e-01 -7.020277e-01
    outer loop
      vertex   -9.487644e+00 -6.111856e-01 -2.900000e+01
      vertex   -9.910756e+00 -5.162083e-01 -2.860000e+01
      vertex   -9.648648e+00 -1.714114e-01 -2.860000e+01
    endloop
  endfacet
  facet normal -5.376158e-01 4.511132e-01 -7.123666e-01
    outer loop
      vertex   -9.487644e+00 -6.111856e-01 -2.900000e+01
      vertex   -9.648648e+00 -1.714114e-01 -2.860000e+01
      vertex   -9.218545e+00 -2.904867e-01 -2.900000e+01
    endloop
  endfacet
  facet normal -5.171298e-01 4.898513e-01 -7.018707e-01
    outer loop
      vertex   -9.218545e+00 -2.904867e-01 -2.900000e+01
      vertex   -9.648648e+00 -1.714114e-01 -2.860000e+01
      vertex   -9.350798e+00 1.430254e-01 -2.860000e+01
    endloop
  endfacet
  facet normal -4.815708e-01 5.104352e-01 -7.124222e-01
    outer loop
      vertex   -9.218545e+00 -2.904867e-01 -2.900000e+01
      vertex   -9.350798e+00 1.430254e-01 -2.860000e+01
      vertex   -8.914035e+00 -3.196555e-03 -2.900000e+01
    endloop
  endfacet
  facet normal -4.611027e-01 5.428520e-01 -7.019231e-01
    outer loop
      vertex   -8.914035e+00 -3.196555e-03 -2.900000e+01
      vertex   -9.350798e+00 1.430254e-01 -2.860000e+01
      vertex   -9.020697e+00 4.234157e-01 -2.860000e+01
    endloop
  endfacet
  facet normal -4.191579e-01 5.630267e-01 -7.122553e-01
    outer loop
      vertex   -8.914035e+00 -3.196555e-03 -2.900000e+01
      vertex   -9.020697e+00 4.234157e-01 -2.860000e+01
      vertex   -8.578232e+00 2.467996e-01 -2.900000e+01
    endloop
  endfacet
  facet normal -3.995623e-01 5.893103e-01 -7.021847e-01
    outer loop
      vertex   -8.578232e+00 2.467996e-01 -2.900000e+01
      vertex   -9.020697e+00 4.234157e-01 -2.860000e+01
      vertex   -8.662216e+00 6.664722e-01 -2.860000e+01
    endloop
  endfacet
  facet normal -3.511580e-01 6.082236e-01 -7.118652e-01
    outer loop
      vertex   -8.578232e+00 2.467996e-01 -2.900000e+01
      vertex   -8.662216e+00 6.664722e-01 -2.860000e+01
      vertex   -8.215677e+00 4.561210e-01 -2.900000e+01
    endloop
  endfacet
  facet normal -3.332871e-01 6.286461e-01 -7.026548e-01
    outer loop
      vertex   -8.215677e+00 4.561210e-01 -2.900000e+01
      vertex   -8.662216e+00 6.664722e-01 -2.860000e+01
      vertex   -8.279557e+00 8.693451e-01 -2.860000e+01
    endloop
  endfacet
  facet normal -2.784196e-01 6.454491e-01 -7.112510e-01
    outer loop
      vertex   -8.215677e+00 4.561210e-01 -2.900000e+01
      vertex   -8.279557e+00 8.693451e-01 -2.860000e+01
      vertex   -7.831273e+00 6.219369e-01 -2.900000e+01
    endloop
  endfacet
  facet normal -2.631169e-01 6.603735e-01 -7.033323e-01
    outer loop
      vertex   -7.831273e+00 6.219369e-01 -2.900000e+01
      vertex   -8.279557e+00 8.693451e-01 -2.860000e+01
      vertex   -7.877206e+00 1.029656e+00 -2.860000e+01
    endloop
  endfacet
  facet normal -2.018484e-01 6.742207e-01 -7.104109e-01
    outer loop
      vertex   -7.831273e+00 6.219369e-01 -2.900000e+01
      vertex   -7.877206e+00 1.029656e+00 -2.860000e+01
      vertex   -7.430217e+00 7.420050e-01 -2.900000e+01
    endloop
  endfacet
  facet normal -1.899415e-01 6.841075e-01 -7.042152e-01
    outer loop
      vertex   -7.430217e+00 7.420050e-01 -2.900000e+01
      vertex   -7.877206e+00 1.029656e+00 -2.860000e+01
      vertex   -7.459882e+00 1.145526e+00 -2.860000e+01
    endloop
  endfacet
  facet normal -1.223983e-01 6.941555e-01 -7.093425e-01
    outer loop
      vertex   -7.430217e+00 7.420050e-01 -2.900000e+01
      vertex   -7.459882e+00 1.145526e+00 -2.860000e+01
      vertex   -7.017935e+00 8.147015e-01 -2.900000e+01
    endloop
  endfacet
  facet normal -1.146885e-01 6.995689e-01 -7.053013e-01
    outer loop
      vertex   -7.017935e+00 8.147015e-01 -2.900000e+01
      vertex   -7.459882e+00 1.145526e+00 -2.860000e+01
      vertex   -7.032476e+00 1.215595e+00 -2.860000e+01
    endloop
  endfacet
  facet normal -4.106011e-02 7.049749e-01 -7.080427e-01
    outer loop
      vertex   -7.017935e+00 8.147015e-01 -2.900000e+01
      vertex   -7.032476e+00 1.215595e+00 -2.860000e+01
      vertex   -6.600000e+00 8.390434e-01 -2.900000e+01
    endloop
  endfacet
  facet normal -3.831007e-02 7.065877e-01 -7.065877e-01
    outer loop
      vertex   -6.600000e+00 8.390434e-01 -2.900000e+01
      vertex   -7.032476e+00 1.215595e+00 -2.860000e+01
      vertex   -6.600000e+00 1.239043e+00 -2.860000e+01
    endloop
  endfacet
  facet normal -1.714777e-16 -7.071068e-01 -7.071068e-01
    outer loop
      vertex   2.270000e+01 -6.760957e+00 -2.860000e+01
      vertex   -6.600000e+00 -6.760957e+00 -2.860000e+01
      vertex   2.270000e+01 -6.360957e+00 -2.900000e+01
    endloop
  endfacet
  facet normal -8.573884e-17 -7.071068e-01 -7.071068e-01
    outer loop
      vertex   2.270000e+01 -6.360957e+00 -2.900000e+01
      vertex   -6.600000e+00 -6.760957e+00 -2.860000e+01
      vertex   -6.600000e+00 -6.360957e+00 -2.900000e+01
    endloop
  endfacet
  facet normal 3.831007e-02 7.065877e-01 -7.065877e-01
    outer loop
      vertex   2.270000e+01 1.239043e+00 -2.860000e+01
      vertex   2.313248e+01 1.215595e+00 -2.860000e+01
      vertex   2.270000e+01 8.390434e-01 -2.900000e+01
    endloop
  endfacet
  facet normal 4.106011e-02 7.049749e-01 -7.080427e-01
    outer loop
      vertex   2.270000e+01 8.390434e-01 -2.900000e+01
      vertex   2.313248e+01 1.215595e+00 -2.860000e+01
      vertex   2.311793e+01 8.147015e-01 -2.900000e+01
    endloop
  endfacet
  facet normal 1.146885e-01 6.995689e-01 -7.053013e-01
    outer loop
      vertex   2.311793e+01 8.147015e-01 -2.900000e+01
      vertex   2.313248e+01 1.215595e+00 -2.860000e+01
      vertex   2.355988e+01 1.145526e+00 -2.860000e+01
    endloop
  endfacet
  facet normal 1.223983e-01 6.941555e-01 -7.093425e-01
    outer loop
      vertex   2.311793e+01 8.147015e-01 -2.900000e+01
      vertex   2.355988e+01 1.145526e+00 -2.860000e+01
      vertex   2.353022e+01 7.420050e-01 -2.900000e+01
    endloop
  endfacet
  facet normal 1.899415e-01 6.841075e-01 -7.042152e-01
    outer loop
      vertex   2.353022e+01 7.420050e-01 -2.900000e+01
      vertex   2.355988e+01 1.145526e+00 -2.860000e+01
      vertex   2.397721e+01 1.029656e+00 -2.860000e+01
    endloop
  endfacet
  facet normal 2.018484e-01 6.742207e-01 -7.104109e-01
    outer loop
      vertex   2.353022e+01 7.420050e-01 -2.900000e+01
      vertex   2.397721e+01 1.029656e+00 -2.860000e+01
      vertex   2.393127e+01 6.219369e-01 -2.900000e+01
    endloop
  endfacet
  facet normal 2.631169e-01 6.603735e-01 -7.033323e-01
    outer loop
      vertex   2.393127e+01 6.219369e-01 -2.900000e+01
      vertex   2.397721e+01 1.029656e+00 -2.860000e+01
      vertex   2.437956e+01 8.693451e-01 -2.860000e+01
    endloop
  endfacet
  facet normal 2.784196e-01 6.454491e-01 -7.112510e-01
    outer loop
      vertex   2.393127e+01 6.219369e-01 -2.900000e+01
      vertex   2.437956e+01 8.693451e-01 -2.860000e+01
      vertex   2.431568e+01 4.561210e-01 -2.900000e+01
    endloop
  endfacet
  facet normal 3.332871e-01 6.286461e-01 -7.026548e-01
    outer loop
      vertex   2.431568e+01 4.561210e-01 -2.900000e+01
      vertex   2.437956e+01 8.693451e-01 -2.860000e+01
      vertex   2.476222e+01 6.664722e-01 -2.860000e+01
    endloop
  endfacet
  facet normal 3.511580e-01 6.082236e-01 -7.118652e-01
    outer loop
      vertex   2.431568e+01 4.561210e-01 -2.900000e+01
      vertex   2.476222e+01 6.664722e-01 -2.860000e+01
      vertex   2.467823e+01 2.467996e-01 -2.900000e+01
    endloop
  endfacet
  facet normal 3.995623e-01 5.893103e-01 -7.021847e-01
    outer loop
      vertex   2.467823e+01 2.467996e-01 -2.900000e+01
      vertex   2.476222e+01 6.664722e-01 -2.860000e+01
      vertex   2.512070e+01 4.234157e-01 -2.860000e+01
    endloop
  endfacet
  facet normal 4.191579e-01 5.630267e-01 -7.122553e-01
    outer loop
      vertex   2.467823e+01 2.467996e-01 -2.900000e+01
      vertex   2.512070e+01 4.234157e-01 -2.860000e+01
      vertex   2.501404e+01 -3.196555e-03 -2.900000e+01
    endloop
  endfacet
  facet normal 4.611027e-01 5.428520e-01 -7.019231e-01
    outer loop
      vertex   2.501404e+01 -3.196555e-03 -2.900000e+01
      vertex   2.512070e+01 4.234157e-01 -2.860000e+01
      vertex   2.545080e+01 1.430254e-01 -2.860000e+01
    endloop
  endfacet
  facet normal 4.815708e-01 5.104352e-01 -7.124222e-01
    outer loop
      vertex   2.501404e+01 -3.196555e-03 -2.900000e+01
      vertex   2.545080e+01 1.430254e-01 -2.860000e+01
      vertex   2.531855e+01 -2.904867e-01 -2.900000e+01
    endloop
  endfacet
  facet normal 5.171298e-01 4.898513e-01 -7.018707e-01
    outer loop
      vertex   2.531855e+01 -2.904867e-01 -2.900000e+01
      vertex   2.545080e+01 1.430254e-01 -2.860000e+01
      vertex   2.574865e+01 -1.714114e-01 -2.860000e+01
    endloop
  endfacet
  facet normal 5.376158e-01 4.511132e-01 -7.123666e-01
    outer loop
      vertex   2.531855e+01 -2.904867e-01 -2.900000e+01
      vertex   2.574865e+01 -1.714114e-01 -2.860000e+01
      vertex   2.558764e+01 -6.111856e-01 -2.900000e+01
    endloop
  endfacet
  facet normal 5.669374e-01 4.309746e-01 -7.020277e-01
    outer loop
      vertex   2.558764e+01 -6.111856e-01 -2.900000e+01
      vertex   2.574865e+01 -1.714114e-01 -2.860000e+01
      vertex   2.601076e+01 -5.162083e-01 -2.860000e+01
    endloop
  endfacet
  facet normal 5.865877e-01 3.858048e-01 -7.120882e-01
    outer loop
      vertex   2.558764e+01 -6.111856e-01 -2.900000e+01
      vertex   2.601076e+01 -5.162083e-01 -2.860000e+01
      vertex   2.581769e+01 -9.609566e-01 -2.900000e+01
    endloop
  endfacet
  facet normal 6.099012e-01 3.669654e-01 -7.023937e-01
    outer loop
      vertex   2.581769e+01 -9.609566e-01 -2.900000e+01
      vertex   2.601076e+01 -5.162083e-01 -2.860000e+01
      vertex   2.623405e+01 -8.873228e-01 -2.860000e+01
    endloop
  endfacet
  facet normal 6.278652e-01 3.153257e-01 -7.115863e-01
    outer loop
      vertex   2.581769e+01 -9.609566e-01 -2.900000e+01
      vertex   2.623405e+01 -8.873228e-01 -2.860000e+01
      vertex   2.600558e+01 -1.335069e+00 -2.900000e+01
    endloop
  endfacet
  facet normal 6.454874e-01 2.986343e-01 -7.029677e-01
    outer loop
      vertex   2.600558e+01 -1.335069e+00 -2.900000e+01
      vertex   2.623405e+01 -8.873228e-01 -2.860000e+01
      vertex   2.641591e+01 -1.280404e+00 -2.860000e+01
    endloop
  endfacet
  facet normal 6.609179e-01 2.405545e-01 -7.108594e-01
    outer loop
      vertex   2.600558e+01 -1.335069e+00 -2.900000e+01
      vertex   2.641591e+01 -1.280404e+00 -2.860000e+01
      vertex   2.614876e+01 -1.728465e+00 -2.900000e+01
    endloop
  endfacet
  facet normal 6.732597e-01 2.268476e-01 -7.037482e-01
    outer loop
      vertex   2.614876e+01 -1.728465e+00 -2.900000e+01
      vertex   2.641591e+01 -1.280404e+00 -2.860000e+01
      vertex   2.655420e+01 -1.690843e+00 -2.860000e+01
    endloop
  endfacet
  facet normal 6.853126e-01 1.624221e-01 -7.099054e-01
    outer loop
      vertex   2.614876e+01 -1.728465e+00 -2.900000e+01
      vertex   2.655420e+01 -1.690843e+00 -2.860000e+01
      vertex   2.624531e+01 -2.135823e+00 -2.900000e+01
    endloop
  endfacet
  facet normal 6.928855e-01 1.525156e-01 -7.047331e-01
    outer loop
      vertex   2.624531e+01 -2.135823e+00 -2.900000e+01
      vertex   2.655420e+01 -1.690843e+00 -2.860000e+01
      vertex   2.664731e+01 -2.113829e+00 -2.860000e+01
    endloop
  endfacet
  facet normal 7.007179e-01 8.190217e-02 -7.087218e-01
    outer loop
      vertex   2.624531e+01 -2.135823e+00 -2.900000e+01
      vertex   2.664731e+01 -2.113829e+00 -2.860000e+01
      vertex   2.629391e+01 -2.551635e+00 -2.900000e+01
    endloop
  endfacet
  facet normal 7.041399e-01 7.657982e-02 -7.059197e-01
    outer loop
      vertex   2.629391e+01 -2.551635e+00 -2.900000e+01
      vertex   2.664731e+01 -2.113829e+00 -2.860000e+01
      vertex   2.669413e+01 -2.544401e+00 -2.860000e+01
    endloop
  endfacet
  facet normal 7.069086e-01 0.000000e+00 -7.073049e-01
    outer loop
      vertex   2.629391e+01 -2.551635e+00 -2.900000e+01
      vertex   2.669413e+01 -2.544401e+00 -2.860000e+01
      vertex   2.669413e+01 -2.977512e+00 -2.860000e+01
    endloop
  endfacet
  facet normal 7.069086e-01 0.000000e+00 -7.073049e-01
    outer loop
      vertex   2.629391e+01 -2.551635e+00 -2.900000e+01
      vertex   2.669413e+01 -2.977512e+00 -2.860000e+01
      vertex   2.629391e+01 -2.970278e+00 -2.900000e+01
    endloop
  endfacet
  facet normal 7.041399e-01 -7.657982e-02 -7.059197e-01
    outer loop
      vertex   2.629391e+01 -2.970278e+00 -2.900000e+01
      vertex   2.669413e+01 -2.977512e+00 -2.860000e+01
      vertex   2.664731e+01 -3.408085e+00 -2.860000e+01
    endloop
  endfacet
  facet normal 7.007179e-01 -8.190217e-02 -7.087218e-01
    outer loop
      vertex   2.629391e+01 -2.970278e+00 -2.900000e+01
      vertex   2.664731e+01 -3.408085e+00 -2.860000e+01
      vertex   2.624531e+01 -3.386090e+00 -2.900000e+01
    endloop
  endfacet
  facet normal 6.928855e-01 -1.525156e-01 -7.047331e-01
    outer loop
      vertex   2.624531e+01 -3.386090e+00 -2.900000e+01
      vertex   2.664731e+01 -3.408085e+00 -2.860000e+01
      vertex   2.655420e+01 -3.831070e+00 -2.860000e+01
    endloop
  endfacet
  facet normal 6.853126e-01 -1.624221e-01 -7.099054e-01
    outer loop
      vertex   2.624531e+01 -3.386090e+00 -2.900000e+01
      vertex   2.655420e+01 -3.831070e+00 -2.860000e+01
      vertex   2.614876e+01 -3.793448e+00 -2.900000e+01
    endloop
  endfacet
  facet normal 6.732597e-01 -2.268476e-01 -7.037482e-01
    outer loop
      vertex   2.614876e+01 -3.793448e+00 -2.900000e+01
      vertex   2.655420e+01 -3.831070e+00 -2.860000e+01
      vertex   2.641591e+01 -4.241509e+00 -2.860000e+01
    endloop
  endfacet
  facet normal 6.609179e-01 -2.405545e-01 -7.108594e-01
    outer loop
      vertex   2.614876e+01 -3.793448e+00 -2.900000e+01
      vertex   2.641591e+01 -4.241509e+00 -2.860000e+01
      vertex   2.600558e+01 -4.186844e+00 -2.900000e+01
    endloop
  endfacet
  facet normal 6.454874e-01 -2.986343e-01 -7.029677e-01
    outer loop
      vertex   2.600558e+01 -4.186844e+00 -2.900000e+01
      vertex   2.641591e+01 -4.241509e+00 -2.860000e+01
      vertex   2.623405e+01 -4.634590e+00 -2.860000e+01
    endloop
  endfacet
  facet normal 6.278652e-01 -3.153257e-01 -7.115863e-01
    outer loop
      vertex   2.600558e+01 -4.186844e+00 -2.900000e+01
      vertex   2.623405e+01 -4.634590e+00 -2.860000e+01
      vertex   2.581769e+01 -4.560957e+00 -2.900000e+01
    endloop
  endfacet
  facet normal 6.099012e-01 -3.669654e-01 -7.023937e-01
    outer loop
      vertex   2.581769e+01 -4.560957e+00 -2.900000e+01
      vertex   2.623405e+01 -4.634590e+00 -2.860000e+01
      vertex   2.601076e+01 -5.005705e+00 -2.860000e+01
    endloop
  endfacet
  facet normal 5.865877e-01 -3.858048e-01 -7.120882e-01
    outer loop
      vertex   2.581769e+01 -4.560957e+00 -2.900000e+01
      vertex   2.601076e+01 -5.005705e+00 -2.860000e+01
      vertex   2.558764e+01 -4.910727e+00 -2.900000e+01
    endloop
  endfacet
  facet normal 5.669374e-01 -4.309746e-01 -7.020277e-01
    outer loop
      vertex   2.558764e+01 -4.910727e+00 -2.900000e+01
      vertex   2.601076e+01 -5.005705e+00 -2.860000e+01
      vertex   2.574865e+01 -5.350502e+00 -2.860000e+01
    endloop
  endfacet
  facet normal 5.376158e-01 -4.511132e-01 -7.123666e-01
    outer loop
      vertex   2.558764e+01 -4.910727e+00 -2.900000e+01
      vertex   2.574865e+01 -5.350502e+00 -2.860000e+01
      vertex   2.531855e+01 -5.231426e+00 -2.900000e+01
    endloop
  endfacet
  facet normal 5.171298e-01 -4.898513e-01 -7.018707e-01
    outer loop
      vertex   2.531855e+01 -5.231426e+00 -2.900000e+01
      vertex   2.574865e+01 -5.350502e+00 -2.860000e+01
      vertex   2.545080e+01 -5.664939e+00 -2.860000e+01
    endloop
  endfacet
  facet normal 4.815708e-01 -5.104352e-01 -7.124222e-01
    outer loop
      vertex   2.531855e+01 -5.231426e+00 -2.900000e+01
      vertex   2.545080e+01 -5.664939e+00 -2.860000e+01
      vertex   2.501404e+01 -5.518717e+00 -2.900000e+01
    endloop
  endfacet
  facet normal 4.611027e-01 -5.428520e-01 -7.019231e-01
    outer loop
      vertex   2.501404e+01 -5.518717e+00 -2.900000e+01
      vertex   2.545080e+01 -5.664939e+00 -2.860000e+01
      vertex   2.512070e+01 -5.945329e+00 -2.860000e+01
    endloop
  endfacet
  facet normal 4.191579e-01 -5.630267e-01 -7.122553e-01
    outer loop
      vertex   2.501404e+01 -5.518717e+00 -2.900000e+01
      vertex   2.512070e+01 -5.945329e+00 -2.860000e+01
      vertex   2.467823e+01 -5.768713e+00 -2.900000e+01
    endloop
  endfacet
  facet normal 3.995623e-01 -5.893103e-01 -7.021847e-01
    outer loop
      vertex   2.467823e+01 -5.768713e+00 -2.900000e+01
      vertex   2.512070e+01 -5.945329e+00 -2.860000e+01
      vertex   2.476222e+01 -6.188385e+00 -2.860000e+01
    endloop
  endfacet
  facet normal 3.511580e-01 -6.082236e-01 -7.118652e-01
    outer loop
      vertex   2.467823e+01 -5.768713e+00 -2.900000e+01
      vertex   2.476222e+01 -6.188385e+00 -2.860000e+01
      vertex   2.431568e+01 -5.978034e+00 -2.900000e+01
    endloop
  endfacet
  facet normal 3.332871e-01 -6.286461e-01 -7.026548e-01
    outer loop
      vertex   2.431568e+01 -5.978034e+00 -2.900000e+01
      vertex   2.476222e+01 -6.188385e+00 -2.860000e+01
      vertex   2.437956e+01 -6.391258e+00 -2.860000e+01
    endloop
  endfacet
  facet normal 2.784196e-01 -6.454491e-01 -7.112510e-01
    outer loop
      vertex   2.431568e+01 -5.978034e+00 -2.900000e+01
      vertex   2.437956e+01 -6.391258e+00 -2.860000e+01
      vertex   2.393127e+01 -6.143850e+00 -2.900000e+01
    endloop
  endfacet
  facet normal 2.631169e-01 -6.603735e-01 -7.033323e-01
    outer loop
      vertex   2.393127e+01 -6.143850e+00 -2.900000e+01
      vertex   2.437956e+01 -6.391258e+00 -2.860000e+01
      vertex   2.397721e+01 -6.551569e+00 -2.860000e+01
    endloop
  endfacet
  facet normal 2.018484e-01 -6.742207e-01 -7.104109e-01
    outer loop
      vertex   2.393127e+01 -6.143850e+00 -2.900000e+01
      vertex   2.397721e+01 -6.551569e+00 -2.860000e+01
      vertex   2.353022e+01 -6.263918e+00 -2.900000e+01
    endloop
  endfacet
  facet normal 1.899415e-01 -6.841075e-01 -7.042152e-01
    outer loop
      vertex   2.353022e+01 -6.263918e+00 -2.900000e+01
      vertex   2.397721e+01 -6.551569e+00 -2.860000e+01
      vertex   2.355988e+01 -6.667439e+00 -2.860000e+01
    endloop
  endfacet
  facet normal 1.223983e-01 -6.941555e-01 -7.093425e-01
    outer loop
      vertex   2.353022e+01 -6.263918e+00 -2.900000e+01
      vertex   2.355988e+01 -6.667439e+00 -2.860000e+01
      vertex   2.311793e+01 -6.336615e+00 -2.900000e+01
    endloop
  endfacet
  facet normal 1.146885e-01 -6.995689e-01 -7.053013e-01
    outer loop
      vertex   2.311793e+01 -6.336615e+00 -2.900000e+01
      vertex   2.355988e+01 -6.667439e+00 -2.860000e+01
      vertex   2.313248e+01 -6.737508e+00 -2.860000e+01
    endloop
  endfacet
  facet normal 4.106011e-02 -7.049749e-01 -7.080427e-01
    outer loop
      vertex   2.311793e+01 -6.336615e+00 -2.900000e+01
      vertex   2.313248e+01 -6.737508e+00 -2.860000e+01
      vertex   2.270000e+01 -6.360957e+00 -2.900000e+01
    endloop
  endfacet
  facet normal 3.831007e-02 -7.065877e-01 -7.065877e-01
    outer loop
      vertex   2.270000e+01 -6.360957e+00 -2.900000e+01
      vertex   2.313248e+01 -6.737508e+00 -2.860000e+01
      vertex   2.270000e+01 -6.760957e+00 -2.860000e+01
    endloop
  endfacet
  facet normal 5.413891e-02 9.985334e-01 -0.000000e+00
    outer loop
      vertex   2.270000e+01 1.239043e+00 -2.860000e+01
      vertex   2.270000e+01 1.239043e+00 -2.340000e+01
      vertex   2.313248e+01 1.215595e+00 -2.860000e+01
    endloop
  endfacet
  facet normal 5.413891e-02 9.985334e-01 -0.000000e+00
    outer loop
      vertex   2.313248e+01 1.215595e+00 -2.860000e+01
      vertex   2.270000e+01 1.239043e+00 -2.340000e+01
      vertex   2.313248e+01 1.215595e+00 -2.340000e+01
    endloop
  endfacet
  facet normal 1.617820e-01 9.868265e-01 -0.000000e+00
    outer loop
      vertex   2.313248e+01 1.215595e+00 -2.860000e+01
      vertex   2.313248e+01 1.215595e+00 -2.340000e+01
      vertex   2.355988e+01 1.145526e+00 -2.860000e+01
    endloop
  endfacet
  facet normal 1.617820e-01 9.868265e-01 -0.000000e+00
    outer loop
      vertex   2.355988e+01 1.145526e+00 -2.860000e+01
      vertex   2.313248e+01 1.215595e+00 -2.340000e+01
      vertex   2.355988e+01 1.145526e+00 -2.340000e+01
    endloop
  endfacet
  facet normal 2.675283e-01 9.635500e-01 -0.000000e+00
    outer loop
      vertex   2.355988e+01 1.145526e+00 -2.860000e+01
      vertex   2.355988e+01 1.145526e+00 -2.340000e+01
      vertex   2.397721e+01 1.029656e+00 -2.860000e+01
    endloop
  endfacet
  facet normal 2.675283e-01 9.635500e-01 -8.228888e-17
    outer loop
      vertex   2.397721e+01 1.029656e+00 -2.860000e+01
      vertex   2.355988e+01 1.145526e+00 -2.340000e+01
      vertex   2.397721e+01 1.029656e+00 -2.340000e+01
    endloop
  endfacet
  facet normal 3.701382e-01 9.289767e-01 -7.933626e-17
    outer loop
      vertex   2.397721e+01 1.029656e+00 -2.860000e+01
      vertex   2.397721e+01 1.029656e+00 -2.340000e+01
      vertex   2.437956e+01 8.693451e-01 -2.860000e+01
    endloop
  endfacet
  facet normal 3.701382e-01 9.289767e-01 -1.983406e-16
    outer loop
      vertex   2.437956e+01 8.693451e-01 -2.860000e+01
      vertex   2.397721e+01 1.029656e+00 -2.340000e+01
      vertex   2.437956e+01 8.693451e-01 -2.340000e+01
    endloop
  endfacet
  facet normal 4.684084e-01 8.835120e-01 -1.886337e-16
    outer loop
      vertex   2.437956e+01 8.693451e-01 -2.860000e+01
      vertex   2.437956e+01 8.693451e-01 -2.340000e+01
      vertex   2.476222e+01 6.664722e-01 -2.860000e+01
    endloop
  endfacet
  facet normal 4.684084e-01 8.835120e-01 -0.000000e+00
    outer loop
      vertex   2.476222e+01 6.664722e-01 -2.860000e+01
      vertex   2.437956e+01 8.693451e-01 -2.340000e+01
      vertex   2.476222e+01 6.664722e-01 -2.340000e+01
    endloop
  endfacet
  facet normal 5.611871e-01 8.276890e-01 -0.000000e+00
    outer loop
      vertex   2.476222e+01 6.664722e-01 -2.860000e+01
      vertex   2.476222e+01 6.664722e-01 -2.340000e+01
      vertex   2.512070e+01 4.234157e-01 -2.860000e+01
    endloop
  endfacet
  facet normal 5.611871e-01 8.276890e-01 -8.835763e-17
    outer loop
      vertex   2.512070e+01 4.234157e-01 -2.860000e+01
      vertex   2.476222e+01 6.664722e-01 -2.340000e+01
      vertex   2.512070e+01 4.234157e-01 -2.340000e+01
    endloop
  endfacet
  facet normal 6.473863e-01 7.621621e-01 -8.136249e-17
    outer loop
      vertex   2.512070e+01 4.234157e-01 -2.860000e+01
      vertex   2.512070e+01 4.234157e-01 -2.340000e+01
      vertex   2.545080e+01 1.430254e-01 -2.860000e+01
    endloop
  endfacet
  facet normal 6.473863e-01 7.621621e-01 -0.000000e+00
    outer loop
      vertex   2.545080e+01 1.430254e-01 -2.860000e+01
      vertex   2.512070e+01 4.234157e-01 -2.340000e+01
      vertex   2.545080e+01 1.430254e-01 -2.340000e+01
    endloop
  endfacet
  facet normal 7.259955e-01 6.876995e-01 -0.000000e+00
    outer loop
      vertex   2.545080e+01 1.430254e-01 -2.860000e+01
      vertex   2.545080e+01 1.430254e-01 -2.340000e+01
      vertex   2.574865e+01 -1.714114e-01 -2.860000e+01
    endloop
  endfacet
  facet normal 7.259955e-01 6.876995e-01 -0.000000e+00
    outer loop
      vertex   2.574865e+01 -1.714114e-01 -2.860000e+01
      vertex   2.545080e+01 1.430254e-01 -2.340000e+01
      vertex   2.574865e+01 -1.714114e-01 -2.340000e+01
    endloop
  endfacet
  facet normal 7.960931e-01 6.051742e-01 -0.000000e+00
    outer loop
      vertex   2.574865e+01 -1.714114e-01 -2.860000e+01
      vertex   2.574865e+01 -1.714114e-01 -2.340000e+01
      vertex   2.601076e+01 -5.162083e-01 -2.860000e+01
    endloop
  endfacet
  facet normal 7.960931e-01 6.051742e-01 -0.000000e+00
    outer loop
      vertex   2.601076e+01 -5.162083e-01 -2.860000e+01
      vertex   2.574865e+01 -1.714114e-01 -2.340000e+01
      vertex   2.601076e+01 -5.162083e-01 -2.340000e+01
    endloop
  endfacet
  facet normal 8.568572e-01 5.155539e-01 -0.000000e+00
    outer loop
      vertex   2.601076e+01 -5.162083e-01 -2.860000e+01
      vertex   2.601076e+01 -5.162083e-01 -2.340000e+01
      vertex   2.623405e+01 -8.873228e-01 -2.860000e+01
    endloop
  endfacet
  facet normal 8.568572e-01 5.155539e-01 -0.000000e+00
    outer loop
      vertex   2.623405e+01 -8.873228e-01 -2.860000e+01
      vertex   2.601076e+01 -5.162083e-01 -2.340000e+01
      vertex   2.623405e+01 -8.873228e-01 -2.340000e+01
    endloop
  endfacet
  facet normal 9.075754e-01 4.198891e-01 -0.000000e+00
    outer loop
      vertex   2.623405e+01 -8.873228e-01 -2.860000e+01
      vertex   2.623405e+01 -8.873228e-01 -2.340000e+01
      vertex   2.641591e+01 -1.280404e+00 -2.860000e+01
    endloop
  endfacet
  facet normal 9.075754e-01 4.198891e-01 -7.171855e-17
    outer loop
      vertex   2.641591e+01 -1.280404e+00 -2.860000e+01
      vertex   2.623405e+01 -8.873228e-01 -2.340000e+01
      vertex   2.641591e+01 -1.280404e+00 -2.340000e+01
    endloop
  endfacet
  facet normal 9.476532e-01 3.193015e-01 -5.453783e-17
    outer loop
      vertex   2.641591e+01 -1.280404e+00 -2.860000e+01
      vertex   2.641591e+01 -1.280404e+00 -2.340000e+01
      vertex   2.655420e+01 -1.690843e+00 -2.860000e+01
    endloop
  endfacet
  facet normal 9.476532e-01 3.193015e-01 6.065467e-16
    outer loop
      vertex   2.655420e+01 -1.690843e+00 -2.860000e+01
      vertex   2.641591e+01 -1.280404e+00 -2.340000e+01
      vertex   2.655420e+01 -1.690843e+00 -2.340000e+01
    endloop
  endfacet
  facet normal 9.766206e-01 2.149704e-01 6.397027e-16
    outer loop
      vertex   2.655420e+01 -1.690843e+00 -2.860000e+01
      vertex   2.655420e+01 -1.690843e+00 -2.340000e+01
      vertex   2.664731e+01 -2.113829e+00 -2.860000e+01
    endloop
  endfacet
  facet normal 9.766206e-01 2.149704e-01 -3.671771e-17
    outer loop
      vertex   2.664731e+01 -2.113829e+00 -2.860000e+01
      vertex   2.655420e+01 -1.690843e+00 -2.340000e+01
      vertex   2.664731e+01 -2.113829e+00 -2.340000e+01
    endloop
  endfacet
  facet normal 9.941380e-01 1.081190e-01 -1.846711e-17
    outer loop
      vertex   2.664731e+01 -2.113829e+00 -2.860000e+01
      vertex   2.664731e+01 -2.113829e+00 -2.340000e+01
      vertex   2.669413e+01 -2.544401e+00 -2.860000e+01
    endloop
  endfacet
  facet normal 9.941380e-01 1.081190e-01 -0.000000e+00
    outer loop
      vertex   2.669413e+01 -2.544401e+00 -2.860000e+01
      vertex   2.664731e+01 -2.113829e+00 -2.340000e+01
      vertex   2.669413e+01 -2.544401e+00 -2.340000e+01
    endloop
  endfacet
  facet normal 1.000000e+00 0.000000e+00 -0.000000e+00
    outer loop
      vertex   2.669413e+01 -2.544401e+00 -2.860000e+01
      vertex   2.669413e+01 -2.544401e+00 -2.340000e+01
      vertex   2.669413e+01 -2.977512e+00 -2.860000e+01
    endloop
  endfacet
  facet normal 1.000000e+00 0.000000e+00 0.000000e+00
    outer loop
      vertex   2.669413e+01 -2.977512e+00 -2.860000e+01
      vertex   2.669413e+01 -2.544401e+00 -2.340000e+01
      vertex   2.669413e+01 -2.977512e+00 -2.340000e+01
    endloop
  endfacet
  facet normal 9.941380e-01 -1.081190e-01 0.000000e+00
    outer loop
      vertex   2.669413e+01 -2.977512e+00 -2.860000e+01
      vertex   2.669413e+01 -2.977512e+00 -2.340000e+01
      vertex   2.664731e+01 -3.408085e+00 -2.860000e+01
    endloop
  endfacet
  facet normal 9.941380e-01 -1.081190e-01 2.770067e-17
    outer loop
      vertex   2.664731e+01 -3.408085e+00 -2.860000e+01
      vertex   2.669413e+01 -2.977512e+00 -2.340000e+01
      vertex   2.664731e+01 -3.408085e+00 -2.340000e+01
    endloop
  endfacet
  facet normal 9.766206e-01 -2.149704e-01 5.507657e-17
    outer loop
      vertex   2.664731e+01 -3.408085e+00 -2.860000e+01
      vertex   2.664731e+01 -3.408085e+00 -2.340000e+01
      vertex   2.655420e+01 -3.831070e+00 -2.860000e+01
    endloop
  endfacet
  facet normal 9.766206e-01 -2.149704e-01 -6.121644e-16
    outer loop
      vertex   2.655420e+01 -3.831070e+00 -2.860000e+01
      vertex   2.664731e+01 -3.408085e+00 -2.340000e+01
      vertex   2.655420e+01 -3.831070e+00 -2.340000e+01
    endloop
  endfacet
  facet normal 9.476532e-01 -3.193015e-01 -5.656433e-16
    outer loop
      vertex   2.655420e+01 -3.831070e+00 -2.860000e+01
      vertex   2.655420e+01 -3.831070e+00 -2.340000e+01
      vertex   2.641591e+01 -4.241509e+00 -2.860000e+01
    endloop
  endfacet
  facet normal 9.476532e-01 -3.193015e-01 1.090757e-16
    outer loop
      vertex   2.641591e+01 -4.241509e+00 -2.860000e+01
      vertex   2.655420e+01 -3.831070e+00 -2.340000e+01
      vertex   2.641591e+01 -4.241509e+00 -2.340000e+01
    endloop
  endfacet
  facet normal 9.075754e-01 -4.198891e-01 1.434371e-16
    outer loop
      vertex   2.641591e+01 -4.241509e+00 -2.860000e+01
      vertex   2.641591e+01 -4.241509e+00 -2.340000e+01
      vertex   2.623405e+01 -4.634590e+00 -2.860000e+01
    endloop
  endfacet
  facet normal 9.075754e-01 -4.198891e-01 0.000000e+00
    outer loop
      vertex   2.623405e+01 -4.634590e+00 -2.860000e+01
      vertex   2.641591e+01 -4.241509e+00 -2.340000e+01
      vertex   2.623405e+01 -4.634590e+00 -2.340000e+01
    endloop
  endfacet
  facet normal 8.568572e-01 -5.155539e-01 0.000000e+00
    outer loop
      vertex   2.623405e+01 -4.634590e+00 -2.860000e+01
      vertex   2.623405e+01 -4.634590e+00 -2.340000e+01
      vertex   2.601076e+01 -5.005705e+00 -2.860000e+01
    endloop
  endfacet
  facet normal 8.568572e-01 -5.155539e-01 0.000000e+00
    outer loop
      vertex   2.601076e+01 -5.005705e+00 -2.860000e+01
      vertex   2.623405e+01 -4.634590e+00 -2.340000e+01
      vertex   2.601076e+01 -5.005705e+00 -2.340000e+01
    endloop
  endfacet
  facet normal 7.960931e-01 -6.051742e-01 0.000000e+00
    outer loop
      vertex   2.601076e+01 -5.005705e+00 -2.860000e+01
      vertex   2.601076e+01 -5.005705e+00 -2.340000e+01
      vertex   2.574865e+01 -5.350502e+00 -2.860000e+01
    endloop
  endfacet
  facet normal 7.960931e-01 -6.051742e-01 0.000000e+00
    outer loop
      vertex   2.574865e+01 -5.350502e+00 -2.860000e+01
      vertex   2.601076e+01 -5.005705e+00 -2.340000e+01
      vertex   2.574865e+01 -5.350502e+00 -2.340000e+01
    endloop
  endfacet
  facet normal 7.259955e-01 -6.876995e-01 0.000000e+00
    outer loop
      vertex   2.574865e+01 -5.350502e+00 -2.860000e+01
      vertex   2.574865e+01 -5.350502e+00 -2.340000e+01
      vertex   2.545080e+01 -5.664939e+00 -2.860000e+01
    endloop
  endfacet
  facet normal 7.259955e-01 -6.876995e-01 0.000000e+00
    outer loop
      vertex   2.545080e+01 -5.664939e+00 -2.860000e+01
      vertex   2.574865e+01 -5.350502e+00 -2.340000e+01
      vertex   2.545080e+01 -5.664939e+00 -2.340000e+01
    endloop
  endfacet
  facet normal 6.473863e-01 -7.621621e-01 0.000000e+00
    outer loop
      vertex   2.545080e+01 -5.664939e+00 -2.860000e+01
      vertex   2.545080e+01 -5.664939e+00 -2.340000e+01
      vertex   2.512070e+01 -5.945329e+00 -2.860000e+01
    endloop
  endfacet
  facet normal 6.473863e-01 -7.621621e-01 -7.544270e-16
    outer loop
      vertex   2.512070e+01 -5.945329e+00 -2.860000e+01
      vertex   2.545080e+01 -5.664939e+00 -2.340000e+01
      vertex   2.512070e+01 -5.945329e+00 -2.340000e+01
    endloop
  endfacet
  facet normal 5.611871e-01 -8.276890e-01 -6.254497e-16
    outer loop
      vertex   2.512070e+01 -5.945329e+00 -2.860000e+01
      vertex   2.512070e+01 -5.945329e+00 -2.340000e+01
      vertex   2.476222e+01 -6.188385e+00 -2.860000e+01
    endloop
  endfacet
  facet normal 5.611871e-01 -8.276890e-01 1.413722e-16
    outer loop
      vertex   2.476222e+01 -6.188385e+00 -2.860000e+01
      vertex   2.512070e+01 -5.945329e+00 -2.340000e+01
      vertex   2.476222e+01 -6.188385e+00 -2.340000e+01
    endloop
  endfacet
  facet normal 4.684084e-01 -8.835120e-01 1.509070e-16
    outer loop
      vertex   2.476222e+01 -6.188385e+00 -2.860000e+01
      vertex   2.476222e+01 -6.188385e+00 -2.340000e+01
      vertex   2.437956e+01 -6.391258e+00 -2.860000e+01
    endloop
  endfacet
  facet normal 4.684084e-01 -8.835120e-01 1.509070e-16
    outer loop
      vertex   2.437956e+01 -6.391258e+00 -2.860000e+01
      vertex   2.476222e+01 -6.188385e+00 -2.340000e+01
      vertex   2.437956e+01 -6.391258e+00 -2.340000e+01
    endloop
  endfacet
  facet normal 3.701382e-01 -9.289767e-01 1.586725e-16
    outer loop
      vertex   2.437956e+01 -6.391258e+00 -2.860000e+01
      vertex   2.437956e+01 -6.391258e+00 -2.340000e+01
      vertex   2.397721e+01 -6.551569e+00 -2.860000e+01
    endloop
  endfacet
  facet normal 3.701382e-01 -9.289767e-01 6.446140e-17
    outer loop
      vertex   2.397721e+01 -6.551569e+00 -2.860000e+01
      vertex   2.437956e+01 -6.391258e+00 -2.340000e+01
      vertex   2.397721e+01 -6.551569e+00 -2.340000e+01
    endloop
  endfacet
  facet normal 2.675283e-01 -9.635500e-01 1.463764e-16
    outer loop
      vertex   2.397721e+01 -6.551569e+00 -2.860000e+01
      vertex   2.397721e+01 -6.551569e+00 -2.340000e+01
      vertex   2.355988e+01 -6.667439e+00 -2.860000e+01
    endloop
  endfacet
  facet normal 2.675283e-01 -9.635500e-01 0.000000e+00
    outer loop
      vertex   2.355988e+01 -6.667439e+00 -2.860000e+01
      vertex   2.397721e+01 -6.551569e+00 -2.340000e+01
      vertex   2.355988e+01 -6.667439e+00 -2.340000e+01
    endloop
  endfacet
  facet normal 1.617820e-01 -9.868265e-01 0.000000e+00
    outer loop
      vertex   2.355988e+01 -6.667439e+00 -2.860000e+01
      vertex   2.355988e+01 -6.667439e+00 -2.340000e+01
      vertex   2.313248e+01 -6.737508e+00 -2.860000e+01
    endloop
  endfacet
  facet normal 1.617820e-01 -9.868265e-01 0.000000e+00
    outer loop
      vertex   2.313248e+01 -6.737508e+00 -2.860000e+01
      vertex   2.355988e+01 -6.667439e+00 -2.340000e+01
      vertex   2.313248e+01 -6.737508e+00 -2.340000e+01
    endloop
  endfacet
  facet normal 5.413891e-02 -9.985334e-01 0.000000e+00
    outer loop
      vertex   2.313248e+01 -6.737508e+00 -2.860000e+01
      vertex   2.313248e+01 -6.737508e+00 -2.340000e+01
      vertex   2.270000e+01 -6.760957e+00 -2.860000e+01
    endloop
  endfacet
  facet normal 5.413891e-02 -9.985334e-01 0.000000e+00
    outer loop
      vertex   2.270000e+01 -6.760957e+00 -2.860000e+01
      vertex   2.313248e+01 -6.737508e+00 -2.340000e+01
      vertex   2.270000e+01 -6.760957e+00 -2.340000e+01
    endloop
  endfacet
  facet normal -1.374478e-16 -1.138925e-17 -1.000000e+00
    outer loop
      vertex   -4.873868e+00 -2.472916e+00 -2.900000e+01
      vertex   2.097387e+01 -2.472916e+00 -2.900000e+01
      vertex   -4.850000e+00 -2.760957e+00 -2.900000e+01
    endloop
  endfacet
  facet normal -1.377021e-16 1.141032e-17 -1.000000e+00
    outer loop
      vertex   -4.850000e+00 -2.760957e+00 -2.900000e+01
      vertex   2.097387e+01 -2.472916e+00 -2.900000e+01
      vertex   2.095000e+01 -2.760957e+00 -2.900000e+01
    endloop
  endfacet
  facet normal -1.377021e-16 1.141032e-17 -1.000000e+00
    outer loop
      vertex   -4.850000e+00 -2.760957e+00 -2.900000e+01
      vertex   2.095000e+01 -2.760957e+00 -2.900000e+01
      vertex   -4.873868e+00 -3.048997e+00 -2.900000e+01
    endloop
  endfacet
  facet normal -1.374478e-16 -1.138925e-17 -1.000000e+00
    outer loop
      vertex   -4.873868e+00 -3.048997e+00 -2.900000e+01
      vertex   2.095000e+01 -2.760957e+00 -2.900000e+01
      vertex   2.097387e+01 -3.048997e+00 -2.900000e+01
    endloop
  endfacet
  facet normal -1.374478e-16 3.480650e-17 -1.000000e+00
    outer loop
      vertex   -4.873868e+00 -3.048997e+00 -2.900000e+01
      vertex   2.097387e+01 -3.048997e+00 -2.900000e+01
      vertex   -4.944820e+00 -3.329181e+00 -2.900000e+01
    endloop
  endfacet
  facet normal -1.366973e-16 -3.461646e-17 -1.000000e+00
    outer loop
      vertex   -4.944820e+00 -3.329181e+00 -2.900000e+01
      vertex   2.097387e+01 -3.048997e+00 -2.900000e+01
      vertex   2.104482e+01 -3.329181e+00 -2.900000e+01
    endloop
  endfacet
  facet normal -1.366973e-16 5.996100e-17 -1.000000e+00
    outer loop
      vertex   -4.944820e+00 -3.329181e+00 -2.900000e+01
      vertex   2.104482e+01 -3.329181e+00 -2.900000e+01
      vertex   -5.060921e+00 -3.593864e+00 -2.900000e+01
    endloop
  endfacet
  facet normal -1.354868e-16 -5.943002e-17 -1.000000e+00
    outer loop
      vertex   -5.060921e+00 -3.593864e+00 -2.900000e+01
      vertex   2.104482e+01 -3.329181e+00 -2.900000e+01
      vertex   2.116092e+01 -3.593864e+00 -2.900000e+01
    endloop
  endfacet
  facet normal -1.354868e-16 8.851795e-17 -1.000000e+00
    outer loop
      vertex   -5.060921e+00 -3.593864e+00 -2.900000e+01
      vertex   2.116092e+01 -3.593864e+00 -2.900000e+01
      vertex   -5.219004e+00 -3.835829e+00 -2.900000e+01
    endloop
  endfacet
  facet normal -1.338727e-16 -8.746337e-17 -1.000000e+00
    outer loop
      vertex   -5.219004e+00 -3.835829e+00 -2.900000e+01
      vertex   2.116092e+01 -3.593864e+00 -2.900000e+01
      vertex   2.131900e+01 -3.835829e+00 -2.900000e+01
    endloop
  endfacet
  facet normal -1.338727e-16 1.232385e-16 -1.000000e+00
    outer loop
      vertex   -5.219004e+00 -3.835829e+00 -2.900000e+01
      vertex   2.131900e+01 -3.835829e+00 -2.900000e+01
      vertex   -5.414757e+00 -4.048473e+00 -2.900000e+01
    endloop
  endfacet
  facet normal -1.319264e-16 -1.214468e-16 -1.000000e+00
    outer loop
      vertex   -5.414757e+00 -4.048473e+00 -2.900000e+01
      vertex   2.131900e+01 -3.835829e+00 -2.900000e+01
      vertex   2.151476e+01 -4.048473e+00 -2.900000e+01
    endloop
  endfacet
  facet normal -1.319264e-16 1.694990e-16 -1.000000e+00
    outer loop
      vertex   -5.414757e+00 -4.048473e+00 -2.900000e+01
      vertex   2.151476e+01 -4.048473e+00 -2.900000e+01
      vertex   -5.642841e+00 -4.225998e+00 -2.900000e+01
    endloop
  endfacet
  facet normal -1.297289e-16 -1.666757e-16 -1.000000e+00
    outer loop
      vertex   -5.642841e+00 -4.225998e+00 -2.900000e+01
      vertex   2.151476e+01 -4.048473e+00 -2.900000e+01
      vertex   2.174284e+01 -4.225998e+00 -2.900000e+01
    endloop
  endfacet
  facet normal -1.297289e-16 2.397180e-16 -1.000000e+00
    outer loop
      vertex   -5.642841e+00 -4.225998e+00 -2.900000e+01
      vertex   2.174284e+01 -4.225998e+00 -2.900000e+01
      vertex   -5.897033e+00 -4.363560e+00 -2.900000e+01
    endloop
  endfacet
  facet normal -1.273645e-16 -2.353490e-16 -1.000000e+00
    outer loop
      vertex   -5.897033e+00 -4.363560e+00 -2.900000e+01
      vertex   2.174284e+01 -4.225998e+00 -2.900000e+01
      vertex   2.199703e+01 -4.363560e+00 -2.900000e+01
    endloop
  endfacet
  facet normal -1.273645e-16 4.482487e-17 -1.000000e+00
    outer loop
      vertex   -5.897033e+00 -4.363560e+00 -2.900000e+01
      vertex   2.199703e+01 -4.363560e+00 -2.900000e+01
      vertex   -6.600000e+00 -6.360957e+00 -2.900000e+01
    endloop
  endfacet
  facet normal -1.212530e-16 -4.267398e-17 -1.000000e+00
    outer loop
      vertex   -6.600000e+00 -6.360957e+00 -2.900000e+01
      vertex   2.199703e+01 -4.363560e+00 -2.900000e+01
      vertex   2.270000e+01 -6.360957e+00 -2.900000e+01
    endloop
  endfacet
  facet normal 0.000000e+00 0.000000e+00 -1.000000e+00
    outer loop
      vertex   2.270000e+01 -6.360957e+00 -2.900000e+01
      vertex   2.199703e+01 -4.363560e+00 -2.900000e+01
      vertex   2.227040e+01 -4.457407e+00 -2.900000e+01
    endloop
  endfacet
  facet normal 0.000000e+00 0.000000e+00 -1.000000e+00
    outer loop
      vertex   2.270000e+01 -6.360957e+00 -2.900000e+01
      vertex   2.227040e+01 -4.457407e+00 -2.900000e+01
      vertex   2.255549e+01 -4.504979e+00 -2.900000e+01
    endloop
  endfacet
  facet normal -1.374478e-16 3.480650e-17 -1.000000e+00
    outer loop
      vertex   2.097387e+01 -2.472916e+00 -2.900000e+01
      vertex   -4.873868e+00 -2.472916e+00 -2.900000e+01
      vertex   2.104482e+01 -2.192732e+00 -2.900000e+01
    endloop
  endfacet
  facet normal -1.366973e-16 -3.461646e-17 -1.000000e+00
    outer loop
      vertex   2.104482e+01 -2.192732e+00 -2.900000e+01
      vertex   -4.873868e+00 -2.472916e+00 -2.900000e+01
      vertex   -4.944820e+00 -2.192732e+00 -2.900000e+01
    endloop
  endfacet
  facet normal -1.366973e-16 5.996100e-17 -1.000000e+00
    outer loop
      vertex   2.104482e+01 -2.192732e+00 -2.900000e+01
      vertex   -4.944820e+00 -2.192732e+00 -2.900000e+01
      vertex   2.116092e+01 -1.928049e+00 -2.900000e+01
    endloop
  endfacet
  facet normal -1.354868e-16 -5.943002e-17 -1.000000e+00
    outer loop
      vertex   2.116092e+01 -1.928049e+00 -2.900000e+01
      vertex   -4.944820e+00 -2.192732e+00 -2.900000e+01
      vertex   -5.060921e+00 -1.928049e+00 -2.900000e+01
    endloop
  endfacet
  facet normal -1.354868e-16 8.851795e-17 -1.000000e+00
    outer loop
      vertex   2.116092e+01 -1.928049e+00 -2.900000e+01
      vertex   -5.060921e+00 -1.928049e+00 -2.900000e+01
      vertex   2.131900e+01 -1.686084e+00 -2.900000e+01
    endloop
  endfacet
  facet normal -1.338727e-16 -8.746337e-17 -1.000000e+00
    outer loop
      vertex   2.131900e+01 -1.686084e+00 -2.900000e+01
      vertex   -5.060921e+00 -1.928049e+00 -2.900000e+01
      vertex   -5.219004e+00 -1.686084e+00 -2.900000e+01
    endloop
  endfacet
  facet normal -1.338727e-16 1.232385e-16 -1.000000e+00
    outer loop
      vertex   2.131900e+01 -1.686084e+00 -2.900000e+01
      vertex   -5.219004e+00 -1.686084e+00 -2.900000e+01
      vertex   2.151476e+01 -1.473440e+00 -2.900000e+01
    endloop
  endfacet
  facet normal -1.319264e-16 -1.214468e-16 -1.000000e+00
    outer loop
      vertex   2.151476e+01 -1.473440e+00 -2.900000e+01
      vertex   -5.219004e+00 -1.686084e+00 -2.900000e+01
      vertex   -5.414757e+00 -1.473440e+00 -2.900000e+01
    endloop
  endfacet
  facet normal -1.319264e-16 1.694990e-16 -1.000000e+00
    outer loop
      vertex   2.151476e+01 -1.473440e+00 -2.900000e+01
      vertex   -5.414757e+00 -1.473440e+00 -2.900000e+01
      vertex   2.174284e+01 -1.295915e+00 -2.900000e+01
    endloop
  endfacet
  facet normal -1.297289e-16 -1.666757e-16 -1.000000e+00
    outer loop
      vertex   2.174284e+01 -1.295915e+00 -2.900000e+01
      vertex   -5.414757e+00 -1.473440e+00 -2.900000e+01
      vertex   -5.642841e+00 -1.295915e+00 -2.900000e+01
    endloop
  endfacet
  facet normal -1.297289e-16 2.397180e-16 -1.000000e+00
    outer loop
      vertex   2.174284e+01 -1.295915e+00 -2.900000e+01
      vertex   -5.642841e+00 -1.295915e+00 -2.900000e+01
      vertex   2.199703e+01 -1.158353e+00 -2.900000e+01
    endloop
  endfacet
  facet normal -1.273645e-16 -2.353490e-16 -1.000000e+00
    outer loop
      vertex   2.199703e+01 -1.158353e+00 -2.900000e+01
      vertex   -5.642841e+00 -1.295915e+00 -2.900000e+01
      vertex   -5.897033e+00 -1.158353e+00 -2.900000e+01
    endloop
  endfacet
  facet normal -1.273645e-16 1.823497e-15 -1.000000e+00
    outer loop
      vertex   2.199703e+01 -1.158353e+00 -2.900000e+01
      vertex   -5.897033e+00 -1.158353e+00 -2.900000e+01
      vertex   2.270000e+01 8.390434e-01 -2.900000e+01
    endloop
  endfacet
  facet normal -1.212530e-16 1.735998e-15 -1.000000e+00
    outer loop
      vertex   2.270000e+01 8.390434e-01 -2.900000e+01
      vertex   -5.897033e+00 -1.158353e+00 -2.900000e+01
      vertex   -6.600000e+00 8.390434e-01 -2.900000e+01
    endloop
  endfacet
  facet normal 6.945336e-16 2.023107e-15 -1.000000e+00
    outer loop
      vertex   -6.600000e+00 8.390434e-01 -2.900000e+01
      vertex   -5.897033e+00 -1.158353e+00 -2.900000e+01
      vertex   -6.170400e+00 -1.064506e+00 -2.900000e+01
    endloop
  endfacet
  facet normal 3.236287e-16 1.939400e-15 -1.000000e+00
    outer loop
      vertex   -6.600000e+00 8.390434e-01 -2.900000e+01
      vertex   -6.170400e+00 -1.064506e+00 -2.900000e+01
      vertex   -6.455486e+00 -1.016934e+00 -2.900000e+01
    endloop
  endfacet
  facet normal 0.000000e+00 0.000000e+00 -1.000000e+00
    outer loop
      vertex   -6.744514e+00 -1.016934e+00 -2.900000e+01
      vertex   -9.218545e+00 -2.904867e-01 -2.900000e+01
      vertex   -6.455486e+00 -1.016934e+00 -2.900000e+01
    endloop
  endfacet
  facet normal 0.000000e+00 0.000000e+00 -1.000000e+00
    outer loop
      vertex   -6.455486e+00 -1.016934e+00 -2.900000e+01
      vertex   -9.218545e+00 -2.904867e-01 -2.900000e+01
      vertex   -8.914035e+00 -3.196555e-03 -2.900000e+01
    endloop
  endfacet
  facet normal 0.000000e+00 0.000000e+00 -1.000000e+00
    outer loop
      vertex   -6.455486e+00 -1.016934e+00 -2.900000e+01
      vertex   -8.914035e+00 -3.196555e-03 -2.900000e+01
      vertex   -8.578232e+00 2.467996e-01 -2.900000e+01
    endloop
  endfacet
  facet normal 0.000000e+00 -0.000000e+00 -1.000000e+00
    outer loop
      vertex   -9.218545e+00 -2.904867e-01 -2.900000e+01
      vertex   -6.744514e+00 -1.016934e+00 -2.900000e+01
      vertex   -9.487644e+00 -6.111856e-01 -2.900000e+01
    endloop
  endfacet
  facet normal 0.000000e+00 0.000000e+00 -1.000000e+00
    outer loop
      vertex   -9.487644e+00 -6.111856e-01 -2.900000e+01
      vertex   -6.744514e+00 -1.016934e+00 -2.900000e+01
      vertex   -7.029600e+00 -1.064506e+00 -2.900000e+01
    endloop
  endfacet
  facet normal 0.000000e+00 -0.000000e+00 -1.000000e+00
    outer loop
      vertex   -9.487644e+00 -6.111856e-01 -2.900000e+01
      vertex   -7.029600e+00 -1.064506e+00 -2.900000e+01
      vertex   -9.717692e+00 -9.609566e-01 -2.900000e+01
    endloop
  endfacet
  facet normal 0.000000e+00 0.000000e+00 -1.000000e+00
    outer loop
      vertex   -9.717692e+00 -9.609566e-01 -2.900000e+01
      vertex   -7.029600e+00 -1.064506e+00 -2.900000e+01
      vertex   -7.302967e+00 -1.158353e+00 -2.900000e+01
    endloop
  endfacet
  facet normal 0.000000e+00 0.000000e+00 -1.000000e+00
    outer loop
      vertex   -9.717692e+00 -9.609566e-01 -2.900000e+01
      vertex   -7.302967e+00 -1.158353e+00 -2.900000e+01
      vertex   -7.557159e+00 -1.295915e+00 -2.900000e+01
    endloop
  endfacet
  facet normal 0.000000e+00 -0.000000e+00 -1.000000e+00
    outer loop
      vertex   -9.717692e+00 -9.609566e-01 -2.900000e+01
      vertex   -7.557159e+00 -1.295915e+00 -2.900000e+01
      vertex   -9.905578e+00 -1.335069e+00 -2.900000e+01
    endloop
  endfacet
  facet normal 0.000000e+00 0.000000e+00 -1.000000e+00
    outer loop
      vertex   -9.905578e+00 -1.335069e+00 -2.900000e+01
      vertex   -7.557159e+00 -1.295915e+00 -2.900000e+01
      vertex   -7.785243e+00 -1.473440e+00 -2.900000e+01
    endloop
  endfacet
  facet normal 0.000000e+00 0.000000e+00 -1.000000e+00
    outer loop
      vertex   -9.905578e+00 -1.335069e+00 -2.900000e+01
      vertex   -7.785243e+00 -1.473440e+00 -2.900000e+01
      vertex   -7.980996e+00 -1.686084e+00 -2.900000e+01
    endloop
  endfacet
  facet normal 0.000000e+00 -0.000000e+00 -1.000000e+00
    outer loop
      vertex   -9.905578e+00 -1.335069e+00 -2.900000e+01
      vertex   -7.980996e+00 -1.686084e+00 -2.900000e+01
      vertex   -1.004876e+01 -1.728465e+00 -2.900000e+01
    endloop
  endfacet
  facet normal 0.000000e+00 0.000000e+00 -1.000000e+00
    outer loop
      vertex   -1.004876e+01 -1.728465e+00 -2.900000e+01
      vertex   -7.980996e+00 -1.686084e+00 -2.900000e+01
      vertex   -8.139079e+00 -1.928049e+00 -2.900000e+01
    endloop
  endfacet
  facet normal 0.000000e+00 -0.000000e+00 -1.000000e+00
    outer loop
      vertex   -1.004876e+01 -1.728465e+00 -2.900000e+01
      vertex   -8.139079e+00 -1.928049e+00 -2.900000e+01
      vertex   -1.014531e+01 -2.135823e+00 -2.900000e+01
    endloop
  endfacet
  facet normal 0.000000e+00 0.000000e+00 -1.000000e+00
    outer loop
      vertex   -1.014531e+01 -2.135823e+00 -2.900000e+01
      vertex   -8.139079e+00 -1.928049e+00 -2.900000e+01
      vertex   -8.255180e+00 -2.192732e+00 -2.900000e+01
    endloop
  endfacet
  facet normal 0.000000e+00 0.000000e+00 -1.000000e+00
    outer loop
      vertex   -1.014531e+01 -2.135823e+00 -2.900000e+01
      vertex   -8.255180e+00 -2.192732e+00 -2.900000e+01
      vertex   -8.326132e+00 -2.472916e+00 -2.900000e+01
    endloop
  endfacet
  facet normal 0.000000e+00 -0.000000e+00 -1.000000e+00
    outer loop
      vertex   -1.014531e+01 -2.135823e+00 -2.900000e+01
      vertex   -8.326132e+00 -2.472916e+00 -2.900000e+01
      vertex   -1.019391e+01 -2.551635e+00 -2.900000e+01
    endloop
  endfacet
  facet normal 0.000000e+00 0.000000e+00 -1.000000e+00
    outer loop
      vertex   -1.019391e+01 -2.551635e+00 -2.900000e+01
      vertex   -8.326132e+00 -2.472916e+00 -2.900000e+01
      vertex   -8.350000e+00 -2.760957e+00 -2.900000e+01
    endloop
  endfacet
  facet normal 0.000000e+00 0.000000e+00 -1.000000e+00
    outer loop
      vertex   -1.019391e+01 -2.551635e+00 -2.900000e+01
      vertex   -8.350000e+00 -2.760957e+00 -2.900000e+01
      vertex   -1.019391e+01 -2.970278e+00 -2.900000e+01
    endloop
  endfacet
  facet normal 0.000000e+00 0.000000e+00 -1.000000e+00
    outer loop
      vertex   -1.019391e+01 -2.970278e+00 -2.900000e+01
      vertex   -8.350000e+00 -2.760957e+00 -2.900000e+01
      vertex   -8.326132e+00 -3.048997e+00 -2.900000e+01
    endloop
  endfacet
  facet normal 0.000000e+00 0.000000e+00 -1.000000e+00
    outer loop
      vertex   -1.019391e+01 -2.970278e+00 -2.900000e+01
      vertex   -8.326132e+00 -3.048997e+00 -2.900000e+01
      vertex   -1.014531e+01 -3.386090e+00 -2.900000e+01
    endloop
  endfacet
  facet normal 0.000000e+00 0.000000e+00 -1.000000e+00
    outer loop
      vertex   -1.014531e+01 -3.386090e+00 -2.900000e+01
      vertex   -8.326132e+00 -3.048997e+00 -2.900000e+01
      vertex   -8.255180e+00 -3.329181e+00 -2.900000e+01
    endloop
  endfacet
  facet normal 0.000000e+00 0.000000e+00 -1.000000e+00
    outer loop
      vertex   -1.014531e+01 -3.386090e+00 -2.900000e+01
      vertex   -8.255180e+00 -3.329181e+00 -2.900000e+01
      vertex   -8.139079e+00 -3.593864e+00 -2.900000e+01
    endloop
  endfacet
  facet normal 0.000000e+00 0.000000e+00 -1.000000e+00
    outer loop
      vertex   -1.014531e+01 -3.386090e+00 -2.900000e+01
      vertex   -8.139079e+00 -3.593864e+00 -2.900000e+01
      vertex   -1.004876e+01 -3.793448e+00 -2.900000e+01
    endloop
  endfacet
  facet normal 0.000000e+00 0.000000e+00 -1.000000e+00
    outer loop
      vertex   -1.004876e+01 -3.793448e+00 -2.900000e+01
      vertex   -8.139079e+00 -3.593864e+00 -2.900000e+01
      vertex   -7.980996e+00 -3.835829e+00 -2.900000e+01
    endloop
  endfacet
  facet normal 0.000000e+00 0.000000e+00 -1.000000e+00
    outer loop
      vertex   -1.004876e+01 -3.793448e+00 -2.900000e+01
      vertex   -7.980996e+00 -3.835829e+00 -2.900000e+01
      vertex   -9.905578e+00 -4.186844e+00 -2.900000e+01
    endloop
  endfacet
  facet normal 0.000000e+00 0.000000e+00 -1.000000e+00
    outer loop
      vertex   -9.905578e+00 -4.186844e+00 -2.900000e+01
      vertex   -7.980996e+00 -3.835829e+00 -2.900000e+01
      vertex   -7.785243e+00 -4.048473e+00 -2.900000e+01
    endloop
  endfacet
  facet normal 0.000000e+00 0.000000e+00 -1.000000e+00
    outer loop
      vertex   -9.905578e+00 -4.186844e+00 -2.900000e+01
      vertex   -7.785243e+00 -4.048473e+00 -2.900000e+01
      vertex   -7.557159e+00 -4.225998e+00 -2.900000e+01
    endloop
  endfacet
  facet normal 0.000000e+00 0.000000e+00 -1.000000e+00
    outer loop
      vertex   -9.905578e+00 -4.186844e+00 -2.900000e+01
      vertex   -7.557159e+00 -4.225998e+00 -2.900000e+01
      vertex   -9.717692e+00 -4.560957e+00 -2.900000e+01
    endloop
  endfacet
  facet normal 0.000000e+00 0.000000e+00 -1.000000e+00
    outer loop
      vertex   -9.717692e+00 -4.560957e+00 -2.900000e+01
      vertex   -7.557159e+00 -4.225998e+00 -2.900000e+01
      vertex   -7.302967e+00 -4.363560e+00 -2.900000e+01
    endloop
  endfacet
  facet normal 0.000000e+00 0.000000e+00 -1.000000e+00
    outer loop
      vertex   -9.717692e+00 -4.560957e+00 -2.900000e+01
      vertex   -7.302967e+00 -4.363560e+00 -2.900000e+01
      vertex   -7.029600e+00 -4.457407e+00 -2.900000e+01
    endloop
  endfacet
  facet normal 0.000000e+00 0.000000e+00 -1.000000e+00
    outer loop
      vertex   -9.717692e+00 -4.560957e+00 -2.900000e+01
      vertex   -7.029600e+00 -4.457407e+00 -2.900000e+01
      vertex   -9.487644e+00 -4.910727e+00 -2.900000e+01
    endloop
  endfacet
  facet normal 0.000000e+00 0.000000e+00 -1.000000e+00
    outer loop
      vertex   -9.487644e+00 -4.910727e+00 -2.900000e+01
      vertex   -7.029600e+00 -4.457407e+00 -2.900000e+01
      vertex   -6.744514e+00 -4.504979e+00 -2.900000e+01
    endloop
  endfacet
  facet normal 0.000000e+00 0.000000e+00 -1.000000e+00
    outer loop
      vertex   -9.487644e+00 -4.910727e+00 -2.900000e+01
      vertex   -6.744514e+00 -4.504979e+00 -2.900000e+01
      vertex   -9.218545e+00 -5.231426e+00 -2.900000e+01
    endloop
  endfacet
  facet normal 0.000000e+00 0.000000e+00 -1.000000e+00
    outer loop
      vertex   -9.218545e+00 -5.231426e+00 -2.900000e+01
      vertex   -6.744514e+00 -4.504979e+00 -2.900000e+01
      vertex   -6.455486e+00 -4.504979e+00 -2.900000e+01
    endloop
  endfacet
  facet normal 0.000000e+00 0.000000e+00 -1.000000e+00
    outer loop
      vertex   -9.218545e+00 -5.231426e+00 -2.900000e+01
      vertex   -6.455486e+00 -4.504979e+00 -2.900000e+01
      vertex   -8.914035e+00 -5.518717e+00 -2.900000e+01
    endloop
  endfacet
  facet normal 0.000000e+00 0.000000e+00 -1.000000e+00
    outer loop
      vertex   -8.914035e+00 -5.518717e+00 -2.900000e+01
      vertex   -6.455486e+00 -4.504979e+00 -2.900000e+01
      vertex   -8.578232e+00 -5.768713e+00 -2.900000e+01
    endloop
  endfacet
  facet normal 0.000000e+00 0.000000e+00 -1.000000e+00
    outer loop
      vertex   -8.578232e+00 -5.768713e+00 -2.900000e+01
      vertex   -6.455486e+00 -4.504979e+00 -2.900000e+01
      vertex   -6.600000e+00 -6.360957e+00 -2.900000e+01
    endloop
  endfacet
  facet normal 0.000000e+00 0.000000e+00 -1.000000e+00
    outer loop
      vertex   -8.578232e+00 -5.768713e+00 -2.900000e+01
      vertex   -6.600000e+00 -6.360957e+00 -2.900000e+01
      vertex   -8.215677e+00 -5.978034e+00 -2.900000e+01
    endloop
  endfacet
  facet normal 0.000000e+00 0.000000e+00 -1.000000e+00
    outer loop
      vertex   -8.215677e+00 -5.978034e+00 -2.900000e+01
      vertex   -6.600000e+00 -6.360957e+00 -2.900000e+01
      vertex   -7.831273e+00 -6.143850e+00 -2.900000e+01
    endloop
  endfacet
  facet normal 0.000000e+00 0.000000e+00 -1.000000e+00
    outer loop
      vertex   -7.831273e+00 -6.143850e+00 -2.900000e+01
      vertex   -6.600000e+00 -6.360957e+00 -2.900000e+01
      vertex   -7.430217e+00 -6.263918e+00 -2.900000e+01
    endloop
  endfacet
  facet normal 0.000000e+00 0.000000e+00 -1.000000e+00
    outer loop
      vertex   -7.430217e+00 -6.263918e+00 -2.900000e+01
      vertex   -6.600000e+00 -6.360957e+00 -2.900000e+01
      vertex   -7.017935e+00 -6.336615e+00 -2.900000e+01
    endloop
  endfacet
  facet normal 0.000000e+00 -0.000000e+00 -1.000000e+00
    outer loop
      vertex   -6.455486e+00 -4.504979e+00 -2.900000e+01
      vertex   -6.170400e+00 -4.457407e+00 -2.900000e+01
      vertex   -6.600000e+00 -6.360957e+00 -2.900000e+01
    endloop
  endfacet
  facet normal 0.000000e+00 0.000000e+00 -1.000000e+00
    outer loop
      vertex   -6.600000e+00 -6.360957e+00 -2.900000e+01
      vertex   -6.170400e+00 -4.457407e+00 -2.900000e+01
      vertex   -5.897033e+00 -4.363560e+00 -2.900000e+01
    endloop
  endfacet
  facet normal 1.908774e-15 1.581655e-16 -1.000000e+00
    outer loop
      vertex   2.442613e+01 -2.472916e+00 -2.900000e+01
      vertex   2.629391e+01 -2.551635e+00 -2.900000e+01
      vertex   2.445000e+01 -2.760957e+00 -2.900000e+01
    endloop
  endfacet
  facet normal 1.926729e-15 0.000000e+00 -1.000000e+00
    outer loop
      vertex   2.445000e+01 -2.760957e+00 -2.900000e+01
      vertex   2.629391e+01 -2.551635e+00 -2.900000e+01
      vertex   2.629391e+01 -2.970278e+00 -2.900000e+01
    endloop
  endfacet
  facet normal 1.908774e-15 -1.581655e-16 -1.000000e+00
    outer loop
      vertex   2.445000e+01 -2.760957e+00 -2.900000e+01
      vertex   2.629391e+01 -2.970278e+00 -2.900000e+01
      vertex   2.442613e+01 -3.048997e+00 -2.900000e+01
    endloop
  endfacet
  facet normal 1.911524e-15 -2.234252e-16 -1.000000e+00
    outer loop
      vertex   2.442613e+01 -3.048997e+00 -2.900000e+01
      vertex   2.629391e+01 -2.970278e+00 -2.900000e+01
      vertex   2.624531e+01 -3.386090e+00 -2.900000e+01
    endloop
  endfacet
  facet normal 1.865393e-15 -4.723816e-16 -1.000000e+00
    outer loop
      vertex   2.442613e+01 -3.048997e+00 -2.900000e+01
      vertex   2.624531e+01 -3.386090e+00 -2.900000e+01
      vertex   2.435518e+01 -3.329181e+00 -2.900000e+01
    endloop
  endfacet
  facet normal 1.855115e-15 -8.137290e-16 -1.000000e+00
    outer loop
      vertex   2.435518e+01 -3.329181e+00 -2.900000e+01
      vertex   2.624531e+01 -3.386090e+00 -2.900000e+01
      vertex   2.423908e+01 -3.593864e+00 -2.900000e+01
    endloop
  endfacet
  facet normal 1.815401e-15 -4.302580e-16 -1.000000e+00
    outer loop
      vertex   2.423908e+01 -3.593864e+00 -2.900000e+01
      vertex   2.624531e+01 -3.386090e+00 -2.900000e+01
      vertex   2.614876e+01 -3.793448e+00 -2.900000e+01
    endloop
  endfacet
  facet normal 1.741460e-15 -1.137753e-15 -1.000000e+00
    outer loop
      vertex   2.423908e+01 -3.593864e+00 -2.900000e+01
      vertex   2.614876e+01 -3.793448e+00 -2.900000e+01
      vertex   2.408100e+01 -3.835829e+00 -2.900000e+01
    endloop
  endfacet
  facet normal 1.731054e-15 -6.300522e-16 -1.000000e+00
    outer loop
      vertex   2.408100e+01 -3.835829e+00 -2.900000e+01
      vertex   2.614876e+01 -3.793448e+00 -2.900000e+01
      vertex   2.600558e+01 -4.186844e+00 -2.900000e+01
    endloop
  endfacet
  facet normal 1.580590e-15 -1.455035e-15 -1.000000e+00
    outer loop
      vertex   2.408100e+01 -3.835829e+00 -2.900000e+01
      vertex   2.600558e+01 -4.186844e+00 -2.900000e+01
      vertex   2.388524e+01 -4.048473e+00 -2.900000e+01
    endloop
  endfacet
  facet normal 1.545926e-15 -1.986206e-15 -1.000000e+00
    outer loop
      vertex   2.388524e+01 -4.048473e+00 -2.900000e+01
      vertex   2.600558e+01 -4.186844e+00 -2.900000e+01
      vertex   2.365716e+01 -4.225998e+00 -2.900000e+01
    endloop
  endfacet
  facet normal 1.525585e-15 -7.661777e-16 -1.000000e+00
    outer loop
      vertex   2.365716e+01 -4.225998e+00 -2.900000e+01
      vertex   2.600558e+01 -4.186844e+00 -2.900000e+01
      vertex   2.581769e+01 -4.560957e+00 -2.900000e+01
    endloop
  endfacet
  facet normal 1.278193e-15 -2.361894e-15 -1.000000e+00
    outer loop
      vertex   2.365716e+01 -4.225998e+00 -2.900000e+01
      vertex   2.581769e+01 -4.560957e+00 -2.900000e+01
      vertex   2.340297e+01 -4.363560e+00 -2.900000e+01
    endloop
  endfacet
  facet normal 1.188309e-15 -3.461427e-15 -1.000000e+00
    outer loop
      vertex   2.340297e+01 -4.363560e+00 -2.900000e+01
      vertex   2.581769e+01 -4.560957e+00 -2.900000e+01
      vertex   2.312960e+01 -4.457407e+00 -2.900000e+01
    endloop
  endfacet
  facet normal 1.288991e-15 -8.477827e-16 -1.000000e+00
    outer loop
      vertex   2.312960e+01 -4.457407e+00 -2.900000e+01
      vertex   2.581769e+01 -4.560957e+00 -2.900000e+01
      vertex   2.558764e+01 -4.910727e+00 -2.900000e+01
    endloop
  endfacet
  facet normal 6.865619e-16 -4.114340e-15 -1.000000e+00
    outer loop
      vertex   2.312960e+01 -4.457407e+00 -2.900000e+01
      vertex   2.558764e+01 -4.910727e+00 -2.900000e+01
      vertex   2.284451e+01 -4.504979e+00 -2.900000e+01
    endloop
  endfacet
  facet normal 1.152135e-15 -9.667557e-16 -1.000000e+00
    outer loop
      vertex   2.284451e+01 -4.504979e+00 -2.900000e+01
      vertex   2.558764e+01 -4.910727e+00 -2.900000e+01
      vertex   2.531855e+01 -5.231426e+00 -2.900000e+01
    endloop
  endfacet
  facet normal -0.000000e+00 -4.890534e-15 -1.000000e+00
    outer loop
      vertex   2.284451e+01 -4.504979e+00 -2.900000e+01
      vertex   2.531855e+01 -5.231426e+00 -2.900000e+01
      vertex   2.255549e+01 -4.504979e+00 -2.900000e+01
    endloop
  endfacet
  facet normal 1.005566e-15 -1.065838e-15 -1.000000e+00
    outer loop
      vertex   2.255549e+01 -4.504979e+00 -2.900000e+01
      vertex   2.531855e+01 -5.231426e+00 -2.900000e+01
      vertex   2.501404e+01 -5.518717e+00 -2.900000e+01
    endloop
  endfacet
  facet normal 9.299727e-16 -1.249170e-15 -1.000000e+00
    outer loop
      vertex   2.255549e+01 -4.504979e+00 -2.900000e+01
      vertex   2.501404e+01 -5.518717e+00 -2.900000e+01
      vertex   2.467823e+01 -5.768713e+00 -2.900000e+01
    endloop
  endfacet
  facet normal 1.911524e-15 2.234252e-16 -1.000000e+00
    outer loop
      vertex   2.629391e+01 -2.551635e+00 -2.900000e+01
      vertex   2.442613e+01 -2.472916e+00 -2.900000e+01
      vertex   2.624531e+01 -2.135823e+00 -2.900000e+01
    endloop
  endfacet
  facet normal 1.865393e-15 4.723816e-16 -1.000000e+00
    outer loop
      vertex   2.624531e+01 -2.135823e+00 -2.900000e+01
      vertex   2.442613e+01 -2.472916e+00 -2.900000e+01
      vertex   2.435518e+01 -2.192732e+00 -2.900000e+01
    endloop
  endfacet
  facet normal 1.855115e-15 8.137290e-16 -1.000000e+00
    outer loop
      vertex   2.624531e+01 -2.135823e+00 -2.900000e+01
      vertex   2.435518e+01 -2.192732e+00 -2.900000e+01
      vertex   2.423908e+01 -1.928049e+00 -2.900000e+01
    endloop
  endfacet
  facet normal 1.815401e-15 4.302580e-16 -1.000000e+00
    outer loop
      vertex   2.624531e+01 -2.135823e+00 -2.900000e+01
      vertex   2.423908e+01 -1.928049e+00 -2.900000e+01
      vertex   2.614876e+01 -1.728465e+00 -2.900000e+01
    endloop
  endfacet
  facet normal 1.741460e-15 1.137753e-15 -1.000000e+00
    outer loop
      vertex   2.614876e+01 -1.728465e+00 -2.900000e+01
      vertex   2.423908e+01 -1.928049e+00 -2.900000e+01
      vertex   2.408100e+01 -1.686084e+00 -2.900000e+01
    endloop
  endfacet
  facet normal 1.731054e-15 6.300522e-16 -1.000000e+00
    outer loop
      vertex   2.614876e+01 -1.728465e+00 -2.900000e+01
      vertex   2.408100e+01 -1.686084e+00 -2.900000e+01
      vertex   2.600558e+01 -1.335069e+00 -2.900000e+01
    endloop
  endfacet
  facet normal 1.580590e-15 1.455035e-15 -1.000000e+00
    outer loop
      vertex   2.600558e+01 -1.335069e+00 -2.900000e+01
      vertex   2.408100e+01 -1.686084e+00 -2.900000e+01
      vertex   2.388524e+01 -1.473440e+00 -2.900000e+01
    endloop
  endfacet
  facet normal 1.545926e-15 1.986206e-15 -1.000000e+00
    outer loop
      vertex   2.600558e+01 -1.335069e+00 -2.900000e+01
      vertex   2.388524e+01 -1.473440e+00 -2.900000e+01
      vertex   2.365716e+01 -1.295915e+00 -2.900000e+01
    endloop
  endfacet
  facet normal 1.525585e-15 7.661777e-16 -1.000000e+00
    outer loop
      vertex   2.600558e+01 -1.335069e+00 -2.900000e+01
      vertex   2.365716e+01 -1.295915e+00 -2.900000e+01
      vertex   2.581769e+01 -9.609566e-01 -2.900000e+01
    endloop
  endfacet
  facet normal 1.278193e-15 2.361894e-15 -1.000000e+00
    outer loop
      vertex   2.581769e+01 -9.609566e-01 -2.900000e+01
      vertex   2.365716e+01 -1.295915e+00 -2.900000e+01
      vertex   2.340297e+01 -1.158353e+00 -2.900000e+01
    endloop
  endfacet
  facet normal 1.188309e-15 3.461427e-15 -1.000000e+00
    outer loop
      vertex   2.581769e+01 -9.609566e-01 -2.900000e+01
      vertex   2.340297e+01 -1.158353e+00 -2.900000e+01
      vertex   2.312960e+01 -1.064506e+00 -2.900000e+01
    endloop
  endfacet
  facet normal 1.288991e-15 8.477827e-16 -1.000000e+00
    outer loop
      vertex   2.581769e+01 -9.609566e-01 -2.900000e+01
      vertex   2.312960e+01 -1.064506e+00 -2.900000e+01
      vertex   2.558764e+01 -6.111856e-01 -2.900000e+01
    endloop
  endfacet
  facet normal 6.865619e-16 4.114340e-15 -1.000000e+00
    outer loop
      vertex   2.558764e+01 -6.111856e-01 -2.900000e+01
      vertex   2.312960e+01 -1.064506e+00 -2.900000e+01
      vertex   2.284451e+01 -1.016934e+00 -2.900000e+01
    endloop
  endfacet
  facet normal 1.152135e-15 9.667557e-16 -1.000000e+00
    outer loop
      vertex   2.558764e+01 -6.111856e-01 -2.900000e+01
      vertex   2.284451e+01 -1.016934e+00 -2.900000e+01
      vertex   2.531855e+01 -2.904867e-01 -2.900000e+01
    endloop
  endfacet
  facet normal 0.000000e+00 4.890534e-15 -1.000000e+00
    outer loop
      vertex   2.531855e+01 -2.904867e-01 -2.900000e+01
      vertex   2.284451e+01 -1.016934e+00 -2.900000e+01
      vertex   2.255549e+01 -1.016934e+00 -2.900000e+01
    endloop
  endfacet
  facet normal 1.005566e-15 1.065838e-15 -1.000000e+00
    outer loop
      vertex   2.531855e+01 -2.904867e-01 -2.900000e+01
      vertex   2.255549e+01 -1.016934e+00 -2.900000e+01
      vertex   2.501404e+01 -3.196555e-03 -2.900000e+01
    endloop
  endfacet
  facet normal 9.299727e-16 1.249170e-15 -1.000000e+00
    outer loop
      vertex   2.501404e+01 -3.196555e-03 -2.900000e+01
      vertex   2.255549e+01 -1.016934e+00 -2.900000e+01
      vertex   2.467823e+01 2.467996e-01 -2.900000e+01
    endloop
  endfacet
  facet normal 5.600196e-16 1.870596e-15 -1.000000e+00
    outer loop
      vertex   2.467823e+01 2.467996e-01 -2.900000e+01
      vertex   2.255549e+01 -1.016934e+00 -2.900000e+01
      vertex   2.270000e+01 8.390434e-01 -2.900000e+01
    endloop
  endfacet
  facet normal 0.000000e+00 0.000000e+00 -1.000000e+00
    outer loop
      vertex   2.467823e+01 2.467996e-01 -2.900000e+01
      vertex   2.270000e+01 8.390434e-01 -2.900000e+01
      vertex   2.431568e+01 4.561210e-01 -2.900000e+01
    endloop
  endfacet
  facet normal 0.000000e+00 0.000000e+00 -1.000000e+00
    outer loop
      vertex   2.431568e+01 4.561210e-01 -2.900000e+01
      vertex   2.270000e+01 8.390434e-01 -2.900000e+01
      vertex   2.393127e+01 6.219369e-01 -2.900000e+01
    endloop
  endfacet
  facet normal 0.000000e+00 0.000000e+00 -1.000000e+00
    outer loop
      vertex   2.393127e+01 6.219369e-01 -2.900000e+01
      vertex   2.270000e+01 8.390434e-01 -2.900000e+01
      vertex   2.353022e+01 7.420050e-01 -2.900000e+01
    endloop
  endfacet
  facet normal 0.000000e+00 0.000000e+00 -1.000000e+00
    outer loop
      vertex   2.353022e+01 7.420050e-01 -2.900000e+01
      vertex   2.270000e+01 8.390434e-01 -2.900000e+01
      vertex   2.311793e+01 8.147015e-01 -2.900000e+01
    endloop
  endfacet
  facet normal -3.236287e-16 1.939400e-15 -1.000000e+00
    outer loop
      vertex   2.255549e+01 -1.016934e+00 -2.900000e+01
      vertex   2.227040e+01 -1.064506e+00 -2.900000e+01
      vertex   2.270000e+01 8.390434e-01 -2.900000e+01
    endloop
  endfacet
  facet normal -6.945336e-16 2.023107e-15 -1.000000e+00
    outer loop
      vertex   2.270000e+01 8.390434e-01 -2.900000e+01
      vertex   2.227040e+01 -1.064506e+00 -2.900000e+01
      vertex   2.199703e+01 -1.158353e+00 -2.900000e+01
    endloop
  endfacet
  facet normal 1.754993e-15 1.366508e-16 -1.000000e+00
    outer loop
      vertex   2.255549e+01 -4.504979e+00 -2.900000e+01
      vertex   2.467823e+01 -5.768713e+00 -2.900000e+01
      vertex   2.270000e+01 -6.360957e+00 -2.900000e+01
    endloop
  endfacet
  facet normal 3.730134e-15 -6.460782e-15 -1.000000e+00
    outer loop
      vertex   2.270000e+01 -6.360957e+00 -2.900000e+01
      vertex   2.467823e+01 -5.768713e+00 -2.900000e+01
      vertex   2.431568e+01 -5.978034e+00 -2.900000e+01
    endloop
  endfacet
  facet normal 4.880350e-15 -1.131392e-14 -1.000000e+00
    outer loop
      vertex   2.270000e+01 -6.360957e+00 -2.900000e+01
      vertex   2.431568e+01 -5.978034e+00 -2.900000e+01
      vertex   2.393127e+01 -6.143850e+00 -2.900000e+01
    endloop
  endfacet
  facet normal 7.019979e-15 -2.344836e-14 -1.000000e+00
    outer loop
      vertex   2.393127e+01 -6.143850e+00 -2.900000e+01
      vertex   2.353022e+01 -6.263918e+00 -2.900000e+01
      vertex   2.270000e+01 -6.360957e+00 -2.900000e+01
    endloop
  endfacet
  facet normal 1.269349e-14 -7.198837e-14 -1.000000e+00
    outer loop
      vertex   2.270000e+01 -6.360957e+00 -2.900000e+01
      vertex   2.353022e+01 -6.263918e+00 -2.900000e+01
      vertex   2.311793e+01 -6.336615e+00 -2.900000e+01
    endloop
  endfacet
  facet normal 1.194973e-15 2.007247e-15 -1.000000e+00
    outer loop
      vertex   -6.455486e+00 -1.016934e+00 -2.900000e+01
      vertex   -8.578232e+00 2.467996e-01 -2.900000e+01
      vertex   -6.600000e+00 8.390434e-01 -2.900000e+01
    endloop
  endfacet
  facet normal 3.730134e-15 -6.460782e-15 -1.000000e+00
    outer loop
      vertex   -6.600000e+00 8.390434e-01 -2.900000e+01
      vertex   -8.578232e+00 2.467996e-01 -2.900000e+01
      vertex   -8.215677e+00 4.561210e-01 -2.900000e+01
    endloop
  endfacet
  facet normal 4.880350e-15 -1.131392e-14 -1.000000e+00
    outer loop
      vertex   -6.600000e+00 8.390434e-01 -2.900000e+01
      vertex   -8.215677e+00 4.561210e-01 -2.900000e+01
      vertex   -7.831273e+00 6.219369e-01 -2.900000e+01
    endloop
  endfacet
  facet normal 7.019979e-15 -2.344836e-14 -1.000000e+00
    outer loop
      vertex   -7.831273e+00 6.219369e-01 -2.900000e+01
      vertex   -7.430217e+00 7.420050e-01 -2.900000e+01
      vertex   -6.600000e+00 8.390434e-01 -2.900000e+01
    endloop
  endfacet
  facet normal 1.269349e-14 -7.198837e-14 -1.000000e+00
    outer loop
      vertex   -6.600000e+00 8.390434e-01 -2.900000e+01
      vertex   -7.430217e+00 7.420050e-01 -2.900000e+01
      vertex   -7.017935e+00 8.147015e-01 -2.900000e+01
    endloop
  endfacet
  facet normal -9.965845e-01 -8.257935e-02 -0.000000e+00
    outer loop
      vertex   -4.873868e+00 -2.472916e+00 -2.300000e+01
      vertex   -4.873868e+00 -2.472916e+00 -2.900000e+01
      vertex   -4.850000e+00 -2.760957e+00 -2.300000e+01
    endloop
  endfacet
  facet normal -9.965845e-01 -8.257935e-02 -0.000000e+00
    outer loop
      vertex   -4.850000e+00 -2.760957e+00 -2.300000e+01
      vertex   -4.873868e+00 -2.472916e+00 -2.900000e+01
      vertex   -4.850000e+00 -2.760957e+00 -2.900000e+01
    endloop
  endfacet
  facet normal -9.965845e-01 8.257935e-02 0.000000e+00
    outer loop
      vertex   -4.850000e+00 -2.760957e+00 -2.300000e+01
      vertex   -4.850000e+00 -2.760957e+00 -2.900000e+01
      vertex   -4.873868e+00 -3.048997e+00 -2.300000e+01
    endloop
  endfacet
  facet normal -9.965845e-01 8.257935e-02 0.000000e+00
    outer loop
      vertex   -4.873868e+00 -3.048997e+00 -2.300000e+01
      vertex   -4.850000e+00 -2.760957e+00 -2.900000e+01
      vertex   -4.873868e+00 -3.048997e+00 -2.900000e+01
    endloop
  endfacet
  facet normal -9.694003e-01 2.454855e-01 0.000000e+00
    outer loop
      vertex   -4.873868e+00 -3.048997e+00 -2.300000e+01
      vertex   -4.873868e+00 -3.048997e+00 -2.900000e+01
      vertex   -4.944820e+00 -3.329181e+00 -2.300000e+01
    endloop
  endfacet
  facet normal -9.694003e-01 2.454855e-01 0.000000e+00
    outer loop
      vertex   -4.944820e+00 -3.329181e+00 -2.300000e+01
      vertex   -4.873868e+00 -3.048997e+00 -2.900000e+01
      vertex   -4.944820e+00 -3.329181e+00 -2.900000e+01
    endloop
  endfacet
  facet normal -9.157733e-01 4.016954e-01 0.000000e+00
    outer loop
      vertex   -4.944820e+00 -3.329181e+00 -2.300000e+01
      vertex   -4.944820e+00 -3.329181e+00 -2.900000e+01
      vertex   -5.060921e+00 -3.593864e+00 -2.300000e+01
    endloop
  endfacet
  facet normal -9.157733e-01 4.016954e-01 0.000000e+00
    outer loop
      vertex   -5.060921e+00 -3.593864e+00 -2.300000e+01
      vertex   -4.944820e+00 -3.329181e+00 -2.900000e+01
      vertex   -5.060921e+00 -3.593864e+00 -2.900000e+01
    endloop
  endfacet
  facet normal -8.371665e-01 5.469482e-01 0.000000e+00
    outer loop
      vertex   -5.060921e+00 -3.593864e+00 -2.300000e+01
      vertex   -5.060921e+00 -3.593864e+00 -2.900000e+01
      vertex   -5.219004e+00 -3.835829e+00 -2.300000e+01
    endloop
  endfacet
  facet normal -8.371665e-01 5.469482e-01 0.000000e+00
    outer loop
      vertex   -5.219004e+00 -3.835829e+00 -2.300000e+01
      vertex   -5.060921e+00 -3.593864e+00 -2.900000e+01
      vertex   -5.219004e+00 -3.835829e+00 -2.900000e+01
    endloop
  endfacet
  facet normal -7.357239e-01 6.772816e-01 0.000000e+00
    outer loop
      vertex   -5.219004e+00 -3.835829e+00 -2.300000e+01
      vertex   -5.219004e+00 -3.835829e+00 -2.900000e+01
      vertex   -5.414757e+00 -4.048473e+00 -2.300000e+01
    endloop
  endfacet
  facet normal -7.357239e-01 6.772816e-01 0.000000e+00
    outer loop
      vertex   -5.414757e+00 -4.048473e+00 -2.300000e+01
      vertex   -5.219004e+00 -3.835829e+00 -2.900000e+01
      vertex   -5.414757e+00 -4.048473e+00 -2.900000e+01
    endloop
  endfacet
  facet normal -6.142127e-01 7.891405e-01 0.000000e+00
    outer loop
      vertex   -5.414757e+00 -4.048473e+00 -2.300000e+01
      vertex   -5.414757e+00 -4.048473e+00 -2.900000e+01
      vertex   -5.642841e+00 -4.225998e+00 -2.300000e+01
    endloop
  endfacet
  facet normal -6.142127e-01 7.891405e-01 0.000000e+00
    outer loop
      vertex   -5.642841e+00 -4.225998e+00 -2.300000e+01
      vertex   -5.414757e+00 -4.048473e+00 -2.900000e+01
      vertex   -5.642841e+00 -4.225998e+00 -2.900000e+01
    endloop
  endfacet
  facet normal -4.759474e-01 8.794738e-01 0.000000e+00
    outer loop
      vertex   -5.642841e+00 -4.225998e+00 -2.300000e+01
      vertex   -5.642841e+00 -4.225998e+00 -2.900000e+01
      vertex   -5.897033e+00 -4.363560e+00 -2.300000e+01
    endloop
  endfacet
  facet normal -4.759474e-01 8.794738e-01 0.000000e+00
    outer loop
      vertex   -5.897033e+00 -4.363560e+00 -2.300000e+01
      vertex   -5.642841e+00 -4.225998e+00 -2.900000e+01
      vertex   -5.897033e+00 -4.363560e+00 -2.900000e+01
    endloop
  endfacet
  facet normal -3.246995e-01 9.458172e-01 0.000000e+00
    outer loop
      vertex   -5.897033e+00 -4.363560e+00 -2.300000e+01
      vertex   -5.897033e+00 -4.363560e+00 -2.900000e+01
      vertex   -6.170400e+00 -4.457407e+00 -2.300000e+01
    endloop
  endfacet
  facet normal -3.246995e-01 9.458172e-01 0.000000e+00
    outer loop
      vertex   -6.170400e+00 -4.457407e+00 -2.300000e+01
      vertex   -5.897033e+00 -4.363560e+00 -2.900000e+01
      vertex   -6.170400e+00 -4.457407e+00 -2.900000e+01
    endloop
  endfacet
  facet normal -1.645946e-01 9.863613e-01 0.000000e+00
    outer loop
      vertex   -6.170400e+00 -4.457407e+00 -2.300000e+01
      vertex   -6.170400e+00 -4.457407e+00 -2.900000e+01
      vertex   -6.455486e+00 -4.504979e+00 -2.300000e+01
    endloop
  endfacet
  facet normal -1.645946e-01 9.863613e-01 0.000000e+00
    outer loop
      vertex   -6.455486e+00 -4.504979e+00 -2.300000e+01
      vertex   -6.170400e+00 -4.457407e+00 -2.900000e+01
      vertex   -6.455486e+00 -4.504979e+00 -2.900000e+01
    endloop
  endfacet
  facet normal 0.000000e+00 1.000000e+00 0.000000e+00
    outer loop
      vertex   -6.455486e+00 -4.504979e+00 -2.300000e+01
      vertex   -6.455486e+00 -4.504979e+00 -2.900000e+01
      vertex   -6.744514e+00 -4.504979e+00 -2.300000e+01
    endloop
  endfacet
  facet normal 0.000000e+00 1.000000e+00 0.000000e+00
    outer loop
      vertex   -6.744514e+00 -4.504979e+00 -2.300000e+01
      vertex   -6.455486e+00 -4.504979e+00 -2.900000e+01
      vertex   -6.744514e+00 -4.504979e+00 -2.900000e+01
    endloop
  endfacet
  facet normal 1.645946e-01 9.863613e-01 0.000000e+00
    outer loop
      vertex   -6.744514e+00 -4.504979e+00 -2.300000e+01
      vertex   -6.744514e+00 -4.504979e+00 -2.900000e+01
      vertex   -7.029600e+00 -4.457407e+00 -2.300000e+01
    endloop
  endfacet
  facet normal 1.645946e-01 9.863613e-01 0.000000e+00
    outer loop
      vertex   -7.029600e+00 -4.457407e+00 -2.300000e+01
      vertex   -6.744514e+00 -4.504979e+00 -2.900000e+01
      vertex   -7.029600e+00 -4.457407e+00 -2.900000e+01
    endloop
  endfacet
  facet normal 3.246995e-01 9.458172e-01 0.000000e+00
    outer loop
      vertex   -7.029600e+00 -4.457407e+00 -2.300000e+01
      vertex   -7.029600e+00 -4.457407e+00 -2.900000e+01
      vertex   -7.302967e+00 -4.363560e+00 -2.300000e+01
    endloop
  endfacet
  facet normal 3.246995e-01 9.458172e-01 0.000000e+00
    outer loop
      vertex   -7.302967e+00 -4.363560e+00 -2.300000e+01
      vertex   -7.029600e+00 -4.457407e+00 -2.900000e+01
      vertex   -7.302967e+00 -4.363560e+00 -2.900000e+01
    endloop
  endfacet
  facet normal 4.759474e-01 8.794738e-01 0.000000e+00
    outer loop
      vertex   -7.302967e+00 -4.363560e+00 -2.300000e+01
      vertex   -7.302967e+00 -4.363560e+00 -2.900000e+01
      vertex   -7.557159e+00 -4.225998e+00 -2.300000e+01
    endloop
  endfacet
  facet normal 4.759474e-01 8.794738e-01 0.000000e+00
    outer loop
      vertex   -7.557159e+00 -4.225998e+00 -2.300000e+01
      vertex   -7.302967e+00 -4.363560e+00 -2.900000e+01
      vertex   -7.557159e+00 -4.225998e+00 -2.900000e+01
    endloop
  endfacet
  facet normal 6.142127e-01 7.891405e-01 0.000000e+00
    outer loop
      vertex   -7.557159e+00 -4.225998e+00 -2.300000e+01
      vertex   -7.557159e+00 -4.225998e+00 -2.900000e+01
      vertex   -7.785243e+00 -4.048473e+00 -2.300000e+01
    endloop
  endfacet
  facet normal 6.142127e-01 7.891405e-01 0.000000e+00
    outer loop
      vertex   -7.785243e+00 -4.048473e+00 -2.300000e+01
      vertex   -7.557159e+00 -4.225998e+00 -2.900000e+01
      vertex   -7.785243e+00 -4.048473e+00 -2.900000e+01
    endloop
  endfacet
  facet normal 7.357239e-01 6.772816e-01 0.000000e+00
    outer loop
      vertex   -7.785243e+00 -4.048473e+00 -2.300000e+01
      vertex   -7.785243e+00 -4.048473e+00 -2.900000e+01
      vertex   -7.980996e+00 -3.835829e+00 -2.300000e+01
    endloop
  endfacet
  facet normal 7.357239e-01 6.772816e-01 0.000000e+00
    outer loop
      vertex   -7.980996e+00 -3.835829e+00 -2.300000e+01
      vertex   -7.785243e+00 -4.048473e+00 -2.900000e+01
      vertex   -7.980996e+00 -3.835829e+00 -2.900000e+01
    endloop
  endfacet
  facet normal 8.371665e-01 5.469482e-01 0.000000e+00
    outer loop
      vertex   -7.980996e+00 -3.835829e+00 -2.300000e+01
      vertex   -7.980996e+00 -3.835829e+00 -2.900000e+01
      vertex   -8.139079e+00 -3.593864e+00 -2.300000e+01
    endloop
  endfacet
  facet normal 8.371665e-01 5.469482e-01 0.000000e+00
    outer loop
      vertex   -8.139079e+00 -3.593864e+00 -2.300000e+01
      vertex   -7.980996e+00 -3.835829e+00 -2.900000e+01
      vertex   -8.139079e+00 -3.593864e+00 -2.900000e+01
    endloop
  endfacet
  facet normal 9.157733e-01 4.016954e-01 0.000000e+00
    outer loop
      vertex   -8.139079e+00 -3.593864e+00 -2.300000e+01
      vertex   -8.139079e+00 -3.593864e+00 -2.900000e+01
      vertex   -8.255180e+00 -3.329181e+00 -2.300000e+01
    endloop
  endfacet
  facet normal 9.157733e-01 4.016954e-01 0.000000e+00
    outer loop
      vertex   -8.255180e+00 -3.329181e+00 -2.300000e+01
      vertex   -8.139079e+00 -3.593864e+00 -2.900000e+01
      vertex   -8.255180e+00 -3.329181e+00 -2.900000e+01
    endloop
  endfacet
  facet normal 9.694003e-01 2.454855e-01 0.000000e+00
    outer loop
      vertex   -8.255180e+00 -3.329181e+00 -2.300000e+01
      vertex   -8.255180e+00 -3.329181e+00 -2.900000e+01
      vertex   -8.326132e+00 -3.048997e+00 -2.300000e+01
    endloop
  endfacet
  facet normal 9.694003e-01 2.454855e-01 0.000000e+00
    outer loop
      vertex   -8.326132e+00 -3.048997e+00 -2.300000e+01
      vertex   -8.255180e+00 -3.329181e+00 -2.900000e+01
      vertex   -8.326132e+00 -3.048997e+00 -2.900000e+01
    endloop
  endfacet
  facet normal 9.965845e-01 8.257935e-02 0.000000e+00
    outer loop
      vertex   -8.326132e+00 -3.048997e+00 -2.300000e+01
      vertex   -8.326132e+00 -3.048997e+00 -2.900000e+01
      vertex   -8.350000e+00 -2.760957e+00 -2.300000e+01
    endloop
  endfacet
  facet normal 9.965845e-01 8.257935e-02 0.000000e+00
    outer loop
      vertex   -8.350000e+00 -2.760957e+00 -2.300000e+01
      vertex   -8.326132e+00 -3.048997e+00 -2.900000e+01
      vertex   -8.350000e+00 -2.760957e+00 -2.900000e+01
    endloop
  endfacet
  facet normal 9.965845e-01 -8.257935e-02 0.000000e+00
    outer loop
      vertex   -8.350000e+00 -2.760957e+00 -2.300000e+01
      vertex   -8.350000e+00 -2.760957e+00 -2.900000e+01
      vertex   -8.326132e+00 -2.472916e+00 -2.300000e+01
    endloop
  endfacet
  facet normal 9.965845e-01 -8.257935e-02 0.000000e+00
    outer loop
      vertex   -8.326132e+00 -2.472916e+00 -2.300000e+01
      vertex   -8.350000e+00 -2.760957e+00 -2.900000e+01
      vertex   -8.326132e+00 -2.472916e+00 -2.900000e+01
    endloop
  endfacet
  facet normal 9.694003e-01 -2.454855e-01 0.000000e+00
    outer loop
      vertex   -8.326132e+00 -2.472916e+00 -2.300000e+01
      vertex   -8.326132e+00 -2.472916e+00 -2.900000e+01
      vertex   -8.255180e+00 -2.192732e+00 -2.300000e+01
    endloop
  endfacet
  facet normal 9.694003e-01 -2.454855e-01 0.000000e+00
    outer loop
      vertex   -8.255180e+00 -2.192732e+00 -2.300000e+01
      vertex   -8.326132e+00 -2.472916e+00 -2.900000e+01
      vertex   -8.255180e+00 -2.192732e+00 -2.900000e+01
    endloop
  endfacet
  facet normal 9.157733e-01 -4.016954e-01 0.000000e+00
    outer loop
      vertex   -8.255180e+00 -2.192732e+00 -2.300000e+01
      vertex   -8.255180e+00 -2.192732e+00 -2.900000e+01
      vertex   -8.139079e+00 -1.928049e+00 -2.300000e+01
    endloop
  endfacet
  facet normal 9.157733e-01 -4.016954e-01 0.000000e+00
    outer loop
      vertex   -8.139079e+00 -1.928049e+00 -2.300000e+01
      vertex   -8.255180e+00 -2.192732e+00 -2.900000e+01
      vertex   -8.139079e+00 -1.928049e+00 -2.900000e+01
    endloop
  endfacet
  facet normal 8.371665e-01 -5.469482e-01 0.000000e+00
    outer loop
      vertex   -8.139079e+00 -1.928049e+00 -2.300000e+01
      vertex   -8.139079e+00 -1.928049e+00 -2.900000e+01
      vertex   -7.980996e+00 -1.686084e+00 -2.300000e+01
    endloop
  endfacet
  facet normal 8.371665e-01 -5.469482e-01 0.000000e+00
    outer loop
      vertex   -7.980996e+00 -1.686084e+00 -2.300000e+01
      vertex   -8.139079e+00 -1.928049e+00 -2.900000e+01
      vertex   -7.980996e+00 -1.686084e+00 -2.900000e+01
    endloop
  endfacet
  facet normal 7.357239e-01 -6.772816e-01 0.000000e+00
    outer loop
      vertex   -7.980996e+00 -1.686084e+00 -2.300000e+01
      vertex   -7.980996e+00 -1.686084e+00 -2.900000e+01
      vertex   -7.785243e+00 -1.473440e+00 -2.300000e+01
    endloop
  endfacet
  facet normal 7.357239e-01 -6.772816e-01 0.000000e+00
    outer loop
      vertex   -7.785243e+00 -1.473440e+00 -2.300000e+01
      vertex   -7.980996e+00 -1.686084e+00 -2.900000e+01
      vertex   -7.785243e+00 -1.473440e+00 -2.900000e+01
    endloop
  endfacet
  facet normal 6.142127e-01 -7.891405e-01 0.000000e+00
    outer loop
      vertex   -7.785243e+00 -1.473440e+00 -2.300000e+01
      vertex   -7.785243e+00 -1.473440e+00 -2.900000e+01
      vertex   -7.557159e+00 -1.295915e+00 -2.300000e+01
    endloop
  endfacet
  facet normal 6.142127e-01 -7.891405e-01 0.000000e+00
    outer loop
      vertex   -7.557159e+00 -1.295915e+00 -2.300000e+01
      vertex   -7.785243e+00 -1.473440e+00 -2.900000e+01
      vertex   -7.557159e+00 -1.295915e+00 -2.900000e+01
    endloop
  endfacet
  facet normal 4.759474e-01 -8.794738e-01 0.000000e+00
    outer loop
      vertex   -7.557159e+00 -1.295915e+00 -2.300000e+01
      vertex   -7.557159e+00 -1.295915e+00 -2.900000e+01
      vertex   -7.302967e+00 -1.158353e+00 -2.300000e+01
    endloop
  endfacet
  facet normal 4.759474e-01 -8.794738e-01 0.000000e+00
    outer loop
      vertex   -7.302967e+00 -1.158353e+00 -2.300000e+01
      vertex   -7.557159e+00 -1.295915e+00 -2.900000e+01
      vertex   -7.302967e+00 -1.158353e+00 -2.900000e+01
    endloop
  endfacet
  facet normal 3.246995e-01 -9.458172e-01 0.000000e+00
    outer loop
      vertex   -7.302967e+00 -1.158353e+00 -2.300000e+01
      vertex   -7.302967e+00 -1.158353e+00 -2.900000e+01
      vertex   -7.029600e+00 -1.064506e+00 -2.300000e+01
    endloop
  endfacet
  facet normal 3.246995e-01 -9.458172e-01 0.000000e+00
    outer loop
      vertex   -7.029600e+00 -1.064506e+00 -2.300000e+01
      vertex   -7.302967e+00 -1.158353e+00 -2.900000e+01
      vertex   -7.029600e+00 -1.064506e+00 -2.900000e+01
    endloop
  endfacet
  facet normal 1.645946e-01 -9.863613e-01 0.000000e+00
    outer loop
      vertex   -7.029600e+00 -1.064506e+00 -2.300000e+01
      vertex   -7.029600e+00 -1.064506e+00 -2.900000e+01
      vertex   -6.744514e+00 -1.016934e+00 -2.300000e+01
    endloop
  endfacet
  facet normal 1.645946e-01 -9.863613e-01 0.000000e+00
    outer loop
      vertex   -6.744514e+00 -1.016934e+00 -2.300000e+01
      vertex   -7.029600e+00 -1.064506e+00 -2.900000e+01
      vertex   -6.744514e+00 -1.016934e+00 -2.900000e+01
    endloop
  endfacet
  facet normal 0.000000e+00 -1.000000e+00 0.000000e+00
    outer loop
      vertex   -6.744514e+00 -1.016934e+00 -2.300000e+01
      vertex   -6.744514e+00 -1.016934e+00 -2.900000e+01
      vertex   -6.455486e+00 -1.016934e+00 -2.300000e+01
    endloop
  endfacet
  facet normal 0.000000e+00 -1.000000e+00 -0.000000e+00
    outer loop
      vertex   -6.455486e+00 -1.016934e+00 -2.300000e+01
      vertex   -6.744514e+00 -1.016934e+00 -2.900000e+01
      vertex   -6.455486e+00 -1.016934e+00 -2.900000e+01
    endloop
  endfacet
  facet normal -1.645946e-01 -9.863613e-01 -0.000000e+00
    outer loop
      vertex   -6.455486e+00 -1.016934e+00 -2.300000e+01
      vertex   -6.455486e+00 -1.016934e+00 -2.900000e+01
      vertex   -6.170400e+00 -1.064506e+00 -2.300000e+01
    endloop
  endfacet
  facet normal -1.645946e-01 -9.863613e-01 -0.000000e+00
    outer loop
      vertex   -6.170400e+00 -1.064506e+00 -2.300000e+01
      vertex   -6.455486e+00 -1.016934e+00 -2.900000e+01
      vertex   -6.170400e+00 -1.064506e+00 -2.900000e+01
    endloop
  endfacet
  facet normal -3.246995e-01 -9.458172e-01 -0.000000e+00
    outer loop
      vertex   -6.170400e+00 -1.064506e+00 -2.300000e+01
      vertex   -6.170400e+00 -1.064506e+00 -2.900000e+01
      vertex   -5.897033e+00 -1.158353e+00 -2.300000e+01
    endloop
  endfacet
  facet normal -3.246995e-01 -9.458172e-01 -0.000000e+00
    outer loop
      vertex   -5.897033e+00 -1.158353e+00 -2.300000e+01
      vertex   -6.170400e+00 -1.064506e+00 -2.900000e+01
      vertex   -5.897033e+00 -1.158353e+00 -2.900000e+01
    endloop
  endfacet
  facet normal -4.759474e-01 -8.794738e-01 -0.000000e+00
    outer loop
      vertex   -5.897033e+00 -1.158353e+00 -2.300000e+01
      vertex   -5.897033e+00 -1.158353e+00 -2.900000e+01
      vertex   -5.642841e+00 -1.295915e+00 -2.300000e+01
    endloop
  endfacet
  facet normal -4.759474e-01 -8.794738e-01 -0.000000e+00
    outer loop
      vertex   -5.642841e+00 -1.295915e+00 -2.300000e+01
      vertex   -5.897033e+00 -1.158353e+00 -2.900000e+01
      vertex   -5.642841e+00 -1.295915e+00 -2.900000e+01
    endloop
  endfacet
  facet normal -6.142127e-01 -7.891405e-01 -0.000000e+00
    outer loop
      vertex   -5.642841e+00 -1.295915e+00 -2.300000e+01
      vertex   -5.642841e+00 -1.295915e+00 -2.900000e+01
      vertex   -5.414757e+00 -1.473440e+00 -2.300000e+01
    endloop
  endfacet
  facet normal -6.142127e-01 -7.891405e-01 -0.000000e+00
    outer loop
      vertex   -5.414757e+00 -1.473440e+00 -2.300000e+01
      vertex   -5.642841e+00 -1.295915e+00 -2.900000e+01
      vertex   -5.414757e+00 -1.473440e+00 -2.900000e+01
    endloop
  endfacet
  facet normal -7.357239e-01 -6.772816e-01 -0.000000e+00
    outer loop
      vertex   -5.414757e+00 -1.473440e+00 -2.300000e+01
      vertex   -5.414757e+00 -1.473440e+00 -2.900000e+01
      vertex   -5.219004e+00 -1.686084e+00 -2.300000e+01
    endloop
  endfacet
  facet normal -7.357239e-01 -6.772816e-01 -0.000000e+00
    outer loop
      vertex   -5.219004e+00 -1.686084e+00 -2.300000e+01
      vertex   -5.414757e+00 -1.473440e+00 -2.900000e+01
      vertex   -5.219004e+00 -1.686084e+00 -2.900000e+01
    endloop
  endfacet
  facet normal -8.371665e-01 -5.469482e-01 -0.000000e+00
    outer loop
      vertex   -5.219004e+00 -1.686084e+00 -2.300000e+01
      vertex   -5.219004e+00 -1.686084e+00 -2.900000e+01
      vertex   -5.060921e+00 -1.928049e+00 -2.300000e+01
    endloop
  endfacet
  facet normal -8.371665e-01 -5.469482e-01 -0.000000e+00
    outer loop
      vertex   -5.060921e+00 -1.928049e+00 -2.300000e+01
      vertex   -5.219004e+00 -1.686084e+00 -2.900000e+01
      vertex   -5.060921e+00 -1.928049e+00 -2.900000e+01
    endloop
  endfacet
  facet normal -9.157733e-01 -4.016954e-01 -0.000000e+00
    outer loop
      vertex   -5.060921e+00 -1.928049e+00 -2.300000e+01
      vertex   -5.060921e+00 -1.928049e+00 -2.900000e+01
      vertex   -4.944820e+00 -2.192732e+00 -2.300000e+01
    endloop
  endfacet
  facet normal -9.157733e-01 -4.016954e-01 -0.000000e+00
    outer loop
      vertex   -4.944820e+00 -2.192732e+00 -2.300000e+01
      vertex   -5.060921e+00 -1.928049e+00 -2.900000e+01
      vertex   -4.944820e+00 -2.192732e+00 -2.900000e+01
    endloop
  endfacet
  facet normal -9.694003e-01 -2.454855e-01 -0.000000e+00
    outer loop
      vertex   -4.944820e+00 -2.192732e+00 -2.300000e+01
      vertex   -4.944820e+00 -2.192732e+00 -2.900000e+01
      vertex   -4.873868e+00 -2.472916e+00 -2.300000e+01
    endloop
  endfacet
  facet normal -9.694003e-01 -2.454855e-01 -0.000000e+00
    outer loop
      vertex   -4.873868e+00 -2.472916e+00 -2.300000e+01
      vertex   -4.944820e+00 -2.192732e+00 -2.900000e+01
      vertex   -4.873868e+00 -2.472916e+00 -2.900000e+01
    endloop
  endfacet
  facet normal -9.965845e-01 -8.257935e-02 -0.000000e+00
    outer loop
      vertex   2.442613e+01 -2.472916e+00 -2.300000e+01
      vertex   2.442613e+01 -2.472916e+00 -2.900000e+01
      vertex   2.445000e+01 -2.760957e+00 -2.300000e+01
    endloop
  endfacet
  facet normal -9.965845e-01 -8.257935e-02 -0.000000e+00
    outer loop
      vertex   2.445000e+01 -2.760957e+00 -2.300000e+01
      vertex   2.442613e+01 -2.472916e+00 -2.900000e+01
      vertex   2.445000e+01 -2.760957e+00 -2.900000e+01
    endloop
  endfacet
  facet normal -9.965845e-01 8.257935e-02 0.000000e+00
    outer loop
      vertex   2.445000e+01 -2.760957e+00 -2.300000e+01
      vertex   2.445000e+01 -2.760957e+00 -2.900000e+01
      vertex   2.442613e+01 -3.048997e+00 -2.300000e+01
    endloop
  endfacet
  facet normal -9.965845e-01 8.257935e-02 0.000000e+00
    outer loop
      vertex   2.442613e+01 -3.048997e+00 -2.300000e+01
      vertex   2.445000e+01 -2.760957e+00 -2.900000e+01
      vertex   2.442613e+01 -3.048997e+00 -2.900000e+01
    endloop
  endfacet
  facet normal -9.694003e-01 2.454855e-01 0.000000e+00
    outer loop
      vertex   2.442613e+01 -3.048997e+00 -2.300000e+01
      vertex   2.442613e+01 -3.048997e+00 -2.900000e+01
      vertex   2.435518e+01 -3.329181e+00 -2.300000e+01
    endloop
  endfacet
  facet normal -9.694003e-01 2.454855e-01 0.000000e+00
    outer loop
      vertex   2.435518e+01 -3.329181e+00 -2.300000e+01
      vertex   2.442613e+01 -3.048997e+00 -2.900000e+01
      vertex   2.435518e+01 -3.329181e+00 -2.900000e+01
    endloop
  endfacet
  facet normal -9.157733e-01 4.016954e-01 0.000000e+00
    outer loop
      vertex   2.435518e+01 -3.329181e+00 -2.300000e+01
      vertex   2.435518e+01 -3.329181e+00 -2.900000e+01
      vertex   2.423908e+01 -3.593864e+00 -2.300000e+01
    endloop
  endfacet
  facet normal -9.157733e-01 4.016954e-01 0.000000e+00
    outer loop
      vertex   2.423908e+01 -3.593864e+00 -2.300000e+01
      vertex   2.435518e+01 -3.329181e+00 -2.900000e+01
      vertex   2.423908e+01 -3.593864e+00 -2.900000e+01
    endloop
  endfacet
  facet normal -8.371665e-01 5.469482e-01 0.000000e+00
    outer loop
      vertex   2.423908e+01 -3.593864e+00 -2.300000e+01
      vertex   2.423908e+01 -3.593864e+00 -2.900000e+01
      vertex   2.408100e+01 -3.835829e+00 -2.300000e+01
    endloop
  endfacet
  facet normal -8.371665e-01 5.469482e-01 0.000000e+00
    outer loop
      vertex   2.408100e+01 -3.835829e+00 -2.300000e+01
      vertex   2.423908e+01 -3.593864e+00 -2.900000e+01
      vertex   2.408100e+01 -3.835829e+00 -2.900000e+01
    endloop
  endfacet
  facet normal -7.357239e-01 6.772816e-01 0.000000e+00
    outer loop
      vertex   2.408100e+01 -3.835829e+00 -2.300000e+01
      vertex   2.408100e+01 -3.835829e+00 -2.900000e+01
      vertex   2.388524e+01 -4.048473e+00 -2.300000e+01
    endloop
  endfacet
  facet normal -7.357239e-01 6.772816e-01 0.000000e+00
    outer loop
      vertex   2.388524e+01 -4.048473e+00 -2.300000e+01
      vertex   2.408100e+01 -3.835829e+00 -2.900000e+01
      vertex   2.388524e+01 -4.048473e+00 -2.900000e+01
    endloop
  endfacet
  facet normal -6.142127e-01 7.891405e-01 0.000000e+00
    outer loop
      vertex   2.388524e+01 -4.048473e+00 -2.300000e+01
      vertex   2.388524e+01 -4.048473e+00 -2.900000e+01
      vertex   2.365716e+01 -4.225998e+00 -2.300000e+01
    endloop
  endfacet
  facet normal -6.142127e-01 7.891405e-01 0.000000e+00
    outer loop
      vertex   2.365716e+01 -4.225998e+00 -2.300000e+01
      vertex   2.388524e+01 -4.048473e+00 -2.900000e+01
      vertex   2.365716e+01 -4.225998e+00 -2.900000e+01
    endloop
  endfacet
  facet normal -4.759474e-01 8.794738e-01 0.000000e+00
    outer loop
      vertex   2.365716e+01 -4.225998e+00 -2.300000e+01
      vertex   2.365716e+01 -4.225998e+00 -2.900000e+01
      vertex   2.340297e+01 -4.363560e+00 -2.300000e+01
    endloop
  endfacet
  facet normal -4.759474e-01 8.794738e-01 0.000000e+00
    outer loop
      vertex   2.340297e+01 -4.363560e+00 -2.300000e+01
      vertex   2.365716e+01 -4.225998e+00 -2.900000e+01
      vertex   2.340297e+01 -4.363560e+00 -2.900000e+01
    endloop
  endfacet
  facet normal -3.246995e-01 9.458172e-01 0.000000e+00
    outer loop
      vertex   2.340297e+01 -4.363560e+00 -2.300000e+01
      vertex   2.340297e+01 -4.363560e+00 -2.900000e+01
      vertex   2.312960e+01 -4.457407e+00 -2.300000e+01
    endloop
  endfacet
  facet normal -3.246995e-01 9.458172e-01 0.000000e+00
    outer loop
      vertex   2.312960e+01 -4.457407e+00 -2.300000e+01
      vertex   2.340297e+01 -4.363560e+00 -2.900000e+01
      vertex   2.312960e+01 -4.457407e+00 -2.900000e+01
    endloop
  endfacet
  facet normal -1.645946e-01 9.863613e-01 0.000000e+00
    outer loop
      vertex   2.312960e+01 -4.457407e+00 -2.300000e+01
      vertex   2.312960e+01 -4.457407e+00 -2.900000e+01
      vertex   2.284451e+01 -4.504979e+00 -2.300000e+01
    endloop
  endfacet
  facet normal -1.645946e-01 9.863613e-01 0.000000e+00
    outer loop
      vertex   2.284451e+01 -4.504979e+00 -2.300000e+01
      vertex   2.312960e+01 -4.457407e+00 -2.900000e+01
      vertex   2.284451e+01 -4.504979e+00 -2.900000e+01
    endloop
  endfacet
  facet normal 0.000000e+00 1.000000e+00 0.000000e+00
    outer loop
      vertex   2.284451e+01 -4.504979e+00 -2.300000e+01
      vertex   2.284451e+01 -4.504979e+00 -2.900000e+01
      vertex   2.255549e+01 -4.504979e+00 -2.300000e+01
    endloop
  endfacet
  facet normal 0.000000e+00 1.000000e+00 0.000000e+00
    outer loop
      vertex   2.255549e+01 -4.504979e+00 -2.300000e+01
      vertex   2.284451e+01 -4.504979e+00 -2.900000e+01
      vertex   2.255549e+01 -4.504979e+00 -2.900000e+01
    endloop
  endfacet
  facet normal 1.645946e-01 9.863613e-01 0.000000e+00
    outer loop
      vertex   2.255549e+01 -4.504979e+00 -2.300000e+01
      vertex   2.255549e+01 -4.504979e+00 -2.900000e+01
      vertex   2.227040e+01 -4.457407e+00 -2.300000e+01
    endloop
  endfacet
  facet normal 1.645946e-01 9.863613e-01 0.000000e+00
    outer loop
      vertex   2.227040e+01 -4.457407e+00 -2.300000e+01
      vertex   2.255549e+01 -4.504979e+00 -2.900000e+01
      vertex   2.227040e+01 -4.457407e+00 -2.900000e+01
    endloop
  endfacet
  facet normal 3.246995e-01 9.458172e-01 0.000000e+00
    outer loop
      vertex   2.227040e+01 -4.457407e+00 -2.300000e+01
      vertex   2.227040e+01 -4.457407e+00 -2.900000e+01
      vertex   2.199703e+01 -4.363560e+00 -2.300000e+01
    endloop
  endfacet
  facet normal 3.246995e-01 9.458172e-01 0.000000e+00
    outer loop
      vertex   2.199703e+01 -4.363560e+00 -2.300000e+01
      vertex   2.227040e+01 -4.457407e+00 -2.900000e+01
      vertex   2.199703e+01 -4.363560e+00 -2.900000e+01
    endloop
  endfacet
  facet normal 4.759474e-01 8.794738e-01 0.000000e+00
    outer loop
      vertex   2.199703e+01 -4.363560e+00 -2.300000e+01
      vertex   2.199703e+01 -4.363560e+00 -2.900000e+01
      vertex   2.174284e+01 -4.225998e+00 -2.300000e+01
    endloop
  endfacet
  facet normal 4.759474e-01 8.794738e-01 0.000000e+00
    outer loop
      vertex   2.174284e+01 -4.225998e+00 -2.300000e+01
      vertex   2.199703e+01 -4.363560e+00 -2.900000e+01
      vertex   2.174284e+01 -4.225998e+00 -2.900000e+01
    endloop
  endfacet
  facet normal 6.142127e-01 7.891405e-01 0.000000e+00
    outer loop
      vertex   2.174284e+01 -4.225998e+00 -2.300000e+01
      vertex   2.174284e+01 -4.225998e+00 -2.900000e+01
      vertex   2.151476e+01 -4.048473e+00 -2.300000e+01
    endloop
  endfacet
  facet normal 6.142127e-01 7.891405e-01 0.000000e+00
    outer loop
      vertex   2.151476e+01 -4.048473e+00 -2.300000e+01
      vertex   2.174284e+01 -4.225998e+00 -2.900000e+01
      vertex   2.151476e+01 -4.048473e+00 -2.900000e+01
    endloop
  endfacet
  facet normal 7.357239e-01 6.772816e-01 0.000000e+00
    outer loop
      vertex   2.151476e+01 -4.048473e+00 -2.300000e+01
      vertex   2.151476e+01 -4.048473e+00 -2.900000e+01
      vertex   2.131900e+01 -3.835829e+00 -2.300000e+01
    endloop
  endfacet
  facet normal 7.357239e-01 6.772816e-01 0.000000e+00
    outer loop
      vertex   2.131900e+01 -3.835829e+00 -2.300000e+01
      vertex   2.151476e+01 -4.048473e+00 -2.900000e+01
      vertex   2.131900e+01 -3.835829e+00 -2.900000e+01
    endloop
  endfacet
  facet normal 8.371665e-01 5.469482e-01 0.000000e+00
    outer loop
      vertex   2.131900e+01 -3.835829e+00 -2.300000e+01
      vertex   2.131900e+01 -3.835829e+00 -2.900000e+01
      vertex   2.116092e+01 -3.593864e+00 -2.300000e+01
    endloop
  endfacet
  facet normal 8.371665e-01 5.469482e-01 0.000000e+00
    outer loop
      vertex   2.116092e+01 -3.593864e+00 -2.300000e+01
      vertex   2.131900e+01 -3.835829e+00 -2.900000e+01
      vertex   2.116092e+01 -3.593864e+00 -2.900000e+01
    endloop
  endfacet
  facet normal 9.157733e-01 4.016954e-01 0.000000e+00
    outer loop
      vertex   2.116092e+01 -3.593864e+00 -2.300000e+01
      vertex   2.116092e+01 -3.593864e+00 -2.900000e+01
      vertex   2.104482e+01 -3.329181e+00 -2.300000e+01
    endloop
  endfacet
  facet normal 9.157733e-01 4.016954e-01 0.000000e+00
    outer loop
      vertex   2.104482e+01 -3.329181e+00 -2.300000e+01
      vertex   2.116092e+01 -3.593864e+00 -2.900000e+01
      vertex   2.104482e+01 -3.329181e+00 -2.900000e+01
    endloop
  endfacet
  facet normal 9.694003e-01 2.454855e-01 0.000000e+00
    outer loop
      vertex   2.104482e+01 -3.329181e+00 -2.300000e+01
      vertex   2.104482e+01 -3.329181e+00 -2.900000e+01
      vertex   2.097387e+01 -3.048997e+00 -2.300000e+01
    endloop
  endfacet
  facet normal 9.694003e-01 2.454855e-01 0.000000e+00
    outer loop
      vertex   2.097387e+01 -3.048997e+00 -2.300000e+01
      vertex   2.104482e+01 -3.329181e+00 -2.900000e+01
      vertex   2.097387e+01 -3.048997e+00 -2.900000e+01
    endloop
  endfacet
  facet normal 9.965845e-01 8.257935e-02 0.000000e+00
    outer loop
      vertex   2.097387e+01 -3.048997e+00 -2.300000e+01
      vertex   2.097387e+01 -3.048997e+00 -2.900000e+01
      vertex   2.095000e+01 -2.760957e+00 -2.300000e+01
    endloop
  endfacet
  facet normal 9.965845e-01 8.257935e-02 0.000000e+00
    outer loop
      vertex   2.095000e+01 -2.760957e+00 -2.300000e+01
      vertex   2.097387e+01 -3.048997e+00 -2.900000e+01
      vertex   2.095000e+01 -2.760957e+00 -2.900000e+01
    endloop
  endfacet
  facet normal 9.965845e-01 -8.257935e-02 0.000000e+00
    outer loop
      vertex   2.095000e+01 -2.760957e+00 -2.300000e+01
      vertex   2.095000e+01 -2.760957e+00 -2.900000e+01
      vertex   2.097387e+01 -2.472916e+00 -2.300000e+01
    endloop
  endfacet
  facet normal 9.965845e-01 -8.257935e-02 0.000000e+00
    outer loop
      vertex   2.097387e+01 -2.472916e+00 -2.300000e+01
      vertex   2.095000e+01 -2.760957e+00 -2.900000e+01
      vertex   2.097387e+01 -2.472916e+00 -2.900000e+01
    endloop
  endfacet
  facet normal 9.694003e-01 -2.454855e-01 0.000000e+00
    outer loop
      vertex   2.097387e+01 -2.472916e+00 -2.300000e+01
      vertex   2.097387e+01 -2.472916e+00 -2.900000e+01
      vertex   2.104482e+01 -2.192732e+00 -2.300000e+01
    endloop
  endfacet
  facet normal 9.694003e-01 -2.454855e-01 0.000000e+00
    outer loop
      vertex   2.104482e+01 -2.192732e+00 -2.300000e+01
      vertex   2.097387e+01 -2.472916e+00 -2.900000e+01
      vertex   2.104482e+01 -2.192732e+00 -2.900000e+01
    endloop
  endfacet
  facet normal 9.157733e-01 -4.016954e-01 0.000000e+00
    outer loop
      vertex   2.104482e+01 -2.192732e+00 -2.300000e+01
      vertex   2.104482e+01 -2.192732e+00 -2.900000e+01
      vertex   2.116092e+01 -1.928049e+00 -2.300000e+01
    endloop
  endfacet
  facet normal 9.157733e-01 -4.016954e-01 0.000000e+00
    outer loop
      vertex   2.116092e+01 -1.928049e+00 -2.300000e+01
      vertex   2.104482e+01 -2.192732e+00 -2.900000e+01
      vertex   2.116092e+01 -1.928049e+00 -2.900000e+01
    endloop
  endfacet
  facet normal 8.371665e-01 -5.469482e-01 0.000000e+00
    outer loop
      vertex   2.116092e+01 -1.928049e+00 -2.300000e+01
      vertex   2.116092e+01 -1.928049e+00 -2.900000e+01
      vertex   2.131900e+01 -1.686084e+00 -2.300000e+01
    endloop
  endfacet
  facet normal 8.371665e-01 -5.469482e-01 0.000000e+00
    outer loop
      vertex   2.131900e+01 -1.686084e+00 -2.300000e+01
      vertex   2.116092e+01 -1.928049e+00 -2.900000e+01
      vertex   2.131900e+01 -1.686084e+00 -2.900000e+01
    endloop
  endfacet
  facet normal 7.357239e-01 -6.772816e-01 0.000000e+00
    outer loop
      vertex   2.131900e+01 -1.686084e+00 -2.300000e+01
      vertex   2.131900e+01 -1.686084e+00 -2.900000e+01
      vertex   2.151476e+01 -1.473440e+00 -2.300000e+01
    endloop
  endfacet
  facet normal 7.357239e-01 -6.772816e-01 0.000000e+00
    outer loop
      vertex   2.151476e+01 -1.473440e+00 -2.300000e+01
      vertex   2.131900e+01 -1.686084e+00 -2.900000e+01
      vertex   2.151476e+01 -1.473440e+00 -2.900000e+01
    endloop
  endfacet
  facet normal 6.142127e-01 -7.891405e-01 0.000000e+00
    outer loop
      vertex   2.151476e+01 -1.473440e+00 -2.300000e+01
      vertex   2.151476e+01 -1.473440e+00 -2.900000e+01
      vertex   2.174284e+01 -1.295915e+00 -2.300000e+01
    endloop
  endfacet
  facet normal 6.142127e-01 -7.891405e-01 0.000000e+00
    outer loop
      vertex   2.174284e+01 -1.295915e+00 -2.300000e+01
      vertex   2.151476e+01 -1.473440e+00 -2.900000e+01
      vertex   2.174284e+01 -1.295915e+00 -2.900000e+01
    endloop
  endfacet
  facet normal 4.759474e-01 -8.794738e-01 0.000000e+00
    outer loop
      vertex   2.174284e+01 -1.295915e+00 -2.300000e+01
      vertex   2.174284e+01 -1.295915e+00 -2.900000e+01
      vertex   2.199703e+01 -1.158353e+00 -2.300000e+01
    endloop
  endfacet
  facet normal 4.759474e-01 -8.794738e-01 0.000000e+00
    outer loop
      vertex   2.199703e+01 -1.158353e+00 -2.300000e+01
      vertex   2.174284e+01 -1.295915e+00 -2.900000e+01
      vertex   2.199703e+01 -1.158353e+00 -2.900000e+01
    endloop
  endfacet
  facet normal 3.246995e-01 -9.458172e-01 0.000000e+00
    outer loop
      vertex   2.199703e+01 -1.158353e+00 -2.300000e+01
      vertex   2.199703e+01 -1.158353e+00 -2.900000e+01
      vertex   2.227040e+01 -1.064506e+00 -2.300000e+01
    endloop
  endfacet
  facet normal 3.246995e-01 -9.458172e-01 0.000000e+00
    outer loop
      vertex   2.227040e+01 -1.064506e+00 -2.300000e+01
      vertex   2.199703e+01 -1.158353e+00 -2.900000e+01
      vertex   2.227040e+01 -1.064506e+00 -2.900000e+01
    endloop
  endfacet
  facet normal 1.645946e-01 -9.863613e-01 0.000000e+00
    outer loop
      vertex   2.227040e+01 -1.064506e+00 -2.300000e+01
      vertex   2.227040e+01 -1.064506e+00 -2.900000e+01
      vertex   2.255549e+01 -1.016934e+00 -2.300000e+01
    endloop
  endfacet
  facet normal 1.645946e-01 -9.863613e-01 0.000000e+00
    outer loop
      vertex   2.255549e+01 -1.016934e+00 -2.300000e+01
      vertex   2.227040e+01 -1.064506e+00 -2.900000e+01
      vertex   2.255549e+01 -1.016934e+00 -2.900000e+01
    endloop
  endfacet
  facet normal 0.000000e+00 -1.000000e+00 0.000000e+00
    outer loop
      vertex   2.255549e+01 -1.016934e+00 -2.300000e+01
      vertex   2.255549e+01 -1.016934e+00 -2.900000e+01
      vertex   2.284451e+01 -1.016934e+00 -2.300000e+01
    endloop
  endfacet
  facet normal 0.000000e+00 -1.000000e+00 -0.000000e+00
    outer loop
      vertex   2.284451e+01 -1.016934e+00 -2.300000e+01
      vertex   2.255549e+01 -1.016934e+00 -2.900000e+01
      vertex   2.284451e+01 -1.016934e+00 -2.900000e+01
    endloop
  endfacet
  facet normal -1.645946e-01 -9.863613e-01 -0.000000e+00
    outer loop
      vertex   2.284451e+01 -1.016934e+00 -2.300000e+01
      vertex   2.284451e+01 -1.016934e+00 -2.900000e+01
      vertex   2.312960e+01 -1.064506e+00 -2.300000e+01
    endloop
  endfacet
  facet normal -1.645946e-01 -9.863613e-01 -0.000000e+00
    outer loop
      vertex   2.312960e+01 -1.064506e+00 -2.300000e+01
      vertex   2.284451e+01 -1.016934e+00 -2.900000e+01
      vertex   2.312960e+01 -1.064506e+00 -2.900000e+01
    endloop
  endfacet
  facet normal -3.246995e-01 -9.458172e-01 -0.000000e+00
    outer loop
      vertex   2.312960e+01 -1.064506e+00 -2.300000e+01
      vertex   2.312960e+01 -1.064506e+00 -2.900000e+01
      vertex   2.340297e+01 -1.158353e+00 -2.300000e+01
    endloop
  endfacet
  facet normal -3.246995e-01 -9.458172e-01 -0.000000e+00
    outer loop
      vertex   2.340297e+01 -1.158353e+00 -2.300000e+01
      vertex   2.312960e+01 -1.064506e+00 -2.900000e+01
      vertex   2.340297e+01 -1.158353e+00 -2.900000e+01
    endloop
  endfacet
  facet normal -4.759474e-01 -8.794738e-01 -0.000000e+00
    outer loop
      vertex   2.340297e+01 -1.158353e+00 -2.300000e+01
      vertex   2.340297e+01 -1.158353e+00 -2.900000e+01
      vertex   2.365716e+01 -1.295915e+00 -2.300000e+01
    endloop
  endfacet
  facet normal -4.759474e-01 -8.794738e-01 -0.000000e+00
    outer loop
      vertex   2.365716e+01 -1.295915e+00 -2.300000e+01
      vertex   2.340297e+01 -1.158353e+00 -2.900000e+01
      vertex   2.365716e+01 -1.295915e+00 -2.900000e+01
    endloop
  endfacet
  facet normal -6.142127e-01 -7.891405e-01 -0.000000e+00
    outer loop
      vertex   2.365716e+01 -1.295915e+00 -2.300000e+01
      vertex   2.365716e+01 -1.295915e+00 -2.900000e+01
      vertex   2.388524e+01 -1.473440e+00 -2.300000e+01
    endloop
  endfacet
  facet normal -6.142127e-01 -7.891405e-01 -0.000000e+00
    outer loop
      vertex   2.388524e+01 -1.473440e+00 -2.300000e+01
      vertex   2.365716e+01 -1.295915e+00 -2.900000e+01
      vertex   2.388524e+01 -1.473440e+00 -2.900000e+01
    endloop
  endfacet
  facet normal -7.357239e-01 -6.772816e-01 -0.000000e+00
    outer loop
      vertex   2.388524e+01 -1.473440e+00 -2.300000e+01
      vertex   2.388524e+01 -1.473440e+00 -2.900000e+01
      vertex   2.408100e+01 -1.686084e+00 -2.300000e+01
    endloop
  endfacet
  facet normal -7.357239e-01 -6.772816e-01 -0.000000e+00
    outer loop
      vertex   2.408100e+01 -1.686084e+00 -2.300000e+01
      vertex   2.388524e+01 -1.473440e+00 -2.900000e+01
      vertex   2.408100e+01 -1.686084e+00 -2.900000e+01
    endloop
  endfacet
  facet normal -8.371665e-01 -5.469482e-01 -0.000000e+00
    outer loop
      vertex   2.408100e+01 -1.686084e+00 -2.300000e+01
      vertex   2.408100e+01 -1.686084e+00 -2.900000e+01
      vertex   2.423908e+01 -1.928049e+00 -2.300000e+01
    endloop
  endfacet
  facet normal -8.371665e-01 -5.469482e-01 -0.000000e+00
    outer loop
      vertex   2.423908e+01 -1.928049e+00 -2.300000e+01
      vertex   2.408100e+01 -1.686084e+00 -2.900000e+01
      vertex   2.423908e+01 -1.928049e+00 -2.900000e+01
    endloop
  endfacet
  facet normal -9.157733e-01 -4.016954e-01 -0.000000e+00
    outer loop
      vertex   2.423908e+01 -1.928049e+00 -2.300000e+01
      vertex   2.423908e+01 -1.928049e+00 -2.900000e+01
      vertex   2.435518e+01 -2.192732e+00 -2.300000e+01
    endloop
  endfacet
  facet normal -9.157733e-01 -4.016954e-01 -0.000000e+00
    outer loop
      vertex   2.435518e+01 -2.192732e+00 -2.300000e+01
      vertex   2.423908e+01 -1.928049e+00 -2.900000e+01
      vertex   2.435518e+01 -2.192732e+00 -2.900000e+01
    endloop
  endfacet
  facet normal -9.694003e-01 -2.454855e-01 -0.000000e+00
    outer loop
      vertex   2.435518e+01 -2.192732e+00 -2.300000e+01
      vertex   2.435518e+01 -2.192732e+00 -2.900000e+01
      vertex   2.442613e+01 -2.472916e+00 -2.300000e+01
    endloop
  endfacet
  facet normal -9.694003e-01 -2.454855e-01 -0.000000e+00
    outer loop
      vertex   2.442613e+01 -2.472916e+00 -2.300000e+01
      vertex   2.435518e+01 -2.192732e+00 -2.900000e+01
      vertex   2.442613e+01 -2.472916e+00 -2.900000e+01
    endloop
  endfacet
  facet normal 0.000000e+00 -1.000000e+00 -0.000000e+00
    outer loop
      vertex   2.270000e+01 -6.760957e+00 -2.340000e+01
      vertex   -6.600000e+00 -6.760957e+00 -2.340000e+01
      vertex   2.270000e+01 -6.760957e+00 -2.860000e+01
    endloop
  endfacet
  facet normal 0.000000e+00 -1.000000e+00 0.000000e+00
    outer loop
      vertex   2.270000e+01 -6.760957e+00 -2.860000e+01
      vertex   -6.600000e+00 -6.760957e+00 -2.340000e+01
      vertex   -6.600000e+00 -6.760957e+00 -2.860000e+01
    endloop
  endfacet
endsolid
