solid ASCII
  facet normal 0.000000e+00 7.071068e-01 7.071068e-01
    outer loop
      vertex   2.270000e+01 1.239043e+00 -2.590000e+01
      vertex   -6.600000e+00 1.239043e+00 -2.590000e+01
      vertex   2.270000e+01 8.390434e-01 -2.550000e+01
    endloop
  endfacet
  facet normal 0.000000e+00 7.071068e-01 7.071068e-01
    outer loop
      vertex   2.270000e+01 8.390434e-01 -2.550000e+01
      vertex   -6.600000e+00 1.239043e+00 -2.590000e+01
      vertex   -6.600000e+00 8.390434e-01 -2.550000e+01
    endloop
  endfacet
  facet normal 3.831007e-02 -7.065877e-01 7.065877e-01
    outer loop
      vertex   2.270000e+01 -6.760957e+00 -2.590000e+01
      vertex   2.313248e+01 -6.737508e+00 -2.590000e+01
      vertex   2.270000e+01 -6.360957e+00 -2.550000e+01
    endloop
  endfacet
  facet normal 3.963746e-02 -7.058103e-01 7.072911e-01
    outer loop
      vertex   2.270000e+01 -6.360957e+00 -2.550000e+01
      vertex   2.313248e+01 -6.737508e+00 -2.590000e+01
      vertex   2.310307e+01 -6.338321e+00 -2.550000e+01
    endloop
  endfacet
  facet normal 1.145852e-01 -6.989386e-01 7.059427e-01
    outer loop
      vertex   2.310307e+01 -6.338321e+00 -2.550000e+01
      vertex   2.313248e+01 -6.737508e+00 -2.590000e+01
      vertex   2.355988e+01 -6.667439e+00 -2.590000e+01
    endloop
  endfacet
  facet normal 1.182988e-01 -6.962569e-01 7.079772e-01
    outer loop
      vertex   2.310307e+01 -6.338321e+00 -2.550000e+01
      vertex   2.355988e+01 -6.667439e+00 -2.590000e+01
      vertex   2.350108e+01 -6.270697e+00 -2.550000e+01
    endloop
  endfacet
  facet normal 1.896416e-01 -6.830272e-01 7.053438e-01
    outer loop
      vertex   2.350108e+01 -6.270697e+00 -2.550000e+01
      vertex   2.355988e+01 -6.667439e+00 -2.590000e+01
      vertex   2.397721e+01 -6.551569e+00 -2.590000e+01
    endloop
  endfacet
  facet normal 1.953355e-01 -6.780247e-01 7.086089e-01
    outer loop
      vertex   2.350108e+01 -6.270697e+00 -2.550000e+01
      vertex   2.397721e+01 -6.551569e+00 -2.590000e+01
      vertex   2.388900e+01 -6.158937e+00 -2.550000e+01
    endloop
  endfacet
  facet normal 2.625814e-01 -6.590295e-01 7.047915e-01
    outer loop
      vertex   2.388900e+01 -6.158937e+00 -2.550000e+01
      vertex   2.397721e+01 -6.551569e+00 -2.590000e+01
      vertex   2.437956e+01 -6.391258e+00 -2.590000e+01
    endloop
  endfacet
  facet normal 2.697999e-01 -6.513545e-01 7.091864e-01
    outer loop
      vertex   2.388900e+01 -6.158937e+00 -2.550000e+01
      vertex   2.437956e+01 -6.391258e+00 -2.590000e+01
      vertex   2.426198e+01 -6.004444e+00 -2.550000e+01
    endloop
  endfacet
  facet normal 3.325308e-01 -6.272196e-01 7.042861e-01
    outer loop
      vertex   2.426198e+01 -6.004444e+00 -2.550000e+01
      vertex   2.437956e+01 -6.391258e+00 -2.590000e+01
      vertex   2.476222e+01 -6.188385e+00 -2.590000e+01
    endloop
  endfacet
  facet normal 3.407769e-01 -6.165894e-01 7.097103e-01
    outer loop
      vertex   2.426198e+01 -6.004444e+00 -2.550000e+01
      vertex   2.476222e+01 -6.188385e+00 -2.590000e+01
      vertex   2.461532e+01 -5.809164e+00 -2.550000e+01
    endloop
  endfacet
  facet normal 3.986508e-01 -5.879659e-01 7.038279e-01
    outer loop
      vertex   2.461532e+01 -5.809164e+00 -2.550000e+01
      vertex   2.476222e+01 -6.188385e+00 -2.590000e+01
      vertex   2.512070e+01 -5.945329e+00 -2.590000e+01
    endloop
  endfacet
  facet normal 4.073958e-01 -5.741707e-01 7.101807e-01
    outer loop
      vertex   2.461532e+01 -5.809164e+00 -2.550000e+01
      vertex   2.512070e+01 -5.945329e+00 -2.590000e+01
      vertex   2.494456e+01 -5.575550e+00 -2.550000e+01
    endloop
  endfacet
  facet normal 4.601475e-01 -5.417275e-01 7.034171e-01
    outer loop
      vertex   2.494456e+01 -5.575550e+00 -2.550000e+01
      vertex   2.512070e+01 -5.945329e+00 -2.590000e+01
      vertex   2.545080e+01 -5.664939e+00 -2.590000e+01
    endloop
  endfacet
  facet normal 4.688402e-01 -5.246324e-01 7.105982e-01
    outer loop
      vertex   2.494456e+01 -5.575550e+00 -2.550000e+01
      vertex   2.545080e+01 -5.664939e+00 -2.590000e+01
      vertex   2.524558e+01 -5.306541e+00 -2.550000e+01
    endloop
  endfacet
  facet normal 5.162818e-01 -4.890481e-01 7.030540e-01
    outer loop
      vertex   2.524558e+01 -5.306541e+00 -2.550000e+01
      vertex   2.545080e+01 -5.664939e+00 -2.590000e+01
      vertex   2.574865e+01 -5.350502e+00 -2.590000e+01
    endloop
  endfacet
  facet normal 5.243577e-01 -4.685946e-01 7.109628e-01
    outer loop
      vertex   2.524558e+01 -5.306541e+00 -2.550000e+01
      vertex   2.574865e+01 -5.350502e+00 -2.590000e+01
      vertex   2.551459e+01 -5.005520e+00 -2.550000e+01
    endloop
  endfacet
  facet normal 5.663787e-01 -4.305499e-01 7.027389e-01
    outer loop
      vertex   2.551459e+01 -5.005520e+00 -2.550000e+01
      vertex   2.574865e+01 -5.350502e+00 -2.590000e+01
      vertex   2.601076e+01 -5.005705e+00 -2.590000e+01
    endloop
  endfacet
  facet normal 5.732691e-01 -4.067561e-01 7.112749e-01
    outer loop
      vertex   2.551459e+01 -5.005520e+00 -2.550000e+01
      vertex   2.601076e+01 -5.005705e+00 -2.590000e+01
      vertex   2.574821e+01 -4.676272e+00 -2.550000e+01
    endloop
  endfacet
  facet normal 6.098350e-01 -3.669255e-01 7.024720e-01
    outer loop
      vertex   2.574821e+01 -4.676272e+00 -2.550000e+01
      vertex   2.601076e+01 -5.005705e+00 -2.590000e+01
      vertex   2.623405e+01 -4.634590e+00 -2.590000e+01
    endloop
  endfacet
  facet normal 6.149766e-01 -3.398856e-01 7.115347e-01
    outer loop
      vertex   2.574821e+01 -4.676272e+00 -2.550000e+01
      vertex   2.623405e+01 -4.634590e+00 -2.590000e+01
      vertex   2.594349e+01 -4.322938e+00 -2.550000e+01
    endloop
  endfacet
  facet normal 6.461276e-01 -2.989304e-01 7.022534e-01
    outer loop
      vertex   2.594349e+01 -4.322938e+00 -2.550000e+01
      vertex   2.623405e+01 -4.634590e+00 -2.590000e+01
      vertex   2.641591e+01 -4.241509e+00 -2.590000e+01
    endloop
  endfacet
  facet normal 6.489706e-01 -2.688124e-01 7.117423e-01
    outer loop
      vertex   2.594349e+01 -4.322938e+00 -2.550000e+01
      vertex   2.641591e+01 -4.241509e+00 -2.590000e+01
      vertex   2.609798e+01 -3.949961e+00 -2.550000e+01
    endloop
  endfacet
  facet normal 6.748190e-01 -2.273730e-01 7.020832e-01
    outer loop
      vertex   2.609798e+01 -3.949961e+00 -2.550000e+01
      vertex   2.641591e+01 -4.241509e+00 -2.590000e+01
      vertex   2.655420e+01 -3.831070e+00 -2.590000e+01
    endloop
  endfacet
  facet normal 6.748359e-01 -1.944169e-01 7.118979e-01
    outer loop
      vertex   2.609798e+01 -3.949961e+00 -2.550000e+01
      vertex   2.655420e+01 -3.831070e+00 -2.590000e+01
      vertex   2.620974e+01 -3.562032e+00 -2.550000e+01
    endloop
  endfacet
  facet normal 6.955637e-01 -1.531051e-01 7.019615e-01
    outer loop
      vertex   2.620974e+01 -3.562032e+00 -2.550000e+01
      vertex   2.655420e+01 -3.831070e+00 -2.590000e+01
      vertex   2.664731e+01 -3.408085e+00 -2.590000e+01
    endloop
  endfacet
  facet normal 6.922568e-01 -1.176192e-01 7.120015e-01
    outer loop
      vertex   2.620974e+01 -3.562032e+00 -2.550000e+01
      vertex   2.664731e+01 -3.408085e+00 -2.590000e+01
      vertex   2.627736e+01 -3.164029e+00 -2.550000e+01
    endloop
  endfacet
  facet normal 7.081114e-01 -7.701175e-02 7.018885e-01
    outer loop
      vertex   2.627736e+01 -3.164029e+00 -2.550000e+01
      vertex   2.664731e+01 -3.408085e+00 -2.590000e+01
      vertex   2.669413e+01 -2.977512e+00 -2.590000e+01
    endloop
  endfacet
  facet normal 7.010208e-01 -3.936848e-02 7.120534e-01
    outer loop
      vertex   2.627736e+01 -3.164029e+00 -2.550000e+01
      vertex   2.669413e+01 -2.977512e+00 -2.590000e+01
      vertex   2.630000e+01 -2.760957e+00 -2.550000e+01
    endloop
  endfacet
  facet normal 7.123108e-01 0.000000e+00 7.018642e-01
    outer loop
      vertex   2.630000e+01 -2.760957e+00 -2.550000e+01
      vertex   2.669413e+01 -2.977512e+00 -2.590000e+01
      vertex   2.669413e+01 -2.544401e+00 -2.590000e+01
    endloop
  endfacet
  facet normal 7.010208e-01 3.936848e-02 7.120534e-01
    outer loop
      vertex   2.630000e+01 -2.760957e+00 -2.550000e+01
      vertex   2.669413e+01 -2.544401e+00 -2.590000e+01
      vertex   2.627736e+01 -2.357884e+00 -2.550000e+01
    endloop
  endfacet
  facet normal 7.081114e-01 7.701175e-02 7.018885e-01
    outer loop
      vertex   2.627736e+01 -2.357884e+00 -2.550000e+01
      vertex   2.669413e+01 -2.544401e+00 -2.590000e+01
      vertex   2.664731e+01 -2.113829e+00 -2.590000e+01
    endloop
  endfacet
  facet normal 6.922568e-01 1.176192e-01 7.120015e-01
    outer loop
      vertex   2.627736e+01 -2.357884e+00 -2.550000e+01
      vertex   2.664731e+01 -2.113829e+00 -2.590000e+01
      vertex   2.620974e+01 -1.959881e+00 -2.550000e+01
    endloop
  endfacet
  facet normal 6.955637e-01 1.531051e-01 7.019615e-01
    outer loop
      vertex   2.620974e+01 -1.959881e+00 -2.550000e+01
      vertex   2.664731e+01 -2.113829e+00 -2.590000e+01
      vertex   2.655420e+01 -1.690843e+00 -2.590000e+01
    endloop
  endfacet
  facet normal 6.748359e-01 1.944169e-01 7.118979e-01
    outer loop
      vertex   2.620974e+01 -1.959881e+00 -2.550000e+01
      vertex   2.655420e+01 -1.690843e+00 -2.590000e+01
      vertex   2.609798e+01 -1.571952e+00 -2.550000e+01
    endloop
  endfacet
  facet normal 6.748190e-01 2.273730e-01 7.020832e-01
    outer loop
      vertex   2.609798e+01 -1.571952e+00 -2.550000e+01
      vertex   2.655420e+01 -1.690843e+00 -2.590000e+01
      vertex   2.641591e+01 -1.280404e+00 -2.590000e+01
    endloop
  endfacet
  facet normal 6.489706e-01 2.688124e-01 7.117423e-01
    outer loop
      vertex   2.609798e+01 -1.571952e+00 -2.550000e+01
      vertex   2.641591e+01 -1.280404e+00 -2.590000e+01
      vertex   2.594349e+01 -1.198975e+00 -2.550000e+01
    endloop
  endfacet
  facet normal 6.461276e-01 2.989304e-01 7.022534e-01
    outer loop
      vertex   2.594349e+01 -1.198975e+00 -2.550000e+01
      vertex   2.641591e+01 -1.280404e+00 -2.590000e+01
      vertex   2.623405e+01 -8.873228e-01 -2.590000e+01
    endloop
  endfacet
  facet normal 6.149766e-01 3.398856e-01 7.115347e-01
    outer loop
      vertex   2.594349e+01 -1.198975e+00 -2.550000e+01
      vertex   2.623405e+01 -8.873228e-01 -2.590000e+01
      vertex   2.574821e+01 -8.456411e-01 -2.550000e+01
    endloop
  endfacet
  facet normal 6.098350e-01 3.669255e-01 7.024720e-01
    outer loop
      vertex   2.574821e+01 -8.456411e-01 -2.550000e+01
      vertex   2.623405e+01 -8.873228e-01 -2.590000e+01
      vertex   2.601076e+01 -5.162083e-01 -2.590000e+01
    endloop
  endfacet
  facet normal 5.732691e-01 4.067561e-01 7.112749e-01
    outer loop
      vertex   2.574821e+01 -8.456411e-01 -2.550000e+01
      vertex   2.601076e+01 -5.162083e-01 -2.590000e+01
      vertex   2.551459e+01 -5.163933e-01 -2.550000e+01
    endloop
  endfacet
  facet normal 5.663787e-01 4.305499e-01 7.027389e-01
    outer loop
      vertex   2.551459e+01 -5.163933e-01 -2.550000e+01
      vertex   2.601076e+01 -5.162083e-01 -2.590000e+01
      vertex   2.574865e+01 -1.714114e-01 -2.590000e+01
    endloop
  endfacet
  facet normal 5.243577e-01 4.685946e-01 7.109628e-01
    outer loop
      vertex   2.551459e+01 -5.163933e-01 -2.550000e+01
      vertex   2.574865e+01 -1.714114e-01 -2.590000e+01
      vertex   2.524558e+01 -2.153721e-01 -2.550000e+01
    endloop
  endfacet
  facet normal 5.162818e-01 4.890481e-01 7.030540e-01
    outer loop
      vertex   2.524558e+01 -2.153721e-01 -2.550000e+01
      vertex   2.574865e+01 -1.714114e-01 -2.590000e+01
      vertex   2.545080e+01 1.430254e-01 -2.590000e+01
    endloop
  endfacet
  facet normal 4.688402e-01 5.246324e-01 7.105982e-01
    outer loop
      vertex   2.524558e+01 -2.153721e-01 -2.550000e+01
      vertex   2.545080e+01 1.430254e-01 -2.590000e+01
      vertex   2.494456e+01 5.363679e-02 -2.550000e+01
    endloop
  endfacet
  facet normal 4.601475e-01 5.417275e-01 7.034171e-01
    outer loop
      vertex   2.494456e+01 5.363679e-02 -2.550000e+01
      vertex   2.545080e+01 1.430254e-01 -2.590000e+01
      vertex   2.512070e+01 4.234157e-01 -2.590000e+01
    endloop
  endfacet
  facet normal 4.073958e-01 5.741707e-01 7.101807e-01
    outer loop
      vertex   2.494456e+01 5.363679e-02 -2.550000e+01
      vertex   2.512070e+01 4.234157e-01 -2.590000e+01
      vertex   2.461532e+01 2.872506e-01 -2.550000e+01
    endloop
  endfacet
  facet normal 3.986508e-01 5.879659e-01 7.038279e-01
    outer loop
      vertex   2.461532e+01 2.872506e-01 -2.550000e+01
      vertex   2.512070e+01 4.234157e-01 -2.590000e+01
      vertex   2.476222e+01 6.664722e-01 -2.590000e+01
    endloop
  endfacet
  facet normal 3.407769e-01 6.165894e-01 7.097103e-01
    outer loop
      vertex   2.461532e+01 2.872506e-01 -2.550000e+01
      vertex   2.476222e+01 6.664722e-01 -2.590000e+01
      vertex   2.426198e+01 4.825314e-01 -2.550000e+01
    endloop
  endfacet
  facet normal 3.325308e-01 6.272196e-01 7.042861e-01
    outer loop
      vertex   2.426198e+01 4.825314e-01 -2.550000e+01
      vertex   2.476222e+01 6.664722e-01 -2.590000e+01
      vertex   2.437956e+01 8.693451e-01 -2.590000e+01
    endloop
  endfacet
  facet normal 2.697999e-01 6.513545e-01 7.091864e-01
    outer loop
      vertex   2.426198e+01 4.825314e-01 -2.550000e+01
      vertex   2.437956e+01 8.693451e-01 -2.590000e+01
      vertex   2.388900e+01 6.370234e-01 -2.550000e+01
    endloop
  endfacet
  facet normal 2.625814e-01 6.590295e-01 7.047915e-01
    outer loop
      vertex   2.388900e+01 6.370234e-01 -2.550000e+01
      vertex   2.437956e+01 8.693451e-01 -2.590000e+01
      vertex   2.397721e+01 1.029656e+00 -2.590000e+01
    endloop
  endfacet
  facet normal 1.953355e-01 6.780247e-01 7.086089e-01
    outer loop
      vertex   2.388900e+01 6.370234e-01 -2.550000e+01
      vertex   2.397721e+01 1.029656e+00 -2.590000e+01
      vertex   2.350108e+01 7.487839e-01 -2.550000e+01
    endloop
  endfacet
  facet normal 1.896416e-01 6.830272e-01 7.053438e-01
    outer loop
      vertex   2.350108e+01 7.487839e-01 -2.550000e+01
      vertex   2.397721e+01 1.029656e+00 -2.590000e+01
      vertex   2.355988e+01 1.145526e+00 -2.590000e+01
    endloop
  endfacet
  facet normal 1.182988e-01 6.962569e-01 7.079772e-01
    outer loop
      vertex   2.350108e+01 7.487839e-01 -2.550000e+01
      vertex   2.355988e+01 1.145526e+00 -2.590000e+01
      vertex   2.310307e+01 8.164074e-01 -2.550000e+01
    endloop
  endfacet
  facet normal 1.145852e-01 6.989386e-01 7.059427e-01
    outer loop
      vertex   2.310307e+01 8.164074e-01 -2.550000e+01
      vertex   2.355988e+01 1.145526e+00 -2.590000e+01
      vertex   2.313248e+01 1.215595e+00 -2.590000e+01
    endloop
  endfacet
  facet normal 3.963746e-02 7.058103e-01 7.072911e-01
    outer loop
      vertex   2.310307e+01 8.164074e-01 -2.550000e+01
      vertex   2.313248e+01 1.215595e+00 -2.590000e+01
      vertex   2.270000e+01 8.390434e-01 -2.550000e+01
    endloop
  endfacet
  facet normal 3.831007e-02 7.065877e-01 7.065877e-01
    outer loop
      vertex   2.270000e+01 8.390434e-01 -2.550000e+01
      vertex   2.313248e+01 1.215595e+00 -2.590000e+01
      vertex   2.270000e+01 1.239043e+00 -2.590000e+01
    endloop
  endfacet
  facet normal 0.000000e+00 -7.071068e-01 7.071068e-01
    outer loop
      vertex   -6.600000e+00 -6.760957e+00 -2.590000e+01
      vertex   2.270000e+01 -6.760957e+00 -2.590000e+01
      vertex   -6.600000e+00 -6.360957e+00 -2.550000e+01
    endloop
  endfacet
  facet normal 0.000000e+00 -7.071068e-01 7.071068e-01
    outer loop
      vertex   -6.600000e+00 -6.360957e+00 -2.550000e+01
      vertex   2.270000e+01 -6.760957e+00 -2.590000e+01
      vertex   2.270000e+01 -6.360957e+00 -2.550000e+01
    endloop
  endfacet
  facet normal -3.831007e-02 7.065877e-01 7.065877e-01
    outer loop
      vertex   -6.600000e+00 1.239043e+00 -2.590000e+01
      vertex   -7.032476e+00 1.215595e+00 -2.590000e+01
      vertex   -6.600000e+00 8.390434e-01 -2.550000e+01
    endloop
  endfacet
  facet normal -3.963746e-02 7.058103e-01 7.072911e-01
    outer loop
      vertex   -6.600000e+00 8.390434e-01 -2.550000e+01
      vertex   -7.032476e+00 1.215595e+00 -2.590000e+01
      vertex   -7.003072e+00 8.164074e-01 -2.550000e+01
    endloop
  endfacet
  facet normal -1.145852e-01 6.989386e-01 7.059427e-01
    outer loop
      vertex   -7.003072e+00 8.164074e-01 -2.550000e+01
      vertex   -7.032476e+00 1.215595e+00 -2.590000e+01
      vertex   -7.459882e+00 1.145526e+00 -2.590000e+01
    endloop
  endfacet
  facet normal -1.182988e-01 6.962569e-01 7.079772e-01
    outer loop
      vertex   -7.003072e+00 8.164074e-01 -2.550000e+01
      vertex   -7.459882e+00 1.145526e+00 -2.590000e+01
      vertex   -7.401075e+00 7.487839e-01 -2.550000e+01
    endloop
  endfacet
  facet normal -1.896416e-01 6.830272e-01 7.053438e-01
    outer loop
      vertex   -7.401075e+00 7.487839e-01 -2.550000e+01
      vertex   -7.459882e+00 1.145526e+00 -2.590000e+01
      vertex   -7.877206e+00 1.029656e+00 -2.590000e+01
    endloop
  endfacet
  facet normal -1.953355e-01 6.780247e-01 7.086089e-01
    outer loop
      vertex   -7.401075e+00 7.487839e-01 -2.550000e+01
      vertex   -7.877206e+00 1.029656e+00 -2.590000e+01
      vertex   -7.789005e+00 6.370234e-01 -2.550000e+01
    endloop
  endfacet
  facet normal -2.625814e-01 6.590295e-01 7.047915e-01
    outer loop
      vertex   -7.789005e+00 6.370234e-01 -2.550000e+01
      vertex   -7.877206e+00 1.029656e+00 -2.590000e+01
      vertex   -8.279557e+00 8.693451e-01 -2.590000e+01
    endloop
  endfacet
  facet normal -2.697999e-01 6.513545e-01 7.091864e-01
    outer loop
      vertex   -7.789005e+00 6.370234e-01 -2.550000e+01
      vertex   -8.279557e+00 8.693451e-01 -2.590000e+01
      vertex   -8.161982e+00 4.825314e-01 -2.550000e+01
    endloop
  endfacet
  facet normal -3.325308e-01 6.272196e-01 7.042861e-01
    outer loop
      vertex   -8.161982e+00 4.825314e-01 -2.550000e+01
      vertex   -8.279557e+00 8.693451e-01 -2.590000e+01
      vertex   -8.662216e+00 6.664722e-01 -2.590000e+01
    endloop
  endfacet
  facet normal -3.407769e-01 6.165894e-01 7.097103e-01
    outer loop
      vertex   -8.161982e+00 4.825314e-01 -2.550000e+01
      vertex   -8.662216e+00 6.664722e-01 -2.590000e+01
      vertex   -8.515316e+00 2.872506e-01 -2.550000e+01
    endloop
  endfacet
  facet normal -3.986508e-01 5.879659e-01 7.038279e-01
    outer loop
      vertex   -8.515316e+00 2.872506e-01 -2.550000e+01
      vertex   -8.662216e+00 6.664722e-01 -2.590000e+01
      vertex   -9.020697e+00 4.234157e-01 -2.590000e+01
    endloop
  endfacet
  facet normal -4.073958e-01 5.741707e-01 7.101807e-01
    outer loop
      vertex   -8.515316e+00 2.872506e-01 -2.550000e+01
      vertex   -9.020697e+00 4.234157e-01 -2.590000e+01
      vertex   -8.844563e+00 5.363679e-02 -2.550000e+01
    endloop
  endfacet
  facet normal -4.601475e-01 5.417275e-01 7.034171e-01
    outer loop
      vertex   -8.844563e+00 5.363679e-02 -2.550000e+01
      vertex   -9.020697e+00 4.234157e-01 -2.590000e+01
      vertex   -9.350798e+00 1.430254e-01 -2.590000e+01
    endloop
  endfacet
  facet normal -4.688402e-01 5.246324e-01 7.105982e-01
    outer loop
      vertex   -8.844563e+00 5.363679e-02 -2.550000e+01
      vertex   -9.350798e+00 1.430254e-01 -2.590000e+01
      vertex   -9.145585e+00 -2.153721e-01 -2.550000e+01
    endloop
  endfacet
  facet normal -5.162818e-01 4.890481e-01 7.030540e-01
    outer loop
      vertex   -9.145585e+00 -2.153721e-01 -2.550000e+01
      vertex   -9.350798e+00 1.430254e-01 -2.590000e+01
      vertex   -9.648648e+00 -1.714114e-01 -2.590000e+01
    endloop
  endfacet
  facet normal -5.243577e-01 4.685946e-01 7.109628e-01
    outer loop
      vertex   -9.145585e+00 -2.153721e-01 -2.550000e+01
      vertex   -9.648648e+00 -1.714114e-01 -2.590000e+01
      vertex   -9.414593e+00 -5.163933e-01 -2.550000e+01
    endloop
  endfacet
  facet normal -5.663787e-01 4.305499e-01 7.027389e-01
    outer loop
      vertex   -9.414593e+00 -5.163933e-01 -2.550000e+01
      vertex   -9.648648e+00 -1.714114e-01 -2.590000e+01
      vertex   -9.910756e+00 -5.162083e-01 -2.590000e+01
    endloop
  endfacet
  facet normal -5.732691e-01 4.067561e-01 7.112749e-01
    outer loop
      vertex   -9.414593e+00 -5.163933e-01 -2.550000e+01
      vertex   -9.910756e+00 -5.162083e-01 -2.590000e+01
      vertex   -9.648207e+00 -8.456411e-01 -2.550000e+01
    endloop
  endfacet
  facet normal -6.098350e-01 3.669255e-01 7.024720e-01
    outer loop
      vertex   -9.648207e+00 -8.456411e-01 -2.550000e+01
      vertex   -9.910756e+00 -5.162083e-01 -2.590000e+01
      vertex   -1.013405e+01 -8.873228e-01 -2.590000e+01
    endloop
  endfacet
  facet normal -6.149766e-01 3.398856e-01 7.115347e-01
    outer loop
      vertex   -9.648207e+00 -8.456411e-01 -2.550000e+01
      vertex   -1.013405e+01 -8.873228e-01 -2.590000e+01
      vertex   -9.843488e+00 -1.198975e+00 -2.550000e+01
    endloop
  endfacet
  facet normal -6.461276e-01 2.989304e-01 7.022534e-01
    outer loop
      vertex   -9.843488e+00 -1.198975e+00 -2.550000e+01
      vertex   -1.013405e+01 -8.873228e-01 -2.590000e+01
      vertex   -1.031591e+01 -1.280404e+00 -2.590000e+01
    endloop
  endfacet
  facet normal -6.489706e-01 2.688124e-01 7.117423e-01
    outer loop
      vertex   -9.843488e+00 -1.198975e+00 -2.550000e+01
      vertex   -1.031591e+01 -1.280404e+00 -2.590000e+01
      vertex   -9.997980e+00 -1.571952e+00 -2.550000e+01
    endloop
  endfacet
  facet normal -6.748190e-01 2.273730e-01 7.020832e-01
    outer loop
      vertex   -9.997980e+00 -1.571952e+00 -2.550000e+01
      vertex   -1.031591e+01 -1.280404e+00 -2.590000e+01
      vertex   -1.045420e+01 -1.690843e+00 -2.590000e+01
    endloop
  endfacet
  facet normal -6.748359e-01 1.944169e-01 7.118979e-01
    outer loop
      vertex   -9.997980e+00 -1.571952e+00 -2.550000e+01
      vertex   -1.045420e+01 -1.690843e+00 -2.590000e+01
      vertex   -1.010974e+01 -1.959881e+00 -2.550000e+01
    endloop
  endfacet
  facet normal -6.955637e-01 1.531051e-01 7.019615e-01
    outer loop
      vertex   -1.010974e+01 -1.959881e+00 -2.550000e+01
      vertex   -1.045420e+01 -1.690843e+00 -2.590000e+01
      vertex   -1.054731e+01 -2.113829e+00 -2.590000e+01
    endloop
  endfacet
  facet normal -6.922568e-01 1.176192e-01 7.120015e-01
    outer loop
      vertex   -1.010974e+01 -1.959881e+00 -2.550000e+01
      vertex   -1.054731e+01 -2.113829e+00 -2.590000e+01
      vertex   -1.017736e+01 -2.357884e+00 -2.550000e+01
    endloop
  endfacet
  facet normal -7.081114e-01 7.701175e-02 7.018885e-01
    outer loop
      vertex   -1.017736e+01 -2.357884e+00 -2.550000e+01
      vertex   -1.054731e+01 -2.113829e+00 -2.590000e+01
      vertex   -1.059413e+01 -2.544401e+00 -2.590000e+01
    endloop
  endfacet
  facet normal -7.010208e-01 3.936848e-02 7.120534e-01
    outer loop
      vertex   -1.017736e+01 -2.357884e+00 -2.550000e+01
      vertex   -1.059413e+01 -2.544401e+00 -2.590000e+01
      vertex   -1.020000e+01 -2.760957e+00 -2.550000e+01
    endloop
  endfacet
  facet normal -7.123108e-01 0.000000e+00 7.018642e-01
    outer loop
      vertex   -1.020000e+01 -2.760957e+00 -2.550000e+01
      vertex   -1.059413e+01 -2.544401e+00 -2.590000e+01
      vertex   -1.059413e+01 -2.977512e+00 -2.590000e+01
    endloop
  endfacet
  facet normal -7.010208e-01 -3.936848e-02 7.120534e-01
    outer loop
      vertex   -1.020000e+01 -2.760957e+00 -2.550000e+01
      vertex   -1.059413e+01 -2.977512e+00 -2.590000e+01
      vertex   -1.017736e+01 -3.164029e+00 -2.550000e+01
    endloop
  endfacet
  facet normal -7.081114e-01 -7.701175e-02 7.018885e-01
    outer loop
      vertex   -1.017736e+01 -3.164029e+00 -2.550000e+01
      vertex   -1.059413e+01 -2.977512e+00 -2.590000e+01
      vertex   -1.054731e+01 -3.408085e+00 -2.590000e+01
    endloop
  endfacet
  facet normal -6.922568e-01 -1.176192e-01 7.120015e-01
    outer loop
      vertex   -1.017736e+01 -3.164029e+00 -2.550000e+01
      vertex   -1.054731e+01 -3.408085e+00 -2.590000e+01
      vertex   -1.010974e+01 -3.562032e+00 -2.550000e+01
    endloop
  endfacet
  facet normal -6.955637e-01 -1.531051e-01 7.019615e-01
    outer loop
      vertex   -1.010974e+01 -3.562032e+00 -2.550000e+01
      vertex   -1.054731e+01 -3.408085e+00 -2.590000e+01
      vertex   -1.045420e+01 -3.831070e+00 -2.590000e+01
    endloop
  endfacet
  facet normal -6.748359e-01 -1.944169e-01 7.118979e-01
    outer loop
      vertex   -1.010974e+01 -3.562032e+00 -2.550000e+01
      vertex   -1.045420e+01 -3.831070e+00 -2.590000e+01
      vertex   -9.997980e+00 -3.949961e+00 -2.550000e+01
    endloop
  endfacet
  facet normal -6.748190e-01 -2.273730e-01 7.020832e-01
    outer loop
      vertex   -9.997980e+00 -3.949961e+00 -2.550000e+01
      vertex   -1.045420e+01 -3.831070e+00 -2.590000e+01
      vertex   -1.031591e+01 -4.241509e+00 -2.590000e+01
    endloop
  endfacet
  facet normal -6.489706e-01 -2.688124e-01 7.117423e-01
    outer loop
      vertex   -9.997980e+00 -3.949961e+00 -2.550000e+01
      vertex   -1.031591e+01 -4.241509e+00 -2.590000e+01
      vertex   -9.843488e+00 -4.322938e+00 -2.550000e+01
    endloop
  endfacet
  facet normal -6.461276e-01 -2.989304e-01 7.022534e-01
    outer loop
      vertex   -9.843488e+00 -4.322938e+00 -2.550000e+01
      vertex   -1.031591e+01 -4.241509e+00 -2.590000e+01
      vertex   -1.013405e+01 -4.634590e+00 -2.590000e+01
    endloop
  endfacet
  facet normal -6.149766e-01 -3.398856e-01 7.115347e-01
    outer loop
      vertex   -9.843488e+00 -4.322938e+00 -2.550000e+01
      vertex   -1.013405e+01 -4.634590e+00 -2.590000e+01
      vertex   -9.648207e+00 -4.676272e+00 -2.550000e+01
    endloop
  endfacet
  facet normal -6.098350e-01 -3.669255e-01 7.024720e-01
    outer loop
      vertex   -9.648207e+00 -4.676272e+00 -2.550000e+01
      vertex   -1.013405e+01 -4.634590e+00 -2.590000e+01
      vertex   -9.910756e+00 -5.005705e+00 -2.590000e+01
    endloop
  endfacet
  facet normal -5.732691e-01 -4.067561e-01 7.112749e-01
    outer loop
      vertex   -9.648207e+00 -4.676272e+00 -2.550000e+01
      vertex   -9.910756e+00 -5.005705e+00 -2.590000e+01
      vertex   -9.414593e+00 -5.005520e+00 -2.550000e+01
    endloop
  endfacet
  facet normal -5.663787e-01 -4.305499e-01 7.027389e-01
    outer loop
      vertex   -9.414593e+00 -5.005520e+00 -2.550000e+01
      vertex   -9.910756e+00 -5.005705e+00 -2.590000e+01
      vertex   -9.648648e+00 -5.350502e+00 -2.590000e+01
    endloop
  endfacet
  facet normal -5.243577e-01 -4.685946e-01 7.109628e-01
    outer loop
      vertex   -9.414593e+00 -5.005520e+00 -2.550000e+01
      vertex   -9.648648e+00 -5.350502e+00 -2.590000e+01
      vertex   -9.145585e+00 -5.306541e+00 -2.550000e+01
    endloop
  endfacet
  facet normal -5.162818e-01 -4.890481e-01 7.030540e-01
    outer loop
      vertex   -9.145585e+00 -5.306541e+00 -2.550000e+01
      vertex   -9.648648e+00 -5.350502e+00 -2.590000e+01
      vertex   -9.350798e+00 -5.664939e+00 -2.590000e+01
    endloop
  endfacet
  facet normal -4.688402e-01 -5.246324e-01 7.105982e-01
    outer loop
      vertex   -9.145585e+00 -5.306541e+00 -2.550000e+01
      vertex   -9.350798e+00 -5.664939e+00 -2.590000e+01
      vertex   -8.844563e+00 -5.575550e+00 -2.550000e+01
    endloop
  endfacet
  facet normal -4.601475e-01 -5.417275e-01 7.034171e-01
    outer loop
      vertex   -8.844563e+00 -5.575550e+00 -2.550000e+01
      vertex   -9.350798e+00 -5.664939e+00 -2.590000e+01
      vertex   -9.020697e+00 -5.945329e+00 -2.590000e+01
    endloop
  endfacet
  facet normal -4.073958e-01 -5.741707e-01 7.101807e-01
    outer loop
      vertex   -8.844563e+00 -5.575550e+00 -2.550000e+01
      vertex   -9.020697e+00 -5.945329e+00 -2.590000e+01
      vertex   -8.515316e+00 -5.809164e+00 -2.550000e+01
    endloop
  endfacet
  facet normal -3.986508e-01 -5.879659e-01 7.038279e-01
    outer loop
      vertex   -8.515316e+00 -5.809164e+00 -2.550000e+01
      vertex   -9.020697e+00 -5.945329e+00 -2.590000e+01
      vertex   -8.662216e+00 -6.188385e+00 -2.590000e+01
    endloop
  endfacet
  facet normal -3.407769e-01 -6.165894e-01 7.097103e-01
    outer loop
      vertex   -8.515316e+00 -5.809164e+00 -2.550000e+01
      vertex   -8.662216e+00 -6.188385e+00 -2.590000e+01
      vertex   -8.161982e+00 -6.004444e+00 -2.550000e+01
    endloop
  endfacet
  facet normal -3.325308e-01 -6.272196e-01 7.042861e-01
    outer loop
      vertex   -8.161982e+00 -6.004444e+00 -2.550000e+01
      vertex   -8.662216e+00 -6.188385e+00 -2.590000e+01
      vertex   -8.279557e+00 -6.391258e+00 -2.590000e+01
    endloop
  endfacet
  facet normal -2.697999e-01 -6.513545e-01 7.091864e-01
    outer loop
      vertex   -8.161982e+00 -6.004444e+00 -2.550000e+01
      vertex   -8.279557e+00 -6.391258e+00 -2.590000e+01
      vertex   -7.789005e+00 -6.158937e+00 -2.550000e+01
    endloop
  endfacet
  facet normal -2.625814e-01 -6.590295e-01 7.047915e-01
    outer loop
      vertex   -7.789005e+00 -6.158937e+00 -2.550000e+01
      vertex   -8.279557e+00 -6.391258e+00 -2.590000e+01
      vertex   -7.877206e+00 -6.551569e+00 -2.590000e+01
    endloop
  endfacet
  facet normal -1.953355e-01 -6.780247e-01 7.086089e-01
    outer loop
      vertex   -7.789005e+00 -6.158937e+00 -2.550000e+01
      vertex   -7.877206e+00 -6.551569e+00 -2.590000e+01
      vertex   -7.401075e+00 -6.270697e+00 -2.550000e+01
    endloop
  endfacet
  facet normal -1.896416e-01 -6.830272e-01 7.053438e-01
    outer loop
      vertex   -7.401075e+00 -6.270697e+00 -2.550000e+01
      vertex   -7.877206e+00 -6.551569e+00 -2.590000e+01
      vertex   -7.459882e+00 -6.667439e+00 -2.590000e+01
    endloop
  endfacet
  facet normal -1.182988e-01 -6.962569e-01 7.079772e-01
    outer loop
      vertex   -7.401075e+00 -6.270697e+00 -2.550000e+01
      vertex   -7.459882e+00 -6.667439e+00 -2.590000e+01
      vertex   -7.003072e+00 -6.338321e+00 -2.550000e+01
    endloop
  endfacet
  facet normal -1.145852e-01 -6.989386e-01 7.059427e-01
    outer loop
      vertex   -7.003072e+00 -6.338321e+00 -2.550000e+01
      vertex   -7.459882e+00 -6.667439e+00 -2.590000e+01
      vertex   -7.032476e+00 -6.737508e+00 -2.590000e+01
    endloop
  endfacet
  facet normal -3.963746e-02 -7.058103e-01 7.072911e-01
    outer loop
      vertex   -7.003072e+00 -6.338321e+00 -2.550000e+01
      vertex   -7.032476e+00 -6.737508e+00 -2.590000e+01
      vertex   -6.600000e+00 -6.360957e+00 -2.550000e+01
    endloop
  endfacet
  facet normal -3.831007e-02 -7.065877e-01 7.065877e-01
    outer loop
      vertex   -6.600000e+00 -6.360957e+00 -2.550000e+01
      vertex   -7.032476e+00 -6.737508e+00 -2.590000e+01
      vertex   -6.600000e+00 -6.760957e+00 -2.590000e+01
    endloop
  endfacet
  facet normal -5.413891e-02 -9.985334e-01 0.000000e+00
    outer loop
      vertex   -6.600000e+00 -6.760957e+00 -2.860000e+01
      vertex   -6.600000e+00 -6.760957e+00 -2.590000e+01
      vertex   -7.032476e+00 -6.737508e+00 -2.860000e+01
    endloop
  endfacet
  facet normal -5.413891e-02 -9.985334e-01 0.000000e+00
    outer loop
      vertex   -7.032476e+00 -6.737508e+00 -2.860000e+01
      vertex   -6.600000e+00 -6.760957e+00 -2.590000e+01
      vertex   -7.032476e+00 -6.737508e+00 -2.590000e+01
    endloop
  endfacet
  facet normal -1.617820e-01 -9.868265e-01 0.000000e+00
    outer loop
      vertex   -7.032476e+00 -6.737508e+00 -2.860000e+01
      vertex   -7.032476e+00 -6.737508e+00 -2.590000e+01
      vertex   -7.459882e+00 -6.667439e+00 -2.860000e+01
    endloop
  endfacet
  facet normal -1.617820e-01 -9.868265e-01 0.000000e+00
    outer loop
      vertex   -7.459882e+00 -6.667439e+00 -2.860000e+01
      vertex   -7.032476e+00 -6.737508e+00 -2.590000e+01
      vertex   -7.459882e+00 -6.667439e+00 -2.590000e+01
    endloop
  endfacet
  facet normal -2.675283e-01 -9.635500e-01 0.000000e+00
    outer loop
      vertex   -7.459882e+00 -6.667439e+00 -2.860000e+01
      vertex   -7.459882e+00 -6.667439e+00 -2.590000e+01
      vertex   -7.877206e+00 -6.551569e+00 -2.860000e+01
    endloop
  endfacet
  facet normal -2.675283e-01 -9.635500e-01 8.800478e-17
    outer loop
      vertex   -7.877206e+00 -6.551569e+00 -2.860000e+01
      vertex   -7.459882e+00 -6.667439e+00 -2.590000e+01
      vertex   -7.877206e+00 -6.551569e+00 -2.590000e+01
    endloop
  endfacet
  facet normal -3.701382e-01 -9.289767e-01 1.217588e-16
    outer loop
      vertex   -7.877206e+00 -6.551569e+00 -2.860000e+01
      vertex   -7.877206e+00 -6.551569e+00 -2.590000e+01
      vertex   -8.279557e+00 -6.391258e+00 -2.860000e+01
    endloop
  endfacet
  facet normal -3.701382e-01 -9.289767e-01 -3.676655e-16
    outer loop
      vertex   -8.279557e+00 -6.391258e+00 -2.860000e+01
      vertex   -7.877206e+00 -6.551569e+00 -2.590000e+01
      vertex   -8.279557e+00 -6.391258e+00 -2.590000e+01
    endloop
  endfacet
  facet normal -4.684084e-01 -8.835120e-01 -2.731008e-16
    outer loop
      vertex   -8.279557e+00 -6.391258e+00 -2.860000e+01
      vertex   -8.279557e+00 -6.391258e+00 -2.590000e+01
      vertex   -8.662216e+00 -6.188385e+00 -2.860000e+01
    endloop
  endfacet
  facet normal -4.684084e-01 -8.835120e-01 3.081706e-16
    outer loop
      vertex   -8.662216e+00 -6.188385e+00 -2.860000e+01
      vertex   -8.279557e+00 -6.391258e+00 -2.590000e+01
      vertex   -8.662216e+00 -6.188385e+00 -2.590000e+01
    endloop
  endfacet
  facet normal -5.611871e-01 -8.276890e-01 3.692106e-16
    outer loop
      vertex   -8.662216e+00 -6.188385e+00 -2.860000e+01
      vertex   -8.662216e+00 -6.188385e+00 -2.590000e+01
      vertex   -9.020697e+00 -5.945329e+00 -2.860000e+01
    endloop
  endfacet
  facet normal -5.611871e-01 -8.276890e-01 0.000000e+00
    outer loop
      vertex   -9.020697e+00 -5.945329e+00 -2.860000e+01
      vertex   -8.662216e+00 -6.188385e+00 -2.590000e+01
      vertex   -9.020697e+00 -5.945329e+00 -2.590000e+01
    endloop
  endfacet
  facet normal -6.473863e-01 -7.621621e-01 0.000000e+00
    outer loop
      vertex   -9.020697e+00 -5.945329e+00 -2.860000e+01
      vertex   -9.020697e+00 -5.945329e+00 -2.590000e+01
      vertex   -9.350798e+00 -5.664939e+00 -2.860000e+01
    endloop
  endfacet
  facet normal -6.473863e-01 -7.621621e-01 -2.507170e-16
    outer loop
      vertex   -9.350798e+00 -5.664939e+00 -2.860000e+01
      vertex   -9.020697e+00 -5.945329e+00 -2.590000e+01
      vertex   -9.350798e+00 -5.664939e+00 -2.590000e+01
    endloop
  endfacet
  facet normal -7.259955e-01 -6.876995e-01 -2.262222e-16
    outer loop
      vertex   -9.350798e+00 -5.664939e+00 -2.860000e+01
      vertex   -9.350798e+00 -5.664939e+00 -2.590000e+01
      vertex   -9.648648e+00 -5.350502e+00 -2.860000e+01
    endloop
  endfacet
  facet normal -7.259955e-01 -6.876995e-01 0.000000e+00
    outer loop
      vertex   -9.648648e+00 -5.350502e+00 -2.860000e+01
      vertex   -9.350798e+00 -5.664939e+00 -2.590000e+01
      vertex   -9.648648e+00 -5.350502e+00 -2.590000e+01
    endloop
  endfacet
  facet normal -7.960931e-01 -6.051742e-01 0.000000e+00
    outer loop
      vertex   -9.648648e+00 -5.350502e+00 -2.860000e+01
      vertex   -9.648648e+00 -5.350502e+00 -2.590000e+01
      vertex   -9.910756e+00 -5.005705e+00 -2.860000e+01
    endloop
  endfacet
  facet normal -7.960931e-01 -6.051742e-01 0.000000e+00
    outer loop
      vertex   -9.910756e+00 -5.005705e+00 -2.860000e+01
      vertex   -9.648648e+00 -5.350502e+00 -2.590000e+01
      vertex   -9.910756e+00 -5.005705e+00 -2.590000e+01
    endloop
  endfacet
  facet normal -8.568572e-01 -5.155539e-01 0.000000e+00
    outer loop
      vertex   -9.910756e+00 -5.005705e+00 -2.860000e+01
      vertex   -9.910756e+00 -5.005705e+00 -2.590000e+01
      vertex   -1.013405e+01 -4.634590e+00 -2.860000e+01
    endloop
  endfacet
  facet normal -8.568572e-01 -5.155539e-01 0.000000e+00
    outer loop
      vertex   -1.013405e+01 -4.634590e+00 -2.860000e+01
      vertex   -9.910756e+00 -5.005705e+00 -2.590000e+01
      vertex   -1.013405e+01 -4.634590e+00 -2.590000e+01
    endloop
  endfacet
  facet normal -9.075754e-01 -4.198891e-01 0.000000e+00
    outer loop
      vertex   -1.013405e+01 -4.634590e+00 -2.860000e+01
      vertex   -1.013405e+01 -4.634590e+00 -2.590000e+01
      vertex   -1.031591e+01 -4.241509e+00 -2.860000e+01
    endloop
  endfacet
  facet normal -9.075754e-01 -4.198891e-01 -1.381246e-16
    outer loop
      vertex   -1.031591e+01 -4.241509e+00 -2.860000e+01
      vertex   -1.013405e+01 -4.634590e+00 -2.590000e+01
      vertex   -1.031591e+01 -4.241509e+00 -2.590000e+01
    endloop
  endfacet
  facet normal -9.476532e-01 -3.193015e-01 -1.050358e-16
    outer loop
      vertex   -1.031591e+01 -4.241509e+00 -2.860000e+01
      vertex   -1.031591e+01 -4.241509e+00 -2.590000e+01
      vertex   -1.045420e+01 -3.831070e+00 -2.860000e+01
    endloop
  endfacet
  facet normal -9.476532e-01 -3.193015e-01 -1.050358e-16
    outer loop
      vertex   -1.045420e+01 -3.831070e+00 -2.860000e+01
      vertex   -1.031591e+01 -4.241509e+00 -2.590000e+01
      vertex   -1.045420e+01 -3.831070e+00 -2.590000e+01
    endloop
  endfacet
  facet normal -9.766206e-01 -2.149704e-01 -7.071560e-17
    outer loop
      vertex   -1.045420e+01 -3.831070e+00 -2.860000e+01
      vertex   -1.045420e+01 -3.831070e+00 -2.590000e+01
      vertex   -1.054731e+01 -3.408085e+00 -2.860000e+01
    endloop
  endfacet
  facet normal -9.766206e-01 -2.149704e-01 -7.071560e-17
    outer loop
      vertex   -1.054731e+01 -3.408085e+00 -2.860000e+01
      vertex   -1.045420e+01 -3.831070e+00 -2.590000e+01
      vertex   -1.054731e+01 -3.408085e+00 -2.590000e+01
    endloop
  endfacet
  facet normal -9.941380e-01 -1.081190e-01 -3.556629e-17
    outer loop
      vertex   -1.054731e+01 -3.408085e+00 -2.860000e+01
      vertex   -1.054731e+01 -3.408085e+00 -2.590000e+01
      vertex   -1.059413e+01 -2.977512e+00 -2.860000e+01
    endloop
  endfacet
  facet normal -9.941380e-01 -1.081190e-01 0.000000e+00
    outer loop
      vertex   -1.059413e+01 -2.977512e+00 -2.860000e+01
      vertex   -1.054731e+01 -3.408085e+00 -2.590000e+01
      vertex   -1.059413e+01 -2.977512e+00 -2.590000e+01
    endloop
  endfacet
  facet normal -1.000000e+00 0.000000e+00 0.000000e+00
    outer loop
      vertex   -1.059413e+01 -2.977512e+00 -2.860000e+01
      vertex   -1.059413e+01 -2.977512e+00 -2.590000e+01
      vertex   -1.059413e+01 -2.544401e+00 -2.860000e+01
    endloop
  endfacet
  facet normal -1.000000e+00 0.000000e+00 0.000000e+00
    outer loop
      vertex   -1.059413e+01 -2.544401e+00 -2.860000e+01
      vertex   -1.059413e+01 -2.977512e+00 -2.590000e+01
      vertex   -1.059413e+01 -2.544401e+00 -2.590000e+01
    endloop
  endfacet
  facet normal -9.941380e-01 1.081190e-01 0.000000e+00
    outer loop
      vertex   -1.059413e+01 -2.544401e+00 -2.860000e+01
      vertex   -1.059413e+01 -2.544401e+00 -2.590000e+01
      vertex   -1.054731e+01 -2.113829e+00 -2.860000e+01
    endloop
  endfacet
  facet normal -9.941380e-01 1.081190e-01 5.334943e-17
    outer loop
      vertex   -1.054731e+01 -2.113829e+00 -2.860000e+01
      vertex   -1.059413e+01 -2.544401e+00 -2.590000e+01
      vertex   -1.054731e+01 -2.113829e+00 -2.590000e+01
    endloop
  endfacet
  facet normal -9.766206e-01 2.149704e-01 1.060734e-16
    outer loop
      vertex   -1.054731e+01 -2.113829e+00 -2.860000e+01
      vertex   -1.054731e+01 -2.113829e+00 -2.590000e+01
      vertex   -1.045420e+01 -1.690843e+00 -2.860000e+01
    endloop
  endfacet
  facet normal -9.766206e-01 2.149704e-01 3.535780e-17
    outer loop
      vertex   -1.045420e+01 -1.690843e+00 -2.860000e+01
      vertex   -1.054731e+01 -2.113829e+00 -2.590000e+01
      vertex   -1.045420e+01 -1.690843e+00 -2.590000e+01
    endloop
  endfacet
  facet normal -9.476532e-01 3.193015e-01 5.251791e-17
    outer loop
      vertex   -1.045420e+01 -1.690843e+00 -2.860000e+01
      vertex   -1.045420e+01 -1.690843e+00 -2.590000e+01
      vertex   -1.031591e+01 -1.280404e+00 -2.860000e+01
    endloop
  endfacet
  facet normal -9.476532e-01 3.193015e-01 7.877687e-17
    outer loop
      vertex   -1.031591e+01 -1.280404e+00 -2.860000e+01
      vertex   -1.045420e+01 -1.690843e+00 -2.590000e+01
      vertex   -1.031591e+01 -1.280404e+00 -2.590000e+01
    endloop
  endfacet
  facet normal -9.075754e-01 4.198891e-01 1.035935e-16
    outer loop
      vertex   -1.031591e+01 -1.280404e+00 -2.860000e+01
      vertex   -1.031591e+01 -1.280404e+00 -2.590000e+01
      vertex   -1.013405e+01 -8.873228e-01 -2.860000e+01
    endloop
  endfacet
  facet normal -9.075754e-01 4.198891e-01 0.000000e+00
    outer loop
      vertex   -1.013405e+01 -8.873228e-01 -2.860000e+01
      vertex   -1.031591e+01 -1.280404e+00 -2.590000e+01
      vertex   -1.013405e+01 -8.873228e-01 -2.590000e+01
    endloop
  endfacet
  facet normal -8.568572e-01 5.155539e-01 0.000000e+00
    outer loop
      vertex   -1.013405e+01 -8.873228e-01 -2.860000e+01
      vertex   -1.013405e+01 -8.873228e-01 -2.590000e+01
      vertex   -9.910756e+00 -5.162083e-01 -2.860000e+01
    endloop
  endfacet
  facet normal -8.568572e-01 5.155539e-01 0.000000e+00
    outer loop
      vertex   -9.910756e+00 -5.162083e-01 -2.860000e+01
      vertex   -1.013405e+01 -8.873228e-01 -2.590000e+01
      vertex   -9.910756e+00 -5.162083e-01 -2.590000e+01
    endloop
  endfacet
  facet normal -7.960931e-01 6.051742e-01 0.000000e+00
    outer loop
      vertex   -9.910756e+00 -5.162083e-01 -2.860000e+01
      vertex   -9.910756e+00 -5.162083e-01 -2.590000e+01
      vertex   -9.648648e+00 -1.714114e-01 -2.860000e+01
    endloop
  endfacet
  facet normal -7.960931e-01 6.051742e-01 0.000000e+00
    outer loop
      vertex   -9.648648e+00 -1.714114e-01 -2.860000e+01
      vertex   -9.910756e+00 -5.162083e-01 -2.590000e+01
      vertex   -9.648648e+00 -1.714114e-01 -2.590000e+01
    endloop
  endfacet
  facet normal -7.259955e-01 6.876995e-01 0.000000e+00
    outer loop
      vertex   -9.648648e+00 -1.714114e-01 -2.860000e+01
      vertex   -9.648648e+00 -1.714114e-01 -2.590000e+01
      vertex   -9.350798e+00 1.430254e-01 -2.860000e+01
    endloop
  endfacet
  facet normal -7.259955e-01 6.876995e-01 0.000000e+00
    outer loop
      vertex   -9.350798e+00 1.430254e-01 -2.860000e+01
      vertex   -9.648648e+00 -1.714114e-01 -2.590000e+01
      vertex   -9.350798e+00 1.430254e-01 -2.590000e+01
    endloop
  endfacet
  facet normal -6.473863e-01 7.621621e-01 0.000000e+00
    outer loop
      vertex   -9.350798e+00 1.430254e-01 -2.860000e+01
      vertex   -9.350798e+00 1.430254e-01 -2.590000e+01
      vertex   -9.020697e+00 4.234157e-01 -2.860000e+01
    endloop
  endfacet
  facet normal -6.473863e-01 7.621621e-01 -6.951456e-16
    outer loop
      vertex   -9.020697e+00 4.234157e-01 -2.860000e+01
      vertex   -9.350798e+00 1.430254e-01 -2.590000e+01
      vertex   -9.020697e+00 4.234157e-01 -2.590000e+01
    endloop
  endfacet
  facet normal -5.611871e-01 8.276890e-01 -5.682509e-16
    outer loop
      vertex   -9.020697e+00 4.234157e-01 -2.860000e+01
      vertex   -9.020697e+00 4.234157e-01 -2.590000e+01
      vertex   -8.662216e+00 6.664722e-01 -2.860000e+01
    endloop
  endfacet
  facet normal -5.611871e-01 8.276890e-01 0.000000e+00
    outer loop
      vertex   -8.662216e+00 6.664722e-01 -2.860000e+01
      vertex   -9.020697e+00 4.234157e-01 -2.590000e+01
      vertex   -8.662216e+00 6.664722e-01 -2.590000e+01
    endloop
  endfacet
  facet normal -4.684084e-01 8.835120e-01 0.000000e+00
    outer loop
      vertex   -8.662216e+00 6.664722e-01 -2.860000e+01
      vertex   -8.662216e+00 6.664722e-01 -2.590000e+01
      vertex   -8.279557e+00 8.693451e-01 -2.860000e+01
    endloop
  endfacet
  facet normal -4.684084e-01 8.835120e-01 5.512403e-17
    outer loop
      vertex   -8.279557e+00 8.693451e-01 -2.860000e+01
      vertex   -8.662216e+00 6.664722e-01 -2.590000e+01
      vertex   -8.279557e+00 8.693451e-01 -2.590000e+01
    endloop
  endfacet
  facet normal -3.701382e-01 9.289767e-01 1.384718e-16
    outer loop
      vertex   -8.279557e+00 8.693451e-01 -2.860000e+01
      vertex   -8.279557e+00 8.693451e-01 -2.590000e+01
      vertex   -7.877206e+00 1.029656e+00 -2.860000e+01
    endloop
  endfacet
  facet normal -3.701382e-01 9.289767e-01 -1.432394e-17
    outer loop
      vertex   -7.877206e+00 1.029656e+00 -2.860000e+01
      vertex   -8.279557e+00 8.693451e-01 -2.590000e+01
      vertex   -7.877206e+00 1.029656e+00 -2.590000e+01
    endloop
  endfacet
  facet normal -2.675283e-01 9.635500e-01 6.171387e-17
    outer loop
      vertex   -7.877206e+00 1.029656e+00 -2.860000e+01
      vertex   -7.877206e+00 1.029656e+00 -2.590000e+01
      vertex   -7.459882e+00 1.145526e+00 -2.860000e+01
    endloop
  endfacet
  facet normal -2.675283e-01 9.635500e-01 0.000000e+00
    outer loop
      vertex   -7.459882e+00 1.145526e+00 -2.860000e+01
      vertex   -7.877206e+00 1.029656e+00 -2.590000e+01
      vertex   -7.459882e+00 1.145526e+00 -2.590000e+01
    endloop
  endfacet
  facet normal -1.617820e-01 9.868265e-01 0.000000e+00
    outer loop
      vertex   -7.459882e+00 1.145526e+00 -2.860000e+01
      vertex   -7.459882e+00 1.145526e+00 -2.590000e+01
      vertex   -7.032476e+00 1.215595e+00 -2.860000e+01
    endloop
  endfacet
  facet normal -1.617820e-01 9.868265e-01 0.000000e+00
    outer loop
      vertex   -7.032476e+00 1.215595e+00 -2.860000e+01
      vertex   -7.459882e+00 1.145526e+00 -2.590000e+01
      vertex   -7.032476e+00 1.215595e+00 -2.590000e+01
    endloop
  endfacet
  facet normal -5.413891e-02 9.985334e-01 0.000000e+00
    outer loop
      vertex   -7.032476e+00 1.215595e+00 -2.860000e+01
      vertex   -7.032476e+00 1.215595e+00 -2.590000e+01
      vertex   -6.600000e+00 1.239043e+00 -2.860000e+01
    endloop
  endfacet
  facet normal -5.413891e-02 9.985334e-01 0.000000e+00
    outer loop
      vertex   -6.600000e+00 1.239043e+00 -2.860000e+01
      vertex   -7.032476e+00 1.215595e+00 -2.590000e+01
      vertex   -6.600000e+00 1.239043e+00 -2.590000e+01
    endloop
  endfacet
  facet normal -0.000000e+00 1.000000e+00 0.000000e+00
    outer loop
      vertex   -6.600000e+00 1.239043e+00 -2.590000e+01
      vertex   2.270000e+01 1.239043e+00 -2.590000e+01
      vertex   -6.600000e+00 1.239043e+00 -2.860000e+01
    endloop
  endfacet
  facet normal 0.000000e+00 1.000000e+00 0.000000e+00
    outer loop
      vertex   -6.600000e+00 1.239043e+00 -2.860000e+01
      vertex   2.270000e+01 1.239043e+00 -2.590000e+01
      vertex   2.270000e+01 1.239043e+00 -2.860000e+01
    endloop
  endfacet
  facet normal 0.000000e+00 0.000000e+00 1.000000e+00
    outer loop
      vertex   -8.326132e+00 -3.048997e+00 -2.550000e+01
      vertex   -8.350000e+00 -2.760957e+00 -2.550000e+01
      vertex   -1.020000e+01 -2.760957e+00 -2.550000e+01
    endloop
  endfacet
  facet normal 0.000000e+00 0.000000e+00 1.000000e+00
    outer loop
      vertex   -1.020000e+01 -2.760957e+00 -2.550000e+01
      vertex   -8.350000e+00 -2.760957e+00 -2.550000e+01
      vertex   -8.326132e+00 -2.472916e+00 -2.550000e+01
    endloop
  endfacet
  facet normal 0.000000e+00 0.000000e+00 1.000000e+00
    outer loop
      vertex   -1.020000e+01 -2.760957e+00 -2.550000e+01
      vertex   -8.326132e+00 -2.472916e+00 -2.550000e+01
      vertex   -1.017736e+01 -2.357884e+00 -2.550000e+01
    endloop
  endfacet
  facet normal -0.000000e+00 0.000000e+00 1.000000e+00
    outer loop
      vertex   -1.017736e+01 -2.357884e+00 -2.550000e+01
      vertex   -8.326132e+00 -2.472916e+00 -2.550000e+01
      vertex   -8.255180e+00 -2.192732e+00 -2.550000e+01
    endloop
  endfacet
  facet normal 0.000000e+00 0.000000e+00 1.000000e+00
    outer loop
      vertex   -1.017736e+01 -2.357884e+00 -2.550000e+01
      vertex   -8.255180e+00 -2.192732e+00 -2.550000e+01
      vertex   -1.010974e+01 -1.959881e+00 -2.550000e+01
    endloop
  endfacet
  facet normal -0.000000e+00 0.000000e+00 1.000000e+00
    outer loop
      vertex   -1.010974e+01 -1.959881e+00 -2.550000e+01
      vertex   -8.255180e+00 -2.192732e+00 -2.550000e+01
      vertex   -8.139079e+00 -1.928049e+00 -2.550000e+01
    endloop
  endfacet
  facet normal 0.000000e+00 0.000000e+00 1.000000e+00
    outer loop
      vertex   -1.010974e+01 -1.959881e+00 -2.550000e+01
      vertex   -8.139079e+00 -1.928049e+00 -2.550000e+01
      vertex   -9.997980e+00 -1.571952e+00 -2.550000e+01
    endloop
  endfacet
  facet normal 0.000000e+00 0.000000e+00 1.000000e+00
    outer loop
      vertex   -9.997980e+00 -1.571952e+00 -2.550000e+01
      vertex   -8.139079e+00 -1.928049e+00 -2.550000e+01
      vertex   -7.980996e+00 -1.686084e+00 -2.550000e+01
    endloop
  endfacet
  facet normal -0.000000e+00 0.000000e+00 1.000000e+00
    outer loop
      vertex   -9.997980e+00 -1.571952e+00 -2.550000e+01
      vertex   -7.980996e+00 -1.686084e+00 -2.550000e+01
      vertex   -7.785243e+00 -1.473440e+00 -2.550000e+01
    endloop
  endfacet
  facet normal 0.000000e+00 0.000000e+00 1.000000e+00
    outer loop
      vertex   -9.997980e+00 -1.571952e+00 -2.550000e+01
      vertex   -7.785243e+00 -1.473440e+00 -2.550000e+01
      vertex   -9.843488e+00 -1.198975e+00 -2.550000e+01
    endloop
  endfacet
  facet normal 0.000000e+00 0.000000e+00 1.000000e+00
    outer loop
      vertex   -9.843488e+00 -1.198975e+00 -2.550000e+01
      vertex   -7.785243e+00 -1.473440e+00 -2.550000e+01
      vertex   -7.557159e+00 -1.295915e+00 -2.550000e+01
    endloop
  endfacet
  facet normal -0.000000e+00 0.000000e+00 1.000000e+00
    outer loop
      vertex   -9.843488e+00 -1.198975e+00 -2.550000e+01
      vertex   -7.557159e+00 -1.295915e+00 -2.550000e+01
      vertex   -7.302967e+00 -1.158353e+00 -2.550000e+01
    endloop
  endfacet
  facet normal 0.000000e+00 0.000000e+00 1.000000e+00
    outer loop
      vertex   -9.843488e+00 -1.198975e+00 -2.550000e+01
      vertex   -7.302967e+00 -1.158353e+00 -2.550000e+01
      vertex   -9.648207e+00 -8.456411e-01 -2.550000e+01
    endloop
  endfacet
  facet normal 0.000000e+00 0.000000e+00 1.000000e+00
    outer loop
      vertex   -9.648207e+00 -8.456411e-01 -2.550000e+01
      vertex   -7.302967e+00 -1.158353e+00 -2.550000e+01
      vertex   -7.029600e+00 -1.064506e+00 -2.550000e+01
    endloop
  endfacet
  facet normal 0.000000e+00 0.000000e+00 1.000000e+00
    outer loop
      vertex   -9.648207e+00 -8.456411e-01 -2.550000e+01
      vertex   -7.029600e+00 -1.064506e+00 -2.550000e+01
      vertex   -6.744514e+00 -1.016934e+00 -2.550000e+01
    endloop
  endfacet
  facet normal 0.000000e+00 0.000000e+00 1.000000e+00
    outer loop
      vertex   -6.455486e+00 -1.016934e+00 -2.550000e+01
      vertex   -9.145585e+00 -2.153721e-01 -2.550000e+01
      vertex   -6.744514e+00 -1.016934e+00 -2.550000e+01
    endloop
  endfacet
  facet normal 0.000000e+00 0.000000e+00 1.000000e+00
    outer loop
      vertex   -6.744514e+00 -1.016934e+00 -2.550000e+01
      vertex   -9.145585e+00 -2.153721e-01 -2.550000e+01
      vertex   -9.414593e+00 -5.163933e-01 -2.550000e+01
    endloop
  endfacet
  facet normal 0.000000e+00 0.000000e+00 1.000000e+00
    outer loop
      vertex   -6.744514e+00 -1.016934e+00 -2.550000e+01
      vertex   -9.414593e+00 -5.163933e-01 -2.550000e+01
      vertex   -9.648207e+00 -8.456411e-01 -2.550000e+01
    endloop
  endfacet
  facet normal 0.000000e+00 0.000000e+00 1.000000e+00
    outer loop
      vertex   -6.170400e+00 -1.064506e+00 -2.550000e+01
      vertex   -6.600000e+00 8.390434e-01 -2.550000e+01
      vertex   -6.455486e+00 -1.016934e+00 -2.550000e+01
    endloop
  endfacet
  facet normal 0.000000e+00 0.000000e+00 1.000000e+00
    outer loop
      vertex   -6.455486e+00 -1.016934e+00 -2.550000e+01
      vertex   -6.600000e+00 8.390434e-01 -2.550000e+01
      vertex   -8.515316e+00 2.872506e-01 -2.550000e+01
    endloop
  endfacet
  facet normal 0.000000e+00 0.000000e+00 1.000000e+00
    outer loop
      vertex   -6.455486e+00 -1.016934e+00 -2.550000e+01
      vertex   -8.515316e+00 2.872506e-01 -2.550000e+01
      vertex   -8.844563e+00 5.363679e-02 -2.550000e+01
    endloop
  endfacet
  facet normal -0.000000e+00 -0.000000e+00 1.000000e+00
    outer loop
      vertex   -6.170400e+00 -1.064506e+00 -2.550000e+01
      vertex   -5.897033e+00 -1.158353e+00 -2.550000e+01
      vertex   -6.600000e+00 8.390434e-01 -2.550000e+01
    endloop
  endfacet
  facet normal 0.000000e+00 0.000000e+00 1.000000e+00
    outer loop
      vertex   -6.600000e+00 8.390434e-01 -2.550000e+01
      vertex   -5.897033e+00 -1.158353e+00 -2.550000e+01
      vertex   2.199703e+01 -1.158353e+00 -2.550000e+01
    endloop
  endfacet
  facet normal -0.000000e+00 0.000000e+00 1.000000e+00
    outer loop
      vertex   -6.600000e+00 8.390434e-01 -2.550000e+01
      vertex   2.199703e+01 -1.158353e+00 -2.550000e+01
      vertex   2.270000e+01 8.390434e-01 -2.550000e+01
    endloop
  endfacet
  facet normal 0.000000e+00 0.000000e+00 1.000000e+00
    outer loop
      vertex   2.270000e+01 8.390434e-01 -2.550000e+01
      vertex   2.199703e+01 -1.158353e+00 -2.550000e+01
      vertex   2.227040e+01 -1.064506e+00 -2.550000e+01
    endloop
  endfacet
  facet normal 0.000000e+00 0.000000e+00 1.000000e+00
    outer loop
      vertex   2.270000e+01 8.390434e-01 -2.550000e+01
      vertex   2.227040e+01 -1.064506e+00 -2.550000e+01
      vertex   2.255549e+01 -1.016934e+00 -2.550000e+01
    endloop
  endfacet
  facet normal 0.000000e+00 0.000000e+00 1.000000e+00
    outer loop
      vertex   2.199703e+01 -1.158353e+00 -2.550000e+01
      vertex   -5.897033e+00 -1.158353e+00 -2.550000e+01
      vertex   2.174284e+01 -1.295915e+00 -2.550000e+01
    endloop
  endfacet
  facet normal 0.000000e+00 0.000000e+00 1.000000e+00
    outer loop
      vertex   2.174284e+01 -1.295915e+00 -2.550000e+01
      vertex   -5.897033e+00 -1.158353e+00 -2.550000e+01
      vertex   -5.642841e+00 -1.295915e+00 -2.550000e+01
    endloop
  endfacet
  facet normal 0.000000e+00 0.000000e+00 1.000000e+00
    outer loop
      vertex   2.174284e+01 -1.295915e+00 -2.550000e+01
      vertex   -5.642841e+00 -1.295915e+00 -2.550000e+01
      vertex   2.151476e+01 -1.473440e+00 -2.550000e+01
    endloop
  endfacet
  facet normal 0.000000e+00 0.000000e+00 1.000000e+00
    outer loop
      vertex   2.151476e+01 -1.473440e+00 -2.550000e+01
      vertex   -5.642841e+00 -1.295915e+00 -2.550000e+01
      vertex   -5.414757e+00 -1.473440e+00 -2.550000e+01
    endloop
  endfacet
  facet normal 0.000000e+00 0.000000e+00 1.000000e+00
    outer loop
      vertex   2.151476e+01 -1.473440e+00 -2.550000e+01
      vertex   -5.414757e+00 -1.473440e+00 -2.550000e+01
      vertex   2.131900e+01 -1.686084e+00 -2.550000e+01
    endloop
  endfacet
  facet normal 0.000000e+00 0.000000e+00 1.000000e+00
    outer loop
      vertex   2.131900e+01 -1.686084e+00 -2.550000e+01
      vertex   -5.414757e+00 -1.473440e+00 -2.550000e+01
      vertex   -5.219004e+00 -1.686084e+00 -2.550000e+01
    endloop
  endfacet
  facet normal 0.000000e+00 0.000000e+00 1.000000e+00
    outer loop
      vertex   2.131900e+01 -1.686084e+00 -2.550000e+01
      vertex   -5.219004e+00 -1.686084e+00 -2.550000e+01
      vertex   2.116092e+01 -1.928049e+00 -2.550000e+01
    endloop
  endfacet
  facet normal 0.000000e+00 0.000000e+00 1.000000e+00
    outer loop
      vertex   2.116092e+01 -1.928049e+00 -2.550000e+01
      vertex   -5.219004e+00 -1.686084e+00 -2.550000e+01
      vertex   -5.060921e+00 -1.928049e+00 -2.550000e+01
    endloop
  endfacet
  facet normal 0.000000e+00 0.000000e+00 1.000000e+00
    outer loop
      vertex   2.116092e+01 -1.928049e+00 -2.550000e+01
      vertex   -5.060921e+00 -1.928049e+00 -2.550000e+01
      vertex   2.104482e+01 -2.192732e+00 -2.550000e+01
    endloop
  endfacet
  facet normal 0.000000e+00 0.000000e+00 1.000000e+00
    outer loop
      vertex   2.104482e+01 -2.192732e+00 -2.550000e+01
      vertex   -5.060921e+00 -1.928049e+00 -2.550000e+01
      vertex   -4.944820e+00 -2.192732e+00 -2.550000e+01
    endloop
  endfacet
  facet normal 0.000000e+00 0.000000e+00 1.000000e+00
    outer loop
      vertex   2.104482e+01 -2.192732e+00 -2.550000e+01
      vertex   -4.944820e+00 -2.192732e+00 -2.550000e+01
      vertex   2.097387e+01 -2.472916e+00 -2.550000e+01
    endloop
  endfacet
  facet normal 0.000000e+00 0.000000e+00 1.000000e+00
    outer loop
      vertex   2.097387e+01 -2.472916e+00 -2.550000e+01
      vertex   -4.944820e+00 -2.192732e+00 -2.550000e+01
      vertex   -4.873868e+00 -2.472916e+00 -2.550000e+01
    endloop
  endfacet
  facet normal 0.000000e+00 0.000000e+00 1.000000e+00
    outer loop
      vertex   2.097387e+01 -2.472916e+00 -2.550000e+01
      vertex   -4.873868e+00 -2.472916e+00 -2.550000e+01
      vertex   2.095000e+01 -2.760957e+00 -2.550000e+01
    endloop
  endfacet
  facet normal 0.000000e+00 0.000000e+00 1.000000e+00
    outer loop
      vertex   2.095000e+01 -2.760957e+00 -2.550000e+01
      vertex   -4.873868e+00 -2.472916e+00 -2.550000e+01
      vertex   -4.850000e+00 -2.760957e+00 -2.550000e+01
    endloop
  endfacet
  facet normal 0.000000e+00 0.000000e+00 1.000000e+00
    outer loop
      vertex   2.095000e+01 -2.760957e+00 -2.550000e+01
      vertex   -4.850000e+00 -2.760957e+00 -2.550000e+01
      vertex   2.097387e+01 -3.048997e+00 -2.550000e+01
    endloop
  endfacet
  facet normal 0.000000e+00 0.000000e+00 1.000000e+00
    outer loop
      vertex   2.097387e+01 -3.048997e+00 -2.550000e+01
      vertex   -4.850000e+00 -2.760957e+00 -2.550000e+01
      vertex   -4.873868e+00 -3.048997e+00 -2.550000e+01
    endloop
  endfacet
  facet normal 0.000000e+00 0.000000e+00 1.000000e+00
    outer loop
      vertex   2.097387e+01 -3.048997e+00 -2.550000e+01
      vertex   -4.873868e+00 -3.048997e+00 -2.550000e+01
      vertex   2.104482e+01 -3.329181e+00 -2.550000e+01
    endloop
  endfacet
  facet normal 0.000000e+00 0.000000e+00 1.000000e+00
    outer loop
      vertex   2.104482e+01 -3.329181e+00 -2.550000e+01
      vertex   -4.873868e+00 -3.048997e+00 -2.550000e+01
      vertex   -4.944820e+00 -3.329181e+00 -2.550000e+01
    endloop
  endfacet
  facet normal 0.000000e+00 0.000000e+00 1.000000e+00
    outer loop
      vertex   2.104482e+01 -3.329181e+00 -2.550000e+01
      vertex   -4.944820e+00 -3.329181e+00 -2.550000e+01
      vertex   2.116092e+01 -3.593864e+00 -2.550000e+01
    endloop
  endfacet
  facet normal 0.000000e+00 0.000000e+00 1.000000e+00
    outer loop
      vertex   2.116092e+01 -3.593864e+00 -2.550000e+01
      vertex   -4.944820e+00 -3.329181e+00 -2.550000e+01
      vertex   -5.060921e+00 -3.593864e+00 -2.550000e+01
    endloop
  endfacet
  facet normal 0.000000e+00 0.000000e+00 1.000000e+00
    outer loop
      vertex   2.116092e+01 -3.593864e+00 -2.550000e+01
      vertex   -5.060921e+00 -3.593864e+00 -2.550000e+01
      vertex   2.131900e+01 -3.835829e+00 -2.550000e+01
    endloop
  endfacet
  facet normal 0.000000e+00 0.000000e+00 1.000000e+00
    outer loop
      vertex   2.131900e+01 -3.835829e+00 -2.550000e+01
      vertex   -5.060921e+00 -3.593864e+00 -2.550000e+01
      vertex   -5.219004e+00 -3.835829e+00 -2.550000e+01
    endloop
  endfacet
  facet normal 0.000000e+00 0.000000e+00 1.000000e+00
    outer loop
      vertex   2.131900e+01 -3.835829e+00 -2.550000e+01
      vertex   -5.219004e+00 -3.835829e+00 -2.550000e+01
      vertex   2.151476e+01 -4.048473e+00 -2.550000e+01
    endloop
  endfacet
  facet normal 0.000000e+00 0.000000e+00 1.000000e+00
    outer loop
      vertex   2.151476e+01 -4.048473e+00 -2.550000e+01
      vertex   -5.219004e+00 -3.835829e+00 -2.550000e+01
      vertex   -5.414757e+00 -4.048473e+00 -2.550000e+01
    endloop
  endfacet
  facet normal 0.000000e+00 0.000000e+00 1.000000e+00
    outer loop
      vertex   2.151476e+01 -4.048473e+00 -2.550000e+01
      vertex   -5.414757e+00 -4.048473e+00 -2.550000e+01
      vertex   2.174284e+01 -4.225998e+00 -2.550000e+01
    endloop
  endfacet
  facet normal 0.000000e+00 0.000000e+00 1.000000e+00
    outer loop
      vertex   2.174284e+01 -4.225998e+00 -2.550000e+01
      vertex   -5.414757e+00 -4.048473e+00 -2.550000e+01
      vertex   -5.642841e+00 -4.225998e+00 -2.550000e+01
    endloop
  endfacet
  facet normal 0.000000e+00 0.000000e+00 1.000000e+00
    outer loop
      vertex   2.174284e+01 -4.225998e+00 -2.550000e+01
      vertex   -5.642841e+00 -4.225998e+00 -2.550000e+01
      vertex   2.199703e+01 -4.363560e+00 -2.550000e+01
    endloop
  endfacet
  facet normal 0.000000e+00 0.000000e+00 1.000000e+00
    outer loop
      vertex   2.199703e+01 -4.363560e+00 -2.550000e+01
      vertex   -5.642841e+00 -4.225998e+00 -2.550000e+01
      vertex   -5.897033e+00 -4.363560e+00 -2.550000e+01
    endloop
  endfacet
  facet normal 0.000000e+00 0.000000e+00 1.000000e+00
    outer loop
      vertex   2.199703e+01 -4.363560e+00 -2.550000e+01
      vertex   -5.897033e+00 -4.363560e+00 -2.550000e+01
      vertex   2.270000e+01 -6.360957e+00 -2.550000e+01
    endloop
  endfacet
  facet normal 0.000000e+00 0.000000e+00 1.000000e+00
    outer loop
      vertex   2.270000e+01 -6.360957e+00 -2.550000e+01
      vertex   -5.897033e+00 -4.363560e+00 -2.550000e+01
      vertex   -6.600000e+00 -6.360957e+00 -2.550000e+01
    endloop
  endfacet
  facet normal 0.000000e+00 0.000000e+00 1.000000e+00
    outer loop
      vertex   -6.600000e+00 -6.360957e+00 -2.550000e+01
      vertex   -5.897033e+00 -4.363560e+00 -2.550000e+01
      vertex   -6.170400e+00 -4.457407e+00 -2.550000e+01
    endloop
  endfacet
  facet normal 0.000000e+00 0.000000e+00 1.000000e+00
    outer loop
      vertex   -6.600000e+00 -6.360957e+00 -2.550000e+01
      vertex   -6.170400e+00 -4.457407e+00 -2.550000e+01
      vertex   -6.455486e+00 -4.504979e+00 -2.550000e+01
    endloop
  endfacet
  facet normal -0.000000e+00 0.000000e+00 1.000000e+00
    outer loop
      vertex   -6.744514e+00 -4.504979e+00 -2.550000e+01
      vertex   -9.145585e+00 -5.306541e+00 -2.550000e+01
      vertex   -6.455486e+00 -4.504979e+00 -2.550000e+01
    endloop
  endfacet
  facet normal 0.000000e+00 0.000000e+00 1.000000e+00
    outer loop
      vertex   -6.455486e+00 -4.504979e+00 -2.550000e+01
      vertex   -9.145585e+00 -5.306541e+00 -2.550000e+01
      vertex   -8.844563e+00 -5.575550e+00 -2.550000e+01
    endloop
  endfacet
  facet normal 0.000000e+00 0.000000e+00 1.000000e+00
    outer loop
      vertex   -6.455486e+00 -4.504979e+00 -2.550000e+01
      vertex   -8.844563e+00 -5.575550e+00 -2.550000e+01
      vertex   -8.515316e+00 -5.809164e+00 -2.550000e+01
    endloop
  endfacet
  facet normal 0.000000e+00 0.000000e+00 1.000000e+00
    outer loop
      vertex   -7.029600e+00 -4.457407e+00 -2.550000e+01
      vertex   -9.648207e+00 -4.676272e+00 -2.550000e+01
      vertex   -6.744514e+00 -4.504979e+00 -2.550000e+01
    endloop
  endfacet
  facet normal 0.000000e+00 0.000000e+00 1.000000e+00
    outer loop
      vertex   -6.744514e+00 -4.504979e+00 -2.550000e+01
      vertex   -9.648207e+00 -4.676272e+00 -2.550000e+01
      vertex   -9.414593e+00 -5.005520e+00 -2.550000e+01
    endloop
  endfacet
  facet normal 0.000000e+00 0.000000e+00 1.000000e+00
    outer loop
      vertex   -6.744514e+00 -4.504979e+00 -2.550000e+01
      vertex   -9.414593e+00 -5.005520e+00 -2.550000e+01
      vertex   -9.145585e+00 -5.306541e+00 -2.550000e+01
    endloop
  endfacet
  facet normal 0.000000e+00 0.000000e+00 1.000000e+00
    outer loop
      vertex   -7.029600e+00 -4.457407e+00 -2.550000e+01
      vertex   -7.302967e+00 -4.363560e+00 -2.550000e+01
      vertex   -9.648207e+00 -4.676272e+00 -2.550000e+01
    endloop
  endfacet
  facet normal 0.000000e+00 -0.000000e+00 1.000000e+00
    outer loop
      vertex   -9.648207e+00 -4.676272e+00 -2.550000e+01
      vertex   -7.302967e+00 -4.363560e+00 -2.550000e+01
      vertex   -9.843488e+00 -4.322938e+00 -2.550000e+01
    endloop
  endfacet
  facet normal -0.000000e+00 0.000000e+00 1.000000e+00
    outer loop
      vertex   -9.843488e+00 -4.322938e+00 -2.550000e+01
      vertex   -7.302967e+00 -4.363560e+00 -2.550000e+01
      vertex   -7.557159e+00 -4.225998e+00 -2.550000e+01
    endloop
  endfacet
  facet normal 0.000000e+00 0.000000e+00 1.000000e+00
    outer loop
      vertex   -9.843488e+00 -4.322938e+00 -2.550000e+01
      vertex   -7.557159e+00 -4.225998e+00 -2.550000e+01
      vertex   -7.785243e+00 -4.048473e+00 -2.550000e+01
    endloop
  endfacet
  facet normal 0.000000e+00 -0.000000e+00 1.000000e+00
    outer loop
      vertex   -9.843488e+00 -4.322938e+00 -2.550000e+01
      vertex   -7.785243e+00 -4.048473e+00 -2.550000e+01
      vertex   -9.997980e+00 -3.949961e+00 -2.550000e+01
    endloop
  endfacet
  facet normal -0.000000e+00 0.000000e+00 1.000000e+00
    outer loop
      vertex   -9.997980e+00 -3.949961e+00 -2.550000e+01
      vertex   -7.785243e+00 -4.048473e+00 -2.550000e+01
      vertex   -7.980996e+00 -3.835829e+00 -2.550000e+01
    endloop
  endfacet
  facet normal 0.000000e+00 0.000000e+00 1.000000e+00
    outer loop
      vertex   -9.997980e+00 -3.949961e+00 -2.550000e+01
      vertex   -7.980996e+00 -3.835829e+00 -2.550000e+01
      vertex   -8.139079e+00 -3.593864e+00 -2.550000e+01
    endloop
  endfacet
  facet normal 0.000000e+00 -0.000000e+00 1.000000e+00
    outer loop
      vertex   -9.997980e+00 -3.949961e+00 -2.550000e+01
      vertex   -8.139079e+00 -3.593864e+00 -2.550000e+01
      vertex   -1.010974e+01 -3.562032e+00 -2.550000e+01
    endloop
  endfacet
  facet normal -0.000000e+00 0.000000e+00 1.000000e+00
    outer loop
      vertex   -1.010974e+01 -3.562032e+00 -2.550000e+01
      vertex   -8.139079e+00 -3.593864e+00 -2.550000e+01
      vertex   -8.255180e+00 -3.329181e+00 -2.550000e+01
    endloop
  endfacet
  facet normal 0.000000e+00 -0.000000e+00 1.000000e+00
    outer loop
      vertex   -1.010974e+01 -3.562032e+00 -2.550000e+01
      vertex   -8.255180e+00 -3.329181e+00 -2.550000e+01
      vertex   -1.017736e+01 -3.164029e+00 -2.550000e+01
    endloop
  endfacet
  facet normal -0.000000e+00 0.000000e+00 1.000000e+00
    outer loop
      vertex   -1.017736e+01 -3.164029e+00 -2.550000e+01
      vertex   -8.255180e+00 -3.329181e+00 -2.550000e+01
      vertex   -8.326132e+00 -3.048997e+00 -2.550000e+01
    endloop
  endfacet
  facet normal 0.000000e+00 -0.000000e+00 1.000000e+00
    outer loop
      vertex   -1.017736e+01 -3.164029e+00 -2.550000e+01
      vertex   -8.326132e+00 -3.048997e+00 -2.550000e+01
      vertex   -1.020000e+01 -2.760957e+00 -2.550000e+01
    endloop
  endfacet
  facet normal 0.000000e+00 -0.000000e+00 1.000000e+00
    outer loop
      vertex   2.284451e+01 -1.016934e+00 -2.550000e+01
      vertex   2.524558e+01 -2.153721e-01 -2.550000e+01
      vertex   2.255549e+01 -1.016934e+00 -2.550000e+01
    endloop
  endfacet
  facet normal 0.000000e+00 0.000000e+00 1.000000e+00
    outer loop
      vertex   2.255549e+01 -1.016934e+00 -2.550000e+01
      vertex   2.524558e+01 -2.153721e-01 -2.550000e+01
      vertex   2.494456e+01 5.363679e-02 -2.550000e+01
    endloop
  endfacet
  facet normal 0.000000e+00 0.000000e+00 1.000000e+00
    outer loop
      vertex   2.255549e+01 -1.016934e+00 -2.550000e+01
      vertex   2.494456e+01 5.363679e-02 -2.550000e+01
      vertex   2.461532e+01 2.872506e-01 -2.550000e+01
    endloop
  endfacet
  facet normal 0.000000e+00 -0.000000e+00 1.000000e+00
    outer loop
      vertex   2.312960e+01 -1.064506e+00 -2.550000e+01
      vertex   2.574821e+01 -8.456411e-01 -2.550000e+01
      vertex   2.284451e+01 -1.016934e+00 -2.550000e+01
    endloop
  endfacet
  facet normal 0.000000e+00 0.000000e+00 1.000000e+00
    outer loop
      vertex   2.284451e+01 -1.016934e+00 -2.550000e+01
      vertex   2.574821e+01 -8.456411e-01 -2.550000e+01
      vertex   2.551459e+01 -5.163933e-01 -2.550000e+01
    endloop
  endfacet
  facet normal 0.000000e+00 0.000000e+00 1.000000e+00
    outer loop
      vertex   2.284451e+01 -1.016934e+00 -2.550000e+01
      vertex   2.551459e+01 -5.163933e-01 -2.550000e+01
      vertex   2.524558e+01 -2.153721e-01 -2.550000e+01
    endloop
  endfacet
  facet normal -0.000000e+00 0.000000e+00 1.000000e+00
    outer loop
      vertex   2.312960e+01 -1.064506e+00 -2.550000e+01
      vertex   2.340297e+01 -1.158353e+00 -2.550000e+01
      vertex   2.574821e+01 -8.456411e-01 -2.550000e+01
    endloop
  endfacet
  facet normal 0.000000e+00 0.000000e+00 1.000000e+00
    outer loop
      vertex   2.574821e+01 -8.456411e-01 -2.550000e+01
      vertex   2.340297e+01 -1.158353e+00 -2.550000e+01
      vertex   2.594349e+01 -1.198975e+00 -2.550000e+01
    endloop
  endfacet
  facet normal 0.000000e+00 0.000000e+00 1.000000e+00
    outer loop
      vertex   2.594349e+01 -1.198975e+00 -2.550000e+01
      vertex   2.340297e+01 -1.158353e+00 -2.550000e+01
      vertex   2.365716e+01 -1.295915e+00 -2.550000e+01
    endloop
  endfacet
  facet normal 0.000000e+00 0.000000e+00 1.000000e+00
    outer loop
      vertex   2.594349e+01 -1.198975e+00 -2.550000e+01
      vertex   2.365716e+01 -1.295915e+00 -2.550000e+01
      vertex   2.388524e+01 -1.473440e+00 -2.550000e+01
    endloop
  endfacet
  facet normal 0.000000e+00 0.000000e+00 1.000000e+00
    outer loop
      vertex   2.594349e+01 -1.198975e+00 -2.550000e+01
      vertex   2.388524e+01 -1.473440e+00 -2.550000e+01
      vertex   2.609798e+01 -1.571952e+00 -2.550000e+01
    endloop
  endfacet
  facet normal 0.000000e+00 0.000000e+00 1.000000e+00
    outer loop
      vertex   2.609798e+01 -1.571952e+00 -2.550000e+01
      vertex   2.388524e+01 -1.473440e+00 -2.550000e+01
      vertex   2.408100e+01 -1.686084e+00 -2.550000e+01
    endloop
  endfacet
  facet normal 0.000000e+00 0.000000e+00 1.000000e+00
    outer loop
      vertex   2.609798e+01 -1.571952e+00 -2.550000e+01
      vertex   2.408100e+01 -1.686084e+00 -2.550000e+01
      vertex   2.423908e+01 -1.928049e+00 -2.550000e+01
    endloop
  endfacet
  facet normal 0.000000e+00 0.000000e+00 1.000000e+00
    outer loop
      vertex   2.609798e+01 -1.571952e+00 -2.550000e+01
      vertex   2.423908e+01 -1.928049e+00 -2.550000e+01
      vertex   2.620974e+01 -1.959881e+00 -2.550000e+01
    endloop
  endfacet
  facet normal 0.000000e+00 0.000000e+00 1.000000e+00
    outer loop
      vertex   2.620974e+01 -1.959881e+00 -2.550000e+01
      vertex   2.423908e+01 -1.928049e+00 -2.550000e+01
      vertex   2.435518e+01 -2.192732e+00 -2.550000e+01
    endloop
  endfacet
  facet normal 0.000000e+00 0.000000e+00 1.000000e+00
    outer loop
      vertex   2.620974e+01 -1.959881e+00 -2.550000e+01
      vertex   2.435518e+01 -2.192732e+00 -2.550000e+01
      vertex   2.627736e+01 -2.357884e+00 -2.550000e+01
    endloop
  endfacet
  facet normal 0.000000e+00 0.000000e+00 1.000000e+00
    outer loop
      vertex   2.627736e+01 -2.357884e+00 -2.550000e+01
      vertex   2.435518e+01 -2.192732e+00 -2.550000e+01
      vertex   2.442613e+01 -2.472916e+00 -2.550000e+01
    endloop
  endfacet
  facet normal 0.000000e+00 0.000000e+00 1.000000e+00
    outer loop
      vertex   2.627736e+01 -2.357884e+00 -2.550000e+01
      vertex   2.442613e+01 -2.472916e+00 -2.550000e+01
      vertex   2.630000e+01 -2.760957e+00 -2.550000e+01
    endloop
  endfacet
  facet normal 0.000000e+00 0.000000e+00 1.000000e+00
    outer loop
      vertex   2.630000e+01 -2.760957e+00 -2.550000e+01
      vertex   2.442613e+01 -2.472916e+00 -2.550000e+01
      vertex   2.445000e+01 -2.760957e+00 -2.550000e+01
    endloop
  endfacet
  facet normal 0.000000e+00 0.000000e+00 1.000000e+00
    outer loop
      vertex   2.630000e+01 -2.760957e+00 -2.550000e+01
      vertex   2.445000e+01 -2.760957e+00 -2.550000e+01
      vertex   2.442613e+01 -3.048997e+00 -2.550000e+01
    endloop
  endfacet
  facet normal 0.000000e+00 0.000000e+00 1.000000e+00
    outer loop
      vertex   2.630000e+01 -2.760957e+00 -2.550000e+01
      vertex   2.442613e+01 -3.048997e+00 -2.550000e+01
      vertex   2.627736e+01 -3.164029e+00 -2.550000e+01
    endloop
  endfacet
  facet normal 0.000000e+00 0.000000e+00 1.000000e+00
    outer loop
      vertex   2.627736e+01 -3.164029e+00 -2.550000e+01
      vertex   2.442613e+01 -3.048997e+00 -2.550000e+01
      vertex   2.435518e+01 -3.329181e+00 -2.550000e+01
    endloop
  endfacet
  facet normal 0.000000e+00 0.000000e+00 1.000000e+00
    outer loop
      vertex   2.627736e+01 -3.164029e+00 -2.550000e+01
      vertex   2.435518e+01 -3.329181e+00 -2.550000e+01
      vertex   2.620974e+01 -3.562032e+00 -2.550000e+01
    endloop
  endfacet
  facet normal 0.000000e+00 0.000000e+00 1.000000e+00
    outer loop
      vertex   2.620974e+01 -3.562032e+00 -2.550000e+01
      vertex   2.435518e+01 -3.329181e+00 -2.550000e+01
      vertex   2.423908e+01 -3.593864e+00 -2.550000e+01
    endloop
  endfacet
  facet normal 0.000000e+00 0.000000e+00 1.000000e+00
    outer loop
      vertex   2.620974e+01 -3.562032e+00 -2.550000e+01
      vertex   2.423908e+01 -3.593864e+00 -2.550000e+01
      vertex   2.609798e+01 -3.949961e+00 -2.550000e+01
    endloop
  endfacet
  facet normal 0.000000e+00 0.000000e+00 1.000000e+00
    outer loop
      vertex   2.609798e+01 -3.949961e+00 -2.550000e+01
      vertex   2.423908e+01 -3.593864e+00 -2.550000e+01
      vertex   2.408100e+01 -3.835829e+00 -2.550000e+01
    endloop
  endfacet
  facet normal 0.000000e+00 0.000000e+00 1.000000e+00
    outer loop
      vertex   2.609798e+01 -3.949961e+00 -2.550000e+01
      vertex   2.408100e+01 -3.835829e+00 -2.550000e+01
      vertex   2.388524e+01 -4.048473e+00 -2.550000e+01
    endloop
  endfacet
  facet normal 0.000000e+00 0.000000e+00 1.000000e+00
    outer loop
      vertex   2.609798e+01 -3.949961e+00 -2.550000e+01
      vertex   2.388524e+01 -4.048473e+00 -2.550000e+01
      vertex   2.594349e+01 -4.322938e+00 -2.550000e+01
    endloop
  endfacet
  facet normal 0.000000e+00 0.000000e+00 1.000000e+00
    outer loop
      vertex   2.594349e+01 -4.322938e+00 -2.550000e+01
      vertex   2.388524e+01 -4.048473e+00 -2.550000e+01
      vertex   2.365716e+01 -4.225998e+00 -2.550000e+01
    endloop
  endfacet
  facet normal 0.000000e+00 0.000000e+00 1.000000e+00
    outer loop
      vertex   2.594349e+01 -4.322938e+00 -2.550000e+01
      vertex   2.365716e+01 -4.225998e+00 -2.550000e+01
      vertex   2.340297e+01 -4.363560e+00 -2.550000e+01
    endloop
  endfacet
  facet normal 0.000000e+00 0.000000e+00 1.000000e+00
    outer loop
      vertex   2.594349e+01 -4.322938e+00 -2.550000e+01
      vertex   2.340297e+01 -4.363560e+00 -2.550000e+01
      vertex   2.574821e+01 -4.676272e+00 -2.550000e+01
    endloop
  endfacet
  facet normal 0.000000e+00 0.000000e+00 1.000000e+00
    outer loop
      vertex   2.574821e+01 -4.676272e+00 -2.550000e+01
      vertex   2.340297e+01 -4.363560e+00 -2.550000e+01
      vertex   2.312960e+01 -4.457407e+00 -2.550000e+01
    endloop
  endfacet
  facet normal 0.000000e+00 0.000000e+00 1.000000e+00
    outer loop
      vertex   2.574821e+01 -4.676272e+00 -2.550000e+01
      vertex   2.312960e+01 -4.457407e+00 -2.550000e+01
      vertex   2.284451e+01 -4.504979e+00 -2.550000e+01
    endloop
  endfacet
  facet normal -0.000000e+00 0.000000e+00 1.000000e+00
    outer loop
      vertex   2.255549e+01 -4.504979e+00 -2.550000e+01
      vertex   2.524558e+01 -5.306541e+00 -2.550000e+01
      vertex   2.284451e+01 -4.504979e+00 -2.550000e+01
    endloop
  endfacet
  facet normal 0.000000e+00 0.000000e+00 1.000000e+00
    outer loop
      vertex   2.284451e+01 -4.504979e+00 -2.550000e+01
      vertex   2.524558e+01 -5.306541e+00 -2.550000e+01
      vertex   2.551459e+01 -5.005520e+00 -2.550000e+01
    endloop
  endfacet
  facet normal 0.000000e+00 0.000000e+00 1.000000e+00
    outer loop
      vertex   2.284451e+01 -4.504979e+00 -2.550000e+01
      vertex   2.551459e+01 -5.005520e+00 -2.550000e+01
      vertex   2.574821e+01 -4.676272e+00 -2.550000e+01
    endloop
  endfacet
  facet normal 0.000000e+00 0.000000e+00 1.000000e+00
    outer loop
      vertex   2.227040e+01 -4.457407e+00 -2.550000e+01
      vertex   2.270000e+01 -6.360957e+00 -2.550000e+01
      vertex   2.255549e+01 -4.504979e+00 -2.550000e+01
    endloop
  endfacet
  facet normal 0.000000e+00 0.000000e+00 1.000000e+00
    outer loop
      vertex   2.255549e+01 -4.504979e+00 -2.550000e+01
      vertex   2.270000e+01 -6.360957e+00 -2.550000e+01
      vertex   2.461532e+01 -5.809164e+00 -2.550000e+01
    endloop
  endfacet
  facet normal 0.000000e+00 0.000000e+00 1.000000e+00
    outer loop
      vertex   2.255549e+01 -4.504979e+00 -2.550000e+01
      vertex   2.461532e+01 -5.809164e+00 -2.550000e+01
      vertex   2.494456e+01 -5.575550e+00 -2.550000e+01
    endloop
  endfacet
  facet normal 0.000000e+00 0.000000e+00 1.000000e+00
    outer loop
      vertex   2.227040e+01 -4.457407e+00 -2.550000e+01
      vertex   2.199703e+01 -4.363560e+00 -2.550000e+01
      vertex   2.270000e+01 -6.360957e+00 -2.550000e+01
    endloop
  endfacet
  facet normal -0.000000e+00 0.000000e+00 1.000000e+00
    outer loop
      vertex   -7.003072e+00 8.164074e-01 -2.550000e+01
      vertex   -7.401075e+00 7.487839e-01 -2.550000e+01
      vertex   -6.600000e+00 8.390434e-01 -2.550000e+01
    endloop
  endfacet
  facet normal 0.000000e+00 0.000000e+00 1.000000e+00
    outer loop
      vertex   -6.600000e+00 8.390434e-01 -2.550000e+01
      vertex   -7.401075e+00 7.487839e-01 -2.550000e+01
      vertex   -7.789005e+00 6.370234e-01 -2.550000e+01
    endloop
  endfacet
  facet normal 0.000000e+00 0.000000e+00 1.000000e+00
    outer loop
      vertex   -6.600000e+00 8.390434e-01 -2.550000e+01
      vertex   -7.789005e+00 6.370234e-01 -2.550000e+01
      vertex   -8.161982e+00 4.825314e-01 -2.550000e+01
    endloop
  endfacet
  facet normal -0.000000e+00 0.000000e+00 1.000000e+00
    outer loop
      vertex   -8.161982e+00 4.825314e-01 -2.550000e+01
      vertex   -8.515316e+00 2.872506e-01 -2.550000e+01
      vertex   -6.600000e+00 8.390434e-01 -2.550000e+01
    endloop
  endfacet
  facet normal 0.000000e+00 0.000000e+00 1.000000e+00
    outer loop
      vertex   -8.844563e+00 5.363679e-02 -2.550000e+01
      vertex   -9.145585e+00 -2.153721e-01 -2.550000e+01
      vertex   -6.455486e+00 -1.016934e+00 -2.550000e+01
    endloop
  endfacet
  facet normal 0.000000e+00 0.000000e+00 1.000000e+00
    outer loop
      vertex   -6.455486e+00 -4.504979e+00 -2.550000e+01
      vertex   -8.515316e+00 -5.809164e+00 -2.550000e+01
      vertex   -6.600000e+00 -6.360957e+00 -2.550000e+01
    endloop
  endfacet
  facet normal 0.000000e+00 0.000000e+00 1.000000e+00
    outer loop
      vertex   -6.600000e+00 -6.360957e+00 -2.550000e+01
      vertex   -8.515316e+00 -5.809164e+00 -2.550000e+01
      vertex   -8.161982e+00 -6.004444e+00 -2.550000e+01
    endloop
  endfacet
  facet normal 0.000000e+00 0.000000e+00 1.000000e+00
    outer loop
      vertex   -6.600000e+00 -6.360957e+00 -2.550000e+01
      vertex   -8.161982e+00 -6.004444e+00 -2.550000e+01
      vertex   -7.789005e+00 -6.158937e+00 -2.550000e+01
    endloop
  endfacet
  facet normal 0.000000e+00 0.000000e+00 1.000000e+00
    outer loop
      vertex   -7.789005e+00 -6.158937e+00 -2.550000e+01
      vertex   -7.401075e+00 -6.270697e+00 -2.550000e+01
      vertex   -6.600000e+00 -6.360957e+00 -2.550000e+01
    endloop
  endfacet
  facet normal 0.000000e+00 0.000000e+00 1.000000e+00
    outer loop
      vertex   -6.600000e+00 -6.360957e+00 -2.550000e+01
      vertex   -7.401075e+00 -6.270697e+00 -2.550000e+01
      vertex   -7.003072e+00 -6.338321e+00 -2.550000e+01
    endloop
  endfacet
  facet normal 0.000000e+00 -0.000000e+00 1.000000e+00
    outer loop
      vertex   2.310307e+01 -6.338321e+00 -2.550000e+01
      vertex   2.350108e+01 -6.270697e+00 -2.550000e+01
      vertex   2.270000e+01 -6.360957e+00 -2.550000e+01
    endloop
  endfacet
  facet normal 0.000000e+00 0.000000e+00 1.000000e+00
    outer loop
      vertex   2.270000e+01 -6.360957e+00 -2.550000e+01
      vertex   2.350108e+01 -6.270697e+00 -2.550000e+01
      vertex   2.388900e+01 -6.158937e+00 -2.550000e+01
    endloop
  endfacet
  facet normal 0.000000e+00 0.000000e+00 1.000000e+00
    outer loop
      vertex   2.270000e+01 -6.360957e+00 -2.550000e+01
      vertex   2.388900e+01 -6.158937e+00 -2.550000e+01
      vertex   2.426198e+01 -6.004444e+00 -2.550000e+01
    endloop
  endfacet
  facet normal 0.000000e+00 -0.000000e+00 1.000000e+00
    outer loop
      vertex   2.426198e+01 -6.004444e+00 -2.550000e+01
      vertex   2.461532e+01 -5.809164e+00 -2.550000e+01
      vertex   2.270000e+01 -6.360957e+00 -2.550000e+01
    endloop
  endfacet
  facet normal 0.000000e+00 -0.000000e+00 1.000000e+00
    outer loop
      vertex   2.494456e+01 -5.575550e+00 -2.550000e+01
      vertex   2.524558e+01 -5.306541e+00 -2.550000e+01
      vertex   2.255549e+01 -4.504979e+00 -2.550000e+01
    endloop
  endfacet
  facet normal 0.000000e+00 0.000000e+00 1.000000e+00
    outer loop
      vertex   2.255549e+01 -1.016934e+00 -2.550000e+01
      vertex   2.461532e+01 2.872506e-01 -2.550000e+01
      vertex   2.270000e+01 8.390434e-01 -2.550000e+01
    endloop
  endfacet
  facet normal 0.000000e+00 0.000000e+00 1.000000e+00
    outer loop
      vertex   2.270000e+01 8.390434e-01 -2.550000e+01
      vertex   2.461532e+01 2.872506e-01 -2.550000e+01
      vertex   2.426198e+01 4.825314e-01 -2.550000e+01
    endloop
  endfacet
  facet normal 0.000000e+00 0.000000e+00 1.000000e+00
    outer loop
      vertex   2.270000e+01 8.390434e-01 -2.550000e+01
      vertex   2.426198e+01 4.825314e-01 -2.550000e+01
      vertex   2.388900e+01 6.370234e-01 -2.550000e+01
    endloop
  endfacet
  facet normal 0.000000e+00 0.000000e+00 1.000000e+00
    outer loop
      vertex   2.388900e+01 6.370234e-01 -2.550000e+01
      vertex   2.350108e+01 7.487839e-01 -2.550000e+01
      vertex   2.270000e+01 8.390434e-01 -2.550000e+01
    endloop
  endfacet
  facet normal 0.000000e+00 0.000000e+00 1.000000e+00
    outer loop
      vertex   2.270000e+01 8.390434e-01 -2.550000e+01
      vertex   2.350108e+01 7.487839e-01 -2.550000e+01
      vertex   2.310307e+01 8.164074e-01 -2.550000e+01
    endloop
  endfacet
  facet normal 0.000000e+00 7.071068e-01 -7.071068e-01
    outer loop
      vertex   2.270000e+01 8.390434e-01 -2.900000e+01
      vertex   -6.600000e+00 8.390434e-01 -2.900000e+01
      vertex   2.270000e+01 1.239043e+00 -2.860000e+01
    endloop
  endfacet
  facet normal 0.000000e+00 7.071068e-01 -7.071068e-01
    outer loop
      vertex   2.270000e+01 1.239043e+00 -2.860000e+01
      vertex   -6.600000e+00 8.390434e-01 -2.900000e+01
      vertex   -6.600000e+00 1.239043e+00 -2.860000e+01
    endloop
  endfacet
  facet normal 3.831007e-02 -7.065877e-01 -7.065877e-01
    outer loop
      vertex   2.270000e+01 -6.760957e+00 -2.860000e+01
      vertex   2.270000e+01 -6.360957e+00 -2.900000e+01
      vertex   2.313248e+01 -6.737508e+00 -2.860000e+01
    endloop
  endfacet
  facet normal 3.963746e-02 -7.058103e-01 -7.072911e-01
    outer loop
      vertex   2.313248e+01 -6.737508e+00 -2.860000e+01
      vertex   2.270000e+01 -6.360957e+00 -2.900000e+01
      vertex   2.310307e+01 -6.338321e+00 -2.900000e+01
    endloop
  endfacet
  facet normal 1.145852e-01 -6.989386e-01 -7.059427e-01
    outer loop
      vertex   2.313248e+01 -6.737508e+00 -2.860000e+01
      vertex   2.310307e+01 -6.338321e+00 -2.900000e+01
      vertex   2.355988e+01 -6.667439e+00 -2.860000e+01
    endloop
  endfacet
  facet normal 1.182988e-01 -6.962569e-01 -7.079772e-01
    outer loop
      vertex   2.355988e+01 -6.667439e+00 -2.860000e+01
      vertex   2.310307e+01 -6.338321e+00 -2.900000e+01
      vertex   2.350108e+01 -6.270697e+00 -2.900000e+01
    endloop
  endfacet
  facet normal 1.896416e-01 -6.830272e-01 -7.053438e-01
    outer loop
      vertex   2.355988e+01 -6.667439e+00 -2.860000e+01
      vertex   2.350108e+01 -6.270697e+00 -2.900000e+01
      vertex   2.397721e+01 -6.551569e+00 -2.860000e+01
    endloop
  endfacet
  facet normal 1.953355e-01 -6.780247e-01 -7.086089e-01
    outer loop
      vertex   2.397721e+01 -6.551569e+00 -2.860000e+01
      vertex   2.350108e+01 -6.270697e+00 -2.900000e+01
      vertex   2.388900e+01 -6.158937e+00 -2.900000e+01
    endloop
  endfacet
  facet normal 2.625814e-01 -6.590295e-01 -7.047915e-01
    outer loop
      vertex   2.397721e+01 -6.551569e+00 -2.860000e+01
      vertex   2.388900e+01 -6.158937e+00 -2.900000e+01
      vertex   2.437956e+01 -6.391258e+00 -2.860000e+01
    endloop
  endfacet
  facet normal 2.697999e-01 -6.513545e-01 -7.091864e-01
    outer loop
      vertex   2.437956e+01 -6.391258e+00 -2.860000e+01
      vertex   2.388900e+01 -6.158937e+00 -2.900000e+01
      vertex   2.426198e+01 -6.004444e+00 -2.900000e+01
    endloop
  endfacet
  facet normal 3.325308e-01 -6.272196e-01 -7.042861e-01
    outer loop
      vertex   2.437956e+01 -6.391258e+00 -2.860000e+01
      vertex   2.426198e+01 -6.004444e+00 -2.900000e+01
      vertex   2.476222e+01 -6.188385e+00 -2.860000e+01
    endloop
  endfacet
  facet normal 3.407769e-01 -6.165894e-01 -7.097103e-01
    outer loop
      vertex   2.476222e+01 -6.188385e+00 -2.860000e+01
      vertex   2.426198e+01 -6.004444e+00 -2.900000e+01
      vertex   2.461532e+01 -5.809164e+00 -2.900000e+01
    endloop
  endfacet
  facet normal 3.986508e-01 -5.879659e-01 -7.038279e-01
    outer loop
      vertex   2.476222e+01 -6.188385e+00 -2.860000e+01
      vertex   2.461532e+01 -5.809164e+00 -2.900000e+01
      vertex   2.512070e+01 -5.945329e+00 -2.860000e+01
    endloop
  endfacet
  facet normal 4.073958e-01 -5.741707e-01 -7.101807e-01
    outer loop
      vertex   2.512070e+01 -5.945329e+00 -2.860000e+01
      vertex   2.461532e+01 -5.809164e+00 -2.900000e+01
      vertex   2.494456e+01 -5.575550e+00 -2.900000e+01
    endloop
  endfacet
  facet normal 4.601475e-01 -5.417275e-01 -7.034171e-01
    outer loop
      vertex   2.512070e+01 -5.945329e+00 -2.860000e+01
      vertex   2.494456e+01 -5.575550e+00 -2.900000e+01
      vertex   2.545080e+01 -5.664939e+00 -2.860000e+01
    endloop
  endfacet
  facet normal 4.688402e-01 -5.246324e-01 -7.105982e-01
    outer loop
      vertex   2.545080e+01 -5.664939e+00 -2.860000e+01
      vertex   2.494456e+01 -5.575550e+00 -2.900000e+01
      vertex   2.524558e+01 -5.306541e+00 -2.900000e+01
    endloop
  endfacet
  facet normal 5.162818e-01 -4.890481e-01 -7.030540e-01
    outer loop
      vertex   2.545080e+01 -5.664939e+00 -2.860000e+01
      vertex   2.524558e+01 -5.306541e+00 -2.900000e+01
      vertex   2.574865e+01 -5.350502e+00 -2.860000e+01
    endloop
  endfacet
  facet normal 5.243577e-01 -4.685946e-01 -7.109628e-01
    outer loop
      vertex   2.574865e+01 -5.350502e+00 -2.860000e+01
      vertex   2.524558e+01 -5.306541e+00 -2.900000e+01
      vertex   2.551459e+01 -5.005520e+00 -2.900000e+01
    endloop
  endfacet
  facet normal 5.663787e-01 -4.305499e-01 -7.027389e-01
    outer loop
      vertex   2.574865e+01 -5.350502e+00 -2.860000e+01
      vertex   2.551459e+01 -5.005520e+00 -2.900000e+01
      vertex   2.601076e+01 -5.005705e+00 -2.860000e+01
    endloop
  endfacet
  facet normal 5.732691e-01 -4.067561e-01 -7.112749e-01
    outer loop
      vertex   2.601076e+01 -5.005705e+00 -2.860000e+01
      vertex   2.551459e+01 -5.005520e+00 -2.900000e+01
      vertex   2.574821e+01 -4.676272e+00 -2.900000e+01
    endloop
  endfacet
  facet normal 6.098350e-01 -3.669255e-01 -7.024720e-01
    outer loop
      vertex   2.601076e+01 -5.005705e+00 -2.860000e+01
      vertex   2.574821e+01 -4.676272e+00 -2.900000e+01
      vertex   2.623405e+01 -4.634590e+00 -2.860000e+01
    endloop
  endfacet
  facet normal 6.149766e-01 -3.398856e-01 -7.115347e-01
    outer loop
      vertex   2.623405e+01 -4.634590e+00 -2.860000e+01
      vertex   2.574821e+01 -4.676272e+00 -2.900000e+01
      vertex   2.594349e+01 -4.322938e+00 -2.900000e+01
    endloop
  endfacet
  facet normal 6.461276e-01 -2.989304e-01 -7.022534e-01
    outer loop
      vertex   2.623405e+01 -4.634590e+00 -2.860000e+01
      vertex   2.594349e+01 -4.322938e+00 -2.900000e+01
      vertex   2.641591e+01 -4.241509e+00 -2.860000e+01
    endloop
  endfacet
  facet normal 6.489706e-01 -2.688124e-01 -7.117423e-01
    outer loop
      vertex   2.641591e+01 -4.241509e+00 -2.860000e+01
      vertex   2.594349e+01 -4.322938e+00 -2.900000e+01
      vertex   2.609798e+01 -3.949961e+00 -2.900000e+01
    endloop
  endfacet
  facet normal 6.748190e-01 -2.273730e-01 -7.020832e-01
    outer loop
      vertex   2.641591e+01 -4.241509e+00 -2.860000e+01
      vertex   2.609798e+01 -3.949961e+00 -2.900000e+01
      vertex   2.655420e+01 -3.831070e+00 -2.860000e+01
    endloop
  endfacet
  facet normal 6.748359e-01 -1.944169e-01 -7.118979e-01
    outer loop
      vertex   2.655420e+01 -3.831070e+00 -2.860000e+01
      vertex   2.609798e+01 -3.949961e+00 -2.900000e+01
      vertex   2.620974e+01 -3.562032e+00 -2.900000e+01
    endloop
  endfacet
  facet normal 6.955637e-01 -1.531051e-01 -7.019615e-01
    outer loop
      vertex   2.655420e+01 -3.831070e+00 -2.860000e+01
      vertex   2.620974e+01 -3.562032e+00 -2.900000e+01
      vertex   2.664731e+01 -3.408085e+00 -2.860000e+01
    endloop
  endfacet
  facet normal 6.922568e-01 -1.176192e-01 -7.120015e-01
    outer loop
      vertex   2.664731e+01 -3.408085e+00 -2.860000e+01
      vertex   2.620974e+01 -3.562032e+00 -2.900000e+01
      vertex   2.627736e+01 -3.164029e+00 -2.900000e+01
    endloop
  endfacet
  facet normal 7.081114e-01 -7.701175e-02 -7.018885e-01
    outer loop
      vertex   2.664731e+01 -3.408085e+00 -2.860000e+01
      vertex   2.627736e+01 -3.164029e+00 -2.900000e+01
      vertex   2.669413e+01 -2.977512e+00 -2.860000e+01
    endloop
  endfacet
  facet normal 7.010208e-01 -3.936848e-02 -7.120534e-01
    outer loop
      vertex   2.669413e+01 -2.977512e+00 -2.860000e+01
      vertex   2.627736e+01 -3.164029e+00 -2.900000e+01
      vertex   2.630000e+01 -2.760957e+00 -2.900000e+01
    endloop
  endfacet
  facet normal 7.123108e-01 0.000000e+00 -7.018642e-01
    outer loop
      vertex   2.669413e+01 -2.977512e+00 -2.860000e+01
      vertex   2.630000e+01 -2.760957e+00 -2.900000e+01
      vertex   2.669413e+01 -2.544401e+00 -2.860000e+01
    endloop
  endfacet
  facet normal 7.010208e-01 3.936848e-02 -7.120534e-01
    outer loop
      vertex   2.669413e+01 -2.544401e+00 -2.860000e+01
      vertex   2.630000e+01 -2.760957e+00 -2.900000e+01
      vertex   2.627736e+01 -2.357884e+00 -2.900000e+01
    endloop
  endfacet
  facet normal 7.081114e-01 7.701175e-02 -7.018885e-01
    outer loop
      vertex   2.669413e+01 -2.544401e+00 -2.860000e+01
      vertex   2.627736e+01 -2.357884e+00 -2.900000e+01
      vertex   2.664731e+01 -2.113829e+00 -2.860000e+01
    endloop
  endfacet
  facet normal 6.922568e-01 1.176192e-01 -7.120015e-01
    outer loop
      vertex   2.664731e+01 -2.113829e+00 -2.860000e+01
      vertex   2.627736e+01 -2.357884e+00 -2.900000e+01
      vertex   2.620974e+01 -1.959881e+00 -2.900000e+01
    endloop
  endfacet
  facet normal 6.955637e-01 1.531051e-01 -7.019615e-01
    outer loop
      vertex   2.664731e+01 -2.113829e+00 -2.860000e+01
      vertex   2.620974e+01 -1.959881e+00 -2.900000e+01
      vertex   2.655420e+01 -1.690843e+00 -2.860000e+01
    endloop
  endfacet
  facet normal 6.748359e-01 1.944169e-01 -7.118979e-01
    outer loop
      vertex   2.655420e+01 -1.690843e+00 -2.860000e+01
      vertex   2.620974e+01 -1.959881e+00 -2.900000e+01
      vertex   2.609798e+01 -1.571952e+00 -2.900000e+01
    endloop
  endfacet
  facet normal 6.748190e-01 2.273730e-01 -7.020832e-01
    outer loop
      vertex   2.655420e+01 -1.690843e+00 -2.860000e+01
      vertex   2.609798e+01 -1.571952e+00 -2.900000e+01
      vertex   2.641591e+01 -1.280404e+00 -2.860000e+01
    endloop
  endfacet
  facet normal 6.489706e-01 2.688124e-01 -7.117423e-01
    outer loop
      vertex   2.641591e+01 -1.280404e+00 -2.860000e+01
      vertex   2.609798e+01 -1.571952e+00 -2.900000e+01
      vertex   2.594349e+01 -1.198975e+00 -2.900000e+01
    endloop
  endfacet
  facet normal 6.461276e-01 2.989304e-01 -7.022534e-01
    outer loop
      vertex   2.641591e+01 -1.280404e+00 -2.860000e+01
      vertex   2.594349e+01 -1.198975e+00 -2.900000e+01
      vertex   2.623405e+01 -8.873228e-01 -2.860000e+01
    endloop
  endfacet
  facet normal 6.149766e-01 3.398856e-01 -7.115347e-01
    outer loop
      vertex   2.623405e+01 -8.873228e-01 -2.860000e+01
      vertex   2.594349e+01 -1.198975e+00 -2.900000e+01
      vertex   2.574821e+01 -8.456411e-01 -2.900000e+01
    endloop
  endfacet
  facet normal 6.098350e-01 3.669255e-01 -7.024720e-01
    outer loop
      vertex   2.623405e+01 -8.873228e-01 -2.860000e+01
      vertex   2.574821e+01 -8.456411e-01 -2.900000e+01
      vertex   2.601076e+01 -5.162083e-01 -2.860000e+01
    endloop
  endfacet
  facet normal 5.732691e-01 4.067561e-01 -7.112749e-01
    outer loop
      vertex   2.601076e+01 -5.162083e-01 -2.860000e+01
      vertex   2.574821e+01 -8.456411e-01 -2.900000e+01
      vertex   2.551459e+01 -5.163933e-01 -2.900000e+01
    endloop
  endfacet
  facet normal 5.663787e-01 4.305499e-01 -7.027389e-01
    outer loop
      vertex   2.601076e+01 -5.162083e-01 -2.860000e+01
      vertex   2.551459e+01 -5.163933e-01 -2.900000e+01
      vertex   2.574865e+01 -1.714114e-01 -2.860000e+01
    endloop
  endfacet
  facet normal 5.243577e-01 4.685946e-01 -7.109628e-01
    outer loop
      vertex   2.574865e+01 -1.714114e-01 -2.860000e+01
      vertex   2.551459e+01 -5.163933e-01 -2.900000e+01
      vertex   2.524558e+01 -2.153721e-01 -2.900000e+01
    endloop
  endfacet
  facet normal 5.162818e-01 4.890481e-01 -7.030540e-01
    outer loop
      vertex   2.574865e+01 -1.714114e-01 -2.860000e+01
      vertex   2.524558e+01 -2.153721e-01 -2.900000e+01
      vertex   2.545080e+01 1.430254e-01 -2.860000e+01
    endloop
  endfacet
  facet normal 4.688402e-01 5.246324e-01 -7.105982e-01
    outer loop
      vertex   2.545080e+01 1.430254e-01 -2.860000e+01
      vertex   2.524558e+01 -2.153721e-01 -2.900000e+01
      vertex   2.494456e+01 5.363679e-02 -2.900000e+01
    endloop
  endfacet
  facet normal 4.601475e-01 5.417275e-01 -7.034171e-01
    outer loop
      vertex   2.545080e+01 1.430254e-01 -2.860000e+01
      vertex   2.494456e+01 5.363679e-02 -2.900000e+01
      vertex   2.512070e+01 4.234157e-01 -2.860000e+01
    endloop
  endfacet
  facet normal 4.073958e-01 5.741707e-01 -7.101807e-01
    outer loop
      vertex   2.512070e+01 4.234157e-01 -2.860000e+01
      vertex   2.494456e+01 5.363679e-02 -2.900000e+01
      vertex   2.461532e+01 2.872506e-01 -2.900000e+01
    endloop
  endfacet
  facet normal 3.986508e-01 5.879659e-01 -7.038279e-01
    outer loop
      vertex   2.512070e+01 4.234157e-01 -2.860000e+01
      vertex   2.461532e+01 2.872506e-01 -2.900000e+01
      vertex   2.476222e+01 6.664722e-01 -2.860000e+01
    endloop
  endfacet
  facet normal 3.407769e-01 6.165894e-01 -7.097103e-01
    outer loop
      vertex   2.476222e+01 6.664722e-01 -2.860000e+01
      vertex   2.461532e+01 2.872506e-01 -2.900000e+01
      vertex   2.426198e+01 4.825314e-01 -2.900000e+01
    endloop
  endfacet
  facet normal 3.325308e-01 6.272196e-01 -7.042861e-01
    outer loop
      vertex   2.476222e+01 6.664722e-01 -2.860000e+01
      vertex   2.426198e+01 4.825314e-01 -2.900000e+01
      vertex   2.437956e+01 8.693451e-01 -2.860000e+01
    endloop
  endfacet
  facet normal 2.697999e-01 6.513545e-01 -7.091864e-01
    outer loop
      vertex   2.437956e+01 8.693451e-01 -2.860000e+01
      vertex   2.426198e+01 4.825314e-01 -2.900000e+01
      vertex   2.388900e+01 6.370234e-01 -2.900000e+01
    endloop
  endfacet
  facet normal 2.625814e-01 6.590295e-01 -7.047915e-01
    outer loop
      vertex   2.437956e+01 8.693451e-01 -2.860000e+01
      vertex   2.388900e+01 6.370234e-01 -2.900000e+01
      vertex   2.397721e+01 1.029656e+00 -2.860000e+01
    endloop
  endfacet
  facet normal 1.953355e-01 6.780247e-01 -7.086089e-01
    outer loop
      vertex   2.397721e+01 1.029656e+00 -2.860000e+01
      vertex   2.388900e+01 6.370234e-01 -2.900000e+01
      vertex   2.350108e+01 7.487839e-01 -2.900000e+01
    endloop
  endfacet
  facet normal 1.896416e-01 6.830272e-01 -7.053438e-01
    outer loop
      vertex   2.397721e+01 1.029656e+00 -2.860000e+01
      vertex   2.350108e+01 7.487839e-01 -2.900000e+01
      vertex   2.355988e+01 1.145526e+00 -2.860000e+01
    endloop
  endfacet
  facet normal 1.182988e-01 6.962569e-01 -7.079772e-01
    outer loop
      vertex   2.355988e+01 1.145526e+00 -2.860000e+01
      vertex   2.350108e+01 7.487839e-01 -2.900000e+01
      vertex   2.310307e+01 8.164074e-01 -2.900000e+01
    endloop
  endfacet
  facet normal 1.145852e-01 6.989386e-01 -7.059427e-01
    outer loop
      vertex   2.355988e+01 1.145526e+00 -2.860000e+01
      vertex   2.310307e+01 8.164074e-01 -2.900000e+01
      vertex   2.313248e+01 1.215595e+00 -2.860000e+01
    endloop
  endfacet
  facet normal 3.963746e-02 7.058103e-01 -7.072911e-01
    outer loop
      vertex   2.313248e+01 1.215595e+00 -2.860000e+01
      vertex   2.310307e+01 8.164074e-01 -2.900000e+01
      vertex   2.270000e+01 8.390434e-01 -2.900000e+01
    endloop
  endfacet
  facet normal 3.831007e-02 7.065877e-01 -7.065877e-01
    outer loop
      vertex   2.313248e+01 1.215595e+00 -2.860000e+01
      vertex   2.270000e+01 8.390434e-01 -2.900000e+01
      vertex   2.270000e+01 1.239043e+00 -2.860000e+01
    endloop
  endfacet
  facet normal 0.000000e+00 -7.071068e-01 -7.071068e-01
    outer loop
      vertex   -6.600000e+00 -6.360957e+00 -2.900000e+01
      vertex   2.270000e+01 -6.360957e+00 -2.900000e+01
      vertex   -6.600000e+00 -6.760957e+00 -2.860000e+01
    endloop
  endfacet
  facet normal 0.000000e+00 -7.071068e-01 -7.071068e-01
    outer loop
      vertex   -6.600000e+00 -6.760957e+00 -2.860000e+01
      vertex   2.270000e+01 -6.360957e+00 -2.900000e+01
      vertex   2.270000e+01 -6.760957e+00 -2.860000e+01
    endloop
  endfacet
  facet normal -3.831007e-02 7.065877e-01 -7.065877e-01
    outer loop
      vertex   -6.600000e+00 1.239043e+00 -2.860000e+01
      vertex   -6.600000e+00 8.390434e-01 -2.900000e+01
      vertex   -7.032476e+00 1.215595e+00 -2.860000e+01
    endloop
  endfacet
  facet normal -3.963746e-02 7.058103e-01 -7.072911e-01
    outer loop
      vertex   -7.032476e+00 1.215595e+00 -2.860000e+01
      vertex   -6.600000e+00 8.390434e-01 -2.900000e+01
      vertex   -7.003072e+00 8.164074e-01 -2.900000e+01
    endloop
  endfacet
  facet normal -1.145852e-01 6.989386e-01 -7.059427e-01
    outer loop
      vertex   -7.032476e+00 1.215595e+00 -2.860000e+01
      vertex   -7.003072e+00 8.164074e-01 -2.900000e+01
      vertex   -7.459882e+00 1.145526e+00 -2.860000e+01
    endloop
  endfacet
  facet normal -1.182988e-01 6.962569e-01 -7.079772e-01
    outer loop
      vertex   -7.459882e+00 1.145526e+00 -2.860000e+01
      vertex   -7.003072e+00 8.164074e-01 -2.900000e+01
      vertex   -7.401075e+00 7.487839e-01 -2.900000e+01
    endloop
  endfacet
  facet normal -1.896416e-01 6.830272e-01 -7.053438e-01
    outer loop
      vertex   -7.459882e+00 1.145526e+00 -2.860000e+01
      vertex   -7.401075e+00 7.487839e-01 -2.900000e+01
      vertex   -7.877206e+00 1.029656e+00 -2.860000e+01
    endloop
  endfacet
  facet normal -1.953355e-01 6.780247e-01 -7.086089e-01
    outer loop
      vertex   -7.877206e+00 1.029656e+00 -2.860000e+01
      vertex   -7.401075e+00 7.487839e-01 -2.900000e+01
      vertex   -7.789005e+00 6.370234e-01 -2.900000e+01
    endloop
  endfacet
  facet normal -2.625814e-01 6.590295e-01 -7.047915e-01
    outer loop
      vertex   -7.877206e+00 1.029656e+00 -2.860000e+01
      vertex   -7.789005e+00 6.370234e-01 -2.900000e+01
      vertex   -8.279557e+00 8.693451e-01 -2.860000e+01
    endloop
  endfacet
  facet normal -2.697999e-01 6.513545e-01 -7.091864e-01
    outer loop
      vertex   -8.279557e+00 8.693451e-01 -2.860000e+01
      vertex   -7.789005e+00 6.370234e-01 -2.900000e+01
      vertex   -8.161982e+00 4.825314e-01 -2.900000e+01
    endloop
  endfacet
  facet normal -3.325308e-01 6.272196e-01 -7.042861e-01
    outer loop
      vertex   -8.279557e+00 8.693451e-01 -2.860000e+01
      vertex   -8.161982e+00 4.825314e-01 -2.900000e+01
      vertex   -8.662216e+00 6.664722e-01 -2.860000e+01
    endloop
  endfacet
  facet normal -3.407769e-01 6.165894e-01 -7.097103e-01
    outer loop
      vertex   -8.662216e+00 6.664722e-01 -2.860000e+01
      vertex   -8.161982e+00 4.825314e-01 -2.900000e+01
      vertex   -8.515316e+00 2.872506e-01 -2.900000e+01
    endloop
  endfacet
  facet normal -3.986508e-01 5.879659e-01 -7.038279e-01
    outer loop
      vertex   -8.662216e+00 6.664722e-01 -2.860000e+01
      vertex   -8.515316e+00 2.872506e-01 -2.900000e+01
      vertex   -9.020697e+00 4.234157e-01 -2.860000e+01
    endloop
  endfacet
  facet normal -4.073958e-01 5.741707e-01 -7.101807e-01
    outer loop
      vertex   -9.020697e+00 4.234157e-01 -2.860000e+01
      vertex   -8.515316e+00 2.872506e-01 -2.900000e+01
      vertex   -8.844563e+00 5.363679e-02 -2.900000e+01
    endloop
  endfacet
  facet normal -4.601475e-01 5.417275e-01 -7.034171e-01
    outer loop
      vertex   -9.020697e+00 4.234157e-01 -2.860000e+01
      vertex   -8.844563e+00 5.363679e-02 -2.900000e+01
      vertex   -9.350798e+00 1.430254e-01 -2.860000e+01
    endloop
  endfacet
  facet normal -4.688402e-01 5.246324e-01 -7.105982e-01
    outer loop
      vertex   -9.350798e+00 1.430254e-01 -2.860000e+01
      vertex   -8.844563e+00 5.363679e-02 -2.900000e+01
      vertex   -9.145585e+00 -2.153721e-01 -2.900000e+01
    endloop
  endfacet
  facet normal -5.162818e-01 4.890481e-01 -7.030540e-01
    outer loop
      vertex   -9.350798e+00 1.430254e-01 -2.860000e+01
      vertex   -9.145585e+00 -2.153721e-01 -2.900000e+01
      vertex   -9.648648e+00 -1.714114e-01 -2.860000e+01
    endloop
  endfacet
  facet normal -5.243577e-01 4.685946e-01 -7.109628e-01
    outer loop
      vertex   -9.648648e+00 -1.714114e-01 -2.860000e+01
      vertex   -9.145585e+00 -2.153721e-01 -2.900000e+01
      vertex   -9.414593e+00 -5.163933e-01 -2.900000e+01
    endloop
  endfacet
  facet normal -5.663787e-01 4.305499e-01 -7.027389e-01
    outer loop
      vertex   -9.648648e+00 -1.714114e-01 -2.860000e+01
      vertex   -9.414593e+00 -5.163933e-01 -2.900000e+01
      vertex   -9.910756e+00 -5.162083e-01 -2.860000e+01
    endloop
  endfacet
  facet normal -5.732691e-01 4.067561e-01 -7.112749e-01
    outer loop
      vertex   -9.910756e+00 -5.162083e-01 -2.860000e+01
      vertex   -9.414593e+00 -5.163933e-01 -2.900000e+01
      vertex   -9.648207e+00 -8.456411e-01 -2.900000e+01
    endloop
  endfacet
  facet normal -6.098350e-01 3.669255e-01 -7.024720e-01
    outer loop
      vertex   -9.910756e+00 -5.162083e-01 -2.860000e+01
      vertex   -9.648207e+00 -8.456411e-01 -2.900000e+01
      vertex   -1.013405e+01 -8.873228e-01 -2.860000e+01
    endloop
  endfacet
  facet normal -6.149766e-01 3.398856e-01 -7.115347e-01
    outer loop
      vertex   -1.013405e+01 -8.873228e-01 -2.860000e+01
      vertex   -9.648207e+00 -8.456411e-01 -2.900000e+01
      vertex   -9.843488e+00 -1.198975e+00 -2.900000e+01
    endloop
  endfacet
  facet normal -6.461276e-01 2.989304e-01 -7.022534e-01
    outer loop
      vertex   -1.013405e+01 -8.873228e-01 -2.860000e+01
      vertex   -9.843488e+00 -1.198975e+00 -2.900000e+01
      vertex   -1.031591e+01 -1.280404e+00 -2.860000e+01
    endloop
  endfacet
  facet normal -6.489706e-01 2.688124e-01 -7.117423e-01
    outer loop
      vertex   -1.031591e+01 -1.280404e+00 -2.860000e+01
      vertex   -9.843488e+00 -1.198975e+00 -2.900000e+01
      vertex   -9.997980e+00 -1.571952e+00 -2.900000e+01
    endloop
  endfacet
  facet normal -6.748190e-01 2.273730e-01 -7.020832e-01
    outer loop
      vertex   -1.031591e+01 -1.280404e+00 -2.860000e+01
      vertex   -9.997980e+00 -1.571952e+00 -2.900000e+01
      vertex   -1.045420e+01 -1.690843e+00 -2.860000e+01
    endloop
  endfacet
  facet normal -6.748359e-01 1.944169e-01 -7.118979e-01
    outer loop
      vertex   -1.045420e+01 -1.690843e+00 -2.860000e+01
      vertex   -9.997980e+00 -1.571952e+00 -2.900000e+01
      vertex   -1.010974e+01 -1.959881e+00 -2.900000e+01
    endloop
  endfacet
  facet normal -6.955637e-01 1.531051e-01 -7.019615e-01
    outer loop
      vertex   -1.045420e+01 -1.690843e+00 -2.860000e+01
      vertex   -1.010974e+01 -1.959881e+00 -2.900000e+01
      vertex   -1.054731e+01 -2.113829e+00 -2.860000e+01
    endloop
  endfacet
  facet normal -6.922568e-01 1.176192e-01 -7.120015e-01
    outer loop
      vertex   -1.054731e+01 -2.113829e+00 -2.860000e+01
      vertex   -1.010974e+01 -1.959881e+00 -2.900000e+01
      vertex   -1.017736e+01 -2.357884e+00 -2.900000e+01
    endloop
  endfacet
  facet normal -7.081114e-01 7.701175e-02 -7.018885e-01
    outer loop
      vertex   -1.054731e+01 -2.113829e+00 -2.860000e+01
      vertex   -1.017736e+01 -2.357884e+00 -2.900000e+01
      vertex   -1.059413e+01 -2.544401e+00 -2.860000e+01
    endloop
  endfacet
  facet normal -7.010208e-01 3.936848e-02 -7.120534e-01
    outer loop
      vertex   -1.059413e+01 -2.544401e+00 -2.860000e+01
      vertex   -1.017736e+01 -2.357884e+00 -2.900000e+01
      vertex   -1.020000e+01 -2.760957e+00 -2.900000e+01
    endloop
  endfacet
  facet normal -7.123108e-01 -0.000000e+00 -7.018642e-01
    outer loop
      vertex   -1.059413e+01 -2.544401e+00 -2.860000e+01
      vertex   -1.020000e+01 -2.760957e+00 -2.900000e+01
      vertex   -1.059413e+01 -2.977512e+00 -2.860000e+01
    endloop
  endfacet
  facet normal -7.010208e-01 -3.936848e-02 -7.120534e-01
    outer loop
      vertex   -1.059413e+01 -2.977512e+00 -2.860000e+01
      vertex   -1.020000e+01 -2.760957e+00 -2.900000e+01
      vertex   -1.017736e+01 -3.164029e+00 -2.900000e+01
    endloop
  endfacet
  facet normal -7.081114e-01 -7.701175e-02 -7.018885e-01
    outer loop
      vertex   -1.059413e+01 -2.977512e+00 -2.860000e+01
      vertex   -1.017736e+01 -3.164029e+00 -2.900000e+01
      vertex   -1.054731e+01 -3.408085e+00 -2.860000e+01
    endloop
  endfacet
  facet normal -6.922568e-01 -1.176192e-01 -7.120015e-01
    outer loop
      vertex   -1.054731e+01 -3.408085e+00 -2.860000e+01
      vertex   -1.017736e+01 -3.164029e+00 -2.900000e+01
      vertex   -1.010974e+01 -3.562032e+00 -2.900000e+01
    endloop
  endfacet
  facet normal -6.955637e-01 -1.531051e-01 -7.019615e-01
    outer loop
      vertex   -1.054731e+01 -3.408085e+00 -2.860000e+01
      vertex   -1.010974e+01 -3.562032e+00 -2.900000e+01
      vertex   -1.045420e+01 -3.831070e+00 -2.860000e+01
    endloop
  endfacet
  facet normal -6.748359e-01 -1.944169e-01 -7.118979e-01
    outer loop
      vertex   -1.045420e+01 -3.831070e+00 -2.860000e+01
      vertex   -1.010974e+01 -3.562032e+00 -2.900000e+01
      vertex   -9.997980e+00 -3.949961e+00 -2.900000e+01
    endloop
  endfacet
  facet normal -6.748190e-01 -2.273730e-01 -7.020832e-01
    outer loop
      vertex   -1.045420e+01 -3.831070e+00 -2.860000e+01
      vertex   -9.997980e+00 -3.949961e+00 -2.900000e+01
      vertex   -1.031591e+01 -4.241509e+00 -2.860000e+01
    endloop
  endfacet
  facet normal -6.489706e-01 -2.688124e-01 -7.117423e-01
    outer loop
      vertex   -1.031591e+01 -4.241509e+00 -2.860000e+01
      vertex   -9.997980e+00 -3.949961e+00 -2.900000e+01
      vertex   -9.843488e+00 -4.322938e+00 -2.900000e+01
    endloop
  endfacet
  facet normal -6.461276e-01 -2.989304e-01 -7.022534e-01
    outer loop
      vertex   -1.031591e+01 -4.241509e+00 -2.860000e+01
      vertex   -9.843488e+00 -4.322938e+00 -2.900000e+01
      vertex   -1.013405e+01 -4.634590e+00 -2.860000e+01
    endloop
  endfacet
  facet normal -6.149766e-01 -3.398856e-01 -7.115347e-01
    outer loop
      vertex   -1.013405e+01 -4.634590e+00 -2.860000e+01
      vertex   -9.843488e+00 -4.322938e+00 -2.900000e+01
      vertex   -9.648207e+00 -4.676272e+00 -2.900000e+01
    endloop
  endfacet
  facet normal -6.098350e-01 -3.669255e-01 -7.024720e-01
    outer loop
      vertex   -1.013405e+01 -4.634590e+00 -2.860000e+01
      vertex   -9.648207e+00 -4.676272e+00 -2.900000e+01
      vertex   -9.910756e+00 -5.005705e+00 -2.860000e+01
    endloop
  endfacet
  facet normal -5.732691e-01 -4.067561e-01 -7.112749e-01
    outer loop
      vertex   -9.910756e+00 -5.005705e+00 -2.860000e+01
      vertex   -9.648207e+00 -4.676272e+00 -2.900000e+01
      vertex   -9.414593e+00 -5.005520e+00 -2.900000e+01
    endloop
  endfacet
  facet normal -5.663787e-01 -4.305499e-01 -7.027389e-01
    outer loop
      vertex   -9.910756e+00 -5.005705e+00 -2.860000e+01
      vertex   -9.414593e+00 -5.005520e+00 -2.900000e+01
      vertex   -9.648648e+00 -5.350502e+00 -2.860000e+01
    endloop
  endfacet
  facet normal -5.243577e-01 -4.685946e-01 -7.109628e-01
    outer loop
      vertex   -9.648648e+00 -5.350502e+00 -2.860000e+01
      vertex   -9.414593e+00 -5.005520e+00 -2.900000e+01
      vertex   -9.145585e+00 -5.306541e+00 -2.900000e+01
    endloop
  endfacet
  facet normal -5.162818e-01 -4.890481e-01 -7.030540e-01
    outer loop
      vertex   -9.648648e+00 -5.350502e+00 -2.860000e+01
      vertex   -9.145585e+00 -5.306541e+00 -2.900000e+01
      vertex   -9.350798e+00 -5.664939e+00 -2.860000e+01
    endloop
  endfacet
  facet normal -4.688402e-01 -5.246324e-01 -7.105982e-01
    outer loop
      vertex   -9.350798e+00 -5.664939e+00 -2.860000e+01
      vertex   -9.145585e+00 -5.306541e+00 -2.900000e+01
      vertex   -8.844563e+00 -5.575550e+00 -2.900000e+01
    endloop
  endfacet
  facet normal -4.601475e-01 -5.417275e-01 -7.034171e-01
    outer loop
      vertex   -9.350798e+00 -5.664939e+00 -2.860000e+01
      vertex   -8.844563e+00 -5.575550e+00 -2.900000e+01
      vertex   -9.020697e+00 -5.945329e+00 -2.860000e+01
    endloop
  endfacet
  facet normal -4.073958e-01 -5.741707e-01 -7.101807e-01
    outer loop
      vertex   -9.020697e+00 -5.945329e+00 -2.860000e+01
      vertex   -8.844563e+00 -5.575550e+00 -2.900000e+01
      vertex   -8.515316e+00 -5.809164e+00 -2.900000e+01
    endloop
  endfacet
  facet normal -3.986508e-01 -5.879659e-01 -7.038279e-01
    outer loop
      vertex   -9.020697e+00 -5.945329e+00 -2.860000e+01
      vertex   -8.515316e+00 -5.809164e+00 -2.900000e+01
      vertex   -8.662216e+00 -6.188385e+00 -2.860000e+01
    endloop
  endfacet
  facet normal -3.407769e-01 -6.165894e-01 -7.097103e-01
    outer loop
      vertex   -8.662216e+00 -6.188385e+00 -2.860000e+01
      vertex   -8.515316e+00 -5.809164e+00 -2.900000e+01
      vertex   -8.161982e+00 -6.004444e+00 -2.900000e+01
    endloop
  endfacet
  facet normal -3.325308e-01 -6.272196e-01 -7.042861e-01
    outer loop
      vertex   -8.662216e+00 -6.188385e+00 -2.860000e+01
      vertex   -8.161982e+00 -6.004444e+00 -2.900000e+01
      vertex   -8.279557e+00 -6.391258e+00 -2.860000e+01
    endloop
  endfacet
  facet normal -2.697999e-01 -6.513545e-01 -7.091864e-01
    outer loop
      vertex   -8.279557e+00 -6.391258e+00 -2.860000e+01
      vertex   -8.161982e+00 -6.004444e+00 -2.900000e+01
      vertex   -7.789005e+00 -6.158937e+00 -2.900000e+01
    endloop
  endfacet
  facet normal -2.625814e-01 -6.590295e-01 -7.047915e-01
    outer loop
      vertex   -8.279557e+00 -6.391258e+00 -2.860000e+01
      vertex   -7.789005e+00 -6.158937e+00 -2.900000e+01
      vertex   -7.877206e+00 -6.551569e+00 -2.860000e+01
    endloop
  endfacet
  facet normal -1.953355e-01 -6.780247e-01 -7.086089e-01
    outer loop
      vertex   -7.877206e+00 -6.551569e+00 -2.860000e+01
      vertex   -7.789005e+00 -6.158937e+00 -2.900000e+01
      vertex   -7.401075e+00 -6.270697e+00 -2.900000e+01
    endloop
  endfacet
  facet normal -1.896416e-01 -6.830272e-01 -7.053438e-01
    outer loop
      vertex   -7.877206e+00 -6.551569e+00 -2.860000e+01
      vertex   -7.401075e+00 -6.270697e+00 -2.900000e+01
      vertex   -7.459882e+00 -6.667439e+00 -2.860000e+01
    endloop
  endfacet
  facet normal -1.182988e-01 -6.962569e-01 -7.079772e-01
    outer loop
      vertex   -7.459882e+00 -6.667439e+00 -2.860000e+01
      vertex   -7.401075e+00 -6.270697e+00 -2.900000e+01
      vertex   -7.003072e+00 -6.338321e+00 -2.900000e+01
    endloop
  endfacet
  facet normal -1.145852e-01 -6.989386e-01 -7.059427e-01
    outer loop
      vertex   -7.459882e+00 -6.667439e+00 -2.860000e+01
      vertex   -7.003072e+00 -6.338321e+00 -2.900000e+01
      vertex   -7.032476e+00 -6.737508e+00 -2.860000e+01
    endloop
  endfacet
  facet normal -3.963746e-02 -7.058103e-01 -7.072911e-01
    outer loop
      vertex   -7.032476e+00 -6.737508e+00 -2.860000e+01
      vertex   -7.003072e+00 -6.338321e+00 -2.900000e+01
      vertex   -6.600000e+00 -6.360957e+00 -2.900000e+01
    endloop
  endfacet
  facet normal -3.831007e-02 -7.065877e-01 -7.065877e-01
    outer loop
      vertex   -7.032476e+00 -6.737508e+00 -2.860000e+01
      vertex   -6.600000e+00 -6.360957e+00 -2.900000e+01
      vertex   -6.600000e+00 -6.760957e+00 -2.860000e+01
    endloop
  endfacet
  facet normal 5.413891e-02 9.985334e-01 -0.000000e+00
    outer loop
      vertex   2.270000e+01 1.239043e+00 -2.860000e+01
      vertex   2.270000e+01 1.239043e+00 -2.590000e+01
      vertex   2.313248e+01 1.215595e+00 -2.860000e+01
    endloop
  endfacet
  facet normal 5.413891e-02 9.985334e-01 -0.000000e+00
    outer loop
      vertex   2.313248e+01 1.215595e+00 -2.860000e+01
      vertex   2.270000e+01 1.239043e+00 -2.590000e+01
      vertex   2.313248e+01 1.215595e+00 -2.590000e+01
    endloop
  endfacet
  facet normal 1.617820e-01 9.868265e-01 -0.000000e+00
    outer loop
      vertex   2.313248e+01 1.215595e+00 -2.860000e+01
      vertex   2.313248e+01 1.215595e+00 -2.590000e+01
      vertex   2.355988e+01 1.145526e+00 -2.860000e+01
    endloop
  endfacet
  facet normal 1.617820e-01 9.868265e-01 -0.000000e+00
    outer loop
      vertex   2.355988e+01 1.145526e+00 -2.860000e+01
      vertex   2.313248e+01 1.215595e+00 -2.590000e+01
      vertex   2.355988e+01 1.145526e+00 -2.590000e+01
    endloop
  endfacet
  facet normal 2.675283e-01 9.635500e-01 -0.000000e+00
    outer loop
      vertex   2.355988e+01 1.145526e+00 -2.860000e+01
      vertex   2.355988e+01 1.145526e+00 -2.590000e+01
      vertex   2.397721e+01 1.029656e+00 -2.860000e+01
    endloop
  endfacet
  facet normal 2.675283e-01 9.635500e-01 5.455560e-16
    outer loop
      vertex   2.397721e+01 1.029656e+00 -2.860000e+01
      vertex   2.355988e+01 1.145526e+00 -2.590000e+01
      vertex   2.397721e+01 1.029656e+00 -2.590000e+01
    endloop
  endfacet
  facet normal 3.701382e-01 9.289767e-01 8.212746e-16
    outer loop
      vertex   2.397721e+01 1.029656e+00 -2.860000e+01
      vertex   2.397721e+01 1.029656e+00 -2.590000e+01
      vertex   2.437956e+01 8.693451e-01 -2.860000e+01
    endloop
  endfacet
  facet normal 3.701382e-01 9.289767e-01 -3.819894e-16
    outer loop
      vertex   2.437956e+01 8.693451e-01 -2.860000e+01
      vertex   2.397721e+01 1.029656e+00 -2.590000e+01
      vertex   2.437956e+01 8.693451e-01 -2.590000e+01
    endloop
  endfacet
  facet normal 4.684084e-01 8.835120e-01 -3.632946e-16
    outer loop
      vertex   2.437956e+01 8.693451e-01 -2.860000e+01
      vertex   2.437956e+01 8.693451e-01 -2.590000e+01
      vertex   2.476222e+01 6.664722e-01 -2.860000e+01
    endloop
  endfacet
  facet normal 4.684084e-01 8.835120e-01 -1.816473e-16
    outer loop
      vertex   2.476222e+01 6.664722e-01 -2.860000e+01
      vertex   2.437956e+01 8.693451e-01 -2.590000e+01
      vertex   2.476222e+01 6.664722e-01 -2.590000e+01
    endloop
  endfacet
  facet normal 5.611871e-01 8.276890e-01 -1.701703e-16
    outer loop
      vertex   2.476222e+01 6.664722e-01 -2.860000e+01
      vertex   2.476222e+01 6.664722e-01 -2.590000e+01
      vertex   2.512070e+01 4.234157e-01 -2.860000e+01
    endloop
  endfacet
  facet normal 5.611871e-01 8.276890e-01 5.682509e-16
    outer loop
      vertex   2.512070e+01 4.234157e-01 -2.860000e+01
      vertex   2.476222e+01 6.664722e-01 -2.590000e+01
      vertex   2.512070e+01 4.234157e-01 -2.590000e+01
    endloop
  endfacet
  facet normal 6.473863e-01 7.621621e-01 6.951456e-16
    outer loop
      vertex   2.512070e+01 4.234157e-01 -2.860000e+01
      vertex   2.512070e+01 4.234157e-01 -2.590000e+01
      vertex   2.545080e+01 1.430254e-01 -2.860000e+01
    endloop
  endfacet
  facet normal 6.473863e-01 7.621621e-01 -1.566981e-16
    outer loop
      vertex   2.545080e+01 1.430254e-01 -2.860000e+01
      vertex   2.512070e+01 4.234157e-01 -2.590000e+01
      vertex   2.545080e+01 1.430254e-01 -2.590000e+01
    endloop
  endfacet
  facet normal 7.259955e-01 6.876995e-01 -1.413889e-16
    outer loop
      vertex   2.545080e+01 1.430254e-01 -2.860000e+01
      vertex   2.545080e+01 1.430254e-01 -2.590000e+01
      vertex   2.574865e+01 -1.714114e-01 -2.860000e+01
    endloop
  endfacet
  facet normal 7.259955e-01 6.876995e-01 -0.000000e+00
    outer loop
      vertex   2.574865e+01 -1.714114e-01 -2.860000e+01
      vertex   2.545080e+01 1.430254e-01 -2.590000e+01
      vertex   2.574865e+01 -1.714114e-01 -2.590000e+01
    endloop
  endfacet
  facet normal 7.960931e-01 6.051742e-01 -0.000000e+00
    outer loop
      vertex   2.574865e+01 -1.714114e-01 -2.860000e+01
      vertex   2.574865e+01 -1.714114e-01 -2.590000e+01
      vertex   2.601076e+01 -5.162083e-01 -2.860000e+01
    endloop
  endfacet
  facet normal 7.960931e-01 6.051742e-01 -4.976877e-17
    outer loop
      vertex   2.601076e+01 -5.162083e-01 -2.860000e+01
      vertex   2.574865e+01 -1.714114e-01 -2.590000e+01
      vertex   2.601076e+01 -5.162083e-01 -2.590000e+01
    endloop
  endfacet
  facet normal 8.568572e-01 5.155539e-01 -4.239850e-17
    outer loop
      vertex   2.601076e+01 -5.162083e-01 -2.860000e+01
      vertex   2.601076e+01 -5.162083e-01 -2.590000e+01
      vertex   2.623405e+01 -8.873228e-01 -2.860000e+01
    endloop
  endfacet
  facet normal 8.568572e-01 5.155539e-01 -0.000000e+00
    outer loop
      vertex   2.623405e+01 -8.873228e-01 -2.860000e+01
      vertex   2.601076e+01 -5.162083e-01 -2.590000e+01
      vertex   2.623405e+01 -8.873228e-01 -2.590000e+01
    endloop
  endfacet
  facet normal 9.075754e-01 4.198891e-01 -0.000000e+00
    outer loop
      vertex   2.623405e+01 -8.873228e-01 -2.860000e+01
      vertex   2.623405e+01 -8.873228e-01 -2.590000e+01
      vertex   2.641591e+01 -1.280404e+00 -2.860000e+01
    endloop
  endfacet
  facet normal 9.075754e-01 4.198891e-01 -1.726558e-16
    outer loop
      vertex   2.641591e+01 -1.280404e+00 -2.860000e+01
      vertex   2.623405e+01 -8.873228e-01 -2.590000e+01
      vertex   2.641591e+01 -1.280404e+00 -2.590000e+01
    endloop
  endfacet
  facet normal 9.476532e-01 3.193015e-01 -1.312948e-16
    outer loop
      vertex   2.641591e+01 -1.280404e+00 -2.860000e+01
      vertex   2.641591e+01 -1.280404e+00 -2.590000e+01
      vertex   2.655420e+01 -1.690843e+00 -2.860000e+01
    endloop
  endfacet
  facet normal 9.476532e-01 3.193015e-01 1.141905e-15
    outer loop
      vertex   2.655420e+01 -1.690843e+00 -2.860000e+01
      vertex   2.641591e+01 -1.280404e+00 -2.590000e+01
      vertex   2.655420e+01 -1.690843e+00 -2.590000e+01
    endloop
  endfacet
  facet normal 9.766206e-01 2.149704e-01 1.214341e-15
    outer loop
      vertex   2.655420e+01 -1.690843e+00 -2.860000e+01
      vertex   2.655420e+01 -1.690843e+00 -2.590000e+01
      vertex   2.664731e+01 -2.113829e+00 -2.860000e+01
    endloop
  endfacet
  facet normal 9.766206e-01 2.149704e-01 -7.071560e-17
    outer loop
      vertex   2.664731e+01 -2.113829e+00 -2.860000e+01
      vertex   2.655420e+01 -1.690843e+00 -2.590000e+01
      vertex   2.664731e+01 -2.113829e+00 -2.590000e+01
    endloop
  endfacet
  facet normal 9.941380e-01 1.081190e-01 -3.556629e-17
    outer loop
      vertex   2.664731e+01 -2.113829e+00 -2.860000e+01
      vertex   2.664731e+01 -2.113829e+00 -2.590000e+01
      vertex   2.669413e+01 -2.544401e+00 -2.860000e+01
    endloop
  endfacet
  facet normal 9.941380e-01 1.081190e-01 -0.000000e+00
    outer loop
      vertex   2.669413e+01 -2.544401e+00 -2.860000e+01
      vertex   2.664731e+01 -2.113829e+00 -2.590000e+01
      vertex   2.669413e+01 -2.544401e+00 -2.590000e+01
    endloop
  endfacet
  facet normal 1.000000e+00 0.000000e+00 -0.000000e+00
    outer loop
      vertex   2.669413e+01 -2.544401e+00 -2.860000e+01
      vertex   2.669413e+01 -2.544401e+00 -2.590000e+01
      vertex   2.669413e+01 -2.977512e+00 -2.860000e+01
    endloop
  endfacet
  facet normal 1.000000e+00 0.000000e+00 0.000000e+00
    outer loop
      vertex   2.669413e+01 -2.977512e+00 -2.860000e+01
      vertex   2.669413e+01 -2.544401e+00 -2.590000e+01
      vertex   2.669413e+01 -2.977512e+00 -2.590000e+01
    endloop
  endfacet
  facet normal 9.941380e-01 -1.081190e-01 0.000000e+00
    outer loop
      vertex   2.669413e+01 -2.977512e+00 -2.860000e+01
      vertex   2.669413e+01 -2.977512e+00 -2.590000e+01
      vertex   2.664731e+01 -3.408085e+00 -2.860000e+01
    endloop
  endfacet
  facet normal 9.941380e-01 -1.081190e-01 3.556629e-17
    outer loop
      vertex   2.664731e+01 -3.408085e+00 -2.860000e+01
      vertex   2.669413e+01 -2.977512e+00 -2.590000e+01
      vertex   2.664731e+01 -3.408085e+00 -2.590000e+01
    endloop
  endfacet
  facet normal 9.766206e-01 -2.149704e-01 7.071560e-17
    outer loop
      vertex   2.664731e+01 -3.408085e+00 -2.860000e+01
      vertex   2.664731e+01 -3.408085e+00 -2.590000e+01
      vertex   2.655420e+01 -3.831070e+00 -2.860000e+01
    endloop
  endfacet
  facet normal 9.766206e-01 -2.149704e-01 -1.249699e-15
    outer loop
      vertex   2.655420e+01 -3.831070e+00 -2.860000e+01
      vertex   2.664731e+01 -3.408085e+00 -2.590000e+01
      vertex   2.655420e+01 -3.831070e+00 -2.590000e+01
    endloop
  endfacet
  facet normal 9.476532e-01 -3.193015e-01 -1.194423e-15
    outer loop
      vertex   2.655420e+01 -3.831070e+00 -2.860000e+01
      vertex   2.655420e+01 -3.831070e+00 -2.590000e+01
      vertex   2.641591e+01 -4.241509e+00 -2.860000e+01
    endloop
  endfacet
  facet normal 9.476532e-01 -3.193015e-01 1.050358e-16
    outer loop
      vertex   2.641591e+01 -4.241509e+00 -2.860000e+01
      vertex   2.655420e+01 -3.831070e+00 -2.590000e+01
      vertex   2.641591e+01 -4.241509e+00 -2.590000e+01
    endloop
  endfacet
  facet normal 9.075754e-01 -4.198891e-01 1.381246e-16
    outer loop
      vertex   2.641591e+01 -4.241509e+00 -2.860000e+01
      vertex   2.641591e+01 -4.241509e+00 -2.590000e+01
      vertex   2.623405e+01 -4.634590e+00 -2.860000e+01
    endloop
  endfacet
  facet normal 9.075754e-01 -4.198891e-01 0.000000e+00
    outer loop
      vertex   2.623405e+01 -4.634590e+00 -2.860000e+01
      vertex   2.641591e+01 -4.241509e+00 -2.590000e+01
      vertex   2.623405e+01 -4.634590e+00 -2.590000e+01
    endloop
  endfacet
  facet normal 8.568572e-01 -5.155539e-01 0.000000e+00
    outer loop
      vertex   2.623405e+01 -4.634590e+00 -2.860000e+01
      vertex   2.623405e+01 -4.634590e+00 -2.590000e+01
      vertex   2.601076e+01 -5.005705e+00 -2.860000e+01
    endloop
  endfacet
  facet normal 8.568572e-01 -5.155539e-01 0.000000e+00
    outer loop
      vertex   2.601076e+01 -5.005705e+00 -2.860000e+01
      vertex   2.623405e+01 -4.634590e+00 -2.590000e+01
      vertex   2.601076e+01 -5.005705e+00 -2.590000e+01
    endloop
  endfacet
  facet normal 7.960931e-01 -6.051742e-01 0.000000e+00
    outer loop
      vertex   2.601076e+01 -5.005705e+00 -2.860000e+01
      vertex   2.601076e+01 -5.005705e+00 -2.590000e+01
      vertex   2.574865e+01 -5.350502e+00 -2.860000e+01
    endloop
  endfacet
  facet normal 7.960931e-01 -6.051742e-01 0.000000e+00
    outer loop
      vertex   2.574865e+01 -5.350502e+00 -2.860000e+01
      vertex   2.601076e+01 -5.005705e+00 -2.590000e+01
      vertex   2.574865e+01 -5.350502e+00 -2.590000e+01
    endloop
  endfacet
  facet normal 7.259955e-01 -6.876995e-01 0.000000e+00
    outer loop
      vertex   2.574865e+01 -5.350502e+00 -2.860000e+01
      vertex   2.574865e+01 -5.350502e+00 -2.590000e+01
      vertex   2.545080e+01 -5.664939e+00 -2.860000e+01
    endloop
  endfacet
  facet normal 7.259955e-01 -6.876995e-01 0.000000e+00
    outer loop
      vertex   2.545080e+01 -5.664939e+00 -2.860000e+01
      vertex   2.574865e+01 -5.350502e+00 -2.590000e+01
      vertex   2.545080e+01 -5.664939e+00 -2.590000e+01
    endloop
  endfacet
  facet normal 6.473863e-01 -7.621621e-01 0.000000e+00
    outer loop
      vertex   2.545080e+01 -5.664939e+00 -2.860000e+01
      vertex   2.545080e+01 -5.664939e+00 -2.590000e+01
      vertex   2.512070e+01 -5.945329e+00 -2.860000e+01
    endloop
  endfacet
  facet normal 6.473863e-01 -7.621621e-01 2.507170e-16
    outer loop
      vertex   2.512070e+01 -5.945329e+00 -2.860000e+01
      vertex   2.545080e+01 -5.664939e+00 -2.590000e+01
      vertex   2.512070e+01 -5.945329e+00 -2.590000e+01
    endloop
  endfacet
  facet normal 5.611871e-01 -8.276890e-01 2.722724e-16
    outer loop
      vertex   2.512070e+01 -5.945329e+00 -2.860000e+01
      vertex   2.512070e+01 -5.945329e+00 -2.590000e+01
      vertex   2.476222e+01 -6.188385e+00 -2.860000e+01
    endloop
  endfacet
  facet normal 5.611871e-01 -8.276890e-01 0.000000e+00
    outer loop
      vertex   2.476222e+01 -6.188385e+00 -2.860000e+01
      vertex   2.512070e+01 -5.945329e+00 -2.590000e+01
      vertex   2.476222e+01 -6.188385e+00 -2.590000e+01
    endloop
  endfacet
  facet normal 4.684084e-01 -8.835120e-01 0.000000e+00
    outer loop
      vertex   2.476222e+01 -6.188385e+00 -2.860000e+01
      vertex   2.476222e+01 -6.188385e+00 -2.590000e+01
      vertex   2.437956e+01 -6.391258e+00 -2.860000e+01
    endloop
  endfacet
  facet normal 4.684084e-01 -8.835120e-01 0.000000e+00
    outer loop
      vertex   2.437956e+01 -6.391258e+00 -2.860000e+01
      vertex   2.476222e+01 -6.188385e+00 -2.590000e+01
      vertex   2.437956e+01 -6.391258e+00 -2.590000e+01
    endloop
  endfacet
  facet normal 3.701382e-01 -9.289767e-01 0.000000e+00
    outer loop
      vertex   2.437956e+01 -6.391258e+00 -2.860000e+01
      vertex   2.437956e+01 -6.391258e+00 -2.590000e+01
      vertex   2.397721e+01 -6.551569e+00 -2.860000e+01
    endloop
  endfacet
  facet normal 3.701382e-01 -9.289767e-01 6.111830e-16
    outer loop
      vertex   2.397721e+01 -6.551569e+00 -2.860000e+01
      vertex   2.437956e+01 -6.391258e+00 -2.590000e+01
      vertex   2.397721e+01 -6.551569e+00 -2.590000e+01
    endloop
  endfacet
  facet normal 2.675283e-01 -9.635500e-01 6.339291e-16
    outer loop
      vertex   2.397721e+01 -6.551569e+00 -2.860000e+01
      vertex   2.397721e+01 -6.551569e+00 -2.590000e+01
      vertex   2.355988e+01 -6.667439e+00 -2.860000e+01
    endloop
  endfacet
  facet normal 2.675283e-01 -9.635500e-01 0.000000e+00
    outer loop
      vertex   2.355988e+01 -6.667439e+00 -2.860000e+01
      vertex   2.397721e+01 -6.551569e+00 -2.590000e+01
      vertex   2.355988e+01 -6.667439e+00 -2.590000e+01
    endloop
  endfacet
  facet normal 1.617820e-01 -9.868265e-01 0.000000e+00
    outer loop
      vertex   2.355988e+01 -6.667439e+00 -2.860000e+01
      vertex   2.355988e+01 -6.667439e+00 -2.590000e+01
      vertex   2.313248e+01 -6.737508e+00 -2.860000e+01
    endloop
  endfacet
  facet normal 1.617820e-01 -9.868265e-01 0.000000e+00
    outer loop
      vertex   2.313248e+01 -6.737508e+00 -2.860000e+01
      vertex   2.355988e+01 -6.667439e+00 -2.590000e+01
      vertex   2.313248e+01 -6.737508e+00 -2.590000e+01
    endloop
  endfacet
  facet normal 5.413891e-02 -9.985334e-01 0.000000e+00
    outer loop
      vertex   2.313248e+01 -6.737508e+00 -2.860000e+01
      vertex   2.313248e+01 -6.737508e+00 -2.590000e+01
      vertex   2.270000e+01 -6.760957e+00 -2.860000e+01
    endloop
  endfacet
  facet normal 5.413891e-02 -9.985334e-01 0.000000e+00
    outer loop
      vertex   2.270000e+01 -6.760957e+00 -2.860000e+01
      vertex   2.313248e+01 -6.737508e+00 -2.590000e+01
      vertex   2.270000e+01 -6.760957e+00 -2.590000e+01
    endloop
  endfacet
  facet normal 0.000000e+00 0.000000e+00 -1.000000e+00
    outer loop
      vertex   -8.326132e+00 -2.472916e+00 -2.900000e+01
      vertex   -8.350000e+00 -2.760957e+00 -2.900000e+01
      vertex   -1.020000e+01 -2.760957e+00 -2.900000e+01
    endloop
  endfacet
  facet normal 0.000000e+00 0.000000e+00 -1.000000e+00
    outer loop
      vertex   -1.020000e+01 -2.760957e+00 -2.900000e+01
      vertex   -8.350000e+00 -2.760957e+00 -2.900000e+01
      vertex   -8.326132e+00 -3.048997e+00 -2.900000e+01
    endloop
  endfacet
  facet normal 0.000000e+00 0.000000e+00 -1.000000e+00
    outer loop
      vertex   -1.020000e+01 -2.760957e+00 -2.900000e+01
      vertex   -8.326132e+00 -3.048997e+00 -2.900000e+01
      vertex   -1.017736e+01 -3.164029e+00 -2.900000e+01
    endloop
  endfacet
  facet normal 0.000000e+00 0.000000e+00 -1.000000e+00
    outer loop
      vertex   -1.017736e+01 -3.164029e+00 -2.900000e+01
      vertex   -8.326132e+00 -3.048997e+00 -2.900000e+01
      vertex   -8.255180e+00 -3.329181e+00 -2.900000e+01
    endloop
  endfacet
  facet normal 0.000000e+00 0.000000e+00 -1.000000e+00
    outer loop
      vertex   -1.017736e+01 -3.164029e+00 -2.900000e+01
      vertex   -8.255180e+00 -3.329181e+00 -2.900000e+01
      vertex   -1.010974e+01 -3.562032e+00 -2.900000e+01
    endloop
  endfacet
  facet normal 0.000000e+00 0.000000e+00 -1.000000e+00
    outer loop
      vertex   -1.010974e+01 -3.562032e+00 -2.900000e+01
      vertex   -8.255180e+00 -3.329181e+00 -2.900000e+01
      vertex   -8.139079e+00 -3.593864e+00 -2.900000e+01
    endloop
  endfacet
  facet normal 0.000000e+00 0.000000e+00 -1.000000e+00
    outer loop
      vertex   -1.010974e+01 -3.562032e+00 -2.900000e+01
      vertex   -8.139079e+00 -3.593864e+00 -2.900000e+01
      vertex   -9.997980e+00 -3.949961e+00 -2.900000e+01
    endloop
  endfacet
  facet normal 0.000000e+00 0.000000e+00 -1.000000e+00
    outer loop
      vertex   -9.997980e+00 -3.949961e+00 -2.900000e+01
      vertex   -8.139079e+00 -3.593864e+00 -2.900000e+01
      vertex   -7.980996e+00 -3.835829e+00 -2.900000e+01
    endloop
  endfacet
  facet normal 0.000000e+00 0.000000e+00 -1.000000e+00
    outer loop
      vertex   -9.997980e+00 -3.949961e+00 -2.900000e+01
      vertex   -7.980996e+00 -3.835829e+00 -2.900000e+01
      vertex   -7.785243e+00 -4.048473e+00 -2.900000e+01
    endloop
  endfacet
  facet normal 0.000000e+00 0.000000e+00 -1.000000e+00
    outer loop
      vertex   -9.997980e+00 -3.949961e+00 -2.900000e+01
      vertex   -7.785243e+00 -4.048473e+00 -2.900000e+01
      vertex   -9.843488e+00 -4.322938e+00 -2.900000e+01
    endloop
  endfacet
  facet normal 0.000000e+00 0.000000e+00 -1.000000e+00
    outer loop
      vertex   -9.843488e+00 -4.322938e+00 -2.900000e+01
      vertex   -7.785243e+00 -4.048473e+00 -2.900000e+01
      vertex   -7.557159e+00 -4.225998e+00 -2.900000e+01
    endloop
  endfacet
  facet normal 0.000000e+00 0.000000e+00 -1.000000e+00
    outer loop
      vertex   -9.843488e+00 -4.322938e+00 -2.900000e+01
      vertex   -7.557159e+00 -4.225998e+00 -2.900000e+01
      vertex   -7.302967e+00 -4.363560e+00 -2.900000e+01
    endloop
  endfacet
  facet normal 0.000000e+00 0.000000e+00 -1.000000e+00
    outer loop
      vertex   -9.843488e+00 -4.322938e+00 -2.900000e+01
      vertex   -7.302967e+00 -4.363560e+00 -2.900000e+01
      vertex   -9.648207e+00 -4.676272e+00 -2.900000e+01
    endloop
  endfacet
  facet normal 0.000000e+00 0.000000e+00 -1.000000e+00
    outer loop
      vertex   -9.648207e+00 -4.676272e+00 -2.900000e+01
      vertex   -7.302967e+00 -4.363560e+00 -2.900000e+01
      vertex   -7.029600e+00 -4.457407e+00 -2.900000e+01
    endloop
  endfacet
  facet normal 0.000000e+00 0.000000e+00 -1.000000e+00
    outer loop
      vertex   -9.648207e+00 -4.676272e+00 -2.900000e+01
      vertex   -7.029600e+00 -4.457407e+00 -2.900000e+01
      vertex   -6.744514e+00 -4.504979e+00 -2.900000e+01
    endloop
  endfacet
  facet normal -0.000000e+00 0.000000e+00 -1.000000e+00
    outer loop
      vertex   -6.455486e+00 -4.504979e+00 -2.900000e+01
      vertex   -9.145585e+00 -5.306541e+00 -2.900000e+01
      vertex   -6.744514e+00 -4.504979e+00 -2.900000e+01
    endloop
  endfacet
  facet normal 0.000000e+00 0.000000e+00 -1.000000e+00
    outer loop
      vertex   -6.744514e+00 -4.504979e+00 -2.900000e+01
      vertex   -9.145585e+00 -5.306541e+00 -2.900000e+01
      vertex   -9.414593e+00 -5.005520e+00 -2.900000e+01
    endloop
  endfacet
  facet normal 0.000000e+00 0.000000e+00 -1.000000e+00
    outer loop
      vertex   -6.744514e+00 -4.504979e+00 -2.900000e+01
      vertex   -9.414593e+00 -5.005520e+00 -2.900000e+01
      vertex   -9.648207e+00 -4.676272e+00 -2.900000e+01
    endloop
  endfacet
  facet normal 0.000000e+00 0.000000e+00 -1.000000e+00
    outer loop
      vertex   -6.170400e+00 -4.457407e+00 -2.900000e+01
      vertex   -6.600000e+00 -6.360957e+00 -2.900000e+01
      vertex   -6.455486e+00 -4.504979e+00 -2.900000e+01
    endloop
  endfacet
  facet normal 0.000000e+00 0.000000e+00 -1.000000e+00
    outer loop
      vertex   -6.455486e+00 -4.504979e+00 -2.900000e+01
      vertex   -6.600000e+00 -6.360957e+00 -2.900000e+01
      vertex   -8.515316e+00 -5.809164e+00 -2.900000e+01
    endloop
  endfacet
  facet normal 0.000000e+00 0.000000e+00 -1.000000e+00
    outer loop
      vertex   -6.455486e+00 -4.504979e+00 -2.900000e+01
      vertex   -8.515316e+00 -5.809164e+00 -2.900000e+01
      vertex   -8.844563e+00 -5.575550e+00 -2.900000e+01
    endloop
  endfacet
  facet normal 0.000000e+00 -0.000000e+00 -1.000000e+00
    outer loop
      vertex   -6.170400e+00 -4.457407e+00 -2.900000e+01
      vertex   -5.897033e+00 -4.363560e+00 -2.900000e+01
      vertex   -6.600000e+00 -6.360957e+00 -2.900000e+01
    endloop
  endfacet
  facet normal 0.000000e+00 0.000000e+00 -1.000000e+00
    outer loop
      vertex   -6.600000e+00 -6.360957e+00 -2.900000e+01
      vertex   -5.897033e+00 -4.363560e+00 -2.900000e+01
      vertex   2.199703e+01 -4.363560e+00 -2.900000e+01
    endloop
  endfacet
  facet normal 0.000000e+00 0.000000e+00 -1.000000e+00
    outer loop
      vertex   -6.600000e+00 -6.360957e+00 -2.900000e+01
      vertex   2.199703e+01 -4.363560e+00 -2.900000e+01
      vertex   2.270000e+01 -6.360957e+00 -2.900000e+01
    endloop
  endfacet
  facet normal 0.000000e+00 0.000000e+00 -1.000000e+00
    outer loop
      vertex   2.270000e+01 -6.360957e+00 -2.900000e+01
      vertex   2.199703e+01 -4.363560e+00 -2.900000e+01
      vertex   2.227040e+01 -4.457407e+00 -2.900000e+01
    endloop
  endfacet
  facet normal 0.000000e+00 0.000000e+00 -1.000000e+00
    outer loop
      vertex   2.270000e+01 -6.360957e+00 -2.900000e+01
      vertex   2.227040e+01 -4.457407e+00 -2.900000e+01
      vertex   2.255549e+01 -4.504979e+00 -2.900000e+01
    endloop
  endfacet
  facet normal -0.000000e+00 0.000000e+00 -1.000000e+00
    outer loop
      vertex   2.199703e+01 -4.363560e+00 -2.900000e+01
      vertex   -5.897033e+00 -4.363560e+00 -2.900000e+01
      vertex   2.174284e+01 -4.225998e+00 -2.900000e+01
    endloop
  endfacet
  facet normal 0.000000e+00 0.000000e+00 -1.000000e+00
    outer loop
      vertex   2.174284e+01 -4.225998e+00 -2.900000e+01
      vertex   -5.897033e+00 -4.363560e+00 -2.900000e+01
      vertex   -5.642841e+00 -4.225998e+00 -2.900000e+01
    endloop
  endfacet
  facet normal -0.000000e+00 0.000000e+00 -1.000000e+00
    outer loop
      vertex   2.174284e+01 -4.225998e+00 -2.900000e+01
      vertex   -5.642841e+00 -4.225998e+00 -2.900000e+01
      vertex   2.151476e+01 -4.048473e+00 -2.900000e+01
    endloop
  endfacet
  facet normal 0.000000e+00 0.000000e+00 -1.000000e+00
    outer loop
      vertex   2.151476e+01 -4.048473e+00 -2.900000e+01
      vertex   -5.642841e+00 -4.225998e+00 -2.900000e+01
      vertex   -5.414757e+00 -4.048473e+00 -2.900000e+01
    endloop
  endfacet
  facet normal -0.000000e+00 0.000000e+00 -1.000000e+00
    outer loop
      vertex   2.151476e+01 -4.048473e+00 -2.900000e+01
      vertex   -5.414757e+00 -4.048473e+00 -2.900000e+01
      vertex   2.131900e+01 -3.835829e+00 -2.900000e+01
    endloop
  endfacet
  facet normal 0.000000e+00 0.000000e+00 -1.000000e+00
    outer loop
      vertex   2.131900e+01 -3.835829e+00 -2.900000e+01
      vertex   -5.414757e+00 -4.048473e+00 -2.900000e+01
      vertex   -5.219004e+00 -3.835829e+00 -2.900000e+01
    endloop
  endfacet
  facet normal -0.000000e+00 0.000000e+00 -1.000000e+00
    outer loop
      vertex   2.131900e+01 -3.835829e+00 -2.900000e+01
      vertex   -5.219004e+00 -3.835829e+00 -2.900000e+01
      vertex   2.116092e+01 -3.593864e+00 -2.900000e+01
    endloop
  endfacet
  facet normal 0.000000e+00 0.000000e+00 -1.000000e+00
    outer loop
      vertex   2.116092e+01 -3.593864e+00 -2.900000e+01
      vertex   -5.219004e+00 -3.835829e+00 -2.900000e+01
      vertex   -5.060921e+00 -3.593864e+00 -2.900000e+01
    endloop
  endfacet
  facet normal -0.000000e+00 0.000000e+00 -1.000000e+00
    outer loop
      vertex   2.116092e+01 -3.593864e+00 -2.900000e+01
      vertex   -5.060921e+00 -3.593864e+00 -2.900000e+01
      vertex   2.104482e+01 -3.329181e+00 -2.900000e+01
    endloop
  endfacet
  facet normal 0.000000e+00 0.000000e+00 -1.000000e+00
    outer loop
      vertex   2.104482e+01 -3.329181e+00 -2.900000e+01
      vertex   -5.060921e+00 -3.593864e+00 -2.900000e+01
      vertex   -4.944820e+00 -3.329181e+00 -2.900000e+01
    endloop
  endfacet
  facet normal -0.000000e+00 0.000000e+00 -1.000000e+00
    outer loop
      vertex   2.104482e+01 -3.329181e+00 -2.900000e+01
      vertex   -4.944820e+00 -3.329181e+00 -2.900000e+01
      vertex   2.097387e+01 -3.048997e+00 -2.900000e+01
    endloop
  endfacet
  facet normal 0.000000e+00 0.000000e+00 -1.000000e+00
    outer loop
      vertex   2.097387e+01 -3.048997e+00 -2.900000e+01
      vertex   -4.944820e+00 -3.329181e+00 -2.900000e+01
      vertex   -4.873868e+00 -3.048997e+00 -2.900000e+01
    endloop
  endfacet
  facet normal -0.000000e+00 0.000000e+00 -1.000000e+00
    outer loop
      vertex   2.097387e+01 -3.048997e+00 -2.900000e+01
      vertex   -4.873868e+00 -3.048997e+00 -2.900000e+01
      vertex   2.095000e+01 -2.760957e+00 -2.900000e+01
    endloop
  endfacet
  facet normal -0.000000e+00 0.000000e+00 -1.000000e+00
    outer loop
      vertex   2.095000e+01 -2.760957e+00 -2.900000e+01
      vertex   -4.873868e+00 -3.048997e+00 -2.900000e+01
      vertex   -4.850000e+00 -2.760957e+00 -2.900000e+01
    endloop
  endfacet
  facet normal 0.000000e+00 0.000000e+00 -1.000000e+00
    outer loop
      vertex   2.095000e+01 -2.760957e+00 -2.900000e+01
      vertex   -4.850000e+00 -2.760957e+00 -2.900000e+01
      vertex   2.097387e+01 -2.472916e+00 -2.900000e+01
    endloop
  endfacet
  facet normal -0.000000e+00 0.000000e+00 -1.000000e+00
    outer loop
      vertex   2.097387e+01 -2.472916e+00 -2.900000e+01
      vertex   -4.850000e+00 -2.760957e+00 -2.900000e+01
      vertex   -4.873868e+00 -2.472916e+00 -2.900000e+01
    endloop
  endfacet
  facet normal 0.000000e+00 0.000000e+00 -1.000000e+00
    outer loop
      vertex   2.097387e+01 -2.472916e+00 -2.900000e+01
      vertex   -4.873868e+00 -2.472916e+00 -2.900000e+01
      vertex   2.104482e+01 -2.192732e+00 -2.900000e+01
    endloop
  endfacet
  facet normal -0.000000e+00 0.000000e+00 -1.000000e+00
    outer loop
      vertex   2.104482e+01 -2.192732e+00 -2.900000e+01
      vertex   -4.873868e+00 -2.472916e+00 -2.900000e+01
      vertex   -4.944820e+00 -2.192732e+00 -2.900000e+01
    endloop
  endfacet
  facet normal 0.000000e+00 0.000000e+00 -1.000000e+00
    outer loop
      vertex   2.104482e+01 -2.192732e+00 -2.900000e+01
      vertex   -4.944820e+00 -2.192732e+00 -2.900000e+01
      vertex   2.116092e+01 -1.928049e+00 -2.900000e+01
    endloop
  endfacet
  facet normal -0.000000e+00 0.000000e+00 -1.000000e+00
    outer loop
      vertex   2.116092e+01 -1.928049e+00 -2.900000e+01
      vertex   -4.944820e+00 -2.192732e+00 -2.900000e+01
      vertex   -5.060921e+00 -1.928049e+00 -2.900000e+01
    endloop
  endfacet
  facet normal 0.000000e+00 0.000000e+00 -1.000000e+00
    outer loop
      vertex   2.116092e+01 -1.928049e+00 -2.900000e+01
      vertex   -5.060921e+00 -1.928049e+00 -2.900000e+01
      vertex   2.131900e+01 -1.686084e+00 -2.900000e+01
    endloop
  endfacet
  facet normal -0.000000e+00 0.000000e+00 -1.000000e+00
    outer loop
      vertex   2.131900e+01 -1.686084e+00 -2.900000e+01
      vertex   -5.060921e+00 -1.928049e+00 -2.900000e+01
      vertex   -5.219004e+00 -1.686084e+00 -2.900000e+01
    endloop
  endfacet
  facet normal 0.000000e+00 0.000000e+00 -1.000000e+00
    outer loop
      vertex   2.131900e+01 -1.686084e+00 -2.900000e+01
      vertex   -5.219004e+00 -1.686084e+00 -2.900000e+01
      vertex   2.151476e+01 -1.473440e+00 -2.900000e+01
    endloop
  endfacet
  facet normal -0.000000e+00 0.000000e+00 -1.000000e+00
    outer loop
      vertex   2.151476e+01 -1.473440e+00 -2.900000e+01
      vertex   -5.219004e+00 -1.686084e+00 -2.900000e+01
      vertex   -5.414757e+00 -1.473440e+00 -2.900000e+01
    endloop
  endfacet
  facet normal 0.000000e+00 0.000000e+00 -1.000000e+00
    outer loop
      vertex   2.151476e+01 -1.473440e+00 -2.900000e+01
      vertex   -5.414757e+00 -1.473440e+00 -2.900000e+01
      vertex   2.174284e+01 -1.295915e+00 -2.900000e+01
    endloop
  endfacet
  facet normal -0.000000e+00 0.000000e+00 -1.000000e+00
    outer loop
      vertex   2.174284e+01 -1.295915e+00 -2.900000e+01
      vertex   -5.414757e+00 -1.473440e+00 -2.900000e+01
      vertex   -5.642841e+00 -1.295915e+00 -2.900000e+01
    endloop
  endfacet
  facet normal 0.000000e+00 0.000000e+00 -1.000000e+00
    outer loop
      vertex   2.174284e+01 -1.295915e+00 -2.900000e+01
      vertex   -5.642841e+00 -1.295915e+00 -2.900000e+01
      vertex   2.199703e+01 -1.158353e+00 -2.900000e+01
    endloop
  endfacet
  facet normal -0.000000e+00 0.000000e+00 -1.000000e+00
    outer loop
      vertex   2.199703e+01 -1.158353e+00 -2.900000e+01
      vertex   -5.642841e+00 -1.295915e+00 -2.900000e+01
      vertex   -5.897033e+00 -1.158353e+00 -2.900000e+01
    endloop
  endfacet
  facet normal 0.000000e+00 0.000000e+00 -1.000000e+00
    outer loop
      vertex   2.199703e+01 -1.158353e+00 -2.900000e+01
      vertex   -5.897033e+00 -1.158353e+00 -2.900000e+01
      vertex   2.270000e+01 8.390434e-01 -2.900000e+01
    endloop
  endfacet
  facet normal -0.000000e+00 0.000000e+00 -1.000000e+00
    outer loop
      vertex   2.270000e+01 8.390434e-01 -2.900000e+01
      vertex   -5.897033e+00 -1.158353e+00 -2.900000e+01
      vertex   -6.600000e+00 8.390434e-01 -2.900000e+01
    endloop
  endfacet
  facet normal 0.000000e+00 0.000000e+00 -1.000000e+00
    outer loop
      vertex   -6.600000e+00 8.390434e-01 -2.900000e+01
      vertex   -5.897033e+00 -1.158353e+00 -2.900000e+01
      vertex   -6.170400e+00 -1.064506e+00 -2.900000e+01
    endloop
  endfacet
  facet normal 0.000000e+00 0.000000e+00 -1.000000e+00
    outer loop
      vertex   -6.600000e+00 8.390434e-01 -2.900000e+01
      vertex   -6.170400e+00 -1.064506e+00 -2.900000e+01
      vertex   -6.455486e+00 -1.016934e+00 -2.900000e+01
    endloop
  endfacet
  facet normal 0.000000e+00 0.000000e+00 -1.000000e+00
    outer loop
      vertex   -6.744514e+00 -1.016934e+00 -2.900000e+01
      vertex   -9.145585e+00 -2.153721e-01 -2.900000e+01
      vertex   -6.455486e+00 -1.016934e+00 -2.900000e+01
    endloop
  endfacet
  facet normal 0.000000e+00 0.000000e+00 -1.000000e+00
    outer loop
      vertex   -6.455486e+00 -1.016934e+00 -2.900000e+01
      vertex   -9.145585e+00 -2.153721e-01 -2.900000e+01
      vertex   -8.844563e+00 5.363679e-02 -2.900000e+01
    endloop
  endfacet
  facet normal 0.000000e+00 0.000000e+00 -1.000000e+00
    outer loop
      vertex   -6.455486e+00 -1.016934e+00 -2.900000e+01
      vertex   -8.844563e+00 5.363679e-02 -2.900000e+01
      vertex   -8.515316e+00 2.872506e-01 -2.900000e+01
    endloop
  endfacet
  facet normal 0.000000e+00 0.000000e+00 -1.000000e+00
    outer loop
      vertex   -7.029600e+00 -1.064506e+00 -2.900000e+01
      vertex   -9.648207e+00 -8.456411e-01 -2.900000e+01
      vertex   -6.744514e+00 -1.016934e+00 -2.900000e+01
    endloop
  endfacet
  facet normal 0.000000e+00 0.000000e+00 -1.000000e+00
    outer loop
      vertex   -6.744514e+00 -1.016934e+00 -2.900000e+01
      vertex   -9.648207e+00 -8.456411e-01 -2.900000e+01
      vertex   -9.414593e+00 -5.163933e-01 -2.900000e+01
    endloop
  endfacet
  facet normal 0.000000e+00 0.000000e+00 -1.000000e+00
    outer loop
      vertex   -6.744514e+00 -1.016934e+00 -2.900000e+01
      vertex   -9.414593e+00 -5.163933e-01 -2.900000e+01
      vertex   -9.145585e+00 -2.153721e-01 -2.900000e+01
    endloop
  endfacet
  facet normal -0.000000e+00 0.000000e+00 -1.000000e+00
    outer loop
      vertex   -7.029600e+00 -1.064506e+00 -2.900000e+01
      vertex   -7.302967e+00 -1.158353e+00 -2.900000e+01
      vertex   -9.648207e+00 -8.456411e-01 -2.900000e+01
    endloop
  endfacet
  facet normal 0.000000e+00 -0.000000e+00 -1.000000e+00
    outer loop
      vertex   -9.648207e+00 -8.456411e-01 -2.900000e+01
      vertex   -7.302967e+00 -1.158353e+00 -2.900000e+01
      vertex   -9.843488e+00 -1.198975e+00 -2.900000e+01
    endloop
  endfacet
  facet normal 0.000000e+00 0.000000e+00 -1.000000e+00
    outer loop
      vertex   -9.843488e+00 -1.198975e+00 -2.900000e+01
      vertex   -7.302967e+00 -1.158353e+00 -2.900000e+01
      vertex   -7.557159e+00 -1.295915e+00 -2.900000e+01
    endloop
  endfacet
  facet normal 0.000000e+00 0.000000e+00 -1.000000e+00
    outer loop
      vertex   -9.843488e+00 -1.198975e+00 -2.900000e+01
      vertex   -7.557159e+00 -1.295915e+00 -2.900000e+01
      vertex   -7.785243e+00 -1.473440e+00 -2.900000e+01
    endloop
  endfacet
  facet normal 0.000000e+00 -0.000000e+00 -1.000000e+00
    outer loop
      vertex   -9.843488e+00 -1.198975e+00 -2.900000e+01
      vertex   -7.785243e+00 -1.473440e+00 -2.900000e+01
      vertex   -9.997980e+00 -1.571952e+00 -2.900000e+01
    endloop
  endfacet
  facet normal 0.000000e+00 0.000000e+00 -1.000000e+00
    outer loop
      vertex   -9.997980e+00 -1.571952e+00 -2.900000e+01
      vertex   -7.785243e+00 -1.473440e+00 -2.900000e+01
      vertex   -7.980996e+00 -1.686084e+00 -2.900000e+01
    endloop
  endfacet
  facet normal 0.000000e+00 0.000000e+00 -1.000000e+00
    outer loop
      vertex   -9.997980e+00 -1.571952e+00 -2.900000e+01
      vertex   -7.980996e+00 -1.686084e+00 -2.900000e+01
      vertex   -8.139079e+00 -1.928049e+00 -2.900000e+01
    endloop
  endfacet
  facet normal 0.000000e+00 -0.000000e+00 -1.000000e+00
    outer loop
      vertex   -9.997980e+00 -1.571952e+00 -2.900000e+01
      vertex   -8.139079e+00 -1.928049e+00 -2.900000e+01
      vertex   -1.010974e+01 -1.959881e+00 -2.900000e+01
    endloop
  endfacet
  facet normal 0.000000e+00 0.000000e+00 -1.000000e+00
    outer loop
      vertex   -1.010974e+01 -1.959881e+00 -2.900000e+01
      vertex   -8.139079e+00 -1.928049e+00 -2.900000e+01
      vertex   -8.255180e+00 -2.192732e+00 -2.900000e+01
    endloop
  endfacet
  facet normal 0.000000e+00 -0.000000e+00 -1.000000e+00
    outer loop
      vertex   -1.010974e+01 -1.959881e+00 -2.900000e+01
      vertex   -8.255180e+00 -2.192732e+00 -2.900000e+01
      vertex   -1.017736e+01 -2.357884e+00 -2.900000e+01
    endloop
  endfacet
  facet normal 0.000000e+00 0.000000e+00 -1.000000e+00
    outer loop
      vertex   -1.017736e+01 -2.357884e+00 -2.900000e+01
      vertex   -8.255180e+00 -2.192732e+00 -2.900000e+01
      vertex   -8.326132e+00 -2.472916e+00 -2.900000e+01
    endloop
  endfacet
  facet normal 0.000000e+00 -0.000000e+00 -1.000000e+00
    outer loop
      vertex   -1.017736e+01 -2.357884e+00 -2.900000e+01
      vertex   -8.326132e+00 -2.472916e+00 -2.900000e+01
      vertex   -1.020000e+01 -2.760957e+00 -2.900000e+01
    endloop
  endfacet
  facet normal -0.000000e+00 -0.000000e+00 -1.000000e+00
    outer loop
      vertex   2.284451e+01 -4.504979e+00 -2.900000e+01
      vertex   2.524558e+01 -5.306541e+00 -2.900000e+01
      vertex   2.255549e+01 -4.504979e+00 -2.900000e+01
    endloop
  endfacet
  facet normal 0.000000e+00 0.000000e+00 -1.000000e+00
    outer loop
      vertex   2.255549e+01 -4.504979e+00 -2.900000e+01
      vertex   2.524558e+01 -5.306541e+00 -2.900000e+01
      vertex   2.494456e+01 -5.575550e+00 -2.900000e+01
    endloop
  endfacet
  facet normal 0.000000e+00 0.000000e+00 -1.000000e+00
    outer loop
      vertex   2.255549e+01 -4.504979e+00 -2.900000e+01
      vertex   2.494456e+01 -5.575550e+00 -2.900000e+01
      vertex   2.461532e+01 -5.809164e+00 -2.900000e+01
    endloop
  endfacet
  facet normal 0.000000e+00 -0.000000e+00 -1.000000e+00
    outer loop
      vertex   2.312960e+01 -4.457407e+00 -2.900000e+01
      vertex   2.574821e+01 -4.676272e+00 -2.900000e+01
      vertex   2.284451e+01 -4.504979e+00 -2.900000e+01
    endloop
  endfacet
  facet normal 0.000000e+00 0.000000e+00 -1.000000e+00
    outer loop
      vertex   2.284451e+01 -4.504979e+00 -2.900000e+01
      vertex   2.574821e+01 -4.676272e+00 -2.900000e+01
      vertex   2.551459e+01 -5.005520e+00 -2.900000e+01
    endloop
  endfacet
  facet normal 0.000000e+00 0.000000e+00 -1.000000e+00
    outer loop
      vertex   2.284451e+01 -4.504979e+00 -2.900000e+01
      vertex   2.551459e+01 -5.005520e+00 -2.900000e+01
      vertex   2.524558e+01 -5.306541e+00 -2.900000e+01
    endloop
  endfacet
  facet normal 0.000000e+00 0.000000e+00 -1.000000e+00
    outer loop
      vertex   2.312960e+01 -4.457407e+00 -2.900000e+01
      vertex   2.340297e+01 -4.363560e+00 -2.900000e+01
      vertex   2.574821e+01 -4.676272e+00 -2.900000e+01
    endloop
  endfacet
  facet normal 0.000000e+00 0.000000e+00 -1.000000e+00
    outer loop
      vertex   2.574821e+01 -4.676272e+00 -2.900000e+01
      vertex   2.340297e+01 -4.363560e+00 -2.900000e+01
      vertex   2.594349e+01 -4.322938e+00 -2.900000e+01
    endloop
  endfacet
  facet normal -0.000000e+00 0.000000e+00 -1.000000e+00
    outer loop
      vertex   2.594349e+01 -4.322938e+00 -2.900000e+01
      vertex   2.340297e+01 -4.363560e+00 -2.900000e+01
      vertex   2.365716e+01 -4.225998e+00 -2.900000e+01
    endloop
  endfacet
  facet normal 0.000000e+00 0.000000e+00 -1.000000e+00
    outer loop
      vertex   2.594349e+01 -4.322938e+00 -2.900000e+01
      vertex   2.365716e+01 -4.225998e+00 -2.900000e+01
      vertex   2.388524e+01 -4.048473e+00 -2.900000e+01
    endloop
  endfacet
  facet normal 0.000000e+00 0.000000e+00 -1.000000e+00
    outer loop
      vertex   2.594349e+01 -4.322938e+00 -2.900000e+01
      vertex   2.388524e+01 -4.048473e+00 -2.900000e+01
      vertex   2.609798e+01 -3.949961e+00 -2.900000e+01
    endloop
  endfacet
  facet normal -0.000000e+00 0.000000e+00 -1.000000e+00
    outer loop
      vertex   2.609798e+01 -3.949961e+00 -2.900000e+01
      vertex   2.388524e+01 -4.048473e+00 -2.900000e+01
      vertex   2.408100e+01 -3.835829e+00 -2.900000e+01
    endloop
  endfacet
  facet normal 0.000000e+00 0.000000e+00 -1.000000e+00
    outer loop
      vertex   2.609798e+01 -3.949961e+00 -2.900000e+01
      vertex   2.408100e+01 -3.835829e+00 -2.900000e+01
      vertex   2.423908e+01 -3.593864e+00 -2.900000e+01
    endloop
  endfacet
  facet normal 0.000000e+00 0.000000e+00 -1.000000e+00
    outer loop
      vertex   2.609798e+01 -3.949961e+00 -2.900000e+01
      vertex   2.423908e+01 -3.593864e+00 -2.900000e+01
      vertex   2.620974e+01 -3.562032e+00 -2.900000e+01
    endloop
  endfacet
  facet normal -0.000000e+00 0.000000e+00 -1.000000e+00
    outer loop
      vertex   2.620974e+01 -3.562032e+00 -2.900000e+01
      vertex   2.423908e+01 -3.593864e+00 -2.900000e+01
      vertex   2.435518e+01 -3.329181e+00 -2.900000e+01
    endloop
  endfacet
  facet normal 0.000000e+00 0.000000e+00 -1.000000e+00
    outer loop
      vertex   2.620974e+01 -3.562032e+00 -2.900000e+01
      vertex   2.435518e+01 -3.329181e+00 -2.900000e+01
      vertex   2.627736e+01 -3.164029e+00 -2.900000e+01
    endloop
  endfacet
  facet normal -0.000000e+00 0.000000e+00 -1.000000e+00
    outer loop
      vertex   2.627736e+01 -3.164029e+00 -2.900000e+01
      vertex   2.435518e+01 -3.329181e+00 -2.900000e+01
      vertex   2.442613e+01 -3.048997e+00 -2.900000e+01
    endloop
  endfacet
  facet normal 0.000000e+00 0.000000e+00 -1.000000e+00
    outer loop
      vertex   2.627736e+01 -3.164029e+00 -2.900000e+01
      vertex   2.442613e+01 -3.048997e+00 -2.900000e+01
      vertex   2.630000e+01 -2.760957e+00 -2.900000e+01
    endloop
  endfacet
  facet normal -0.000000e+00 0.000000e+00 -1.000000e+00
    outer loop
      vertex   2.630000e+01 -2.760957e+00 -2.900000e+01
      vertex   2.442613e+01 -3.048997e+00 -2.900000e+01
      vertex   2.445000e+01 -2.760957e+00 -2.900000e+01
    endloop
  endfacet
  facet normal 0.000000e+00 0.000000e+00 -1.000000e+00
    outer loop
      vertex   2.630000e+01 -2.760957e+00 -2.900000e+01
      vertex   2.445000e+01 -2.760957e+00 -2.900000e+01
      vertex   2.442613e+01 -2.472916e+00 -2.900000e+01
    endloop
  endfacet
  facet normal 0.000000e+00 0.000000e+00 -1.000000e+00
    outer loop
      vertex   2.630000e+01 -2.760957e+00 -2.900000e+01
      vertex   2.442613e+01 -2.472916e+00 -2.900000e+01
      vertex   2.627736e+01 -2.357884e+00 -2.900000e+01
    endloop
  endfacet
  facet normal -0.000000e+00 0.000000e+00 -1.000000e+00
    outer loop
      vertex   2.627736e+01 -2.357884e+00 -2.900000e+01
      vertex   2.442613e+01 -2.472916e+00 -2.900000e+01
      vertex   2.435518e+01 -2.192732e+00 -2.900000e+01
    endloop
  endfacet
  facet normal 0.000000e+00 0.000000e+00 -1.000000e+00
    outer loop
      vertex   2.627736e+01 -2.357884e+00 -2.900000e+01
      vertex   2.435518e+01 -2.192732e+00 -2.900000e+01
      vertex   2.620974e+01 -1.959881e+00 -2.900000e+01
    endloop
  endfacet
  facet normal -0.000000e+00 0.000000e+00 -1.000000e+00
    outer loop
      vertex   2.620974e+01 -1.959881e+00 -2.900000e+01
      vertex   2.435518e+01 -2.192732e+00 -2.900000e+01
      vertex   2.423908e+01 -1.928049e+00 -2.900000e+01
    endloop
  endfacet
  facet normal 0.000000e+00 0.000000e+00 -1.000000e+00
    outer loop
      vertex   2.620974e+01 -1.959881e+00 -2.900000e+01
      vertex   2.423908e+01 -1.928049e+00 -2.900000e+01
      vertex   2.609798e+01 -1.571952e+00 -2.900000e+01
    endloop
  endfacet
  facet normal 0.000000e+00 0.000000e+00 -1.000000e+00
    outer loop
      vertex   2.609798e+01 -1.571952e+00 -2.900000e+01
      vertex   2.423908e+01 -1.928049e+00 -2.900000e+01
      vertex   2.408100e+01 -1.686084e+00 -2.900000e+01
    endloop
  endfacet
  facet normal -0.000000e+00 0.000000e+00 -1.000000e+00
    outer loop
      vertex   2.609798e+01 -1.571952e+00 -2.900000e+01
      vertex   2.408100e+01 -1.686084e+00 -2.900000e+01
      vertex   2.388524e+01 -1.473440e+00 -2.900000e+01
    endloop
  endfacet
  facet normal 0.000000e+00 0.000000e+00 -1.000000e+00
    outer loop
      vertex   2.609798e+01 -1.571952e+00 -2.900000e+01
      vertex   2.388524e+01 -1.473440e+00 -2.900000e+01
      vertex   2.594349e+01 -1.198975e+00 -2.900000e+01
    endloop
  endfacet
  facet normal 0.000000e+00 0.000000e+00 -1.000000e+00
    outer loop
      vertex   2.594349e+01 -1.198975e+00 -2.900000e+01
      vertex   2.388524e+01 -1.473440e+00 -2.900000e+01
      vertex   2.365716e+01 -1.295915e+00 -2.900000e+01
    endloop
  endfacet
  facet normal -0.000000e+00 0.000000e+00 -1.000000e+00
    outer loop
      vertex   2.594349e+01 -1.198975e+00 -2.900000e+01
      vertex   2.365716e+01 -1.295915e+00 -2.900000e+01
      vertex   2.340297e+01 -1.158353e+00 -2.900000e+01
    endloop
  endfacet
  facet normal 0.000000e+00 0.000000e+00 -1.000000e+00
    outer loop
      vertex   2.594349e+01 -1.198975e+00 -2.900000e+01
      vertex   2.340297e+01 -1.158353e+00 -2.900000e+01
      vertex   2.574821e+01 -8.456411e-01 -2.900000e+01
    endloop
  endfacet
  facet normal 0.000000e+00 0.000000e+00 -1.000000e+00
    outer loop
      vertex   2.574821e+01 -8.456411e-01 -2.900000e+01
      vertex   2.340297e+01 -1.158353e+00 -2.900000e+01
      vertex   2.312960e+01 -1.064506e+00 -2.900000e+01
    endloop
  endfacet
  facet normal 0.000000e+00 0.000000e+00 -1.000000e+00
    outer loop
      vertex   2.574821e+01 -8.456411e-01 -2.900000e+01
      vertex   2.312960e+01 -1.064506e+00 -2.900000e+01
      vertex   2.284451e+01 -1.016934e+00 -2.900000e+01
    endloop
  endfacet
  facet normal 0.000000e+00 0.000000e+00 -1.000000e+00
    outer loop
      vertex   2.255549e+01 -1.016934e+00 -2.900000e+01
      vertex   2.524558e+01 -2.153721e-01 -2.900000e+01
      vertex   2.284451e+01 -1.016934e+00 -2.900000e+01
    endloop
  endfacet
  facet normal 0.000000e+00 0.000000e+00 -1.000000e+00
    outer loop
      vertex   2.284451e+01 -1.016934e+00 -2.900000e+01
      vertex   2.524558e+01 -2.153721e-01 -2.900000e+01
      vertex   2.551459e+01 -5.163933e-01 -2.900000e+01
    endloop
  endfacet
  facet normal 0.000000e+00 0.000000e+00 -1.000000e+00
    outer loop
      vertex   2.284451e+01 -1.016934e+00 -2.900000e+01
      vertex   2.551459e+01 -5.163933e-01 -2.900000e+01
      vertex   2.574821e+01 -8.456411e-01 -2.900000e+01
    endloop
  endfacet
  facet normal 0.000000e+00 0.000000e+00 -1.000000e+00
    outer loop
      vertex   2.227040e+01 -1.064506e+00 -2.900000e+01
      vertex   2.270000e+01 8.390434e-01 -2.900000e+01
      vertex   2.255549e+01 -1.016934e+00 -2.900000e+01
    endloop
  endfacet
  facet normal 0.000000e+00 0.000000e+00 -1.000000e+00
    outer loop
      vertex   2.255549e+01 -1.016934e+00 -2.900000e+01
      vertex   2.270000e+01 8.390434e-01 -2.900000e+01
      vertex   2.461532e+01 2.872506e-01 -2.900000e+01
    endloop
  endfacet
  facet normal 0.000000e+00 0.000000e+00 -1.000000e+00
    outer loop
      vertex   2.255549e+01 -1.016934e+00 -2.900000e+01
      vertex   2.461532e+01 2.872506e-01 -2.900000e+01
      vertex   2.494456e+01 5.363679e-02 -2.900000e+01
    endloop
  endfacet
  facet normal -0.000000e+00 0.000000e+00 -1.000000e+00
    outer loop
      vertex   2.227040e+01 -1.064506e+00 -2.900000e+01
      vertex   2.199703e+01 -1.158353e+00 -2.900000e+01
      vertex   2.270000e+01 8.390434e-01 -2.900000e+01
    endloop
  endfacet
  facet normal -0.000000e+00 -0.000000e+00 -1.000000e+00
    outer loop
      vertex   2.310307e+01 8.164074e-01 -2.900000e+01
      vertex   2.350108e+01 7.487839e-01 -2.900000e+01
      vertex   2.270000e+01 8.390434e-01 -2.900000e+01
    endloop
  endfacet
  facet normal 0.000000e+00 0.000000e+00 -1.000000e+00
    outer loop
      vertex   2.270000e+01 8.390434e-01 -2.900000e+01
      vertex   2.350108e+01 7.487839e-01 -2.900000e+01
      vertex   2.388900e+01 6.370234e-01 -2.900000e+01
    endloop
  endfacet
  facet normal 0.000000e+00 0.000000e+00 -1.000000e+00
    outer loop
      vertex   2.270000e+01 8.390434e-01 -2.900000e+01
      vertex   2.388900e+01 6.370234e-01 -2.900000e+01
      vertex   2.426198e+01 4.825314e-01 -2.900000e+01
    endloop
  endfacet
  facet normal -0.000000e+00 -0.000000e+00 -1.000000e+00
    outer loop
      vertex   2.426198e+01 4.825314e-01 -2.900000e+01
      vertex   2.461532e+01 2.872506e-01 -2.900000e+01
      vertex   2.270000e+01 8.390434e-01 -2.900000e+01
    endloop
  endfacet
  facet normal 0.000000e+00 -0.000000e+00 -1.000000e+00
    outer loop
      vertex   2.494456e+01 5.363679e-02 -2.900000e+01
      vertex   2.524558e+01 -2.153721e-01 -2.900000e+01
      vertex   2.255549e+01 -1.016934e+00 -2.900000e+01
    endloop
  endfacet
  facet normal 0.000000e+00 0.000000e+00 -1.000000e+00
    outer loop
      vertex   2.255549e+01 -4.504979e+00 -2.900000e+01
      vertex   2.461532e+01 -5.809164e+00 -2.900000e+01
      vertex   2.270000e+01 -6.360957e+00 -2.900000e+01
    endloop
  endfacet
  facet normal 0.000000e+00 0.000000e+00 -1.000000e+00
    outer loop
      vertex   2.270000e+01 -6.360957e+00 -2.900000e+01
      vertex   2.461532e+01 -5.809164e+00 -2.900000e+01
      vertex   2.426198e+01 -6.004444e+00 -2.900000e+01
    endloop
  endfacet
  facet normal 0.000000e+00 0.000000e+00 -1.000000e+00
    outer loop
      vertex   2.270000e+01 -6.360957e+00 -2.900000e+01
      vertex   2.426198e+01 -6.004444e+00 -2.900000e+01
      vertex   2.388900e+01 -6.158937e+00 -2.900000e+01
    endloop
  endfacet
  facet normal 0.000000e+00 0.000000e+00 -1.000000e+00
    outer loop
      vertex   2.388900e+01 -6.158937e+00 -2.900000e+01
      vertex   2.350108e+01 -6.270697e+00 -2.900000e+01
      vertex   2.270000e+01 -6.360957e+00 -2.900000e+01
    endloop
  endfacet
  facet normal 0.000000e+00 0.000000e+00 -1.000000e+00
    outer loop
      vertex   2.270000e+01 -6.360957e+00 -2.900000e+01
      vertex   2.350108e+01 -6.270697e+00 -2.900000e+01
      vertex   2.310307e+01 -6.338321e+00 -2.900000e+01
    endloop
  endfacet
  facet normal 0.000000e+00 0.000000e+00 -1.000000e+00
    outer loop
      vertex   -7.003072e+00 -6.338321e+00 -2.900000e+01
      vertex   -7.401075e+00 -6.270697e+00 -2.900000e+01
      vertex   -6.600000e+00 -6.360957e+00 -2.900000e+01
    endloop
  endfacet
  facet normal 0.000000e+00 0.000000e+00 -1.000000e+00
    outer loop
      vertex   -6.600000e+00 -6.360957e+00 -2.900000e+01
      vertex   -7.401075e+00 -6.270697e+00 -2.900000e+01
      vertex   -7.789005e+00 -6.158937e+00 -2.900000e+01
    endloop
  endfacet
  facet normal 0.000000e+00 0.000000e+00 -1.000000e+00
    outer loop
      vertex   -6.600000e+00 -6.360957e+00 -2.900000e+01
      vertex   -7.789005e+00 -6.158937e+00 -2.900000e+01
      vertex   -8.161982e+00 -6.004444e+00 -2.900000e+01
    endloop
  endfacet
  facet normal 0.000000e+00 0.000000e+00 -1.000000e+00
    outer loop
      vertex   -8.161982e+00 -6.004444e+00 -2.900000e+01
      vertex   -8.515316e+00 -5.809164e+00 -2.900000e+01
      vertex   -6.600000e+00 -6.360957e+00 -2.900000e+01
    endloop
  endfacet
  facet normal 0.000000e+00 0.000000e+00 -1.000000e+00
    outer loop
      vertex   -8.844563e+00 -5.575550e+00 -2.900000e+01
      vertex   -9.145585e+00 -5.306541e+00 -2.900000e+01
      vertex   -6.455486e+00 -4.504979e+00 -2.900000e+01
    endloop
  endfacet
  facet normal 0.000000e+00 0.000000e+00 -1.000000e+00
    outer loop
      vertex   -6.455486e+00 -1.016934e+00 -2.900000e+01
      vertex   -8.515316e+00 2.872506e-01 -2.900000e+01
      vertex   -6.600000e+00 8.390434e-01 -2.900000e+01
    endloop
  endfacet
  facet normal 0.000000e+00 0.000000e+00 -1.000000e+00
    outer loop
      vertex   -6.600000e+00 8.390434e-01 -2.900000e+01
      vertex   -8.515316e+00 2.872506e-01 -2.900000e+01
      vertex   -8.161982e+00 4.825314e-01 -2.900000e+01
    endloop
  endfacet
  facet normal 0.000000e+00 0.000000e+00 -1.000000e+00
    outer loop
      vertex   -6.600000e+00 8.390434e-01 -2.900000e+01
      vertex   -8.161982e+00 4.825314e-01 -2.900000e+01
      vertex   -7.789005e+00 6.370234e-01 -2.900000e+01
    endloop
  endfacet
  facet normal 0.000000e+00 0.000000e+00 -1.000000e+00
    outer loop
      vertex   -7.789005e+00 6.370234e-01 -2.900000e+01
      vertex   -7.401075e+00 7.487839e-01 -2.900000e+01
      vertex   -6.600000e+00 8.390434e-01 -2.900000e+01
    endloop
  endfacet
  facet normal 0.000000e+00 0.000000e+00 -1.000000e+00
    outer loop
      vertex   -6.600000e+00 8.390434e-01 -2.900000e+01
      vertex   -7.401075e+00 7.487839e-01 -2.900000e+01
      vertex   -7.003072e+00 8.164074e-01 -2.900000e+01
    endloop
  endfacet
  facet normal 9.965845e-01 8.257935e-02 0.000000e+00
    outer loop
      vertex   -8.326132e+00 -3.048997e+00 -2.550000e+01
      vertex   -8.326132e+00 -3.048997e+00 -2.900000e+01
      vertex   -8.350000e+00 -2.760957e+00 -2.550000e+01
    endloop
  endfacet
  facet normal 9.965845e-01 8.257935e-02 0.000000e+00
    outer loop
      vertex   -8.350000e+00 -2.760957e+00 -2.550000e+01
      vertex   -8.326132e+00 -3.048997e+00 -2.900000e+01
      vertex   -8.350000e+00 -2.760957e+00 -2.900000e+01
    endloop
  endfacet
  facet normal 9.965845e-01 -8.257935e-02 0.000000e+00
    outer loop
      vertex   -8.350000e+00 -2.760957e+00 -2.550000e+01
      vertex   -8.350000e+00 -2.760957e+00 -2.900000e+01
      vertex   -8.326132e+00 -2.472916e+00 -2.550000e+01
    endloop
  endfacet
  facet normal 9.965845e-01 -8.257935e-02 0.000000e+00
    outer loop
      vertex   -8.326132e+00 -2.472916e+00 -2.550000e+01
      vertex   -8.350000e+00 -2.760957e+00 -2.900000e+01
      vertex   -8.326132e+00 -2.472916e+00 -2.900000e+01
    endloop
  endfacet
  facet normal 9.694003e-01 -2.454855e-01 0.000000e+00
    outer loop
      vertex   -8.326132e+00 -2.472916e+00 -2.550000e+01
      vertex   -8.326132e+00 -2.472916e+00 -2.900000e+01
      vertex   -8.255180e+00 -2.192732e+00 -2.550000e+01
    endloop
  endfacet
  facet normal 9.694003e-01 -2.454855e-01 0.000000e+00
    outer loop
      vertex   -8.255180e+00 -2.192732e+00 -2.550000e+01
      vertex   -8.326132e+00 -2.472916e+00 -2.900000e+01
      vertex   -8.255180e+00 -2.192732e+00 -2.900000e+01
    endloop
  endfacet
  facet normal 9.157733e-01 -4.016954e-01 0.000000e+00
    outer loop
      vertex   -8.255180e+00 -2.192732e+00 -2.550000e+01
      vertex   -8.255180e+00 -2.192732e+00 -2.900000e+01
      vertex   -8.139079e+00 -1.928049e+00 -2.550000e+01
    endloop
  endfacet
  facet normal 9.157733e-01 -4.016954e-01 0.000000e+00
    outer loop
      vertex   -8.139079e+00 -1.928049e+00 -2.550000e+01
      vertex   -8.255180e+00 -2.192732e+00 -2.900000e+01
      vertex   -8.139079e+00 -1.928049e+00 -2.900000e+01
    endloop
  endfacet
  facet normal 8.371665e-01 -5.469482e-01 0.000000e+00
    outer loop
      vertex   -8.139079e+00 -1.928049e+00 -2.550000e+01
      vertex   -8.139079e+00 -1.928049e+00 -2.900000e+01
      vertex   -7.980996e+00 -1.686084e+00 -2.550000e+01
    endloop
  endfacet
  facet normal 8.371665e-01 -5.469482e-01 0.000000e+00
    outer loop
      vertex   -7.980996e+00 -1.686084e+00 -2.550000e+01
      vertex   -8.139079e+00 -1.928049e+00 -2.900000e+01
      vertex   -7.980996e+00 -1.686084e+00 -2.900000e+01
    endloop
  endfacet
  facet normal 7.357239e-01 -6.772816e-01 0.000000e+00
    outer loop
      vertex   -7.980996e+00 -1.686084e+00 -2.550000e+01
      vertex   -7.980996e+00 -1.686084e+00 -2.900000e+01
      vertex   -7.785243e+00 -1.473440e+00 -2.550000e+01
    endloop
  endfacet
  facet normal 7.357239e-01 -6.772816e-01 0.000000e+00
    outer loop
      vertex   -7.785243e+00 -1.473440e+00 -2.550000e+01
      vertex   -7.980996e+00 -1.686084e+00 -2.900000e+01
      vertex   -7.785243e+00 -1.473440e+00 -2.900000e+01
    endloop
  endfacet
  facet normal 6.142127e-01 -7.891405e-01 0.000000e+00
    outer loop
      vertex   -7.785243e+00 -1.473440e+00 -2.550000e+01
      vertex   -7.785243e+00 -1.473440e+00 -2.900000e+01
      vertex   -7.557159e+00 -1.295915e+00 -2.550000e+01
    endloop
  endfacet
  facet normal 6.142127e-01 -7.891405e-01 0.000000e+00
    outer loop
      vertex   -7.557159e+00 -1.295915e+00 -2.550000e+01
      vertex   -7.785243e+00 -1.473440e+00 -2.900000e+01
      vertex   -7.557159e+00 -1.295915e+00 -2.900000e+01
    endloop
  endfacet
  facet normal 4.759474e-01 -8.794738e-01 0.000000e+00
    outer loop
      vertex   -7.557159e+00 -1.295915e+00 -2.550000e+01
      vertex   -7.557159e+00 -1.295915e+00 -2.900000e+01
      vertex   -7.302967e+00 -1.158353e+00 -2.550000e+01
    endloop
  endfacet
  facet normal 4.759474e-01 -8.794738e-01 0.000000e+00
    outer loop
      vertex   -7.302967e+00 -1.158353e+00 -2.550000e+01
      vertex   -7.557159e+00 -1.295915e+00 -2.900000e+01
      vertex   -7.302967e+00 -1.158353e+00 -2.900000e+01
    endloop
  endfacet
  facet normal 3.246995e-01 -9.458172e-01 0.000000e+00
    outer loop
      vertex   -7.302967e+00 -1.158353e+00 -2.550000e+01
      vertex   -7.302967e+00 -1.158353e+00 -2.900000e+01
      vertex   -7.029600e+00 -1.064506e+00 -2.550000e+01
    endloop
  endfacet
  facet normal 3.246995e-01 -9.458172e-01 0.000000e+00
    outer loop
      vertex   -7.029600e+00 -1.064506e+00 -2.550000e+01
      vertex   -7.302967e+00 -1.158353e+00 -2.900000e+01
      vertex   -7.029600e+00 -1.064506e+00 -2.900000e+01
    endloop
  endfacet
  facet normal 1.645946e-01 -9.863613e-01 0.000000e+00
    outer loop
      vertex   -7.029600e+00 -1.064506e+00 -2.550000e+01
      vertex   -7.029600e+00 -1.064506e+00 -2.900000e+01
      vertex   -6.744514e+00 -1.016934e+00 -2.550000e+01
    endloop
  endfacet
  facet normal 1.645946e-01 -9.863613e-01 0.000000e+00
    outer loop
      vertex   -6.744514e+00 -1.016934e+00 -2.550000e+01
      vertex   -7.029600e+00 -1.064506e+00 -2.900000e+01
      vertex   -6.744514e+00 -1.016934e+00 -2.900000e+01
    endloop
  endfacet
  facet normal 0.000000e+00 -1.000000e+00 0.000000e+00
    outer loop
      vertex   -6.744514e+00 -1.016934e+00 -2.550000e+01
      vertex   -6.744514e+00 -1.016934e+00 -2.900000e+01
      vertex   -6.455486e+00 -1.016934e+00 -2.550000e+01
    endloop
  endfacet
  facet normal 0.000000e+00 -1.000000e+00 -0.000000e+00
    outer loop
      vertex   -6.455486e+00 -1.016934e+00 -2.550000e+01
      vertex   -6.744514e+00 -1.016934e+00 -2.900000e+01
      vertex   -6.455486e+00 -1.016934e+00 -2.900000e+01
    endloop
  endfacet
  facet normal -1.645946e-01 -9.863613e-01 -0.000000e+00
    outer loop
      vertex   -6.455486e+00 -1.016934e+00 -2.550000e+01
      vertex   -6.455486e+00 -1.016934e+00 -2.900000e+01
      vertex   -6.170400e+00 -1.064506e+00 -2.550000e+01
    endloop
  endfacet
  facet normal -1.645946e-01 -9.863613e-01 -0.000000e+00
    outer loop
      vertex   -6.170400e+00 -1.064506e+00 -2.550000e+01
      vertex   -6.455486e+00 -1.016934e+00 -2.900000e+01
      vertex   -6.170400e+00 -1.064506e+00 -2.900000e+01
    endloop
  endfacet
  facet normal -3.246995e-01 -9.458172e-01 -0.000000e+00
    outer loop
      vertex   -6.170400e+00 -1.064506e+00 -2.550000e+01
      vertex   -6.170400e+00 -1.064506e+00 -2.900000e+01
      vertex   -5.897033e+00 -1.158353e+00 -2.550000e+01
    endloop
  endfacet
  facet normal -3.246995e-01 -9.458172e-01 -0.000000e+00
    outer loop
      vertex   -5.897033e+00 -1.158353e+00 -2.550000e+01
      vertex   -6.170400e+00 -1.064506e+00 -2.900000e+01
      vertex   -5.897033e+00 -1.158353e+00 -2.900000e+01
    endloop
  endfacet
  facet normal -4.759474e-01 -8.794738e-01 -0.000000e+00
    outer loop
      vertex   -5.897033e+00 -1.158353e+00 -2.550000e+01
      vertex   -5.897033e+00 -1.158353e+00 -2.900000e+01
      vertex   -5.642841e+00 -1.295915e+00 -2.550000e+01
    endloop
  endfacet
  facet normal -4.759474e-01 -8.794738e-01 -0.000000e+00
    outer loop
      vertex   -5.642841e+00 -1.295915e+00 -2.550000e+01
      vertex   -5.897033e+00 -1.158353e+00 -2.900000e+01
      vertex   -5.642841e+00 -1.295915e+00 -2.900000e+01
    endloop
  endfacet
  facet normal -6.142127e-01 -7.891405e-01 -0.000000e+00
    outer loop
      vertex   -5.642841e+00 -1.295915e+00 -2.550000e+01
      vertex   -5.642841e+00 -1.295915e+00 -2.900000e+01
      vertex   -5.414757e+00 -1.473440e+00 -2.550000e+01
    endloop
  endfacet
  facet normal -6.142127e-01 -7.891405e-01 -0.000000e+00
    outer loop
      vertex   -5.414757e+00 -1.473440e+00 -2.550000e+01
      vertex   -5.642841e+00 -1.295915e+00 -2.900000e+01
      vertex   -5.414757e+00 -1.473440e+00 -2.900000e+01
    endloop
  endfacet
  facet normal -7.357239e-01 -6.772816e-01 -0.000000e+00
    outer loop
      vertex   -5.414757e+00 -1.473440e+00 -2.550000e+01
      vertex   -5.414757e+00 -1.473440e+00 -2.900000e+01
      vertex   -5.219004e+00 -1.686084e+00 -2.550000e+01
    endloop
  endfacet
  facet normal -7.357239e-01 -6.772816e-01 -0.000000e+00
    outer loop
      vertex   -5.219004e+00 -1.686084e+00 -2.550000e+01
      vertex   -5.414757e+00 -1.473440e+00 -2.900000e+01
      vertex   -5.219004e+00 -1.686084e+00 -2.900000e+01
    endloop
  endfacet
  facet normal -8.371665e-01 -5.469482e-01 -0.000000e+00
    outer loop
      vertex   -5.219004e+00 -1.686084e+00 -2.550000e+01
      vertex   -5.219004e+00 -1.686084e+00 -2.900000e+01
      vertex   -5.060921e+00 -1.928049e+00 -2.550000e+01
    endloop
  endfacet
  facet normal -8.371665e-01 -5.469482e-01 -0.000000e+00
    outer loop
      vertex   -5.060921e+00 -1.928049e+00 -2.550000e+01
      vertex   -5.219004e+00 -1.686084e+00 -2.900000e+01
      vertex   -5.060921e+00 -1.928049e+00 -2.900000e+01
    endloop
  endfacet
  facet normal -9.157733e-01 -4.016954e-01 -0.000000e+00
    outer loop
      vertex   -5.060921e+00 -1.928049e+00 -2.550000e+01
      vertex   -5.060921e+00 -1.928049e+00 -2.900000e+01
      vertex   -4.944820e+00 -2.192732e+00 -2.550000e+01
    endloop
  endfacet
  facet normal -9.157733e-01 -4.016954e-01 -0.000000e+00
    outer loop
      vertex   -4.944820e+00 -2.192732e+00 -2.550000e+01
      vertex   -5.060921e+00 -1.928049e+00 -2.900000e+01
      vertex   -4.944820e+00 -2.192732e+00 -2.900000e+01
    endloop
  endfacet
  facet normal -9.694003e-01 -2.454855e-01 -0.000000e+00
    outer loop
      vertex   -4.944820e+00 -2.192732e+00 -2.550000e+01
      vertex   -4.944820e+00 -2.192732e+00 -2.900000e+01
      vertex   -4.873868e+00 -2.472916e+00 -2.550000e+01
    endloop
  endfacet
  facet normal -9.694003e-01 -2.454855e-01 -0.000000e+00
    outer loop
      vertex   -4.873868e+00 -2.472916e+00 -2.550000e+01
      vertex   -4.944820e+00 -2.192732e+00 -2.900000e+01
      vertex   -4.873868e+00 -2.472916e+00 -2.900000e+01
    endloop
  endfacet
  facet normal -9.965845e-01 -8.257935e-02 -0.000000e+00
    outer loop
      vertex   -4.873868e+00 -2.472916e+00 -2.550000e+01
      vertex   -4.873868e+00 -2.472916e+00 -2.900000e+01
      vertex   -4.850000e+00 -2.760957e+00 -2.550000e+01
    endloop
  endfacet
  facet normal -9.965845e-01 -8.257935e-02 -0.000000e+00
    outer loop
      vertex   -4.850000e+00 -2.760957e+00 -2.550000e+01
      vertex   -4.873868e+00 -2.472916e+00 -2.900000e+01
      vertex   -4.850000e+00 -2.760957e+00 -2.900000e+01
    endloop
  endfacet
  facet normal -9.965845e-01 8.257935e-02 0.000000e+00
    outer loop
      vertex   -4.850000e+00 -2.760957e+00 -2.550000e+01
      vertex   -4.850000e+00 -2.760957e+00 -2.900000e+01
      vertex   -4.873868e+00 -3.048997e+00 -2.550000e+01
    endloop
  endfacet
  facet normal -9.965845e-01 8.257935e-02 0.000000e+00
    outer loop
      vertex   -4.873868e+00 -3.048997e+00 -2.550000e+01
      vertex   -4.850000e+00 -2.760957e+00 -2.900000e+01
      vertex   -4.873868e+00 -3.048997e+00 -2.900000e+01
    endloop
  endfacet
  facet normal -9.694003e-01 2.454855e-01 0.000000e+00
    outer loop
      vertex   -4.873868e+00 -3.048997e+00 -2.550000e+01
      vertex   -4.873868e+00 -3.048997e+00 -2.900000e+01
      vertex   -4.944820e+00 -3.329181e+00 -2.550000e+01
    endloop
  endfacet
  facet normal -9.694003e-01 2.454855e-01 0.000000e+00
    outer loop
      vertex   -4.944820e+00 -3.329181e+00 -2.550000e+01
      vertex   -4.873868e+00 -3.048997e+00 -2.900000e+01
      vertex   -4.944820e+00 -3.329181e+00 -2.900000e+01
    endloop
  endfacet
  facet normal -9.157733e-01 4.016954e-01 0.000000e+00
    outer loop
      vertex   -4.944820e+00 -3.329181e+00 -2.550000e+01
      vertex   -4.944820e+00 -3.329181e+00 -2.900000e+01
      vertex   -5.060921e+00 -3.593864e+00 -2.550000e+01
    endloop
  endfacet
  facet normal -9.157733e-01 4.016954e-01 0.000000e+00
    outer loop
      vertex   -5.060921e+00 -3.593864e+00 -2.550000e+01
      vertex   -4.944820e+00 -3.329181e+00 -2.900000e+01
      vertex   -5.060921e+00 -3.593864e+00 -2.900000e+01
    endloop
  endfacet
  facet normal -8.371665e-01 5.469482e-01 0.000000e+00
    outer loop
      vertex   -5.060921e+00 -3.593864e+00 -2.550000e+01
      vertex   -5.060921e+00 -3.593864e+00 -2.900000e+01
      vertex   -5.219004e+00 -3.835829e+00 -2.550000e+01
    endloop
  endfacet
  facet normal -8.371665e-01 5.469482e-01 0.000000e+00
    outer loop
      vertex   -5.219004e+00 -3.835829e+00 -2.550000e+01
      vertex   -5.060921e+00 -3.593864e+00 -2.900000e+01
      vertex   -5.219004e+00 -3.835829e+00 -2.900000e+01
    endloop
  endfacet
  facet normal -7.357239e-01 6.772816e-01 0.000000e+00
    outer loop
      vertex   -5.219004e+00 -3.835829e+00 -2.550000e+01
      vertex   -5.219004e+00 -3.835829e+00 -2.900000e+01
      vertex   -5.414757e+00 -4.048473e+00 -2.550000e+01
    endloop
  endfacet
  facet normal -7.357239e-01 6.772816e-01 0.000000e+00
    outer loop
      vertex   -5.414757e+00 -4.048473e+00 -2.550000e+01
      vertex   -5.219004e+00 -3.835829e+00 -2.900000e+01
      vertex   -5.414757e+00 -4.048473e+00 -2.900000e+01
    endloop
  endfacet
  facet normal -6.142127e-01 7.891405e-01 0.000000e+00
    outer loop
      vertex   -5.414757e+00 -4.048473e+00 -2.550000e+01
      vertex   -5.414757e+00 -4.048473e+00 -2.900000e+01
      vertex   -5.642841e+00 -4.225998e+00 -2.550000e+01
    endloop
  endfacet
  facet normal -6.142127e-01 7.891405e-01 0.000000e+00
    outer loop
      vertex   -5.642841e+00 -4.225998e+00 -2.550000e+01
      vertex   -5.414757e+00 -4.048473e+00 -2.900000e+01
      vertex   -5.642841e+00 -4.225998e+00 -2.900000e+01
    endloop
  endfacet
  facet normal -4.759474e-01 8.794738e-01 0.000000e+00
    outer loop
      vertex   -5.642841e+00 -4.225998e+00 -2.550000e+01
      vertex   -5.642841e+00 -4.225998e+00 -2.900000e+01
      vertex   -5.897033e+00 -4.363560e+00 -2.550000e+01
    endloop
  endfacet
  facet normal -4.759474e-01 8.794738e-01 0.000000e+00
    outer loop
      vertex   -5.897033e+00 -4.363560e+00 -2.550000e+01
      vertex   -5.642841e+00 -4.225998e+00 -2.900000e+01
      vertex   -5.897033e+00 -4.363560e+00 -2.900000e+01
    endloop
  endfacet
  facet normal -3.246995e-01 9.458172e-01 0.000000e+00
    outer loop
      vertex   -5.897033e+00 -4.363560e+00 -2.550000e+01
      vertex   -5.897033e+00 -4.363560e+00 -2.900000e+01
      vertex   -6.170400e+00 -4.457407e+00 -2.550000e+01
    endloop
  endfacet
  facet normal -3.246995e-01 9.458172e-01 0.000000e+00
    outer loop
      vertex   -6.170400e+00 -4.457407e+00 -2.550000e+01
      vertex   -5.897033e+00 -4.363560e+00 -2.900000e+01
      vertex   -6.170400e+00 -4.457407e+00 -2.900000e+01
    endloop
  endfacet
  facet normal -1.645946e-01 9.863613e-01 0.000000e+00
    outer loop
      vertex   -6.170400e+00 -4.457407e+00 -2.550000e+01
      vertex   -6.170400e+00 -4.457407e+00 -2.900000e+01
      vertex   -6.455486e+00 -4.504979e+00 -2.550000e+01
    endloop
  endfacet
  facet normal -1.645946e-01 9.863613e-01 0.000000e+00
    outer loop
      vertex   -6.455486e+00 -4.504979e+00 -2.550000e+01
      vertex   -6.170400e+00 -4.457407e+00 -2.900000e+01
      vertex   -6.455486e+00 -4.504979e+00 -2.900000e+01
    endloop
  endfacet
  facet normal 0.000000e+00 1.000000e+00 0.000000e+00
    outer loop
      vertex   -6.455486e+00 -4.504979e+00 -2.550000e+01
      vertex   -6.455486e+00 -4.504979e+00 -2.900000e+01
      vertex   -6.744514e+00 -4.504979e+00 -2.550000e+01
    endloop
  endfacet
  facet normal 0.000000e+00 1.000000e+00 0.000000e+00
    outer loop
      vertex   -6.744514e+00 -4.504979e+00 -2.550000e+01
      vertex   -6.455486e+00 -4.504979e+00 -2.900000e+01
      vertex   -6.744514e+00 -4.504979e+00 -2.900000e+01
    endloop
  endfacet
  facet normal 1.645946e-01 9.863613e-01 0.000000e+00
    outer loop
      vertex   -6.744514e+00 -4.504979e+00 -2.550000e+01
      vertex   -6.744514e+00 -4.504979e+00 -2.900000e+01
      vertex   -7.029600e+00 -4.457407e+00 -2.550000e+01
    endloop
  endfacet
  facet normal 1.645946e-01 9.863613e-01 0.000000e+00
    outer loop
      vertex   -7.029600e+00 -4.457407e+00 -2.550000e+01
      vertex   -6.744514e+00 -4.504979e+00 -2.900000e+01
      vertex   -7.029600e+00 -4.457407e+00 -2.900000e+01
    endloop
  endfacet
  facet normal 3.246995e-01 9.458172e-01 0.000000e+00
    outer loop
      vertex   -7.029600e+00 -4.457407e+00 -2.550000e+01
      vertex   -7.029600e+00 -4.457407e+00 -2.900000e+01
      vertex   -7.302967e+00 -4.363560e+00 -2.550000e+01
    endloop
  endfacet
  facet normal 3.246995e-01 9.458172e-01 0.000000e+00
    outer loop
      vertex   -7.302967e+00 -4.363560e+00 -2.550000e+01
      vertex   -7.029600e+00 -4.457407e+00 -2.900000e+01
      vertex   -7.302967e+00 -4.363560e+00 -2.900000e+01
    endloop
  endfacet
  facet normal 4.759474e-01 8.794738e-01 0.000000e+00
    outer loop
      vertex   -7.302967e+00 -4.363560e+00 -2.550000e+01
      vertex   -7.302967e+00 -4.363560e+00 -2.900000e+01
      vertex   -7.557159e+00 -4.225998e+00 -2.550000e+01
    endloop
  endfacet
  facet normal 4.759474e-01 8.794738e-01 0.000000e+00
    outer loop
      vertex   -7.557159e+00 -4.225998e+00 -2.550000e+01
      vertex   -7.302967e+00 -4.363560e+00 -2.900000e+01
      vertex   -7.557159e+00 -4.225998e+00 -2.900000e+01
    endloop
  endfacet
  facet normal 6.142127e-01 7.891405e-01 0.000000e+00
    outer loop
      vertex   -7.557159e+00 -4.225998e+00 -2.550000e+01
      vertex   -7.557159e+00 -4.225998e+00 -2.900000e+01
      vertex   -7.785243e+00 -4.048473e+00 -2.550000e+01
    endloop
  endfacet
  facet normal 6.142127e-01 7.891405e-01 0.000000e+00
    outer loop
      vertex   -7.785243e+00 -4.048473e+00 -2.550000e+01
      vertex   -7.557159e+00 -4.225998e+00 -2.900000e+01
      vertex   -7.785243e+00 -4.048473e+00 -2.900000e+01
    endloop
  endfacet
  facet normal 7.357239e-01 6.772816e-01 0.000000e+00
    outer loop
      vertex   -7.785243e+00 -4.048473e+00 -2.550000e+01
      vertex   -7.785243e+00 -4.048473e+00 -2.900000e+01
      vertex   -7.980996e+00 -3.835829e+00 -2.550000e+01
    endloop
  endfacet
  facet normal 7.357239e-01 6.772816e-01 0.000000e+00
    outer loop
      vertex   -7.980996e+00 -3.835829e+00 -2.550000e+01
      vertex   -7.785243e+00 -4.048473e+00 -2.900000e+01
      vertex   -7.980996e+00 -3.835829e+00 -2.900000e+01
    endloop
  endfacet
  facet normal 8.371665e-01 5.469482e-01 0.000000e+00
    outer loop
      vertex   -7.980996e+00 -3.835829e+00 -2.550000e+01
      vertex   -7.980996e+00 -3.835829e+00 -2.900000e+01
      vertex   -8.139079e+00 -3.593864e+00 -2.550000e+01
    endloop
  endfacet
  facet normal 8.371665e-01 5.469482e-01 0.000000e+00
    outer loop
      vertex   -8.139079e+00 -3.593864e+00 -2.550000e+01
      vertex   -7.980996e+00 -3.835829e+00 -2.900000e+01
      vertex   -8.139079e+00 -3.593864e+00 -2.900000e+01
    endloop
  endfacet
  facet normal 9.157733e-01 4.016954e-01 0.000000e+00
    outer loop
      vertex   -8.139079e+00 -3.593864e+00 -2.550000e+01
      vertex   -8.139079e+00 -3.593864e+00 -2.900000e+01
      vertex   -8.255180e+00 -3.329181e+00 -2.550000e+01
    endloop
  endfacet
  facet normal 9.157733e-01 4.016954e-01 0.000000e+00
    outer loop
      vertex   -8.255180e+00 -3.329181e+00 -2.550000e+01
      vertex   -8.139079e+00 -3.593864e+00 -2.900000e+01
      vertex   -8.255180e+00 -3.329181e+00 -2.900000e+01
    endloop
  endfacet
  facet normal 9.694003e-01 2.454855e-01 0.000000e+00
    outer loop
      vertex   -8.255180e+00 -3.329181e+00 -2.550000e+01
      vertex   -8.255180e+00 -3.329181e+00 -2.900000e+01
      vertex   -8.326132e+00 -3.048997e+00 -2.550000e+01
    endloop
  endfacet
  facet normal 9.694003e-01 2.454855e-01 0.000000e+00
    outer loop
      vertex   -8.326132e+00 -3.048997e+00 -2.550000e+01
      vertex   -8.255180e+00 -3.329181e+00 -2.900000e+01
      vertex   -8.326132e+00 -3.048997e+00 -2.900000e+01
    endloop
  endfacet
  facet normal 9.965845e-01 8.257935e-02 0.000000e+00
    outer loop
      vertex   2.097387e+01 -3.048997e+00 -2.550000e+01
      vertex   2.097387e+01 -3.048997e+00 -2.900000e+01
      vertex   2.095000e+01 -2.760957e+00 -2.550000e+01
    endloop
  endfacet
  facet normal 9.965845e-01 8.257935e-02 0.000000e+00
    outer loop
      vertex   2.095000e+01 -2.760957e+00 -2.550000e+01
      vertex   2.097387e+01 -3.048997e+00 -2.900000e+01
      vertex   2.095000e+01 -2.760957e+00 -2.900000e+01
    endloop
  endfacet
  facet normal 9.965845e-01 -8.257935e-02 0.000000e+00
    outer loop
      vertex   2.095000e+01 -2.760957e+00 -2.550000e+01
      vertex   2.095000e+01 -2.760957e+00 -2.900000e+01
      vertex   2.097387e+01 -2.472916e+00 -2.550000e+01
    endloop
  endfacet
  facet normal 9.965845e-01 -8.257935e-02 0.000000e+00
    outer loop
      vertex   2.097387e+01 -2.472916e+00 -2.550000e+01
      vertex   2.095000e+01 -2.760957e+00 -2.900000e+01
      vertex   2.097387e+01 -2.472916e+00 -2.900000e+01
    endloop
  endfacet
  facet normal 9.694003e-01 -2.454855e-01 0.000000e+00
    outer loop
      vertex   2.097387e+01 -2.472916e+00 -2.550000e+01
      vertex   2.097387e+01 -2.472916e+00 -2.900000e+01
      vertex   2.104482e+01 -2.192732e+00 -2.550000e+01
    endloop
  endfacet
  facet normal 9.694003e-01 -2.454855e-01 0.000000e+00
    outer loop
      vertex   2.104482e+01 -2.192732e+00 -2.550000e+01
      vertex   2.097387e+01 -2.472916e+00 -2.900000e+01
      vertex   2.104482e+01 -2.192732e+00 -2.900000e+01
    endloop
  endfacet
  facet normal 9.157733e-01 -4.016954e-01 0.000000e+00
    outer loop
      vertex   2.104482e+01 -2.192732e+00 -2.550000e+01
      vertex   2.104482e+01 -2.192732e+00 -2.900000e+01
      vertex   2.116092e+01 -1.928049e+00 -2.550000e+01
    endloop
  endfacet
  facet normal 9.157733e-01 -4.016954e-01 0.000000e+00
    outer loop
      vertex   2.116092e+01 -1.928049e+00 -2.550000e+01
      vertex   2.104482e+01 -2.192732e+00 -2.900000e+01
      vertex   2.116092e+01 -1.928049e+00 -2.900000e+01
    endloop
  endfacet
  facet normal 8.371665e-01 -5.469482e-01 0.000000e+00
    outer loop
      vertex   2.116092e+01 -1.928049e+00 -2.550000e+01
      vertex   2.116092e+01 -1.928049e+00 -2.900000e+01
      vertex   2.131900e+01 -1.686084e+00 -2.550000e+01
    endloop
  endfacet
  facet normal 8.371665e-01 -5.469482e-01 0.000000e+00
    outer loop
      vertex   2.131900e+01 -1.686084e+00 -2.550000e+01
      vertex   2.116092e+01 -1.928049e+00 -2.900000e+01
      vertex   2.131900e+01 -1.686084e+00 -2.900000e+01
    endloop
  endfacet
  facet normal 7.357239e-01 -6.772816e-01 0.000000e+00
    outer loop
      vertex   2.131900e+01 -1.686084e+00 -2.550000e+01
      vertex   2.131900e+01 -1.686084e+00 -2.900000e+01
      vertex   2.151476e+01 -1.473440e+00 -2.550000e+01
    endloop
  endfacet
  facet normal 7.357239e-01 -6.772816e-01 0.000000e+00
    outer loop
      vertex   2.151476e+01 -1.473440e+00 -2.550000e+01
      vertex   2.131900e+01 -1.686084e+00 -2.900000e+01
      vertex   2.151476e+01 -1.473440e+00 -2.900000e+01
    endloop
  endfacet
  facet normal 6.142127e-01 -7.891405e-01 0.000000e+00
    outer loop
      vertex   2.151476e+01 -1.473440e+00 -2.550000e+01
      vertex   2.151476e+01 -1.473440e+00 -2.900000e+01
      vertex   2.174284e+01 -1.295915e+00 -2.550000e+01
    endloop
  endfacet
  facet normal 6.142127e-01 -7.891405e-01 0.000000e+00
    outer loop
      vertex   2.174284e+01 -1.295915e+00 -2.550000e+01
      vertex   2.151476e+01 -1.473440e+00 -2.900000e+01
      vertex   2.174284e+01 -1.295915e+00 -2.900000e+01
    endloop
  endfacet
  facet normal 4.759474e-01 -8.794738e-01 0.000000e+00
    outer loop
      vertex   2.174284e+01 -1.295915e+00 -2.550000e+01
      vertex   2.174284e+01 -1.295915e+00 -2.900000e+01
      vertex   2.199703e+01 -1.158353e+00 -2.550000e+01
    endloop
  endfacet
  facet normal 4.759474e-01 -8.794738e-01 0.000000e+00
    outer loop
      vertex   2.199703e+01 -1.158353e+00 -2.550000e+01
      vertex   2.174284e+01 -1.295915e+00 -2.900000e+01
      vertex   2.199703e+01 -1.158353e+00 -2.900000e+01
    endloop
  endfacet
  facet normal 3.246995e-01 -9.458172e-01 0.000000e+00
    outer loop
      vertex   2.199703e+01 -1.158353e+00 -2.550000e+01
      vertex   2.199703e+01 -1.158353e+00 -2.900000e+01
      vertex   2.227040e+01 -1.064506e+00 -2.550000e+01
    endloop
  endfacet
  facet normal 3.246995e-01 -9.458172e-01 0.000000e+00
    outer loop
      vertex   2.227040e+01 -1.064506e+00 -2.550000e+01
      vertex   2.199703e+01 -1.158353e+00 -2.900000e+01
      vertex   2.227040e+01 -1.064506e+00 -2.900000e+01
    endloop
  endfacet
  facet normal 1.645946e-01 -9.863613e-01 0.000000e+00
    outer loop
      vertex   2.227040e+01 -1.064506e+00 -2.550000e+01
      vertex   2.227040e+01 -1.064506e+00 -2.900000e+01
      vertex   2.255549e+01 -1.016934e+00 -2.550000e+01
    endloop
  endfacet
  facet normal 1.645946e-01 -9.863613e-01 0.000000e+00
    outer loop
      vertex   2.255549e+01 -1.016934e+00 -2.550000e+01
      vertex   2.227040e+01 -1.064506e+00 -2.900000e+01
      vertex   2.255549e+01 -1.016934e+00 -2.900000e+01
    endloop
  endfacet
  facet normal 0.000000e+00 -1.000000e+00 0.000000e+00
    outer loop
      vertex   2.255549e+01 -1.016934e+00 -2.550000e+01
      vertex   2.255549e+01 -1.016934e+00 -2.900000e+01
      vertex   2.284451e+01 -1.016934e+00 -2.550000e+01
    endloop
  endfacet
  facet normal 0.000000e+00 -1.000000e+00 -0.000000e+00
    outer loop
      vertex   2.284451e+01 -1.016934e+00 -2.550000e+01
      vertex   2.255549e+01 -1.016934e+00 -2.900000e+01
      vertex   2.284451e+01 -1.016934e+00 -2.900000e+01
    endloop
  endfacet
  facet normal -1.645946e-01 -9.863613e-01 -0.000000e+00
    outer loop
      vertex   2.284451e+01 -1.016934e+00 -2.550000e+01
      vertex   2.284451e+01 -1.016934e+00 -2.900000e+01
      vertex   2.312960e+01 -1.064506e+00 -2.550000e+01
    endloop
  endfacet
  facet normal -1.645946e-01 -9.863613e-01 -0.000000e+00
    outer loop
      vertex   2.312960e+01 -1.064506e+00 -2.550000e+01
      vertex   2.284451e+01 -1.016934e+00 -2.900000e+01
      vertex   2.312960e+01 -1.064506e+00 -2.900000e+01
    endloop
  endfacet
  facet normal -3.246995e-01 -9.458172e-01 -0.000000e+00
    outer loop
      vertex   2.312960e+01 -1.064506e+00 -2.550000e+01
      vertex   2.312960e+01 -1.064506e+00 -2.900000e+01
      vertex   2.340297e+01 -1.158353e+00 -2.550000e+01
    endloop
  endfacet
  facet normal -3.246995e-01 -9.458172e-01 -0.000000e+00
    outer loop
      vertex   2.340297e+01 -1.158353e+00 -2.550000e+01
      vertex   2.312960e+01 -1.064506e+00 -2.900000e+01
      vertex   2.340297e+01 -1.158353e+00 -2.900000e+01
    endloop
  endfacet
  facet normal -4.759474e-01 -8.794738e-01 -0.000000e+00
    outer loop
      vertex   2.340297e+01 -1.158353e+00 -2.550000e+01
      vertex   2.340297e+01 -1.158353e+00 -2.900000e+01
      vertex   2.365716e+01 -1.295915e+00 -2.550000e+01
    endloop
  endfacet
  facet normal -4.759474e-01 -8.794738e-01 -0.000000e+00
    outer loop
      vertex   2.365716e+01 -1.295915e+00 -2.550000e+01
      vertex   2.340297e+01 -1.158353e+00 -2.900000e+01
      vertex   2.365716e+01 -1.295915e+00 -2.900000e+01
    endloop
  endfacet
  facet normal -6.142127e-01 -7.891405e-01 -0.000000e+00
    outer loop
      vertex   2.365716e+01 -1.295915e+00 -2.550000e+01
      vertex   2.365716e+01 -1.295915e+00 -2.900000e+01
      vertex   2.388524e+01 -1.473440e+00 -2.550000e+01
    endloop
  endfacet
  facet normal -6.142127e-01 -7.891405e-01 -0.000000e+00
    outer loop
      vertex   2.388524e+01 -1.473440e+00 -2.550000e+01
      vertex   2.365716e+01 -1.295915e+00 -2.900000e+01
      vertex   2.388524e+01 -1.473440e+00 -2.900000e+01
    endloop
  endfacet
  facet normal -7.357239e-01 -6.772816e-01 -0.000000e+00
    outer loop
      vertex   2.388524e+01 -1.473440e+00 -2.550000e+01
      vertex   2.388524e+01 -1.473440e+00 -2.900000e+01
      vertex   2.408100e+01 -1.686084e+00 -2.550000e+01
    endloop
  endfacet
  facet normal -7.357239e-01 -6.772816e-01 -0.000000e+00
    outer loop
      vertex   2.408100e+01 -1.686084e+00 -2.550000e+01
      vertex   2.388524e+01 -1.473440e+00 -2.900000e+01
      vertex   2.408100e+01 -1.686084e+00 -2.900000e+01
    endloop
  endfacet
  facet normal -8.371665e-01 -5.469482e-01 -0.000000e+00
    outer loop
      vertex   2.408100e+01 -1.686084e+00 -2.550000e+01
      vertex   2.408100e+01 -1.686084e+00 -2.900000e+01
      vertex   2.423908e+01 -1.928049e+00 -2.550000e+01
    endloop
  endfacet
  facet normal -8.371665e-01 -5.469482e-01 -0.000000e+00
    outer loop
      vertex   2.423908e+01 -1.928049e+00 -2.550000e+01
      vertex   2.408100e+01 -1.686084e+00 -2.900000e+01
      vertex   2.423908e+01 -1.928049e+00 -2.900000e+01
    endloop
  endfacet
  facet normal -9.157733e-01 -4.016954e-01 -0.000000e+00
    outer loop
      vertex   2.423908e+01 -1.928049e+00 -2.550000e+01
      vertex   2.423908e+01 -1.928049e+00 -2.900000e+01
      vertex   2.435518e+01 -2.192732e+00 -2.550000e+01
    endloop
  endfacet
  facet normal -9.157733e-01 -4.016954e-01 -0.000000e+00
    outer loop
      vertex   2.435518e+01 -2.192732e+00 -2.550000e+01
      vertex   2.423908e+01 -1.928049e+00 -2.900000e+01
      vertex   2.435518e+01 -2.192732e+00 -2.900000e+01
    endloop
  endfacet
  facet normal -9.694003e-01 -2.454855e-01 -0.000000e+00
    outer loop
      vertex   2.435518e+01 -2.192732e+00 -2.550000e+01
      vertex   2.435518e+01 -2.192732e+00 -2.900000e+01
      vertex   2.442613e+01 -2.472916e+00 -2.550000e+01
    endloop
  endfacet
  facet normal -9.694003e-01 -2.454855e-01 -0.000000e+00
    outer loop
      vertex   2.442613e+01 -2.472916e+00 -2.550000e+01
      vertex   2.435518e+01 -2.192732e+00 -2.900000e+01
      vertex   2.442613e+01 -2.472916e+00 -2.900000e+01
    endloop
  endfacet
  facet normal -9.965845e-01 -8.257935e-02 -0.000000e+00
    outer loop
      vertex   2.442613e+01 -2.472916e+00 -2.550000e+01
      vertex   2.442613e+01 -2.472916e+00 -2.900000e+01
      vertex   2.445000e+01 -2.760957e+00 -2.550000e+01
    endloop
  endfacet
  facet normal -9.965845e-01 -8.257935e-02 -0.000000e+00
    outer loop
      vertex   2.445000e+01 -2.760957e+00 -2.550000e+01
      vertex   2.442613e+01 -2.472916e+00 -2.900000e+01
      vertex   2.445000e+01 -2.760957e+00 -2.900000e+01
    endloop
  endfacet
  facet normal -9.965845e-01 8.257935e-02 0.000000e+00
    outer loop
      vertex   2.445000e+01 -2.760957e+00 -2.550000e+01
      vertex   2.445000e+01 -2.760957e+00 -2.900000e+01
      vertex   2.442613e+01 -3.048997e+00 -2.550000e+01
    endloop
  endfacet
  facet normal -9.965845e-01 8.257935e-02 0.000000e+00
    outer loop
      vertex   2.442613e+01 -3.048997e+00 -2.550000e+01
      vertex   2.445000e+01 -2.760957e+00 -2.900000e+01
      vertex   2.442613e+01 -3.048997e+00 -2.900000e+01
    endloop
  endfacet
  facet normal -9.694003e-01 2.454855e-01 0.000000e+00
    outer loop
      vertex   2.442613e+01 -3.048997e+00 -2.550000e+01
      vertex   2.442613e+01 -3.048997e+00 -2.900000e+01
      vertex   2.435518e+01 -3.329181e+00 -2.550000e+01
    endloop
  endfacet
  facet normal -9.694003e-01 2.454855e-01 0.000000e+00
    outer loop
      vertex   2.435518e+01 -3.329181e+00 -2.550000e+01
      vertex   2.442613e+01 -3.048997e+00 -2.900000e+01
      vertex   2.435518e+01 -3.329181e+00 -2.900000e+01
    endloop
  endfacet
  facet normal -9.157733e-01 4.016954e-01 0.000000e+00
    outer loop
      vertex   2.435518e+01 -3.329181e+00 -2.550000e+01
      vertex   2.435518e+01 -3.329181e+00 -2.900000e+01
      vertex   2.423908e+01 -3.593864e+00 -2.550000e+01
    endloop
  endfacet
  facet normal -9.157733e-01 4.016954e-01 0.000000e+00
    outer loop
      vertex   2.423908e+01 -3.593864e+00 -2.550000e+01
      vertex   2.435518e+01 -3.329181e+00 -2.900000e+01
      vertex   2.423908e+01 -3.593864e+00 -2.900000e+01
    endloop
  endfacet
  facet normal -8.371665e-01 5.469482e-01 0.000000e+00
    outer loop
      vertex   2.423908e+01 -3.593864e+00 -2.550000e+01
      vertex   2.423908e+01 -3.593864e+00 -2.900000e+01
      vertex   2.408100e+01 -3.835829e+00 -2.550000e+01
    endloop
  endfacet
  facet normal -8.371665e-01 5.469482e-01 0.000000e+00
    outer loop
      vertex   2.408100e+01 -3.835829e+00 -2.550000e+01
      vertex   2.423908e+01 -3.593864e+00 -2.900000e+01
      vertex   2.408100e+01 -3.835829e+00 -2.900000e+01
    endloop
  endfacet
  facet normal -7.357239e-01 6.772816e-01 0.000000e+00
    outer loop
      vertex   2.408100e+01 -3.835829e+00 -2.550000e+01
      vertex   2.408100e+01 -3.835829e+00 -2.900000e+01
      vertex   2.388524e+01 -4.048473e+00 -2.550000e+01
    endloop
  endfacet
  facet normal -7.357239e-01 6.772816e-01 0.000000e+00
    outer loop
      vertex   2.388524e+01 -4.048473e+00 -2.550000e+01
      vertex   2.408100e+01 -3.835829e+00 -2.900000e+01
      vertex   2.388524e+01 -4.048473e+00 -2.900000e+01
    endloop
  endfacet
  facet normal -6.142127e-01 7.891405e-01 0.000000e+00
    outer loop
      vertex   2.388524e+01 -4.048473e+00 -2.550000e+01
      vertex   2.388524e+01 -4.048473e+00 -2.900000e+01
      vertex   2.365716e+01 -4.225998e+00 -2.550000e+01
    endloop
  endfacet
  facet normal -6.142127e-01 7.891405e-01 0.000000e+00
    outer loop
      vertex   2.365716e+01 -4.225998e+00 -2.550000e+01
      vertex   2.388524e+01 -4.048473e+00 -2.900000e+01
      vertex   2.365716e+01 -4.225998e+00 -2.900000e+01
    endloop
  endfacet
  facet normal -4.759474e-01 8.794738e-01 0.000000e+00
    outer loop
      vertex   2.365716e+01 -4.225998e+00 -2.550000e+01
      vertex   2.365716e+01 -4.225998e+00 -2.900000e+01
      vertex   2.340297e+01 -4.363560e+00 -2.550000e+01
    endloop
  endfacet
  facet normal -4.759474e-01 8.794738e-01 0.000000e+00
    outer loop
      vertex   2.340297e+01 -4.363560e+00 -2.550000e+01
      vertex   2.365716e+01 -4.225998e+00 -2.900000e+01
      vertex   2.340297e+01 -4.363560e+00 -2.900000e+01
    endloop
  endfacet
  facet normal -3.246995e-01 9.458172e-01 0.000000e+00
    outer loop
      vertex   2.340297e+01 -4.363560e+00 -2.550000e+01
      vertex   2.340297e+01 -4.363560e+00 -2.900000e+01
      vertex   2.312960e+01 -4.457407e+00 -2.550000e+01
    endloop
  endfacet
  facet normal -3.246995e-01 9.458172e-01 0.000000e+00
    outer loop
      vertex   2.312960e+01 -4.457407e+00 -2.550000e+01
      vertex   2.340297e+01 -4.363560e+00 -2.900000e+01
      vertex   2.312960e+01 -4.457407e+00 -2.900000e+01
    endloop
  endfacet
  facet normal -1.645946e-01 9.863613e-01 0.000000e+00
    outer loop
      vertex   2.312960e+01 -4.457407e+00 -2.550000e+01
      vertex   2.312960e+01 -4.457407e+00 -2.900000e+01
      vertex   2.284451e+01 -4.504979e+00 -2.550000e+01
    endloop
  endfacet
  facet normal -1.645946e-01 9.863613e-01 0.000000e+00
    outer loop
      vertex   2.284451e+01 -4.504979e+00 -2.550000e+01
      vertex   2.312960e+01 -4.457407e+00 -2.900000e+01
      vertex   2.284451e+01 -4.504979e+00 -2.900000e+01
    endloop
  endfacet
  facet normal 0.000000e+00 1.000000e+00 0.000000e+00
    outer loop
      vertex   2.284451e+01 -4.504979e+00 -2.550000e+01
      vertex   2.284451e+01 -4.504979e+00 -2.900000e+01
      vertex   2.255549e+01 -4.504979e+00 -2.550000e+01
    endloop
  endfacet
  facet normal 0.000000e+00 1.000000e+00 0.000000e+00
    outer loop
      vertex   2.255549e+01 -4.504979e+00 -2.550000e+01
      vertex   2.284451e+01 -4.504979e+00 -2.900000e+01
      vertex   2.255549e+01 -4.504979e+00 -2.900000e+01
    endloop
  endfacet
  facet normal 1.645946e-01 9.863613e-01 0.000000e+00
    outer loop
      vertex   2.255549e+01 -4.504979e+00 -2.550000e+01
      vertex   2.255549e+01 -4.504979e+00 -2.900000e+01
      vertex   2.227040e+01 -4.457407e+00 -2.550000e+01
    endloop
  endfacet
  facet normal 1.645946e-01 9.863613e-01 0.000000e+00
    outer loop
      vertex   2.227040e+01 -4.457407e+00 -2.550000e+01
      vertex   2.255549e+01 -4.504979e+00 -2.900000e+01
      vertex   2.227040e+01 -4.457407e+00 -2.900000e+01
    endloop
  endfacet
  facet normal 3.246995e-01 9.458172e-01 0.000000e+00
    outer loop
      vertex   2.227040e+01 -4.457407e+00 -2.550000e+01
      vertex   2.227040e+01 -4.457407e+00 -2.900000e+01
      vertex   2.199703e+01 -4.363560e+00 -2.550000e+01
    endloop
  endfacet
  facet normal 3.246995e-01 9.458172e-01 0.000000e+00
    outer loop
      vertex   2.199703e+01 -4.363560e+00 -2.550000e+01
      vertex   2.227040e+01 -4.457407e+00 -2.900000e+01
      vertex   2.199703e+01 -4.363560e+00 -2.900000e+01
    endloop
  endfacet
  facet normal 4.759474e-01 8.794738e-01 0.000000e+00
    outer loop
      vertex   2.199703e+01 -4.363560e+00 -2.550000e+01
      vertex   2.199703e+01 -4.363560e+00 -2.900000e+01
      vertex   2.174284e+01 -4.225998e+00 -2.550000e+01
    endloop
  endfacet
  facet normal 4.759474e-01 8.794738e-01 0.000000e+00
    outer loop
      vertex   2.174284e+01 -4.225998e+00 -2.550000e+01
      vertex   2.199703e+01 -4.363560e+00 -2.900000e+01
      vertex   2.174284e+01 -4.225998e+00 -2.900000e+01
    endloop
  endfacet
  facet normal 6.142127e-01 7.891405e-01 0.000000e+00
    outer loop
      vertex   2.174284e+01 -4.225998e+00 -2.550000e+01
      vertex   2.174284e+01 -4.225998e+00 -2.900000e+01
      vertex   2.151476e+01 -4.048473e+00 -2.550000e+01
    endloop
  endfacet
  facet normal 6.142127e-01 7.891405e-01 0.000000e+00
    outer loop
      vertex   2.151476e+01 -4.048473e+00 -2.550000e+01
      vertex   2.174284e+01 -4.225998e+00 -2.900000e+01
      vertex   2.151476e+01 -4.048473e+00 -2.900000e+01
    endloop
  endfacet
  facet normal 7.357239e-01 6.772816e-01 0.000000e+00
    outer loop
      vertex   2.151476e+01 -4.048473e+00 -2.550000e+01
      vertex   2.151476e+01 -4.048473e+00 -2.900000e+01
      vertex   2.131900e+01 -3.835829e+00 -2.550000e+01
    endloop
  endfacet
  facet normal 7.357239e-01 6.772816e-01 0.000000e+00
    outer loop
      vertex   2.131900e+01 -3.835829e+00 -2.550000e+01
      vertex   2.151476e+01 -4.048473e+00 -2.900000e+01
      vertex   2.131900e+01 -3.835829e+00 -2.900000e+01
    endloop
  endfacet
  facet normal 8.371665e-01 5.469482e-01 0.000000e+00
    outer loop
      vertex   2.131900e+01 -3.835829e+00 -2.550000e+01
      vertex   2.131900e+01 -3.835829e+00 -2.900000e+01
      vertex   2.116092e+01 -3.593864e+00 -2.550000e+01
    endloop
  endfacet
  facet normal 8.371665e-01 5.469482e-01 0.000000e+00
    outer loop
      vertex   2.116092e+01 -3.593864e+00 -2.550000e+01
      vertex   2.131900e+01 -3.835829e+00 -2.900000e+01
      vertex   2.116092e+01 -3.593864e+00 -2.900000e+01
    endloop
  endfacet
  facet normal 9.157733e-01 4.016954e-01 0.000000e+00
    outer loop
      vertex   2.116092e+01 -3.593864e+00 -2.550000e+01
      vertex   2.116092e+01 -3.593864e+00 -2.900000e+01
      vertex   2.104482e+01 -3.329181e+00 -2.550000e+01
    endloop
  endfacet
  facet normal 9.157733e-01 4.016954e-01 0.000000e+00
    outer loop
      vertex   2.104482e+01 -3.329181e+00 -2.550000e+01
      vertex   2.116092e+01 -3.593864e+00 -2.900000e+01
      vertex   2.104482e+01 -3.329181e+00 -2.900000e+01
    endloop
  endfacet
  facet normal 9.694003e-01 2.454855e-01 0.000000e+00
    outer loop
      vertex   2.104482e+01 -3.329181e+00 -2.550000e+01
      vertex   2.104482e+01 -3.329181e+00 -2.900000e+01
      vertex   2.097387e+01 -3.048997e+00 -2.550000e+01
    endloop
  endfacet
  facet normal 9.694003e-01 2.454855e-01 0.000000e+00
    outer loop
      vertex   2.097387e+01 -3.048997e+00 -2.550000e+01
      vertex   2.104482e+01 -3.329181e+00 -2.900000e+01
      vertex   2.097387e+01 -3.048997e+00 -2.900000e+01
    endloop
  endfacet
  facet normal -0.000000e+00 -1.000000e+00 -0.000000e+00
    outer loop
      vertex   2.270000e+01 -6.760957e+00 -2.590000e+01
      vertex   -6.600000e+00 -6.760957e+00 -2.590000e+01
      vertex   2.270000e+01 -6.760957e+00 -2.860000e+01
    endloop
  endfacet
  facet normal 0.000000e+00 -1.000000e+00 0.000000e+00
    outer loop
      vertex   2.270000e+01 -6.760957e+00 -2.860000e+01
      vertex   -6.600000e+00 -6.760957e+00 -2.590000e+01
      vertex   -6.600000e+00 -6.760957e+00 -2.860000e+01
    endloop
  endfacet
endsolid
