solid ASCII
  facet normal 9.977669e-01 0.000000e+00 -6.679263e-02
    outer loop
      vertex   -1.231743e+01 -1.130000e+01 4.348650e+01
      vertex   -1.231743e+01 -2.250000e+01 4.348650e+01
      vertex   -1.235000e+01 -1.130000e+01 4.300000e+01
    endloop
  endfacet
  facet normal 9.977669e-01 0.000000e+00 -6.679263e-02
    outer loop
      vertex   -1.235000e+01 -1.130000e+01 4.300000e+01
      vertex   -1.231743e+01 -2.250000e+01 4.348650e+01
      vertex   -1.235000e+01 -2.250000e+01 4.300000e+01
    endloop
  endfacet
  facet normal 9.977669e-01 0.000000e+00 6.679263e-02
    outer loop
      vertex   -1.235000e+01 -1.130000e+01 4.300000e+01
      vertex   -1.235000e+01 -2.250000e+01 4.300000e+01
      vertex   -1.231743e+01 -1.130000e+01 4.251350e+01
    endloop
  endfacet
  facet normal 9.977669e-01 0.000000e+00 6.679263e-02
    outer loop
      vertex   -1.231743e+01 -1.130000e+01 4.251350e+01
      vertex   -1.235000e+01 -2.250000e+01 4.300000e+01
      vertex   -1.231743e+01 -2.250000e+01 4.251350e+01
    endloop
  endfacet
  facet normal 9.799617e-01 0.000000e+00 1.991860e-01
    outer loop
      vertex   -1.231743e+01 -1.130000e+01 4.251350e+01
      vertex   -1.231743e+01 -2.250000e+01 4.251350e+01
      vertex   -1.222031e+01 -2.250000e+01 4.203569e+01
    endloop
  endfacet
  facet normal 9.799617e-01 0.000000e+00 -1.991860e-01
    outer loop
      vertex   -1.231743e+01 -1.130000e+01 4.348650e+01
      vertex   -1.222031e+01 -1.130000e+01 4.396431e+01
      vertex   -1.231743e+01 -2.250000e+01 4.348650e+01
    endloop
  endfacet
  facet normal 9.799617e-01 0.000000e+00 -1.991860e-01
    outer loop
      vertex   -1.231743e+01 -2.250000e+01 4.348650e+01
      vertex   -1.222031e+01 -1.130000e+01 4.396431e+01
      vertex   -1.222031e+01 -2.250000e+01 4.396431e+01
    endloop
  endfacet
  facet normal 9.446691e-01 0.000000e+00 -3.280249e-01
    outer loop
      vertex   -1.222031e+01 -2.250000e+01 4.396431e+01
      vertex   -1.222031e+01 -1.130000e+01 4.396431e+01
      vertex   -1.206037e+01 -1.130000e+01 4.442492e+01
    endloop
  endfacet
  facet normal 9.446691e-01 0.000000e+00 -3.280249e-01
    outer loop
      vertex   -1.222031e+01 -2.250000e+01 4.396431e+01
      vertex   -1.206037e+01 -1.130000e+01 4.442492e+01
      vertex   -1.206037e+01 -2.250000e+01 4.442492e+01
    endloop
  endfacet
  facet normal 8.925188e-01 0.000000e+00 -4.510101e-01
    outer loop
      vertex   -1.206037e+01 -2.250000e+01 4.442492e+01
      vertex   -1.206037e+01 -1.130000e+01 4.442492e+01
      vertex   -1.184047e+01 -1.130000e+01 4.486010e+01
    endloop
  endfacet
  facet normal 8.925188e-01 0.000000e+00 -4.510101e-01
    outer loop
      vertex   -1.206037e+01 -2.250000e+01 4.442492e+01
      vertex   -1.184047e+01 -1.130000e+01 4.486010e+01
      vertex   -1.184047e+01 -2.250000e+01 4.486010e+01
    endloop
  endfacet
  facet normal 8.244416e-01 0.000000e+00 -5.659471e-01
    outer loop
      vertex   -1.184047e+01 -2.250000e+01 4.486010e+01
      vertex   -1.184047e+01 -1.130000e+01 4.486010e+01
      vertex   -1.156452e+01 -1.130000e+01 4.526209e+01
    endloop
  endfacet
  facet normal 8.244416e-01 0.000000e+00 -5.659471e-01
    outer loop
      vertex   -1.184047e+01 -2.250000e+01 4.486010e+01
      vertex   -1.156452e+01 -1.130000e+01 4.526209e+01
      vertex   -1.156452e+01 -2.250000e+01 4.526209e+01
    endloop
  endfacet
  facet normal 7.416521e-01 0.000000e+00 -6.707847e-01
    outer loop
      vertex   -1.156452e+01 -2.250000e+01 4.526209e+01
      vertex   -1.156452e+01 -1.130000e+01 4.526209e+01
      vertex   -1.123745e+01 -1.130000e+01 4.562371e+01
    endloop
  endfacet
  facet normal 7.416521e-01 0.000000e+00 -6.707847e-01
    outer loop
      vertex   -1.156452e+01 -2.250000e+01 4.526209e+01
      vertex   -1.123745e+01 -1.130000e+01 4.562371e+01
      vertex   -1.123745e+01 -2.250000e+01 4.562371e+01
    endloop
  endfacet
  facet normal 6.456279e-01 0.000000e+00 -7.636522e-01
    outer loop
      vertex   -1.123745e+01 -2.250000e+01 4.562371e+01
      vertex   -1.123745e+01 -1.130000e+01 4.562371e+01
      vertex   -1.086511e+01 -1.130000e+01 4.593851e+01
    endloop
  endfacet
  facet normal 6.456279e-01 0.000000e+00 -7.636522e-01
    outer loop
      vertex   -1.123745e+01 -2.250000e+01 4.562371e+01
      vertex   -1.086511e+01 -1.130000e+01 4.593851e+01
      vertex   -1.086511e+01 -2.250000e+01 4.593851e+01
    endloop
  endfacet
  facet normal 5.380824e-01 0.000000e+00 -8.428923e-01
    outer loop
      vertex   -1.086511e+01 -2.250000e+01 4.593851e+01
      vertex   -1.086511e+01 -1.130000e+01 4.593851e+01
      vertex   -1.045412e+01 -1.130000e+01 4.620087e+01
    endloop
  endfacet
  facet normal 5.380824e-01 0.000000e+00 -8.428923e-01
    outer loop
      vertex   -1.086511e+01 -2.250000e+01 4.593851e+01
      vertex   -1.045412e+01 -1.130000e+01 4.620087e+01
      vertex   -1.045412e+01 -2.250000e+01 4.620087e+01
    endloop
  endfacet
  facet normal 4.209348e-01 0.000000e+00 -9.070909e-01
    outer loop
      vertex   -1.045412e+01 -2.250000e+01 4.620087e+01
      vertex   -1.045412e+01 -1.130000e+01 4.620087e+01
      vertex   -1.001184e+01 -1.130000e+01 4.640611e+01
    endloop
  endfacet
  facet normal 4.209348e-01 0.000000e+00 -9.070909e-01
    outer loop
      vertex   -1.045412e+01 -2.250000e+01 4.620087e+01
      vertex   -1.001184e+01 -1.130000e+01 4.640611e+01
      vertex   -1.001184e+01 -2.250000e+01 4.640611e+01
    endloop
  endfacet
  facet normal 2.962756e-01 0.000000e+00 -9.551025e-01
    outer loop
      vertex   -1.001184e+01 -2.250000e+01 4.640611e+01
      vertex   -1.001184e+01 -1.130000e+01 4.640611e+01
      vertex   -9.546143e+00 -1.130000e+01 4.655057e+01
    endloop
  endfacet
  facet normal 2.962756e-01 0.000000e+00 -9.551025e-01
    outer loop
      vertex   -1.001184e+01 -2.250000e+01 4.640611e+01
      vertex   -9.546143e+00 -1.130000e+01 4.655057e+01
      vertex   -9.546143e+00 -2.250000e+01 4.655057e+01
    endloop
  endfacet
  facet normal 1.663294e-01 0.000000e+00 -9.860703e-01
    outer loop
      vertex   -9.546143e+00 -2.250000e+01 4.655057e+01
      vertex   -9.546143e+00 -1.130000e+01 4.655057e+01
      vertex   -9.065349e+00 -1.130000e+01 4.663167e+01
    endloop
  endfacet
  facet normal 1.663294e-01 0.000000e+00 -9.860703e-01
    outer loop
      vertex   -9.546143e+00 -2.250000e+01 4.655057e+01
      vertex   -9.065349e+00 -1.130000e+01 4.663167e+01
      vertex   -9.065349e+00 -2.250000e+01 4.663167e+01
    endloop
  endfacet
  facet normal 3.341498e-02 0.000000e+00 -9.994416e-01
    outer loop
      vertex   -9.065349e+00 -2.250000e+01 4.663167e+01
      vertex   -9.065349e+00 -1.130000e+01 4.663167e+01
      vertex   -8.578035e+00 -1.130000e+01 4.664796e+01
    endloop
  endfacet
  facet normal 3.341498e-02 0.000000e+00 -9.994416e-01
    outer loop
      vertex   -9.065349e+00 -2.250000e+01 4.663167e+01
      vertex   -8.578035e+00 -1.130000e+01 4.664796e+01
      vertex   -8.578035e+00 -2.250000e+01 4.664796e+01
    endloop
  endfacet
  facet normal -1.000957e-01 0.000000e+00 -9.949778e-01
    outer loop
      vertex   -8.578035e+00 -2.250000e+01 4.664796e+01
      vertex   -8.578035e+00 -1.130000e+01 4.664796e+01
      vertex   -8.092898e+00 -1.130000e+01 4.659916e+01
    endloop
  endfacet
  facet normal -1.000957e-01 0.000000e+00 -9.949778e-01
    outer loop
      vertex   -8.578035e+00 -2.250000e+01 4.664796e+01
      vertex   -8.092898e+00 -1.130000e+01 4.659916e+01
      vertex   -8.092898e+00 -2.250000e+01 4.659916e+01
    endloop
  endfacet
  facet normal -2.318202e-01 0.000000e+00 -9.727587e-01
    outer loop
      vertex   -8.092898e+00 -2.250000e+01 4.659916e+01
      vertex   -8.092898e+00 -1.130000e+01 4.659916e+01
      vertex   -7.618594e+00 -1.130000e+01 4.648613e+01
    endloop
  endfacet
  facet normal -2.318202e-01 0.000000e+00 -9.727587e-01
    outer loop
      vertex   -8.092898e+00 -2.250000e+01 4.659916e+01
      vertex   -7.618594e+00 -1.130000e+01 4.648613e+01
      vertex   -7.618594e+00 -2.250000e+01 4.648613e+01
    endloop
  endfacet
  facet normal -3.594078e-01 0.000000e+00 -9.331806e-01
    outer loop
      vertex   -7.618594e+00 -2.250000e+01 4.648613e+01
      vertex   -7.618594e+00 -1.130000e+01 4.648613e+01
      vertex   -7.163588e+00 -1.130000e+01 4.631088e+01
    endloop
  endfacet
  facet normal -3.594078e-01 0.000000e+00 -9.331806e-01
    outer loop
      vertex   -7.618594e+00 -2.250000e+01 4.648613e+01
      vertex   -7.163588e+00 -1.130000e+01 4.631088e+01
      vertex   -7.163588e+00 -2.250000e+01 4.631088e+01
    endloop
  endfacet
  facet normal -4.805818e-01 0.000000e+00 -8.769499e-01
    outer loop
      vertex   -7.163588e+00 -2.250000e+01 4.631088e+01
      vertex   -7.163588e+00 -1.130000e+01 4.631088e+01
      vertex   -6.735999e+00 -1.130000e+01 4.607656e+01
    endloop
  endfacet
  facet normal -4.805818e-01 0.000000e+00 -8.769499e-01
    outer loop
      vertex   -7.163588e+00 -2.250000e+01 4.631088e+01
      vertex   -6.735999e+00 -1.130000e+01 4.607656e+01
      vertex   -6.735999e+00 -2.250000e+01 4.607656e+01
    endloop
  endfacet
  facet normal -5.931797e-01 0.000000e+00 -8.050701e-01
    outer loop
      vertex   -6.735999e+00 -2.250000e+01 4.607656e+01
      vertex   -6.735999e+00 -1.130000e+01 4.607656e+01
      vertex   -6.343458e+00 -1.130000e+01 4.578733e+01
    endloop
  endfacet
  facet normal -5.931797e-01 0.000000e+00 -8.050701e-01
    outer loop
      vertex   -6.735999e+00 -2.250000e+01 4.607656e+01
      vertex   -6.343458e+00 -1.130000e+01 4.578733e+01
      vertex   -6.343458e+00 -2.250000e+01 4.578733e+01
    endloop
  endfacet
  facet normal -6.951924e-01 0.000000e+00 -7.188237e-01
    outer loop
      vertex   -6.343458e+00 -2.250000e+01 4.578733e+01
      vertex   -6.343458e+00 -1.130000e+01 4.578733e+01
      vertex   -5.992969e+00 -1.130000e+01 4.544837e+01
    endloop
  endfacet
  facet normal -6.951924e-01 0.000000e+00 -7.188237e-01
    outer loop
      vertex   -6.343458e+00 -2.250000e+01 4.578733e+01
      vertex   -5.992969e+00 -1.130000e+01 4.544837e+01
      vertex   -5.992969e+00 -2.250000e+01 4.544837e+01
    endloop
  endfacet
  facet normal -7.847994e-01 0.000000e+00 -6.197499e-01
    outer loop
      vertex   -5.992969e+00 -2.250000e+01 4.544837e+01
      vertex   -5.992969e+00 -1.130000e+01 4.544837e+01
      vertex   -5.690788e+00 -1.130000e+01 4.506571e+01
    endloop
  endfacet
  facet normal -7.847994e-01 0.000000e+00 -6.197499e-01
    outer loop
      vertex   -5.992969e+00 -2.250000e+01 4.544837e+01
      vertex   -5.690788e+00 -1.130000e+01 4.506571e+01
      vertex   -5.690788e+00 -2.250000e+01 4.506571e+01
    endloop
  endfacet
  facet normal -8.604016e-01 0.000000e+00 -5.096166e-01
    outer loop
      vertex   -5.690788e+00 -2.250000e+01 4.506571e+01
      vertex   -5.690788e+00 -1.130000e+01 4.506571e+01
      vertex   -5.442306e+00 -1.130000e+01 4.464619e+01
    endloop
  endfacet
  facet normal -8.604016e-01 0.000000e+00 -5.096166e-01
    outer loop
      vertex   -5.690788e+00 -2.250000e+01 4.506571e+01
      vertex   -5.442306e+00 -1.130000e+01 4.464619e+01
      vertex   -5.442306e+00 -2.250000e+01 4.464619e+01
    endloop
  endfacet
  facet normal -9.206499e-01 0.000000e+00 -3.903893e-01
    outer loop
      vertex   -5.442306e+00 -2.250000e+01 4.464619e+01
      vertex   -5.442306e+00 -1.130000e+01 4.464619e+01
      vertex   -5.251957e+00 -1.130000e+01 4.419729e+01
    endloop
  endfacet
  facet normal -9.206499e-01 0.000000e+00 -3.903893e-01
    outer loop
      vertex   -5.442306e+00 -2.250000e+01 4.464619e+01
      vertex   -5.251957e+00 -1.130000e+01 4.419729e+01
      vertex   -5.251957e+00 -2.250000e+01 4.419729e+01
    endloop
  endfacet
  facet normal -9.644692e-01 0.000000e+00 -2.641954e-01
    outer loop
      vertex   -5.251957e+00 -2.250000e+01 4.419729e+01
      vertex   -5.251957e+00 -1.130000e+01 4.419729e+01
      vertex   -5.123139e+00 -1.130000e+01 4.372703e+01
    endloop
  endfacet
  facet normal -9.644692e-01 0.000000e+00 -2.641954e-01
    outer loop
      vertex   -5.251957e+00 -2.250000e+01 4.419729e+01
      vertex   -5.123139e+00 -1.130000e+01 4.372703e+01
      vertex   -5.123139e+00 -2.250000e+01 4.372703e+01
    endloop
  endfacet
  facet normal -9.910775e-01 0.000000e+00 -1.332870e-01
    outer loop
      vertex   -5.123139e+00 -2.250000e+01 4.372703e+01
      vertex   -5.123139e+00 -1.130000e+01 4.372703e+01
      vertex   -5.058151e+00 -1.130000e+01 4.324379e+01
    endloop
  endfacet
  facet normal -9.910775e-01 0.000000e+00 -1.332870e-01
    outer loop
      vertex   -5.123139e+00 -2.250000e+01 4.372703e+01
      vertex   -5.058151e+00 -1.130000e+01 4.324379e+01
      vertex   -5.058151e+00 -2.250000e+01 4.324379e+01
    endloop
  endfacet
  facet normal -1.000000e+00 0.000000e+00 0.000000e+00
    outer loop
      vertex   -5.058151e+00 -2.250000e+01 4.324379e+01
      vertex   -5.058151e+00 -1.130000e+01 4.324379e+01
      vertex   -5.058151e+00 -1.130000e+01 4.275621e+01
    endloop
  endfacet
  facet normal -1.000000e+00 0.000000e+00 0.000000e+00
    outer loop
      vertex   -5.058151e+00 -2.250000e+01 4.324379e+01
      vertex   -5.058151e+00 -1.130000e+01 4.275621e+01
      vertex   -5.058151e+00 -2.250000e+01 4.275621e+01
    endloop
  endfacet
  facet normal -9.910775e-01 0.000000e+00 1.332870e-01
    outer loop
      vertex   -5.058151e+00 -2.250000e+01 4.275621e+01
      vertex   -5.058151e+00 -1.130000e+01 4.275621e+01
      vertex   -5.123139e+00 -1.130000e+01 4.227297e+01
    endloop
  endfacet
  facet normal -9.910775e-01 0.000000e+00 1.332870e-01
    outer loop
      vertex   -5.058151e+00 -2.250000e+01 4.275621e+01
      vertex   -5.123139e+00 -1.130000e+01 4.227297e+01
      vertex   -5.123139e+00 -2.250000e+01 4.227297e+01
    endloop
  endfacet
  facet normal -9.644692e-01 0.000000e+00 2.641954e-01
    outer loop
      vertex   -5.123139e+00 -2.250000e+01 4.227297e+01
      vertex   -5.123139e+00 -1.130000e+01 4.227297e+01
      vertex   -5.251957e+00 -1.130000e+01 4.180271e+01
    endloop
  endfacet
  facet normal -9.644692e-01 0.000000e+00 2.641954e-01
    outer loop
      vertex   -5.123139e+00 -2.250000e+01 4.227297e+01
      vertex   -5.251957e+00 -1.130000e+01 4.180271e+01
      vertex   -5.251957e+00 -2.250000e+01 4.180271e+01
    endloop
  endfacet
  facet normal -9.206499e-01 0.000000e+00 3.903893e-01
    outer loop
      vertex   -5.251957e+00 -2.250000e+01 4.180271e+01
      vertex   -5.251957e+00 -1.130000e+01 4.180271e+01
      vertex   -5.442306e+00 -1.130000e+01 4.135381e+01
    endloop
  endfacet
  facet normal -9.206499e-01 0.000000e+00 3.903893e-01
    outer loop
      vertex   -5.251957e+00 -2.250000e+01 4.180271e+01
      vertex   -5.442306e+00 -1.130000e+01 4.135381e+01
      vertex   -5.442306e+00 -2.250000e+01 4.135381e+01
    endloop
  endfacet
  facet normal -8.604016e-01 0.000000e+00 5.096166e-01
    outer loop
      vertex   -5.442306e+00 -2.250000e+01 4.135381e+01
      vertex   -5.442306e+00 -1.130000e+01 4.135381e+01
      vertex   -5.690788e+00 -1.130000e+01 4.093429e+01
    endloop
  endfacet
  facet normal -8.604016e-01 0.000000e+00 5.096166e-01
    outer loop
      vertex   -5.442306e+00 -2.250000e+01 4.135381e+01
      vertex   -5.690788e+00 -1.130000e+01 4.093429e+01
      vertex   -5.690788e+00 -2.250000e+01 4.093429e+01
    endloop
  endfacet
  facet normal -7.847994e-01 0.000000e+00 6.197499e-01
    outer loop
      vertex   -5.690788e+00 -2.250000e+01 4.093429e+01
      vertex   -5.690788e+00 -1.130000e+01 4.093429e+01
      vertex   -5.992969e+00 -1.130000e+01 4.055164e+01
    endloop
  endfacet
  facet normal -7.847994e-01 0.000000e+00 6.197499e-01
    outer loop
      vertex   -5.690788e+00 -2.250000e+01 4.093429e+01
      vertex   -5.992969e+00 -1.130000e+01 4.055164e+01
      vertex   -5.992969e+00 -2.250000e+01 4.055164e+01
    endloop
  endfacet
  facet normal -6.951924e-01 0.000000e+00 7.188237e-01
    outer loop
      vertex   -5.992969e+00 -2.250000e+01 4.055164e+01
      vertex   -5.992969e+00 -1.130000e+01 4.055164e+01
      vertex   -6.343458e+00 -1.130000e+01 4.021267e+01
    endloop
  endfacet
  facet normal -6.951924e-01 0.000000e+00 7.188237e-01
    outer loop
      vertex   -5.992969e+00 -2.250000e+01 4.055164e+01
      vertex   -6.343458e+00 -1.130000e+01 4.021267e+01
      vertex   -6.343458e+00 -2.250000e+01 4.021267e+01
    endloop
  endfacet
  facet normal -5.931797e-01 0.000000e+00 8.050701e-01
    outer loop
      vertex   -6.343458e+00 -2.250000e+01 4.021267e+01
      vertex   -6.343458e+00 -1.130000e+01 4.021267e+01
      vertex   -6.735999e+00 -1.130000e+01 3.992344e+01
    endloop
  endfacet
  facet normal -5.931797e-01 0.000000e+00 8.050701e-01
    outer loop
      vertex   -6.343458e+00 -2.250000e+01 4.021267e+01
      vertex   -6.735999e+00 -1.130000e+01 3.992344e+01
      vertex   -6.735999e+00 -2.250000e+01 3.992344e+01
    endloop
  endfacet
  facet normal -4.805818e-01 0.000000e+00 8.769499e-01
    outer loop
      vertex   -6.735999e+00 -2.250000e+01 3.992344e+01
      vertex   -6.735999e+00 -1.130000e+01 3.992344e+01
      vertex   -7.163588e+00 -1.130000e+01 3.968912e+01
    endloop
  endfacet
  facet normal -4.805818e-01 0.000000e+00 8.769499e-01
    outer loop
      vertex   -6.735999e+00 -2.250000e+01 3.992344e+01
      vertex   -7.163588e+00 -1.130000e+01 3.968912e+01
      vertex   -7.163588e+00 -2.250000e+01 3.968912e+01
    endloop
  endfacet
  facet normal -3.594078e-01 0.000000e+00 9.331806e-01
    outer loop
      vertex   -7.163588e+00 -2.250000e+01 3.968912e+01
      vertex   -7.163588e+00 -1.130000e+01 3.968912e+01
      vertex   -7.618594e+00 -1.130000e+01 3.951388e+01
    endloop
  endfacet
  facet normal -3.594078e-01 0.000000e+00 9.331806e-01
    outer loop
      vertex   -7.163588e+00 -2.250000e+01 3.968912e+01
      vertex   -7.618594e+00 -1.130000e+01 3.951388e+01
      vertex   -7.618594e+00 -2.250000e+01 3.951388e+01
    endloop
  endfacet
  facet normal -2.318202e-01 0.000000e+00 9.727587e-01
    outer loop
      vertex   -7.618594e+00 -2.250000e+01 3.951388e+01
      vertex   -7.618594e+00 -1.130000e+01 3.951388e+01
      vertex   -8.092898e+00 -1.130000e+01 3.940085e+01
    endloop
  endfacet
  facet normal -2.318202e-01 0.000000e+00 9.727587e-01
    outer loop
      vertex   -7.618594e+00 -2.250000e+01 3.951388e+01
      vertex   -8.092898e+00 -1.130000e+01 3.940085e+01
      vertex   -8.092898e+00 -2.250000e+01 3.940085e+01
    endloop
  endfacet
  facet normal -1.000957e-01 0.000000e+00 9.949778e-01
    outer loop
      vertex   -8.092898e+00 -2.250000e+01 3.940085e+01
      vertex   -8.092898e+00 -1.130000e+01 3.940085e+01
      vertex   -8.578035e+00 -1.130000e+01 3.935204e+01
    endloop
  endfacet
  facet normal -1.000957e-01 0.000000e+00 9.949778e-01
    outer loop
      vertex   -8.092898e+00 -2.250000e+01 3.940085e+01
      vertex   -8.578035e+00 -1.130000e+01 3.935204e+01
      vertex   -8.578035e+00 -2.250000e+01 3.935204e+01
    endloop
  endfacet
  facet normal 3.341498e-02 -0.000000e+00 9.994416e-01
    outer loop
      vertex   -8.578035e+00 -2.250000e+01 3.935204e+01
      vertex   -8.578035e+00 -1.130000e+01 3.935204e+01
      vertex   -9.065349e+00 -1.130000e+01 3.936833e+01
    endloop
  endfacet
  facet normal 3.341498e-02 0.000000e+00 9.994416e-01
    outer loop
      vertex   -8.578035e+00 -2.250000e+01 3.935204e+01
      vertex   -9.065349e+00 -1.130000e+01 3.936833e+01
      vertex   -9.065349e+00 -2.250000e+01 3.936833e+01
    endloop
  endfacet
  facet normal 1.663294e-01 -0.000000e+00 9.860703e-01
    outer loop
      vertex   -9.065349e+00 -2.250000e+01 3.936833e+01
      vertex   -9.065349e+00 -1.130000e+01 3.936833e+01
      vertex   -9.546143e+00 -1.130000e+01 3.944943e+01
    endloop
  endfacet
  facet normal 1.663294e-01 0.000000e+00 9.860703e-01
    outer loop
      vertex   -9.065349e+00 -2.250000e+01 3.936833e+01
      vertex   -9.546143e+00 -1.130000e+01 3.944943e+01
      vertex   -9.546143e+00 -2.250000e+01 3.944943e+01
    endloop
  endfacet
  facet normal 2.962756e-01 -0.000000e+00 9.551025e-01
    outer loop
      vertex   -9.546143e+00 -2.250000e+01 3.944943e+01
      vertex   -9.546143e+00 -1.130000e+01 3.944943e+01
      vertex   -1.001184e+01 -1.130000e+01 3.959389e+01
    endloop
  endfacet
  facet normal 2.962756e-01 0.000000e+00 9.551025e-01
    outer loop
      vertex   -9.546143e+00 -2.250000e+01 3.944943e+01
      vertex   -1.001184e+01 -1.130000e+01 3.959389e+01
      vertex   -1.001184e+01 -2.250000e+01 3.959389e+01
    endloop
  endfacet
  facet normal 4.209348e-01 -0.000000e+00 9.070909e-01
    outer loop
      vertex   -1.001184e+01 -2.250000e+01 3.959389e+01
      vertex   -1.001184e+01 -1.130000e+01 3.959389e+01
      vertex   -1.045412e+01 -1.130000e+01 3.979913e+01
    endloop
  endfacet
  facet normal 4.209348e-01 0.000000e+00 9.070909e-01
    outer loop
      vertex   -1.001184e+01 -2.250000e+01 3.959389e+01
      vertex   -1.045412e+01 -1.130000e+01 3.979913e+01
      vertex   -1.045412e+01 -2.250000e+01 3.979913e+01
    endloop
  endfacet
  facet normal 5.380824e-01 -0.000000e+00 8.428923e-01
    outer loop
      vertex   -1.045412e+01 -2.250000e+01 3.979913e+01
      vertex   -1.045412e+01 -1.130000e+01 3.979913e+01
      vertex   -1.086511e+01 -1.130000e+01 4.006150e+01
    endloop
  endfacet
  facet normal 5.380824e-01 0.000000e+00 8.428923e-01
    outer loop
      vertex   -1.045412e+01 -2.250000e+01 3.979913e+01
      vertex   -1.086511e+01 -1.130000e+01 4.006150e+01
      vertex   -1.086511e+01 -2.250000e+01 4.006150e+01
    endloop
  endfacet
  facet normal 6.456279e-01 -0.000000e+00 7.636522e-01
    outer loop
      vertex   -1.086511e+01 -2.250000e+01 4.006150e+01
      vertex   -1.086511e+01 -1.130000e+01 4.006150e+01
      vertex   -1.123745e+01 -1.130000e+01 4.037630e+01
    endloop
  endfacet
  facet normal 6.456279e-01 0.000000e+00 7.636522e-01
    outer loop
      vertex   -1.086511e+01 -2.250000e+01 4.006150e+01
      vertex   -1.123745e+01 -1.130000e+01 4.037630e+01
      vertex   -1.123745e+01 -2.250000e+01 4.037630e+01
    endloop
  endfacet
  facet normal 7.416521e-01 -0.000000e+00 6.707847e-01
    outer loop
      vertex   -1.123745e+01 -2.250000e+01 4.037630e+01
      vertex   -1.123745e+01 -1.130000e+01 4.037630e+01
      vertex   -1.156452e+01 -1.130000e+01 4.073791e+01
    endloop
  endfacet
  facet normal 7.416521e-01 0.000000e+00 6.707847e-01
    outer loop
      vertex   -1.123745e+01 -2.250000e+01 4.037630e+01
      vertex   -1.156452e+01 -1.130000e+01 4.073791e+01
      vertex   -1.156452e+01 -2.250000e+01 4.073791e+01
    endloop
  endfacet
  facet normal 8.244416e-01 -0.000000e+00 5.659471e-01
    outer loop
      vertex   -1.156452e+01 -2.250000e+01 4.073791e+01
      vertex   -1.156452e+01 -1.130000e+01 4.073791e+01
      vertex   -1.184047e+01 -1.130000e+01 4.113990e+01
    endloop
  endfacet
  facet normal 8.244416e-01 0.000000e+00 5.659471e-01
    outer loop
      vertex   -1.156452e+01 -2.250000e+01 4.073791e+01
      vertex   -1.184047e+01 -1.130000e+01 4.113990e+01
      vertex   -1.184047e+01 -2.250000e+01 4.113990e+01
    endloop
  endfacet
  facet normal 8.925188e-01 -0.000000e+00 4.510101e-01
    outer loop
      vertex   -1.184047e+01 -2.250000e+01 4.113990e+01
      vertex   -1.184047e+01 -1.130000e+01 4.113990e+01
      vertex   -1.206037e+01 -1.130000e+01 4.157508e+01
    endloop
  endfacet
  facet normal 8.925188e-01 0.000000e+00 4.510101e-01
    outer loop
      vertex   -1.184047e+01 -2.250000e+01 4.113990e+01
      vertex   -1.206037e+01 -1.130000e+01 4.157508e+01
      vertex   -1.206037e+01 -2.250000e+01 4.157508e+01
    endloop
  endfacet
  facet normal 9.446691e-01 -0.000000e+00 3.280249e-01
    outer loop
      vertex   -1.206037e+01 -2.250000e+01 4.157508e+01
      vertex   -1.206037e+01 -1.130000e+01 4.157508e+01
      vertex   -1.222031e+01 -1.130000e+01 4.203569e+01
    endloop
  endfacet
  facet normal 9.446691e-01 0.000000e+00 3.280249e-01
    outer loop
      vertex   -1.206037e+01 -2.250000e+01 4.157508e+01
      vertex   -1.222031e+01 -1.130000e+01 4.203569e+01
      vertex   -1.222031e+01 -2.250000e+01 4.203569e+01
    endloop
  endfacet
  facet normal 9.799617e-01 -0.000000e+00 1.991860e-01
    outer loop
      vertex   -1.222031e+01 -2.250000e+01 4.203569e+01
      vertex   -1.222031e+01 -1.130000e+01 4.203569e+01
      vertex   -1.231743e+01 -1.130000e+01 4.251350e+01
    endloop
  endfacet
  facet normal -0.000000e+00 -1.000000e+00 0.000000e+00
    outer loop
      vertex   -1.081734e+01 -1.130000e+01 4.337335e+01
      vertex   -1.231743e+01 -1.130000e+01 4.348650e+01
      vertex   -1.085000e+01 -1.130000e+01 4.300000e+01
    endloop
  endfacet
  facet normal 0.000000e+00 -1.000000e+00 0.000000e+00
    outer loop
      vertex   -1.085000e+01 -1.130000e+01 4.300000e+01
      vertex   -1.231743e+01 -1.130000e+01 4.348650e+01
      vertex   -1.235000e+01 -1.130000e+01 4.300000e+01
    endloop
  endfacet
  facet normal -0.000000e+00 -1.000000e+00 0.000000e+00
    outer loop
      vertex   -1.085000e+01 -1.130000e+01 4.300000e+01
      vertex   -1.235000e+01 -1.130000e+01 4.300000e+01
      vertex   -1.231743e+01 -1.130000e+01 4.251350e+01
    endloop
  endfacet
  facet normal 0.000000e+00 -1.000000e+00 0.000000e+00
    outer loop
      vertex   -1.231743e+01 -1.130000e+01 4.348650e+01
      vertex   -1.081734e+01 -1.130000e+01 4.337335e+01
      vertex   -1.222031e+01 -1.130000e+01 4.396431e+01
    endloop
  endfacet
  facet normal 0.000000e+00 -1.000000e+00 0.000000e+00
    outer loop
      vertex   -1.222031e+01 -1.130000e+01 4.396431e+01
      vertex   -1.081734e+01 -1.130000e+01 4.337335e+01
      vertex   -1.072034e+01 -1.130000e+01 4.373534e+01
    endloop
  endfacet
  facet normal 0.000000e+00 -1.000000e+00 0.000000e+00
    outer loop
      vertex   -1.222031e+01 -1.130000e+01 4.396431e+01
      vertex   -1.072034e+01 -1.130000e+01 4.373534e+01
      vertex   -1.206037e+01 -1.130000e+01 4.442492e+01
    endloop
  endfacet
  facet normal 0.000000e+00 -1.000000e+00 0.000000e+00
    outer loop
      vertex   -1.206037e+01 -1.130000e+01 4.442492e+01
      vertex   -1.072034e+01 -1.130000e+01 4.373534e+01
      vertex   -1.056195e+01 -1.130000e+01 4.407500e+01
    endloop
  endfacet
  facet normal 0.000000e+00 -1.000000e+00 0.000000e+00
    outer loop
      vertex   -1.206037e+01 -1.130000e+01 4.442492e+01
      vertex   -1.056195e+01 -1.130000e+01 4.407500e+01
      vertex   -1.184047e+01 -1.130000e+01 4.486010e+01
    endloop
  endfacet
  facet normal 0.000000e+00 -1.000000e+00 0.000000e+00
    outer loop
      vertex   -1.184047e+01 -1.130000e+01 4.486010e+01
      vertex   -1.056195e+01 -1.130000e+01 4.407500e+01
      vertex   -1.156452e+01 -1.130000e+01 4.526209e+01
    endloop
  endfacet
  facet normal 0.000000e+00 -1.000000e+00 0.000000e+00
    outer loop
      vertex   -1.156452e+01 -1.130000e+01 4.526209e+01
      vertex   -1.056195e+01 -1.130000e+01 4.407500e+01
      vertex   -1.034700e+01 -1.130000e+01 4.438199e+01
    endloop
  endfacet
  facet normal 0.000000e+00 -1.000000e+00 0.000000e+00
    outer loop
      vertex   -1.156452e+01 -1.130000e+01 4.526209e+01
      vertex   -1.034700e+01 -1.130000e+01 4.438199e+01
      vertex   -1.123745e+01 -1.130000e+01 4.562371e+01
    endloop
  endfacet
  facet normal 0.000000e+00 -1.000000e+00 0.000000e+00
    outer loop
      vertex   -1.123745e+01 -1.130000e+01 4.562371e+01
      vertex   -1.034700e+01 -1.130000e+01 4.438199e+01
      vertex   -1.008199e+01 -1.130000e+01 4.464700e+01
    endloop
  endfacet
  facet normal 0.000000e+00 -1.000000e+00 0.000000e+00
    outer loop
      vertex   -1.123745e+01 -1.130000e+01 4.562371e+01
      vertex   -1.008199e+01 -1.130000e+01 4.464700e+01
      vertex   -1.086511e+01 -1.130000e+01 4.593851e+01
    endloop
  endfacet
  facet normal 0.000000e+00 -1.000000e+00 0.000000e+00
    outer loop
      vertex   -1.086511e+01 -1.130000e+01 4.593851e+01
      vertex   -1.008199e+01 -1.130000e+01 4.464700e+01
      vertex   -9.775000e+00 -1.130000e+01 4.486196e+01
    endloop
  endfacet
  facet normal 0.000000e+00 -1.000000e+00 0.000000e+00
    outer loop
      vertex   -1.086511e+01 -1.130000e+01 4.593851e+01
      vertex   -9.775000e+00 -1.130000e+01 4.486196e+01
      vertex   -1.045412e+01 -1.130000e+01 4.620087e+01
    endloop
  endfacet
  facet normal 0.000000e+00 -1.000000e+00 0.000000e+00
    outer loop
      vertex   -1.045412e+01 -1.130000e+01 4.620087e+01
      vertex   -9.775000e+00 -1.130000e+01 4.486196e+01
      vertex   -9.435343e+00 -1.130000e+01 4.502034e+01
    endloop
  endfacet
  facet normal 0.000000e+00 -1.000000e+00 0.000000e+00
    outer loop
      vertex   -1.045412e+01 -1.130000e+01 4.620087e+01
      vertex   -9.435343e+00 -1.130000e+01 4.502034e+01
      vertex   -1.001184e+01 -1.130000e+01 4.640611e+01
    endloop
  endfacet
  facet normal 0.000000e+00 -1.000000e+00 0.000000e+00
    outer loop
      vertex   -1.001184e+01 -1.130000e+01 4.640611e+01
      vertex   -9.435343e+00 -1.130000e+01 4.502034e+01
      vertex   -9.546143e+00 -1.130000e+01 4.655057e+01
    endloop
  endfacet
  facet normal 0.000000e+00 -1.000000e+00 0.000000e+00
    outer loop
      vertex   -9.546143e+00 -1.130000e+01 4.655057e+01
      vertex   -9.435343e+00 -1.130000e+01 4.502034e+01
      vertex   -9.073343e+00 -1.130000e+01 4.511734e+01
    endloop
  endfacet
  facet normal 0.000000e+00 -1.000000e+00 0.000000e+00
    outer loop
      vertex   -9.546143e+00 -1.130000e+01 4.655057e+01
      vertex   -9.073343e+00 -1.130000e+01 4.511734e+01
      vertex   -9.065349e+00 -1.130000e+01 4.663167e+01
    endloop
  endfacet
  facet normal 0.000000e+00 -1.000000e+00 -0.000000e+00
    outer loop
      vertex   -9.065349e+00 -1.130000e+01 4.663167e+01
      vertex   -9.073343e+00 -1.130000e+01 4.511734e+01
      vertex   -8.700000e+00 -1.130000e+01 4.515000e+01
    endloop
  endfacet
  facet normal 0.000000e+00 -1.000000e+00 0.000000e+00
    outer loop
      vertex   -9.065349e+00 -1.130000e+01 4.663167e+01
      vertex   -8.700000e+00 -1.130000e+01 4.515000e+01
      vertex   -8.578035e+00 -1.130000e+01 4.664796e+01
    endloop
  endfacet
  facet normal 0.000000e+00 -1.000000e+00 -0.000000e+00
    outer loop
      vertex   -8.578035e+00 -1.130000e+01 4.664796e+01
      vertex   -8.700000e+00 -1.130000e+01 4.515000e+01
      vertex   -8.326656e+00 -1.130000e+01 4.511734e+01
    endloop
  endfacet
  facet normal 0.000000e+00 -1.000000e+00 0.000000e+00
    outer loop
      vertex   -8.578035e+00 -1.130000e+01 4.664796e+01
      vertex   -8.326656e+00 -1.130000e+01 4.511734e+01
      vertex   -8.092898e+00 -1.130000e+01 4.659916e+01
    endloop
  endfacet
  facet normal 0.000000e+00 -1.000000e+00 -0.000000e+00
    outer loop
      vertex   -8.092898e+00 -1.130000e+01 4.659916e+01
      vertex   -8.326656e+00 -1.130000e+01 4.511734e+01
      vertex   -7.618594e+00 -1.130000e+01 4.648613e+01
    endloop
  endfacet
  facet normal 0.000000e+00 -1.000000e+00 0.000000e+00
    outer loop
      vertex   -7.618594e+00 -1.130000e+01 4.648613e+01
      vertex   -8.326656e+00 -1.130000e+01 4.511734e+01
      vertex   -7.964656e+00 -1.130000e+01 4.502034e+01
    endloop
  endfacet
  facet normal 0.000000e+00 -1.000000e+00 -0.000000e+00
    outer loop
      vertex   -7.618594e+00 -1.130000e+01 4.648613e+01
      vertex   -7.964656e+00 -1.130000e+01 4.502034e+01
      vertex   -7.163588e+00 -1.130000e+01 4.631088e+01
    endloop
  endfacet
  facet normal 0.000000e+00 -1.000000e+00 0.000000e+00
    outer loop
      vertex   -7.163588e+00 -1.130000e+01 4.631088e+01
      vertex   -7.964656e+00 -1.130000e+01 4.502034e+01
      vertex   -7.625000e+00 -1.130000e+01 4.486196e+01
    endloop
  endfacet
  facet normal 0.000000e+00 -1.000000e+00 -0.000000e+00
    outer loop
      vertex   -7.163588e+00 -1.130000e+01 4.631088e+01
      vertex   -7.625000e+00 -1.130000e+01 4.486196e+01
      vertex   -6.735999e+00 -1.130000e+01 4.607656e+01
    endloop
  endfacet
  facet normal 0.000000e+00 -1.000000e+00 0.000000e+00
    outer loop
      vertex   -6.735999e+00 -1.130000e+01 4.607656e+01
      vertex   -7.625000e+00 -1.130000e+01 4.486196e+01
      vertex   -7.318006e+00 -1.130000e+01 4.464700e+01
    endloop
  endfacet
  facet normal 0.000000e+00 -1.000000e+00 -0.000000e+00
    outer loop
      vertex   -6.735999e+00 -1.130000e+01 4.607656e+01
      vertex   -7.318006e+00 -1.130000e+01 4.464700e+01
      vertex   -6.343458e+00 -1.130000e+01 4.578733e+01
    endloop
  endfacet
  facet normal 0.000000e+00 -1.000000e+00 -0.000000e+00
    outer loop
      vertex   -6.343458e+00 -1.130000e+01 4.578733e+01
      vertex   -7.318006e+00 -1.130000e+01 4.464700e+01
      vertex   -5.992969e+00 -1.130000e+01 4.544837e+01
    endloop
  endfacet
  facet normal 0.000000e+00 -1.000000e+00 0.000000e+00
    outer loop
      vertex   -5.992969e+00 -1.130000e+01 4.544837e+01
      vertex   -7.318006e+00 -1.130000e+01 4.464700e+01
      vertex   -7.053004e+00 -1.130000e+01 4.438199e+01
    endloop
  endfacet
  facet normal 0.000000e+00 -1.000000e+00 -0.000000e+00
    outer loop
      vertex   -5.992969e+00 -1.130000e+01 4.544837e+01
      vertex   -7.053004e+00 -1.130000e+01 4.438199e+01
      vertex   -5.690788e+00 -1.130000e+01 4.506571e+01
    endloop
  endfacet
  facet normal 0.000000e+00 -1.000000e+00 0.000000e+00
    outer loop
      vertex   -5.690788e+00 -1.130000e+01 4.506571e+01
      vertex   -7.053004e+00 -1.130000e+01 4.438199e+01
      vertex   -6.838045e+00 -1.130000e+01 4.407500e+01
    endloop
  endfacet
  facet normal 0.000000e+00 -1.000000e+00 -0.000000e+00
    outer loop
      vertex   -5.690788e+00 -1.130000e+01 4.506571e+01
      vertex   -6.838045e+00 -1.130000e+01 4.407500e+01
      vertex   -5.442306e+00 -1.130000e+01 4.464619e+01
    endloop
  endfacet
  facet normal 0.000000e+00 -1.000000e+00 0.000000e+00
    outer loop
      vertex   -5.442306e+00 -1.130000e+01 4.464619e+01
      vertex   -6.838045e+00 -1.130000e+01 4.407500e+01
      vertex   -6.679661e+00 -1.130000e+01 4.373534e+01
    endloop
  endfacet
  facet normal 0.000000e+00 -1.000000e+00 -0.000000e+00
    outer loop
      vertex   -5.442306e+00 -1.130000e+01 4.464619e+01
      vertex   -6.679661e+00 -1.130000e+01 4.373534e+01
      vertex   -5.251957e+00 -1.130000e+01 4.419729e+01
    endloop
  endfacet
  facet normal 0.000000e+00 -1.000000e+00 -0.000000e+00
    outer loop
      vertex   -5.251957e+00 -1.130000e+01 4.419729e+01
      vertex   -6.679661e+00 -1.130000e+01 4.373534e+01
      vertex   -5.123139e+00 -1.130000e+01 4.372703e+01
    endloop
  endfacet
  facet normal -0.000000e+00 -1.000000e+00 0.000000e+00
    outer loop
      vertex   -5.123139e+00 -1.130000e+01 4.372703e+01
      vertex   -6.679661e+00 -1.130000e+01 4.373534e+01
      vertex   -6.582663e+00 -1.130000e+01 4.337335e+01
    endloop
  endfacet
  facet normal 0.000000e+00 -1.000000e+00 -0.000000e+00
    outer loop
      vertex   -5.123139e+00 -1.130000e+01 4.372703e+01
      vertex   -6.582663e+00 -1.130000e+01 4.337335e+01
      vertex   -5.058151e+00 -1.130000e+01 4.324379e+01
    endloop
  endfacet
  facet normal -0.000000e+00 -1.000000e+00 0.000000e+00
    outer loop
      vertex   -5.058151e+00 -1.130000e+01 4.324379e+01
      vertex   -6.582663e+00 -1.130000e+01 4.337335e+01
      vertex   -6.550000e+00 -1.130000e+01 4.300000e+01
    endloop
  endfacet
  facet normal 0.000000e+00 -1.000000e+00 -0.000000e+00
    outer loop
      vertex   -5.058151e+00 -1.130000e+01 4.324379e+01
      vertex   -6.550000e+00 -1.130000e+01 4.300000e+01
      vertex   -5.058151e+00 -1.130000e+01 4.275621e+01
    endloop
  endfacet
  facet normal -0.000000e+00 -1.000000e+00 0.000000e+00
    outer loop
      vertex   -5.058151e+00 -1.130000e+01 4.275621e+01
      vertex   -6.550000e+00 -1.130000e+01 4.300000e+01
      vertex   -6.582663e+00 -1.130000e+01 4.262666e+01
    endloop
  endfacet
  facet normal 0.000000e+00 -1.000000e+00 0.000000e+00
    outer loop
      vertex   -5.058151e+00 -1.130000e+01 4.275621e+01
      vertex   -6.582663e+00 -1.130000e+01 4.262666e+01
      vertex   -5.123139e+00 -1.130000e+01 4.227297e+01
    endloop
  endfacet
  facet normal -0.000000e+00 -1.000000e+00 0.000000e+00
    outer loop
      vertex   -5.123139e+00 -1.130000e+01 4.227297e+01
      vertex   -6.582663e+00 -1.130000e+01 4.262666e+01
      vertex   -6.679661e+00 -1.130000e+01 4.226466e+01
    endloop
  endfacet
  facet normal 0.000000e+00 -1.000000e+00 0.000000e+00
    outer loop
      vertex   -5.123139e+00 -1.130000e+01 4.227297e+01
      vertex   -6.679661e+00 -1.130000e+01 4.226466e+01
      vertex   -5.251957e+00 -1.130000e+01 4.180271e+01
    endloop
  endfacet
  facet normal -0.000000e+00 -1.000000e+00 0.000000e+00
    outer loop
      vertex   -5.251957e+00 -1.130000e+01 4.180271e+01
      vertex   -6.679661e+00 -1.130000e+01 4.226466e+01
      vertex   -5.442306e+00 -1.130000e+01 4.135381e+01
    endloop
  endfacet
  facet normal 0.000000e+00 -1.000000e+00 0.000000e+00
    outer loop
      vertex   -5.442306e+00 -1.130000e+01 4.135381e+01
      vertex   -6.679661e+00 -1.130000e+01 4.226466e+01
      vertex   -6.838045e+00 -1.130000e+01 4.192500e+01
    endloop
  endfacet
  facet normal -0.000000e+00 -1.000000e+00 0.000000e+00
    outer loop
      vertex   -5.442306e+00 -1.130000e+01 4.135381e+01
      vertex   -6.838045e+00 -1.130000e+01 4.192500e+01
      vertex   -5.690788e+00 -1.130000e+01 4.093429e+01
    endloop
  endfacet
  facet normal 0.000000e+00 -1.000000e+00 0.000000e+00
    outer loop
      vertex   -5.690788e+00 -1.130000e+01 4.093429e+01
      vertex   -6.838045e+00 -1.130000e+01 4.192500e+01
      vertex   -7.053004e+00 -1.130000e+01 4.161801e+01
    endloop
  endfacet
  facet normal -0.000000e+00 -1.000000e+00 0.000000e+00
    outer loop
      vertex   -5.690788e+00 -1.130000e+01 4.093429e+01
      vertex   -7.053004e+00 -1.130000e+01 4.161801e+01
      vertex   -5.992969e+00 -1.130000e+01 4.055164e+01
    endloop
  endfacet
  facet normal 0.000000e+00 -1.000000e+00 0.000000e+00
    outer loop
      vertex   -5.992969e+00 -1.130000e+01 4.055164e+01
      vertex   -7.053004e+00 -1.130000e+01 4.161801e+01
      vertex   -7.318006e+00 -1.130000e+01 4.135301e+01
    endloop
  endfacet
  facet normal -0.000000e+00 -1.000000e+00 0.000000e+00
    outer loop
      vertex   -5.992969e+00 -1.130000e+01 4.055164e+01
      vertex   -7.318006e+00 -1.130000e+01 4.135301e+01
      vertex   -6.343458e+00 -1.130000e+01 4.021267e+01
    endloop
  endfacet
  facet normal -0.000000e+00 -1.000000e+00 0.000000e+00
    outer loop
      vertex   -6.343458e+00 -1.130000e+01 4.021267e+01
      vertex   -7.318006e+00 -1.130000e+01 4.135301e+01
      vertex   -6.735999e+00 -1.130000e+01 3.992344e+01
    endloop
  endfacet
  facet normal 0.000000e+00 -1.000000e+00 0.000000e+00
    outer loop
      vertex   -6.735999e+00 -1.130000e+01 3.992344e+01
      vertex   -7.318006e+00 -1.130000e+01 4.135301e+01
      vertex   -7.625000e+00 -1.130000e+01 4.113805e+01
    endloop
  endfacet
  facet normal -0.000000e+00 -1.000000e+00 0.000000e+00
    outer loop
      vertex   -6.735999e+00 -1.130000e+01 3.992344e+01
      vertex   -7.625000e+00 -1.130000e+01 4.113805e+01
      vertex   -7.163588e+00 -1.130000e+01 3.968912e+01
    endloop
  endfacet
  facet normal 0.000000e+00 -1.000000e+00 0.000000e+00
    outer loop
      vertex   -7.163588e+00 -1.130000e+01 3.968912e+01
      vertex   -7.625000e+00 -1.130000e+01 4.113805e+01
      vertex   -7.964656e+00 -1.130000e+01 4.097966e+01
    endloop
  endfacet
  facet normal -0.000000e+00 -1.000000e+00 0.000000e+00
    outer loop
      vertex   -7.163588e+00 -1.130000e+01 3.968912e+01
      vertex   -7.964656e+00 -1.130000e+01 4.097966e+01
      vertex   -7.618594e+00 -1.130000e+01 3.951388e+01
    endloop
  endfacet
  facet normal 0.000000e+00 -1.000000e+00 0.000000e+00
    outer loop
      vertex   -7.618594e+00 -1.130000e+01 3.951388e+01
      vertex   -7.964656e+00 -1.130000e+01 4.097966e+01
      vertex   -8.326656e+00 -1.130000e+01 4.088266e+01
    endloop
  endfacet
  facet normal -0.000000e+00 -1.000000e+00 0.000000e+00
    outer loop
      vertex   -7.618594e+00 -1.130000e+01 3.951388e+01
      vertex   -8.326656e+00 -1.130000e+01 4.088266e+01
      vertex   -8.092898e+00 -1.130000e+01 3.940085e+01
    endloop
  endfacet
  facet normal -0.000000e+00 -1.000000e+00 0.000000e+00
    outer loop
      vertex   -8.092898e+00 -1.130000e+01 3.940085e+01
      vertex   -8.326656e+00 -1.130000e+01 4.088266e+01
      vertex   -8.578035e+00 -1.130000e+01 3.935204e+01
    endloop
  endfacet
  facet normal 0.000000e+00 -1.000000e+00 0.000000e+00
    outer loop
      vertex   -8.578035e+00 -1.130000e+01 3.935204e+01
      vertex   -8.326656e+00 -1.130000e+01 4.088266e+01
      vertex   -8.700000e+00 -1.130000e+01 4.085000e+01
    endloop
  endfacet
  facet normal 0.000000e+00 -1.000000e+00 0.000000e+00
    outer loop
      vertex   -8.578035e+00 -1.130000e+01 3.935204e+01
      vertex   -8.700000e+00 -1.130000e+01 4.085000e+01
      vertex   -9.065349e+00 -1.130000e+01 3.936833e+01
    endloop
  endfacet
  facet normal 0.000000e+00 -1.000000e+00 0.000000e+00
    outer loop
      vertex   -9.065349e+00 -1.130000e+01 3.936833e+01
      vertex   -8.700000e+00 -1.130000e+01 4.085000e+01
      vertex   -9.073343e+00 -1.130000e+01 4.088266e+01
    endloop
  endfacet
  facet normal 0.000000e+00 -1.000000e+00 0.000000e+00
    outer loop
      vertex   -9.065349e+00 -1.130000e+01 3.936833e+01
      vertex   -9.073343e+00 -1.130000e+01 4.088266e+01
      vertex   -9.546143e+00 -1.130000e+01 3.944943e+01
    endloop
  endfacet
  facet normal 0.000000e+00 -1.000000e+00 0.000000e+00
    outer loop
      vertex   -9.546143e+00 -1.130000e+01 3.944943e+01
      vertex   -9.073343e+00 -1.130000e+01 4.088266e+01
      vertex   -9.435343e+00 -1.130000e+01 4.097966e+01
    endloop
  endfacet
  facet normal 0.000000e+00 -1.000000e+00 0.000000e+00
    outer loop
      vertex   -9.546143e+00 -1.130000e+01 3.944943e+01
      vertex   -9.435343e+00 -1.130000e+01 4.097966e+01
      vertex   -1.001184e+01 -1.130000e+01 3.959389e+01
    endloop
  endfacet
  facet normal 0.000000e+00 -1.000000e+00 0.000000e+00
    outer loop
      vertex   -1.001184e+01 -1.130000e+01 3.959389e+01
      vertex   -9.435343e+00 -1.130000e+01 4.097966e+01
      vertex   -1.045412e+01 -1.130000e+01 3.979913e+01
    endloop
  endfacet
  facet normal 0.000000e+00 -1.000000e+00 0.000000e+00
    outer loop
      vertex   -1.045412e+01 -1.130000e+01 3.979913e+01
      vertex   -9.435343e+00 -1.130000e+01 4.097966e+01
      vertex   -9.775000e+00 -1.130000e+01 4.113805e+01
    endloop
  endfacet
  facet normal 0.000000e+00 -1.000000e+00 0.000000e+00
    outer loop
      vertex   -1.045412e+01 -1.130000e+01 3.979913e+01
      vertex   -9.775000e+00 -1.130000e+01 4.113805e+01
      vertex   -1.086511e+01 -1.130000e+01 4.006150e+01
    endloop
  endfacet
  facet normal 0.000000e+00 -1.000000e+00 0.000000e+00
    outer loop
      vertex   -1.086511e+01 -1.130000e+01 4.006150e+01
      vertex   -9.775000e+00 -1.130000e+01 4.113805e+01
      vertex   -1.008199e+01 -1.130000e+01 4.135301e+01
    endloop
  endfacet
  facet normal 0.000000e+00 -1.000000e+00 0.000000e+00
    outer loop
      vertex   -1.086511e+01 -1.130000e+01 4.006150e+01
      vertex   -1.008199e+01 -1.130000e+01 4.135301e+01
      vertex   -1.123745e+01 -1.130000e+01 4.037630e+01
    endloop
  endfacet
  facet normal 0.000000e+00 -1.000000e+00 0.000000e+00
    outer loop
      vertex   -1.123745e+01 -1.130000e+01 4.037630e+01
      vertex   -1.008199e+01 -1.130000e+01 4.135301e+01
      vertex   -1.034700e+01 -1.130000e+01 4.161801e+01
    endloop
  endfacet
  facet normal 0.000000e+00 -1.000000e+00 0.000000e+00
    outer loop
      vertex   -1.123745e+01 -1.130000e+01 4.037630e+01
      vertex   -1.034700e+01 -1.130000e+01 4.161801e+01
      vertex   -1.156452e+01 -1.130000e+01 4.073791e+01
    endloop
  endfacet
  facet normal 0.000000e+00 -1.000000e+00 0.000000e+00
    outer loop
      vertex   -1.156452e+01 -1.130000e+01 4.073791e+01
      vertex   -1.034700e+01 -1.130000e+01 4.161801e+01
      vertex   -1.056195e+01 -1.130000e+01 4.192500e+01
    endloop
  endfacet
  facet normal 0.000000e+00 -1.000000e+00 0.000000e+00
    outer loop
      vertex   -1.156452e+01 -1.130000e+01 4.073791e+01
      vertex   -1.056195e+01 -1.130000e+01 4.192500e+01
      vertex   -1.184047e+01 -1.130000e+01 4.113990e+01
    endloop
  endfacet
  facet normal 0.000000e+00 -1.000000e+00 0.000000e+00
    outer loop
      vertex   -1.184047e+01 -1.130000e+01 4.113990e+01
      vertex   -1.056195e+01 -1.130000e+01 4.192500e+01
      vertex   -1.206037e+01 -1.130000e+01 4.157508e+01
    endloop
  endfacet
  facet normal 0.000000e+00 -1.000000e+00 0.000000e+00
    outer loop
      vertex   -1.206037e+01 -1.130000e+01 4.157508e+01
      vertex   -1.056195e+01 -1.130000e+01 4.192500e+01
      vertex   -1.072034e+01 -1.130000e+01 4.226466e+01
    endloop
  endfacet
  facet normal 0.000000e+00 -1.000000e+00 0.000000e+00
    outer loop
      vertex   -1.206037e+01 -1.130000e+01 4.157508e+01
      vertex   -1.072034e+01 -1.130000e+01 4.226466e+01
      vertex   -1.222031e+01 -1.130000e+01 4.203569e+01
    endloop
  endfacet
  facet normal 0.000000e+00 -1.000000e+00 0.000000e+00
    outer loop
      vertex   -1.222031e+01 -1.130000e+01 4.203569e+01
      vertex   -1.072034e+01 -1.130000e+01 4.226466e+01
      vertex   -1.081734e+01 -1.130000e+01 4.262666e+01
    endloop
  endfacet
  facet normal 0.000000e+00 -1.000000e+00 0.000000e+00
    outer loop
      vertex   -1.222031e+01 -1.130000e+01 4.203569e+01
      vertex   -1.081734e+01 -1.130000e+01 4.262666e+01
      vertex   -1.231743e+01 -1.130000e+01 4.251350e+01
    endloop
  endfacet
  facet normal 0.000000e+00 -1.000000e+00 0.000000e+00
    outer loop
      vertex   -1.231743e+01 -1.130000e+01 4.251350e+01
      vertex   -1.081734e+01 -1.130000e+01 4.262666e+01
      vertex   -1.085000e+01 -1.130000e+01 4.300000e+01
    endloop
  endfacet
  facet normal 9.977669e-01 0.000000e+00 -6.679263e-02
    outer loop
      vertex   8.682567e+00 -1.130000e+01 4.348650e+01
      vertex   8.682567e+00 -2.250000e+01 4.348650e+01
      vertex   8.650000e+00 -1.130000e+01 4.300000e+01
    endloop
  endfacet
  facet normal 9.977669e-01 0.000000e+00 -6.679263e-02
    outer loop
      vertex   8.650000e+00 -1.130000e+01 4.300000e+01
      vertex   8.682567e+00 -2.250000e+01 4.348650e+01
      vertex   8.650000e+00 -2.250000e+01 4.300000e+01
    endloop
  endfacet
  facet normal 9.977669e-01 0.000000e+00 6.679263e-02
    outer loop
      vertex   8.650000e+00 -1.130000e+01 4.300000e+01
      vertex   8.650000e+00 -2.250000e+01 4.300000e+01
      vertex   8.682567e+00 -1.130000e+01 4.251351e+01
    endloop
  endfacet
  facet normal 9.977669e-01 0.000000e+00 6.679263e-02
    outer loop
      vertex   8.682567e+00 -1.130000e+01 4.251351e+01
      vertex   8.650000e+00 -2.250000e+01 4.300000e+01
      vertex   8.682567e+00 -2.250000e+01 4.251351e+01
    endloop
  endfacet
  facet normal 9.799617e-01 0.000000e+00 1.991860e-01
    outer loop
      vertex   8.682567e+00 -1.130000e+01 4.251351e+01
      vertex   8.682567e+00 -2.250000e+01 4.251351e+01
      vertex   8.779688e+00 -2.250000e+01 4.203569e+01
    endloop
  endfacet
  facet normal 9.799617e-01 0.000000e+00 -1.991860e-01
    outer loop
      vertex   8.682567e+00 -1.130000e+01 4.348650e+01
      vertex   8.779688e+00 -1.130000e+01 4.396432e+01
      vertex   8.682567e+00 -2.250000e+01 4.348650e+01
    endloop
  endfacet
  facet normal 9.799617e-01 0.000000e+00 -1.991860e-01
    outer loop
      vertex   8.682567e+00 -2.250000e+01 4.348650e+01
      vertex   8.779688e+00 -1.130000e+01 4.396432e+01
      vertex   8.779688e+00 -2.250000e+01 4.396432e+01
    endloop
  endfacet
  facet normal 9.446691e-01 0.000000e+00 -3.280249e-01
    outer loop
      vertex   8.779688e+00 -2.250000e+01 4.396432e+01
      vertex   8.779688e+00 -1.130000e+01 4.396432e+01
      vertex   8.939628e+00 -1.130000e+01 4.442492e+01
    endloop
  endfacet
  facet normal 9.446691e-01 0.000000e+00 -3.280249e-01
    outer loop
      vertex   8.779688e+00 -2.250000e+01 4.396432e+01
      vertex   8.939628e+00 -1.130000e+01 4.442492e+01
      vertex   8.939628e+00 -2.250000e+01 4.442492e+01
    endloop
  endfacet
  facet normal 8.925188e-01 0.000000e+00 -4.510101e-01
    outer loop
      vertex   8.939628e+00 -2.250000e+01 4.442492e+01
      vertex   8.939628e+00 -1.130000e+01 4.442492e+01
      vertex   9.159535e+00 -1.130000e+01 4.486010e+01
    endloop
  endfacet
  facet normal 8.925188e-01 0.000000e+00 -4.510101e-01
    outer loop
      vertex   8.939628e+00 -2.250000e+01 4.442492e+01
      vertex   9.159535e+00 -1.130000e+01 4.486010e+01
      vertex   9.159535e+00 -2.250000e+01 4.486010e+01
    endloop
  endfacet
  facet normal 8.244416e-01 0.000000e+00 -5.659471e-01
    outer loop
      vertex   9.159535e+00 -2.250000e+01 4.486010e+01
      vertex   9.159535e+00 -1.130000e+01 4.486010e+01
      vertex   9.435483e+00 -1.130000e+01 4.526209e+01
    endloop
  endfacet
  facet normal 8.244416e-01 0.000000e+00 -5.659471e-01
    outer loop
      vertex   9.159535e+00 -2.250000e+01 4.486010e+01
      vertex   9.435483e+00 -1.130000e+01 4.526209e+01
      vertex   9.435483e+00 -2.250000e+01 4.526209e+01
    endloop
  endfacet
  facet normal 7.416521e-01 0.000000e+00 -6.707847e-01
    outer loop
      vertex   9.435483e+00 -2.250000e+01 4.526209e+01
      vertex   9.435483e+00 -1.130000e+01 4.526209e+01
      vertex   9.762548e+00 -1.130000e+01 4.562371e+01
    endloop
  endfacet
  facet normal 7.416521e-01 0.000000e+00 -6.707847e-01
    outer loop
      vertex   9.435483e+00 -2.250000e+01 4.526209e+01
      vertex   9.762548e+00 -1.130000e+01 4.562371e+01
      vertex   9.762548e+00 -2.250000e+01 4.562371e+01
    endloop
  endfacet
  facet normal 6.456279e-01 0.000000e+00 -7.636522e-01
    outer loop
      vertex   9.762548e+00 -2.250000e+01 4.562371e+01
      vertex   9.762548e+00 -1.130000e+01 4.562371e+01
      vertex   1.013489e+01 -1.130000e+01 4.593851e+01
    endloop
  endfacet
  facet normal 6.456279e-01 0.000000e+00 -7.636522e-01
    outer loop
      vertex   9.762548e+00 -2.250000e+01 4.562371e+01
      vertex   1.013489e+01 -1.130000e+01 4.593851e+01
      vertex   1.013489e+01 -2.250000e+01 4.593851e+01
    endloop
  endfacet
  facet normal 5.380824e-01 0.000000e+00 -8.428923e-01
    outer loop
      vertex   1.013489e+01 -2.250000e+01 4.593851e+01
      vertex   1.013489e+01 -1.130000e+01 4.593851e+01
      vertex   1.054588e+01 -1.130000e+01 4.620087e+01
    endloop
  endfacet
  facet normal 5.380824e-01 0.000000e+00 -8.428923e-01
    outer loop
      vertex   1.013489e+01 -2.250000e+01 4.593851e+01
      vertex   1.054588e+01 -1.130000e+01 4.620087e+01
      vertex   1.054588e+01 -2.250000e+01 4.620087e+01
    endloop
  endfacet
  facet normal 4.209348e-01 0.000000e+00 -9.070909e-01
    outer loop
      vertex   1.054588e+01 -2.250000e+01 4.620087e+01
      vertex   1.054588e+01 -1.130000e+01 4.620087e+01
      vertex   1.098816e+01 -1.130000e+01 4.640611e+01
    endloop
  endfacet
  facet normal 4.209348e-01 0.000000e+00 -9.070909e-01
    outer loop
      vertex   1.054588e+01 -2.250000e+01 4.620087e+01
      vertex   1.098816e+01 -1.130000e+01 4.640611e+01
      vertex   1.098816e+01 -2.250000e+01 4.640611e+01
    endloop
  endfacet
  facet normal 2.962756e-01 0.000000e+00 -9.551025e-01
    outer loop
      vertex   1.098816e+01 -2.250000e+01 4.640611e+01
      vertex   1.098816e+01 -1.130000e+01 4.640611e+01
      vertex   1.145386e+01 -1.130000e+01 4.655057e+01
    endloop
  endfacet
  facet normal 2.962756e-01 0.000000e+00 -9.551025e-01
    outer loop
      vertex   1.098816e+01 -2.250000e+01 4.640611e+01
      vertex   1.145386e+01 -1.130000e+01 4.655057e+01
      vertex   1.145386e+01 -2.250000e+01 4.655057e+01
    endloop
  endfacet
  facet normal 1.663294e-01 0.000000e+00 -9.860703e-01
    outer loop
      vertex   1.145386e+01 -2.250000e+01 4.655057e+01
      vertex   1.145386e+01 -1.130000e+01 4.655057e+01
      vertex   1.193465e+01 -1.130000e+01 4.663167e+01
    endloop
  endfacet
  facet normal 1.663294e-01 0.000000e+00 -9.860703e-01
    outer loop
      vertex   1.145386e+01 -2.250000e+01 4.655057e+01
      vertex   1.193465e+01 -1.130000e+01 4.663167e+01
      vertex   1.193465e+01 -2.250000e+01 4.663167e+01
    endloop
  endfacet
  facet normal 3.341498e-02 0.000000e+00 -9.994416e-01
    outer loop
      vertex   1.193465e+01 -2.250000e+01 4.663167e+01
      vertex   1.193465e+01 -1.130000e+01 4.663167e+01
      vertex   1.242196e+01 -1.130000e+01 4.664797e+01
    endloop
  endfacet
  facet normal 3.341498e-02 0.000000e+00 -9.994416e-01
    outer loop
      vertex   1.193465e+01 -2.250000e+01 4.663167e+01
      vertex   1.242196e+01 -1.130000e+01 4.664797e+01
      vertex   1.242196e+01 -2.250000e+01 4.664797e+01
    endloop
  endfacet
  facet normal -1.000957e-01 0.000000e+00 -9.949778e-01
    outer loop
      vertex   1.242196e+01 -2.250000e+01 4.664797e+01
      vertex   1.242196e+01 -1.130000e+01 4.664797e+01
      vertex   1.290710e+01 -1.130000e+01 4.659916e+01
    endloop
  endfacet
  facet normal -1.000957e-01 0.000000e+00 -9.949778e-01
    outer loop
      vertex   1.242196e+01 -2.250000e+01 4.664797e+01
      vertex   1.290710e+01 -1.130000e+01 4.659916e+01
      vertex   1.290710e+01 -2.250000e+01 4.659916e+01
    endloop
  endfacet
  facet normal -2.318202e-01 0.000000e+00 -9.727587e-01
    outer loop
      vertex   1.290710e+01 -2.250000e+01 4.659916e+01
      vertex   1.290710e+01 -1.130000e+01 4.659916e+01
      vertex   1.338141e+01 -1.130000e+01 4.648613e+01
    endloop
  endfacet
  facet normal -2.318202e-01 0.000000e+00 -9.727587e-01
    outer loop
      vertex   1.290710e+01 -2.250000e+01 4.659916e+01
      vertex   1.338141e+01 -1.130000e+01 4.648613e+01
      vertex   1.338141e+01 -2.250000e+01 4.648613e+01
    endloop
  endfacet
  facet normal -3.594078e-01 0.000000e+00 -9.331806e-01
    outer loop
      vertex   1.338141e+01 -2.250000e+01 4.648613e+01
      vertex   1.338141e+01 -1.130000e+01 4.648613e+01
      vertex   1.383641e+01 -1.130000e+01 4.631089e+01
    endloop
  endfacet
  facet normal -3.594078e-01 0.000000e+00 -9.331806e-01
    outer loop
      vertex   1.338141e+01 -2.250000e+01 4.648613e+01
      vertex   1.383641e+01 -1.130000e+01 4.631089e+01
      vertex   1.383641e+01 -2.250000e+01 4.631089e+01
    endloop
  endfacet
  facet normal -4.805818e-01 0.000000e+00 -8.769499e-01
    outer loop
      vertex   1.383641e+01 -2.250000e+01 4.631089e+01
      vertex   1.383641e+01 -1.130000e+01 4.631089e+01
      vertex   1.426400e+01 -1.130000e+01 4.607656e+01
    endloop
  endfacet
  facet normal -4.805818e-01 0.000000e+00 -8.769499e-01
    outer loop
      vertex   1.383641e+01 -2.250000e+01 4.631089e+01
      vertex   1.426400e+01 -1.130000e+01 4.607656e+01
      vertex   1.426400e+01 -2.250000e+01 4.607656e+01
    endloop
  endfacet
  facet normal -5.931797e-01 0.000000e+00 -8.050701e-01
    outer loop
      vertex   1.426400e+01 -2.250000e+01 4.607656e+01
      vertex   1.426400e+01 -1.130000e+01 4.607656e+01
      vertex   1.465654e+01 -1.130000e+01 4.578733e+01
    endloop
  endfacet
  facet normal -5.931797e-01 0.000000e+00 -8.050701e-01
    outer loop
      vertex   1.426400e+01 -2.250000e+01 4.607656e+01
      vertex   1.465654e+01 -1.130000e+01 4.578733e+01
      vertex   1.465654e+01 -2.250000e+01 4.578733e+01
    endloop
  endfacet
  facet normal -6.951924e-01 0.000000e+00 -7.188237e-01
    outer loop
      vertex   1.465654e+01 -2.250000e+01 4.578733e+01
      vertex   1.465654e+01 -1.130000e+01 4.578733e+01
      vertex   1.500703e+01 -1.130000e+01 4.544837e+01
    endloop
  endfacet
  facet normal -6.951924e-01 0.000000e+00 -7.188237e-01
    outer loop
      vertex   1.465654e+01 -2.250000e+01 4.578733e+01
      vertex   1.500703e+01 -1.130000e+01 4.544837e+01
      vertex   1.500703e+01 -2.250000e+01 4.544837e+01
    endloop
  endfacet
  facet normal -7.847994e-01 0.000000e+00 -6.197499e-01
    outer loop
      vertex   1.500703e+01 -2.250000e+01 4.544837e+01
      vertex   1.500703e+01 -1.130000e+01 4.544837e+01
      vertex   1.530921e+01 -1.130000e+01 4.506571e+01
    endloop
  endfacet
  facet normal -7.847994e-01 0.000000e+00 -6.197499e-01
    outer loop
      vertex   1.500703e+01 -2.250000e+01 4.544837e+01
      vertex   1.530921e+01 -1.130000e+01 4.506571e+01
      vertex   1.530921e+01 -2.250000e+01 4.506571e+01
    endloop
  endfacet
  facet normal -8.604016e-01 0.000000e+00 -5.096166e-01
    outer loop
      vertex   1.530921e+01 -2.250000e+01 4.506571e+01
      vertex   1.530921e+01 -1.130000e+01 4.506571e+01
      vertex   1.555769e+01 -1.130000e+01 4.464619e+01
    endloop
  endfacet
  facet normal -8.604016e-01 0.000000e+00 -5.096166e-01
    outer loop
      vertex   1.530921e+01 -2.250000e+01 4.506571e+01
      vertex   1.555769e+01 -1.130000e+01 4.464619e+01
      vertex   1.555769e+01 -2.250000e+01 4.464619e+01
    endloop
  endfacet
  facet normal -9.206499e-01 0.000000e+00 -3.903893e-01
    outer loop
      vertex   1.555769e+01 -2.250000e+01 4.464619e+01
      vertex   1.555769e+01 -1.130000e+01 4.464619e+01
      vertex   1.574804e+01 -1.130000e+01 4.419729e+01
    endloop
  endfacet
  facet normal -9.206499e-01 0.000000e+00 -3.903893e-01
    outer loop
      vertex   1.555769e+01 -2.250000e+01 4.464619e+01
      vertex   1.574804e+01 -1.130000e+01 4.419729e+01
      vertex   1.574804e+01 -2.250000e+01 4.419729e+01
    endloop
  endfacet
  facet normal -9.644692e-01 0.000000e+00 -2.641954e-01
    outer loop
      vertex   1.574804e+01 -2.250000e+01 4.419729e+01
      vertex   1.574804e+01 -1.130000e+01 4.419729e+01
      vertex   1.587686e+01 -1.130000e+01 4.372703e+01
    endloop
  endfacet
  facet normal -9.644692e-01 0.000000e+00 -2.641954e-01
    outer loop
      vertex   1.574804e+01 -2.250000e+01 4.419729e+01
      vertex   1.587686e+01 -1.130000e+01 4.372703e+01
      vertex   1.587686e+01 -2.250000e+01 4.372703e+01
    endloop
  endfacet
  facet normal -9.910775e-01 0.000000e+00 -1.332870e-01
    outer loop
      vertex   1.587686e+01 -2.250000e+01 4.372703e+01
      vertex   1.587686e+01 -1.130000e+01 4.372703e+01
      vertex   1.594185e+01 -1.130000e+01 4.324380e+01
    endloop
  endfacet
  facet normal -9.910775e-01 0.000000e+00 -1.332870e-01
    outer loop
      vertex   1.587686e+01 -2.250000e+01 4.372703e+01
      vertex   1.594185e+01 -1.130000e+01 4.324380e+01
      vertex   1.594185e+01 -2.250000e+01 4.324380e+01
    endloop
  endfacet
  facet normal -1.000000e+00 0.000000e+00 0.000000e+00
    outer loop
      vertex   1.594185e+01 -2.250000e+01 4.324380e+01
      vertex   1.594185e+01 -1.130000e+01 4.324380e+01
      vertex   1.594185e+01 -1.130000e+01 4.275621e+01
    endloop
  endfacet
  facet normal -1.000000e+00 0.000000e+00 0.000000e+00
    outer loop
      vertex   1.594185e+01 -2.250000e+01 4.324380e+01
      vertex   1.594185e+01 -1.130000e+01 4.275621e+01
      vertex   1.594185e+01 -2.250000e+01 4.275621e+01
    endloop
  endfacet
  facet normal -9.910775e-01 0.000000e+00 1.332870e-01
    outer loop
      vertex   1.594185e+01 -2.250000e+01 4.275621e+01
      vertex   1.594185e+01 -1.130000e+01 4.275621e+01
      vertex   1.587686e+01 -1.130000e+01 4.227297e+01
    endloop
  endfacet
  facet normal -9.910775e-01 0.000000e+00 1.332870e-01
    outer loop
      vertex   1.594185e+01 -2.250000e+01 4.275621e+01
      vertex   1.587686e+01 -1.130000e+01 4.227297e+01
      vertex   1.587686e+01 -2.250000e+01 4.227297e+01
    endloop
  endfacet
  facet normal -9.644692e-01 0.000000e+00 2.641954e-01
    outer loop
      vertex   1.587686e+01 -2.250000e+01 4.227297e+01
      vertex   1.587686e+01 -1.130000e+01 4.227297e+01
      vertex   1.574804e+01 -1.130000e+01 4.180271e+01
    endloop
  endfacet
  facet normal -9.644692e-01 0.000000e+00 2.641954e-01
    outer loop
      vertex   1.587686e+01 -2.250000e+01 4.227297e+01
      vertex   1.574804e+01 -1.130000e+01 4.180271e+01
      vertex   1.574804e+01 -2.250000e+01 4.180271e+01
    endloop
  endfacet
  facet normal -9.206499e-01 0.000000e+00 3.903893e-01
    outer loop
      vertex   1.574804e+01 -2.250000e+01 4.180271e+01
      vertex   1.574804e+01 -1.130000e+01 4.180271e+01
      vertex   1.555769e+01 -1.130000e+01 4.135382e+01
    endloop
  endfacet
  facet normal -9.206499e-01 0.000000e+00 3.903893e-01
    outer loop
      vertex   1.574804e+01 -2.250000e+01 4.180271e+01
      vertex   1.555769e+01 -1.130000e+01 4.135382e+01
      vertex   1.555769e+01 -2.250000e+01 4.135382e+01
    endloop
  endfacet
  facet normal -8.604016e-01 0.000000e+00 5.096166e-01
    outer loop
      vertex   1.555769e+01 -2.250000e+01 4.135382e+01
      vertex   1.555769e+01 -1.130000e+01 4.135382e+01
      vertex   1.530921e+01 -1.130000e+01 4.093430e+01
    endloop
  endfacet
  facet normal -8.604016e-01 0.000000e+00 5.096166e-01
    outer loop
      vertex   1.555769e+01 -2.250000e+01 4.135382e+01
      vertex   1.530921e+01 -1.130000e+01 4.093430e+01
      vertex   1.530921e+01 -2.250000e+01 4.093430e+01
    endloop
  endfacet
  facet normal -7.847994e-01 0.000000e+00 6.197499e-01
    outer loop
      vertex   1.530921e+01 -2.250000e+01 4.093430e+01
      vertex   1.530921e+01 -1.130000e+01 4.093430e+01
      vertex   1.500703e+01 -1.130000e+01 4.055164e+01
    endloop
  endfacet
  facet normal -7.847994e-01 0.000000e+00 6.197499e-01
    outer loop
      vertex   1.530921e+01 -2.250000e+01 4.093430e+01
      vertex   1.500703e+01 -1.130000e+01 4.055164e+01
      vertex   1.500703e+01 -2.250000e+01 4.055164e+01
    endloop
  endfacet
  facet normal -6.951924e-01 0.000000e+00 7.188237e-01
    outer loop
      vertex   1.500703e+01 -2.250000e+01 4.055164e+01
      vertex   1.500703e+01 -1.130000e+01 4.055164e+01
      vertex   1.465654e+01 -1.130000e+01 4.021267e+01
    endloop
  endfacet
  facet normal -6.951924e-01 0.000000e+00 7.188237e-01
    outer loop
      vertex   1.500703e+01 -2.250000e+01 4.055164e+01
      vertex   1.465654e+01 -1.130000e+01 4.021267e+01
      vertex   1.465654e+01 -2.250000e+01 4.021267e+01
    endloop
  endfacet
  facet normal -5.931797e-01 0.000000e+00 8.050701e-01
    outer loop
      vertex   1.465654e+01 -2.250000e+01 4.021267e+01
      vertex   1.465654e+01 -1.130000e+01 4.021267e+01
      vertex   1.426400e+01 -1.130000e+01 3.992345e+01
    endloop
  endfacet
  facet normal -5.931797e-01 0.000000e+00 8.050701e-01
    outer loop
      vertex   1.465654e+01 -2.250000e+01 4.021267e+01
      vertex   1.426400e+01 -1.130000e+01 3.992345e+01
      vertex   1.426400e+01 -2.250000e+01 3.992345e+01
    endloop
  endfacet
  facet normal -4.805818e-01 0.000000e+00 8.769499e-01
    outer loop
      vertex   1.426400e+01 -2.250000e+01 3.992345e+01
      vertex   1.426400e+01 -1.130000e+01 3.992345e+01
      vertex   1.383641e+01 -1.130000e+01 3.968912e+01
    endloop
  endfacet
  facet normal -4.805818e-01 0.000000e+00 8.769499e-01
    outer loop
      vertex   1.426400e+01 -2.250000e+01 3.992345e+01
      vertex   1.383641e+01 -1.130000e+01 3.968912e+01
      vertex   1.383641e+01 -2.250000e+01 3.968912e+01
    endloop
  endfacet
  facet normal -3.594078e-01 0.000000e+00 9.331806e-01
    outer loop
      vertex   1.383641e+01 -2.250000e+01 3.968912e+01
      vertex   1.383641e+01 -1.130000e+01 3.968912e+01
      vertex   1.338141e+01 -1.130000e+01 3.951388e+01
    endloop
  endfacet
  facet normal -3.594078e-01 0.000000e+00 9.331806e-01
    outer loop
      vertex   1.383641e+01 -2.250000e+01 3.968912e+01
      vertex   1.338141e+01 -1.130000e+01 3.951388e+01
      vertex   1.338141e+01 -2.250000e+01 3.951388e+01
    endloop
  endfacet
  facet normal -2.318202e-01 0.000000e+00 9.727587e-01
    outer loop
      vertex   1.338141e+01 -2.250000e+01 3.951388e+01
      vertex   1.338141e+01 -1.130000e+01 3.951388e+01
      vertex   1.290710e+01 -1.130000e+01 3.940085e+01
    endloop
  endfacet
  facet normal -2.318202e-01 0.000000e+00 9.727587e-01
    outer loop
      vertex   1.338141e+01 -2.250000e+01 3.951388e+01
      vertex   1.290710e+01 -1.130000e+01 3.940085e+01
      vertex   1.290710e+01 -2.250000e+01 3.940085e+01
    endloop
  endfacet
  facet normal -1.000957e-01 0.000000e+00 9.949778e-01
    outer loop
      vertex   1.290710e+01 -2.250000e+01 3.940085e+01
      vertex   1.290710e+01 -1.130000e+01 3.940085e+01
      vertex   1.242196e+01 -1.130000e+01 3.935204e+01
    endloop
  endfacet
  facet normal -1.000957e-01 0.000000e+00 9.949778e-01
    outer loop
      vertex   1.290710e+01 -2.250000e+01 3.940085e+01
      vertex   1.242196e+01 -1.130000e+01 3.935204e+01
      vertex   1.242196e+01 -2.250000e+01 3.935204e+01
    endloop
  endfacet
  facet normal 3.341498e-02 -0.000000e+00 9.994416e-01
    outer loop
      vertex   1.242196e+01 -2.250000e+01 3.935204e+01
      vertex   1.242196e+01 -1.130000e+01 3.935204e+01
      vertex   1.193465e+01 -1.130000e+01 3.936833e+01
    endloop
  endfacet
  facet normal 3.341498e-02 0.000000e+00 9.994416e-01
    outer loop
      vertex   1.242196e+01 -2.250000e+01 3.935204e+01
      vertex   1.193465e+01 -1.130000e+01 3.936833e+01
      vertex   1.193465e+01 -2.250000e+01 3.936833e+01
    endloop
  endfacet
  facet normal 1.663294e-01 -0.000000e+00 9.860703e-01
    outer loop
      vertex   1.193465e+01 -2.250000e+01 3.936833e+01
      vertex   1.193465e+01 -1.130000e+01 3.936833e+01
      vertex   1.145386e+01 -1.130000e+01 3.944943e+01
    endloop
  endfacet
  facet normal 1.663294e-01 0.000000e+00 9.860703e-01
    outer loop
      vertex   1.193465e+01 -2.250000e+01 3.936833e+01
      vertex   1.145386e+01 -1.130000e+01 3.944943e+01
      vertex   1.145386e+01 -2.250000e+01 3.944943e+01
    endloop
  endfacet
  facet normal 2.962756e-01 -0.000000e+00 9.551025e-01
    outer loop
      vertex   1.145386e+01 -2.250000e+01 3.944943e+01
      vertex   1.145386e+01 -1.130000e+01 3.944943e+01
      vertex   1.098816e+01 -1.130000e+01 3.959389e+01
    endloop
  endfacet
  facet normal 2.962756e-01 0.000000e+00 9.551025e-01
    outer loop
      vertex   1.145386e+01 -2.250000e+01 3.944943e+01
      vertex   1.098816e+01 -1.130000e+01 3.959389e+01
      vertex   1.098816e+01 -2.250000e+01 3.959389e+01
    endloop
  endfacet
  facet normal 4.209348e-01 -0.000000e+00 9.070909e-01
    outer loop
      vertex   1.098816e+01 -2.250000e+01 3.959389e+01
      vertex   1.098816e+01 -1.130000e+01 3.959389e+01
      vertex   1.054588e+01 -1.130000e+01 3.979914e+01
    endloop
  endfacet
  facet normal 4.209348e-01 0.000000e+00 9.070909e-01
    outer loop
      vertex   1.098816e+01 -2.250000e+01 3.959389e+01
      vertex   1.054588e+01 -1.130000e+01 3.979914e+01
      vertex   1.054588e+01 -2.250000e+01 3.979914e+01
    endloop
  endfacet
  facet normal 5.380824e-01 -0.000000e+00 8.428923e-01
    outer loop
      vertex   1.054588e+01 -2.250000e+01 3.979914e+01
      vertex   1.054588e+01 -1.130000e+01 3.979914e+01
      vertex   1.013489e+01 -1.130000e+01 4.006150e+01
    endloop
  endfacet
  facet normal 5.380824e-01 0.000000e+00 8.428923e-01
    outer loop
      vertex   1.054588e+01 -2.250000e+01 3.979914e+01
      vertex   1.013489e+01 -1.130000e+01 4.006150e+01
      vertex   1.013489e+01 -2.250000e+01 4.006150e+01
    endloop
  endfacet
  facet normal 6.456279e-01 -0.000000e+00 7.636522e-01
    outer loop
      vertex   1.013489e+01 -2.250000e+01 4.006150e+01
      vertex   1.013489e+01 -1.130000e+01 4.006150e+01
      vertex   9.762548e+00 -1.130000e+01 4.037630e+01
    endloop
  endfacet
  facet normal 6.456279e-01 0.000000e+00 7.636522e-01
    outer loop
      vertex   1.013489e+01 -2.250000e+01 4.006150e+01
      vertex   9.762548e+00 -1.130000e+01 4.037630e+01
      vertex   9.762548e+00 -2.250000e+01 4.037630e+01
    endloop
  endfacet
  facet normal 7.416521e-01 -0.000000e+00 6.707847e-01
    outer loop
      vertex   9.762548e+00 -2.250000e+01 4.037630e+01
      vertex   9.762548e+00 -1.130000e+01 4.037630e+01
      vertex   9.435483e+00 -1.130000e+01 4.073792e+01
    endloop
  endfacet
  facet normal 7.416521e-01 0.000000e+00 6.707847e-01
    outer loop
      vertex   9.762548e+00 -2.250000e+01 4.037630e+01
      vertex   9.435483e+00 -1.130000e+01 4.073792e+01
      vertex   9.435483e+00 -2.250000e+01 4.073792e+01
    endloop
  endfacet
  facet normal 8.244416e-01 -0.000000e+00 5.659471e-01
    outer loop
      vertex   9.435483e+00 -2.250000e+01 4.073792e+01
      vertex   9.435483e+00 -1.130000e+01 4.073792e+01
      vertex   9.159535e+00 -1.130000e+01 4.113990e+01
    endloop
  endfacet
  facet normal 8.244416e-01 0.000000e+00 5.659471e-01
    outer loop
      vertex   9.435483e+00 -2.250000e+01 4.073792e+01
      vertex   9.159535e+00 -1.130000e+01 4.113990e+01
      vertex   9.159535e+00 -2.250000e+01 4.113990e+01
    endloop
  endfacet
  facet normal 8.925188e-01 -0.000000e+00 4.510101e-01
    outer loop
      vertex   9.159535e+00 -2.250000e+01 4.113990e+01
      vertex   9.159535e+00 -1.130000e+01 4.113990e+01
      vertex   8.939628e+00 -1.130000e+01 4.157508e+01
    endloop
  endfacet
  facet normal 8.925188e-01 0.000000e+00 4.510101e-01
    outer loop
      vertex   9.159535e+00 -2.250000e+01 4.113990e+01
      vertex   8.939628e+00 -1.130000e+01 4.157508e+01
      vertex   8.939628e+00 -2.250000e+01 4.157508e+01
    endloop
  endfacet
  facet normal 9.446691e-01 -0.000000e+00 3.280249e-01
    outer loop
      vertex   8.939628e+00 -2.250000e+01 4.157508e+01
      vertex   8.939628e+00 -1.130000e+01 4.157508e+01
      vertex   8.779688e+00 -1.130000e+01 4.203569e+01
    endloop
  endfacet
  facet normal 9.446691e-01 0.000000e+00 3.280249e-01
    outer loop
      vertex   8.939628e+00 -2.250000e+01 4.157508e+01
      vertex   8.779688e+00 -1.130000e+01 4.203569e+01
      vertex   8.779688e+00 -2.250000e+01 4.203569e+01
    endloop
  endfacet
  facet normal 9.799617e-01 -0.000000e+00 1.991860e-01
    outer loop
      vertex   8.779688e+00 -2.250000e+01 4.203569e+01
      vertex   8.779688e+00 -1.130000e+01 4.203569e+01
      vertex   8.682567e+00 -1.130000e+01 4.251351e+01
    endloop
  endfacet
  facet normal -0.000000e+00 -1.000000e+00 0.000000e+00
    outer loop
      vertex   1.018266e+01 -1.130000e+01 4.337335e+01
      vertex   8.682567e+00 -1.130000e+01 4.348650e+01
      vertex   1.015000e+01 -1.130000e+01 4.300000e+01
    endloop
  endfacet
  facet normal 0.000000e+00 -1.000000e+00 0.000000e+00
    outer loop
      vertex   1.015000e+01 -1.130000e+01 4.300000e+01
      vertex   8.682567e+00 -1.130000e+01 4.348650e+01
      vertex   8.650000e+00 -1.130000e+01 4.300000e+01
    endloop
  endfacet
  facet normal -0.000000e+00 -1.000000e+00 0.000000e+00
    outer loop
      vertex   1.015000e+01 -1.130000e+01 4.300000e+01
      vertex   8.650000e+00 -1.130000e+01 4.300000e+01
      vertex   8.682567e+00 -1.130000e+01 4.251351e+01
    endloop
  endfacet
  facet normal 0.000000e+00 -1.000000e+00 0.000000e+00
    outer loop
      vertex   8.682567e+00 -1.130000e+01 4.348650e+01
      vertex   1.018266e+01 -1.130000e+01 4.337335e+01
      vertex   8.779688e+00 -1.130000e+01 4.396432e+01
    endloop
  endfacet
  facet normal 0.000000e+00 -1.000000e+00 0.000000e+00
    outer loop
      vertex   8.779688e+00 -1.130000e+01 4.396432e+01
      vertex   1.018266e+01 -1.130000e+01 4.337335e+01
      vertex   1.027966e+01 -1.130000e+01 4.373535e+01
    endloop
  endfacet
  facet normal 0.000000e+00 -1.000000e+00 0.000000e+00
    outer loop
      vertex   8.779688e+00 -1.130000e+01 4.396432e+01
      vertex   1.027966e+01 -1.130000e+01 4.373535e+01
      vertex   8.939628e+00 -1.130000e+01 4.442492e+01
    endloop
  endfacet
  facet normal 0.000000e+00 -1.000000e+00 0.000000e+00
    outer loop
      vertex   8.939628e+00 -1.130000e+01 4.442492e+01
      vertex   1.027966e+01 -1.130000e+01 4.373535e+01
      vertex   1.043805e+01 -1.130000e+01 4.407500e+01
    endloop
  endfacet
  facet normal 0.000000e+00 -1.000000e+00 0.000000e+00
    outer loop
      vertex   8.939628e+00 -1.130000e+01 4.442492e+01
      vertex   1.043805e+01 -1.130000e+01 4.407500e+01
      vertex   9.159535e+00 -1.130000e+01 4.486010e+01
    endloop
  endfacet
  facet normal 0.000000e+00 -1.000000e+00 0.000000e+00
    outer loop
      vertex   9.159535e+00 -1.130000e+01 4.486010e+01
      vertex   1.043805e+01 -1.130000e+01 4.407500e+01
      vertex   9.435483e+00 -1.130000e+01 4.526209e+01
    endloop
  endfacet
  facet normal 0.000000e+00 -1.000000e+00 0.000000e+00
    outer loop
      vertex   9.435483e+00 -1.130000e+01 4.526209e+01
      vertex   1.043805e+01 -1.130000e+01 4.407500e+01
      vertex   1.065300e+01 -1.130000e+01 4.438200e+01
    endloop
  endfacet
  facet normal 0.000000e+00 -1.000000e+00 0.000000e+00
    outer loop
      vertex   9.435483e+00 -1.130000e+01 4.526209e+01
      vertex   1.065300e+01 -1.130000e+01 4.438200e+01
      vertex   9.762548e+00 -1.130000e+01 4.562371e+01
    endloop
  endfacet
  facet normal 0.000000e+00 -1.000000e+00 0.000000e+00
    outer loop
      vertex   9.762548e+00 -1.130000e+01 4.562371e+01
      vertex   1.065300e+01 -1.130000e+01 4.438200e+01
      vertex   1.091801e+01 -1.130000e+01 4.464700e+01
    endloop
  endfacet
  facet normal 0.000000e+00 -1.000000e+00 0.000000e+00
    outer loop
      vertex   9.762548e+00 -1.130000e+01 4.562371e+01
      vertex   1.091801e+01 -1.130000e+01 4.464700e+01
      vertex   1.013489e+01 -1.130000e+01 4.593851e+01
    endloop
  endfacet
  facet normal 0.000000e+00 -1.000000e+00 0.000000e+00
    outer loop
      vertex   1.013489e+01 -1.130000e+01 4.593851e+01
      vertex   1.091801e+01 -1.130000e+01 4.464700e+01
      vertex   1.122500e+01 -1.130000e+01 4.486196e+01
    endloop
  endfacet
  facet normal 0.000000e+00 -1.000000e+00 0.000000e+00
    outer loop
      vertex   1.013489e+01 -1.130000e+01 4.593851e+01
      vertex   1.122500e+01 -1.130000e+01 4.486196e+01
      vertex   1.054588e+01 -1.130000e+01 4.620087e+01
    endloop
  endfacet
  facet normal 0.000000e+00 -1.000000e+00 0.000000e+00
    outer loop
      vertex   1.054588e+01 -1.130000e+01 4.620087e+01
      vertex   1.122500e+01 -1.130000e+01 4.486196e+01
      vertex   1.156466e+01 -1.130000e+01 4.502034e+01
    endloop
  endfacet
  facet normal 0.000000e+00 -1.000000e+00 0.000000e+00
    outer loop
      vertex   1.054588e+01 -1.130000e+01 4.620087e+01
      vertex   1.156466e+01 -1.130000e+01 4.502034e+01
      vertex   1.098816e+01 -1.130000e+01 4.640611e+01
    endloop
  endfacet
  facet normal 0.000000e+00 -1.000000e+00 0.000000e+00
    outer loop
      vertex   1.098816e+01 -1.130000e+01 4.640611e+01
      vertex   1.156466e+01 -1.130000e+01 4.502034e+01
      vertex   1.145386e+01 -1.130000e+01 4.655057e+01
    endloop
  endfacet
  facet normal 0.000000e+00 -1.000000e+00 0.000000e+00
    outer loop
      vertex   1.145386e+01 -1.130000e+01 4.655057e+01
      vertex   1.156466e+01 -1.130000e+01 4.502034e+01
      vertex   1.192666e+01 -1.130000e+01 4.511734e+01
    endloop
  endfacet
  facet normal 0.000000e+00 -1.000000e+00 0.000000e+00
    outer loop
      vertex   1.145386e+01 -1.130000e+01 4.655057e+01
      vertex   1.192666e+01 -1.130000e+01 4.511734e+01
      vertex   1.193465e+01 -1.130000e+01 4.663167e+01
    endloop
  endfacet
  facet normal 0.000000e+00 -1.000000e+00 -0.000000e+00
    outer loop
      vertex   1.193465e+01 -1.130000e+01 4.663167e+01
      vertex   1.192666e+01 -1.130000e+01 4.511734e+01
      vertex   1.230000e+01 -1.130000e+01 4.515000e+01
    endloop
  endfacet
  facet normal 0.000000e+00 -1.000000e+00 0.000000e+00
    outer loop
      vertex   1.193465e+01 -1.130000e+01 4.663167e+01
      vertex   1.230000e+01 -1.130000e+01 4.515000e+01
      vertex   1.242196e+01 -1.130000e+01 4.664797e+01
    endloop
  endfacet
  facet normal 0.000000e+00 -1.000000e+00 -0.000000e+00
    outer loop
      vertex   1.242196e+01 -1.130000e+01 4.664797e+01
      vertex   1.230000e+01 -1.130000e+01 4.515000e+01
      vertex   1.267334e+01 -1.130000e+01 4.511734e+01
    endloop
  endfacet
  facet normal 0.000000e+00 -1.000000e+00 0.000000e+00
    outer loop
      vertex   1.242196e+01 -1.130000e+01 4.664797e+01
      vertex   1.267334e+01 -1.130000e+01 4.511734e+01
      vertex   1.290710e+01 -1.130000e+01 4.659916e+01
    endloop
  endfacet
  facet normal 0.000000e+00 -1.000000e+00 -0.000000e+00
    outer loop
      vertex   1.290710e+01 -1.130000e+01 4.659916e+01
      vertex   1.267334e+01 -1.130000e+01 4.511734e+01
      vertex   1.338141e+01 -1.130000e+01 4.648613e+01
    endloop
  endfacet
  facet normal 0.000000e+00 -1.000000e+00 0.000000e+00
    outer loop
      vertex   1.338141e+01 -1.130000e+01 4.648613e+01
      vertex   1.267334e+01 -1.130000e+01 4.511734e+01
      vertex   1.303534e+01 -1.130000e+01 4.502034e+01
    endloop
  endfacet
  facet normal 0.000000e+00 -1.000000e+00 -0.000000e+00
    outer loop
      vertex   1.338141e+01 -1.130000e+01 4.648613e+01
      vertex   1.303534e+01 -1.130000e+01 4.502034e+01
      vertex   1.383641e+01 -1.130000e+01 4.631089e+01
    endloop
  endfacet
  facet normal 0.000000e+00 -1.000000e+00 0.000000e+00
    outer loop
      vertex   1.383641e+01 -1.130000e+01 4.631089e+01
      vertex   1.303534e+01 -1.130000e+01 4.502034e+01
      vertex   1.337500e+01 -1.130000e+01 4.486196e+01
    endloop
  endfacet
  facet normal 0.000000e+00 -1.000000e+00 -0.000000e+00
    outer loop
      vertex   1.383641e+01 -1.130000e+01 4.631089e+01
      vertex   1.337500e+01 -1.130000e+01 4.486196e+01
      vertex   1.426400e+01 -1.130000e+01 4.607656e+01
    endloop
  endfacet
  facet normal 0.000000e+00 -1.000000e+00 0.000000e+00
    outer loop
      vertex   1.426400e+01 -1.130000e+01 4.607656e+01
      vertex   1.337500e+01 -1.130000e+01 4.486196e+01
      vertex   1.368199e+01 -1.130000e+01 4.464700e+01
    endloop
  endfacet
  facet normal 0.000000e+00 -1.000000e+00 -0.000000e+00
    outer loop
      vertex   1.426400e+01 -1.130000e+01 4.607656e+01
      vertex   1.368199e+01 -1.130000e+01 4.464700e+01
      vertex   1.465654e+01 -1.130000e+01 4.578733e+01
    endloop
  endfacet
  facet normal 0.000000e+00 -1.000000e+00 -0.000000e+00
    outer loop
      vertex   1.465654e+01 -1.130000e+01 4.578733e+01
      vertex   1.368199e+01 -1.130000e+01 4.464700e+01
      vertex   1.500703e+01 -1.130000e+01 4.544837e+01
    endloop
  endfacet
  facet normal 0.000000e+00 -1.000000e+00 0.000000e+00
    outer loop
      vertex   1.500703e+01 -1.130000e+01 4.544837e+01
      vertex   1.368199e+01 -1.130000e+01 4.464700e+01
      vertex   1.394700e+01 -1.130000e+01 4.438200e+01
    endloop
  endfacet
  facet normal 0.000000e+00 -1.000000e+00 -0.000000e+00
    outer loop
      vertex   1.500703e+01 -1.130000e+01 4.544837e+01
      vertex   1.394700e+01 -1.130000e+01 4.438200e+01
      vertex   1.530921e+01 -1.130000e+01 4.506571e+01
    endloop
  endfacet
  facet normal 0.000000e+00 -1.000000e+00 0.000000e+00
    outer loop
      vertex   1.530921e+01 -1.130000e+01 4.506571e+01
      vertex   1.394700e+01 -1.130000e+01 4.438200e+01
      vertex   1.416195e+01 -1.130000e+01 4.407500e+01
    endloop
  endfacet
  facet normal 0.000000e+00 -1.000000e+00 -0.000000e+00
    outer loop
      vertex   1.530921e+01 -1.130000e+01 4.506571e+01
      vertex   1.416195e+01 -1.130000e+01 4.407500e+01
      vertex   1.555769e+01 -1.130000e+01 4.464619e+01
    endloop
  endfacet
  facet normal 0.000000e+00 -1.000000e+00 0.000000e+00
    outer loop
      vertex   1.555769e+01 -1.130000e+01 4.464619e+01
      vertex   1.416195e+01 -1.130000e+01 4.407500e+01
      vertex   1.432034e+01 -1.130000e+01 4.373535e+01
    endloop
  endfacet
  facet normal 0.000000e+00 -1.000000e+00 -0.000000e+00
    outer loop
      vertex   1.555769e+01 -1.130000e+01 4.464619e+01
      vertex   1.432034e+01 -1.130000e+01 4.373535e+01
      vertex   1.574804e+01 -1.130000e+01 4.419729e+01
    endloop
  endfacet
  facet normal 0.000000e+00 -1.000000e+00 -0.000000e+00
    outer loop
      vertex   1.574804e+01 -1.130000e+01 4.419729e+01
      vertex   1.432034e+01 -1.130000e+01 4.373535e+01
      vertex   1.587686e+01 -1.130000e+01 4.372703e+01
    endloop
  endfacet
  facet normal -0.000000e+00 -1.000000e+00 0.000000e+00
    outer loop
      vertex   1.587686e+01 -1.130000e+01 4.372703e+01
      vertex   1.432034e+01 -1.130000e+01 4.373535e+01
      vertex   1.441734e+01 -1.130000e+01 4.337335e+01
    endloop
  endfacet
  facet normal 0.000000e+00 -1.000000e+00 -0.000000e+00
    outer loop
      vertex   1.587686e+01 -1.130000e+01 4.372703e+01
      vertex   1.441734e+01 -1.130000e+01 4.337335e+01
      vertex   1.594185e+01 -1.130000e+01 4.324380e+01
    endloop
  endfacet
  facet normal -0.000000e+00 -1.000000e+00 0.000000e+00
    outer loop
      vertex   1.594185e+01 -1.130000e+01 4.324380e+01
      vertex   1.441734e+01 -1.130000e+01 4.337335e+01
      vertex   1.445000e+01 -1.130000e+01 4.300000e+01
    endloop
  endfacet
  facet normal 0.000000e+00 -1.000000e+00 -0.000000e+00
    outer loop
      vertex   1.594185e+01 -1.130000e+01 4.324380e+01
      vertex   1.445000e+01 -1.130000e+01 4.300000e+01
      vertex   1.594185e+01 -1.130000e+01 4.275621e+01
    endloop
  endfacet
  facet normal -0.000000e+00 -1.000000e+00 0.000000e+00
    outer loop
      vertex   1.594185e+01 -1.130000e+01 4.275621e+01
      vertex   1.445000e+01 -1.130000e+01 4.300000e+01
      vertex   1.441734e+01 -1.130000e+01 4.262666e+01
    endloop
  endfacet
  facet normal 0.000000e+00 -1.000000e+00 0.000000e+00
    outer loop
      vertex   1.594185e+01 -1.130000e+01 4.275621e+01
      vertex   1.441734e+01 -1.130000e+01 4.262666e+01
      vertex   1.587686e+01 -1.130000e+01 4.227297e+01
    endloop
  endfacet
  facet normal -0.000000e+00 -1.000000e+00 0.000000e+00
    outer loop
      vertex   1.587686e+01 -1.130000e+01 4.227297e+01
      vertex   1.441734e+01 -1.130000e+01 4.262666e+01
      vertex   1.432034e+01 -1.130000e+01 4.226466e+01
    endloop
  endfacet
  facet normal 0.000000e+00 -1.000000e+00 0.000000e+00
    outer loop
      vertex   1.587686e+01 -1.130000e+01 4.227297e+01
      vertex   1.432034e+01 -1.130000e+01 4.226466e+01
      vertex   1.574804e+01 -1.130000e+01 4.180271e+01
    endloop
  endfacet
  facet normal -0.000000e+00 -1.000000e+00 0.000000e+00
    outer loop
      vertex   1.574804e+01 -1.130000e+01 4.180271e+01
      vertex   1.432034e+01 -1.130000e+01 4.226466e+01
      vertex   1.555769e+01 -1.130000e+01 4.135382e+01
    endloop
  endfacet
  facet normal 0.000000e+00 -1.000000e+00 0.000000e+00
    outer loop
      vertex   1.555769e+01 -1.130000e+01 4.135382e+01
      vertex   1.432034e+01 -1.130000e+01 4.226466e+01
      vertex   1.416195e+01 -1.130000e+01 4.192500e+01
    endloop
  endfacet
  facet normal -0.000000e+00 -1.000000e+00 0.000000e+00
    outer loop
      vertex   1.555769e+01 -1.130000e+01 4.135382e+01
      vertex   1.416195e+01 -1.130000e+01 4.192500e+01
      vertex   1.530921e+01 -1.130000e+01 4.093430e+01
    endloop
  endfacet
  facet normal 0.000000e+00 -1.000000e+00 0.000000e+00
    outer loop
      vertex   1.530921e+01 -1.130000e+01 4.093430e+01
      vertex   1.416195e+01 -1.130000e+01 4.192500e+01
      vertex   1.394700e+01 -1.130000e+01 4.161801e+01
    endloop
  endfacet
  facet normal -0.000000e+00 -1.000000e+00 0.000000e+00
    outer loop
      vertex   1.530921e+01 -1.130000e+01 4.093430e+01
      vertex   1.394700e+01 -1.130000e+01 4.161801e+01
      vertex   1.500703e+01 -1.130000e+01 4.055164e+01
    endloop
  endfacet
  facet normal 0.000000e+00 -1.000000e+00 0.000000e+00
    outer loop
      vertex   1.500703e+01 -1.130000e+01 4.055164e+01
      vertex   1.394700e+01 -1.130000e+01 4.161801e+01
      vertex   1.368199e+01 -1.130000e+01 4.135301e+01
    endloop
  endfacet
  facet normal -0.000000e+00 -1.000000e+00 0.000000e+00
    outer loop
      vertex   1.500703e+01 -1.130000e+01 4.055164e+01
      vertex   1.368199e+01 -1.130000e+01 4.135301e+01
      vertex   1.465654e+01 -1.130000e+01 4.021267e+01
    endloop
  endfacet
  facet normal -0.000000e+00 -1.000000e+00 0.000000e+00
    outer loop
      vertex   1.465654e+01 -1.130000e+01 4.021267e+01
      vertex   1.368199e+01 -1.130000e+01 4.135301e+01
      vertex   1.426400e+01 -1.130000e+01 3.992345e+01
    endloop
  endfacet
  facet normal 0.000000e+00 -1.000000e+00 0.000000e+00
    outer loop
      vertex   1.426400e+01 -1.130000e+01 3.992345e+01
      vertex   1.368199e+01 -1.130000e+01 4.135301e+01
      vertex   1.337500e+01 -1.130000e+01 4.113805e+01
    endloop
  endfacet
  facet normal -0.000000e+00 -1.000000e+00 0.000000e+00
    outer loop
      vertex   1.426400e+01 -1.130000e+01 3.992345e+01
      vertex   1.337500e+01 -1.130000e+01 4.113805e+01
      vertex   1.383641e+01 -1.130000e+01 3.968912e+01
    endloop
  endfacet
  facet normal 0.000000e+00 -1.000000e+00 0.000000e+00
    outer loop
      vertex   1.383641e+01 -1.130000e+01 3.968912e+01
      vertex   1.337500e+01 -1.130000e+01 4.113805e+01
      vertex   1.303534e+01 -1.130000e+01 4.097966e+01
    endloop
  endfacet
  facet normal -0.000000e+00 -1.000000e+00 0.000000e+00
    outer loop
      vertex   1.383641e+01 -1.130000e+01 3.968912e+01
      vertex   1.303534e+01 -1.130000e+01 4.097966e+01
      vertex   1.338141e+01 -1.130000e+01 3.951388e+01
    endloop
  endfacet
  facet normal 0.000000e+00 -1.000000e+00 0.000000e+00
    outer loop
      vertex   1.338141e+01 -1.130000e+01 3.951388e+01
      vertex   1.303534e+01 -1.130000e+01 4.097966e+01
      vertex   1.267334e+01 -1.130000e+01 4.088267e+01
    endloop
  endfacet
  facet normal -0.000000e+00 -1.000000e+00 0.000000e+00
    outer loop
      vertex   1.338141e+01 -1.130000e+01 3.951388e+01
      vertex   1.267334e+01 -1.130000e+01 4.088267e+01
      vertex   1.290710e+01 -1.130000e+01 3.940085e+01
    endloop
  endfacet
  facet normal -0.000000e+00 -1.000000e+00 0.000000e+00
    outer loop
      vertex   1.290710e+01 -1.130000e+01 3.940085e+01
      vertex   1.267334e+01 -1.130000e+01 4.088267e+01
      vertex   1.242196e+01 -1.130000e+01 3.935204e+01
    endloop
  endfacet
  facet normal 0.000000e+00 -1.000000e+00 0.000000e+00
    outer loop
      vertex   1.242196e+01 -1.130000e+01 3.935204e+01
      vertex   1.267334e+01 -1.130000e+01 4.088267e+01
      vertex   1.230000e+01 -1.130000e+01 4.085000e+01
    endloop
  endfacet
  facet normal 0.000000e+00 -1.000000e+00 0.000000e+00
    outer loop
      vertex   1.242196e+01 -1.130000e+01 3.935204e+01
      vertex   1.230000e+01 -1.130000e+01 4.085000e+01
      vertex   1.193465e+01 -1.130000e+01 3.936833e+01
    endloop
  endfacet
  facet normal 0.000000e+00 -1.000000e+00 0.000000e+00
    outer loop
      vertex   1.193465e+01 -1.130000e+01 3.936833e+01
      vertex   1.230000e+01 -1.130000e+01 4.085000e+01
      vertex   1.192666e+01 -1.130000e+01 4.088267e+01
    endloop
  endfacet
  facet normal 0.000000e+00 -1.000000e+00 0.000000e+00
    outer loop
      vertex   1.193465e+01 -1.130000e+01 3.936833e+01
      vertex   1.192666e+01 -1.130000e+01 4.088267e+01
      vertex   1.145386e+01 -1.130000e+01 3.944943e+01
    endloop
  endfacet
  facet normal 0.000000e+00 -1.000000e+00 0.000000e+00
    outer loop
      vertex   1.145386e+01 -1.130000e+01 3.944943e+01
      vertex   1.192666e+01 -1.130000e+01 4.088267e+01
      vertex   1.156466e+01 -1.130000e+01 4.097966e+01
    endloop
  endfacet
  facet normal 0.000000e+00 -1.000000e+00 0.000000e+00
    outer loop
      vertex   1.145386e+01 -1.130000e+01 3.944943e+01
      vertex   1.156466e+01 -1.130000e+01 4.097966e+01
      vertex   1.098816e+01 -1.130000e+01 3.959389e+01
    endloop
  endfacet
  facet normal 0.000000e+00 -1.000000e+00 0.000000e+00
    outer loop
      vertex   1.098816e+01 -1.130000e+01 3.959389e+01
      vertex   1.156466e+01 -1.130000e+01 4.097966e+01
      vertex   1.054588e+01 -1.130000e+01 3.979914e+01
    endloop
  endfacet
  facet normal 0.000000e+00 -1.000000e+00 0.000000e+00
    outer loop
      vertex   1.054588e+01 -1.130000e+01 3.979914e+01
      vertex   1.156466e+01 -1.130000e+01 4.097966e+01
      vertex   1.122500e+01 -1.130000e+01 4.113805e+01
    endloop
  endfacet
  facet normal 0.000000e+00 -1.000000e+00 0.000000e+00
    outer loop
      vertex   1.054588e+01 -1.130000e+01 3.979914e+01
      vertex   1.122500e+01 -1.130000e+01 4.113805e+01
      vertex   1.013489e+01 -1.130000e+01 4.006150e+01
    endloop
  endfacet
  facet normal 0.000000e+00 -1.000000e+00 0.000000e+00
    outer loop
      vertex   1.013489e+01 -1.130000e+01 4.006150e+01
      vertex   1.122500e+01 -1.130000e+01 4.113805e+01
      vertex   1.091801e+01 -1.130000e+01 4.135301e+01
    endloop
  endfacet
  facet normal 0.000000e+00 -1.000000e+00 0.000000e+00
    outer loop
      vertex   1.013489e+01 -1.130000e+01 4.006150e+01
      vertex   1.091801e+01 -1.130000e+01 4.135301e+01
      vertex   9.762548e+00 -1.130000e+01 4.037630e+01
    endloop
  endfacet
  facet normal 0.000000e+00 -1.000000e+00 0.000000e+00
    outer loop
      vertex   9.762548e+00 -1.130000e+01 4.037630e+01
      vertex   1.091801e+01 -1.130000e+01 4.135301e+01
      vertex   1.065300e+01 -1.130000e+01 4.161801e+01
    endloop
  endfacet
  facet normal 0.000000e+00 -1.000000e+00 0.000000e+00
    outer loop
      vertex   9.762548e+00 -1.130000e+01 4.037630e+01
      vertex   1.065300e+01 -1.130000e+01 4.161801e+01
      vertex   9.435483e+00 -1.130000e+01 4.073792e+01
    endloop
  endfacet
  facet normal 0.000000e+00 -1.000000e+00 0.000000e+00
    outer loop
      vertex   9.435483e+00 -1.130000e+01 4.073792e+01
      vertex   1.065300e+01 -1.130000e+01 4.161801e+01
      vertex   1.043805e+01 -1.130000e+01 4.192500e+01
    endloop
  endfacet
  facet normal 0.000000e+00 -1.000000e+00 0.000000e+00
    outer loop
      vertex   9.435483e+00 -1.130000e+01 4.073792e+01
      vertex   1.043805e+01 -1.130000e+01 4.192500e+01
      vertex   9.159535e+00 -1.130000e+01 4.113990e+01
    endloop
  endfacet
  facet normal 0.000000e+00 -1.000000e+00 0.000000e+00
    outer loop
      vertex   9.159535e+00 -1.130000e+01 4.113990e+01
      vertex   1.043805e+01 -1.130000e+01 4.192500e+01
      vertex   8.939628e+00 -1.130000e+01 4.157508e+01
    endloop
  endfacet
  facet normal 0.000000e+00 -1.000000e+00 0.000000e+00
    outer loop
      vertex   8.939628e+00 -1.130000e+01 4.157508e+01
      vertex   1.043805e+01 -1.130000e+01 4.192500e+01
      vertex   1.027966e+01 -1.130000e+01 4.226466e+01
    endloop
  endfacet
  facet normal 0.000000e+00 -1.000000e+00 0.000000e+00
    outer loop
      vertex   8.939628e+00 -1.130000e+01 4.157508e+01
      vertex   1.027966e+01 -1.130000e+01 4.226466e+01
      vertex   8.779688e+00 -1.130000e+01 4.203569e+01
    endloop
  endfacet
  facet normal 0.000000e+00 -1.000000e+00 0.000000e+00
    outer loop
      vertex   8.779688e+00 -1.130000e+01 4.203569e+01
      vertex   1.027966e+01 -1.130000e+01 4.226466e+01
      vertex   1.018266e+01 -1.130000e+01 4.262666e+01
    endloop
  endfacet
  facet normal 0.000000e+00 -1.000000e+00 0.000000e+00
    outer loop
      vertex   8.779688e+00 -1.130000e+01 4.203569e+01
      vertex   1.018266e+01 -1.130000e+01 4.262666e+01
      vertex   8.682567e+00 -1.130000e+01 4.251351e+01
    endloop
  endfacet
  facet normal 0.000000e+00 -1.000000e+00 0.000000e+00
    outer loop
      vertex   8.682567e+00 -1.130000e+01 4.251351e+01
      vertex   1.018266e+01 -1.130000e+01 4.262666e+01
      vertex   1.015000e+01 -1.130000e+01 4.300000e+01
    endloop
  endfacet
  facet normal 0.000000e+00 7.071068e-01 -7.071068e-01
    outer loop
      vertex   -1.870000e+01 4.699982e+00 3.875000e+01
      vertex   -1.870000e+01 5.699982e+00 3.975000e+01
      vertex   -1.810000e+01 4.699982e+00 3.875000e+01
    endloop
  endfacet
  facet normal 0.000000e+00 7.071068e-01 -7.071068e-01
    outer loop
      vertex   -1.810000e+01 4.699982e+00 3.875000e+01
      vertex   -1.870000e+01 5.699982e+00 3.975000e+01
      vertex   -1.370000e+01 5.699982e+00 3.975000e+01
    endloop
  endfacet
  facet normal 0.000000e+00 7.071068e-01 -7.071068e-01
    outer loop
      vertex   -1.810000e+01 4.699982e+00 3.875000e+01
      vertex   -1.370000e+01 5.699982e+00 3.975000e+01
      vertex   -1.370000e+01 4.699982e+00 3.875000e+01
    endloop
  endfacet
  facet normal 1.000000e+00 0.000000e+00 -0.000000e+00
    outer loop
      vertex   -1.370000e+01 5.699982e+00 3.975000e+01
      vertex   -1.370000e+01 5.699982e+00 4.625000e+01
      vertex   -1.370000e+01 4.699982e+00 3.875000e+01
    endloop
  endfacet
  facet normal 1.000000e+00 0.000000e+00 0.000000e+00
    outer loop
      vertex   -1.370000e+01 4.699982e+00 3.875000e+01
      vertex   -1.370000e+01 5.699982e+00 4.625000e+01
      vertex   -1.370000e+01 4.699982e+00 4.725000e+01
    endloop
  endfacet
  facet normal 0.000000e+00 1.000000e+00 0.000000e+00
    outer loop
      vertex   -1.870000e+01 5.699982e+00 3.975000e+01
      vertex   -1.870000e+01 5.699982e+00 4.625000e+01
      vertex   -1.370000e+01 5.699982e+00 3.975000e+01
    endloop
  endfacet
  facet normal 0.000000e+00 1.000000e+00 -0.000000e+00
    outer loop
      vertex   -1.370000e+01 5.699982e+00 3.975000e+01
      vertex   -1.870000e+01 5.699982e+00 4.625000e+01
      vertex   -1.370000e+01 5.699982e+00 4.625000e+01
    endloop
  endfacet
  facet normal 1.141885e-15 7.071068e-01 7.071068e-01
    outer loop
      vertex   -1.370000e+01 4.699982e+00 4.725000e+01
      vertex   -1.370000e+01 5.699982e+00 4.625000e+01
      vertex   -1.810000e+01 4.699982e+00 4.725000e+01
    endloop
  endfacet
  facet normal 0.000000e+00 7.071068e-01 7.071068e-01
    outer loop
      vertex   -1.810000e+01 4.699982e+00 4.725000e+01
      vertex   -1.370000e+01 5.699982e+00 4.625000e+01
      vertex   -1.870000e+01 5.699982e+00 4.625000e+01
    endloop
  endfacet
  facet normal -8.373826e-15 7.071068e-01 7.071068e-01
    outer loop
      vertex   -1.810000e+01 4.699982e+00 4.725000e+01
      vertex   -1.870000e+01 5.699982e+00 4.625000e+01
      vertex   -1.870000e+01 4.699982e+00 4.725000e+01
    endloop
  endfacet
  facet normal 0.000000e+00 7.071068e-01 -7.071068e-01
    outer loop
      vertex   -3.700000e+00 5.699982e+00 3.975000e+01
      vertex   7.300000e+00 5.699982e+00 3.975000e+01
      vertex   -3.700000e+00 4.699982e+00 3.875000e+01
    endloop
  endfacet
  facet normal 0.000000e+00 7.071068e-01 -7.071068e-01
    outer loop
      vertex   -3.700000e+00 4.699982e+00 3.875000e+01
      vertex   7.300000e+00 5.699982e+00 3.975000e+01
      vertex   7.300000e+00 4.699982e+00 3.875000e+01
    endloop
  endfacet
  facet normal 1.000000e+00 -1.366428e-16 1.366428e-16
    outer loop
      vertex   7.300000e+00 5.699982e+00 3.975000e+01
      vertex   7.300000e+00 5.699982e+00 4.625000e+01
      vertex   7.300000e+00 4.699982e+00 3.875000e+01
    endloop
  endfacet
  facet normal 1.000000e+00 1.044916e-16 1.044916e-16
    outer loop
      vertex   7.300000e+00 4.699982e+00 3.875000e+01
      vertex   7.300000e+00 5.699982e+00 4.625000e+01
      vertex   7.300000e+00 4.699982e+00 4.725000e+01
    endloop
  endfacet
  facet normal 0.000000e+00 1.000000e+00 -0.000000e+00
    outer loop
      vertex   -3.700000e+00 5.699982e+00 3.975000e+01
      vertex   -3.700000e+00 5.699982e+00 4.625000e+01
      vertex   7.300000e+00 5.699982e+00 3.975000e+01
    endloop
  endfacet
  facet normal 0.000000e+00 1.000000e+00 0.000000e+00
    outer loop
      vertex   7.300000e+00 5.699982e+00 3.975000e+01
      vertex   -3.700000e+00 5.699982e+00 4.625000e+01
      vertex   7.300000e+00 5.699982e+00 4.625000e+01
    endloop
  endfacet
  facet normal 0.000000e+00 7.071068e-01 7.071068e-01
    outer loop
      vertex   7.300000e+00 5.699982e+00 4.625000e+01
      vertex   -3.700000e+00 5.699982e+00 4.625000e+01
      vertex   7.300000e+00 4.699982e+00 4.725000e+01
    endloop
  endfacet
  facet normal 0.000000e+00 7.071068e-01 7.071068e-01
    outer loop
      vertex   7.300000e+00 4.699982e+00 4.725000e+01
      vertex   -3.700000e+00 5.699982e+00 4.625000e+01
      vertex   -3.700000e+00 4.699982e+00 4.725000e+01
    endloop
  endfacet
  facet normal 0.000000e+00 7.071068e-01 -7.071068e-01
    outer loop
      vertex   1.730000e+01 4.699982e+00 3.875000e+01
      vertex   1.730000e+01 5.699982e+00 3.975000e+01
      vertex   2.170000e+01 4.699982e+00 3.875000e+01
    endloop
  endfacet
  facet normal 0.000000e+00 7.071068e-01 -7.071068e-01
    outer loop
      vertex   2.170000e+01 4.699982e+00 3.875000e+01
      vertex   1.730000e+01 5.699982e+00 3.975000e+01
      vertex   2.230000e+01 5.699982e+00 3.975000e+01
    endloop
  endfacet
  facet normal 0.000000e+00 7.071068e-01 -7.071068e-01
    outer loop
      vertex   2.170000e+01 4.699982e+00 3.875000e+01
      vertex   2.230000e+01 5.699982e+00 3.975000e+01
      vertex   2.230000e+01 4.699982e+00 3.875000e+01
    endloop
  endfacet
  facet normal 1.000000e+00 0.000000e+00 -0.000000e+00
    outer loop
      vertex   2.230000e+01 4.699982e+00 3.875000e+01
      vertex   2.230000e+01 5.699982e+00 3.975000e+01
      vertex   2.230000e+01 4.099982e+00 3.875000e+01
    endloop
  endfacet
  facet normal 1.000000e+00 0.000000e+00 0.000000e+00
    outer loop
      vertex   2.230000e+01 4.099982e+00 3.875000e+01
      vertex   2.230000e+01 5.699982e+00 3.975000e+01
      vertex   2.230000e+01 4.099982e+00 4.725000e+01
    endloop
  endfacet
  facet normal 1.000000e+00 -5.173859e-16 0.000000e+00
    outer loop
      vertex   2.230000e+01 4.099982e+00 3.875000e+01
      vertex   2.230000e+01 4.099982e+00 4.725000e+01
      vertex   2.230000e+01 -1.650000e+01 3.360000e+01
    endloop
  endfacet
  facet normal 1.000000e+00 -5.173859e-16 0.000000e+00
    outer loop
      vertex   2.230000e+01 -1.650000e+01 3.360000e+01
      vertex   2.230000e+01 4.099982e+00 4.725000e+01
      vertex   2.230000e+01 -1.650000e+01 5.240000e+01
    endloop
  endfacet
  facet normal 1.000000e+00 -5.173859e-16 0.000000e+00
    outer loop
      vertex   2.230000e+01 -1.650000e+01 5.240000e+01
      vertex   2.230000e+01 4.099982e+00 4.725000e+01
      vertex   2.230000e+01 4.099982e+00 5.240000e+01
    endloop
  endfacet
  facet normal 1.000000e+00 0.000000e+00 -0.000000e+00
    outer loop
      vertex   2.230000e+01 5.699982e+00 3.975000e+01
      vertex   2.230000e+01 5.699982e+00 4.625000e+01
      vertex   2.230000e+01 4.099982e+00 4.725000e+01
    endloop
  endfacet
  facet normal 1.000000e+00 -0.000000e+00 0.000000e+00
    outer loop
      vertex   2.230000e+01 4.099982e+00 4.725000e+01
      vertex   2.230000e+01 5.699982e+00 4.625000e+01
      vertex   2.230000e+01 4.699982e+00 4.725000e+01
    endloop
  endfacet
  facet normal 1.000000e+00 -5.173859e-16 2.379449e-31
    outer loop
      vertex   2.230000e+01 -1.650000e+01 3.360000e+01
      vertex   2.230000e+01 4.099982e+00 3.360000e+01
      vertex   2.230000e+01 4.099982e+00 3.875000e+01
    endloop
  endfacet
  facet normal 0.000000e+00 1.000000e+00 0.000000e+00
    outer loop
      vertex   1.730000e+01 5.699982e+00 3.975000e+01
      vertex   1.730000e+01 5.699982e+00 4.625000e+01
      vertex   2.230000e+01 5.699982e+00 3.975000e+01
    endloop
  endfacet
  facet normal 0.000000e+00 1.000000e+00 -0.000000e+00
    outer loop
      vertex   2.230000e+01 5.699982e+00 3.975000e+01
      vertex   1.730000e+01 5.699982e+00 4.625000e+01
      vertex   2.230000e+01 5.699982e+00 4.625000e+01
    endloop
  endfacet
  facet normal -1.000000e+00 0.000000e+00 0.000000e+00
    outer loop
      vertex   1.730000e+01 4.699982e+00 3.875000e+01
      vertex   1.730000e+01 4.699982e+00 4.725000e+01
      vertex   1.730000e+01 5.699982e+00 3.975000e+01
    endloop
  endfacet
  facet normal -1.000000e+00 0.000000e+00 0.000000e+00
    outer loop
      vertex   1.730000e+01 5.699982e+00 3.975000e+01
      vertex   1.730000e+01 4.699982e+00 4.725000e+01
      vertex   1.730000e+01 5.699982e+00 4.625000e+01
    endloop
  endfacet
  facet normal 8.373826e-15 7.071068e-01 7.071068e-01
    outer loop
      vertex   2.230000e+01 4.699982e+00 4.725000e+01
      vertex   2.230000e+01 5.699982e+00 4.625000e+01
      vertex   2.170000e+01 4.699982e+00 4.725000e+01
    endloop
  endfacet
  facet normal 0.000000e+00 7.071068e-01 7.071068e-01
    outer loop
      vertex   2.170000e+01 4.699982e+00 4.725000e+01
      vertex   2.230000e+01 5.699982e+00 4.625000e+01
      vertex   1.730000e+01 5.699982e+00 4.625000e+01
    endloop
  endfacet
  facet normal -1.141885e-15 7.071068e-01 7.071068e-01
    outer loop
      vertex   2.170000e+01 4.699982e+00 4.725000e+01
      vertex   1.730000e+01 5.699982e+00 4.625000e+01
      vertex   1.730000e+01 4.699982e+00 4.725000e+01
    endloop
  endfacet
  facet normal -5.773503e-01 5.773503e-01 5.773503e-01
    outer loop
      vertex   -1.810000e+01 4.099982e+00 5.300000e+01
      vertex   -1.810000e+01 4.699982e+00 5.240000e+01
      vertex   -1.870000e+01 4.099982e+00 5.240000e+01
    endloop
  endfacet
  facet normal -7.071068e-01 7.071068e-01 0.000000e+00
    outer loop
      vertex   -1.870000e+01 4.099982e+00 4.725000e+01
      vertex   -1.870000e+01 4.099982e+00 5.240000e+01
      vertex   -1.810000e+01 4.699982e+00 4.725000e+01
    endloop
  endfacet
  facet normal -7.071068e-01 7.071068e-01 0.000000e+00
    outer loop
      vertex   -1.810000e+01 4.699982e+00 4.725000e+01
      vertex   -1.870000e+01 4.099982e+00 5.240000e+01
      vertex   -1.810000e+01 4.699982e+00 5.240000e+01
    endloop
  endfacet
  facet normal 5.773503e-01 5.773503e-01 5.773503e-01
    outer loop
      vertex   2.170000e+01 4.099982e+00 5.300000e+01
      vertex   2.230000e+01 4.099982e+00 5.240000e+01
      vertex   2.170000e+01 4.699982e+00 5.240000e+01
    endloop
  endfacet
  facet normal 7.071068e-01 7.071068e-01 -0.000000e+00
    outer loop
      vertex   2.170000e+01 4.699982e+00 4.725000e+01
      vertex   2.170000e+01 4.699982e+00 5.240000e+01
      vertex   2.230000e+01 4.099982e+00 4.725000e+01
    endloop
  endfacet
  facet normal 7.071068e-01 7.071068e-01 -0.000000e+00
    outer loop
      vertex   2.230000e+01 4.099982e+00 4.725000e+01
      vertex   2.170000e+01 4.699982e+00 5.240000e+01
      vertex   2.230000e+01 4.099982e+00 5.240000e+01
    endloop
  endfacet
  facet normal -0.000000e+00 7.071068e-01 7.071068e-01
    outer loop
      vertex   -1.810000e+01 4.099982e+00 5.300000e+01
      vertex   2.170000e+01 4.099982e+00 5.300000e+01
      vertex   -1.810000e+01 4.699982e+00 5.240000e+01
    endloop
  endfacet
  facet normal -0.000000e+00 7.071068e-01 7.071068e-01
    outer loop
      vertex   -1.810000e+01 4.699982e+00 5.240000e+01
      vertex   2.170000e+01 4.099982e+00 5.300000e+01
      vertex   2.170000e+01 4.699982e+00 5.240000e+01
    endloop
  endfacet
  facet normal -7.071068e-01 3.658471e-16 7.071068e-01
    outer loop
      vertex   -1.870000e+01 -1.650000e+01 5.240000e+01
      vertex   -1.810000e+01 -1.650000e+01 5.300000e+01
      vertex   -1.870000e+01 4.099982e+00 5.240000e+01
    endloop
  endfacet
  facet normal -7.071068e-01 0.000000e+00 7.071068e-01
    outer loop
      vertex   -1.870000e+01 4.099982e+00 5.240000e+01
      vertex   -1.810000e+01 -1.650000e+01 5.300000e+01
      vertex   -1.810000e+01 4.099982e+00 5.300000e+01
    endloop
  endfacet
  facet normal -7.066218e-01 -3.703248e-02 7.066218e-01
    outer loop
      vertex   -1.870000e+01 -1.650000e+01 5.240000e+01
      vertex   -1.866713e+01 -1.712717e+01 5.240000e+01
      vertex   -1.810000e+01 -1.650000e+01 5.300000e+01
    endloop
  endfacet
  facet normal -7.051683e-01 -3.960140e-02 7.079332e-01
    outer loop
      vertex   -1.810000e+01 -1.650000e+01 5.300000e+01
      vertex   -1.866713e+01 -1.712717e+01 5.240000e+01
      vertex   -1.806605e+01 -1.710461e+01 5.300000e+01
    endloop
  endfacet
  facet normal -7.000241e-01 -1.108729e-01 7.054598e-01
    outer loop
      vertex   -1.806605e+01 -1.710461e+01 5.300000e+01
      vertex   -1.866713e+01 -1.712717e+01 5.240000e+01
      vertex   -1.856889e+01 -1.774747e+01 5.240000e+01
    endloop
  endfacet
  facet normal -6.951330e-01 -1.181079e-01 7.091125e-01
    outer loop
      vertex   -1.806605e+01 -1.710461e+01 5.300000e+01
      vertex   -1.856889e+01 -1.774747e+01 5.240000e+01
      vertex   -1.796461e+01 -1.770161e+01 5.300000e+01
    endloop
  endfacet
  facet normal -6.855483e-01 -1.836921e-01 7.044720e-01
    outer loop
      vertex   -1.796461e+01 -1.770161e+01 5.300000e+01
      vertex   -1.856889e+01 -1.774747e+01 5.240000e+01
      vertex   -1.840634e+01 -1.835410e+01 5.240000e+01
    endloop
  endfacet
  facet normal -6.765915e-01 -1.949227e-01 7.100909e-01
    outer loop
      vertex   -1.796461e+01 -1.770161e+01 5.300000e+01
      vertex   -1.840634e+01 -1.835410e+01 5.240000e+01
      vertex   -1.779697e+01 -1.828351e+01 5.300000e+01
    endloop
  endfacet
  facet normal -6.633427e-01 -2.546334e-01 7.036607e-01
    outer loop
      vertex   -1.779697e+01 -1.828351e+01 5.300000e+01
      vertex   -1.840634e+01 -1.835410e+01 5.240000e+01
      vertex   -1.818127e+01 -1.894042e+01 5.240000e+01
    endloop
  endfacet
  facet normal -6.497855e-01 -2.691499e-01 7.108707e-01
    outer loop
      vertex   -1.779697e+01 -1.828351e+01 5.300000e+01
      vertex   -1.818127e+01 -1.894042e+01 5.240000e+01
      vertex   -1.756523e+01 -1.884297e+01 5.300000e+01
    endloop
  endfacet
  facet normal -6.336504e-01 -3.228610e-01 7.030277e-01
    outer loop
      vertex   -1.756523e+01 -1.884297e+01 5.300000e+01
      vertex   -1.818127e+01 -1.894042e+01 5.240000e+01
      vertex   -1.789615e+01 -1.950000e+01 5.240000e+01
    endloop
  endfacet
  facet normal -6.150482e-01 -3.399251e-01 7.114539e-01
    outer loop
      vertex   -1.756523e+01 -1.884297e+01 5.300000e+01
      vertex   -1.789615e+01 -1.950000e+01 5.240000e+01
      vertex   -1.727231e+01 -1.937297e+01 5.300000e+01
    endloop
  endfacet
  facet normal -5.968065e-01 -3.875707e-01 7.025745e-01
    outer loop
      vertex   -1.727231e+01 -1.937297e+01 5.300000e+01
      vertex   -1.789615e+01 -1.950000e+01 5.240000e+01
      vertex   -1.755410e+01 -2.002671e+01 5.240000e+01
    endloop
  endfacet
  facet normal -5.728008e-01 -4.064239e-01 7.118419e-01
    outer loop
      vertex   -1.727231e+01 -1.937297e+01 5.300000e+01
      vertex   -1.755410e+01 -2.002671e+01 5.240000e+01
      vertex   -1.692189e+01 -1.986684e+01 5.300000e+01
    endloop
  endfacet
  facet normal -5.532339e-01 -4.480000e-01 7.023022e-01
    outer loop
      vertex   -1.692189e+01 -1.986684e+01 5.300000e+01
      vertex   -1.755410e+01 -2.002671e+01 5.240000e+01
      vertex   -1.715887e+01 -2.051478e+01 5.240000e+01
    endloop
  endfacet
  facet normal -5.235477e-01 -4.678708e-01 7.120356e-01
    outer loop
      vertex   -1.692189e+01 -1.986684e+01 5.300000e+01
      vertex   -1.715887e+01 -2.051478e+01 5.240000e+01
      vertex   -1.651838e+01 -2.031838e+01 5.300000e+01
    endloop
  endfacet
  facet normal -5.034378e-01 -5.034378e-01 7.022113e-01
    outer loop
      vertex   -1.651838e+01 -2.031838e+01 5.300000e+01
      vertex   -1.715887e+01 -2.051478e+01 5.240000e+01
      vertex   -1.671478e+01 -2.095887e+01 5.240000e+01
    endloop
  endfacet
  facet normal -4.678708e-01 -5.235477e-01 7.120356e-01
    outer loop
      vertex   -1.651838e+01 -2.031838e+01 5.300000e+01
      vertex   -1.671478e+01 -2.095887e+01 5.240000e+01
      vertex   -1.606684e+01 -2.072189e+01 5.300000e+01
    endloop
  endfacet
  facet normal -4.480000e-01 -5.532339e-01 7.023022e-01
    outer loop
      vertex   -1.606684e+01 -2.072189e+01 5.300000e+01
      vertex   -1.671478e+01 -2.095887e+01 5.240000e+01
      vertex   -1.622671e+01 -2.135410e+01 5.240000e+01
    endloop
  endfacet
  facet normal -4.064239e-01 -5.728008e-01 7.118419e-01
    outer loop
      vertex   -1.606684e+01 -2.072189e+01 5.300000e+01
      vertex   -1.622671e+01 -2.135410e+01 5.240000e+01
      vertex   -1.557297e+01 -2.107231e+01 5.300000e+01
    endloop
  endfacet
  facet normal -3.875707e-01 -5.968065e-01 7.025745e-01
    outer loop
      vertex   -1.557297e+01 -2.107231e+01 5.300000e+01
      vertex   -1.622671e+01 -2.135410e+01 5.240000e+01
      vertex   -1.570000e+01 -2.169615e+01 5.240000e+01
    endloop
  endfacet
  facet normal -3.399251e-01 -6.150482e-01 7.114539e-01
    outer loop
      vertex   -1.557297e+01 -2.107231e+01 5.300000e+01
      vertex   -1.570000e+01 -2.169615e+01 5.240000e+01
      vertex   -1.504297e+01 -2.136523e+01 5.300000e+01
    endloop
  endfacet
  facet normal -3.228610e-01 -6.336504e-01 7.030277e-01
    outer loop
      vertex   -1.504297e+01 -2.136523e+01 5.300000e+01
      vertex   -1.570000e+01 -2.169615e+01 5.240000e+01
      vertex   -1.514042e+01 -2.198127e+01 5.240000e+01
    endloop
  endfacet
  facet normal -2.691499e-01 -6.497855e-01 7.108707e-01
    outer loop
      vertex   -1.504297e+01 -2.136523e+01 5.300000e+01
      vertex   -1.514042e+01 -2.198127e+01 5.240000e+01
      vertex   -1.448351e+01 -2.159697e+01 5.300000e+01
    endloop
  endfacet
  facet normal -2.546334e-01 -6.633427e-01 7.036607e-01
    outer loop
      vertex   -1.448351e+01 -2.159697e+01 5.300000e+01
      vertex   -1.514042e+01 -2.198127e+01 5.240000e+01
      vertex   -1.455410e+01 -2.220634e+01 5.240000e+01
    endloop
  endfacet
  facet normal -1.949227e-01 -6.765915e-01 7.100909e-01
    outer loop
      vertex   -1.448351e+01 -2.159697e+01 5.300000e+01
      vertex   -1.455410e+01 -2.220634e+01 5.240000e+01
      vertex   -1.390161e+01 -2.176461e+01 5.300000e+01
    endloop
  endfacet
  facet normal -1.836921e-01 -6.855483e-01 7.044720e-01
    outer loop
      vertex   -1.390161e+01 -2.176461e+01 5.300000e+01
      vertex   -1.455410e+01 -2.220634e+01 5.240000e+01
      vertex   -1.394747e+01 -2.236889e+01 5.240000e+01
    endloop
  endfacet
  facet normal -1.181079e-01 -6.951330e-01 7.091125e-01
    outer loop
      vertex   -1.390161e+01 -2.176461e+01 5.300000e+01
      vertex   -1.394747e+01 -2.236889e+01 5.240000e+01
      vertex   -1.330461e+01 -2.186605e+01 5.300000e+01
    endloop
  endfacet
  facet normal -1.108729e-01 -7.000241e-01 7.054598e-01
    outer loop
      vertex   -1.330461e+01 -2.186605e+01 5.300000e+01
      vertex   -1.394747e+01 -2.236889e+01 5.240000e+01
      vertex   -1.332717e+01 -2.246713e+01 5.240000e+01
    endloop
  endfacet
  facet normal -3.960140e-02 -7.051683e-01 7.079332e-01
    outer loop
      vertex   -1.330461e+01 -2.186605e+01 5.300000e+01
      vertex   -1.332717e+01 -2.246713e+01 5.240000e+01
      vertex   -1.270000e+01 -2.190000e+01 5.300000e+01
    endloop
  endfacet
  facet normal -3.703248e-02 -7.066218e-01 7.066218e-01
    outer loop
      vertex   -1.270000e+01 -2.190000e+01 5.300000e+01
      vertex   -1.332717e+01 -2.246713e+01 5.240000e+01
      vertex   -1.270000e+01 -2.250000e+01 5.240000e+01
    endloop
  endfacet
  facet normal 1.212761e-15 -7.071068e-01 7.071068e-01
    outer loop
      vertex   -1.270000e+01 -2.250000e+01 5.240000e+01
      vertex   1.630000e+01 -2.250000e+01 5.240000e+01
      vertex   -1.270000e+01 -2.190000e+01 5.300000e+01
    endloop
  endfacet
  facet normal -1.039509e-15 -7.071068e-01 7.071068e-01
    outer loop
      vertex   -1.270000e+01 -2.190000e+01 5.300000e+01
      vertex   1.630000e+01 -2.250000e+01 5.240000e+01
      vertex   1.630000e+01 -2.190000e+01 5.300000e+01
    endloop
  endfacet
  facet normal 3.703248e-02 -7.066218e-01 7.066218e-01
    outer loop
      vertex   1.630000e+01 -2.250000e+01 5.240000e+01
      vertex   1.692717e+01 -2.246713e+01 5.240000e+01
      vertex   1.630000e+01 -2.190000e+01 5.300000e+01
    endloop
  endfacet
  facet normal 3.960140e-02 -7.051683e-01 7.079332e-01
    outer loop
      vertex   1.630000e+01 -2.190000e+01 5.300000e+01
      vertex   1.692717e+01 -2.246713e+01 5.240000e+01
      vertex   1.690461e+01 -2.186605e+01 5.300000e+01
    endloop
  endfacet
  facet normal 1.108729e-01 -7.000241e-01 7.054598e-01
    outer loop
      vertex   1.690461e+01 -2.186605e+01 5.300000e+01
      vertex   1.692717e+01 -2.246713e+01 5.240000e+01
      vertex   1.754747e+01 -2.236889e+01 5.240000e+01
    endloop
  endfacet
  facet normal 1.181079e-01 -6.951330e-01 7.091125e-01
    outer loop
      vertex   1.690461e+01 -2.186605e+01 5.300000e+01
      vertex   1.754747e+01 -2.236889e+01 5.240000e+01
      vertex   1.750161e+01 -2.176461e+01 5.300000e+01
    endloop
  endfacet
  facet normal 1.836921e-01 -6.855483e-01 7.044720e-01
    outer loop
      vertex   1.750161e+01 -2.176461e+01 5.300000e+01
      vertex   1.754747e+01 -2.236889e+01 5.240000e+01
      vertex   1.815410e+01 -2.220634e+01 5.240000e+01
    endloop
  endfacet
  facet normal 1.949227e-01 -6.765915e-01 7.100909e-01
    outer loop
      vertex   1.750161e+01 -2.176461e+01 5.300000e+01
      vertex   1.815410e+01 -2.220634e+01 5.240000e+01
      vertex   1.808351e+01 -2.159697e+01 5.300000e+01
    endloop
  endfacet
  facet normal 2.546334e-01 -6.633427e-01 7.036607e-01
    outer loop
      vertex   1.808351e+01 -2.159697e+01 5.300000e+01
      vertex   1.815410e+01 -2.220634e+01 5.240000e+01
      vertex   1.874042e+01 -2.198127e+01 5.240000e+01
    endloop
  endfacet
  facet normal 2.691499e-01 -6.497855e-01 7.108707e-01
    outer loop
      vertex   1.808351e+01 -2.159697e+01 5.300000e+01
      vertex   1.874042e+01 -2.198127e+01 5.240000e+01
      vertex   1.864297e+01 -2.136523e+01 5.300000e+01
    endloop
  endfacet
  facet normal 3.228610e-01 -6.336504e-01 7.030277e-01
    outer loop
      vertex   1.864297e+01 -2.136523e+01 5.300000e+01
      vertex   1.874042e+01 -2.198127e+01 5.240000e+01
      vertex   1.930000e+01 -2.169615e+01 5.240000e+01
    endloop
  endfacet
  facet normal 3.399251e-01 -6.150482e-01 7.114539e-01
    outer loop
      vertex   1.864297e+01 -2.136523e+01 5.300000e+01
      vertex   1.930000e+01 -2.169615e+01 5.240000e+01
      vertex   1.917297e+01 -2.107231e+01 5.300000e+01
    endloop
  endfacet
  facet normal 3.875707e-01 -5.968065e-01 7.025745e-01
    outer loop
      vertex   1.917297e+01 -2.107231e+01 5.300000e+01
      vertex   1.930000e+01 -2.169615e+01 5.240000e+01
      vertex   1.982671e+01 -2.135410e+01 5.240000e+01
    endloop
  endfacet
  facet normal 4.064239e-01 -5.728008e-01 7.118419e-01
    outer loop
      vertex   1.917297e+01 -2.107231e+01 5.300000e+01
      vertex   1.982671e+01 -2.135410e+01 5.240000e+01
      vertex   1.966685e+01 -2.072189e+01 5.300000e+01
    endloop
  endfacet
  facet normal 4.480000e-01 -5.532339e-01 7.023022e-01
    outer loop
      vertex   1.966685e+01 -2.072189e+01 5.300000e+01
      vertex   1.982671e+01 -2.135410e+01 5.240000e+01
      vertex   2.031478e+01 -2.095887e+01 5.240000e+01
    endloop
  endfacet
  facet normal 4.678708e-01 -5.235477e-01 7.120356e-01
    outer loop
      vertex   1.966685e+01 -2.072189e+01 5.300000e+01
      vertex   2.031478e+01 -2.095887e+01 5.240000e+01
      vertex   2.011838e+01 -2.031838e+01 5.300000e+01
    endloop
  endfacet
  facet normal 5.034378e-01 -5.034378e-01 7.022113e-01
    outer loop
      vertex   2.011838e+01 -2.031838e+01 5.300000e+01
      vertex   2.031478e+01 -2.095887e+01 5.240000e+01
      vertex   2.075887e+01 -2.051478e+01 5.240000e+01
    endloop
  endfacet
  facet normal 5.235477e-01 -4.678708e-01 7.120356e-01
    outer loop
      vertex   2.011838e+01 -2.031838e+01 5.300000e+01
      vertex   2.075887e+01 -2.051478e+01 5.240000e+01
      vertex   2.052189e+01 -1.986684e+01 5.300000e+01
    endloop
  endfacet
  facet normal 5.532339e-01 -4.480000e-01 7.023022e-01
    outer loop
      vertex   2.052189e+01 -1.986684e+01 5.300000e+01
      vertex   2.075887e+01 -2.051478e+01 5.240000e+01
      vertex   2.115410e+01 -2.002671e+01 5.240000e+01
    endloop
  endfacet
  facet normal 5.728008e-01 -4.064239e-01 7.118419e-01
    outer loop
      vertex   2.052189e+01 -1.986684e+01 5.300000e+01
      vertex   2.115410e+01 -2.002671e+01 5.240000e+01
      vertex   2.087231e+01 -1.937297e+01 5.300000e+01
    endloop
  endfacet
  facet normal 5.968065e-01 -3.875707e-01 7.025745e-01
    outer loop
      vertex   2.087231e+01 -1.937297e+01 5.300000e+01
      vertex   2.115410e+01 -2.002671e+01 5.240000e+01
      vertex   2.149615e+01 -1.950000e+01 5.240000e+01
    endloop
  endfacet
  facet normal 6.150482e-01 -3.399251e-01 7.114539e-01
    outer loop
      vertex   2.087231e+01 -1.937297e+01 5.300000e+01
      vertex   2.149615e+01 -1.950000e+01 5.240000e+01
      vertex   2.116523e+01 -1.884297e+01 5.300000e+01
    endloop
  endfacet
  facet normal 6.336504e-01 -3.228610e-01 7.030277e-01
    outer loop
      vertex   2.116523e+01 -1.884297e+01 5.300000e+01
      vertex   2.149615e+01 -1.950000e+01 5.240000e+01
      vertex   2.178127e+01 -1.894042e+01 5.240000e+01
    endloop
  endfacet
  facet normal 6.497855e-01 -2.691499e-01 7.108707e-01
    outer loop
      vertex   2.116523e+01 -1.884297e+01 5.300000e+01
      vertex   2.178127e+01 -1.894042e+01 5.240000e+01
      vertex   2.139697e+01 -1.828351e+01 5.300000e+01
    endloop
  endfacet
  facet normal 6.633427e-01 -2.546334e-01 7.036607e-01
    outer loop
      vertex   2.139697e+01 -1.828351e+01 5.300000e+01
      vertex   2.178127e+01 -1.894042e+01 5.240000e+01
      vertex   2.200634e+01 -1.835410e+01 5.240000e+01
    endloop
  endfacet
  facet normal 6.765915e-01 -1.949227e-01 7.100909e-01
    outer loop
      vertex   2.139697e+01 -1.828351e+01 5.300000e+01
      vertex   2.200634e+01 -1.835410e+01 5.240000e+01
      vertex   2.156461e+01 -1.770161e+01 5.300000e+01
    endloop
  endfacet
  facet normal 6.855483e-01 -1.836921e-01 7.044720e-01
    outer loop
      vertex   2.156461e+01 -1.770161e+01 5.300000e+01
      vertex   2.200634e+01 -1.835410e+01 5.240000e+01
      vertex   2.216889e+01 -1.774747e+01 5.240000e+01
    endloop
  endfacet
  facet normal 6.951330e-01 -1.181079e-01 7.091125e-01
    outer loop
      vertex   2.156461e+01 -1.770161e+01 5.300000e+01
      vertex   2.216889e+01 -1.774747e+01 5.240000e+01
      vertex   2.166605e+01 -1.710461e+01 5.300000e+01
    endloop
  endfacet
  facet normal 7.000241e-01 -1.108729e-01 7.054598e-01
    outer loop
      vertex   2.166605e+01 -1.710461e+01 5.300000e+01
      vertex   2.216889e+01 -1.774747e+01 5.240000e+01
      vertex   2.226713e+01 -1.712717e+01 5.240000e+01
    endloop
  endfacet
  facet normal 7.051683e-01 -3.960140e-02 7.079332e-01
    outer loop
      vertex   2.166605e+01 -1.710461e+01 5.300000e+01
      vertex   2.226713e+01 -1.712717e+01 5.240000e+01
      vertex   2.170000e+01 -1.650000e+01 5.300000e+01
    endloop
  endfacet
  facet normal 7.066218e-01 -3.703248e-02 7.066218e-01
    outer loop
      vertex   2.170000e+01 -1.650000e+01 5.300000e+01
      vertex   2.226713e+01 -1.712717e+01 5.240000e+01
      vertex   2.230000e+01 -1.650000e+01 5.240000e+01
    endloop
  endfacet
  facet normal 7.071068e-01 3.536522e-15 7.071068e-01
    outer loop
      vertex   2.170000e+01 -1.650000e+01 5.300000e+01
      vertex   2.230000e+01 -1.650000e+01 5.240000e+01
      vertex   2.170000e+01 4.099982e+00 5.300000e+01
    endloop
  endfacet
  facet normal 7.071068e-01 1.098812e-15 7.071068e-01
    outer loop
      vertex   2.170000e+01 4.099982e+00 5.300000e+01
      vertex   2.230000e+01 -1.650000e+01 5.240000e+01
      vertex   2.230000e+01 4.099982e+00 5.240000e+01
    endloop
  endfacet
  facet normal 0.000000e+00 1.000000e+00 0.000000e+00
    outer loop
      vertex   7.300000e+00 4.699982e+00 3.875000e+01
      vertex   -1.810000e+01 4.699982e+00 3.360000e+01
      vertex   -3.700000e+00 4.699982e+00 3.875000e+01
    endloop
  endfacet
  facet normal 0.000000e+00 1.000000e+00 0.000000e+00
    outer loop
      vertex   -3.700000e+00 4.699982e+00 3.875000e+01
      vertex   -1.810000e+01 4.699982e+00 3.360000e+01
      vertex   -1.370000e+01 4.699982e+00 3.875000e+01
    endloop
  endfacet
  facet normal 0.000000e+00 1.000000e+00 0.000000e+00
    outer loop
      vertex   -3.700000e+00 4.699982e+00 3.875000e+01
      vertex   -1.370000e+01 4.699982e+00 3.875000e+01
      vertex   -8.700000e+00 4.699982e+00 4.085000e+01
    endloop
  endfacet
  facet normal 0.000000e+00 1.000000e+00 0.000000e+00
    outer loop
      vertex   -8.700000e+00 4.699982e+00 4.085000e+01
      vertex   -1.370000e+01 4.699982e+00 3.875000e+01
      vertex   -9.073343e+00 4.699982e+00 4.088266e+01
    endloop
  endfacet
  facet normal 0.000000e+00 1.000000e+00 0.000000e+00
    outer loop
      vertex   -9.073343e+00 4.699982e+00 4.088266e+01
      vertex   -1.370000e+01 4.699982e+00 3.875000e+01
      vertex   -9.435343e+00 4.699982e+00 4.097966e+01
    endloop
  endfacet
  facet normal 0.000000e+00 1.000000e+00 0.000000e+00
    outer loop
      vertex   -9.435343e+00 4.699982e+00 4.097966e+01
      vertex   -1.370000e+01 4.699982e+00 3.875000e+01
      vertex   -9.775000e+00 4.699982e+00 4.113805e+01
    endloop
  endfacet
  facet normal 0.000000e+00 1.000000e+00 0.000000e+00
    outer loop
      vertex   -9.775000e+00 4.699982e+00 4.113805e+01
      vertex   -1.370000e+01 4.699982e+00 3.875000e+01
      vertex   -1.008199e+01 4.699982e+00 4.135301e+01
    endloop
  endfacet
  facet normal 0.000000e+00 1.000000e+00 0.000000e+00
    outer loop
      vertex   -1.008199e+01 4.699982e+00 4.135301e+01
      vertex   -1.370000e+01 4.699982e+00 3.875000e+01
      vertex   -1.034700e+01 4.699982e+00 4.161801e+01
    endloop
  endfacet
  facet normal 0.000000e+00 1.000000e+00 0.000000e+00
    outer loop
      vertex   -1.034700e+01 4.699982e+00 4.161801e+01
      vertex   -1.370000e+01 4.699982e+00 3.875000e+01
      vertex   -1.056195e+01 4.699982e+00 4.192500e+01
    endloop
  endfacet
  facet normal 0.000000e+00 1.000000e+00 0.000000e+00
    outer loop
      vertex   -1.056195e+01 4.699982e+00 4.192500e+01
      vertex   -1.370000e+01 4.699982e+00 3.875000e+01
      vertex   -1.072034e+01 4.699982e+00 4.226466e+01
    endloop
  endfacet
  facet normal 0.000000e+00 1.000000e+00 0.000000e+00
    outer loop
      vertex   -1.072034e+01 4.699982e+00 4.226466e+01
      vertex   -1.370000e+01 4.699982e+00 3.875000e+01
      vertex   -1.081734e+01 4.699982e+00 4.262666e+01
    endloop
  endfacet
  facet normal 0.000000e+00 1.000000e+00 0.000000e+00
    outer loop
      vertex   -1.081734e+01 4.699982e+00 4.262666e+01
      vertex   -1.370000e+01 4.699982e+00 3.875000e+01
      vertex   -1.085000e+01 4.699982e+00 4.300000e+01
    endloop
  endfacet
  facet normal 0.000000e+00 1.000000e+00 0.000000e+00
    outer loop
      vertex   -1.085000e+01 4.699982e+00 4.300000e+01
      vertex   -1.370000e+01 4.699982e+00 3.875000e+01
      vertex   -1.370000e+01 4.699982e+00 4.725000e+01
    endloop
  endfacet
  facet normal 0.000000e+00 1.000000e+00 -0.000000e+00
    outer loop
      vertex   -1.085000e+01 4.699982e+00 4.300000e+01
      vertex   -1.370000e+01 4.699982e+00 4.725000e+01
      vertex   -1.081734e+01 4.699982e+00 4.337335e+01
    endloop
  endfacet
  facet normal 0.000000e+00 1.000000e+00 -0.000000e+00
    outer loop
      vertex   -1.081734e+01 4.699982e+00 4.337335e+01
      vertex   -1.370000e+01 4.699982e+00 4.725000e+01
      vertex   -1.072034e+01 4.699982e+00 4.373534e+01
    endloop
  endfacet
  facet normal 0.000000e+00 1.000000e+00 -0.000000e+00
    outer loop
      vertex   -1.072034e+01 4.699982e+00 4.373534e+01
      vertex   -1.370000e+01 4.699982e+00 4.725000e+01
      vertex   -1.056195e+01 4.699982e+00 4.407500e+01
    endloop
  endfacet
  facet normal 0.000000e+00 1.000000e+00 -0.000000e+00
    outer loop
      vertex   -1.056195e+01 4.699982e+00 4.407500e+01
      vertex   -1.370000e+01 4.699982e+00 4.725000e+01
      vertex   -1.034700e+01 4.699982e+00 4.438199e+01
    endloop
  endfacet
  facet normal 0.000000e+00 1.000000e+00 -0.000000e+00
    outer loop
      vertex   -1.034700e+01 4.699982e+00 4.438199e+01
      vertex   -1.370000e+01 4.699982e+00 4.725000e+01
      vertex   -1.008199e+01 4.699982e+00 4.464700e+01
    endloop
  endfacet
  facet normal 0.000000e+00 1.000000e+00 -0.000000e+00
    outer loop
      vertex   -1.008199e+01 4.699982e+00 4.464700e+01
      vertex   -1.370000e+01 4.699982e+00 4.725000e+01
      vertex   -9.775000e+00 4.699982e+00 4.486196e+01
    endloop
  endfacet
  facet normal 0.000000e+00 1.000000e+00 -0.000000e+00
    outer loop
      vertex   -9.775000e+00 4.699982e+00 4.486196e+01
      vertex   -1.370000e+01 4.699982e+00 4.725000e+01
      vertex   -9.435343e+00 4.699982e+00 4.502034e+01
    endloop
  endfacet
  facet normal 0.000000e+00 1.000000e+00 -0.000000e+00
    outer loop
      vertex   -9.435343e+00 4.699982e+00 4.502034e+01
      vertex   -1.370000e+01 4.699982e+00 4.725000e+01
      vertex   -9.073343e+00 4.699982e+00 4.511734e+01
    endloop
  endfacet
  facet normal 0.000000e+00 1.000000e+00 -0.000000e+00
    outer loop
      vertex   -9.073343e+00 4.699982e+00 4.511734e+01
      vertex   -1.370000e+01 4.699982e+00 4.725000e+01
      vertex   -8.700000e+00 4.699982e+00 4.515000e+01
    endloop
  endfacet
  facet normal 0.000000e+00 1.000000e+00 -0.000000e+00
    outer loop
      vertex   -8.700000e+00 4.699982e+00 4.515000e+01
      vertex   -1.370000e+01 4.699982e+00 4.725000e+01
      vertex   -3.700000e+00 4.699982e+00 4.725000e+01
    endloop
  endfacet
  facet normal -0.000000e+00 1.000000e+00 0.000000e+00
    outer loop
      vertex   -8.700000e+00 4.699982e+00 4.515000e+01
      vertex   -3.700000e+00 4.699982e+00 4.725000e+01
      vertex   -8.326656e+00 4.699982e+00 4.511734e+01
    endloop
  endfacet
  facet normal -0.000000e+00 1.000000e+00 0.000000e+00
    outer loop
      vertex   -8.326656e+00 4.699982e+00 4.511734e+01
      vertex   -3.700000e+00 4.699982e+00 4.725000e+01
      vertex   -7.964656e+00 4.699982e+00 4.502034e+01
    endloop
  endfacet
  facet normal -0.000000e+00 1.000000e+00 0.000000e+00
    outer loop
      vertex   -7.964656e+00 4.699982e+00 4.502034e+01
      vertex   -3.700000e+00 4.699982e+00 4.725000e+01
      vertex   -7.625000e+00 4.699982e+00 4.486196e+01
    endloop
  endfacet
  facet normal -0.000000e+00 1.000000e+00 0.000000e+00
    outer loop
      vertex   -7.625000e+00 4.699982e+00 4.486196e+01
      vertex   -3.700000e+00 4.699982e+00 4.725000e+01
      vertex   -7.318006e+00 4.699982e+00 4.464700e+01
    endloop
  endfacet
  facet normal -0.000000e+00 1.000000e+00 0.000000e+00
    outer loop
      vertex   -7.318006e+00 4.699982e+00 4.464700e+01
      vertex   -3.700000e+00 4.699982e+00 4.725000e+01
      vertex   -7.053004e+00 4.699982e+00 4.438199e+01
    endloop
  endfacet
  facet normal -0.000000e+00 1.000000e+00 0.000000e+00
    outer loop
      vertex   -7.053004e+00 4.699982e+00 4.438199e+01
      vertex   -3.700000e+00 4.699982e+00 4.725000e+01
      vertex   -6.838045e+00 4.699982e+00 4.407500e+01
    endloop
  endfacet
  facet normal -0.000000e+00 1.000000e+00 0.000000e+00
    outer loop
      vertex   -6.838045e+00 4.699982e+00 4.407500e+01
      vertex   -3.700000e+00 4.699982e+00 4.725000e+01
      vertex   -6.679661e+00 4.699982e+00 4.373534e+01
    endloop
  endfacet
  facet normal -0.000000e+00 1.000000e+00 0.000000e+00
    outer loop
      vertex   -6.679661e+00 4.699982e+00 4.373534e+01
      vertex   -3.700000e+00 4.699982e+00 4.725000e+01
      vertex   -6.582663e+00 4.699982e+00 4.337335e+01
    endloop
  endfacet
  facet normal -0.000000e+00 1.000000e+00 0.000000e+00
    outer loop
      vertex   -6.582663e+00 4.699982e+00 4.337335e+01
      vertex   -3.700000e+00 4.699982e+00 4.725000e+01
      vertex   -6.550000e+00 4.699982e+00 4.300000e+01
    endloop
  endfacet
  facet normal -0.000000e+00 1.000000e+00 0.000000e+00
    outer loop
      vertex   -6.550000e+00 4.699982e+00 4.300000e+01
      vertex   -3.700000e+00 4.699982e+00 4.725000e+01
      vertex   -3.700000e+00 4.699982e+00 3.875000e+01
    endloop
  endfacet
  facet normal 0.000000e+00 1.000000e+00 0.000000e+00
    outer loop
      vertex   -6.550000e+00 4.699982e+00 4.300000e+01
      vertex   -3.700000e+00 4.699982e+00 3.875000e+01
      vertex   -6.582663e+00 4.699982e+00 4.262666e+01
    endloop
  endfacet
  facet normal 0.000000e+00 1.000000e+00 0.000000e+00
    outer loop
      vertex   -6.582663e+00 4.699982e+00 4.262666e+01
      vertex   -3.700000e+00 4.699982e+00 3.875000e+01
      vertex   -6.679661e+00 4.699982e+00 4.226466e+01
    endloop
  endfacet
  facet normal 0.000000e+00 1.000000e+00 0.000000e+00
    outer loop
      vertex   -6.679661e+00 4.699982e+00 4.226466e+01
      vertex   -3.700000e+00 4.699982e+00 3.875000e+01
      vertex   -6.838045e+00 4.699982e+00 4.192500e+01
    endloop
  endfacet
  facet normal 0.000000e+00 1.000000e+00 0.000000e+00
    outer loop
      vertex   -6.838045e+00 4.699982e+00 4.192500e+01
      vertex   -3.700000e+00 4.699982e+00 3.875000e+01
      vertex   -7.053004e+00 4.699982e+00 4.161801e+01
    endloop
  endfacet
  facet normal 0.000000e+00 1.000000e+00 0.000000e+00
    outer loop
      vertex   -7.053004e+00 4.699982e+00 4.161801e+01
      vertex   -3.700000e+00 4.699982e+00 3.875000e+01
      vertex   -7.318006e+00 4.699982e+00 4.135301e+01
    endloop
  endfacet
  facet normal 0.000000e+00 1.000000e+00 0.000000e+00
    outer loop
      vertex   -7.318006e+00 4.699982e+00 4.135301e+01
      vertex   -3.700000e+00 4.699982e+00 3.875000e+01
      vertex   -7.625000e+00 4.699982e+00 4.113805e+01
    endloop
  endfacet
  facet normal 0.000000e+00 1.000000e+00 0.000000e+00
    outer loop
      vertex   -7.625000e+00 4.699982e+00 4.113805e+01
      vertex   -3.700000e+00 4.699982e+00 3.875000e+01
      vertex   -7.964656e+00 4.699982e+00 4.097966e+01
    endloop
  endfacet
  facet normal 0.000000e+00 1.000000e+00 0.000000e+00
    outer loop
      vertex   -7.964656e+00 4.699982e+00 4.097966e+01
      vertex   -3.700000e+00 4.699982e+00 3.875000e+01
      vertex   -8.326656e+00 4.699982e+00 4.088266e+01
    endloop
  endfacet
  facet normal 0.000000e+00 1.000000e+00 0.000000e+00
    outer loop
      vertex   -8.326656e+00 4.699982e+00 4.088266e+01
      vertex   -3.700000e+00 4.699982e+00 3.875000e+01
      vertex   -8.700000e+00 4.699982e+00 4.085000e+01
    endloop
  endfacet
  facet normal 0.000000e+00 1.000000e+00 0.000000e+00
    outer loop
      vertex   7.300000e+00 4.699982e+00 4.725000e+01
      vertex   1.015000e+01 4.699982e+00 4.300000e+01
      vertex   7.300000e+00 4.699982e+00 3.875000e+01
    endloop
  endfacet
  facet normal 0.000000e+00 1.000000e+00 0.000000e+00
    outer loop
      vertex   7.300000e+00 4.699982e+00 3.875000e+01
      vertex   1.015000e+01 4.699982e+00 4.300000e+01
      vertex   1.018266e+01 4.699982e+00 4.262666e+01
    endloop
  endfacet
  facet normal 0.000000e+00 1.000000e+00 0.000000e+00
    outer loop
      vertex   7.300000e+00 4.699982e+00 3.875000e+01
      vertex   1.018266e+01 4.699982e+00 4.262666e+01
      vertex   1.027966e+01 4.699982e+00 4.226466e+01
    endloop
  endfacet
  facet normal 0.000000e+00 1.000000e+00 0.000000e+00
    outer loop
      vertex   -3.700000e+00 4.699982e+00 4.725000e+01
      vertex   2.170000e+01 4.699982e+00 5.240000e+01
      vertex   7.300000e+00 4.699982e+00 4.725000e+01
    endloop
  endfacet
  facet normal 0.000000e+00 1.000000e+00 0.000000e+00
    outer loop
      vertex   7.300000e+00 4.699982e+00 4.725000e+01
      vertex   2.170000e+01 4.699982e+00 5.240000e+01
      vertex   1.730000e+01 4.699982e+00 4.725000e+01
    endloop
  endfacet
  facet normal -0.000000e+00 1.000000e+00 0.000000e+00
    outer loop
      vertex   7.300000e+00 4.699982e+00 4.725000e+01
      vertex   1.730000e+01 4.699982e+00 4.725000e+01
      vertex   1.230000e+01 4.699982e+00 4.515000e+01
    endloop
  endfacet
  facet normal -0.000000e+00 1.000000e+00 0.000000e+00
    outer loop
      vertex   1.230000e+01 4.699982e+00 4.515000e+01
      vertex   1.730000e+01 4.699982e+00 4.725000e+01
      vertex   1.267334e+01 4.699982e+00 4.511734e+01
    endloop
  endfacet
  facet normal -0.000000e+00 1.000000e+00 0.000000e+00
    outer loop
      vertex   1.267334e+01 4.699982e+00 4.511734e+01
      vertex   1.730000e+01 4.699982e+00 4.725000e+01
      vertex   1.303534e+01 4.699982e+00 4.502034e+01
    endloop
  endfacet
  facet normal -0.000000e+00 1.000000e+00 0.000000e+00
    outer loop
      vertex   1.303534e+01 4.699982e+00 4.502034e+01
      vertex   1.730000e+01 4.699982e+00 4.725000e+01
      vertex   1.337500e+01 4.699982e+00 4.486196e+01
    endloop
  endfacet
  facet normal -0.000000e+00 1.000000e+00 0.000000e+00
    outer loop
      vertex   1.337500e+01 4.699982e+00 4.486196e+01
      vertex   1.730000e+01 4.699982e+00 4.725000e+01
      vertex   1.368199e+01 4.699982e+00 4.464700e+01
    endloop
  endfacet
  facet normal -0.000000e+00 1.000000e+00 0.000000e+00
    outer loop
      vertex   1.368199e+01 4.699982e+00 4.464700e+01
      vertex   1.730000e+01 4.699982e+00 4.725000e+01
      vertex   1.394700e+01 4.699982e+00 4.438200e+01
    endloop
  endfacet
  facet normal -0.000000e+00 1.000000e+00 0.000000e+00
    outer loop
      vertex   1.394700e+01 4.699982e+00 4.438200e+01
      vertex   1.730000e+01 4.699982e+00 4.725000e+01
      vertex   1.416195e+01 4.699982e+00 4.407500e+01
    endloop
  endfacet
  facet normal -0.000000e+00 1.000000e+00 0.000000e+00
    outer loop
      vertex   1.416195e+01 4.699982e+00 4.407500e+01
      vertex   1.730000e+01 4.699982e+00 4.725000e+01
      vertex   1.432034e+01 4.699982e+00 4.373535e+01
    endloop
  endfacet
  facet normal -0.000000e+00 1.000000e+00 0.000000e+00
    outer loop
      vertex   1.432034e+01 4.699982e+00 4.373535e+01
      vertex   1.730000e+01 4.699982e+00 4.725000e+01
      vertex   1.441734e+01 4.699982e+00 4.337335e+01
    endloop
  endfacet
  facet normal -0.000000e+00 1.000000e+00 0.000000e+00
    outer loop
      vertex   1.441734e+01 4.699982e+00 4.337335e+01
      vertex   1.730000e+01 4.699982e+00 4.725000e+01
      vertex   1.445000e+01 4.699982e+00 4.300000e+01
    endloop
  endfacet
  facet normal -0.000000e+00 1.000000e+00 0.000000e+00
    outer loop
      vertex   1.445000e+01 4.699982e+00 4.300000e+01
      vertex   1.730000e+01 4.699982e+00 4.725000e+01
      vertex   1.730000e+01 4.699982e+00 3.875000e+01
    endloop
  endfacet
  facet normal 0.000000e+00 1.000000e+00 0.000000e+00
    outer loop
      vertex   1.445000e+01 4.699982e+00 4.300000e+01
      vertex   1.730000e+01 4.699982e+00 3.875000e+01
      vertex   1.441734e+01 4.699982e+00 4.262666e+01
    endloop
  endfacet
  facet normal 0.000000e+00 1.000000e+00 0.000000e+00
    outer loop
      vertex   1.441734e+01 4.699982e+00 4.262666e+01
      vertex   1.730000e+01 4.699982e+00 3.875000e+01
      vertex   1.432034e+01 4.699982e+00 4.226466e+01
    endloop
  endfacet
  facet normal 0.000000e+00 1.000000e+00 0.000000e+00
    outer loop
      vertex   1.432034e+01 4.699982e+00 4.226466e+01
      vertex   1.730000e+01 4.699982e+00 3.875000e+01
      vertex   1.416195e+01 4.699982e+00 4.192500e+01
    endloop
  endfacet
  facet normal 0.000000e+00 1.000000e+00 0.000000e+00
    outer loop
      vertex   1.416195e+01 4.699982e+00 4.192500e+01
      vertex   1.730000e+01 4.699982e+00 3.875000e+01
      vertex   1.394700e+01 4.699982e+00 4.161801e+01
    endloop
  endfacet
  facet normal 0.000000e+00 1.000000e+00 0.000000e+00
    outer loop
      vertex   1.394700e+01 4.699982e+00 4.161801e+01
      vertex   1.730000e+01 4.699982e+00 3.875000e+01
      vertex   1.368199e+01 4.699982e+00 4.135301e+01
    endloop
  endfacet
  facet normal 0.000000e+00 1.000000e+00 0.000000e+00
    outer loop
      vertex   1.368199e+01 4.699982e+00 4.135301e+01
      vertex   1.730000e+01 4.699982e+00 3.875000e+01
      vertex   1.337500e+01 4.699982e+00 4.113805e+01
    endloop
  endfacet
  facet normal 0.000000e+00 1.000000e+00 0.000000e+00
    outer loop
      vertex   1.337500e+01 4.699982e+00 4.113805e+01
      vertex   1.730000e+01 4.699982e+00 3.875000e+01
      vertex   1.303534e+01 4.699982e+00 4.097966e+01
    endloop
  endfacet
  facet normal 0.000000e+00 1.000000e+00 0.000000e+00
    outer loop
      vertex   1.303534e+01 4.699982e+00 4.097966e+01
      vertex   1.730000e+01 4.699982e+00 3.875000e+01
      vertex   1.267334e+01 4.699982e+00 4.088267e+01
    endloop
  endfacet
  facet normal 0.000000e+00 1.000000e+00 0.000000e+00
    outer loop
      vertex   1.267334e+01 4.699982e+00 4.088267e+01
      vertex   1.730000e+01 4.699982e+00 3.875000e+01
      vertex   1.230000e+01 4.699982e+00 4.085000e+01
    endloop
  endfacet
  facet normal 0.000000e+00 1.000000e+00 0.000000e+00
    outer loop
      vertex   1.230000e+01 4.699982e+00 4.085000e+01
      vertex   1.730000e+01 4.699982e+00 3.875000e+01
      vertex   7.300000e+00 4.699982e+00 3.875000e+01
    endloop
  endfacet
  facet normal 0.000000e+00 1.000000e+00 0.000000e+00
    outer loop
      vertex   1.230000e+01 4.699982e+00 4.085000e+01
      vertex   7.300000e+00 4.699982e+00 3.875000e+01
      vertex   1.192666e+01 4.699982e+00 4.088267e+01
    endloop
  endfacet
  facet normal 0.000000e+00 1.000000e+00 0.000000e+00
    outer loop
      vertex   1.192666e+01 4.699982e+00 4.088267e+01
      vertex   7.300000e+00 4.699982e+00 3.875000e+01
      vertex   1.156466e+01 4.699982e+00 4.097966e+01
    endloop
  endfacet
  facet normal 0.000000e+00 1.000000e+00 0.000000e+00
    outer loop
      vertex   1.156466e+01 4.699982e+00 4.097966e+01
      vertex   7.300000e+00 4.699982e+00 3.875000e+01
      vertex   1.122500e+01 4.699982e+00 4.113805e+01
    endloop
  endfacet
  facet normal 0.000000e+00 1.000000e+00 0.000000e+00
    outer loop
      vertex   1.122500e+01 4.699982e+00 4.113805e+01
      vertex   7.300000e+00 4.699982e+00 3.875000e+01
      vertex   1.091801e+01 4.699982e+00 4.135301e+01
    endloop
  endfacet
  facet normal 0.000000e+00 1.000000e+00 0.000000e+00
    outer loop
      vertex   1.091801e+01 4.699982e+00 4.135301e+01
      vertex   7.300000e+00 4.699982e+00 3.875000e+01
      vertex   1.065300e+01 4.699982e+00 4.161801e+01
    endloop
  endfacet
  facet normal 0.000000e+00 1.000000e+00 0.000000e+00
    outer loop
      vertex   1.065300e+01 4.699982e+00 4.161801e+01
      vertex   7.300000e+00 4.699982e+00 3.875000e+01
      vertex   1.043805e+01 4.699982e+00 4.192500e+01
    endloop
  endfacet
  facet normal 0.000000e+00 1.000000e+00 0.000000e+00
    outer loop
      vertex   1.043805e+01 4.699982e+00 4.192500e+01
      vertex   7.300000e+00 4.699982e+00 3.875000e+01
      vertex   1.027966e+01 4.699982e+00 4.226466e+01
    endloop
  endfacet
  facet normal 0.000000e+00 1.000000e+00 0.000000e+00
    outer loop
      vertex   1.230000e+01 4.699982e+00 4.515000e+01
      vertex   1.192666e+01 4.699982e+00 4.511734e+01
      vertex   7.300000e+00 4.699982e+00 4.725000e+01
    endloop
  endfacet
  facet normal 0.000000e+00 1.000000e+00 0.000000e+00
    outer loop
      vertex   7.300000e+00 4.699982e+00 4.725000e+01
      vertex   1.192666e+01 4.699982e+00 4.511734e+01
      vertex   1.156466e+01 4.699982e+00 4.502034e+01
    endloop
  endfacet
  facet normal 0.000000e+00 1.000000e+00 0.000000e+00
    outer loop
      vertex   7.300000e+00 4.699982e+00 4.725000e+01
      vertex   1.156466e+01 4.699982e+00 4.502034e+01
      vertex   1.122500e+01 4.699982e+00 4.486196e+01
    endloop
  endfacet
  facet normal 0.000000e+00 1.000000e+00 0.000000e+00
    outer loop
      vertex   1.122500e+01 4.699982e+00 4.486196e+01
      vertex   1.091801e+01 4.699982e+00 4.464700e+01
      vertex   7.300000e+00 4.699982e+00 4.725000e+01
    endloop
  endfacet
  facet normal 0.000000e+00 1.000000e+00 0.000000e+00
    outer loop
      vertex   7.300000e+00 4.699982e+00 4.725000e+01
      vertex   1.091801e+01 4.699982e+00 4.464700e+01
      vertex   1.065300e+01 4.699982e+00 4.438200e+01
    endloop
  endfacet
  facet normal 0.000000e+00 1.000000e+00 0.000000e+00
    outer loop
      vertex   7.300000e+00 4.699982e+00 4.725000e+01
      vertex   1.065300e+01 4.699982e+00 4.438200e+01
      vertex   1.043805e+01 4.699982e+00 4.407500e+01
    endloop
  endfacet
  facet normal 0.000000e+00 1.000000e+00 0.000000e+00
    outer loop
      vertex   1.043805e+01 4.699982e+00 4.407500e+01
      vertex   1.027966e+01 4.699982e+00 4.373535e+01
      vertex   7.300000e+00 4.699982e+00 4.725000e+01
    endloop
  endfacet
  facet normal 0.000000e+00 1.000000e+00 0.000000e+00
    outer loop
      vertex   7.300000e+00 4.699982e+00 4.725000e+01
      vertex   1.027966e+01 4.699982e+00 4.373535e+01
      vertex   1.018266e+01 4.699982e+00 4.337335e+01
    endloop
  endfacet
  facet normal 0.000000e+00 1.000000e+00 0.000000e+00
    outer loop
      vertex   7.300000e+00 4.699982e+00 4.725000e+01
      vertex   1.018266e+01 4.699982e+00 4.337335e+01
      vertex   1.015000e+01 4.699982e+00 4.300000e+01
    endloop
  endfacet
  facet normal -0.000000e+00 1.000000e+00 0.000000e+00
    outer loop
      vertex   -1.810000e+01 4.699982e+00 4.725000e+01
      vertex   -1.810000e+01 4.699982e+00 5.240000e+01
      vertex   -1.370000e+01 4.699982e+00 4.725000e+01
    endloop
  endfacet
  facet normal 0.000000e+00 1.000000e+00 -0.000000e+00
    outer loop
      vertex   -1.370000e+01 4.699982e+00 4.725000e+01
      vertex   -1.810000e+01 4.699982e+00 5.240000e+01
      vertex   -3.700000e+00 4.699982e+00 4.725000e+01
    endloop
  endfacet
  facet normal -0.000000e+00 1.000000e+00 0.000000e+00
    outer loop
      vertex   -1.810000e+01 4.699982e+00 5.240000e+01
      vertex   2.170000e+01 4.699982e+00 5.240000e+01
      vertex   -3.700000e+00 4.699982e+00 4.725000e+01
    endloop
  endfacet
  facet normal 0.000000e+00 1.000000e+00 0.000000e+00
    outer loop
      vertex   2.170000e+01 4.699982e+00 5.240000e+01
      vertex   2.170000e+01 4.699982e+00 4.725000e+01
      vertex   1.730000e+01 4.699982e+00 4.725000e+01
    endloop
  endfacet
  facet normal 0.000000e+00 1.000000e+00 0.000000e+00
    outer loop
      vertex   2.170000e+01 4.699982e+00 3.875000e+01
      vertex   2.170000e+01 4.699982e+00 3.360000e+01
      vertex   1.730000e+01 4.699982e+00 3.875000e+01
    endloop
  endfacet
  facet normal 0.000000e+00 1.000000e+00 0.000000e+00
    outer loop
      vertex   1.730000e+01 4.699982e+00 3.875000e+01
      vertex   2.170000e+01 4.699982e+00 3.360000e+01
      vertex   7.300000e+00 4.699982e+00 3.875000e+01
    endloop
  endfacet
  facet normal 0.000000e+00 1.000000e+00 0.000000e+00
    outer loop
      vertex   2.170000e+01 4.699982e+00 3.360000e+01
      vertex   -1.810000e+01 4.699982e+00 3.360000e+01
      vertex   7.300000e+00 4.699982e+00 3.875000e+01
    endloop
  endfacet
  facet normal 0.000000e+00 1.000000e+00 0.000000e+00
    outer loop
      vertex   -1.810000e+01 4.699982e+00 3.360000e+01
      vertex   -1.810000e+01 4.699982e+00 3.875000e+01
      vertex   -1.370000e+01 4.699982e+00 3.875000e+01
    endloop
  endfacet
  facet normal 0.000000e+00 0.000000e+00 1.000000e+00
    outer loop
      vertex   2.170000e+01 4.099982e+00 5.300000e+01
      vertex   -1.810000e+01 4.099982e+00 5.300000e+01
      vertex   2.170000e+01 -1.650000e+01 5.300000e+01
    endloop
  endfacet
  facet normal 0.000000e+00 0.000000e+00 1.000000e+00
    outer loop
      vertex   2.170000e+01 -1.650000e+01 5.300000e+01
      vertex   -1.810000e+01 4.099982e+00 5.300000e+01
      vertex   -1.810000e+01 -1.650000e+01 5.300000e+01
    endloop
  endfacet
  facet normal 0.000000e+00 0.000000e+00 1.000000e+00
    outer loop
      vertex   2.170000e+01 -1.650000e+01 5.300000e+01
      vertex   -1.810000e+01 -1.650000e+01 5.300000e+01
      vertex   1.630000e+01 -2.190000e+01 5.300000e+01
    endloop
  endfacet
  facet normal 0.000000e+00 0.000000e+00 1.000000e+00
    outer loop
      vertex   1.630000e+01 -2.190000e+01 5.300000e+01
      vertex   -1.810000e+01 -1.650000e+01 5.300000e+01
      vertex   -1.270000e+01 -2.190000e+01 5.300000e+01
    endloop
  endfacet
  facet normal 0.000000e+00 0.000000e+00 1.000000e+00
    outer loop
      vertex   -1.270000e+01 -2.190000e+01 5.300000e+01
      vertex   -1.810000e+01 -1.650000e+01 5.300000e+01
      vertex   -1.806605e+01 -1.710461e+01 5.300000e+01
    endloop
  endfacet
  facet normal 0.000000e+00 0.000000e+00 1.000000e+00
    outer loop
      vertex   -1.270000e+01 -2.190000e+01 5.300000e+01
      vertex   -1.806605e+01 -1.710461e+01 5.300000e+01
      vertex   -1.796461e+01 -1.770161e+01 5.300000e+01
    endloop
  endfacet
  facet normal 0.000000e+00 0.000000e+00 1.000000e+00
    outer loop
      vertex   -1.796461e+01 -1.770161e+01 5.300000e+01
      vertex   -1.779697e+01 -1.828351e+01 5.300000e+01
      vertex   -1.270000e+01 -2.190000e+01 5.300000e+01
    endloop
  endfacet
  facet normal 0.000000e+00 0.000000e+00 1.000000e+00
    outer loop
      vertex   -1.270000e+01 -2.190000e+01 5.300000e+01
      vertex   -1.779697e+01 -1.828351e+01 5.300000e+01
      vertex   -1.756523e+01 -1.884297e+01 5.300000e+01
    endloop
  endfacet
  facet normal 0.000000e+00 0.000000e+00 1.000000e+00
    outer loop
      vertex   -1.270000e+01 -2.190000e+01 5.300000e+01
      vertex   -1.756523e+01 -1.884297e+01 5.300000e+01
      vertex   -1.727231e+01 -1.937297e+01 5.300000e+01
    endloop
  endfacet
  facet normal 0.000000e+00 0.000000e+00 1.000000e+00
    outer loop
      vertex   -1.727231e+01 -1.937297e+01 5.300000e+01
      vertex   -1.692189e+01 -1.986684e+01 5.300000e+01
      vertex   -1.270000e+01 -2.190000e+01 5.300000e+01
    endloop
  endfacet
  facet normal 0.000000e+00 0.000000e+00 1.000000e+00
    outer loop
      vertex   -1.270000e+01 -2.190000e+01 5.300000e+01
      vertex   -1.692189e+01 -1.986684e+01 5.300000e+01
      vertex   -1.651838e+01 -2.031838e+01 5.300000e+01
    endloop
  endfacet
  facet normal 0.000000e+00 0.000000e+00 1.000000e+00
    outer loop
      vertex   -1.270000e+01 -2.190000e+01 5.300000e+01
      vertex   -1.651838e+01 -2.031838e+01 5.300000e+01
      vertex   -1.606684e+01 -2.072189e+01 5.300000e+01
    endloop
  endfacet
  facet normal 0.000000e+00 0.000000e+00 1.000000e+00
    outer loop
      vertex   -1.606684e+01 -2.072189e+01 5.300000e+01
      vertex   -1.557297e+01 -2.107231e+01 5.300000e+01
      vertex   -1.270000e+01 -2.190000e+01 5.300000e+01
    endloop
  endfacet
  facet normal 0.000000e+00 0.000000e+00 1.000000e+00
    outer loop
      vertex   -1.270000e+01 -2.190000e+01 5.300000e+01
      vertex   -1.557297e+01 -2.107231e+01 5.300000e+01
      vertex   -1.504297e+01 -2.136523e+01 5.300000e+01
    endloop
  endfacet
  facet normal 0.000000e+00 0.000000e+00 1.000000e+00
    outer loop
      vertex   -1.270000e+01 -2.190000e+01 5.300000e+01
      vertex   -1.504297e+01 -2.136523e+01 5.300000e+01
      vertex   -1.448351e+01 -2.159697e+01 5.300000e+01
    endloop
  endfacet
  facet normal 0.000000e+00 0.000000e+00 1.000000e+00
    outer loop
      vertex   -1.448351e+01 -2.159697e+01 5.300000e+01
      vertex   -1.390161e+01 -2.176461e+01 5.300000e+01
      vertex   -1.270000e+01 -2.190000e+01 5.300000e+01
    endloop
  endfacet
  facet normal 0.000000e+00 0.000000e+00 1.000000e+00
    outer loop
      vertex   -1.270000e+01 -2.190000e+01 5.300000e+01
      vertex   -1.390161e+01 -2.176461e+01 5.300000e+01
      vertex   -1.330461e+01 -2.186605e+01 5.300000e+01
    endloop
  endfacet
  facet normal 0.000000e+00 -0.000000e+00 1.000000e+00
    outer loop
      vertex   1.690461e+01 -2.186605e+01 5.300000e+01
      vertex   1.750161e+01 -2.176461e+01 5.300000e+01
      vertex   1.630000e+01 -2.190000e+01 5.300000e+01
    endloop
  endfacet
  facet normal 0.000000e+00 0.000000e+00 1.000000e+00
    outer loop
      vertex   1.630000e+01 -2.190000e+01 5.300000e+01
      vertex   1.750161e+01 -2.176461e+01 5.300000e+01
      vertex   1.808351e+01 -2.159697e+01 5.300000e+01
    endloop
  endfacet
  facet normal 0.000000e+00 0.000000e+00 1.000000e+00
    outer loop
      vertex   1.630000e+01 -2.190000e+01 5.300000e+01
      vertex   1.808351e+01 -2.159697e+01 5.300000e+01
      vertex   1.864297e+01 -2.136523e+01 5.300000e+01
    endloop
  endfacet
  facet normal 0.000000e+00 -0.000000e+00 1.000000e+00
    outer loop
      vertex   1.864297e+01 -2.136523e+01 5.300000e+01
      vertex   1.917297e+01 -2.107231e+01 5.300000e+01
      vertex   1.630000e+01 -2.190000e+01 5.300000e+01
    endloop
  endfacet
  facet normal 0.000000e+00 0.000000e+00 1.000000e+00
    outer loop
      vertex   1.630000e+01 -2.190000e+01 5.300000e+01
      vertex   1.917297e+01 -2.107231e+01 5.300000e+01
      vertex   1.966685e+01 -2.072189e+01 5.300000e+01
    endloop
  endfacet
  facet normal 0.000000e+00 0.000000e+00 1.000000e+00
    outer loop
      vertex   1.630000e+01 -2.190000e+01 5.300000e+01
      vertex   1.966685e+01 -2.072189e+01 5.300000e+01
      vertex   2.011838e+01 -2.031838e+01 5.300000e+01
    endloop
  endfacet
  facet normal 0.000000e+00 -0.000000e+00 1.000000e+00
    outer loop
      vertex   2.011838e+01 -2.031838e+01 5.300000e+01
      vertex   2.052189e+01 -1.986684e+01 5.300000e+01
      vertex   1.630000e+01 -2.190000e+01 5.300000e+01
    endloop
  endfacet
  facet normal 0.000000e+00 0.000000e+00 1.000000e+00
    outer loop
      vertex   1.630000e+01 -2.190000e+01 5.300000e+01
      vertex   2.052189e+01 -1.986684e+01 5.300000e+01
      vertex   2.087231e+01 -1.937297e+01 5.300000e+01
    endloop
  endfacet
  facet normal 0.000000e+00 0.000000e+00 1.000000e+00
    outer loop
      vertex   1.630000e+01 -2.190000e+01 5.300000e+01
      vertex   2.087231e+01 -1.937297e+01 5.300000e+01
      vertex   2.116523e+01 -1.884297e+01 5.300000e+01
    endloop
  endfacet
  facet normal 0.000000e+00 -0.000000e+00 1.000000e+00
    outer loop
      vertex   2.116523e+01 -1.884297e+01 5.300000e+01
      vertex   2.139697e+01 -1.828351e+01 5.300000e+01
      vertex   1.630000e+01 -2.190000e+01 5.300000e+01
    endloop
  endfacet
  facet normal 0.000000e+00 0.000000e+00 1.000000e+00
    outer loop
      vertex   1.630000e+01 -2.190000e+01 5.300000e+01
      vertex   2.139697e+01 -1.828351e+01 5.300000e+01
      vertex   2.156461e+01 -1.770161e+01 5.300000e+01
    endloop
  endfacet
  facet normal 0.000000e+00 0.000000e+00 1.000000e+00
    outer loop
      vertex   1.630000e+01 -2.190000e+01 5.300000e+01
      vertex   2.156461e+01 -1.770161e+01 5.300000e+01
      vertex   2.166605e+01 -1.710461e+01 5.300000e+01
    endloop
  endfacet
  facet normal 0.000000e+00 -0.000000e+00 1.000000e+00
    outer loop
      vertex   2.166605e+01 -1.710461e+01 5.300000e+01
      vertex   2.170000e+01 -1.650000e+01 5.300000e+01
      vertex   1.630000e+01 -2.190000e+01 5.300000e+01
    endloop
  endfacet
  facet normal 5.773503e-01 5.773503e-01 -5.773503e-01
    outer loop
      vertex   2.170000e+01 4.699982e+00 3.360000e+01
      vertex   2.230000e+01 4.099982e+00 3.360000e+01
      vertex   2.170000e+01 4.099982e+00 3.300000e+01
    endloop
  endfacet
  facet normal -5.773503e-01 5.773503e-01 -5.773503e-01
    outer loop
      vertex   -1.810000e+01 4.699982e+00 3.360000e+01
      vertex   -1.810000e+01 4.099982e+00 3.300000e+01
      vertex   -1.870000e+01 4.099982e+00 3.360000e+01
    endloop
  endfacet
  facet normal -7.071068e-01 -2.195083e-15 -7.071068e-01
    outer loop
      vertex   -1.810000e+01 -1.650000e+01 3.300000e+01
      vertex   -1.870000e+01 -1.650000e+01 3.360000e+01
      vertex   -1.810000e+01 4.099982e+00 3.300000e+01
    endloop
  endfacet
  facet normal -7.071068e-01 -1.829236e-15 -7.071068e-01
    outer loop
      vertex   -1.810000e+01 4.099982e+00 3.300000e+01
      vertex   -1.870000e+01 -1.650000e+01 3.360000e+01
      vertex   -1.870000e+01 4.099982e+00 3.360000e+01
    endloop
  endfacet
  facet normal -3.703248e-02 -7.066218e-01 -7.066218e-01
    outer loop
      vertex   -1.270000e+01 -2.250000e+01 3.360000e+01
      vertex   -1.332717e+01 -2.246713e+01 3.360000e+01
      vertex   -1.270000e+01 -2.190000e+01 3.300000e+01
    endloop
  endfacet
  facet normal -3.960140e-02 -7.051683e-01 -7.079332e-01
    outer loop
      vertex   -1.270000e+01 -2.190000e+01 3.300000e+01
      vertex   -1.332717e+01 -2.246713e+01 3.360000e+01
      vertex   -1.330461e+01 -2.186605e+01 3.300000e+01
    endloop
  endfacet
  facet normal -1.108729e-01 -7.000241e-01 -7.054598e-01
    outer loop
      vertex   -1.330461e+01 -2.186605e+01 3.300000e+01
      vertex   -1.332717e+01 -2.246713e+01 3.360000e+01
      vertex   -1.394747e+01 -2.236889e+01 3.360000e+01
    endloop
  endfacet
  facet normal -1.181079e-01 -6.951330e-01 -7.091125e-01
    outer loop
      vertex   -1.330461e+01 -2.186605e+01 3.300000e+01
      vertex   -1.394747e+01 -2.236889e+01 3.360000e+01
      vertex   -1.390161e+01 -2.176461e+01 3.300000e+01
    endloop
  endfacet
  facet normal -1.836921e-01 -6.855483e-01 -7.044720e-01
    outer loop
      vertex   -1.390161e+01 -2.176461e+01 3.300000e+01
      vertex   -1.394747e+01 -2.236889e+01 3.360000e+01
      vertex   -1.455410e+01 -2.220634e+01 3.360000e+01
    endloop
  endfacet
  facet normal -1.949227e-01 -6.765915e-01 -7.100909e-01
    outer loop
      vertex   -1.390161e+01 -2.176461e+01 3.300000e+01
      vertex   -1.455410e+01 -2.220634e+01 3.360000e+01
      vertex   -1.448351e+01 -2.159697e+01 3.300000e+01
    endloop
  endfacet
  facet normal -2.546334e-01 -6.633427e-01 -7.036607e-01
    outer loop
      vertex   -1.448351e+01 -2.159697e+01 3.300000e+01
      vertex   -1.455410e+01 -2.220634e+01 3.360000e+01
      vertex   -1.514042e+01 -2.198127e+01 3.360000e+01
    endloop
  endfacet
  facet normal -2.691499e-01 -6.497855e-01 -7.108707e-01
    outer loop
      vertex   -1.448351e+01 -2.159697e+01 3.300000e+01
      vertex   -1.514042e+01 -2.198127e+01 3.360000e+01
      vertex   -1.504297e+01 -2.136523e+01 3.300000e+01
    endloop
  endfacet
  facet normal -3.228610e-01 -6.336504e-01 -7.030277e-01
    outer loop
      vertex   -1.504297e+01 -2.136523e+01 3.300000e+01
      vertex   -1.514042e+01 -2.198127e+01 3.360000e+01
      vertex   -1.570000e+01 -2.169615e+01 3.360000e+01
    endloop
  endfacet
  facet normal -3.399251e-01 -6.150482e-01 -7.114539e-01
    outer loop
      vertex   -1.504297e+01 -2.136523e+01 3.300000e+01
      vertex   -1.570000e+01 -2.169615e+01 3.360000e+01
      vertex   -1.557297e+01 -2.107231e+01 3.300000e+01
    endloop
  endfacet
  facet normal -3.875707e-01 -5.968065e-01 -7.025745e-01
    outer loop
      vertex   -1.557297e+01 -2.107231e+01 3.300000e+01
      vertex   -1.570000e+01 -2.169615e+01 3.360000e+01
      vertex   -1.622671e+01 -2.135410e+01 3.360000e+01
    endloop
  endfacet
  facet normal -4.064239e-01 -5.728008e-01 -7.118419e-01
    outer loop
      vertex   -1.557297e+01 -2.107231e+01 3.300000e+01
      vertex   -1.622671e+01 -2.135410e+01 3.360000e+01
      vertex   -1.606684e+01 -2.072189e+01 3.300000e+01
    endloop
  endfacet
  facet normal -4.480000e-01 -5.532339e-01 -7.023022e-01
    outer loop
      vertex   -1.606684e+01 -2.072189e+01 3.300000e+01
      vertex   -1.622671e+01 -2.135410e+01 3.360000e+01
      vertex   -1.671478e+01 -2.095887e+01 3.360000e+01
    endloop
  endfacet
  facet normal -4.678708e-01 -5.235477e-01 -7.120356e-01
    outer loop
      vertex   -1.606684e+01 -2.072189e+01 3.300000e+01
      vertex   -1.671478e+01 -2.095887e+01 3.360000e+01
      vertex   -1.651838e+01 -2.031838e+01 3.300000e+01
    endloop
  endfacet
  facet normal -5.034378e-01 -5.034378e-01 -7.022113e-01
    outer loop
      vertex   -1.651838e+01 -2.031838e+01 3.300000e+01
      vertex   -1.671478e+01 -2.095887e+01 3.360000e+01
      vertex   -1.715887e+01 -2.051478e+01 3.360000e+01
    endloop
  endfacet
  facet normal -5.235477e-01 -4.678708e-01 -7.120356e-01
    outer loop
      vertex   -1.651838e+01 -2.031838e+01 3.300000e+01
      vertex   -1.715887e+01 -2.051478e+01 3.360000e+01
      vertex   -1.692189e+01 -1.986684e+01 3.300000e+01
    endloop
  endfacet
  facet normal -5.532339e-01 -4.480000e-01 -7.023022e-01
    outer loop
      vertex   -1.692189e+01 -1.986684e+01 3.300000e+01
      vertex   -1.715887e+01 -2.051478e+01 3.360000e+01
      vertex   -1.755410e+01 -2.002671e+01 3.360000e+01
    endloop
  endfacet
  facet normal -5.728008e-01 -4.064239e-01 -7.118419e-01
    outer loop
      vertex   -1.692189e+01 -1.986684e+01 3.300000e+01
      vertex   -1.755410e+01 -2.002671e+01 3.360000e+01
      vertex   -1.727231e+01 -1.937297e+01 3.300000e+01
    endloop
  endfacet
  facet normal -5.968065e-01 -3.875707e-01 -7.025745e-01
    outer loop
      vertex   -1.727231e+01 -1.937297e+01 3.300000e+01
      vertex   -1.755410e+01 -2.002671e+01 3.360000e+01
      vertex   -1.789615e+01 -1.950000e+01 3.360000e+01
    endloop
  endfacet
  facet normal -6.150482e-01 -3.399251e-01 -7.114539e-01
    outer loop
      vertex   -1.727231e+01 -1.937297e+01 3.300000e+01
      vertex   -1.789615e+01 -1.950000e+01 3.360000e+01
      vertex   -1.756523e+01 -1.884297e+01 3.300000e+01
    endloop
  endfacet
  facet normal -6.336504e-01 -3.228610e-01 -7.030277e-01
    outer loop
      vertex   -1.756523e+01 -1.884297e+01 3.300000e+01
      vertex   -1.789615e+01 -1.950000e+01 3.360000e+01
      vertex   -1.818127e+01 -1.894042e+01 3.360000e+01
    endloop
  endfacet
  facet normal -6.497855e-01 -2.691499e-01 -7.108707e-01
    outer loop
      vertex   -1.756523e+01 -1.884297e+01 3.300000e+01
      vertex   -1.818127e+01 -1.894042e+01 3.360000e+01
      vertex   -1.779697e+01 -1.828351e+01 3.300000e+01
    endloop
  endfacet
  facet normal -6.633427e-01 -2.546334e-01 -7.036607e-01
    outer loop
      vertex   -1.779697e+01 -1.828351e+01 3.300000e+01
      vertex   -1.818127e+01 -1.894042e+01 3.360000e+01
      vertex   -1.840634e+01 -1.835410e+01 3.360000e+01
    endloop
  endfacet
  facet normal -6.765915e-01 -1.949227e-01 -7.100909e-01
    outer loop
      vertex   -1.779697e+01 -1.828351e+01 3.300000e+01
      vertex   -1.840634e+01 -1.835410e+01 3.360000e+01
      vertex   -1.796461e+01 -1.770161e+01 3.300000e+01
    endloop
  endfacet
  facet normal -6.855483e-01 -1.836921e-01 -7.044720e-01
    outer loop
      vertex   -1.796461e+01 -1.770161e+01 3.300000e+01
      vertex   -1.840634e+01 -1.835410e+01 3.360000e+01
      vertex   -1.856889e+01 -1.774747e+01 3.360000e+01
    endloop
  endfacet
  facet normal -6.951330e-01 -1.181079e-01 -7.091125e-01
    outer loop
      vertex   -1.796461e+01 -1.770161e+01 3.300000e+01
      vertex   -1.856889e+01 -1.774747e+01 3.360000e+01
      vertex   -1.806605e+01 -1.710461e+01 3.300000e+01
    endloop
  endfacet
  facet normal -7.000241e-01 -1.108729e-01 -7.054598e-01
    outer loop
      vertex   -1.806605e+01 -1.710461e+01 3.300000e+01
      vertex   -1.856889e+01 -1.774747e+01 3.360000e+01
      vertex   -1.866713e+01 -1.712717e+01 3.360000e+01
    endloop
  endfacet
  facet normal -7.051683e-01 -3.960140e-02 -7.079332e-01
    outer loop
      vertex   -1.806605e+01 -1.710461e+01 3.300000e+01
      vertex   -1.866713e+01 -1.712717e+01 3.360000e+01
      vertex   -1.810000e+01 -1.650000e+01 3.300000e+01
    endloop
  endfacet
  facet normal -7.066218e-01 -3.703248e-02 -7.066218e-01
    outer loop
      vertex   -1.810000e+01 -1.650000e+01 3.300000e+01
      vertex   -1.866713e+01 -1.712717e+01 3.360000e+01
      vertex   -1.870000e+01 -1.650000e+01 3.360000e+01
    endloop
  endfacet
  facet normal -0.000000e+00 -7.071068e-01 -7.071068e-01
    outer loop
      vertex   1.630000e+01 -2.250000e+01 3.360000e+01
      vertex   -1.270000e+01 -2.250000e+01 3.360000e+01
      vertex   1.630000e+01 -2.190000e+01 3.300000e+01
    endloop
  endfacet
  facet normal 8.662579e-17 -7.071068e-01 -7.071068e-01
    outer loop
      vertex   1.630000e+01 -2.190000e+01 3.300000e+01
      vertex   -1.270000e+01 -2.250000e+01 3.360000e+01
      vertex   -1.270000e+01 -2.190000e+01 3.300000e+01
    endloop
  endfacet
  facet normal 7.066218e-01 -3.703248e-02 -7.066218e-01
    outer loop
      vertex   2.230000e+01 -1.650000e+01 3.360000e+01
      vertex   2.226713e+01 -1.712717e+01 3.360000e+01
      vertex   2.170000e+01 -1.650000e+01 3.300000e+01
    endloop
  endfacet
  facet normal 7.051683e-01 -3.960140e-02 -7.079332e-01
    outer loop
      vertex   2.170000e+01 -1.650000e+01 3.300000e+01
      vertex   2.226713e+01 -1.712717e+01 3.360000e+01
      vertex   2.166605e+01 -1.710461e+01 3.300000e+01
    endloop
  endfacet
  facet normal 7.000241e-01 -1.108729e-01 -7.054598e-01
    outer loop
      vertex   2.166605e+01 -1.710461e+01 3.300000e+01
      vertex   2.226713e+01 -1.712717e+01 3.360000e+01
      vertex   2.216889e+01 -1.774747e+01 3.360000e+01
    endloop
  endfacet
  facet normal 6.951330e-01 -1.181079e-01 -7.091125e-01
    outer loop
      vertex   2.166605e+01 -1.710461e+01 3.300000e+01
      vertex   2.216889e+01 -1.774747e+01 3.360000e+01
      vertex   2.156461e+01 -1.770161e+01 3.300000e+01
    endloop
  endfacet
  facet normal 6.855483e-01 -1.836921e-01 -7.044720e-01
    outer loop
      vertex   2.156461e+01 -1.770161e+01 3.300000e+01
      vertex   2.216889e+01 -1.774747e+01 3.360000e+01
      vertex   2.200634e+01 -1.835410e+01 3.360000e+01
    endloop
  endfacet
  facet normal 6.765915e-01 -1.949227e-01 -7.100909e-01
    outer loop
      vertex   2.156461e+01 -1.770161e+01 3.300000e+01
      vertex   2.200634e+01 -1.835410e+01 3.360000e+01
      vertex   2.139697e+01 -1.828351e+01 3.300000e+01
    endloop
  endfacet
  facet normal 6.633427e-01 -2.546334e-01 -7.036607e-01
    outer loop
      vertex   2.139697e+01 -1.828351e+01 3.300000e+01
      vertex   2.200634e+01 -1.835410e+01 3.360000e+01
      vertex   2.178127e+01 -1.894042e+01 3.360000e+01
    endloop
  endfacet
  facet normal 6.497855e-01 -2.691499e-01 -7.108707e-01
    outer loop
      vertex   2.139697e+01 -1.828351e+01 3.300000e+01
      vertex   2.178127e+01 -1.894042e+01 3.360000e+01
      vertex   2.116523e+01 -1.884297e+01 3.300000e+01
    endloop
  endfacet
  facet normal 6.336504e-01 -3.228610e-01 -7.030277e-01
    outer loop
      vertex   2.116523e+01 -1.884297e+01 3.300000e+01
      vertex   2.178127e+01 -1.894042e+01 3.360000e+01
      vertex   2.149615e+01 -1.950000e+01 3.360000e+01
    endloop
  endfacet
  facet normal 6.150482e-01 -3.399251e-01 -7.114539e-01
    outer loop
      vertex   2.116523e+01 -1.884297e+01 3.300000e+01
      vertex   2.149615e+01 -1.950000e+01 3.360000e+01
      vertex   2.087231e+01 -1.937297e+01 3.300000e+01
    endloop
  endfacet
  facet normal 5.968065e-01 -3.875707e-01 -7.025745e-01
    outer loop
      vertex   2.087231e+01 -1.937297e+01 3.300000e+01
      vertex   2.149615e+01 -1.950000e+01 3.360000e+01
      vertex   2.115410e+01 -2.002671e+01 3.360000e+01
    endloop
  endfacet
  facet normal 5.728008e-01 -4.064239e-01 -7.118419e-01
    outer loop
      vertex   2.087231e+01 -1.937297e+01 3.300000e+01
      vertex   2.115410e+01 -2.002671e+01 3.360000e+01
      vertex   2.052189e+01 -1.986684e+01 3.300000e+01
    endloop
  endfacet
  facet normal 5.532339e-01 -4.480000e-01 -7.023022e-01
    outer loop
      vertex   2.052189e+01 -1.986684e+01 3.300000e+01
      vertex   2.115410e+01 -2.002671e+01 3.360000e+01
      vertex   2.075887e+01 -2.051478e+01 3.360000e+01
    endloop
  endfacet
  facet normal 5.235477e-01 -4.678708e-01 -7.120356e-01
    outer loop
      vertex   2.052189e+01 -1.986684e+01 3.300000e+01
      vertex   2.075887e+01 -2.051478e+01 3.360000e+01
      vertex   2.011838e+01 -2.031838e+01 3.300000e+01
    endloop
  endfacet
  facet normal 5.034378e-01 -5.034378e-01 -7.022113e-01
    outer loop
      vertex   2.011838e+01 -2.031838e+01 3.300000e+01
      vertex   2.075887e+01 -2.051478e+01 3.360000e+01
      vertex   2.031478e+01 -2.095887e+01 3.360000e+01
    endloop
  endfacet
  facet normal 4.678708e-01 -5.235477e-01 -7.120356e-01
    outer loop
      vertex   2.011838e+01 -2.031838e+01 3.300000e+01
      vertex   2.031478e+01 -2.095887e+01 3.360000e+01
      vertex   1.966685e+01 -2.072189e+01 3.300000e+01
    endloop
  endfacet
  facet normal 4.480000e-01 -5.532339e-01 -7.023022e-01
    outer loop
      vertex   1.966685e+01 -2.072189e+01 3.300000e+01
      vertex   2.031478e+01 -2.095887e+01 3.360000e+01
      vertex   1.982671e+01 -2.135410e+01 3.360000e+01
    endloop
  endfacet
  facet normal 4.064239e-01 -5.728008e-01 -7.118419e-01
    outer loop
      vertex   1.966685e+01 -2.072189e+01 3.300000e+01
      vertex   1.982671e+01 -2.135410e+01 3.360000e+01
      vertex   1.917297e+01 -2.107231e+01 3.300000e+01
    endloop
  endfacet
  facet normal 3.875707e-01 -5.968065e-01 -7.025745e-01
    outer loop
      vertex   1.917297e+01 -2.107231e+01 3.300000e+01
      vertex   1.982671e+01 -2.135410e+01 3.360000e+01
      vertex   1.930000e+01 -2.169615e+01 3.360000e+01
    endloop
  endfacet
  facet normal 3.399251e-01 -6.150482e-01 -7.114539e-01
    outer loop
      vertex   1.917297e+01 -2.107231e+01 3.300000e+01
      vertex   1.930000e+01 -2.169615e+01 3.360000e+01
      vertex   1.864297e+01 -2.136523e+01 3.300000e+01
    endloop
  endfacet
  facet normal 3.228610e-01 -6.336504e-01 -7.030277e-01
    outer loop
      vertex   1.864297e+01 -2.136523e+01 3.300000e+01
      vertex   1.930000e+01 -2.169615e+01 3.360000e+01
      vertex   1.874042e+01 -2.198127e+01 3.360000e+01
    endloop
  endfacet
  facet normal 2.691499e-01 -6.497855e-01 -7.108707e-01
    outer loop
      vertex   1.864297e+01 -2.136523e+01 3.300000e+01
      vertex   1.874042e+01 -2.198127e+01 3.360000e+01
      vertex   1.808351e+01 -2.159697e+01 3.300000e+01
    endloop
  endfacet
  facet normal 2.546334e-01 -6.633427e-01 -7.036607e-01
    outer loop
      vertex   1.808351e+01 -2.159697e+01 3.300000e+01
      vertex   1.874042e+01 -2.198127e+01 3.360000e+01
      vertex   1.815410e+01 -2.220634e+01 3.360000e+01
    endloop
  endfacet
  facet normal 1.949227e-01 -6.765915e-01 -7.100909e-01
    outer loop
      vertex   1.808351e+01 -2.159697e+01 3.300000e+01
      vertex   1.815410e+01 -2.220634e+01 3.360000e+01
      vertex   1.750161e+01 -2.176461e+01 3.300000e+01
    endloop
  endfacet
  facet normal 1.836921e-01 -6.855483e-01 -7.044720e-01
    outer loop
      vertex   1.750161e+01 -2.176461e+01 3.300000e+01
      vertex   1.815410e+01 -2.220634e+01 3.360000e+01
      vertex   1.754747e+01 -2.236889e+01 3.360000e+01
    endloop
  endfacet
  facet normal 1.181079e-01 -6.951330e-01 -7.091125e-01
    outer loop
      vertex   1.750161e+01 -2.176461e+01 3.300000e+01
      vertex   1.754747e+01 -2.236889e+01 3.360000e+01
      vertex   1.690461e+01 -2.186605e+01 3.300000e+01
    endloop
  endfacet
  facet normal 1.108729e-01 -7.000241e-01 -7.054598e-01
    outer loop
      vertex   1.690461e+01 -2.186605e+01 3.300000e+01
      vertex   1.754747e+01 -2.236889e+01 3.360000e+01
      vertex   1.692717e+01 -2.246713e+01 3.360000e+01
    endloop
  endfacet
  facet normal 3.960140e-02 -7.051683e-01 -7.079332e-01
    outer loop
      vertex   1.690461e+01 -2.186605e+01 3.300000e+01
      vertex   1.692717e+01 -2.246713e+01 3.360000e+01
      vertex   1.630000e+01 -2.190000e+01 3.300000e+01
    endloop
  endfacet
  facet normal 3.703248e-02 -7.066218e-01 -7.066218e-01
    outer loop
      vertex   1.630000e+01 -2.190000e+01 3.300000e+01
      vertex   1.692717e+01 -2.246713e+01 3.360000e+01
      vertex   1.630000e+01 -2.250000e+01 3.360000e+01
    endloop
  endfacet
  facet normal 7.071068e-01 -8.536432e-16 -7.071068e-01
    outer loop
      vertex   2.230000e+01 -1.650000e+01 3.360000e+01
      vertex   2.170000e+01 -1.650000e+01 3.300000e+01
      vertex   2.230000e+01 4.099982e+00 3.360000e+01
    endloop
  endfacet
  facet normal 7.071068e-01 -2.438981e-15 -7.071068e-01
    outer loop
      vertex   2.230000e+01 4.099982e+00 3.360000e+01
      vertex   2.170000e+01 -1.650000e+01 3.300000e+01
      vertex   2.170000e+01 4.099982e+00 3.300000e+01
    endloop
  endfacet
  facet normal -7.071068e-01 7.071068e-01 0.000000e+00
    outer loop
      vertex   -1.810000e+01 4.699982e+00 3.875000e+01
      vertex   -1.810000e+01 4.699982e+00 3.360000e+01
      vertex   -1.870000e+01 4.099982e+00 3.875000e+01
    endloop
  endfacet
  facet normal -7.071068e-01 7.071068e-01 0.000000e+00
    outer loop
      vertex   -1.870000e+01 4.099982e+00 3.875000e+01
      vertex   -1.810000e+01 4.699982e+00 3.360000e+01
      vertex   -1.870000e+01 4.099982e+00 3.360000e+01
    endloop
  endfacet
  facet normal 0.000000e+00 7.071068e-01 -7.071068e-01
    outer loop
      vertex   -1.810000e+01 4.699982e+00 3.360000e+01
      vertex   2.170000e+01 4.699982e+00 3.360000e+01
      vertex   -1.810000e+01 4.099982e+00 3.300000e+01
    endloop
  endfacet
  facet normal 0.000000e+00 7.071068e-01 -7.071068e-01
    outer loop
      vertex   -1.810000e+01 4.099982e+00 3.300000e+01
      vertex   2.170000e+01 4.699982e+00 3.360000e+01
      vertex   2.170000e+01 4.099982e+00 3.300000e+01
    endloop
  endfacet
  facet normal 7.071068e-01 7.071068e-01 -3.658468e-16
    outer loop
      vertex   2.230000e+01 4.099982e+00 3.875000e+01
      vertex   2.230000e+01 4.099982e+00 3.360000e+01
      vertex   2.170000e+01 4.699982e+00 3.875000e+01
    endloop
  endfacet
  facet normal 7.071068e-01 7.071068e-01 0.000000e+00
    outer loop
      vertex   2.170000e+01 4.699982e+00 3.875000e+01
      vertex   2.230000e+01 4.099982e+00 3.360000e+01
      vertex   2.170000e+01 4.699982e+00 3.360000e+01
    endloop
  endfacet
  facet normal -5.233596e-02 -9.986295e-01 3.585588e-15
    outer loop
      vertex   -1.270000e+01 -2.250000e+01 3.360000e+01
      vertex   -1.270000e+01 -2.250000e+01 5.240000e+01
      vertex   -1.332717e+01 -2.246713e+01 4.300000e+01
    endloop
  endfacet
  facet normal -5.233596e-02 -9.986295e-01 3.774303e-15
    outer loop
      vertex   -1.332717e+01 -2.246713e+01 4.300000e+01
      vertex   -1.270000e+01 -2.250000e+01 5.240000e+01
      vertex   -1.332717e+01 -2.246713e+01 5.240000e+01
    endloop
  endfacet
  facet normal -1.564345e-01 -9.876883e-01 3.732951e-15
    outer loop
      vertex   -1.332717e+01 -2.246713e+01 4.300000e+01
      vertex   -1.332717e+01 -2.246713e+01 5.240000e+01
      vertex   -1.394747e+01 -2.236889e+01 4.300000e+01
    endloop
  endfacet
  facet normal -1.564345e-01 -9.876883e-01 3.732951e-15
    outer loop
      vertex   -1.394747e+01 -2.236889e+01 4.300000e+01
      vertex   -1.332717e+01 -2.246713e+01 5.240000e+01
      vertex   -1.394747e+01 -2.236889e+01 5.240000e+01
    endloop
  endfacet
  facet normal -2.588190e-01 -9.659258e-01 3.650700e-15
    outer loop
      vertex   -1.394747e+01 -2.236889e+01 4.300000e+01
      vertex   -1.394747e+01 -2.236889e+01 5.240000e+01
      vertex   -1.455410e+01 -2.220634e+01 4.300000e+01
    endloop
  endfacet
  facet normal -2.588190e-01 -9.659258e-01 3.601790e-15
    outer loop
      vertex   -1.455410e+01 -2.220634e+01 4.300000e+01
      vertex   -1.394747e+01 -2.236889e+01 5.240000e+01
      vertex   -1.455410e+01 -2.220634e+01 5.240000e+01
    endloop
  endfacet
  facet normal -3.583679e-01 -9.335804e-01 3.460729e-15
    outer loop
      vertex   -1.455410e+01 -2.220634e+01 4.300000e+01
      vertex   -1.455410e+01 -2.220634e+01 5.240000e+01
      vertex   -1.514042e+01 -2.198127e+01 4.300000e+01
    endloop
  endfacet
  facet normal -3.583679e-01 -9.335804e-01 2.687316e-15
    outer loop
      vertex   -1.514042e+01 -2.198127e+01 4.300000e+01
      vertex   -1.455410e+01 -2.220634e+01 5.240000e+01
      vertex   -1.514042e+01 -2.198127e+01 5.240000e+01
    endloop
  endfacet
  facet normal -4.539905e-01 -8.910065e-01 2.522450e-15
    outer loop
      vertex   -1.514042e+01 -2.198127e+01 4.300000e+01
      vertex   -1.514042e+01 -2.198127e+01 5.240000e+01
      vertex   -1.570000e+01 -2.169615e+01 4.300000e+01
    endloop
  endfacet
  facet normal -4.539905e-01 -8.910065e-01 3.195959e-15
    outer loop
      vertex   -1.570000e+01 -2.169615e+01 4.300000e+01
      vertex   -1.514042e+01 -2.198127e+01 5.240000e+01
      vertex   -1.570000e+01 -2.169615e+01 5.240000e+01
    endloop
  endfacet
  facet normal -5.446390e-01 -8.386706e-01 2.963895e-15
    outer loop
      vertex   -1.570000e+01 -2.169615e+01 4.300000e+01
      vertex   -1.570000e+01 -2.169615e+01 5.240000e+01
      vertex   -1.622671e+01 -2.135410e+01 4.300000e+01
    endloop
  endfacet
  facet normal -5.446390e-01 -8.386706e-01 2.852767e-15
    outer loop
      vertex   -1.622671e+01 -2.135410e+01 4.300000e+01
      vertex   -1.570000e+01 -2.169615e+01 5.240000e+01
      vertex   -1.622671e+01 -2.135410e+01 5.240000e+01
    endloop
  endfacet
  facet normal -6.293204e-01 -7.771460e-01 2.643489e-15
    outer loop
      vertex   -1.622671e+01 -2.135410e+01 4.300000e+01
      vertex   -1.622671e+01 -2.135410e+01 5.240000e+01
      vertex   -1.671478e+01 -2.095887e+01 4.300000e+01
    endloop
  endfacet
  facet normal -6.293204e-01 -7.771460e-01 2.937210e-15
    outer loop
      vertex   -1.671478e+01 -2.095887e+01 4.300000e+01
      vertex   -1.622671e+01 -2.135410e+01 5.240000e+01
      vertex   -1.671478e+01 -2.095887e+01 5.240000e+01
    endloop
  endfacet
  facet normal -7.071068e-01 -7.071068e-01 2.672498e-15
    outer loop
      vertex   -1.671478e+01 -2.095887e+01 4.300000e+01
      vertex   -1.671478e+01 -2.095887e+01 5.240000e+01
      vertex   -1.715887e+01 -2.051478e+01 4.300000e+01
    endloop
  endfacet
  facet normal -7.071068e-01 -7.071068e-01 2.405248e-15
    outer loop
      vertex   -1.715887e+01 -2.051478e+01 4.300000e+01
      vertex   -1.671478e+01 -2.095887e+01 5.240000e+01
      vertex   -1.715887e+01 -2.051478e+01 5.240000e+01
    endloop
  endfacet
  facet normal -7.771460e-01 -6.293204e-01 2.084785e-15
    outer loop
      vertex   -1.715887e+01 -2.051478e+01 4.300000e+01
      vertex   -1.715887e+01 -2.051478e+01 5.240000e+01
      vertex   -1.755410e+01 -2.002671e+01 4.300000e+01
    endloop
  endfacet
  facet normal -7.771460e-01 -6.293204e-01 1.846934e-15
    outer loop
      vertex   -1.755410e+01 -2.002671e+01 4.300000e+01
      vertex   -1.715887e+01 -2.051478e+01 5.240000e+01
      vertex   -1.755410e+01 -2.002671e+01 5.240000e+01
    endloop
  endfacet
  facet normal -8.386706e-01 -5.446390e-01 1.535634e-15
    outer loop
      vertex   -1.755410e+01 -2.002671e+01 4.300000e+01
      vertex   -1.755410e+01 -2.002671e+01 5.240000e+01
      vertex   -1.789615e+01 -1.950000e+01 4.300000e+01
    endloop
  endfacet
  facet normal -8.386706e-01 -5.446390e-01 1.646763e-15
    outer loop
      vertex   -1.789615e+01 -1.950000e+01 4.300000e+01
      vertex   -1.755410e+01 -2.002671e+01 5.240000e+01
      vertex   -1.789615e+01 -1.950000e+01 5.240000e+01
    endloop
  endfacet
  facet normal -8.910065e-01 -4.539905e-01 1.372679e-15
    outer loop
      vertex   -1.789615e+01 -1.950000e+01 4.300000e+01
      vertex   -1.789615e+01 -1.950000e+01 5.240000e+01
      vertex   -1.818127e+01 -1.894042e+01 4.300000e+01
    endloop
  endfacet
  facet normal -8.910065e-01 -4.539905e-01 1.544264e-15
    outer loop
      vertex   -1.818127e+01 -1.894042e+01 4.300000e+01
      vertex   -1.789615e+01 -1.950000e+01 5.240000e+01
      vertex   -1.818127e+01 -1.894042e+01 5.240000e+01
    endloop
  endfacet
  facet normal -9.335804e-01 -3.583679e-01 1.219001e-15
    outer loop
      vertex   -1.818127e+01 -1.894042e+01 4.300000e+01
      vertex   -1.818127e+01 -1.894042e+01 5.240000e+01
      vertex   -1.840634e+01 -1.835410e+01 4.300000e+01
    endloop
  endfacet
  facet normal -9.335804e-01 -3.583679e-01 1.219001e-15
    outer loop
      vertex   -1.840634e+01 -1.835410e+01 4.300000e+01
      vertex   -1.818127e+01 -1.894042e+01 5.240000e+01
      vertex   -1.840634e+01 -1.835410e+01 5.240000e+01
    endloop
  endfacet
  facet normal -9.659258e-01 -2.588190e-01 8.803819e-16
    outer loop
      vertex   -1.840634e+01 -1.835410e+01 4.300000e+01
      vertex   -1.840634e+01 -1.835410e+01 5.240000e+01
      vertex   -1.856889e+01 -1.774747e+01 4.300000e+01
    endloop
  endfacet
  facet normal -9.659258e-01 -2.588190e-01 9.782021e-16
    outer loop
      vertex   -1.856889e+01 -1.774747e+01 4.300000e+01
      vertex   -1.840634e+01 -1.835410e+01 5.240000e+01
      vertex   -1.856889e+01 -1.774747e+01 5.240000e+01
    endloop
  endfacet
  facet normal -9.876883e-01 -1.564345e-01 5.912413e-16
    outer loop
      vertex   -1.856889e+01 -1.774747e+01 4.300000e+01
      vertex   -1.856889e+01 -1.774747e+01 5.240000e+01
      vertex   -1.866713e+01 -1.712717e+01 4.300000e+01
    endloop
  endfacet
  facet normal -9.876883e-01 -1.564345e-01 5.912413e-16
    outer loop
      vertex   -1.866713e+01 -1.712717e+01 4.300000e+01
      vertex   -1.856889e+01 -1.774747e+01 5.240000e+01
      vertex   -1.866713e+01 -1.712717e+01 5.240000e+01
    endloop
  endfacet
  facet normal -9.986295e-01 -5.233596e-02 1.978028e-16
    outer loop
      vertex   -1.866713e+01 -1.712717e+01 4.300000e+01
      vertex   -1.866713e+01 -1.712717e+01 5.240000e+01
      vertex   -1.870000e+01 -1.650000e+01 5.240000e+01
    endloop
  endfacet
  facet normal -9.986295e-01 -5.233596e-02 1.780226e-16
    outer loop
      vertex   -1.870000e+01 -1.650000e+01 5.240000e+01
      vertex   -1.870000e+01 -1.650000e+01 3.360000e+01
      vertex   -1.866713e+01 -1.712717e+01 4.300000e+01
    endloop
  endfacet
  facet normal -9.986295e-01 -5.233596e-02 1.582423e-16
    outer loop
      vertex   -1.866713e+01 -1.712717e+01 4.300000e+01
      vertex   -1.870000e+01 -1.650000e+01 3.360000e+01
      vertex   -1.866713e+01 -1.712717e+01 3.360000e+01
    endloop
  endfacet
  facet normal -9.876883e-01 -1.564345e-01 4.729931e-16
    outer loop
      vertex   -1.866713e+01 -1.712717e+01 4.300000e+01
      vertex   -1.866713e+01 -1.712717e+01 3.360000e+01
      vertex   -1.856889e+01 -1.774747e+01 4.300000e+01
    endloop
  endfacet
  facet normal -9.876883e-01 -1.564345e-01 4.729931e-16
    outer loop
      vertex   -1.856889e+01 -1.774747e+01 4.300000e+01
      vertex   -1.866713e+01 -1.712717e+01 3.360000e+01
      vertex   -1.856889e+01 -1.774747e+01 3.360000e+01
    endloop
  endfacet
  facet normal -9.659258e-01 -2.588190e-01 7.825617e-16
    outer loop
      vertex   -1.856889e+01 -1.774747e+01 4.300000e+01
      vertex   -1.856889e+01 -1.774747e+01 3.360000e+01
      vertex   -1.840634e+01 -1.835410e+01 4.300000e+01
    endloop
  endfacet
  facet normal -9.659258e-01 -2.588190e-01 8.803819e-16
    outer loop
      vertex   -1.840634e+01 -1.835410e+01 4.300000e+01
      vertex   -1.856889e+01 -1.774747e+01 3.360000e+01
      vertex   -1.840634e+01 -1.835410e+01 3.360000e+01
    endloop
  endfacet
  facet normal -9.335804e-01 -3.583679e-01 1.219001e-15
    outer loop
      vertex   -1.840634e+01 -1.835410e+01 4.300000e+01
      vertex   -1.840634e+01 -1.835410e+01 3.360000e+01
      vertex   -1.818127e+01 -1.894042e+01 4.300000e+01
    endloop
  endfacet
  facet normal -9.335804e-01 -3.583679e-01 1.219001e-15
    outer loop
      vertex   -1.818127e+01 -1.894042e+01 4.300000e+01
      vertex   -1.840634e+01 -1.835410e+01 3.360000e+01
      vertex   -1.818127e+01 -1.894042e+01 3.360000e+01
    endloop
  endfacet
  facet normal -8.910065e-01 -4.539905e-01 1.544264e-15
    outer loop
      vertex   -1.818127e+01 -1.894042e+01 4.300000e+01
      vertex   -1.818127e+01 -1.894042e+01 3.360000e+01
      vertex   -1.789615e+01 -1.950000e+01 4.300000e+01
    endloop
  endfacet
  facet normal -8.910065e-01 -4.539905e-01 1.544264e-15
    outer loop
      vertex   -1.789615e+01 -1.950000e+01 4.300000e+01
      vertex   -1.818127e+01 -1.894042e+01 3.360000e+01
      vertex   -1.789615e+01 -1.950000e+01 3.360000e+01
    endloop
  endfacet
  facet normal -8.386706e-01 -5.446390e-01 1.852608e-15
    outer loop
      vertex   -1.789615e+01 -1.950000e+01 4.300000e+01
      vertex   -1.789615e+01 -1.950000e+01 3.360000e+01
      vertex   -1.755410e+01 -2.002671e+01 4.300000e+01
    endloop
  endfacet
  facet normal -8.386706e-01 -5.446390e-01 1.963737e-15
    outer loop
      vertex   -1.755410e+01 -2.002671e+01 4.300000e+01
      vertex   -1.789615e+01 -1.950000e+01 3.360000e+01
      vertex   -1.755410e+01 -2.002671e+01 3.360000e+01
    endloop
  endfacet
  facet normal -7.771460e-01 -6.293204e-01 2.196525e-15
    outer loop
      vertex   -1.755410e+01 -2.002671e+01 4.300000e+01
      vertex   -1.755410e+01 -2.002671e+01 3.360000e+01
      vertex   -1.715887e+01 -2.051478e+01 4.300000e+01
    endloop
  endfacet
  facet normal -7.771460e-01 -6.293204e-01 1.958675e-15
    outer loop
      vertex   -1.715887e+01 -2.051478e+01 4.300000e+01
      vertex   -1.755410e+01 -2.002671e+01 3.360000e+01
      vertex   -1.715887e+01 -2.051478e+01 3.360000e+01
    endloop
  endfacet
  facet normal -7.071068e-01 -7.071068e-01 2.137998e-15
    outer loop
      vertex   -1.715887e+01 -2.051478e+01 4.300000e+01
      vertex   -1.715887e+01 -2.051478e+01 3.360000e+01
      vertex   -1.671478e+01 -2.095887e+01 4.300000e+01
    endloop
  endfacet
  facet normal -7.071068e-01 -7.071068e-01 1.870748e-15
    outer loop
      vertex   -1.671478e+01 -2.095887e+01 4.300000e+01
      vertex   -1.715887e+01 -2.051478e+01 3.360000e+01
      vertex   -1.671478e+01 -2.095887e+01 3.360000e+01
    endloop
  endfacet
  facet normal -6.293204e-01 -7.771460e-01 2.056047e-15
    outer loop
      vertex   -1.671478e+01 -2.095887e+01 4.300000e+01
      vertex   -1.671478e+01 -2.095887e+01 3.360000e+01
      vertex   -1.622671e+01 -2.135410e+01 4.300000e+01
    endloop
  endfacet
  facet normal -6.293204e-01 -7.771460e-01 2.643489e-15
    outer loop
      vertex   -1.622671e+01 -2.135410e+01 4.300000e+01
      vertex   -1.671478e+01 -2.095887e+01 3.360000e+01
      vertex   -1.622671e+01 -2.135410e+01 3.360000e+01
    endloop
  endfacet
  facet normal -5.446390e-01 -8.386706e-01 2.852767e-15
    outer loop
      vertex   -1.622671e+01 -2.135410e+01 4.300000e+01
      vertex   -1.622671e+01 -2.135410e+01 3.360000e+01
      vertex   -1.570000e+01 -2.169615e+01 4.300000e+01
    endloop
  endfacet
  facet normal -5.446390e-01 -8.386706e-01 2.741638e-15
    outer loop
      vertex   -1.570000e+01 -2.169615e+01 4.300000e+01
      vertex   -1.622671e+01 -2.135410e+01 3.360000e+01
      vertex   -1.570000e+01 -2.169615e+01 3.360000e+01
    endloop
  endfacet
  facet normal -4.539905e-01 -8.910065e-01 2.865620e-15
    outer loop
      vertex   -1.570000e+01 -2.169615e+01 4.300000e+01
      vertex   -1.570000e+01 -2.169615e+01 3.360000e+01
      vertex   -1.514042e+01 -2.198127e+01 4.300000e+01
    endloop
  endfacet
  facet normal -4.539905e-01 -8.910065e-01 3.030789e-15
    outer loop
      vertex   -1.514042e+01 -2.198127e+01 4.300000e+01
      vertex   -1.570000e+01 -2.169615e+01 3.360000e+01
      vertex   -1.514042e+01 -2.198127e+01 3.360000e+01
    endloop
  endfacet
  facet normal -3.583679e-01 -9.335804e-01 3.175606e-15
    outer loop
      vertex   -1.514042e+01 -2.198127e+01 4.300000e+01
      vertex   -1.514042e+01 -2.198127e+01 3.360000e+01
      vertex   -1.455410e+01 -2.220634e+01 4.300000e+01
    endloop
  endfacet
  facet normal -3.583679e-01 -9.335804e-01 2.537638e-15
    outer loop
      vertex   -1.455410e+01 -2.220634e+01 4.300000e+01
      vertex   -1.514042e+01 -2.198127e+01 3.360000e+01
      vertex   -1.455410e+01 -2.220634e+01 3.360000e+01
    endloop
  endfacet
  facet normal -2.588190e-01 -9.659258e-01 2.604400e-15
    outer loop
      vertex   -1.455410e+01 -2.220634e+01 4.300000e+01
      vertex   -1.455410e+01 -2.220634e+01 3.360000e+01
      vertex   -1.394747e+01 -2.236889e+01 4.300000e+01
    endloop
  endfacet
  facet normal -2.588190e-01 -9.659258e-01 2.506580e-15
    outer loop
      vertex   -1.394747e+01 -2.236889e+01 4.300000e+01
      vertex   -1.455410e+01 -2.220634e+01 3.360000e+01
      vertex   -1.394747e+01 -2.236889e+01 3.360000e+01
    endloop
  endfacet
  facet normal -1.564345e-01 -9.876883e-01 2.583504e-15
    outer loop
      vertex   -1.394747e+01 -2.236889e+01 4.300000e+01
      vertex   -1.394747e+01 -2.236889e+01 3.360000e+01
      vertex   -1.332717e+01 -2.246713e+01 4.300000e+01
    endloop
  endfacet
  facet normal -1.564345e-01 -9.876883e-01 2.986361e-15
    outer loop
      vertex   -1.332717e+01 -2.246713e+01 4.300000e+01
      vertex   -1.394747e+01 -2.236889e+01 3.360000e+01
      vertex   -1.332717e+01 -2.246713e+01 3.360000e+01
    endloop
  endfacet
  facet normal -5.233596e-02 -9.986295e-01 3.019442e-15
    outer loop
      vertex   -1.332717e+01 -2.246713e+01 4.300000e+01
      vertex   -1.332717e+01 -2.246713e+01 3.360000e+01
      vertex   -1.270000e+01 -2.250000e+01 3.360000e+01
    endloop
  endfacet
  facet normal -6.006990e-13 -1.000000e+00 -1.820903e-14
    outer loop
      vertex   -1.231743e+01 -2.250000e+01 4.348650e+01
      vertex   -1.270000e+01 -2.250000e+01 5.240000e+01
      vertex   -1.235000e+01 -2.250000e+01 4.300000e+01
    endloop
  endfacet
  facet normal -1.522593e-14 -1.000000e+00 3.590509e-15
    outer loop
      vertex   -1.235000e+01 -2.250000e+01 4.300000e+01
      vertex   -1.270000e+01 -2.250000e+01 5.240000e+01
      vertex   -1.270000e+01 -2.250000e+01 3.360000e+01
    endloop
  endfacet
  facet normal -5.317676e-13 -1.000000e+00 2.282344e-14
    outer loop
      vertex   -1.235000e+01 -2.250000e+01 4.300000e+01
      vertex   -1.270000e+01 -2.250000e+01 3.360000e+01
      vertex   -1.231743e+01 -2.250000e+01 4.251350e+01
    endloop
  endfacet
  facet normal -3.020291e-14 -1.000000e+00 1.296308e-15
    outer loop
      vertex   -1.231743e+01 -2.250000e+01 4.251350e+01
      vertex   -1.270000e+01 -2.250000e+01 3.360000e+01
      vertex   -1.222031e+01 -2.250000e+01 4.203569e+01
    endloop
  endfacet
  facet normal -1.042195e-15 -1.000000e+00 -3.618894e-16
    outer loop
      vertex   -1.222031e+01 -2.250000e+01 4.203569e+01
      vertex   -1.270000e+01 -2.250000e+01 3.360000e+01
      vertex   -1.206037e+01 -2.250000e+01 4.157508e+01
    endloop
  endfacet
  facet normal -7.608146e-16 -1.000000e+00 -3.844570e-16
    outer loop
      vertex   -1.206037e+01 -2.250000e+01 4.157508e+01
      vertex   -1.270000e+01 -2.250000e+01 3.360000e+01
      vertex   -1.184047e+01 -2.250000e+01 4.113990e+01
    endloop
  endfacet
  facet normal -1.162968e-14 -1.000000e+00 8.545728e-16
    outer loop
      vertex   -1.184047e+01 -2.250000e+01 4.113990e+01
      vertex   -1.270000e+01 -2.250000e+01 3.360000e+01
      vertex   -1.156452e+01 -2.250000e+01 4.073791e+01
    endloop
  endfacet
  facet normal -9.359906e-16 -1.000000e+00 -8.465535e-16
    outer loop
      vertex   -1.156452e+01 -2.250000e+01 4.073791e+01
      vertex   -1.270000e+01 -2.250000e+01 3.360000e+01
      vertex   -1.123745e+01 -2.250000e+01 4.037630e+01
    endloop
  endfacet
  facet normal -7.497085e-16 -1.000000e+00 -8.867593e-16
    outer loop
      vertex   -1.123745e+01 -2.250000e+01 4.037630e+01
      vertex   -1.270000e+01 -2.250000e+01 3.360000e+01
      vertex   -1.086511e+01 -2.250000e+01 4.006150e+01
    endloop
  endfacet
  facet normal -5.942651e-16 -1.000000e+00 -9.309011e-16
    outer loop
      vertex   -1.086511e+01 -2.250000e+01 4.006150e+01
      vertex   -1.270000e+01 -2.250000e+01 3.360000e+01
      vertex   -1.045412e+01 -2.250000e+01 3.979913e+01
    endloop
  endfacet
  facet normal -7.331890e-15 -1.000000e+00 1.510064e-15
    outer loop
      vertex   -1.045412e+01 -2.250000e+01 3.979913e+01
      vertex   -1.270000e+01 -2.250000e+01 3.360000e+01
      vertex   -1.001184e+01 -2.250000e+01 3.959389e+01
    endloop
  endfacet
  facet normal -4.842265e-16 -1.000000e+00 -1.560999e-15
    outer loop
      vertex   -1.001184e+01 -2.250000e+01 3.959389e+01
      vertex   -1.270000e+01 -2.250000e+01 3.360000e+01
      vertex   -9.546143e+00 -2.250000e+01 3.944943e+01
    endloop
  endfacet
  facet normal -2.817248e-16 -1.000000e+00 -1.670183e-15
    outer loop
      vertex   -9.546143e+00 -2.250000e+01 3.944943e+01
      vertex   -1.270000e+01 -2.250000e+01 3.360000e+01
      vertex   -9.065349e+00 -2.250000e+01 3.936833e+01
    endloop
  endfacet
  facet normal -6.050076e-17 -1.000000e+00 -1.809577e-15
    outer loop
      vertex   -9.065349e+00 -2.250000e+01 3.936833e+01
      vertex   -1.270000e+01 -2.250000e+01 3.360000e+01
      vertex   -8.578035e+00 -2.250000e+01 3.935204e+01
    endloop
  endfacet
  facet normal 2.008891e-16 -1.000000e+00 -1.996891e-15
    outer loop
      vertex   -8.578035e+00 -2.250000e+01 3.935204e+01
      vertex   -1.270000e+01 -2.250000e+01 3.360000e+01
      vertex   -8.092898e+00 -2.250000e+01 3.940085e+01
    endloop
  endfacet
  facet normal 5.400826e-16 -1.000000e+00 -2.266283e-15
    outer loop
      vertex   -8.092898e+00 -2.250000e+01 3.940085e+01
      vertex   -1.270000e+01 -2.250000e+01 3.360000e+01
      vertex   -7.618594e+00 -2.250000e+01 3.951388e+01
    endloop
  endfacet
  facet normal 1.270741e-14 -1.000000e+00 -1.272087e-14
    outer loop
      vertex   -7.618594e+00 -2.250000e+01 3.951388e+01
      vertex   -1.270000e+01 -2.250000e+01 3.360000e+01
      vertex   -7.163588e+00 -2.250000e+01 3.968912e+01
    endloop
  endfacet
  facet normal 0.000000e+00 -1.000000e+00 -1.166906e-15
    outer loop
      vertex   -7.163588e+00 -2.250000e+01 3.968912e+01
      vertex   -1.270000e+01 -2.250000e+01 3.360000e+01
      vertex   1.630000e+01 -2.250000e+01 3.360000e+01
    endloop
  endfacet
  facet normal 7.079682e-18 -1.000000e+00 -1.139625e-15
    outer loop
      vertex   -7.163588e+00 -2.250000e+01 3.968912e+01
      vertex   1.630000e+01 -2.250000e+01 3.360000e+01
      vertex   1.054588e+01 -2.250000e+01 3.979914e+01
    endloop
  endfacet
  facet normal -1.504493e-14 -1.000000e+00 -1.511111e-14
    outer loop
      vertex   1.054588e+01 -2.250000e+01 3.979914e+01
      vertex   1.630000e+01 -2.250000e+01 3.360000e+01
      vertex   1.098816e+01 -2.250000e+01 3.959389e+01
    endloop
  endfacet
  facet normal -7.607168e-16 -1.000000e+00 -2.452320e-15
    outer loop
      vertex   1.098816e+01 -2.250000e+01 3.959389e+01
      vertex   1.630000e+01 -2.250000e+01 3.360000e+01
      vertex   1.145386e+01 -2.250000e+01 3.944943e+01
    endloop
  endfacet
  facet normal -3.572750e-16 -1.000000e+00 -2.118076e-15
    outer loop
      vertex   1.145386e+01 -2.250000e+01 3.944943e+01
      vertex   1.630000e+01 -2.250000e+01 3.360000e+01
      vertex   1.193465e+01 -2.250000e+01 3.936833e+01
    endloop
  endfacet
  facet normal -6.337889e-17 -1.000000e+00 -1.895662e-15
    outer loop
      vertex   1.193465e+01 -2.250000e+01 3.936833e+01
      vertex   1.630000e+01 -2.250000e+01 3.360000e+01
      vertex   1.242196e+01 -2.250000e+01 3.935204e+01
    endloop
  endfacet
  facet normal 1.745666e-16 -1.000000e+00 -1.735239e-15
    outer loop
      vertex   1.242196e+01 -2.250000e+01 3.935204e+01
      vertex   1.630000e+01 -2.250000e+01 3.360000e+01
      vertex   1.290710e+01 -2.250000e+01 3.940085e+01
    endloop
  endfacet
  facet normal 3.842948e-16 -1.000000e+00 -1.612569e-15
    outer loop
      vertex   1.290710e+01 -2.250000e+01 3.940085e+01
      vertex   1.630000e+01 -2.250000e+01 3.360000e+01
      vertex   1.338141e+01 -2.250000e+01 3.951388e+01
    endloop
  endfacet
  facet normal 7.144238e-15 -1.000000e+00 1.723571e-15
    outer loop
      vertex   1.338141e+01 -2.250000e+01 3.951388e+01
      vertex   1.630000e+01 -2.250000e+01 3.360000e+01
      vertex   1.383641e+01 -2.250000e+01 3.968912e+01
    endloop
  endfacet
  facet normal 5.234271e-16 -1.000000e+00 -9.551326e-16
    outer loop
      vertex   1.383641e+01 -2.250000e+01 3.968912e+01
      vertex   1.630000e+01 -2.250000e+01 3.360000e+01
      vertex   1.426400e+01 -2.250000e+01 3.992345e+01
    endloop
  endfacet
  facet normal 6.691712e-16 -1.000000e+00 -9.082065e-16
    outer loop
      vertex   1.426400e+01 -2.250000e+01 3.992345e+01
      vertex   1.630000e+01 -2.250000e+01 3.360000e+01
      vertex   1.465654e+01 -2.250000e+01 4.021267e+01
    endloop
  endfacet
  facet normal 8.378141e-16 -1.000000e+00 -8.662934e-16
    outer loop
      vertex   1.465654e+01 -2.250000e+01 4.021267e+01
      vertex   1.630000e+01 -2.250000e+01 3.360000e+01
      vertex   1.500703e+01 -2.250000e+01 4.055164e+01
    endloop
  endfacet
  facet normal 1.047593e-15 -1.000000e+00 -8.272756e-16
    outer loop
      vertex   1.500703e+01 -2.250000e+01 4.055164e+01
      vertex   1.630000e+01 -2.250000e+01 3.360000e+01
      vertex   1.530921e+01 -2.250000e+01 4.093430e+01
    endloop
  endfacet
  facet normal 1.297421e-14 -1.000000e+00 7.838875e-16
    outer loop
      vertex   1.530921e+01 -2.250000e+01 4.093430e+01
      vertex   1.630000e+01 -2.250000e+01 3.360000e+01
      vertex   1.555769e+01 -2.250000e+01 4.135382e+01
    endloop
  endfacet
  facet normal 8.815211e-16 -1.000000e+00 -3.737972e-16
    outer loop
      vertex   1.555769e+01 -2.250000e+01 4.135382e+01
      vertex   1.630000e+01 -2.250000e+01 3.360000e+01
      vertex   1.574804e+01 -2.250000e+01 4.180271e+01
    endloop
  endfacet
  facet normal 1.269319e-15 -1.000000e+00 -3.477024e-16
    outer loop
      vertex   1.574804e+01 -2.250000e+01 4.180271e+01
      vertex   1.630000e+01 -2.250000e+01 3.360000e+01
      vertex   1.587686e+01 -2.250000e+01 4.227297e+01
    endloop
  endfacet
  facet normal 4.234919e-14 -1.000000e+00 1.656515e-15
    outer loop
      vertex   1.587686e+01 -2.250000e+01 4.227297e+01
      vertex   1.630000e+01 -2.250000e+01 3.360000e+01
      vertex   1.594185e+01 -2.250000e+01 4.275621e+01
    endloop
  endfacet
  facet normal 9.179218e-14 -1.000000e+00 3.590509e-15
    outer loop
      vertex   1.594185e+01 -2.250000e+01 4.275621e+01
      vertex   1.630000e+01 -2.250000e+01 3.360000e+01
      vertex   1.630000e+01 -2.250000e+01 5.240000e+01
    endloop
  endfacet
  facet normal 1.884724e-13 -1.000000e+00 0.000000e+00
    outer loop
      vertex   1.594185e+01 -2.250000e+01 4.275621e+01
      vertex   1.630000e+01 -2.250000e+01 5.240000e+01
      vertex   1.594185e+01 -2.250000e+01 4.324380e+01
    endloop
  endfacet
  facet normal -4.223228e-14 -1.000000e+00 9.024165e-15
    outer loop
      vertex   1.594185e+01 -2.250000e+01 4.324380e+01
      vertex   1.630000e+01 -2.250000e+01 5.240000e+01
      vertex   1.587686e+01 -2.250000e+01 4.372703e+01
    endloop
  endfacet
  facet normal 2.157844e-14 -1.000000e+00 5.910945e-15
    outer loop
      vertex   1.587686e+01 -2.250000e+01 4.372703e+01
      vertex   1.630000e+01 -2.250000e+01 5.240000e+01
      vertex   1.574804e+01 -2.250000e+01 4.419729e+01
    endloop
  endfacet
  facet normal 1.498587e-14 -1.000000e+00 6.354557e-15
    outer loop
      vertex   1.574804e+01 -2.250000e+01 4.419729e+01
      vertex   1.630000e+01 -2.250000e+01 5.240000e+01
      vertex   1.555769e+01 -2.250000e+01 4.464619e+01
    endloop
  endfacet
  facet normal -9.873052e-16 -1.000000e+00 7.883739e-15
    outer loop
      vertex   1.555769e+01 -2.250000e+01 4.464619e+01
      vertex   1.630000e+01 -2.250000e+01 5.240000e+01
      vertex   1.530921e+01 -2.250000e+01 4.506571e+01
    endloop
  endfacet
  facet normal 8.380748e-15 -1.000000e+00 6.618210e-15
    outer loop
      vertex   1.530921e+01 -2.250000e+01 4.506571e+01
      vertex   1.630000e+01 -2.250000e+01 5.240000e+01
      vertex   1.500703e+01 -2.250000e+01 4.544837e+01
    endloop
  endfacet
  facet normal 6.702518e-15 -1.000000e+00 6.930353e-15
    outer loop
      vertex   1.500703e+01 -2.250000e+01 4.544837e+01
      vertex   1.630000e+01 -2.250000e+01 5.240000e+01
      vertex   1.465654e+01 -2.250000e+01 4.578733e+01
    endloop
  endfacet
  facet normal 5.353374e-15 -1.000000e+00 7.265658e-15
    outer loop
      vertex   1.465654e+01 -2.250000e+01 4.578733e+01
      vertex   1.630000e+01 -2.250000e+01 5.240000e+01
      vertex   1.426400e+01 -2.250000e+01 4.607656e+01
    endloop
  endfacet
  facet normal 4.187420e-15 -1.000000e+00 7.641068e-15
    outer loop
      vertex   1.426400e+01 -2.250000e+01 4.607656e+01
      vertex   1.630000e+01 -2.250000e+01 5.240000e+01
      vertex   1.383641e+01 -2.250000e+01 4.631089e+01
    endloop
  endfacet
  facet normal -3.644718e-15 -1.000000e+00 1.080986e-14
    outer loop
      vertex   1.383641e+01 -2.250000e+01 4.631089e+01
      vertex   1.630000e+01 -2.250000e+01 5.240000e+01
      vertex   1.338141e+01 -2.250000e+01 4.648613e+01
    endloop
  endfacet
  facet normal 1.921476e-15 -1.000000e+00 8.062855e-15
    outer loop
      vertex   1.338141e+01 -2.250000e+01 4.648613e+01
      vertex   1.630000e+01 -2.250000e+01 5.240000e+01
      vertex   1.290710e+01 -2.250000e+01 4.659916e+01
    endloop
  endfacet
  facet normal 8.728341e-16 -1.000000e+00 8.676203e-15
    outer loop
      vertex   1.290710e+01 -2.250000e+01 4.659916e+01
      vertex   1.630000e+01 -2.250000e+01 5.240000e+01
      vertex   1.242196e+01 -2.250000e+01 4.664797e+01
    endloop
  endfacet
  facet normal -3.168949e-16 -1.000000e+00 9.478321e-15
    outer loop
      vertex   1.242196e+01 -2.250000e+01 4.664797e+01
      vertex   1.630000e+01 -2.250000e+01 5.240000e+01
      vertex   1.193465e+01 -2.250000e+01 4.663167e+01
    endloop
  endfacet
  facet normal -1.786377e-15 -1.000000e+00 1.059039e-14
    outer loop
      vertex   1.193465e+01 -2.250000e+01 4.663167e+01
      vertex   1.630000e+01 -2.250000e+01 5.240000e+01
      vertex   1.145386e+01 -2.250000e+01 4.655057e+01
    endloop
  endfacet
  facet normal -3.803590e-15 -1.000000e+00 1.226162e-14
    outer loop
      vertex   1.145386e+01 -2.250000e+01 4.655057e+01
      vertex   1.630000e+01 -2.250000e+01 5.240000e+01
      vertex   1.098816e+01 -2.250000e+01 4.640611e+01
    endloop
  endfacet
  facet normal 6.635772e-15 -1.000000e+00 3.010160e-15
    outer loop
      vertex   1.098816e+01 -2.250000e+01 4.640611e+01
      vertex   1.630000e+01 -2.250000e+01 5.240000e+01
      vertex   1.054588e+01 -2.250000e+01 4.620087e+01
    endloop
  endfacet
  facet normal 5.663572e-17 -1.000000e+00 9.117011e-15
    outer loop
      vertex   1.054588e+01 -2.250000e+01 4.620087e+01
      vertex   1.630000e+01 -2.250000e+01 5.240000e+01
      vertex   -7.163588e+00 -2.250000e+01 4.631088e+01
    endloop
  endfacet
  facet normal -0.000000e+00 -1.000000e+00 0.000000e+00
    outer loop
      vertex   1.054588e+01 -2.250000e+01 4.620087e+01
      vertex   -7.163588e+00 -2.250000e+01 4.631088e+01
      vertex   -6.735999e+00 -2.250000e+01 4.607656e+01
    endloop
  endfacet
  facet normal 2.964382e-14 -1.000000e+00 8.845269e-15
    outer loop
      vertex   -1.231743e+01 -2.250000e+01 4.348650e+01
      vertex   -1.222031e+01 -2.250000e+01 4.396431e+01
      vertex   -1.270000e+01 -2.250000e+01 5.240000e+01
    endloop
  endfacet
  facet normal -1.771731e-14 -1.000000e+00 6.152121e-15
    outer loop
      vertex   -1.270000e+01 -2.250000e+01 5.240000e+01
      vertex   -1.222031e+01 -2.250000e+01 4.396431e+01
      vertex   -1.206037e+01 -2.250000e+01 4.442492e+01
    endloop
  endfacet
  facet normal -1.293385e-14 -1.000000e+00 6.535771e-15
    outer loop
      vertex   -1.270000e+01 -2.250000e+01 5.240000e+01
      vertex   -1.206037e+01 -2.250000e+01 4.442492e+01
      vertex   -1.184047e+01 -2.250000e+01 4.486010e+01
    endloop
  endfacet
  facet normal 1.034019e-15 -1.000000e+00 8.128082e-15
    outer loop
      vertex   -1.184047e+01 -2.250000e+01 4.486010e+01
      vertex   -1.156452e+01 -2.250000e+01 4.526209e+01
      vertex   -1.270000e+01 -2.250000e+01 5.240000e+01
    endloop
  endfacet
  facet normal -7.487928e-15 -1.000000e+00 6.772431e-15
    outer loop
      vertex   -1.270000e+01 -2.250000e+01 5.240000e+01
      vertex   -1.156452e+01 -2.250000e+01 4.526209e+01
      vertex   -1.123745e+01 -2.250000e+01 4.562371e+01
    endloop
  endfacet
  facet normal -5.997670e-15 -1.000000e+00 7.094078e-15
    outer loop
      vertex   -1.270000e+01 -2.250000e+01 5.240000e+01
      vertex   -1.123745e+01 -2.250000e+01 4.562371e+01
      vertex   -1.086511e+01 -2.250000e+01 4.593851e+01
    endloop
  endfacet
  facet normal -4.754123e-15 -1.000000e+00 7.447212e-15
    outer loop
      vertex   -1.086511e+01 -2.250000e+01 4.593851e+01
      vertex   -1.045412e+01 -2.250000e+01 4.620087e+01
      vertex   -1.270000e+01 -2.250000e+01 5.240000e+01
    endloop
  endfacet
  facet normal 3.233828e-15 -1.000000e+00 1.034116e-14
    outer loop
      vertex   -1.270000e+01 -2.250000e+01 5.240000e+01
      vertex   -1.045412e+01 -2.250000e+01 4.620087e+01
      vertex   -1.001184e+01 -2.250000e+01 4.640611e+01
    endloop
  endfacet
  facet normal -2.421134e-15 -1.000000e+00 7.805000e-15
    outer loop
      vertex   -1.270000e+01 -2.250000e+01 5.240000e+01
      vertex   -1.001184e+01 -2.250000e+01 4.640611e+01
      vertex   -9.546143e+00 -2.250000e+01 4.655057e+01
    endloop
  endfacet
  facet normal -1.408625e-15 -1.000000e+00 8.350918e-15
    outer loop
      vertex   -9.546143e+00 -2.250000e+01 4.655057e+01
      vertex   -9.065349e+00 -2.250000e+01 4.663167e+01
      vertex   -1.270000e+01 -2.250000e+01 5.240000e+01
    endloop
  endfacet
  facet normal -3.025040e-16 -1.000000e+00 9.047890e-15
    outer loop
      vertex   -1.270000e+01 -2.250000e+01 5.240000e+01
      vertex   -9.065349e+00 -2.250000e+01 4.663167e+01
      vertex   -8.578035e+00 -2.250000e+01 4.664796e+01
    endloop
  endfacet
  facet normal 1.004446e-15 -1.000000e+00 9.984463e-15
    outer loop
      vertex   -1.270000e+01 -2.250000e+01 5.240000e+01
      vertex   -8.578035e+00 -2.250000e+01 4.664796e+01
      vertex   -8.092898e+00 -2.250000e+01 4.659916e+01
    endloop
  endfacet
  facet normal 2.700415e-15 -1.000000e+00 1.133142e-14
    outer loop
      vertex   -8.092898e+00 -2.250000e+01 4.659916e+01
      vertex   -7.618594e+00 -2.250000e+01 4.648613e+01
      vertex   -1.270000e+01 -2.250000e+01 5.240000e+01
    endloop
  endfacet
  facet normal -6.482839e-15 -1.000000e+00 3.440852e-15
    outer loop
      vertex   -1.270000e+01 -2.250000e+01 5.240000e+01
      vertex   -7.618594e+00 -2.250000e+01 4.648613e+01
      vertex   -7.163588e+00 -2.250000e+01 4.631088e+01
    endloop
  endfacet
  facet normal 1.601091e-29 -1.000000e+00 9.335249e-15
    outer loop
      vertex   -1.270000e+01 -2.250000e+01 5.240000e+01
      vertex   -7.163588e+00 -2.250000e+01 4.631088e+01
      vertex   1.630000e+01 -2.250000e+01 5.240000e+01
    endloop
  endfacet
  facet normal 0.000000e+00 -1.000000e+00 0.000000e+00
    outer loop
      vertex   1.054588e+01 -2.250000e+01 4.620087e+01
      vertex   -6.735999e+00 -2.250000e+01 4.607656e+01
      vertex   1.013489e+01 -2.250000e+01 4.593851e+01
    endloop
  endfacet
  facet normal -0.000000e+00 -1.000000e+00 0.000000e+00
    outer loop
      vertex   1.013489e+01 -2.250000e+01 4.593851e+01
      vertex   -6.735999e+00 -2.250000e+01 4.607656e+01
      vertex   -6.343458e+00 -2.250000e+01 4.578733e+01
    endloop
  endfacet
  facet normal 0.000000e+00 -1.000000e+00 0.000000e+00
    outer loop
      vertex   1.013489e+01 -2.250000e+01 4.593851e+01
      vertex   -6.343458e+00 -2.250000e+01 4.578733e+01
      vertex   9.762548e+00 -2.250000e+01 4.562371e+01
    endloop
  endfacet
  facet normal -0.000000e+00 -1.000000e+00 0.000000e+00
    outer loop
      vertex   9.762548e+00 -2.250000e+01 4.562371e+01
      vertex   -6.343458e+00 -2.250000e+01 4.578733e+01
      vertex   -5.992969e+00 -2.250000e+01 4.544837e+01
    endloop
  endfacet
  facet normal 0.000000e+00 -1.000000e+00 0.000000e+00
    outer loop
      vertex   9.762548e+00 -2.250000e+01 4.562371e+01
      vertex   -5.992969e+00 -2.250000e+01 4.544837e+01
      vertex   9.435483e+00 -2.250000e+01 4.526209e+01
    endloop
  endfacet
  facet normal -0.000000e+00 -1.000000e+00 0.000000e+00
    outer loop
      vertex   9.435483e+00 -2.250000e+01 4.526209e+01
      vertex   -5.992969e+00 -2.250000e+01 4.544837e+01
      vertex   -5.690788e+00 -2.250000e+01 4.506571e+01
    endloop
  endfacet
  facet normal -1.157728e-16 -1.000000e+00 8.917370e-15
    outer loop
      vertex   9.435483e+00 -2.250000e+01 4.526209e+01
      vertex   -5.690788e+00 -2.250000e+01 4.506571e+01
      vertex   9.159535e+00 -2.250000e+01 4.486010e+01
    endloop
  endfacet
  facet normal -1.229958e-16 -1.000000e+00 8.395671e-15
    outer loop
      vertex   9.159535e+00 -2.250000e+01 4.486010e+01
      vertex   -5.690788e+00 -2.250000e+01 4.506571e+01
      vertex   -5.442306e+00 -2.250000e+01 4.464619e+01
    endloop
  endfacet
  facet normal 0.000000e+00 -1.000000e+00 0.000000e+00
    outer loop
      vertex   9.159535e+00 -2.250000e+01 4.486010e+01
      vertex   -5.442306e+00 -2.250000e+01 4.464619e+01
      vertex   8.939628e+00 -2.250000e+01 4.442492e+01
    endloop
  endfacet
  facet normal -0.000000e+00 -1.000000e+00 0.000000e+00
    outer loop
      vertex   8.939628e+00 -2.250000e+01 4.442492e+01
      vertex   -5.442306e+00 -2.250000e+01 4.464619e+01
      vertex   -5.251957e+00 -2.250000e+01 4.419729e+01
    endloop
  endfacet
  facet normal 0.000000e+00 -1.000000e+00 0.000000e+00
    outer loop
      vertex   8.939628e+00 -2.250000e+01 4.442492e+01
      vertex   -5.251957e+00 -2.250000e+01 4.419729e+01
      vertex   8.779688e+00 -2.250000e+01 4.396432e+01
    endloop
  endfacet
  facet normal -0.000000e+00 -1.000000e+00 0.000000e+00
    outer loop
      vertex   8.779688e+00 -2.250000e+01 4.396432e+01
      vertex   -5.251957e+00 -2.250000e+01 4.419729e+01
      vertex   -5.123139e+00 -2.250000e+01 4.372703e+01
    endloop
  endfacet
  facet normal -2.546878e-16 -1.000000e+00 1.492241e-14
    outer loop
      vertex   8.779688e+00 -2.250000e+01 4.396432e+01
      vertex   -5.123139e+00 -2.250000e+01 4.372703e+01
      vertex   8.682567e+00 -2.250000e+01 4.348650e+01
    endloop
  endfacet
  facet normal -2.591027e-16 -1.000000e+00 1.466901e-14
    outer loop
      vertex   8.682567e+00 -2.250000e+01 4.348650e+01
      vertex   -5.123139e+00 -2.250000e+01 4.372703e+01
      vertex   -5.058151e+00 -2.250000e+01 4.324379e+01
    endloop
  endfacet
  facet normal 1.033129e-15 -1.000000e+00 -5.849025e-14
    outer loop
      vertex   8.682567e+00 -2.250000e+01 4.348650e+01
      vertex   -5.058151e+00 -2.250000e+01 4.324379e+01
      vertex   8.650000e+00 -2.250000e+01 4.300000e+01
    endloop
  endfacet
  facet normal 2.073344e-15 -1.000000e+00 0.000000e+00
    outer loop
      vertex   8.650000e+00 -2.250000e+01 4.300000e+01
      vertex   -5.058151e+00 -2.250000e+01 4.324379e+01
      vertex   -5.058151e+00 -2.250000e+01 4.275621e+01
    endloop
  endfacet
  facet normal 1.033114e-15 -1.000000e+00 5.849025e-14
    outer loop
      vertex   8.650000e+00 -2.250000e+01 4.300000e+01
      vertex   -5.058151e+00 -2.250000e+01 4.275621e+01
      vertex   8.682567e+00 -2.250000e+01 4.251351e+01
    endloop
  endfacet
  facet normal 1.295495e-16 -1.000000e+00 7.334504e-15
    outer loop
      vertex   8.682567e+00 -2.250000e+01 4.251351e+01
      vertex   -5.058151e+00 -2.250000e+01 4.275621e+01
      vertex   -5.123139e+00 -2.250000e+01 4.227297e+01
    endloop
  endfacet
  facet normal 1.273420e-16 -1.000000e+00 7.461204e-15
    outer loop
      vertex   8.682567e+00 -2.250000e+01 4.251351e+01
      vertex   -5.123139e+00 -2.250000e+01 4.227297e+01
      vertex   8.779688e+00 -2.250000e+01 4.203569e+01
    endloop
  endfacet
  facet normal -0.000000e+00 -1.000000e+00 0.000000e+00
    outer loop
      vertex   8.779688e+00 -2.250000e+01 4.203569e+01
      vertex   -5.123139e+00 -2.250000e+01 4.227297e+01
      vertex   -5.251957e+00 -2.250000e+01 4.180271e+01
    endloop
  endfacet
  facet normal 0.000000e+00 -1.000000e+00 -0.000000e+00
    outer loop
      vertex   8.779688e+00 -2.250000e+01 4.203569e+01
      vertex   -5.251957e+00 -2.250000e+01 4.180271e+01
      vertex   8.939628e+00 -2.250000e+01 4.157508e+01
    endloop
  endfacet
  facet normal -0.000000e+00 -1.000000e+00 0.000000e+00
    outer loop
      vertex   8.939628e+00 -2.250000e+01 4.157508e+01
      vertex   -5.251957e+00 -2.250000e+01 4.180271e+01
      vertex   -5.442306e+00 -2.250000e+01 4.135381e+01
    endloop
  endfacet
  facet normal 0.000000e+00 -1.000000e+00 -0.000000e+00
    outer loop
      vertex   8.939628e+00 -2.250000e+01 4.157508e+01
      vertex   -5.442306e+00 -2.250000e+01 4.135381e+01
      vertex   9.159535e+00 -2.250000e+01 4.113990e+01
    endloop
  endfacet
  facet normal 1.229938e-16 -1.000000e+00 8.395672e-15
    outer loop
      vertex   9.159535e+00 -2.250000e+01 4.113990e+01
      vertex   -5.442306e+00 -2.250000e+01 4.135381e+01
      vertex   -5.690788e+00 -2.250000e+01 4.093429e+01
    endloop
  endfacet
  facet normal 1.157707e-16 -1.000000e+00 8.917368e-15
    outer loop
      vertex   9.159535e+00 -2.250000e+01 4.113990e+01
      vertex   -5.690788e+00 -2.250000e+01 4.093429e+01
      vertex   9.435483e+00 -2.250000e+01 4.073792e+01
    endloop
  endfacet
  facet normal -0.000000e+00 -1.000000e+00 0.000000e+00
    outer loop
      vertex   9.435483e+00 -2.250000e+01 4.073792e+01
      vertex   -5.690788e+00 -2.250000e+01 4.093429e+01
      vertex   -5.992969e+00 -2.250000e+01 4.055164e+01
    endloop
  endfacet
  facet normal 0.000000e+00 -1.000000e+00 -0.000000e+00
    outer loop
      vertex   9.435483e+00 -2.250000e+01 4.073792e+01
      vertex   -5.992969e+00 -2.250000e+01 4.055164e+01
      vertex   9.762548e+00 -2.250000e+01 4.037630e+01
    endloop
  endfacet
  facet normal -0.000000e+00 -1.000000e+00 0.000000e+00
    outer loop
      vertex   9.762548e+00 -2.250000e+01 4.037630e+01
      vertex   -5.992969e+00 -2.250000e+01 4.055164e+01
      vertex   -6.343458e+00 -2.250000e+01 4.021267e+01
    endloop
  endfacet
  facet normal 0.000000e+00 -1.000000e+00 -0.000000e+00
    outer loop
      vertex   9.762548e+00 -2.250000e+01 4.037630e+01
      vertex   -6.343458e+00 -2.250000e+01 4.021267e+01
      vertex   1.013489e+01 -2.250000e+01 4.006150e+01
    endloop
  endfacet
  facet normal -0.000000e+00 -1.000000e+00 0.000000e+00
    outer loop
      vertex   1.013489e+01 -2.250000e+01 4.006150e+01
      vertex   -6.343458e+00 -2.250000e+01 4.021267e+01
      vertex   -6.735999e+00 -2.250000e+01 3.992344e+01
    endloop
  endfacet
  facet normal 0.000000e+00 -1.000000e+00 -0.000000e+00
    outer loop
      vertex   1.013489e+01 -2.250000e+01 4.006150e+01
      vertex   -6.735999e+00 -2.250000e+01 3.992344e+01
      vertex   1.054588e+01 -2.250000e+01 3.979914e+01
    endloop
  endfacet
  facet normal -0.000000e+00 -1.000000e+00 0.000000e+00
    outer loop
      vertex   1.054588e+01 -2.250000e+01 3.979914e+01
      vertex   -6.735999e+00 -2.250000e+01 3.992344e+01
      vertex   -7.163588e+00 -2.250000e+01 3.968912e+01
    endloop
  endfacet
  facet normal 9.986295e-01 -5.233596e-02 0.000000e+00
    outer loop
      vertex   2.230000e+01 -1.650000e+01 3.360000e+01
      vertex   2.230000e+01 -1.650000e+01 5.240000e+01
      vertex   2.226713e+01 -1.712717e+01 4.300000e+01
    endloop
  endfacet
  facet normal 9.986295e-01 -5.233596e-02 3.972106e-16
    outer loop
      vertex   2.226713e+01 -1.712717e+01 4.300000e+01
      vertex   2.230000e+01 -1.650000e+01 5.240000e+01
      vertex   2.226713e+01 -1.712717e+01 5.240000e+01
    endloop
  endfacet
  facet normal 9.876883e-01 -1.564345e-01 4.324192e-16
    outer loop
      vertex   2.226713e+01 -1.712717e+01 4.300000e+01
      vertex   2.226713e+01 -1.712717e+01 5.240000e+01
      vertex   2.216889e+01 -1.774747e+01 4.300000e+01
    endloop
  endfacet
  facet normal 9.876883e-01 -1.564345e-01 8.648385e-16
    outer loop
      vertex   2.216889e+01 -1.774747e+01 4.300000e+01
      vertex   2.226713e+01 -1.712717e+01 5.240000e+01
      vertex   2.216889e+01 -1.774747e+01 5.240000e+01
    endloop
  endfacet
  facet normal 9.659258e-01 -2.588190e-01 9.257804e-16
    outer loop
      vertex   2.216889e+01 -1.774747e+01 4.300000e+01
      vertex   2.216889e+01 -1.774747e+01 5.240000e+01
      vertex   2.200634e+01 -1.835410e+01 4.300000e+01
    endloop
  endfacet
  facet normal 9.659258e-01 -2.588190e-01 4.628902e-16
    outer loop
      vertex   2.200634e+01 -1.835410e+01 4.300000e+01
      vertex   2.216889e+01 -1.774747e+01 5.240000e+01
      vertex   2.200634e+01 -1.835410e+01 5.240000e+01
    endloop
  endfacet
  facet normal 9.335804e-01 -3.583679e-01 4.882896e-16
    outer loop
      vertex   2.200634e+01 -1.835410e+01 4.300000e+01
      vertex   2.200634e+01 -1.835410e+01 5.240000e+01
      vertex   2.178127e+01 -1.894042e+01 4.300000e+01
    endloop
  endfacet
  facet normal 9.335804e-01 -3.583679e-01 1.600313e-15
    outer loop
      vertex   2.178127e+01 -1.894042e+01 4.300000e+01
      vertex   2.200634e+01 -1.835410e+01 5.240000e+01
      vertex   2.178127e+01 -1.894042e+01 5.240000e+01
    endloop
  endfacet
  facet normal 8.910065e-01 -4.539905e-01 1.696603e-15
    outer loop
      vertex   2.178127e+01 -1.894042e+01 4.300000e+01
      vertex   2.178127e+01 -1.894042e+01 5.240000e+01
      vertex   2.149615e+01 -1.950000e+01 4.300000e+01
    endloop
  endfacet
  facet normal 8.910065e-01 -4.539905e-01 1.525018e-15
    outer loop
      vertex   2.149615e+01 -1.950000e+01 4.300000e+01
      vertex   2.178127e+01 -1.894042e+01 5.240000e+01
      vertex   2.149615e+01 -1.950000e+01 5.240000e+01
    endloop
  endfacet
  facet normal 8.386706e-01 -5.446390e-01 1.568458e-15
    outer loop
      vertex   2.149615e+01 -1.950000e+01 4.300000e+01
      vertex   2.149615e+01 -1.950000e+01 5.240000e+01
      vertex   2.115410e+01 -2.002671e+01 4.300000e+01
    endloop
  endfacet
  facet normal 8.386706e-01 -5.446390e-01 1.663175e-15
    outer loop
      vertex   2.115410e+01 -2.002671e+01 4.300000e+01
      vertex   2.149615e+01 -1.950000e+01 5.240000e+01
      vertex   2.115410e+01 -2.002671e+01 5.240000e+01
    endloop
  endfacet
  facet normal 7.771460e-01 -6.293204e-01 1.776695e-15
    outer loop
      vertex   2.115410e+01 -2.002671e+01 4.300000e+01
      vertex   2.115410e+01 -2.002671e+01 5.240000e+01
      vertex   2.075887e+01 -2.051478e+01 4.300000e+01
    endloop
  endfacet
  facet normal 7.771460e-01 -6.293204e-01 2.839838e-15
    outer loop
      vertex   2.075887e+01 -2.051478e+01 4.300000e+01
      vertex   2.115410e+01 -2.002671e+01 5.240000e+01
      vertex   2.075887e+01 -2.051478e+01 5.240000e+01
    endloop
  endfacet
  facet normal 7.071068e-01 -7.071068e-01 2.939748e-15
    outer loop
      vertex   2.075887e+01 -2.051478e+01 4.300000e+01
      vertex   2.075887e+01 -2.051478e+01 5.240000e+01
      vertex   2.031478e+01 -2.095887e+01 4.300000e+01
    endloop
  endfacet
  facet normal 7.071068e-01 -7.071068e-01 2.672498e-15
    outer loop
      vertex   2.031478e+01 -2.095887e+01 4.300000e+01
      vertex   2.075887e+01 -2.051478e+01 5.240000e+01
      vertex   2.031478e+01 -2.095887e+01 5.240000e+01
    endloop
  endfacet
  facet normal 6.293204e-01 -7.771460e-01 2.769598e-15
    outer loop
      vertex   2.031478e+01 -2.095887e+01 4.300000e+01
      vertex   2.031478e+01 -2.095887e+01 5.240000e+01
      vertex   1.982671e+01 -2.135410e+01 4.300000e+01
    endloop
  endfacet
  facet normal 6.293204e-01 -7.771460e-01 2.769598e-15
    outer loop
      vertex   1.982671e+01 -2.135410e+01 4.300000e+01
      vertex   2.031478e+01 -2.095887e+01 5.240000e+01
      vertex   1.982671e+01 -2.135410e+01 5.240000e+01
    endloop
  endfacet
  facet normal 5.446390e-01 -8.386706e-01 2.836355e-15
    outer loop
      vertex   1.982671e+01 -2.135410e+01 4.300000e+01
      vertex   1.982671e+01 -2.135410e+01 5.240000e+01
      vertex   1.930000e+01 -2.169615e+01 4.300000e+01
    endloop
  endfacet
  facet normal 5.446390e-01 -8.386706e-01 3.470303e-15
    outer loop
      vertex   1.930000e+01 -2.169615e+01 4.300000e+01
      vertex   1.982671e+01 -2.135410e+01 5.240000e+01
      vertex   1.930000e+01 -2.169615e+01 5.240000e+01
    endloop
  endfacet
  facet normal 4.539905e-01 -8.910065e-01 3.545544e-15
    outer loop
      vertex   1.930000e+01 -2.169615e+01 4.300000e+01
      vertex   1.930000e+01 -2.169615e+01 5.240000e+01
      vertex   1.874042e+01 -2.198127e+01 4.300000e+01
    endloop
  endfacet
  facet normal 4.539905e-01 -8.910065e-01 3.545544e-15
    outer loop
      vertex   1.874042e+01 -2.198127e+01 4.300000e+01
      vertex   1.930000e+01 -2.169615e+01 5.240000e+01
      vertex   1.874042e+01 -2.198127e+01 5.240000e+01
    endloop
  endfacet
  facet normal 3.583679e-01 -9.335804e-01 3.581940e-15
    outer loop
      vertex   1.874042e+01 -2.198127e+01 4.300000e+01
      vertex   1.874042e+01 -2.198127e+01 5.240000e+01
      vertex   1.815410e+01 -2.220634e+01 4.300000e+01
    endloop
  endfacet
  facet normal 3.583679e-01 -9.335804e-01 3.446495e-15
    outer loop
      vertex   1.815410e+01 -2.220634e+01 4.300000e+01
      vertex   1.874042e+01 -2.198127e+01 5.240000e+01
      vertex   1.815410e+01 -2.220634e+01 5.240000e+01
    endloop
  endfacet
  facet normal 2.588190e-01 -9.659258e-01 3.481270e-15
    outer loop
      vertex   1.815410e+01 -2.220634e+01 4.300000e+01
      vertex   1.815410e+01 -2.220634e+01 5.240000e+01
      vertex   1.754747e+01 -2.236889e+01 4.300000e+01
    endloop
  endfacet
  facet normal 2.588190e-01 -9.659258e-01 3.748520e-15
    outer loop
      vertex   1.754747e+01 -2.236889e+01 4.300000e+01
      vertex   1.815410e+01 -2.220634e+01 5.240000e+01
      vertex   1.754747e+01 -2.236889e+01 5.240000e+01
    endloop
  endfacet
  facet normal 1.564345e-01 -9.876883e-01 3.792075e-15
    outer loop
      vertex   1.754747e+01 -2.236889e+01 4.300000e+01
      vertex   1.754747e+01 -2.236889e+01 5.240000e+01
      vertex   1.692717e+01 -2.246713e+01 4.300000e+01
    endloop
  endfacet
  facet normal 1.564345e-01 -9.876883e-01 2.986361e-15
    outer loop
      vertex   1.692717e+01 -2.246713e+01 4.300000e+01
      vertex   1.754747e+01 -2.236889e+01 5.240000e+01
      vertex   1.692717e+01 -2.246713e+01 5.240000e+01
    endloop
  endfacet
  facet normal 5.233596e-02 -9.986295e-01 3.019442e-15
    outer loop
      vertex   1.692717e+01 -2.246713e+01 4.300000e+01
      vertex   1.692717e+01 -2.246713e+01 5.240000e+01
      vertex   1.630000e+01 -2.250000e+01 5.240000e+01
    endloop
  endfacet
  facet normal 5.233596e-02 -9.986295e-01 3.585588e-15
    outer loop
      vertex   1.630000e+01 -2.250000e+01 5.240000e+01
      vertex   1.630000e+01 -2.250000e+01 3.360000e+01
      vertex   1.692717e+01 -2.246713e+01 4.300000e+01
    endloop
  endfacet
  facet normal 5.233596e-02 -9.986295e-01 3.039223e-15
    outer loop
      vertex   1.692717e+01 -2.246713e+01 4.300000e+01
      vertex   1.630000e+01 -2.250000e+01 3.360000e+01
      vertex   1.692717e+01 -2.246713e+01 3.360000e+01
    endloop
  endfacet
  facet normal 1.564345e-01 -9.876883e-01 3.045485e-15
    outer loop
      vertex   1.692717e+01 -2.246713e+01 4.300000e+01
      vertex   1.692717e+01 -2.246713e+01 3.360000e+01
      vertex   1.754747e+01 -2.236889e+01 4.300000e+01
    endloop
  endfacet
  facet normal 1.564345e-01 -9.876883e-01 3.045485e-15
    outer loop
      vertex   1.754747e+01 -2.236889e+01 4.300000e+01
      vertex   1.692717e+01 -2.246713e+01 3.360000e+01
      vertex   1.754747e+01 -2.236889e+01 3.360000e+01
    endloop
  endfacet
  facet normal 2.588190e-01 -9.659258e-01 3.018380e-15
    outer loop
      vertex   1.754747e+01 -2.236889e+01 4.300000e+01
      vertex   1.754747e+01 -2.236889e+01 3.360000e+01
      vertex   1.815410e+01 -2.220634e+01 4.300000e+01
    endloop
  endfacet
  facet normal 2.588190e-01 -9.659258e-01 3.018380e-15
    outer loop
      vertex   1.815410e+01 -2.220634e+01 4.300000e+01
      vertex   1.754747e+01 -2.236889e+01 3.360000e+01
      vertex   1.815410e+01 -2.220634e+01 3.360000e+01
    endloop
  endfacet
  facet normal 3.583679e-01 -9.335804e-01 2.958205e-15
    outer loop
      vertex   1.815410e+01 -2.220634e+01 4.300000e+01
      vertex   1.815410e+01 -2.220634e+01 3.360000e+01
      vertex   1.874042e+01 -2.198127e+01 4.300000e+01
    endloop
  endfacet
  facet normal 3.583679e-01 -9.335804e-01 2.387960e-15
    outer loop
      vertex   1.874042e+01 -2.198127e+01 4.300000e+01
      vertex   1.815410e+01 -2.220634e+01 3.360000e+01
      vertex   1.874042e+01 -2.198127e+01 3.360000e+01
    endloop
  endfacet
  facet normal 4.539905e-01 -8.910065e-01 2.363696e-15
    outer loop
      vertex   1.874042e+01 -2.198127e+01 4.300000e+01
      vertex   1.874042e+01 -2.198127e+01 3.360000e+01
      vertex   1.930000e+01 -2.169615e+01 4.300000e+01
    endloop
  endfacet
  facet normal 4.539905e-01 -8.910065e-01 2.363696e-15
    outer loop
      vertex   1.930000e+01 -2.169615e+01 4.300000e+01
      vertex   1.874042e+01 -2.198127e+01 3.360000e+01
      vertex   1.930000e+01 -2.169615e+01 3.360000e+01
    endloop
  endfacet
  facet normal 5.446390e-01 -8.386706e-01 2.313535e-15
    outer loop
      vertex   1.930000e+01 -2.169615e+01 4.300000e+01
      vertex   1.930000e+01 -2.169615e+01 3.360000e+01
      vertex   1.982671e+01 -2.135410e+01 4.300000e+01
    endloop
  endfacet
  facet normal 5.446390e-01 -8.386706e-01 2.630509e-15
    outer loop
      vertex   1.982671e+01 -2.135410e+01 4.300000e+01
      vertex   1.930000e+01 -2.169615e+01 3.360000e+01
      vertex   1.982671e+01 -2.135410e+01 3.360000e+01
    endloop
  endfacet
  facet normal 6.293204e-01 -7.771460e-01 2.531748e-15
    outer loop
      vertex   1.982671e+01 -2.135410e+01 4.300000e+01
      vertex   1.982671e+01 -2.135410e+01 3.360000e+01
      vertex   2.031478e+01 -2.095887e+01 4.300000e+01
    endloop
  endfacet
  facet normal 6.293204e-01 -7.771460e-01 1.944306e-15
    outer loop
      vertex   2.031478e+01 -2.095887e+01 4.300000e+01
      vertex   1.982671e+01 -2.135410e+01 3.360000e+01
      vertex   2.031478e+01 -2.095887e+01 3.360000e+01
    endloop
  endfacet
  facet normal 7.071068e-01 -7.071068e-01 1.870748e-15
    outer loop
      vertex   2.031478e+01 -2.095887e+01 4.300000e+01
      vertex   2.031478e+01 -2.095887e+01 3.360000e+01
      vertex   2.075887e+01 -2.051478e+01 4.300000e+01
    endloop
  endfacet
  facet normal 7.071068e-01 -7.071068e-01 1.336249e-15
    outer loop
      vertex   2.075887e+01 -2.051478e+01 4.300000e+01
      vertex   2.031478e+01 -2.095887e+01 3.360000e+01
      vertex   2.075887e+01 -2.051478e+01 3.360000e+01
    endloop
  endfacet
  facet normal 7.771460e-01 -6.293204e-01 1.300994e-15
    outer loop
      vertex   2.075887e+01 -2.051478e+01 4.300000e+01
      vertex   2.075887e+01 -2.051478e+01 3.360000e+01
      vertex   2.115410e+01 -2.002671e+01 4.300000e+01
    endloop
  endfacet
  facet normal 7.771460e-01 -6.293204e-01 1.832565e-15
    outer loop
      vertex   2.115410e+01 -2.002671e+01 4.300000e+01
      vertex   2.075887e+01 -2.051478e+01 3.360000e+01
      vertex   2.115410e+01 -2.002671e+01 3.360000e+01
    endloop
  endfacet
  facet normal 8.386706e-01 -5.446390e-01 1.774304e-15
    outer loop
      vertex   2.115410e+01 -2.002671e+01 4.300000e+01
      vertex   2.115410e+01 -2.002671e+01 3.360000e+01
      vertex   2.149615e+01 -1.950000e+01 4.300000e+01
    endloop
  endfacet
  facet normal 8.386706e-01 -5.446390e-01 1.774304e-15
    outer loop
      vertex   2.149615e+01 -1.950000e+01 4.300000e+01
      vertex   2.115410e+01 -2.002671e+01 3.360000e+01
      vertex   2.149615e+01 -1.950000e+01 3.360000e+01
    endloop
  endfacet
  facet normal 8.910065e-01 -4.539905e-01 1.696603e-15
    outer loop
      vertex   2.149615e+01 -1.950000e+01 4.300000e+01
      vertex   2.149615e+01 -1.950000e+01 3.360000e+01
      vertex   2.178127e+01 -1.894042e+01 4.300000e+01
    endloop
  endfacet
  facet normal 8.910065e-01 -4.539905e-01 1.353433e-15
    outer loop
      vertex   2.178127e+01 -1.894042e+01 4.300000e+01
      vertex   2.149615e+01 -1.950000e+01 3.360000e+01
      vertex   2.178127e+01 -1.894042e+01 3.360000e+01
    endloop
  endfacet
  facet normal 9.335804e-01 -3.583679e-01 1.329424e-15
    outer loop
      vertex   2.178127e+01 -1.894042e+01 4.300000e+01
      vertex   2.178127e+01 -1.894042e+01 3.360000e+01
      vertex   2.200634e+01 -1.835410e+01 4.300000e+01
    endloop
  endfacet
  facet normal 9.335804e-01 -3.583679e-01 1.464869e-15
    outer loop
      vertex   2.200634e+01 -1.835410e+01 4.300000e+01
      vertex   2.178127e+01 -1.894042e+01 3.360000e+01
      vertex   2.200634e+01 -1.835410e+01 3.360000e+01
    endloop
  endfacet
  facet normal 9.659258e-01 -2.588190e-01 1.388671e-15
    outer loop
      vertex   2.200634e+01 -1.835410e+01 4.300000e+01
      vertex   2.200634e+01 -1.835410e+01 3.360000e+01
      vertex   2.216889e+01 -1.774747e+01 4.300000e+01
    endloop
  endfacet
  facet normal 9.659258e-01 -2.588190e-01 1.956404e-16
    outer loop
      vertex   2.216889e+01 -1.774747e+01 4.300000e+01
      vertex   2.200634e+01 -1.835410e+01 3.360000e+01
      vertex   2.216889e+01 -1.774747e+01 3.360000e+01
    endloop
  endfacet
  facet normal 9.876883e-01 -1.564345e-01 1.182483e-16
    outer loop
      vertex   2.216889e+01 -1.774747e+01 4.300000e+01
      vertex   2.216889e+01 -1.774747e+01 3.360000e+01
      vertex   2.226713e+01 -1.712717e+01 4.300000e+01
    endloop
  endfacet
  facet normal 9.876883e-01 -1.564345e-01 7.465902e-16
    outer loop
      vertex   2.226713e+01 -1.712717e+01 4.300000e+01
      vertex   2.216889e+01 -1.774747e+01 3.360000e+01
      vertex   2.226713e+01 -1.712717e+01 3.360000e+01
    endloop
  endfacet
  facet normal 9.986295e-01 -5.233596e-02 7.548606e-16
    outer loop
      vertex   2.226713e+01 -1.712717e+01 4.300000e+01
      vertex   2.226713e+01 -1.712717e+01 3.360000e+01
      vertex   2.230000e+01 -1.650000e+01 3.360000e+01
    endloop
  endfacet
  facet normal 5.781620e-15 6.818213e-15 -1.000000e+00
    outer loop
      vertex   -9.508884e+00 -1.385825e+01 3.300000e+01
      vertex   -9.818500e+00 -1.359571e+01 3.300000e+01
      vertex   -7.700000e+00 -1.435000e+01 3.300000e+01
    endloop
  endfacet
  facet normal 5.662585e-15 6.483891e-15 -1.000000e+00
    outer loop
      vertex   -7.700000e+00 -1.435000e+01 3.300000e+01
      vertex   -9.818500e+00 -1.359571e+01 3.300000e+01
      vertex   -1.021004e+01 -1.325376e+01 3.300000e+01
    endloop
  endfacet
  facet normal -7.091204e-16 -8.105283e-15 -1.000000e+00
    outer loop
      vertex   -7.700000e+00 -1.435000e+01 3.300000e+01
      vertex   -1.021004e+01 -1.325376e+01 3.300000e+01
      vertex   -7.326656e+00 -1.438266e+01 3.300000e+01
    endloop
  endfacet
  facet normal 5.921115e-15 8.829302e-15 -1.000000e+00
    outer loop
      vertex   -7.326656e+00 -1.438266e+01 3.300000e+01
      vertex   -1.021004e+01 -1.325376e+01 3.300000e+01
      vertex   -1.064179e+01 -1.296422e+01 3.300000e+01
    endloop
  endfacet
  facet normal -3.591199e-15 -1.340254e-14 -1.000000e+00
    outer loop
      vertex   -7.326656e+00 -1.438266e+01 3.300000e+01
      vertex   -1.064179e+01 -1.296422e+01 3.300000e+01
      vertex   -6.964656e+00 -1.447966e+01 3.300000e+01
    endloop
  endfacet
  facet normal 1.717239e-17 -4.647021e-15 -1.000000e+00
    outer loop
      vertex   -6.964656e+00 -1.447966e+01 3.300000e+01
      vertex   -1.064179e+01 -1.296422e+01 3.300000e+01
      vertex   9.374463e+00 -1.289025e+01 3.300000e+01
    endloop
  endfacet
  facet normal -5.160985e-16 8.350076e-16 -1.000000e+00
    outer loop
      vertex   -6.964656e+00 -1.447966e+01 3.300000e+01
      vertex   9.374463e+00 -1.289025e+01 3.300000e+01
      vertex   8.932267e+00 -1.316356e+01 3.300000e+01
    endloop
  endfacet
  facet normal 0.000000e+00 0.000000e+00 -1.000000e+00
    outer loop
      vertex   -1.064179e+01 -1.296422e+01 3.300000e+01
      vertex   -1.110676e+01 -1.273177e+01 3.300000e+01
      vertex   9.374463e+00 -1.289025e+01 3.300000e+01
    endloop
  endfacet
  facet normal 0.000000e+00 0.000000e+00 -1.000000e+00
    outer loop
      vertex   9.374463e+00 -1.289025e+01 3.300000e+01
      vertex   -1.110676e+01 -1.273177e+01 3.300000e+01
      vertex   9.847746e+00 -1.267522e+01 3.300000e+01
    endloop
  endfacet
  facet normal 7.965238e-18 -2.951701e-15 -1.000000e+00
    outer loop
      vertex   9.847746e+00 -1.267522e+01 3.300000e+01
      vertex   -1.110676e+01 -1.273177e+01 3.300000e+01
      vertex   -1.810000e+01 4.099982e+00 3.300000e+01
    endloop
  endfacet
  facet normal 6.042705e-16 -1.958247e-15 -1.000000e+00
    outer loop
      vertex   9.847746e+00 -1.267522e+01 3.300000e+01
      vertex   -1.810000e+01 4.099982e+00 3.300000e+01
      vertex   1.034448e+01 -1.252194e+01 3.300000e+01
    endloop
  endfacet
  facet normal 0.000000e+00 -2.992312e-15 -1.000000e+00
    outer loop
      vertex   1.034448e+01 -1.252194e+01 3.300000e+01
      vertex   -1.810000e+01 4.099982e+00 3.300000e+01
      vertex   2.170000e+01 4.099982e+00 3.300000e+01
    endloop
  endfacet
  facet normal 5.904392e-16 -3.395680e-15 -1.000000e+00
    outer loop
      vertex   1.034448e+01 -1.252194e+01 3.300000e+01
      vertex   2.170000e+01 4.099982e+00 3.300000e+01
      vertex   1.085663e+01 -1.243289e+01 3.300000e+01
    endloop
  endfacet
  facet normal 1.396236e-16 -3.100005e-15 -1.000000e+00
    outer loop
      vertex   1.085663e+01 -1.243289e+01 3.300000e+01
      vertex   2.170000e+01 4.099982e+00 3.300000e+01
      vertex   1.137595e+01 -1.240950e+01 3.300000e+01
    endloop
  endfacet
  facet normal -2.358761e-16 -2.865190e-15 -1.000000e+00
    outer loop
      vertex   1.137595e+01 -1.240950e+01 3.300000e+01
      vertex   2.170000e+01 4.099982e+00 3.300000e+01
      vertex   1.189404e+01 -1.245215e+01 3.300000e+01
    endloop
  endfacet
  facet normal -5.669084e-16 -2.669077e-15 -1.000000e+00
    outer loop
      vertex   1.189404e+01 -1.245215e+01 3.300000e+01
      vertex   2.170000e+01 4.099982e+00 3.300000e+01
      vertex   1.240254e+01 -1.256016e+01 3.300000e+01
    endloop
  endfacet
  facet normal -8.736059e-16 -2.497919e-15 -1.000000e+00
    outer loop
      vertex   1.240254e+01 -1.256016e+01 3.300000e+01
      vertex   2.170000e+01 4.099982e+00 3.300000e+01
      vertex   1.289324e+01 -1.273177e+01 3.300000e+01
    endloop
  endfacet
  facet normal -1.170983e-15 -2.342324e-15 -1.000000e+00
    outer loop
      vertex   1.289324e+01 -1.273177e+01 3.300000e+01
      vertex   2.170000e+01 4.099982e+00 3.300000e+01
      vertex   1.335821e+01 -1.296422e+01 3.300000e+01
    endloop
  endfacet
  facet normal 6.084921e-16 -3.212216e-15 -1.000000e+00
    outer loop
      vertex   1.335821e+01 -1.296422e+01 3.300000e+01
      vertex   2.170000e+01 4.099982e+00 3.300000e+01
      vertex   1.703534e+01 -1.447966e+01 3.300000e+01
    endloop
  endfacet
  facet normal -3.591199e-15 -1.340254e-14 -1.000000e+00
    outer loop
      vertex   1.335821e+01 -1.296422e+01 3.300000e+01
      vertex   1.703534e+01 -1.447966e+01 3.300000e+01
      vertex   1.667334e+01 -1.438266e+01 3.300000e+01
    endloop
  endfacet
  facet normal -1.209166e-15 -3.457393e-15 -1.000000e+00
    outer loop
      vertex   -1.110676e+01 -1.273177e+01 3.300000e+01
      vertex   -1.159746e+01 -1.256016e+01 3.300000e+01
      vertex   -1.810000e+01 4.099982e+00 3.300000e+01
    endloop
  endfacet
  facet normal -6.914248e-16 -3.255316e-15 -1.000000e+00
    outer loop
      vertex   -1.810000e+01 4.099982e+00 3.300000e+01
      vertex   -1.159746e+01 -1.256016e+01 3.300000e+01
      vertex   -1.210596e+01 -1.245215e+01 3.300000e+01
    endloop
  endfacet
  facet normal -2.549817e-16 -3.097266e-15 -1.000000e+00
    outer loop
      vertex   -1.810000e+01 4.099982e+00 3.300000e+01
      vertex   -1.210596e+01 -1.245215e+01 3.300000e+01
      vertex   -1.262405e+01 -1.240950e+01 3.300000e+01
    endloop
  endfacet
  facet normal 1.336938e-16 -2.968348e-15 -1.000000e+00
    outer loop
      vertex   -1.262405e+01 -1.240950e+01 3.300000e+01
      vertex   -1.314337e+01 -1.243289e+01 3.300000e+01
      vertex   -1.810000e+01 4.099982e+00 3.300000e+01
    endloop
  endfacet
  facet normal 4.971862e-16 -2.859372e-15 -1.000000e+00
    outer loop
      vertex   -1.810000e+01 4.099982e+00 3.300000e+01
      vertex   -1.314337e+01 -1.243289e+01 3.300000e+01
      vertex   -1.365552e+01 -1.252194e+01 3.300000e+01
    endloop
  endfacet
  facet normal 8.529808e-16 -2.764237e-15 -1.000000e+00
    outer loop
      vertex   -1.810000e+01 4.099982e+00 3.300000e+01
      vertex   -1.365552e+01 -1.252194e+01 3.300000e+01
      vertex   -1.415225e+01 -1.267522e+01 3.300000e+01
    endloop
  endfacet
  facet normal 1.216981e-15 -2.678576e-15 -1.000000e+00
    outer loop
      vertex   -1.415225e+01 -1.267522e+01 3.300000e+01
      vertex   -1.462554e+01 -1.289025e+01 3.300000e+01
      vertex   -1.810000e+01 4.099982e+00 3.300000e+01
    endloop
  endfacet
  facet normal 1.606350e-15 -2.598951e-15 -1.000000e+00
    outer loop
      vertex   -1.810000e+01 4.099982e+00 3.300000e+01
      vertex   -1.462554e+01 -1.289025e+01 3.300000e+01
      vertex   -1.506773e+01 -1.316356e+01 3.300000e+01
    endloop
  endfacet
  facet normal 2.042823e-15 -2.522286e-15 -1.000000e+00
    outer loop
      vertex   -1.810000e+01 4.099982e+00 3.300000e+01
      vertex   -1.506773e+01 -1.316356e+01 3.300000e+01
      vertex   -1.547170e+01 -1.349074e+01 3.300000e+01
    endloop
  endfacet
  facet normal 2.557937e-15 -2.445321e-15 -1.000000e+00
    outer loop
      vertex   -1.547170e+01 -1.349074e+01 3.300000e+01
      vertex   -1.583092e+01 -1.386650e+01 3.300000e+01
      vertex   -1.810000e+01 4.099982e+00 3.300000e+01
    endloop
  endfacet
  facet normal 3.203229e-15 -2.363824e-15 -1.000000e+00
    outer loop
      vertex   -1.810000e+01 4.099982e+00 3.300000e+01
      vertex   -1.583092e+01 -1.386650e+01 3.300000e+01
      vertex   -1.613959e+01 -1.428478e+01 3.300000e+01
    endloop
  endfacet
  facet normal -3.741121e-15 -3.104316e-15 -1.000000e+00
    outer loop
      vertex   -1.810000e+01 4.099982e+00 3.300000e+01
      vertex   -1.613959e+01 -1.428478e+01 3.300000e+01
      vertex   -1.810000e+01 -1.650000e+01 3.300000e+01
    endloop
  endfacet
  facet normal 2.819918e-14 -3.137067e-14 -1.000000e+00
    outer loop
      vertex   -1.810000e+01 -1.650000e+01 3.300000e+01
      vertex   -1.613959e+01 -1.428478e+01 3.300000e+01
      vertex   -1.639273e+01 -1.473883e+01 3.300000e+01
    endloop
  endfacet
  facet normal -7.099169e-15 2.847415e-15 -1.000000e+00
    outer loop
      vertex   -1.810000e+01 -1.650000e+01 3.300000e+01
      vertex   -1.639273e+01 -1.473883e+01 3.300000e+01
      vertex   -1.658625e+01 -1.522131e+01 3.300000e+01
    endloop
  endfacet
  facet normal -6.014467e-15 1.563310e-15 -1.000000e+00
    outer loop
      vertex   -1.658625e+01 -1.522131e+01 3.300000e+01
      vertex   -1.671702e+01 -1.572443e+01 3.300000e+01
      vertex   -1.810000e+01 -1.650000e+01 3.300000e+01
    endloop
  endfacet
  facet normal 2.789795e-15 -1.413632e-14 -1.000000e+00
    outer loop
      vertex   -1.810000e+01 -1.650000e+01 3.300000e+01
      vertex   -1.671702e+01 -1.572443e+01 3.300000e+01
      vertex   -1.678294e+01 -1.624008e+01 3.300000e+01
    endloop
  endfacet
  facet normal 0.000000e+00 0.000000e+00 -1.000000e+00
    outer loop
      vertex   -1.810000e+01 -1.650000e+01 3.300000e+01
      vertex   -1.678294e+01 -1.624008e+01 3.300000e+01
      vertex   -1.678294e+01 -1.675992e+01 3.300000e+01
    endloop
  endfacet
  facet normal 0.000000e+00 0.000000e+00 -1.000000e+00
    outer loop
      vertex   -1.810000e+01 -1.650000e+01 3.300000e+01
      vertex   -1.678294e+01 -1.675992e+01 3.300000e+01
      vertex   -1.806605e+01 -1.710461e+01 3.300000e+01
    endloop
  endfacet
  facet normal 0.000000e+00 0.000000e+00 -1.000000e+00
    outer loop
      vertex   -1.806605e+01 -1.710461e+01 3.300000e+01
      vertex   -1.678294e+01 -1.675992e+01 3.300000e+01
      vertex   -1.671702e+01 -1.727557e+01 3.300000e+01
    endloop
  endfacet
  facet normal 0.000000e+00 0.000000e+00 -1.000000e+00
    outer loop
      vertex   -1.806605e+01 -1.710461e+01 3.300000e+01
      vertex   -1.671702e+01 -1.727557e+01 3.300000e+01
      vertex   -1.796461e+01 -1.770161e+01 3.300000e+01
    endloop
  endfacet
  facet normal 0.000000e+00 0.000000e+00 -1.000000e+00
    outer loop
      vertex   -1.796461e+01 -1.770161e+01 3.300000e+01
      vertex   -1.671702e+01 -1.727557e+01 3.300000e+01
      vertex   -1.658625e+01 -1.777869e+01 3.300000e+01
    endloop
  endfacet
  facet normal 0.000000e+00 0.000000e+00 -1.000000e+00
    outer loop
      vertex   -1.796461e+01 -1.770161e+01 3.300000e+01
      vertex   -1.658625e+01 -1.777869e+01 3.300000e+01
      vertex   -1.779697e+01 -1.828351e+01 3.300000e+01
    endloop
  endfacet
  facet normal 0.000000e+00 0.000000e+00 -1.000000e+00
    outer loop
      vertex   -1.779697e+01 -1.828351e+01 3.300000e+01
      vertex   -1.658625e+01 -1.777869e+01 3.300000e+01
      vertex   -1.639273e+01 -1.826117e+01 3.300000e+01
    endloop
  endfacet
  facet normal 2.006994e-16 -1.261726e-14 -1.000000e+00
    outer loop
      vertex   -1.779697e+01 -1.828351e+01 3.300000e+01
      vertex   -1.639273e+01 -1.826117e+01 3.300000e+01
      vertex   -1.756523e+01 -1.884297e+01 3.300000e+01
    endloop
  endfacet
  facet normal 1.335649e-15 -1.490452e-14 -1.000000e+00
    outer loop
      vertex   -1.756523e+01 -1.884297e+01 3.300000e+01
      vertex   -1.639273e+01 -1.826117e+01 3.300000e+01
      vertex   -1.613959e+01 -1.871522e+01 3.300000e+01
    endloop
  endfacet
  facet normal 0.000000e+00 0.000000e+00 -1.000000e+00
    outer loop
      vertex   -1.756523e+01 -1.884297e+01 3.300000e+01
      vertex   -1.613959e+01 -1.871522e+01 3.300000e+01
      vertex   -1.727231e+01 -1.937297e+01 3.300000e+01
    endloop
  endfacet
  facet normal 0.000000e+00 0.000000e+00 -1.000000e+00
    outer loop
      vertex   -1.727231e+01 -1.937297e+01 3.300000e+01
      vertex   -1.613959e+01 -1.871522e+01 3.300000e+01
      vertex   -1.583092e+01 -1.913350e+01 3.300000e+01
    endloop
  endfacet
  facet normal 0.000000e+00 0.000000e+00 -1.000000e+00
    outer loop
      vertex   -1.727231e+01 -1.937297e+01 3.300000e+01
      vertex   -1.583092e+01 -1.913350e+01 3.300000e+01
      vertex   -1.692189e+01 -1.986684e+01 3.300000e+01
    endloop
  endfacet
  facet normal 0.000000e+00 0.000000e+00 -1.000000e+00
    outer loop
      vertex   -1.692189e+01 -1.986684e+01 3.300000e+01
      vertex   -1.583092e+01 -1.913350e+01 3.300000e+01
      vertex   -1.547170e+01 -1.950926e+01 3.300000e+01
    endloop
  endfacet
  facet normal 3.179598e-15 -1.289481e-14 -1.000000e+00
    outer loop
      vertex   -1.692189e+01 -1.986684e+01 3.300000e+01
      vertex   -1.547170e+01 -1.950926e+01 3.300000e+01
      vertex   -1.651838e+01 -2.031838e+01 3.300000e+01
    endloop
  endfacet
  facet normal -3.473350e-15 -4.288567e-15 -1.000000e+00
    outer loop
      vertex   -1.651838e+01 -2.031838e+01 3.300000e+01
      vertex   -1.547170e+01 -1.950926e+01 3.300000e+01
      vertex   -1.506773e+01 -1.983644e+01 3.300000e+01
    endloop
  endfacet
  facet normal -3.570682e-15 -3.995596e-15 -1.000000e+00
    outer loop
      vertex   -1.651838e+01 -2.031838e+01 3.300000e+01
      vertex   -1.506773e+01 -1.983644e+01 3.300000e+01
      vertex   -1.606684e+01 -2.072189e+01 3.300000e+01
    endloop
  endfacet
  facet normal 6.544484e-15 -1.540915e-14 -1.000000e+00
    outer loop
      vertex   -1.606684e+01 -2.072189e+01 3.300000e+01
      vertex   -1.506773e+01 -1.983644e+01 3.300000e+01
      vertex   -1.462554e+01 -2.010975e+01 3.300000e+01
    endloop
  endfacet
  facet normal 0.000000e+00 0.000000e+00 -1.000000e+00
    outer loop
      vertex   -1.606684e+01 -2.072189e+01 3.300000e+01
      vertex   -1.462554e+01 -2.010975e+01 3.300000e+01
      vertex   -1.557297e+01 -2.107231e+01 3.300000e+01
    endloop
  endfacet
  facet normal 0.000000e+00 0.000000e+00 -1.000000e+00
    outer loop
      vertex   -1.557297e+01 -2.107231e+01 3.300000e+01
      vertex   -1.462554e+01 -2.010975e+01 3.300000e+01
      vertex   -1.415225e+01 -2.032478e+01 3.300000e+01
    endloop
  endfacet
  facet normal 0.000000e+00 0.000000e+00 -1.000000e+00
    outer loop
      vertex   -1.557297e+01 -2.107231e+01 3.300000e+01
      vertex   -1.415225e+01 -2.032478e+01 3.300000e+01
      vertex   -1.504297e+01 -2.136523e+01 3.300000e+01
    endloop
  endfacet
  facet normal 0.000000e+00 0.000000e+00 -1.000000e+00
    outer loop
      vertex   -1.504297e+01 -2.136523e+01 3.300000e+01
      vertex   -1.415225e+01 -2.032478e+01 3.300000e+01
      vertex   -1.365552e+01 -2.047806e+01 3.300000e+01
    endloop
  endfacet
  facet normal 0.000000e+00 0.000000e+00 -1.000000e+00
    outer loop
      vertex   -1.504297e+01 -2.136523e+01 3.300000e+01
      vertex   -1.365552e+01 -2.047806e+01 3.300000e+01
      vertex   -1.448351e+01 -2.159697e+01 3.300000e+01
    endloop
  endfacet
  facet normal 0.000000e+00 0.000000e+00 -1.000000e+00
    outer loop
      vertex   -1.448351e+01 -2.159697e+01 3.300000e+01
      vertex   -1.365552e+01 -2.047806e+01 3.300000e+01
      vertex   -1.390161e+01 -2.176461e+01 3.300000e+01
    endloop
  endfacet
  facet normal 0.000000e+00 0.000000e+00 -1.000000e+00
    outer loop
      vertex   -1.390161e+01 -2.176461e+01 3.300000e+01
      vertex   -1.365552e+01 -2.047806e+01 3.300000e+01
      vertex   -1.314337e+01 -2.056711e+01 3.300000e+01
    endloop
  endfacet
  facet normal 0.000000e+00 0.000000e+00 -1.000000e+00
    outer loop
      vertex   -1.390161e+01 -2.176461e+01 3.300000e+01
      vertex   -1.314337e+01 -2.056711e+01 3.300000e+01
      vertex   -1.330461e+01 -2.186605e+01 3.300000e+01
    endloop
  endfacet
  facet normal -1.360622e-14 1.688993e-15 -1.000000e+00
    outer loop
      vertex   -1.330461e+01 -2.186605e+01 3.300000e+01
      vertex   -1.314337e+01 -2.056711e+01 3.300000e+01
      vertex   -1.262405e+01 -2.059050e+01 3.300000e+01
    endloop
  endfacet
  facet normal -3.037319e-16 -5.408448e-15 -1.000000e+00
    outer loop
      vertex   -1.330461e+01 -2.186605e+01 3.300000e+01
      vertex   -1.262405e+01 -2.059050e+01 3.300000e+01
      vertex   -1.270000e+01 -2.190000e+01 3.300000e+01
    endloop
  endfacet
  facet normal 1.422932e-14 -6.251346e-15 -1.000000e+00
    outer loop
      vertex   -1.270000e+01 -2.190000e+01 3.300000e+01
      vertex   -1.262405e+01 -2.059050e+01 3.300000e+01
      vertex   -1.210596e+01 -2.054785e+01 3.300000e+01
    endloop
  endfacet
  facet normal 0.000000e+00 0.000000e+00 -1.000000e+00
    outer loop
      vertex   -1.270000e+01 -2.190000e+01 3.300000e+01
      vertex   -1.210596e+01 -2.054785e+01 3.300000e+01
      vertex   -1.159746e+01 -2.043984e+01 3.300000e+01
    endloop
  endfacet
  facet normal 0.000000e+00 -0.000000e+00 -1.000000e+00
    outer loop
      vertex   -1.159746e+01 -2.043984e+01 3.300000e+01
      vertex   -1.110676e+01 -2.026823e+01 3.300000e+01
      vertex   -1.270000e+01 -2.190000e+01 3.300000e+01
    endloop
  endfacet
  facet normal 0.000000e+00 0.000000e+00 -1.000000e+00
    outer loop
      vertex   -1.270000e+01 -2.190000e+01 3.300000e+01
      vertex   -1.110676e+01 -2.026823e+01 3.300000e+01
      vertex   -1.064179e+01 -2.003578e+01 3.300000e+01
    endloop
  endfacet
  facet normal 0.000000e+00 0.000000e+00 -1.000000e+00
    outer loop
      vertex   -1.270000e+01 -2.190000e+01 3.300000e+01
      vertex   -1.064179e+01 -2.003578e+01 3.300000e+01
      vertex   9.374463e+00 -2.010975e+01 3.300000e+01
    endloop
  endfacet
  facet normal -3.434477e-17 -9.294042e-15 -1.000000e+00
    outer loop
      vertex   9.374463e+00 -2.010975e+01 3.300000e+01
      vertex   -1.064179e+01 -2.003578e+01 3.300000e+01
      vertex   -6.964656e+00 -1.852034e+01 3.300000e+01
    endloop
  endfacet
  facet normal -1.969115e-15 -2.918350e-14 -1.000000e+00
    outer loop
      vertex   9.374463e+00 -2.010975e+01 3.300000e+01
      vertex   -6.964656e+00 -1.852034e+01 3.300000e+01
      vertex   8.932267e+00 -1.983644e+01 3.300000e+01
    endloop
  endfacet
  facet normal 3.795776e-16 -8.140068e-16 -1.000000e+00
    outer loop
      vertex   8.932267e+00 -1.983644e+01 3.300000e+01
      vertex   -6.964656e+00 -1.852034e+01 3.300000e+01
      vertex   -6.625000e+00 -1.836195e+01 3.300000e+01
    endloop
  endfacet
  facet normal 5.172581e-16 6.386619e-16 -1.000000e+00
    outer loop
      vertex   8.932267e+00 -1.983644e+01 3.300000e+01
      vertex   -6.625000e+00 -1.836195e+01 3.300000e+01
      vertex   8.528299e+00 -1.950926e+01 3.300000e+01
    endloop
  endfacet
  facet normal 5.054903e-16 4.832356e-16 -1.000000e+00
    outer loop
      vertex   8.528299e+00 -1.950926e+01 3.300000e+01
      vertex   -6.625000e+00 -1.836195e+01 3.300000e+01
      vertex   8.169079e+00 -1.913350e+01 3.300000e+01
    endloop
  endfacet
  facet normal 4.469960e-16 -6.383764e-16 -1.000000e+00
    outer loop
      vertex   8.169079e+00 -1.913350e+01 3.300000e+01
      vertex   -6.625000e+00 -1.836195e+01 3.300000e+01
      vertex   -6.318006e+00 -1.814700e+01 3.300000e+01
    endloop
  endfacet
  facet normal 5.164167e-16 3.810898e-16 -1.000000e+00
    outer loop
      vertex   8.169079e+00 -1.913350e+01 3.300000e+01
      vertex   -6.318006e+00 -1.814700e+01 3.300000e+01
      vertex   7.860409e+00 -1.871522e+01 3.300000e+01
    endloop
  endfacet
  facet normal 4.818338e-16 -4.818338e-16 -1.000000e+00
    outer loop
      vertex   7.860409e+00 -1.871522e+01 3.300000e+01
      vertex   -6.318006e+00 -1.814700e+01 3.300000e+01
      vertex   -6.053004e+00 -1.788199e+01 3.300000e+01
    endloop
  endfacet
  facet normal -4.412113e-16 -1.589515e-14 -1.000000e+00
    outer loop
      vertex   7.860409e+00 -1.871522e+01 3.300000e+01
      vertex   -6.053004e+00 -1.788199e+01 3.300000e+01
      vertex   7.607272e+00 -1.826117e+01 3.300000e+01
    endloop
  endfacet
  facet normal 0.000000e+00 0.000000e+00 -1.000000e+00
    outer loop
      vertex   7.607272e+00 -1.826117e+01 3.300000e+01
      vertex   -6.053004e+00 -1.788199e+01 3.300000e+01
      vertex   -5.838045e+00 -1.757500e+01 3.300000e+01
    endloop
  endfacet
  facet normal 0.000000e+00 0.000000e+00 -1.000000e+00
    outer loop
      vertex   7.607272e+00 -1.826117e+01 3.300000e+01
      vertex   -5.838045e+00 -1.757500e+01 3.300000e+01
      vertex   7.413753e+00 -1.777869e+01 3.300000e+01
    endloop
  endfacet
  facet normal 0.000000e+00 0.000000e+00 -1.000000e+00
    outer loop
      vertex   7.413753e+00 -1.777869e+01 3.300000e+01
      vertex   -5.838045e+00 -1.757500e+01 3.300000e+01
      vertex   -5.679661e+00 -1.723534e+01 3.300000e+01
    endloop
  endfacet
  facet normal 0.000000e+00 0.000000e+00 -1.000000e+00
    outer loop
      vertex   7.413753e+00 -1.777869e+01 3.300000e+01
      vertex   -5.679661e+00 -1.723534e+01 3.300000e+01
      vertex   7.282979e+00 -1.727557e+01 3.300000e+01
    endloop
  endfacet
  facet normal 0.000000e+00 0.000000e+00 -1.000000e+00
    outer loop
      vertex   7.282979e+00 -1.727557e+01 3.300000e+01
      vertex   -5.679661e+00 -1.723534e+01 3.300000e+01
      vertex   -5.582663e+00 -1.687334e+01 3.300000e+01
    endloop
  endfacet
  facet normal 0.000000e+00 0.000000e+00 -1.000000e+00
    outer loop
      vertex   7.282979e+00 -1.727557e+01 3.300000e+01
      vertex   -5.582663e+00 -1.687334e+01 3.300000e+01
      vertex   7.217060e+00 -1.675992e+01 3.300000e+01
    endloop
  endfacet
  facet normal -0.000000e+00 0.000000e+00 -1.000000e+00
    outer loop
      vertex   7.217060e+00 -1.675992e+01 3.300000e+01
      vertex   -5.582663e+00 -1.687334e+01 3.300000e+01
      vertex   -5.550000e+00 -1.650000e+01 3.300000e+01
    endloop
  endfacet
  facet normal 0.000000e+00 0.000000e+00 -1.000000e+00
    outer loop
      vertex   7.217060e+00 -1.675992e+01 3.300000e+01
      vertex   -5.550000e+00 -1.650000e+01 3.300000e+01
      vertex   7.217060e+00 -1.624008e+01 3.300000e+01
    endloop
  endfacet
  facet normal -0.000000e+00 0.000000e+00 -1.000000e+00
    outer loop
      vertex   7.217060e+00 -1.624008e+01 3.300000e+01
      vertex   -5.550000e+00 -1.650000e+01 3.300000e+01
      vertex   -5.582663e+00 -1.612666e+01 3.300000e+01
    endloop
  endfacet
  facet normal -1.219681e-16 -1.376408e-14 -1.000000e+00
    outer loop
      vertex   7.217060e+00 -1.624008e+01 3.300000e+01
      vertex   -5.582663e+00 -1.612666e+01 3.300000e+01
      vertex   7.282979e+00 -1.572443e+01 3.300000e+01
    endloop
  endfacet
  facet normal -5.476913e-16 -1.467534e-16 -1.000000e+00
    outer loop
      vertex   7.282979e+00 -1.572443e+01 3.300000e+01
      vertex   -5.582663e+00 -1.612666e+01 3.300000e+01
      vertex   -5.679661e+00 -1.576466e+01 3.300000e+01
    endloop
  endfacet
  facet normal -5.485891e-16 1.425920e-16 -1.000000e+00
    outer loop
      vertex   7.282979e+00 -1.572443e+01 3.300000e+01
      vertex   -5.679661e+00 -1.576466e+01 3.300000e+01
      vertex   7.413753e+00 -1.522131e+01 3.300000e+01
    endloop
  endfacet
  facet normal 3.192600e-16 -2.077057e-14 -1.000000e+00
    outer loop
      vertex   7.413753e+00 -1.522131e+01 3.300000e+01
      vertex   -5.679661e+00 -1.576466e+01 3.300000e+01
      vertex   -5.838045e+00 -1.542500e+01 3.300000e+01
    endloop
  endfacet
  facet normal -0.000000e+00 0.000000e+00 -1.000000e+00
    outer loop
      vertex   7.413753e+00 -1.522131e+01 3.300000e+01
      vertex   -5.838045e+00 -1.542500e+01 3.300000e+01
      vertex   7.607272e+00 -1.473883e+01 3.300000e+01
    endloop
  endfacet
  facet normal 0.000000e+00 0.000000e+00 -1.000000e+00
    outer loop
      vertex   7.607272e+00 -1.473883e+01 3.300000e+01
      vertex   -5.838045e+00 -1.542500e+01 3.300000e+01
      vertex   -6.053004e+00 -1.511801e+01 3.300000e+01
    endloop
  endfacet
  facet normal 4.412113e-16 -1.589515e-14 -1.000000e+00
    outer loop
      vertex   7.607272e+00 -1.473883e+01 3.300000e+01
      vertex   -6.053004e+00 -1.511801e+01 3.300000e+01
      vertex   7.860409e+00 -1.428478e+01 3.300000e+01
    endloop
  endfacet
  facet normal -4.818338e-16 -4.818338e-16 -1.000000e+00
    outer loop
      vertex   7.860409e+00 -1.428478e+01 3.300000e+01
      vertex   -6.053004e+00 -1.511801e+01 3.300000e+01
      vertex   -6.318006e+00 -1.485300e+01 3.300000e+01
    endloop
  endfacet
  facet normal -5.164167e-16 3.810898e-16 -1.000000e+00
    outer loop
      vertex   7.860409e+00 -1.428478e+01 3.300000e+01
      vertex   -6.318006e+00 -1.485300e+01 3.300000e+01
      vertex   8.169079e+00 -1.386650e+01 3.300000e+01
    endloop
  endfacet
  facet normal -4.469960e-16 -6.383764e-16 -1.000000e+00
    outer loop
      vertex   8.169079e+00 -1.386650e+01 3.300000e+01
      vertex   -6.318006e+00 -1.485300e+01 3.300000e+01
      vertex   -6.625000e+00 -1.463805e+01 3.300000e+01
    endloop
  endfacet
  facet normal -5.054903e-16 4.832356e-16 -1.000000e+00
    outer loop
      vertex   8.169079e+00 -1.386650e+01 3.300000e+01
      vertex   -6.625000e+00 -1.463805e+01 3.300000e+01
      vertex   8.528299e+00 -1.349074e+01 3.300000e+01
    endloop
  endfacet
  facet normal -5.172581e-16 6.386619e-16 -1.000000e+00
    outer loop
      vertex   8.528299e+00 -1.349074e+01 3.300000e+01
      vertex   -6.625000e+00 -1.463805e+01 3.300000e+01
      vertex   8.932267e+00 -1.316356e+01 3.300000e+01
    endloop
  endfacet
  facet normal -3.795776e-16 -8.140068e-16 -1.000000e+00
    outer loop
      vertex   8.932267e+00 -1.316356e+01 3.300000e+01
      vertex   -6.625000e+00 -1.463805e+01 3.300000e+01
      vertex   -6.964656e+00 -1.447966e+01 3.300000e+01
    endloop
  endfacet
  facet normal 7.182399e-15 -2.680508e-14 -1.000000e+00
    outer loop
      vertex   -6.964656e+00 -1.852034e+01 3.300000e+01
      vertex   -1.064179e+01 -2.003578e+01 3.300000e+01
      vertex   -7.326656e+00 -1.861734e+01 3.300000e+01
    endloop
  endfacet
  facet normal 1.716530e-14 -5.013675e-14 -1.000000e+00
    outer loop
      vertex   -7.326656e+00 -1.861734e+01 3.300000e+01
      vertex   -1.064179e+01 -2.003578e+01 3.300000e+01
      vertex   -1.021004e+01 -1.974624e+01 3.300000e+01
    endloop
  endfacet
  facet normal 7.091204e-16 -8.105283e-15 -1.000000e+00
    outer loop
      vertex   -7.326656e+00 -1.861734e+01 3.300000e+01
      vertex   -1.021004e+01 -1.974624e+01 3.300000e+01
      vertex   -7.700000e+00 -1.865000e+01 3.300000e+01
    endloop
  endfacet
  facet normal -5.662585e-15 6.483891e-15 -1.000000e+00
    outer loop
      vertex   -7.700000e+00 -1.865000e+01 3.300000e+01
      vertex   -1.021004e+01 -1.974624e+01 3.300000e+01
      vertex   -9.818500e+00 -1.940429e+01 3.300000e+01
    endloop
  endfacet
  facet normal -5.781620e-15 6.818213e-15 -1.000000e+00
    outer loop
      vertex   -7.700000e+00 -1.865000e+01 3.300000e+01
      vertex   -9.818500e+00 -1.940429e+01 3.300000e+01
      vertex   -9.508884e+00 -1.914175e+01 3.300000e+01
    endloop
  endfacet
  facet normal 5.360717e-28 -1.444928e-14 -1.000000e+00
    outer loop
      vertex   -7.700000e+00 -1.865000e+01 3.300000e+01
      vertex   -9.508884e+00 -1.914175e+01 3.300000e+01
      vertex   -7.987279e+00 -1.865000e+01 3.300000e+01
    endloop
  endfacet
  facet normal 1.322191e-14 -5.536140e-14 -1.000000e+00
    outer loop
      vertex   -7.987279e+00 -1.865000e+01 3.300000e+01
      vertex   -9.508884e+00 -1.914175e+01 3.300000e+01
      vertex   -9.162175e+00 -1.893060e+01 3.300000e+01
    endloop
  endfacet
  facet normal 0.000000e+00 0.000000e+00 -1.000000e+00
    outer loop
      vertex   -7.987279e+00 -1.865000e+01 3.300000e+01
      vertex   -9.162175e+00 -1.893060e+01 3.300000e+01
      vertex   -8.786826e+00 -1.877599e+01 3.300000e+01
    endloop
  endfacet
  facet normal 0.000000e+00 0.000000e+00 -1.000000e+00
    outer loop
      vertex   -8.786826e+00 -1.877599e+01 3.300000e+01
      vertex   -8.391985e+00 -1.868169e+01 3.300000e+01
      vertex   -7.987279e+00 -1.865000e+01 3.300000e+01
    endloop
  endfacet
  facet normal 2.412323e-27 -1.444928e-14 -1.000000e+00
    outer loop
      vertex   -7.700000e+00 -1.435000e+01 3.300000e+01
      vertex   -7.987279e+00 -1.435000e+01 3.300000e+01
      vertex   -9.508884e+00 -1.385825e+01 3.300000e+01
    endloop
  endfacet
  facet normal 9.949457e-15 1.633700e-14 -1.000000e+00
    outer loop
      vertex   -9.508884e+00 -1.385825e+01 3.300000e+01
      vertex   -7.987279e+00 -1.435000e+01 3.300000e+01
      vertex   -9.162175e+00 -1.406940e+01 3.300000e+01
    endloop
  endfacet
  facet normal -1.172864e-14 -7.443125e-14 -1.000000e+00
    outer loop
      vertex   -9.162175e+00 -1.406940e+01 3.300000e+01
      vertex   -7.987279e+00 -1.435000e+01 3.300000e+01
      vertex   -8.786826e+00 -1.422401e+01 3.300000e+01
    endloop
  endfacet
  facet normal 0.000000e+00 0.000000e+00 -1.000000e+00
    outer loop
      vertex   -8.786826e+00 -1.422401e+01 3.300000e+01
      vertex   -7.987279e+00 -1.435000e+01 3.300000e+01
      vertex   -8.391985e+00 -1.431831e+01 3.300000e+01
    endloop
  endfacet
  facet normal 5.781620e-15 6.818213e-15 -1.000000e+00
    outer loop
      vertex   1.449112e+01 -1.385825e+01 3.300000e+01
      vertex   1.418150e+01 -1.359571e+01 3.300000e+01
      vertex   1.630000e+01 -1.435000e+01 3.300000e+01
    endloop
  endfacet
  facet normal 5.662585e-15 6.483891e-15 -1.000000e+00
    outer loop
      vertex   1.630000e+01 -1.435000e+01 3.300000e+01
      vertex   1.418150e+01 -1.359571e+01 3.300000e+01
      vertex   1.378996e+01 -1.325376e+01 3.300000e+01
    endloop
  endfacet
  facet normal -7.091204e-16 -8.105283e-15 -1.000000e+00
    outer loop
      vertex   1.630000e+01 -1.435000e+01 3.300000e+01
      vertex   1.378996e+01 -1.325376e+01 3.300000e+01
      vertex   1.667334e+01 -1.438266e+01 3.300000e+01
    endloop
  endfacet
  facet normal 5.921115e-15 8.829302e-15 -1.000000e+00
    outer loop
      vertex   1.667334e+01 -1.438266e+01 3.300000e+01
      vertex   1.378996e+01 -1.325376e+01 3.300000e+01
      vertex   1.335821e+01 -1.296422e+01 3.300000e+01
    endloop
  endfacet
  facet normal 0.000000e+00 -0.000000e+00 -1.000000e+00
    outer loop
      vertex   9.374463e+00 -2.010975e+01 3.300000e+01
      vertex   9.847746e+00 -2.032478e+01 3.300000e+01
      vertex   -1.270000e+01 -2.190000e+01 3.300000e+01
    endloop
  endfacet
  facet normal 0.000000e+00 0.000000e+00 -1.000000e+00
    outer loop
      vertex   -1.270000e+01 -2.190000e+01 3.300000e+01
      vertex   9.847746e+00 -2.032478e+01 3.300000e+01
      vertex   1.034448e+01 -2.047806e+01 3.300000e+01
    endloop
  endfacet
  facet normal 0.000000e+00 0.000000e+00 -1.000000e+00
    outer loop
      vertex   -1.270000e+01 -2.190000e+01 3.300000e+01
      vertex   1.034448e+01 -2.047806e+01 3.300000e+01
      vertex   1.630000e+01 -2.190000e+01 3.300000e+01
    endloop
  endfacet
  facet normal 0.000000e+00 0.000000e+00 -1.000000e+00
    outer loop
      vertex   1.630000e+01 -2.190000e+01 3.300000e+01
      vertex   1.034448e+01 -2.047806e+01 3.300000e+01
      vertex   1.085663e+01 -2.056711e+01 3.300000e+01
    endloop
  endfacet
  facet normal -1.676623e-14 -6.847135e-14 -1.000000e+00
    outer loop
      vertex   1.630000e+01 -2.190000e+01 3.300000e+01
      vertex   1.085663e+01 -2.056711e+01 3.300000e+01
      vertex   1.137595e+01 -2.059050e+01 3.300000e+01
    endloop
  endfacet
  facet normal 1.081382e-14 3.523667e-14 -1.000000e+00
    outer loop
      vertex   1.137595e+01 -2.059050e+01 3.300000e+01
      vertex   1.189404e+01 -2.054785e+01 3.300000e+01
      vertex   1.630000e+01 -2.190000e+01 3.300000e+01
    endloop
  endfacet
  facet normal 0.000000e+00 0.000000e+00 -1.000000e+00
    outer loop
      vertex   1.630000e+01 -2.190000e+01 3.300000e+01
      vertex   1.189404e+01 -2.054785e+01 3.300000e+01
      vertex   1.240254e+01 -2.043984e+01 3.300000e+01
    endloop
  endfacet
  facet normal 0.000000e+00 0.000000e+00 -1.000000e+00
    outer loop
      vertex   1.630000e+01 -2.190000e+01 3.300000e+01
      vertex   1.240254e+01 -2.043984e+01 3.300000e+01
      vertex   1.289324e+01 -2.026823e+01 3.300000e+01
    endloop
  endfacet
  facet normal 0.000000e+00 0.000000e+00 -1.000000e+00
    outer loop
      vertex   1.289324e+01 -2.026823e+01 3.300000e+01
      vertex   1.335821e+01 -2.003578e+01 3.300000e+01
      vertex   1.630000e+01 -2.190000e+01 3.300000e+01
    endloop
  endfacet
  facet normal -7.995820e-15 -1.261762e-14 -1.000000e+00
    outer loop
      vertex   1.630000e+01 -2.190000e+01 3.300000e+01
      vertex   1.335821e+01 -2.003578e+01 3.300000e+01
      vertex   1.378996e+01 -1.974624e+01 3.300000e+01
    endloop
  endfacet
  facet normal 1.427886e-15 -1.634988e-15 -1.000000e+00
    outer loop
      vertex   1.630000e+01 -2.190000e+01 3.300000e+01
      vertex   1.378996e+01 -1.974624e+01 3.300000e+01
      vertex   1.418150e+01 -1.940429e+01 3.300000e+01
    endloop
  endfacet
  facet normal 1.403773e-15 -1.655457e-15 -1.000000e+00
    outer loop
      vertex   1.418150e+01 -1.940429e+01 3.300000e+01
      vertex   1.449112e+01 -1.914175e+01 3.300000e+01
      vertex   1.630000e+01 -2.190000e+01 3.300000e+01
    endloop
  endfacet
  facet normal -2.739378e-15 -4.372571e-15 -1.000000e+00
    outer loop
      vertex   1.630000e+01 -2.190000e+01 3.300000e+01
      vertex   1.449112e+01 -1.914175e+01 3.300000e+01
      vertex   1.630000e+01 -1.865000e+01 3.300000e+01
    endloop
  endfacet
  facet normal 2.455583e-16 -4.372571e-15 -1.000000e+00
    outer loop
      vertex   1.630000e+01 -2.190000e+01 3.300000e+01
      vertex   1.630000e+01 -1.865000e+01 3.300000e+01
      vertex   1.690461e+01 -2.186605e+01 3.300000e+01
    endloop
  endfacet
  facet normal 7.275343e-16 -4.281960e-15 -1.000000e+00
    outer loop
      vertex   1.690461e+01 -2.186605e+01 3.300000e+01
      vertex   1.630000e+01 -1.865000e+01 3.300000e+01
      vertex   1.750161e+01 -2.176461e+01 3.300000e+01
    endloop
  endfacet
  facet normal 1.182989e-15 -4.106247e-15 -1.000000e+00
    outer loop
      vertex   1.750161e+01 -2.176461e+01 3.300000e+01
      vertex   1.630000e+01 -1.865000e+01 3.300000e+01
      vertex   1.808351e+01 -2.159697e+01 3.300000e+01
    endloop
  endfacet
  facet normal 4.006723e-16 -4.579705e-15 -1.000000e+00
    outer loop
      vertex   1.808351e+01 -2.159697e+01 3.300000e+01
      vertex   1.630000e+01 -1.865000e+01 3.300000e+01
      vertex   1.667334e+01 -1.861734e+01 3.300000e+01
    endloop
  endfacet
  facet normal 1.651727e-15 -3.987622e-15 -1.000000e+00
    outer loop
      vertex   1.808351e+01 -2.159697e+01 3.300000e+01
      vertex   1.667334e+01 -1.861734e+01 3.300000e+01
      vertex   1.864297e+01 -2.136523e+01 3.300000e+01
    endloop
  endfacet
  facet normal 2.047210e-15 -3.704148e-15 -1.000000e+00
    outer loop
      vertex   1.864297e+01 -2.136523e+01 3.300000e+01
      vertex   1.667334e+01 -1.861734e+01 3.300000e+01
      vertex   1.917297e+01 -2.107231e+01 3.300000e+01
    endloop
  endfacet
  facet normal 1.218590e-15 -4.547841e-15 -1.000000e+00
    outer loop
      vertex   1.917297e+01 -2.107231e+01 3.300000e+01
      vertex   1.667334e+01 -1.861734e+01 3.300000e+01
      vertex   1.703534e+01 -1.852034e+01 3.300000e+01
    endloop
  endfacet
  facet normal 2.478221e-15 -3.492725e-15 -1.000000e+00
    outer loop
      vertex   1.917297e+01 -2.107231e+01 3.300000e+01
      vertex   1.703534e+01 -1.852034e+01 3.300000e+01
      vertex   1.966685e+01 -2.072189e+01 3.300000e+01
    endloop
  endfacet
  facet normal 2.789156e-15 -3.121067e-15 -1.000000e+00
    outer loop
      vertex   1.966685e+01 -2.072189e+01 3.300000e+01
      vertex   1.703534e+01 -1.852034e+01 3.300000e+01
      vertex   2.011838e+01 -2.031838e+01 3.300000e+01
    endloop
  endfacet
  facet normal 2.047987e-15 -4.391923e-15 -1.000000e+00
    outer loop
      vertex   2.011838e+01 -2.031838e+01 3.300000e+01
      vertex   1.703534e+01 -1.852034e+01 3.300000e+01
      vertex   1.737500e+01 -1.836195e+01 3.300000e+01
    endloop
  endfacet
  facet normal -3.690315e-15 -1.243841e-14 -1.000000e+00
    outer loop
      vertex   2.011838e+01 -2.031838e+01 3.300000e+01
      vertex   1.737500e+01 -1.836195e+01 3.300000e+01
      vertex   2.052189e+01 -1.986684e+01 3.300000e+01
    endloop
  endfacet
  facet normal 1.341635e-15 -1.916053e-15 -1.000000e+00
    outer loop
      vertex   2.052189e+01 -1.986684e+01 3.300000e+01
      vertex   1.737500e+01 -1.836195e+01 3.300000e+01
      vertex   1.768199e+01 -1.814700e+01 3.300000e+01
    endloop
  endfacet
  facet normal 1.750021e-15 -1.241706e-15 -1.000000e+00
    outer loop
      vertex   2.052189e+01 -1.986684e+01 3.300000e+01
      vertex   1.768199e+01 -1.814700e+01 3.300000e+01
      vertex   2.087231e+01 -1.937297e+01 3.300000e+01
    endloop
  endfacet
  facet normal 1.837029e-15 -1.015290e-15 -1.000000e+00
    outer loop
      vertex   2.087231e+01 -1.937297e+01 3.300000e+01
      vertex   1.768199e+01 -1.814700e+01 3.300000e+01
      vertex   2.116523e+01 -1.884297e+01 3.300000e+01
    endloop
  endfacet
  facet normal 1.700182e-15 -1.700182e-15 -1.000000e+00
    outer loop
      vertex   2.116523e+01 -1.884297e+01 3.300000e+01
      vertex   1.768199e+01 -1.814700e+01 3.300000e+01
      vertex   1.794700e+01 -1.788199e+01 3.300000e+01
    endloop
  endfacet
  facet normal -1.410115e-15 -1.211630e-14 -1.000000e+00
    outer loop
      vertex   2.116523e+01 -1.884297e+01 3.300000e+01
      vertex   1.794700e+01 -1.788199e+01 3.300000e+01
      vertex   2.139697e+01 -1.828351e+01 3.300000e+01
    endloop
  endfacet
  facet normal 0.000000e+00 0.000000e+00 -1.000000e+00
    outer loop
      vertex   2.139697e+01 -1.828351e+01 3.300000e+01
      vertex   1.794700e+01 -1.788199e+01 3.300000e+01
      vertex   1.816195e+01 -1.757500e+01 3.300000e+01
    endloop
  endfacet
  facet normal 0.000000e+00 0.000000e+00 -1.000000e+00
    outer loop
      vertex   2.139697e+01 -1.828351e+01 3.300000e+01
      vertex   1.816195e+01 -1.757500e+01 3.300000e+01
      vertex   2.156461e+01 -1.770161e+01 3.300000e+01
    endloop
  endfacet
  facet normal 0.000000e+00 0.000000e+00 -1.000000e+00
    outer loop
      vertex   2.156461e+01 -1.770161e+01 3.300000e+01
      vertex   1.816195e+01 -1.757500e+01 3.300000e+01
      vertex   1.832034e+01 -1.723534e+01 3.300000e+01
    endloop
  endfacet
  facet normal 0.000000e+00 0.000000e+00 -1.000000e+00
    outer loop
      vertex   2.156461e+01 -1.770161e+01 3.300000e+01
      vertex   1.832034e+01 -1.723534e+01 3.300000e+01
      vertex   2.166605e+01 -1.710461e+01 3.300000e+01
    endloop
  endfacet
  facet normal -0.000000e+00 0.000000e+00 -1.000000e+00
    outer loop
      vertex   2.166605e+01 -1.710461e+01 3.300000e+01
      vertex   1.832034e+01 -1.723534e+01 3.300000e+01
      vertex   1.841734e+01 -1.687334e+01 3.300000e+01
    endloop
  endfacet
  facet normal 0.000000e+00 0.000000e+00 -1.000000e+00
    outer loop
      vertex   2.166605e+01 -1.710461e+01 3.300000e+01
      vertex   1.841734e+01 -1.687334e+01 3.300000e+01
      vertex   2.170000e+01 -1.650000e+01 3.300000e+01
    endloop
  endfacet
  facet normal -0.000000e+00 0.000000e+00 -1.000000e+00
    outer loop
      vertex   2.170000e+01 -1.650000e+01 3.300000e+01
      vertex   1.841734e+01 -1.687334e+01 3.300000e+01
      vertex   1.845000e+01 -1.650000e+01 3.300000e+01
    endloop
  endfacet
  facet normal 0.000000e+00 0.000000e+00 -1.000000e+00
    outer loop
      vertex   2.170000e+01 -1.650000e+01 3.300000e+01
      vertex   1.845000e+01 -1.650000e+01 3.300000e+01
      vertex   1.841734e+01 -1.612666e+01 3.300000e+01
    endloop
  endfacet
  facet normal 5.360717e-28 -1.444928e-14 -1.000000e+00
    outer loop
      vertex   1.630000e+01 -1.865000e+01 3.300000e+01
      vertex   1.449112e+01 -1.914175e+01 3.300000e+01
      vertex   1.601272e+01 -1.865000e+01 3.300000e+01
    endloop
  endfacet
  facet normal 1.322191e-14 -5.536140e-14 -1.000000e+00
    outer loop
      vertex   1.601272e+01 -1.865000e+01 3.300000e+01
      vertex   1.449112e+01 -1.914175e+01 3.300000e+01
      vertex   1.483782e+01 -1.893060e+01 3.300000e+01
    endloop
  endfacet
  facet normal 0.000000e+00 0.000000e+00 -1.000000e+00
    outer loop
      vertex   1.601272e+01 -1.865000e+01 3.300000e+01
      vertex   1.483782e+01 -1.893060e+01 3.300000e+01
      vertex   1.521317e+01 -1.877599e+01 3.300000e+01
    endloop
  endfacet
  facet normal 0.000000e+00 0.000000e+00 -1.000000e+00
    outer loop
      vertex   1.521317e+01 -1.877599e+01 3.300000e+01
      vertex   1.560801e+01 -1.868169e+01 3.300000e+01
      vertex   1.601272e+01 -1.865000e+01 3.300000e+01
    endloop
  endfacet
  facet normal 0.000000e+00 0.000000e+00 -1.000000e+00
    outer loop
      vertex   1.841734e+01 -1.612666e+01 3.300000e+01
      vertex   1.832034e+01 -1.576466e+01 3.300000e+01
      vertex   2.170000e+01 -1.650000e+01 3.300000e+01
    endloop
  endfacet
  facet normal -5.065578e-15 -2.328156e-14 -1.000000e+00
    outer loop
      vertex   2.170000e+01 -1.650000e+01 3.300000e+01
      vertex   1.832034e+01 -1.576466e+01 3.300000e+01
      vertex   1.816195e+01 -1.542500e+01 3.300000e+01
    endloop
  endfacet
  facet normal 2.551025e-15 1.786247e-15 -1.000000e+00
    outer loop
      vertex   2.170000e+01 -1.650000e+01 3.300000e+01
      vertex   1.816195e+01 -1.542500e+01 3.300000e+01
      vertex   1.794700e+01 -1.511801e+01 3.300000e+01
    endloop
  endfacet
  facet normal 2.996792e-15 2.996792e-15 -1.000000e+00
    outer loop
      vertex   1.794700e+01 -1.511801e+01 3.300000e+01
      vertex   1.768199e+01 -1.485300e+01 3.300000e+01
      vertex   2.170000e+01 -1.650000e+01 3.300000e+01
    endloop
  endfacet
  facet normal 4.265338e-15 6.091534e-15 -1.000000e+00
    outer loop
      vertex   2.170000e+01 -1.650000e+01 3.300000e+01
      vertex   1.768199e+01 -1.485300e+01 3.300000e+01
      vertex   1.737500e+01 -1.463805e+01 3.300000e+01
    endloop
  endfacet
  facet normal 3.064353e-16 -3.104316e-15 -1.000000e+00
    outer loop
      vertex   2.170000e+01 -1.650000e+01 3.300000e+01
      vertex   1.737500e+01 -1.463805e+01 3.300000e+01
      vertex   2.170000e+01 4.099982e+00 3.300000e+01
    endloop
  endfacet
  facet normal -1.277127e-15 -2.738807e-15 -1.000000e+00
    outer loop
      vertex   2.170000e+01 4.099982e+00 3.300000e+01
      vertex   1.737500e+01 -1.463805e+01 3.300000e+01
      vertex   1.703534e+01 -1.447966e+01 3.300000e+01
    endloop
  endfacet
  facet normal 2.412323e-27 -1.444928e-14 -1.000000e+00
    outer loop
      vertex   1.630000e+01 -1.435000e+01 3.300000e+01
      vertex   1.601272e+01 -1.435000e+01 3.300000e+01
      vertex   1.449112e+01 -1.385825e+01 3.300000e+01
    endloop
  endfacet
  facet normal 9.949457e-15 1.633700e-14 -1.000000e+00
    outer loop
      vertex   1.449112e+01 -1.385825e+01 3.300000e+01
      vertex   1.601272e+01 -1.435000e+01 3.300000e+01
      vertex   1.483782e+01 -1.406940e+01 3.300000e+01
    endloop
  endfacet
  facet normal -1.172864e-14 -7.443125e-14 -1.000000e+00
    outer loop
      vertex   1.483782e+01 -1.406940e+01 3.300000e+01
      vertex   1.601272e+01 -1.435000e+01 3.300000e+01
      vertex   1.521317e+01 -1.422401e+01 3.300000e+01
    endloop
  endfacet
  facet normal 0.000000e+00 0.000000e+00 -1.000000e+00
    outer loop
      vertex   1.521317e+01 -1.422401e+01 3.300000e+01
      vertex   1.601272e+01 -1.435000e+01 3.300000e+01
      vertex   1.560801e+01 -1.431831e+01 3.300000e+01
    endloop
  endfacet
  facet normal -4.655996e-01 -5.331305e-01 -7.063915e-01
    outer loop
      vertex   -9.818500e+00 -1.359571e+01 3.300000e+01
      vertex   -1.010023e+01 -1.387966e+01 3.340000e+01
      vertex   -1.021004e+01 -1.325376e+01 3.300000e+01
    endloop
  endfacet
  facet normal -4.626214e-01 -5.336208e-01 -7.079762e-01
    outer loop
      vertex   -1.021004e+01 -1.325376e+01 3.300000e+01
      vertex   -1.010023e+01 -1.387966e+01 3.340000e+01
      vertex   -1.047483e+01 -1.355490e+01 3.340000e+01
    endloop
  endfacet
  facet normal -3.950291e-01 -5.890497e-01 -7.049628e-01
    outer loop
      vertex   -1.021004e+01 -1.325376e+01 3.300000e+01
      vertex   -1.047483e+01 -1.355490e+01 3.340000e+01
      vertex   -1.064179e+01 -1.296422e+01 3.300000e+01
    endloop
  endfacet
  facet normal -3.861296e-01 -5.895693e-01 -7.094448e-01
    outer loop
      vertex   -1.064179e+01 -1.296422e+01 3.300000e+01
      vertex   -1.047483e+01 -1.355490e+01 3.340000e+01
      vertex   -1.088957e+01 -1.328327e+01 3.340000e+01
    endloop
  endfacet
  facet normal -3.177050e-01 -6.355075e-01 -7.037000e-01
    outer loop
      vertex   -1.064179e+01 -1.296422e+01 3.300000e+01
      vertex   -1.088957e+01 -1.328327e+01 3.340000e+01
      vertex   -1.110676e+01 -1.273177e+01 3.300000e+01
    endloop
  endfacet
  facet normal -3.030859e-01 -6.348393e-01 -7.107166e-01
    outer loop
      vertex   -1.110676e+01 -1.273177e+01 3.300000e+01
      vertex   -1.088957e+01 -1.328327e+01 3.340000e+01
      vertex   -1.133698e+01 -1.306967e+01 3.340000e+01
    endloop
  endfacet
  facet normal -2.349110e-01 -6.716858e-01 -7.026059e-01
    outer loop
      vertex   -1.110676e+01 -1.273177e+01 3.300000e+01
      vertex   -1.133698e+01 -1.306967e+01 3.340000e+01
      vertex   -1.159746e+01 -1.256016e+01 3.300000e+01
    endloop
  endfacet
  facet normal -2.149433e-01 -6.686911e-01 -7.117946e-01
    outer loop
      vertex   -1.159746e+01 -1.256016e+01 3.300000e+01
      vertex   -1.133698e+01 -1.306967e+01 3.340000e+01
      vertex   -1.180897e+01 -1.291795e+01 3.340000e+01
    endloop
  endfacet
  facet normal -1.480296e-01 -6.969422e-01 -7.016829e-01
    outer loop
      vertex   -1.159746e+01 -1.256016e+01 3.300000e+01
      vertex   -1.180897e+01 -1.291795e+01 3.340000e+01
      vertex   -1.210596e+01 -1.245215e+01 3.300000e+01
    endloop
  endfacet
  facet normal -1.232350e-01 -6.905783e-01 -7.126814e-01
    outer loop
      vertex   -1.210596e+01 -1.245215e+01 3.300000e+01
      vertex   -1.180897e+01 -1.291795e+01 3.340000e+01
      vertex   -1.229704e+01 -1.283086e+01 3.340000e+01
    endloop
  endfacet
  facet normal -5.851830e-02 -7.108225e-01 -7.009330e-01
    outer loop
      vertex   -1.210596e+01 -1.245215e+01 3.300000e+01
      vertex   -1.229704e+01 -1.283086e+01 3.340000e+01
      vertex   -1.262405e+01 -1.240950e+01 3.300000e+01
    endloop
  endfacet
  facet normal -2.954898e-02 -7.001550e-01 -7.133792e-01
    outer loop
      vertex   -1.262405e+01 -1.240950e+01 3.300000e+01
      vertex   -1.229704e+01 -1.283086e+01 3.340000e+01
      vertex   -1.279238e+01 -1.280995e+01 3.340000e+01
    endloop
  endfacet
  facet normal 3.211647e-02 -7.130689e-01 -7.003579e-01
    outer loop
      vertex   -1.262405e+01 -1.240950e+01 3.300000e+01
      vertex   -1.279238e+01 -1.280995e+01 3.340000e+01
      vertex   -1.314337e+01 -1.243289e+01 3.300000e+01
    endloop
  endfacet
  facet normal 6.449756e-02 -6.972817e-01 -7.138896e-01
    outer loop
      vertex   -1.314337e+01 -1.243289e+01 3.300000e+01
      vertex   -1.279238e+01 -1.280995e+01 3.340000e+01
      vertex   -1.328605e+01 -1.285561e+01 3.340000e+01
    endloop
  endfacet
  facet normal 1.223461e-01 -7.036255e-01 -6.999590e-01
    outer loop
      vertex   -1.314337e+01 -1.243289e+01 3.300000e+01
      vertex   -1.328605e+01 -1.285561e+01 3.340000e+01
      vertex   -1.365552e+01 -1.252194e+01 3.300000e+01
    endloop
  endfacet
  facet normal 1.572843e-01 -6.820266e-01 -7.142138e-01
    outer loop
      vertex   -1.365552e+01 -1.252194e+01 3.300000e+01
      vertex   -1.328605e+01 -1.285561e+01 3.340000e+01
      vertex   -1.376915e+01 -1.296702e+01 3.340000e+01
    endloop
  endfacet
  facet normal 2.106469e-01 -6.826389e-01 -6.997371e-01
    outer loop
      vertex   -1.365552e+01 -1.252194e+01 3.300000e+01
      vertex   -1.376915e+01 -1.296702e+01 3.340000e+01
      vertex   -1.415225e+01 -1.267522e+01 3.300000e+01
    endloop
  endfacet
  facet normal 2.472141e-01 -6.546645e-01 -7.143526e-01
    outer loop
      vertex   -1.415225e+01 -1.267522e+01 3.300000e+01
      vertex   -1.376915e+01 -1.296702e+01 3.340000e+01
      vertex   -1.423296e+01 -1.314217e+01 3.340000e+01
    endloop
  endfacet
  facet normal 2.955275e-01 -6.504565e-01 -6.996927e-01
    outer loop
      vertex   -1.415225e+01 -1.267522e+01 3.300000e+01
      vertex   -1.423296e+01 -1.314217e+01 3.340000e+01
      vertex   -1.462554e+01 -1.289025e+01 3.300000e+01
    endloop
  endfacet
  facet normal 3.327383e-01 -6.156717e-01 -7.143064e-01
    outer loop
      vertex   -1.462554e+01 -1.289025e+01 3.300000e+01
      vertex   -1.423296e+01 -1.314217e+01 3.340000e+01
      vertex   -1.466911e+01 -1.337789e+01 3.340000e+01
    endloop
  endfacet
  facet normal 3.755554e-01 -6.076198e-01 -6.998259e-01
    outer loop
      vertex   -1.462554e+01 -1.289025e+01 3.300000e+01
      vertex   -1.466911e+01 -1.337789e+01 3.340000e+01
      vertex   -1.506773e+01 -1.316356e+01 3.300000e+01
    endloop
  endfacet
  facet normal 4.123824e-01 -5.657188e-01 -7.140749e-01
    outer loop
      vertex   -1.506773e+01 -1.316356e+01 3.300000e+01
      vertex   -1.466911e+01 -1.337789e+01 3.340000e+01
      vertex   -1.506975e+01 -1.366993e+01 3.340000e+01
    endloop
  endfacet
  facet normal 4.493824e-01 -5.548554e-01 -7.001364e-01
    outer loop
      vertex   -1.506773e+01 -1.316356e+01 3.300000e+01
      vertex   -1.506975e+01 -1.366993e+01 3.340000e+01
      vertex   -1.547170e+01 -1.349074e+01 3.300000e+01
    endloop
  endfacet
  facet normal 4.847691e-01 -5.056596e-01 -7.136577e-01
    outer loop
      vertex   -1.547170e+01 -1.349074e+01 3.300000e+01
      vertex   -1.506975e+01 -1.366993e+01 3.340000e+01
      vertex   -1.542763e+01 -1.401303e+01 3.340000e+01
    endloop
  endfacet
  facet normal 5.157686e-01 -4.930613e-01 -7.006235e-01
    outer loop
      vertex   -1.547170e+01 -1.349074e+01 3.300000e+01
      vertex   -1.542763e+01 -1.401303e+01 3.340000e+01
      vertex   -1.583092e+01 -1.386650e+01 3.300000e+01
    endloop
  endfacet
  facet normal 5.486410e-01 -4.365172e-01 -7.130538e-01
    outer loop
      vertex   -1.583092e+01 -1.386650e+01 3.300000e+01
      vertex   -1.542763e+01 -1.401303e+01 3.340000e+01
      vertex   -1.573631e+01 -1.440099e+01 3.340000e+01
    endloop
  endfacet
  facet normal 5.736044e-01 -4.232915e-01 -7.012862e-01
    outer loop
      vertex   -1.583092e+01 -1.386650e+01 3.300000e+01
      vertex   -1.573631e+01 -1.440099e+01 3.340000e+01
      vertex   -1.613959e+01 -1.428478e+01 3.300000e+01
    endloop
  endfacet
  facet normal 6.028811e-01 -3.594684e-01 -7.122618e-01
    outer loop
      vertex   -1.613959e+01 -1.428478e+01 3.300000e+01
      vertex   -1.573631e+01 -1.440099e+01 3.340000e+01
      vertex   -1.599021e+01 -1.482682e+01 3.340000e+01
    endloop
  endfacet
  facet normal 6.219304e-01 -3.467364e-01 -7.021228e-01
    outer loop
      vertex   -1.613959e+01 -1.428478e+01 3.300000e+01
      vertex   -1.599021e+01 -1.482682e+01 3.340000e+01
      vertex   -1.639273e+01 -1.473883e+01 3.300000e+01
    endloop
  endfacet
  facet normal 6.465309e-01 -2.758243e-01 -7.112796e-01
    outer loop
      vertex   -1.639273e+01 -1.473883e+01 3.300000e+01
      vertex   -1.599021e+01 -1.482682e+01 3.340000e+01
      vertex   -1.618475e+01 -1.528283e+01 3.340000e+01
    endloop
  endfacet
  facet normal 6.599537e-01 -2.647016e-01 -7.031317e-01
    outer loop
      vertex   -1.639273e+01 -1.473883e+01 3.300000e+01
      vertex   -1.618475e+01 -1.528283e+01 3.340000e+01
      vertex   -1.658625e+01 -1.522131e+01 3.300000e+01
    endloop
  endfacet
  facet normal 6.788064e-01 -1.870098e-01 -7.101051e-01
    outer loop
      vertex   -1.658625e+01 -1.522131e+01 3.300000e+01
      vertex   -1.618475e+01 -1.528283e+01 3.340000e+01
      vertex   -1.631643e+01 -1.576080e+01 3.340000e+01
    endloop
  endfacet
  facet normal 6.870621e-01 -1.785846e-01 -7.043105e-01
    outer loop
      vertex   -1.658625e+01 -1.522131e+01 3.300000e+01
      vertex   -1.631643e+01 -1.576080e+01 3.340000e+01
      vertex   -1.671702e+01 -1.572443e+01 3.300000e+01
    endloop
  endfacet
  facet normal 6.991111e-01 -9.454076e-02 -7.087353e-01
    outer loop
      vertex   -1.671702e+01 -1.572443e+01 3.300000e+01
      vertex   -1.631643e+01 -1.576080e+01 3.340000e+01
      vertex   -1.638287e+01 -1.625211e+01 3.340000e+01
    endloop
  endfacet
  facet normal 7.028342e-01 -8.984932e-02 -7.056566e-01
    outer loop
      vertex   -1.671702e+01 -1.572443e+01 3.300000e+01
      vertex   -1.638287e+01 -1.625211e+01 3.340000e+01
      vertex   -1.678294e+01 -1.624008e+01 3.300000e+01
    endloop
  endfacet
  facet normal 7.070465e-01 -1.009371e-14 -7.071670e-01
    outer loop
      vertex   -1.678294e+01 -1.624008e+01 3.300000e+01
      vertex   -1.638287e+01 -1.625211e+01 3.340000e+01
      vertex   -1.638287e+01 -1.674789e+01 3.340000e+01
    endloop
  endfacet
  facet normal 7.070465e-01 -9.664220e-15 -7.071670e-01
    outer loop
      vertex   -1.678294e+01 -1.624008e+01 3.300000e+01
      vertex   -1.638287e+01 -1.674789e+01 3.340000e+01
      vertex   -1.678294e+01 -1.675992e+01 3.300000e+01
    endloop
  endfacet
  facet normal 7.028342e-01 8.984932e-02 -7.056566e-01
    outer loop
      vertex   -1.678294e+01 -1.675992e+01 3.300000e+01
      vertex   -1.638287e+01 -1.674789e+01 3.340000e+01
      vertex   -1.671702e+01 -1.727557e+01 3.300000e+01
    endloop
  endfacet
  facet normal 6.991111e-01 9.454076e-02 -7.087353e-01
    outer loop
      vertex   -1.671702e+01 -1.727557e+01 3.300000e+01
      vertex   -1.638287e+01 -1.674789e+01 3.340000e+01
      vertex   -1.631643e+01 -1.723920e+01 3.340000e+01
    endloop
  endfacet
  facet normal 6.870621e-01 1.785846e-01 -7.043105e-01
    outer loop
      vertex   -1.671702e+01 -1.727557e+01 3.300000e+01
      vertex   -1.631643e+01 -1.723920e+01 3.340000e+01
      vertex   -1.658625e+01 -1.777869e+01 3.300000e+01
    endloop
  endfacet
  facet normal 6.788064e-01 1.870098e-01 -7.101051e-01
    outer loop
      vertex   -1.658625e+01 -1.777869e+01 3.300000e+01
      vertex   -1.631643e+01 -1.723920e+01 3.340000e+01
      vertex   -1.618475e+01 -1.771717e+01 3.340000e+01
    endloop
  endfacet
  facet normal 6.599537e-01 2.647016e-01 -7.031317e-01
    outer loop
      vertex   -1.658625e+01 -1.777869e+01 3.300000e+01
      vertex   -1.618475e+01 -1.771717e+01 3.340000e+01
      vertex   -1.639273e+01 -1.826117e+01 3.300000e+01
    endloop
  endfacet
  facet normal 6.465309e-01 2.758243e-01 -7.112796e-01
    outer loop
      vertex   -1.639273e+01 -1.826117e+01 3.300000e+01
      vertex   -1.618475e+01 -1.771717e+01 3.340000e+01
      vertex   -1.599021e+01 -1.817318e+01 3.340000e+01
    endloop
  endfacet
  facet normal 6.219304e-01 3.467364e-01 -7.021228e-01
    outer loop
      vertex   -1.639273e+01 -1.826117e+01 3.300000e+01
      vertex   -1.599021e+01 -1.817318e+01 3.340000e+01
      vertex   -1.613959e+01 -1.871522e+01 3.300000e+01
    endloop
  endfacet
  facet normal 6.028811e-01 3.594684e-01 -7.122618e-01
    outer loop
      vertex   -1.613959e+01 -1.871522e+01 3.300000e+01
      vertex   -1.599021e+01 -1.817318e+01 3.340000e+01
      vertex   -1.573631e+01 -1.859901e+01 3.340000e+01
    endloop
  endfacet
  facet normal 5.736044e-01 4.232915e-01 -7.012862e-01
    outer loop
      vertex   -1.613959e+01 -1.871522e+01 3.300000e+01
      vertex   -1.573631e+01 -1.859901e+01 3.340000e+01
      vertex   -1.583092e+01 -1.913350e+01 3.300000e+01
    endloop
  endfacet
  facet normal 5.486410e-01 4.365172e-01 -7.130538e-01
    outer loop
      vertex   -1.583092e+01 -1.913350e+01 3.300000e+01
      vertex   -1.573631e+01 -1.859901e+01 3.340000e+01
      vertex   -1.542763e+01 -1.898697e+01 3.340000e+01
    endloop
  endfacet
  facet normal 5.157686e-01 4.930613e-01 -7.006235e-01
    outer loop
      vertex   -1.583092e+01 -1.913350e+01 3.300000e+01
      vertex   -1.542763e+01 -1.898697e+01 3.340000e+01
      vertex   -1.547170e+01 -1.950926e+01 3.300000e+01
    endloop
  endfacet
  facet normal 4.847691e-01 5.056596e-01 -7.136577e-01
    outer loop
      vertex   -1.547170e+01 -1.950926e+01 3.300000e+01
      vertex   -1.542763e+01 -1.898697e+01 3.340000e+01
      vertex   -1.506975e+01 -1.933007e+01 3.340000e+01
    endloop
  endfacet
  facet normal 4.493824e-01 5.548554e-01 -7.001364e-01
    outer loop
      vertex   -1.547170e+01 -1.950926e+01 3.300000e+01
      vertex   -1.506975e+01 -1.933007e+01 3.340000e+01
      vertex   -1.506773e+01 -1.983644e+01 3.300000e+01
    endloop
  endfacet
  facet normal 4.123824e-01 5.657188e-01 -7.140749e-01
    outer loop
      vertex   -1.506773e+01 -1.983644e+01 3.300000e+01
      vertex   -1.506975e+01 -1.933007e+01 3.340000e+01
      vertex   -1.466911e+01 -1.962211e+01 3.340000e+01
    endloop
  endfacet
  facet normal 3.755554e-01 6.076198e-01 -6.998259e-01
    outer loop
      vertex   -1.506773e+01 -1.983644e+01 3.300000e+01
      vertex   -1.466911e+01 -1.962211e+01 3.340000e+01
      vertex   -1.462554e+01 -2.010975e+01 3.300000e+01
    endloop
  endfacet
  facet normal 3.327383e-01 6.156717e-01 -7.143064e-01
    outer loop
      vertex   -1.462554e+01 -2.010975e+01 3.300000e+01
      vertex   -1.466911e+01 -1.962211e+01 3.340000e+01
      vertex   -1.423296e+01 -1.985783e+01 3.340000e+01
    endloop
  endfacet
  facet normal 2.955275e-01 6.504565e-01 -6.996927e-01
    outer loop
      vertex   -1.462554e+01 -2.010975e+01 3.300000e+01
      vertex   -1.423296e+01 -1.985783e+01 3.340000e+01
      vertex   -1.415225e+01 -2.032478e+01 3.300000e+01
    endloop
  endfacet
  facet normal 2.472141e-01 6.546645e-01 -7.143526e-01
    outer loop
      vertex   -1.415225e+01 -2.032478e+01 3.300000e+01
      vertex   -1.423296e+01 -1.985783e+01 3.340000e+01
      vertex   -1.376915e+01 -2.003298e+01 3.340000e+01
    endloop
  endfacet
  facet normal 2.106469e-01 6.826389e-01 -6.997371e-01
    outer loop
      vertex   -1.415225e+01 -2.032478e+01 3.300000e+01
      vertex   -1.376915e+01 -2.003298e+01 3.340000e+01
      vertex   -1.365552e+01 -2.047806e+01 3.300000e+01
    endloop
  endfacet
  facet normal 1.572843e-01 6.820266e-01 -7.142138e-01
    outer loop
      vertex   -1.365552e+01 -2.047806e+01 3.300000e+01
      vertex   -1.376915e+01 -2.003298e+01 3.340000e+01
      vertex   -1.328605e+01 -2.014439e+01 3.340000e+01
    endloop
  endfacet
  facet normal 1.223461e-01 7.036255e-01 -6.999590e-01
    outer loop
      vertex   -1.365552e+01 -2.047806e+01 3.300000e+01
      vertex   -1.328605e+01 -2.014439e+01 3.340000e+01
      vertex   -1.314337e+01 -2.056711e+01 3.300000e+01
    endloop
  endfacet
  facet normal 6.449756e-02 6.972817e-01 -7.138896e-01
    outer loop
      vertex   -1.314337e+01 -2.056711e+01 3.300000e+01
      vertex   -1.328605e+01 -2.014439e+01 3.340000e+01
      vertex   -1.279238e+01 -2.019005e+01 3.340000e+01
    endloop
  endfacet
  facet normal 3.211647e-02 7.130689e-01 -7.003579e-01
    outer loop
      vertex   -1.314337e+01 -2.056711e+01 3.300000e+01
      vertex   -1.279238e+01 -2.019005e+01 3.340000e+01
      vertex   -1.262405e+01 -2.059050e+01 3.300000e+01
    endloop
  endfacet
  facet normal -2.954898e-02 7.001550e-01 -7.133792e-01
    outer loop
      vertex   -1.262405e+01 -2.059050e+01 3.300000e+01
      vertex   -1.279238e+01 -2.019005e+01 3.340000e+01
      vertex   -1.229704e+01 -2.016914e+01 3.340000e+01
    endloop
  endfacet
  facet normal -5.851830e-02 7.108225e-01 -7.009330e-01
    outer loop
      vertex   -1.262405e+01 -2.059050e+01 3.300000e+01
      vertex   -1.229704e+01 -2.016914e+01 3.340000e+01
      vertex   -1.210596e+01 -2.054785e+01 3.300000e+01
    endloop
  endfacet
  facet normal -1.232350e-01 6.905783e-01 -7.126814e-01
    outer loop
      vertex   -1.210596e+01 -2.054785e+01 3.300000e+01
      vertex   -1.229704e+01 -2.016914e+01 3.340000e+01
      vertex   -1.180897e+01 -2.008205e+01 3.340000e+01
    endloop
  endfacet
  facet normal -1.480296e-01 6.969422e-01 -7.016829e-01
    outer loop
      vertex   -1.210596e+01 -2.054785e+01 3.300000e+01
      vertex   -1.180897e+01 -2.008205e+01 3.340000e+01
      vertex   -1.159746e+01 -2.043984e+01 3.300000e+01
    endloop
  endfacet
  facet normal -2.149433e-01 6.686911e-01 -7.117946e-01
    outer loop
      vertex   -1.159746e+01 -2.043984e+01 3.300000e+01
      vertex   -1.180897e+01 -2.008205e+01 3.340000e+01
      vertex   -1.133698e+01 -1.993033e+01 3.340000e+01
    endloop
  endfacet
  facet normal -2.349110e-01 6.716858e-01 -7.026059e-01
    outer loop
      vertex   -1.159746e+01 -2.043984e+01 3.300000e+01
      vertex   -1.133698e+01 -1.993033e+01 3.340000e+01
      vertex   -1.110676e+01 -2.026823e+01 3.300000e+01
    endloop
  endfacet
  facet normal -3.030859e-01 6.348393e-01 -7.107166e-01
    outer loop
      vertex   -1.110676e+01 -2.026823e+01 3.300000e+01
      vertex   -1.133698e+01 -1.993033e+01 3.340000e+01
      vertex   -1.088957e+01 -1.971673e+01 3.340000e+01
    endloop
  endfacet
  facet normal -3.177050e-01 6.355075e-01 -7.037000e-01
    outer loop
      vertex   -1.110676e+01 -2.026823e+01 3.300000e+01
      vertex   -1.088957e+01 -1.971673e+01 3.340000e+01
      vertex   -1.064179e+01 -2.003578e+01 3.300000e+01
    endloop
  endfacet
  facet normal -3.861296e-01 5.895693e-01 -7.094448e-01
    outer loop
      vertex   -1.064179e+01 -2.003578e+01 3.300000e+01
      vertex   -1.088957e+01 -1.971673e+01 3.340000e+01
      vertex   -1.047483e+01 -1.944510e+01 3.340000e+01
    endloop
  endfacet
  facet normal -3.950291e-01 5.890497e-01 -7.049628e-01
    outer loop
      vertex   -1.064179e+01 -2.003578e+01 3.300000e+01
      vertex   -1.047483e+01 -1.944510e+01 3.340000e+01
      vertex   -1.021004e+01 -1.974624e+01 3.300000e+01
    endloop
  endfacet
  facet normal -4.626214e-01 5.336208e-01 -7.079762e-01
    outer loop
      vertex   -1.021004e+01 -1.974624e+01 3.300000e+01
      vertex   -1.047483e+01 -1.944510e+01 3.340000e+01
      vertex   -1.010023e+01 -1.912034e+01 3.340000e+01
    endloop
  endfacet
  facet normal -4.655996e-01 5.331305e-01 -7.063915e-01
    outer loop
      vertex   -1.021004e+01 -1.974624e+01 3.300000e+01
      vertex   -1.010023e+01 -1.912034e+01 3.340000e+01
      vertex   -9.818500e+00 -1.940429e+01 3.300000e+01
    endloop
  endfacet
  facet normal -4.606414e-02 -7.063562e-01 -7.063562e-01
    outer loop
      vertex   -7.987279e+00 -1.475000e+01 3.340000e+01
      vertex   -8.376905e+00 -1.472459e+01 3.340000e+01
      vertex   -7.987279e+00 -1.435000e+01 3.300000e+01
    endloop
  endfacet
  facet normal -5.493523e-02 -7.015517e-01 -7.104979e-01
    outer loop
      vertex   -7.987279e+00 -1.435000e+01 3.300000e+01
      vertex   -8.376905e+00 -1.472459e+01 3.340000e+01
      vertex   -8.391985e+00 -1.431831e+01 3.300000e+01
    endloop
  endfacet
  facet normal -1.380192e-01 -6.974588e-01 -7.032083e-01
    outer loop
      vertex   -8.391985e+00 -1.431831e+01 3.300000e+01
      vertex   -8.376905e+00 -1.472459e+01 3.340000e+01
      vertex   -8.759930e+00 -1.464879e+01 3.340000e+01
    endloop
  endfacet
  facet normal -1.628440e-01 -6.818433e-01 -7.131420e-01
    outer loop
      vertex   -8.391985e+00 -1.431831e+01 3.300000e+01
      vertex   -8.759930e+00 -1.464879e+01 3.340000e+01
      vertex   -8.786826e+00 -1.422401e+01 3.300000e+01
    endloop
  endfacet
  facet normal -2.279348e-01 -6.751131e-01 -7.016182e-01
    outer loop
      vertex   -8.786826e+00 -1.422401e+01 3.300000e+01
      vertex   -8.759930e+00 -1.464879e+01 3.340000e+01
      vertex   -9.129868e+00 -1.452389e+01 3.340000e+01
    endloop
  endfacet
  facet normal -2.666529e-01 -6.473609e-01 -7.140169e-01
    outer loop
      vertex   -8.786826e+00 -1.422401e+01 3.300000e+01
      vertex   -9.129868e+00 -1.452389e+01 3.340000e+01
      vertex   -9.162175e+00 -1.406940e+01 3.300000e+01
    endloop
  endfacet
  facet normal -3.136847e-01 -6.397920e-01 -7.016182e-01
    outer loop
      vertex   -9.162175e+00 -1.406940e+01 3.300000e+01
      vertex   -9.129868e+00 -1.452389e+01 3.340000e+01
      vertex   -9.480450e+00 -1.435201e+01 3.340000e+01
    endloop
  endfacet
  facet normal -3.646320e-01 -5.987253e-01 -7.131420e-01
    outer loop
      vertex   -9.162175e+00 -1.406940e+01 3.300000e+01
      vertex   -9.480450e+00 -1.435201e+01 3.340000e+01
      vertex   -9.508884e+00 -1.385825e+01 3.300000e+01
    endloop
  endfacet
  facet normal -3.932530e-01 -5.923260e-01 -7.032083e-01
    outer loop
      vertex   -9.508884e+00 -1.385825e+01 3.300000e+01
      vertex   -9.480450e+00 -1.435201e+01 3.340000e+01
      vertex   -9.805740e+00 -1.413604e+01 3.340000e+01
    endloop
  endfacet
  facet normal -4.551160e-01 -5.367142e-01 -7.104979e-01
    outer loop
      vertex   -9.508884e+00 -1.385825e+01 3.300000e+01
      vertex   -9.805740e+00 -1.413604e+01 3.340000e+01
      vertex   -9.818500e+00 -1.359571e+01 3.300000e+01
    endloop
  endfacet
  facet normal -4.647973e-01 -5.338768e-01 -7.063562e-01
    outer loop
      vertex   -9.818500e+00 -1.359571e+01 3.300000e+01
      vertex   -9.805740e+00 -1.413604e+01 3.340000e+01
      vertex   -1.010023e+01 -1.387966e+01 3.340000e+01
    endloop
  endfacet
  facet normal 1.224246e-13 -7.071068e-01 -7.071068e-01
    outer loop
      vertex   -7.700000e+00 -1.475000e+01 3.340000e+01
      vertex   -7.987279e+00 -1.475000e+01 3.340000e+01
      vertex   -7.700000e+00 -1.435000e+01 3.300000e+01
    endloop
  endfacet
  facet normal 1.180523e-13 -7.071068e-01 -7.071068e-01
    outer loop
      vertex   -7.700000e+00 -1.435000e+01 3.300000e+01
      vertex   -7.987279e+00 -1.475000e+01 3.340000e+01
      vertex   -7.987279e+00 -1.435000e+01 3.300000e+01
    endloop
  endfacet
  facet normal -6.174579e-02 7.057576e-01 -7.057576e-01
    outer loop
      vertex   -7.700000e+00 -1.865000e+01 3.300000e+01
      vertex   -7.700000e+00 -1.825000e+01 3.340000e+01
      vertex   -7.326656e+00 -1.861734e+01 3.300000e+01
    endloop
  endfacet
  facet normal -6.912154e-02 7.018028e-01 -7.090099e-01
    outer loop
      vertex   -7.326656e+00 -1.861734e+01 3.300000e+01
      vertex   -7.700000e+00 -1.825000e+01 3.340000e+01
      vertex   -7.358592e+00 -1.821637e+01 3.340000e+01
    endloop
  endfacet
  facet normal -1.840300e-01 6.868092e-01 -7.031544e-01
    outer loop
      vertex   -7.326656e+00 -1.861734e+01 3.300000e+01
      vertex   -7.358592e+00 -1.821637e+01 3.340000e+01
      vertex   -6.964656e+00 -1.852034e+01 3.300000e+01
    endloop
  endfacet
  facet normal -2.039249e-01 6.722502e-01 -7.116841e-01
    outer loop
      vertex   -6.964656e+00 -1.852034e+01 3.300000e+01
      vertex   -7.358592e+00 -1.821637e+01 3.340000e+01
      vertex   -7.030304e+00 -1.811679e+01 3.340000e+01
    endloop
  endfacet
  facet normal -3.012800e-01 6.460971e-01 -7.012766e-01
    outer loop
      vertex   -6.964656e+00 -1.852034e+01 3.300000e+01
      vertex   -7.030304e+00 -1.811679e+01 3.340000e+01
      vertex   -6.625000e+00 -1.836195e+01 3.300000e+01
    endloop
  endfacet
  facet normal -3.303103e-01 6.179671e-01 -7.134506e-01
    outer loop
      vertex   -6.625000e+00 -1.836195e+01 3.300000e+01
      vertex   -7.030304e+00 -1.811679e+01 3.340000e+01
      vertex   -6.727752e+00 -1.795507e+01 3.340000e+01
    endloop
  endfacet
  facet normal -4.095353e-01 5.848771e-01 -7.001426e-01
    outer loop
      vertex   -6.625000e+00 -1.836195e+01 3.300000e+01
      vertex   -6.727752e+00 -1.795507e+01 3.340000e+01
      vertex   -6.318006e+00 -1.814700e+01 3.300000e+01
    endloop
  endfacet
  facet normal -4.439548e-01 5.409605e-01 -7.143290e-01
    outer loop
      vertex   -6.318006e+00 -1.814700e+01 3.300000e+01
      vertex   -6.727752e+00 -1.795507e+01 3.340000e+01
      vertex   -6.462563e+00 -1.773744e+01 3.340000e+01
    endloop
  endfacet
  facet normal -5.051392e-01 5.051392e-01 -6.997633e-01
    outer loop
      vertex   -6.318006e+00 -1.814700e+01 3.300000e+01
      vertex   -6.462563e+00 -1.773744e+01 3.340000e+01
      vertex   -6.053004e+00 -1.788199e+01 3.300000e+01
    endloop
  endfacet
  facet normal -5.409605e-01 4.439548e-01 -7.143290e-01
    outer loop
      vertex   -6.053004e+00 -1.788199e+01 3.300000e+01
      vertex   -6.462563e+00 -1.773744e+01 3.340000e+01
      vertex   -6.244928e+00 -1.747225e+01 3.340000e+01
    endloop
  endfacet
  facet normal -5.848771e-01 4.095353e-01 -7.001426e-01
    outer loop
      vertex   -6.053004e+00 -1.788199e+01 3.300000e+01
      vertex   -6.244928e+00 -1.747225e+01 3.340000e+01
      vertex   -5.838045e+00 -1.757500e+01 3.300000e+01
    endloop
  endfacet
  facet normal -6.179671e-01 3.303103e-01 -7.134506e-01
    outer loop
      vertex   -5.838045e+00 -1.757500e+01 3.300000e+01
      vertex   -6.244928e+00 -1.747225e+01 3.340000e+01
      vertex   -6.083211e+00 -1.716970e+01 3.340000e+01
    endloop
  endfacet
  facet normal -6.460971e-01 3.012800e-01 -7.012766e-01
    outer loop
      vertex   -5.838045e+00 -1.757500e+01 3.300000e+01
      vertex   -6.083211e+00 -1.716970e+01 3.340000e+01
      vertex   -5.679661e+00 -1.723534e+01 3.300000e+01
    endloop
  endfacet
  facet normal -6.722502e-01 2.039249e-01 -7.116841e-01
    outer loop
      vertex   -5.679661e+00 -1.723534e+01 3.300000e+01
      vertex   -6.083211e+00 -1.716970e+01 3.340000e+01
      vertex   -5.983625e+00 -1.684141e+01 3.340000e+01
    endloop
  endfacet
  facet normal -6.868092e-01 1.840300e-01 -7.031544e-01
    outer loop
      vertex   -5.679661e+00 -1.723534e+01 3.300000e+01
      vertex   -5.983625e+00 -1.684141e+01 3.340000e+01
      vertex   -5.582663e+00 -1.687334e+01 3.300000e+01
    endloop
  endfacet
  facet normal -7.018028e-01 6.912154e-02 -7.090099e-01
    outer loop
      vertex   -5.582663e+00 -1.687334e+01 3.300000e+01
      vertex   -5.983625e+00 -1.684141e+01 3.340000e+01
      vertex   -5.950000e+00 -1.650000e+01 3.340000e+01
    endloop
  endfacet
  facet normal -7.057576e-01 6.174579e-02 -7.057576e-01
    outer loop
      vertex   -5.582663e+00 -1.687334e+01 3.300000e+01
      vertex   -5.950000e+00 -1.650000e+01 3.340000e+01
      vertex   -5.550000e+00 -1.650000e+01 3.300000e+01
    endloop
  endfacet
  facet normal -7.057576e-01 -6.174579e-02 -7.057576e-01
    outer loop
      vertex   -5.550000e+00 -1.650000e+01 3.300000e+01
      vertex   -5.950000e+00 -1.650000e+01 3.340000e+01
      vertex   -5.582663e+00 -1.612666e+01 3.300000e+01
    endloop
  endfacet
  facet normal -7.018028e-01 -6.912154e-02 -7.090099e-01
    outer loop
      vertex   -5.582663e+00 -1.612666e+01 3.300000e+01
      vertex   -5.950000e+00 -1.650000e+01 3.340000e+01
      vertex   -5.983625e+00 -1.615859e+01 3.340000e+01
    endloop
  endfacet
  facet normal -6.868092e-01 -1.840300e-01 -7.031544e-01
    outer loop
      vertex   -5.582663e+00 -1.612666e+01 3.300000e+01
      vertex   -5.983625e+00 -1.615859e+01 3.340000e+01
      vertex   -5.679661e+00 -1.576466e+01 3.300000e+01
    endloop
  endfacet
  facet normal -6.722502e-01 -2.039249e-01 -7.116841e-01
    outer loop
      vertex   -5.679661e+00 -1.576466e+01 3.300000e+01
      vertex   -5.983625e+00 -1.615859e+01 3.340000e+01
      vertex   -6.083211e+00 -1.583030e+01 3.340000e+01
    endloop
  endfacet
  facet normal -6.460971e-01 -3.012800e-01 -7.012766e-01
    outer loop
      vertex   -5.679661e+00 -1.576466e+01 3.300000e+01
      vertex   -6.083211e+00 -1.583030e+01 3.340000e+01
      vertex   -5.838045e+00 -1.542500e+01 3.300000e+01
    endloop
  endfacet
  facet normal -6.179671e-01 -3.303103e-01 -7.134506e-01
    outer loop
      vertex   -5.838045e+00 -1.542500e+01 3.300000e+01
      vertex   -6.083211e+00 -1.583030e+01 3.340000e+01
      vertex   -6.244928e+00 -1.552775e+01 3.340000e+01
    endloop
  endfacet
  facet normal -5.848771e-01 -4.095353e-01 -7.001426e-01
    outer loop
      vertex   -5.838045e+00 -1.542500e+01 3.300000e+01
      vertex   -6.244928e+00 -1.552775e+01 3.340000e+01
      vertex   -6.053004e+00 -1.511801e+01 3.300000e+01
    endloop
  endfacet
  facet normal -5.409605e-01 -4.439548e-01 -7.143290e-01
    outer loop
      vertex   -6.053004e+00 -1.511801e+01 3.300000e+01
      vertex   -6.244928e+00 -1.552775e+01 3.340000e+01
      vertex   -6.462563e+00 -1.526256e+01 3.340000e+01
    endloop
  endfacet
  facet normal -5.051392e-01 -5.051392e-01 -6.997633e-01
    outer loop
      vertex   -6.053004e+00 -1.511801e+01 3.300000e+01
      vertex   -6.462563e+00 -1.526256e+01 3.340000e+01
      vertex   -6.318006e+00 -1.485300e+01 3.300000e+01
    endloop
  endfacet
  facet normal -4.439548e-01 -5.409605e-01 -7.143290e-01
    outer loop
      vertex   -6.318006e+00 -1.485300e+01 3.300000e+01
      vertex   -6.462563e+00 -1.526256e+01 3.340000e+01
      vertex   -6.727752e+00 -1.504493e+01 3.340000e+01
    endloop
  endfacet
  facet normal -4.095353e-01 -5.848771e-01 -7.001426e-01
    outer loop
      vertex   -6.318006e+00 -1.485300e+01 3.300000e+01
      vertex   -6.727752e+00 -1.504493e+01 3.340000e+01
      vertex   -6.625000e+00 -1.463805e+01 3.300000e+01
    endloop
  endfacet
  facet normal -3.303103e-01 -6.179671e-01 -7.134506e-01
    outer loop
      vertex   -6.625000e+00 -1.463805e+01 3.300000e+01
      vertex   -6.727752e+00 -1.504493e+01 3.340000e+01
      vertex   -7.030304e+00 -1.488321e+01 3.340000e+01
    endloop
  endfacet
  facet normal -3.012800e-01 -6.460971e-01 -7.012766e-01
    outer loop
      vertex   -6.625000e+00 -1.463805e+01 3.300000e+01
      vertex   -7.030304e+00 -1.488321e+01 3.340000e+01
      vertex   -6.964656e+00 -1.447966e+01 3.300000e+01
    endloop
  endfacet
  facet normal -2.039249e-01 -6.722502e-01 -7.116841e-01
    outer loop
      vertex   -6.964656e+00 -1.447966e+01 3.300000e+01
      vertex   -7.030304e+00 -1.488321e+01 3.340000e+01
      vertex   -7.358592e+00 -1.478363e+01 3.340000e+01
    endloop
  endfacet
  facet normal -1.840300e-01 -6.868092e-01 -7.031544e-01
    outer loop
      vertex   -6.964656e+00 -1.447966e+01 3.300000e+01
      vertex   -7.358592e+00 -1.478363e+01 3.340000e+01
      vertex   -7.326656e+00 -1.438266e+01 3.300000e+01
    endloop
  endfacet
  facet normal -6.912154e-02 -7.018028e-01 -7.090099e-01
    outer loop
      vertex   -7.326656e+00 -1.438266e+01 3.300000e+01
      vertex   -7.358592e+00 -1.478363e+01 3.340000e+01
      vertex   -7.700000e+00 -1.475000e+01 3.340000e+01
    endloop
  endfacet
  facet normal -6.174579e-02 -7.057576e-01 -7.057576e-01
    outer loop
      vertex   -7.326656e+00 -1.438266e+01 3.300000e+01
      vertex   -7.700000e+00 -1.475000e+01 3.340000e+01
      vertex   -7.700000e+00 -1.435000e+01 3.300000e+01
    endloop
  endfacet
  facet normal -2.623384e-14 7.071068e-01 -7.071068e-01
    outer loop
      vertex   -7.987279e+00 -1.825000e+01 3.340000e+01
      vertex   -7.700000e+00 -1.825000e+01 3.340000e+01
      vertex   -7.987279e+00 -1.865000e+01 3.300000e+01
    endloop
  endfacet
  facet normal -2.623384e-14 7.071068e-01 -7.071068e-01
    outer loop
      vertex   -7.987279e+00 -1.865000e+01 3.300000e+01
      vertex   -7.700000e+00 -1.825000e+01 3.340000e+01
      vertex   -7.700000e+00 -1.865000e+01 3.300000e+01
    endloop
  endfacet
  facet normal -4.647973e-01 5.338768e-01 -7.063562e-01
    outer loop
      vertex   -1.010023e+01 -1.912034e+01 3.340000e+01
      vertex   -9.805740e+00 -1.886396e+01 3.340000e+01
      vertex   -9.818500e+00 -1.940429e+01 3.300000e+01
    endloop
  endfacet
  facet normal -4.551160e-01 5.367142e-01 -7.104979e-01
    outer loop
      vertex   -9.818500e+00 -1.940429e+01 3.300000e+01
      vertex   -9.805740e+00 -1.886396e+01 3.340000e+01
      vertex   -9.508884e+00 -1.914175e+01 3.300000e+01
    endloop
  endfacet
  facet normal -3.932530e-01 5.923260e-01 -7.032083e-01
    outer loop
      vertex   -9.508884e+00 -1.914175e+01 3.300000e+01
      vertex   -9.805740e+00 -1.886396e+01 3.340000e+01
      vertex   -9.480450e+00 -1.864799e+01 3.340000e+01
    endloop
  endfacet
  facet normal -3.646320e-01 5.987253e-01 -7.131420e-01
    outer loop
      vertex   -9.508884e+00 -1.914175e+01 3.300000e+01
      vertex   -9.480450e+00 -1.864799e+01 3.340000e+01
      vertex   -9.162175e+00 -1.893060e+01 3.300000e+01
    endloop
  endfacet
  facet normal -3.136847e-01 6.397920e-01 -7.016182e-01
    outer loop
      vertex   -9.162175e+00 -1.893060e+01 3.300000e+01
      vertex   -9.480450e+00 -1.864799e+01 3.340000e+01
      vertex   -9.129868e+00 -1.847611e+01 3.340000e+01
    endloop
  endfacet
  facet normal -2.666529e-01 6.473609e-01 -7.140169e-01
    outer loop
      vertex   -9.162175e+00 -1.893060e+01 3.300000e+01
      vertex   -9.129868e+00 -1.847611e+01 3.340000e+01
      vertex   -8.786826e+00 -1.877599e+01 3.300000e+01
    endloop
  endfacet
  facet normal -2.279348e-01 6.751131e-01 -7.016182e-01
    outer loop
      vertex   -8.786826e+00 -1.877599e+01 3.300000e+01
      vertex   -9.129868e+00 -1.847611e+01 3.340000e+01
      vertex   -8.759930e+00 -1.835121e+01 3.340000e+01
    endloop
  endfacet
  facet normal -1.628440e-01 6.818433e-01 -7.131420e-01
    outer loop
      vertex   -8.786826e+00 -1.877599e+01 3.300000e+01
      vertex   -8.759930e+00 -1.835121e+01 3.340000e+01
      vertex   -8.391985e+00 -1.868169e+01 3.300000e+01
    endloop
  endfacet
  facet normal -1.380192e-01 6.974588e-01 -7.032083e-01
    outer loop
      vertex   -8.391985e+00 -1.868169e+01 3.300000e+01
      vertex   -8.759930e+00 -1.835121e+01 3.340000e+01
      vertex   -8.376905e+00 -1.827541e+01 3.340000e+01
    endloop
  endfacet
  facet normal -5.493523e-02 7.015517e-01 -7.104979e-01
    outer loop
      vertex   -8.391985e+00 -1.868169e+01 3.300000e+01
      vertex   -8.376905e+00 -1.827541e+01 3.340000e+01
      vertex   -7.987279e+00 -1.865000e+01 3.300000e+01
    endloop
  endfacet
  facet normal -4.606414e-02 7.063562e-01 -7.063562e-01
    outer loop
      vertex   -7.987279e+00 -1.865000e+01 3.300000e+01
      vertex   -8.376905e+00 -1.827541e+01 3.340000e+01
      vertex   -7.987279e+00 -1.825000e+01 3.340000e+01
    endloop
  endfacet
  facet normal -3.710025e-14 1.000000e+00 -2.220446e-15
    outer loop
      vertex   -7.700000e+00 -1.825000e+01 3.340000e+01
      vertex   -7.987279e+00 -1.825000e+01 3.340000e+01
      vertex   -7.700000e+00 -1.825000e+01 3.500000e+01
    endloop
  endfacet
  facet normal -3.710025e-14 1.000000e+00 -2.220446e-15
    outer loop
      vertex   -7.700000e+00 -1.825000e+01 3.500000e+01
      vertex   -7.987279e+00 -1.825000e+01 3.340000e+01
      vertex   -7.987279e+00 -1.825000e+01 3.500000e+01
    endloop
  endfacet
  facet normal -6.507553e-02 9.978803e-01 -2.107367e-15
    outer loop
      vertex   -7.987279e+00 -1.825000e+01 3.500000e+01
      vertex   -7.987279e+00 -1.825000e+01 3.340000e+01
      vertex   -8.376905e+00 -1.827541e+01 3.500000e+01
    endloop
  endfacet
  facet normal -6.507553e-02 9.978803e-01 -4.431479e-15
    outer loop
      vertex   -8.376905e+00 -1.827541e+01 3.500000e+01
      vertex   -7.987279e+00 -1.825000e+01 3.340000e+01
      vertex   -8.376905e+00 -1.827541e+01 3.340000e+01
    endloop
  endfacet
  facet normal -1.941243e-01 9.809769e-01 -4.356413e-15
    outer loop
      vertex   -8.376905e+00 -1.827541e+01 3.500000e+01
      vertex   -8.376905e+00 -1.827541e+01 3.340000e+01
      vertex   -8.759930e+00 -1.835121e+01 3.500000e+01
    endloop
  endfacet
  facet normal -1.941243e-01 9.809769e-01 -2.178206e-15
    outer loop
      vertex   -8.759930e+00 -1.835121e+01 3.500000e+01
      vertex   -8.376905e+00 -1.827541e+01 3.340000e+01
      vertex   -8.759930e+00 -1.835121e+01 3.340000e+01
    endloop
  endfacet
  facet normal -3.198846e-01 9.474565e-01 -2.103776e-15
    outer loop
      vertex   -8.759930e+00 -1.835121e+01 3.500000e+01
      vertex   -8.759930e+00 -1.835121e+01 3.340000e+01
      vertex   -9.129868e+00 -1.847611e+01 3.500000e+01
    endloop
  endfacet
  facet normal -3.198846e-01 9.474565e-01 -2.103776e-15
    outer loop
      vertex   -9.129868e+00 -1.847611e+01 3.500000e+01
      vertex   -8.759930e+00 -1.835121e+01 3.340000e+01
      vertex   -9.129868e+00 -1.847611e+01 3.340000e+01
    endloop
  endfacet
  facet normal -4.402264e-01 8.978868e-01 -1.993709e-15
    outer loop
      vertex   -9.129868e+00 -1.847611e+01 3.500000e+01
      vertex   -9.129868e+00 -1.847611e+01 3.340000e+01
      vertex   -9.480450e+00 -1.864799e+01 3.500000e+01
    endloop
  endfacet
  facet normal -4.402264e-01 8.978868e-01 -1.993709e-15
    outer loop
      vertex   -9.480450e+00 -1.864799e+01 3.500000e+01
      vertex   -9.129868e+00 -1.847611e+01 3.340000e+01
      vertex   -9.480450e+00 -1.864799e+01 3.340000e+01
    endloop
  endfacet
  facet normal -5.531111e-01 8.331075e-01 -1.849870e-15
    outer loop
      vertex   -9.480450e+00 -1.864799e+01 3.500000e+01
      vertex   -9.480450e+00 -1.864799e+01 3.340000e+01
      vertex   -9.805740e+00 -1.886396e+01 3.500000e+01
    endloop
  endfacet
  facet normal -5.531111e-01 8.331075e-01 -1.849870e-15
    outer loop
      vertex   -9.805740e+00 -1.886396e+01 3.500000e+01
      vertex   -9.480450e+00 -1.864799e+01 3.340000e+01
      vertex   -9.805740e+00 -1.886396e+01 3.340000e+01
    endloop
  endfacet
  facet normal -6.566264e-01 7.542160e-01 -1.674696e-15
    outer loop
      vertex   -9.805740e+00 -1.886396e+01 3.500000e+01
      vertex   -9.805740e+00 -1.886396e+01 3.340000e+01
      vertex   -1.010023e+01 -1.912034e+01 3.500000e+01
    endloop
  endfacet
  facet normal -6.566264e-01 7.542160e-01 -3.349392e-15
    outer loop
      vertex   -1.010023e+01 -1.912034e+01 3.500000e+01
      vertex   -9.805740e+00 -1.886396e+01 3.340000e+01
      vertex   -1.010023e+01 -1.912034e+01 3.340000e+01
    endloop
  endfacet
  facet normal -6.566264e-01 7.542160e-01 -3.349392e-15
    outer loop
      vertex   -1.010023e+01 -1.912034e+01 3.500000e+01
      vertex   -1.010023e+01 -1.912034e+01 3.340000e+01
      vertex   -1.046256e+01 -1.943579e+01 3.500000e+01
    endloop
  endfacet
  facet normal -6.550518e-01 7.555838e-01 6.262602e-04
    outer loop
      vertex   -1.046256e+01 -1.943579e+01 3.500000e+01
      vertex   -1.010023e+01 -1.912034e+01 3.340000e+01
      vertex   -1.047483e+01 -1.944510e+01 3.340000e+01
    endloop
  endfacet
  facet normal -5.531110e-01 8.331074e-01 -6.062291e-04
    outer loop
      vertex   -1.046256e+01 -1.943579e+01 3.500000e+01
      vertex   -1.047483e+01 -1.944510e+01 3.340000e+01
      vertex   -1.086280e+01 -1.970151e+01 3.500000e+01
    endloop
  endfacet
  facet normal -5.478869e-01 8.365515e-01 1.212455e-03
    outer loop
      vertex   -1.086280e+01 -1.970151e+01 3.500000e+01
      vertex   -1.047483e+01 -1.944510e+01 3.340000e+01
      vertex   -1.088957e+01 -1.971673e+01 3.340000e+01
    endloop
  endfacet
  facet normal -4.402261e-01 8.978862e-01 -1.172388e-03
    outer loop
      vertex   -1.086280e+01 -1.970151e+01 3.500000e+01
      vertex   -1.088957e+01 -1.971673e+01 3.340000e+01
      vertex   -1.129416e+01 -1.991301e+01 3.500000e+01
    endloop
  endfacet
  facet normal -4.308382e-01 9.024275e-01 1.758574e-03
    outer loop
      vertex   -1.129416e+01 -1.991301e+01 3.500000e+01
      vertex   -1.088957e+01 -1.971673e+01 3.340000e+01
      vertex   -1.133698e+01 -1.993033e+01 3.340000e+01
    endloop
  endfacet
  facet normal -3.198842e-01 9.474551e-01 -1.698466e-03
    outer loop
      vertex   -1.129416e+01 -1.991301e+01 3.500000e+01
      vertex   -1.133698e+01 -1.993033e+01 3.340000e+01
      vertex   -1.174933e+01 -2.006668e+01 3.500000e+01
    endloop
  endfacet
  facet normal -3.060173e-01 9.520233e-01 2.264607e-03
    outer loop
      vertex   -1.174933e+01 -2.006668e+01 3.500000e+01
      vertex   -1.133698e+01 -1.993033e+01 3.340000e+01
      vertex   -1.180897e+01 -2.008205e+01 3.340000e+01
    endloop
  endfacet
  facet normal -1.941238e-01 9.809746e-01 -2.184453e-03
    outer loop
      vertex   -1.174933e+01 -2.006668e+01 3.500000e+01
      vertex   -1.180897e+01 -2.008205e+01 3.340000e+01
      vertex   -1.222060e+01 -2.015994e+01 3.500000e+01
    endloop
  endfacet
  facet normal -1.756760e-01 9.844443e-01 2.730545e-03
    outer loop
      vertex   -1.222060e+01 -2.015994e+01 3.500000e+01
      vertex   -1.180897e+01 -2.008205e+01 3.340000e+01
      vertex   -1.229704e+01 -2.016914e+01 3.340000e+01
    endloop
  endfacet
  facet normal -6.507530e-02 9.978769e-01 -2.630342e-03
    outer loop
      vertex   -1.222060e+01 -2.015994e+01 3.500000e+01
      vertex   -1.229704e+01 -2.016914e+01 3.340000e+01
      vertex   -1.270000e+01 -2.019121e+01 3.500000e+01
    endloop
  endfacet
  facet normal -4.216574e-02 9.991056e-01 3.156381e-03
    outer loop
      vertex   -1.270000e+01 -2.019121e+01 3.500000e+01
      vertex   -1.229704e+01 -2.016914e+01 3.340000e+01
      vertex   -1.279238e+01 -2.019005e+01 3.340000e+01
    endloop
  endfacet
  facet normal 1.251409e-02 9.999217e-01 -0.000000e+00
    outer loop
      vertex   -1.270000e+01 -2.019121e+01 3.500000e+01
      vertex   -1.279238e+01 -2.019005e+01 3.340000e+01
      vertex   -1.270000e+01 -2.019121e+01 3.900000e+01
    endloop
  endfacet
  facet normal 6.540310e-02 9.978585e-01 -8.728765e-04
    outer loop
      vertex   -1.270000e+01 -2.019121e+01 3.900000e+01
      vertex   -1.279238e+01 -2.019005e+01 3.340000e+01
      vertex   -1.318180e+01 -2.015963e+01 3.900000e+01
    endloop
  endfacet
  facet normal 9.210533e-02 9.957488e-01 9.954492e-04
    outer loop
      vertex   -1.318180e+01 -2.015963e+01 3.900000e+01
      vertex   -1.279238e+01 -2.019005e+01 3.340000e+01
      vertex   -1.328605e+01 -2.014439e+01 3.340000e+01
    endloop
  endfacet
  facet normal 1.950902e-01 9.807848e-01 -9.624301e-04
    outer loop
      vertex   -1.318180e+01 -2.015963e+01 3.900000e+01
      vertex   -1.328605e+01 -2.014439e+01 3.340000e+01
      vertex   -1.365535e+01 -2.006543e+01 3.900000e+01
    endloop
  endfacet
  facet normal 2.247150e-01 9.744239e-01 1.080934e-03
    outer loop
      vertex   -1.365535e+01 -2.006543e+01 3.900000e+01
      vertex   -1.328605e+01 -2.014439e+01 3.340000e+01
      vertex   -1.376915e+01 -2.003298e+01 3.340000e+01
    endloop
  endfacet
  facet normal 3.214393e-01 9.469296e-01 -1.043846e-03
    outer loop
      vertex   -1.365535e+01 -2.006543e+01 3.900000e+01
      vertex   -1.376915e+01 -2.003298e+01 3.340000e+01
      vertex   -1.411256e+01 -1.991023e+01 3.900000e+01
    endloop
  endfacet
  facet normal 3.532707e-01 9.355204e-01 1.158281e-03
    outer loop
      vertex   -1.411256e+01 -1.991023e+01 3.900000e+01
      vertex   -1.376915e+01 -2.003298e+01 3.340000e+01
      vertex   -1.423296e+01 -1.985783e+01 3.340000e+01
    endloop
  endfacet
  facet normal 4.422884e-01 8.968722e-01 -1.117123e-03
    outer loop
      vertex   -1.411256e+01 -1.991023e+01 3.900000e+01
      vertex   -1.423296e+01 -1.985783e+01 3.340000e+01
      vertex   -1.454560e+01 -1.969668e+01 3.900000e+01
    endloop
  endfacet
  facet normal 4.754535e-01 8.797400e-01 1.227488e-03
    outer loop
      vertex   -1.454560e+01 -1.969668e+01 3.900000e+01
      vertex   -1.423296e+01 -1.985783e+01 3.340000e+01
      vertex   -1.466911e+01 -1.962211e+01 3.340000e+01
    endloop
  endfacet
  facet normal 5.555698e-01 8.314690e-01 -1.182260e-03
    outer loop
      vertex   -1.454560e+01 -1.969668e+01 3.900000e+01
      vertex   -1.466911e+01 -1.962211e+01 3.340000e+01
      vertex   -1.494706e+01 -1.942843e+01 3.900000e+01
    endloop
  endfacet
  facet normal 5.890589e-01 8.080891e-01 1.288555e-03
    outer loop
      vertex   -1.494706e+01 -1.942843e+01 3.900000e+01
      vertex   -1.466911e+01 -1.962211e+01 3.340000e+01
      vertex   -1.506975e+01 -1.933007e+01 3.340000e+01
    endloop
  endfacet
  facet normal 6.593453e-01 7.518392e-01 -1.239257e-03
    outer loop
      vertex   -1.494706e+01 -1.942843e+01 3.900000e+01
      vertex   -1.506975e+01 -1.933007e+01 3.340000e+01
      vertex   -1.531008e+01 -1.911008e+01 3.900000e+01
    endloop
  endfacet
  facet normal 6.920377e-01 7.218601e-01 1.341482e-03
    outer loop
      vertex   -1.531008e+01 -1.911008e+01 3.900000e+01
      vertex   -1.506975e+01 -1.933007e+01 3.340000e+01
      vertex   -1.542763e+01 -1.898697e+01 3.340000e+01
    endloop
  endfacet
  facet normal 7.518392e-01 6.593453e-01 -1.288113e-03
    outer loop
      vertex   -1.531008e+01 -1.911008e+01 3.900000e+01
      vertex   -1.542763e+01 -1.898697e+01 3.340000e+01
      vertex   -1.562843e+01 -1.874706e+01 3.900000e+01
    endloop
  endfacet
  facet normal 7.825320e-01 6.226088e-01 1.386267e-03
    outer loop
      vertex   -1.562843e+01 -1.874706e+01 3.900000e+01
      vertex   -1.542763e+01 -1.898697e+01 3.340000e+01
      vertex   -1.573631e+01 -1.859901e+01 3.340000e+01
    endloop
  endfacet
  facet normal 8.314689e-01 5.555697e-01 -1.328828e-03
    outer loop
      vertex   -1.562843e+01 -1.874706e+01 3.900000e+01
      vertex   -1.573631e+01 -1.859901e+01 3.340000e+01
      vertex   -1.589668e+01 -1.834560e+01 3.900000e+01
    endloop
  endfacet
  facet normal 8.589094e-01 5.121255e-01 1.422910e-03
    outer loop
      vertex   -1.589668e+01 -1.834560e+01 3.900000e+01
      vertex   -1.573631e+01 -1.859901e+01 3.340000e+01
      vertex   -1.599021e+01 -1.817318e+01 3.340000e+01
    endloop
  endfacet
  facet normal 8.968719e-01 4.422883e-01 -1.361399e-03
    outer loop
      vertex   -1.589668e+01 -1.834560e+01 3.900000e+01
      vertex   -1.599021e+01 -1.817318e+01 3.340000e+01
      vertex   -1.611023e+01 -1.791256e+01 3.900000e+01
    endloop
  endfacet
  facet normal 9.197920e-01 3.924035e-01 1.451411e-03
    outer loop
      vertex   -1.611023e+01 -1.791256e+01 3.900000e+01
      vertex   -1.599021e+01 -1.817318e+01 3.340000e+01
      vertex   -1.618475e+01 -1.771717e+01 3.340000e+01
    endloop
  endfacet
  facet normal 9.469292e-01 3.214392e-01 -1.385829e-03
    outer loop
      vertex   -1.611023e+01 -1.791256e+01 3.900000e+01
      vertex   -1.618475e+01 -1.771717e+01 3.340000e+01
      vertex   -1.626543e+01 -1.745535e+01 3.900000e+01
    endloop
  endfacet
  facet normal 9.640815e-01 2.656025e-01 1.471768e-03
    outer loop
      vertex   -1.626543e+01 -1.745535e+01 3.900000e+01
      vertex   -1.618475e+01 -1.771717e+01 3.340000e+01
      vertex   -1.631643e+01 -1.723920e+01 3.340000e+01
    endloop
  endfacet
  facet normal 9.807843e-01 1.950901e-01 -1.402115e-03
    outer loop
      vertex   -1.626543e+01 -1.745535e+01 3.900000e+01
      vertex   -1.631643e+01 -1.723920e+01 3.340000e+01
      vertex   -1.635963e+01 -1.698180e+01 3.900000e+01
    endloop
  endfacet
  facet normal 9.909789e-01 1.340100e-01 1.483983e-03
    outer loop
      vertex   -1.635963e+01 -1.698180e+01 3.900000e+01
      vertex   -1.631643e+01 -1.723920e+01 3.340000e+01
      vertex   -1.638287e+01 -1.674789e+01 3.340000e+01
    endloop
  endfacet
  facet normal 9.978579e-01 6.540306e-02 -1.410258e-03
    outer loop
      vertex   -1.635963e+01 -1.698180e+01 3.900000e+01
      vertex   -1.638287e+01 -1.674789e+01 3.340000e+01
      vertex   -1.639121e+01 -1.650000e+01 3.900000e+01
    endloop
  endfacet
  facet normal 9.999989e-01 -1.433085e-14 1.488055e-03
    outer loop
      vertex   -1.639121e+01 -1.650000e+01 3.900000e+01
      vertex   -1.638287e+01 -1.674789e+01 3.340000e+01
      vertex   -1.638287e+01 -1.625211e+01 3.340000e+01
    endloop
  endfacet
  facet normal 9.978579e-01 -6.540306e-02 -1.410258e-03
    outer loop
      vertex   -1.639121e+01 -1.650000e+01 3.900000e+01
      vertex   -1.638287e+01 -1.625211e+01 3.340000e+01
      vertex   -1.635963e+01 -1.601820e+01 3.900000e+01
    endloop
  endfacet
  facet normal 9.909789e-01 -1.340100e-01 1.483983e-03
    outer loop
      vertex   -1.635963e+01 -1.601820e+01 3.900000e+01
      vertex   -1.638287e+01 -1.625211e+01 3.340000e+01
      vertex   -1.631643e+01 -1.576080e+01 3.340000e+01
    endloop
  endfacet
  facet normal 9.807843e-01 -1.950901e-01 -1.402115e-03
    outer loop
      vertex   -1.635963e+01 -1.601820e+01 3.900000e+01
      vertex   -1.631643e+01 -1.576080e+01 3.340000e+01
      vertex   -1.626543e+01 -1.554465e+01 3.900000e+01
    endloop
  endfacet
  facet normal 9.640815e-01 -2.656025e-01 1.471768e-03
    outer loop
      vertex   -1.626543e+01 -1.554465e+01 3.900000e+01
      vertex   -1.631643e+01 -1.576080e+01 3.340000e+01
      vertex   -1.618475e+01 -1.528283e+01 3.340000e+01
    endloop
  endfacet
  facet normal 9.469292e-01 -3.214392e-01 -1.385829e-03
    outer loop
      vertex   -1.626543e+01 -1.554465e+01 3.900000e+01
      vertex   -1.618475e+01 -1.528283e+01 3.340000e+01
      vertex   -1.611023e+01 -1.508744e+01 3.900000e+01
    endloop
  endfacet
  facet normal 9.197920e-01 -3.924035e-01 1.451411e-03
    outer loop
      vertex   -1.611023e+01 -1.508744e+01 3.900000e+01
      vertex   -1.618475e+01 -1.528283e+01 3.340000e+01
      vertex   -1.599021e+01 -1.482682e+01 3.340000e+01
    endloop
  endfacet
  facet normal 8.968719e-01 -4.422883e-01 -1.361399e-03
    outer loop
      vertex   -1.611023e+01 -1.508744e+01 3.900000e+01
      vertex   -1.599021e+01 -1.482682e+01 3.340000e+01
      vertex   -1.589668e+01 -1.465440e+01 3.900000e+01
    endloop
  endfacet
  facet normal 8.589094e-01 -5.121255e-01 1.422910e-03
    outer loop
      vertex   -1.589668e+01 -1.465440e+01 3.900000e+01
      vertex   -1.599021e+01 -1.482682e+01 3.340000e+01
      vertex   -1.573631e+01 -1.440099e+01 3.340000e+01
    endloop
  endfacet
  facet normal 8.314689e-01 -5.555697e-01 -1.328828e-03
    outer loop
      vertex   -1.589668e+01 -1.465440e+01 3.900000e+01
      vertex   -1.573631e+01 -1.440099e+01 3.340000e+01
      vertex   -1.562843e+01 -1.425294e+01 3.900000e+01
    endloop
  endfacet
  facet normal 7.825320e-01 -6.226088e-01 1.386267e-03
    outer loop
      vertex   -1.562843e+01 -1.425294e+01 3.900000e+01
      vertex   -1.573631e+01 -1.440099e+01 3.340000e+01
      vertex   -1.542763e+01 -1.401303e+01 3.340000e+01
    endloop
  endfacet
  facet normal 7.518392e-01 -6.593453e-01 -1.288113e-03
    outer loop
      vertex   -1.562843e+01 -1.425294e+01 3.900000e+01
      vertex   -1.542763e+01 -1.401303e+01 3.340000e+01
      vertex   -1.531008e+01 -1.388992e+01 3.900000e+01
    endloop
  endfacet
  facet normal 6.920377e-01 -7.218601e-01 1.341482e-03
    outer loop
      vertex   -1.531008e+01 -1.388992e+01 3.900000e+01
      vertex   -1.542763e+01 -1.401303e+01 3.340000e+01
      vertex   -1.506975e+01 -1.366993e+01 3.340000e+01
    endloop
  endfacet
  facet normal 6.593453e-01 -7.518392e-01 -1.239257e-03
    outer loop
      vertex   -1.531008e+01 -1.388992e+01 3.900000e+01
      vertex   -1.506975e+01 -1.366993e+01 3.340000e+01
      vertex   -1.494706e+01 -1.357157e+01 3.900000e+01
    endloop
  endfacet
  facet normal 5.890589e-01 -8.080891e-01 1.288555e-03
    outer loop
      vertex   -1.494706e+01 -1.357157e+01 3.900000e+01
      vertex   -1.506975e+01 -1.366993e+01 3.340000e+01
      vertex   -1.466911e+01 -1.337789e+01 3.340000e+01
    endloop
  endfacet
  facet normal 5.555698e-01 -8.314690e-01 -1.182260e-03
    outer loop
      vertex   -1.494706e+01 -1.357157e+01 3.900000e+01
      vertex   -1.466911e+01 -1.337789e+01 3.340000e+01
      vertex   -1.454560e+01 -1.330332e+01 3.900000e+01
    endloop
  endfacet
  facet normal 4.754535e-01 -8.797400e-01 1.227488e-03
    outer loop
      vertex   -1.454560e+01 -1.330332e+01 3.900000e+01
      vertex   -1.466911e+01 -1.337789e+01 3.340000e+01
      vertex   -1.423296e+01 -1.314217e+01 3.340000e+01
    endloop
  endfacet
  facet normal 4.422884e-01 -8.968722e-01 -1.117123e-03
    outer loop
      vertex   -1.454560e+01 -1.330332e+01 3.900000e+01
      vertex   -1.423296e+01 -1.314217e+01 3.340000e+01
      vertex   -1.411256e+01 -1.308977e+01 3.900000e+01
    endloop
  endfacet
  facet normal 3.532707e-01 -9.355204e-01 1.158281e-03
    outer loop
      vertex   -1.411256e+01 -1.308977e+01 3.900000e+01
      vertex   -1.423296e+01 -1.314217e+01 3.340000e+01
      vertex   -1.376915e+01 -1.296702e+01 3.340000e+01
    endloop
  endfacet
  facet normal 3.214393e-01 -9.469296e-01 -1.043846e-03
    outer loop
      vertex   -1.411256e+01 -1.308977e+01 3.900000e+01
      vertex   -1.376915e+01 -1.296702e+01 3.340000e+01
      vertex   -1.365535e+01 -1.293457e+01 3.900000e+01
    endloop
  endfacet
  facet normal 2.247150e-01 -9.744239e-01 1.080934e-03
    outer loop
      vertex   -1.365535e+01 -1.293457e+01 3.900000e+01
      vertex   -1.376915e+01 -1.296702e+01 3.340000e+01
      vertex   -1.328605e+01 -1.285561e+01 3.340000e+01
    endloop
  endfacet
  facet normal 1.950902e-01 -9.807848e-01 -9.624301e-04
    outer loop
      vertex   -1.365535e+01 -1.293457e+01 3.900000e+01
      vertex   -1.328605e+01 -1.285561e+01 3.340000e+01
      vertex   -1.318180e+01 -1.284037e+01 3.900000e+01
    endloop
  endfacet
  facet normal 9.210533e-02 -9.957488e-01 9.954492e-04
    outer loop
      vertex   -1.318180e+01 -1.284037e+01 3.900000e+01
      vertex   -1.328605e+01 -1.285561e+01 3.340000e+01
      vertex   -1.279238e+01 -1.280995e+01 3.340000e+01
    endloop
  endfacet
  facet normal 6.540310e-02 -9.978585e-01 -8.728765e-04
    outer loop
      vertex   -1.318180e+01 -1.284037e+01 3.900000e+01
      vertex   -1.279238e+01 -1.280995e+01 3.340000e+01
      vertex   -1.270000e+01 -1.280879e+01 3.900000e+01
    endloop
  endfacet
  facet normal 1.251409e-02 -9.999217e-01 0.000000e+00
    outer loop
      vertex   -1.270000e+01 -1.280879e+01 3.900000e+01
      vertex   -1.279238e+01 -1.280995e+01 3.340000e+01
      vertex   -1.270000e+01 -1.280879e+01 3.500000e+01
    endloop
  endfacet
  facet normal -4.216574e-02 -9.991056e-01 3.156381e-03
    outer loop
      vertex   -1.270000e+01 -1.280879e+01 3.500000e+01
      vertex   -1.279238e+01 -1.280995e+01 3.340000e+01
      vertex   -1.229704e+01 -1.283086e+01 3.340000e+01
    endloop
  endfacet
  facet normal -6.507530e-02 -9.978769e-01 -2.630342e-03
    outer loop
      vertex   -1.270000e+01 -1.280879e+01 3.500000e+01
      vertex   -1.229704e+01 -1.283086e+01 3.340000e+01
      vertex   -1.222060e+01 -1.284006e+01 3.500000e+01
    endloop
  endfacet
  facet normal -1.756760e-01 -9.844443e-01 2.730545e-03
    outer loop
      vertex   -1.222060e+01 -1.284006e+01 3.500000e+01
      vertex   -1.229704e+01 -1.283086e+01 3.340000e+01
      vertex   -1.180897e+01 -1.291795e+01 3.340000e+01
    endloop
  endfacet
  facet normal -1.941238e-01 -9.809746e-01 -2.184453e-03
    outer loop
      vertex   -1.222060e+01 -1.284006e+01 3.500000e+01
      vertex   -1.180897e+01 -1.291795e+01 3.340000e+01
      vertex   -1.174933e+01 -1.293332e+01 3.500000e+01
    endloop
  endfacet
  facet normal -3.060173e-01 -9.520233e-01 2.264607e-03
    outer loop
      vertex   -1.174933e+01 -1.293332e+01 3.500000e+01
      vertex   -1.180897e+01 -1.291795e+01 3.340000e+01
      vertex   -1.133698e+01 -1.306967e+01 3.340000e+01
    endloop
  endfacet
  facet normal -3.198842e-01 -9.474551e-01 -1.698466e-03
    outer loop
      vertex   -1.174933e+01 -1.293332e+01 3.500000e+01
      vertex   -1.133698e+01 -1.306967e+01 3.340000e+01
      vertex   -1.129416e+01 -1.308699e+01 3.500000e+01
    endloop
  endfacet
  facet normal -4.308382e-01 -9.024275e-01 1.758574e-03
    outer loop
      vertex   -1.129416e+01 -1.308699e+01 3.500000e+01
      vertex   -1.133698e+01 -1.306967e+01 3.340000e+01
      vertex   -1.088957e+01 -1.328327e+01 3.340000e+01
    endloop
  endfacet
  facet normal -4.402261e-01 -8.978862e-01 -1.172388e-03
    outer loop
      vertex   -1.129416e+01 -1.308699e+01 3.500000e+01
      vertex   -1.088957e+01 -1.328327e+01 3.340000e+01
      vertex   -1.086280e+01 -1.329849e+01 3.500000e+01
    endloop
  endfacet
  facet normal -5.478869e-01 -8.365515e-01 1.212455e-03
    outer loop
      vertex   -1.086280e+01 -1.329849e+01 3.500000e+01
      vertex   -1.088957e+01 -1.328327e+01 3.340000e+01
      vertex   -1.047483e+01 -1.355490e+01 3.340000e+01
    endloop
  endfacet
  facet normal -5.531110e-01 -8.331074e-01 -6.062291e-04
    outer loop
      vertex   -1.086280e+01 -1.329849e+01 3.500000e+01
      vertex   -1.047483e+01 -1.355490e+01 3.340000e+01
      vertex   -1.046256e+01 -1.356421e+01 3.500000e+01
    endloop
  endfacet
  facet normal -6.550518e-01 -7.555838e-01 6.262602e-04
    outer loop
      vertex   -1.046256e+01 -1.356421e+01 3.500000e+01
      vertex   -1.047483e+01 -1.355490e+01 3.340000e+01
      vertex   -1.010023e+01 -1.387966e+01 3.340000e+01
    endloop
  endfacet
  facet normal -6.566264e-01 -7.542160e-01 2.509569e-15
    outer loop
      vertex   -1.046256e+01 -1.356421e+01 3.500000e+01
      vertex   -1.010023e+01 -1.387966e+01 3.340000e+01
      vertex   -1.010023e+01 -1.387966e+01 3.500000e+01
    endloop
  endfacet
  facet normal -4.655996e-01 -5.331305e-01 -7.063915e-01
    outer loop
      vertex   1.418150e+01 -1.359571e+01 3.300000e+01
      vertex   1.389977e+01 -1.387966e+01 3.340000e+01
      vertex   1.378996e+01 -1.325376e+01 3.300000e+01
    endloop
  endfacet
  facet normal -4.626214e-01 -5.336208e-01 -7.079762e-01
    outer loop
      vertex   1.378996e+01 -1.325376e+01 3.300000e+01
      vertex   1.389977e+01 -1.387966e+01 3.340000e+01
      vertex   1.352517e+01 -1.355490e+01 3.340000e+01
    endloop
  endfacet
  facet normal -3.950291e-01 -5.890497e-01 -7.049628e-01
    outer loop
      vertex   1.378996e+01 -1.325376e+01 3.300000e+01
      vertex   1.352517e+01 -1.355490e+01 3.340000e+01
      vertex   1.335821e+01 -1.296422e+01 3.300000e+01
    endloop
  endfacet
  facet normal -3.861296e-01 -5.895693e-01 -7.094448e-01
    outer loop
      vertex   1.335821e+01 -1.296422e+01 3.300000e+01
      vertex   1.352517e+01 -1.355490e+01 3.340000e+01
      vertex   1.311043e+01 -1.328327e+01 3.340000e+01
    endloop
  endfacet
  facet normal -3.177050e-01 -6.355075e-01 -7.037000e-01
    outer loop
      vertex   1.335821e+01 -1.296422e+01 3.300000e+01
      vertex   1.311043e+01 -1.328327e+01 3.340000e+01
      vertex   1.289324e+01 -1.273177e+01 3.300000e+01
    endloop
  endfacet
  facet normal -3.030859e-01 -6.348393e-01 -7.107166e-01
    outer loop
      vertex   1.289324e+01 -1.273177e+01 3.300000e+01
      vertex   1.311043e+01 -1.328327e+01 3.340000e+01
      vertex   1.266302e+01 -1.306967e+01 3.340000e+01
    endloop
  endfacet
  facet normal -2.349110e-01 -6.716858e-01 -7.026059e-01
    outer loop
      vertex   1.289324e+01 -1.273177e+01 3.300000e+01
      vertex   1.266302e+01 -1.306967e+01 3.340000e+01
      vertex   1.240254e+01 -1.256016e+01 3.300000e+01
    endloop
  endfacet
  facet normal -2.149433e-01 -6.686911e-01 -7.117946e-01
    outer loop
      vertex   1.240254e+01 -1.256016e+01 3.300000e+01
      vertex   1.266302e+01 -1.306967e+01 3.340000e+01
      vertex   1.219103e+01 -1.291795e+01 3.340000e+01
    endloop
  endfacet
  facet normal -1.480296e-01 -6.969422e-01 -7.016829e-01
    outer loop
      vertex   1.240254e+01 -1.256016e+01 3.300000e+01
      vertex   1.219103e+01 -1.291795e+01 3.340000e+01
      vertex   1.189404e+01 -1.245215e+01 3.300000e+01
    endloop
  endfacet
  facet normal -1.232350e-01 -6.905783e-01 -7.126814e-01
    outer loop
      vertex   1.189404e+01 -1.245215e+01 3.300000e+01
      vertex   1.219103e+01 -1.291795e+01 3.340000e+01
      vertex   1.170296e+01 -1.283086e+01 3.340000e+01
    endloop
  endfacet
  facet normal -5.851830e-02 -7.108225e-01 -7.009330e-01
    outer loop
      vertex   1.189404e+01 -1.245215e+01 3.300000e+01
      vertex   1.170296e+01 -1.283086e+01 3.340000e+01
      vertex   1.137595e+01 -1.240950e+01 3.300000e+01
    endloop
  endfacet
  facet normal -2.954898e-02 -7.001550e-01 -7.133792e-01
    outer loop
      vertex   1.137595e+01 -1.240950e+01 3.300000e+01
      vertex   1.170296e+01 -1.283086e+01 3.340000e+01
      vertex   1.120762e+01 -1.280995e+01 3.340000e+01
    endloop
  endfacet
  facet normal 3.211647e-02 -7.130689e-01 -7.003579e-01
    outer loop
      vertex   1.137595e+01 -1.240950e+01 3.300000e+01
      vertex   1.120762e+01 -1.280995e+01 3.340000e+01
      vertex   1.085663e+01 -1.243289e+01 3.300000e+01
    endloop
  endfacet
  facet normal 6.449756e-02 -6.972817e-01 -7.138896e-01
    outer loop
      vertex   1.085663e+01 -1.243289e+01 3.300000e+01
      vertex   1.120762e+01 -1.280995e+01 3.340000e+01
      vertex   1.071395e+01 -1.285561e+01 3.340000e+01
    endloop
  endfacet
  facet normal 1.223461e-01 -7.036255e-01 -6.999590e-01
    outer loop
      vertex   1.085663e+01 -1.243289e+01 3.300000e+01
      vertex   1.071395e+01 -1.285561e+01 3.340000e+01
      vertex   1.034448e+01 -1.252194e+01 3.300000e+01
    endloop
  endfacet
  facet normal 1.572843e-01 -6.820266e-01 -7.142138e-01
    outer loop
      vertex   1.034448e+01 -1.252194e+01 3.300000e+01
      vertex   1.071395e+01 -1.285561e+01 3.340000e+01
      vertex   1.023085e+01 -1.296702e+01 3.340000e+01
    endloop
  endfacet
  facet normal 2.106469e-01 -6.826389e-01 -6.997371e-01
    outer loop
      vertex   1.034448e+01 -1.252194e+01 3.300000e+01
      vertex   1.023085e+01 -1.296702e+01 3.340000e+01
      vertex   9.847746e+00 -1.267522e+01 3.300000e+01
    endloop
  endfacet
  facet normal 2.472141e-01 -6.546645e-01 -7.143526e-01
    outer loop
      vertex   9.847746e+00 -1.267522e+01 3.300000e+01
      vertex   1.023085e+01 -1.296702e+01 3.340000e+01
      vertex   9.767043e+00 -1.314217e+01 3.340000e+01
    endloop
  endfacet
  facet normal 2.955275e-01 -6.504565e-01 -6.996927e-01
    outer loop
      vertex   9.847746e+00 -1.267522e+01 3.300000e+01
      vertex   9.767043e+00 -1.314217e+01 3.340000e+01
      vertex   9.374463e+00 -1.289025e+01 3.300000e+01
    endloop
  endfacet
  facet normal 3.327383e-01 -6.156717e-01 -7.143064e-01
    outer loop
      vertex   9.374463e+00 -1.289025e+01 3.300000e+01
      vertex   9.767043e+00 -1.314217e+01 3.340000e+01
      vertex   9.330886e+00 -1.337789e+01 3.340000e+01
    endloop
  endfacet
  facet normal 3.755554e-01 -6.076198e-01 -6.998259e-01
    outer loop
      vertex   9.374463e+00 -1.289025e+01 3.300000e+01
      vertex   9.330886e+00 -1.337789e+01 3.340000e+01
      vertex   8.932267e+00 -1.316356e+01 3.300000e+01
    endloop
  endfacet
  facet normal 4.123824e-01 -5.657188e-01 -7.140749e-01
    outer loop
      vertex   8.932267e+00 -1.316356e+01 3.300000e+01
      vertex   9.330886e+00 -1.337789e+01 3.340000e+01
      vertex   8.930253e+00 -1.366993e+01 3.340000e+01
    endloop
  endfacet
  facet normal 4.493824e-01 -5.548554e-01 -7.001364e-01
    outer loop
      vertex   8.932267e+00 -1.316356e+01 3.300000e+01
      vertex   8.930253e+00 -1.366993e+01 3.340000e+01
      vertex   8.528299e+00 -1.349074e+01 3.300000e+01
    endloop
  endfacet
  facet normal 4.847691e-01 -5.056596e-01 -7.136577e-01
    outer loop
      vertex   8.528299e+00 -1.349074e+01 3.300000e+01
      vertex   8.930253e+00 -1.366993e+01 3.340000e+01
      vertex   8.572370e+00 -1.401303e+01 3.340000e+01
    endloop
  endfacet
  facet normal 5.157686e-01 -4.930613e-01 -7.006235e-01
    outer loop
      vertex   8.528299e+00 -1.349074e+01 3.300000e+01
      vertex   8.572370e+00 -1.401303e+01 3.340000e+01
      vertex   8.169079e+00 -1.386650e+01 3.300000e+01
    endloop
  endfacet
  facet normal 5.486410e-01 -4.365172e-01 -7.130538e-01
    outer loop
      vertex   8.169079e+00 -1.386650e+01 3.300000e+01
      vertex   8.572370e+00 -1.401303e+01 3.340000e+01
      vertex   8.263694e+00 -1.440099e+01 3.340000e+01
    endloop
  endfacet
  facet normal 5.736044e-01 -4.232915e-01 -7.012862e-01
    outer loop
      vertex   8.169079e+00 -1.386650e+01 3.300000e+01
      vertex   8.263694e+00 -1.440099e+01 3.340000e+01
      vertex   7.860409e+00 -1.428478e+01 3.300000e+01
    endloop
  endfacet
  facet normal 6.028811e-01 -3.594684e-01 -7.122618e-01
    outer loop
      vertex   7.860409e+00 -1.428478e+01 3.300000e+01
      vertex   8.263694e+00 -1.440099e+01 3.340000e+01
      vertex   8.009793e+00 -1.482682e+01 3.340000e+01
    endloop
  endfacet
  facet normal 6.219304e-01 -3.467364e-01 -7.021228e-01
    outer loop
      vertex   7.860409e+00 -1.428478e+01 3.300000e+01
      vertex   8.009793e+00 -1.482682e+01 3.340000e+01
      vertex   7.607272e+00 -1.473883e+01 3.300000e+01
    endloop
  endfacet
  facet normal 6.465309e-01 -2.758243e-01 -7.112796e-01
    outer loop
      vertex   7.607272e+00 -1.473883e+01 3.300000e+01
      vertex   8.009793e+00 -1.482682e+01 3.340000e+01
      vertex   7.815247e+00 -1.528283e+01 3.340000e+01
    endloop
  endfacet
  facet normal 6.599537e-01 -2.647016e-01 -7.031317e-01
    outer loop
      vertex   7.607272e+00 -1.473883e+01 3.300000e+01
      vertex   7.815247e+00 -1.528283e+01 3.340000e+01
      vertex   7.413753e+00 -1.522131e+01 3.300000e+01
    endloop
  endfacet
  facet normal 6.788064e-01 -1.870098e-01 -7.101051e-01
    outer loop
      vertex   7.413753e+00 -1.522131e+01 3.300000e+01
      vertex   7.815247e+00 -1.528283e+01 3.340000e+01
      vertex   7.683567e+00 -1.576080e+01 3.340000e+01
    endloop
  endfacet
  facet normal 6.870621e-01 -1.785846e-01 -7.043105e-01
    outer loop
      vertex   7.413753e+00 -1.522131e+01 3.300000e+01
      vertex   7.683567e+00 -1.576080e+01 3.340000e+01
      vertex   7.282979e+00 -1.572443e+01 3.300000e+01
    endloop
  endfacet
  facet normal 6.991111e-01 -9.454076e-02 -7.087353e-01
    outer loop
      vertex   7.282979e+00 -1.572443e+01 3.300000e+01
      vertex   7.683567e+00 -1.576080e+01 3.340000e+01
      vertex   7.617128e+00 -1.625211e+01 3.340000e+01
    endloop
  endfacet
  facet normal 7.028342e-01 -8.984932e-02 -7.056566e-01
    outer loop
      vertex   7.282979e+00 -1.572443e+01 3.300000e+01
      vertex   7.617128e+00 -1.625211e+01 3.340000e+01
      vertex   7.217060e+00 -1.624008e+01 3.300000e+01
    endloop
  endfacet
  facet normal 7.070465e-01 -8.906215e-15 -7.071670e-01
    outer loop
      vertex   7.217060e+00 -1.624008e+01 3.300000e+01
      vertex   7.617128e+00 -1.625211e+01 3.340000e+01
      vertex   7.617128e+00 -1.674789e+01 3.340000e+01
    endloop
  endfacet
  facet normal 7.070465e-01 -9.664220e-15 -7.071670e-01
    outer loop
      vertex   7.217060e+00 -1.624008e+01 3.300000e+01
      vertex   7.617128e+00 -1.674789e+01 3.340000e+01
      vertex   7.217060e+00 -1.675992e+01 3.300000e+01
    endloop
  endfacet
  facet normal 7.028342e-01 8.984932e-02 -7.056566e-01
    outer loop
      vertex   7.217060e+00 -1.675992e+01 3.300000e+01
      vertex   7.617128e+00 -1.674789e+01 3.340000e+01
      vertex   7.282979e+00 -1.727557e+01 3.300000e+01
    endloop
  endfacet
  facet normal 6.991111e-01 9.454076e-02 -7.087353e-01
    outer loop
      vertex   7.282979e+00 -1.727557e+01 3.300000e+01
      vertex   7.617128e+00 -1.674789e+01 3.340000e+01
      vertex   7.683567e+00 -1.723920e+01 3.340000e+01
    endloop
  endfacet
  facet normal 6.870621e-01 1.785846e-01 -7.043105e-01
    outer loop
      vertex   7.282979e+00 -1.727557e+01 3.300000e+01
      vertex   7.683567e+00 -1.723920e+01 3.340000e+01
      vertex   7.413753e+00 -1.777869e+01 3.300000e+01
    endloop
  endfacet
  facet normal 6.788064e-01 1.870098e-01 -7.101051e-01
    outer loop
      vertex   7.413753e+00 -1.777869e+01 3.300000e+01
      vertex   7.683567e+00 -1.723920e+01 3.340000e+01
      vertex   7.815247e+00 -1.771717e+01 3.340000e+01
    endloop
  endfacet
  facet normal 6.599537e-01 2.647016e-01 -7.031317e-01
    outer loop
      vertex   7.413753e+00 -1.777869e+01 3.300000e+01
      vertex   7.815247e+00 -1.771717e+01 3.340000e+01
      vertex   7.607272e+00 -1.826117e+01 3.300000e+01
    endloop
  endfacet
  facet normal 6.465309e-01 2.758243e-01 -7.112796e-01
    outer loop
      vertex   7.607272e+00 -1.826117e+01 3.300000e+01
      vertex   7.815247e+00 -1.771717e+01 3.340000e+01
      vertex   8.009793e+00 -1.817318e+01 3.340000e+01
    endloop
  endfacet
  facet normal 6.219304e-01 3.467364e-01 -7.021228e-01
    outer loop
      vertex   7.607272e+00 -1.826117e+01 3.300000e+01
      vertex   8.009793e+00 -1.817318e+01 3.340000e+01
      vertex   7.860409e+00 -1.871522e+01 3.300000e+01
    endloop
  endfacet
  facet normal 6.028811e-01 3.594684e-01 -7.122618e-01
    outer loop
      vertex   7.860409e+00 -1.871522e+01 3.300000e+01
      vertex   8.009793e+00 -1.817318e+01 3.340000e+01
      vertex   8.263694e+00 -1.859901e+01 3.340000e+01
    endloop
  endfacet
  facet normal 5.736044e-01 4.232915e-01 -7.012862e-01
    outer loop
      vertex   7.860409e+00 -1.871522e+01 3.300000e+01
      vertex   8.263694e+00 -1.859901e+01 3.340000e+01
      vertex   8.169079e+00 -1.913350e+01 3.300000e+01
    endloop
  endfacet
  facet normal 5.486410e-01 4.365172e-01 -7.130538e-01
    outer loop
      vertex   8.169079e+00 -1.913350e+01 3.300000e+01
      vertex   8.263694e+00 -1.859901e+01 3.340000e+01
      vertex   8.572370e+00 -1.898697e+01 3.340000e+01
    endloop
  endfacet
  facet normal 5.157686e-01 4.930613e-01 -7.006235e-01
    outer loop
      vertex   8.169079e+00 -1.913350e+01 3.300000e+01
      vertex   8.572370e+00 -1.898697e+01 3.340000e+01
      vertex   8.528299e+00 -1.950926e+01 3.300000e+01
    endloop
  endfacet
  facet normal 4.847691e-01 5.056596e-01 -7.136577e-01
    outer loop
      vertex   8.528299e+00 -1.950926e+01 3.300000e+01
      vertex   8.572370e+00 -1.898697e+01 3.340000e+01
      vertex   8.930253e+00 -1.933007e+01 3.340000e+01
    endloop
  endfacet
  facet normal 4.493824e-01 5.548554e-01 -7.001364e-01
    outer loop
      vertex   8.528299e+00 -1.950926e+01 3.300000e+01
      vertex   8.930253e+00 -1.933007e+01 3.340000e+01
      vertex   8.932267e+00 -1.983644e+01 3.300000e+01
    endloop
  endfacet
  facet normal 4.123824e-01 5.657188e-01 -7.140749e-01
    outer loop
      vertex   8.932267e+00 -1.983644e+01 3.300000e+01
      vertex   8.930253e+00 -1.933007e+01 3.340000e+01
      vertex   9.330886e+00 -1.962211e+01 3.340000e+01
    endloop
  endfacet
  facet normal 3.755554e-01 6.076198e-01 -6.998259e-01
    outer loop
      vertex   8.932267e+00 -1.983644e+01 3.300000e+01
      vertex   9.330886e+00 -1.962211e+01 3.340000e+01
      vertex   9.374463e+00 -2.010975e+01 3.300000e+01
    endloop
  endfacet
  facet normal 3.327383e-01 6.156717e-01 -7.143064e-01
    outer loop
      vertex   9.374463e+00 -2.010975e+01 3.300000e+01
      vertex   9.330886e+00 -1.962211e+01 3.340000e+01
      vertex   9.767043e+00 -1.985783e+01 3.340000e+01
    endloop
  endfacet
  facet normal 2.955275e-01 6.504565e-01 -6.996927e-01
    outer loop
      vertex   9.374463e+00 -2.010975e+01 3.300000e+01
      vertex   9.767043e+00 -1.985783e+01 3.340000e+01
      vertex   9.847746e+00 -2.032478e+01 3.300000e+01
    endloop
  endfacet
  facet normal 2.472141e-01 6.546645e-01 -7.143526e-01
    outer loop
      vertex   9.847746e+00 -2.032478e+01 3.300000e+01
      vertex   9.767043e+00 -1.985783e+01 3.340000e+01
      vertex   1.023085e+01 -2.003298e+01 3.340000e+01
    endloop
  endfacet
  facet normal 2.106469e-01 6.826389e-01 -6.997371e-01
    outer loop
      vertex   9.847746e+00 -2.032478e+01 3.300000e+01
      vertex   1.023085e+01 -2.003298e+01 3.340000e+01
      vertex   1.034448e+01 -2.047806e+01 3.300000e+01
    endloop
  endfacet
  facet normal 1.572843e-01 6.820266e-01 -7.142138e-01
    outer loop
      vertex   1.034448e+01 -2.047806e+01 3.300000e+01
      vertex   1.023085e+01 -2.003298e+01 3.340000e+01
      vertex   1.071395e+01 -2.014439e+01 3.340000e+01
    endloop
  endfacet
  facet normal 1.223461e-01 7.036255e-01 -6.999590e-01
    outer loop
      vertex   1.034448e+01 -2.047806e+01 3.300000e+01
      vertex   1.071395e+01 -2.014439e+01 3.340000e+01
      vertex   1.085663e+01 -2.056711e+01 3.300000e+01
    endloop
  endfacet
  facet normal 6.449756e-02 6.972817e-01 -7.138896e-01
    outer loop
      vertex   1.085663e+01 -2.056711e+01 3.300000e+01
      vertex   1.071395e+01 -2.014439e+01 3.340000e+01
      vertex   1.120762e+01 -2.019005e+01 3.340000e+01
    endloop
  endfacet
  facet normal 3.211647e-02 7.130689e-01 -7.003579e-01
    outer loop
      vertex   1.085663e+01 -2.056711e+01 3.300000e+01
      vertex   1.120762e+01 -2.019005e+01 3.340000e+01
      vertex   1.137595e+01 -2.059050e+01 3.300000e+01
    endloop
  endfacet
  facet normal -2.954898e-02 7.001550e-01 -7.133792e-01
    outer loop
      vertex   1.137595e+01 -2.059050e+01 3.300000e+01
      vertex   1.120762e+01 -2.019005e+01 3.340000e+01
      vertex   1.170296e+01 -2.016914e+01 3.340000e+01
    endloop
  endfacet
  facet normal -5.851830e-02 7.108225e-01 -7.009330e-01
    outer loop
      vertex   1.137595e+01 -2.059050e+01 3.300000e+01
      vertex   1.170296e+01 -2.016914e+01 3.340000e+01
      vertex   1.189404e+01 -2.054785e+01 3.300000e+01
    endloop
  endfacet
  facet normal -1.232350e-01 6.905783e-01 -7.126814e-01
    outer loop
      vertex   1.189404e+01 -2.054785e+01 3.300000e+01
      vertex   1.170296e+01 -2.016914e+01 3.340000e+01
      vertex   1.219103e+01 -2.008205e+01 3.340000e+01
    endloop
  endfacet
  facet normal -1.480296e-01 6.969422e-01 -7.016829e-01
    outer loop
      vertex   1.189404e+01 -2.054785e+01 3.300000e+01
      vertex   1.219103e+01 -2.008205e+01 3.340000e+01
      vertex   1.240254e+01 -2.043984e+01 3.300000e+01
    endloop
  endfacet
  facet normal -2.149433e-01 6.686911e-01 -7.117946e-01
    outer loop
      vertex   1.240254e+01 -2.043984e+01 3.300000e+01
      vertex   1.219103e+01 -2.008205e+01 3.340000e+01
      vertex   1.266302e+01 -1.993033e+01 3.340000e+01
    endloop
  endfacet
  facet normal -2.349110e-01 6.716858e-01 -7.026059e-01
    outer loop
      vertex   1.240254e+01 -2.043984e+01 3.300000e+01
      vertex   1.266302e+01 -1.993033e+01 3.340000e+01
      vertex   1.289324e+01 -2.026823e+01 3.300000e+01
    endloop
  endfacet
  facet normal -3.030859e-01 6.348393e-01 -7.107166e-01
    outer loop
      vertex   1.289324e+01 -2.026823e+01 3.300000e+01
      vertex   1.266302e+01 -1.993033e+01 3.340000e+01
      vertex   1.311043e+01 -1.971673e+01 3.340000e+01
    endloop
  endfacet
  facet normal -3.177050e-01 6.355075e-01 -7.037000e-01
    outer loop
      vertex   1.289324e+01 -2.026823e+01 3.300000e+01
      vertex   1.311043e+01 -1.971673e+01 3.340000e+01
      vertex   1.335821e+01 -2.003578e+01 3.300000e+01
    endloop
  endfacet
  facet normal -3.861296e-01 5.895693e-01 -7.094448e-01
    outer loop
      vertex   1.335821e+01 -2.003578e+01 3.300000e+01
      vertex   1.311043e+01 -1.971673e+01 3.340000e+01
      vertex   1.352517e+01 -1.944510e+01 3.340000e+01
    endloop
  endfacet
  facet normal -3.950291e-01 5.890497e-01 -7.049628e-01
    outer loop
      vertex   1.335821e+01 -2.003578e+01 3.300000e+01
      vertex   1.352517e+01 -1.944510e+01 3.340000e+01
      vertex   1.378996e+01 -1.974624e+01 3.300000e+01
    endloop
  endfacet
  facet normal -4.626214e-01 5.336208e-01 -7.079762e-01
    outer loop
      vertex   1.378996e+01 -1.974624e+01 3.300000e+01
      vertex   1.352517e+01 -1.944510e+01 3.340000e+01
      vertex   1.389977e+01 -1.912034e+01 3.340000e+01
    endloop
  endfacet
  facet normal -4.655996e-01 5.331305e-01 -7.063915e-01
    outer loop
      vertex   1.378996e+01 -1.974624e+01 3.300000e+01
      vertex   1.389977e+01 -1.912034e+01 3.340000e+01
      vertex   1.418150e+01 -1.940429e+01 3.300000e+01
    endloop
  endfacet
  facet normal -4.606414e-02 -7.063562e-01 -7.063562e-01
    outer loop
      vertex   1.601272e+01 -1.475000e+01 3.340000e+01
      vertex   1.562310e+01 -1.472459e+01 3.340000e+01
      vertex   1.601272e+01 -1.435000e+01 3.300000e+01
    endloop
  endfacet
  facet normal -5.493523e-02 -7.015517e-01 -7.104979e-01
    outer loop
      vertex   1.601272e+01 -1.435000e+01 3.300000e+01
      vertex   1.562310e+01 -1.472459e+01 3.340000e+01
      vertex   1.560801e+01 -1.431831e+01 3.300000e+01
    endloop
  endfacet
  facet normal -1.380192e-01 -6.974588e-01 -7.032083e-01
    outer loop
      vertex   1.560801e+01 -1.431831e+01 3.300000e+01
      vertex   1.562310e+01 -1.472459e+01 3.340000e+01
      vertex   1.524007e+01 -1.464879e+01 3.340000e+01
    endloop
  endfacet
  facet normal -1.628440e-01 -6.818433e-01 -7.131420e-01
    outer loop
      vertex   1.560801e+01 -1.431831e+01 3.300000e+01
      vertex   1.524007e+01 -1.464879e+01 3.340000e+01
      vertex   1.521317e+01 -1.422401e+01 3.300000e+01
    endloop
  endfacet
  facet normal -2.279348e-01 -6.751131e-01 -7.016182e-01
    outer loop
      vertex   1.521317e+01 -1.422401e+01 3.300000e+01
      vertex   1.524007e+01 -1.464879e+01 3.340000e+01
      vertex   1.487013e+01 -1.452389e+01 3.340000e+01
    endloop
  endfacet
  facet normal -2.666529e-01 -6.473609e-01 -7.140169e-01
    outer loop
      vertex   1.521317e+01 -1.422401e+01 3.300000e+01
      vertex   1.487013e+01 -1.452389e+01 3.340000e+01
      vertex   1.483782e+01 -1.406940e+01 3.300000e+01
    endloop
  endfacet
  facet normal -3.136847e-01 -6.397920e-01 -7.016182e-01
    outer loop
      vertex   1.483782e+01 -1.406940e+01 3.300000e+01
      vertex   1.487013e+01 -1.452389e+01 3.340000e+01
      vertex   1.451955e+01 -1.435201e+01 3.340000e+01
    endloop
  endfacet
  facet normal -3.646320e-01 -5.987253e-01 -7.131420e-01
    outer loop
      vertex   1.483782e+01 -1.406940e+01 3.300000e+01
      vertex   1.451955e+01 -1.435201e+01 3.340000e+01
      vertex   1.449112e+01 -1.385825e+01 3.300000e+01
    endloop
  endfacet
  facet normal -3.932530e-01 -5.923260e-01 -7.032083e-01
    outer loop
      vertex   1.449112e+01 -1.385825e+01 3.300000e+01
      vertex   1.451955e+01 -1.435201e+01 3.340000e+01
      vertex   1.419426e+01 -1.413604e+01 3.340000e+01
    endloop
  endfacet
  facet normal -4.551160e-01 -5.367142e-01 -7.104979e-01
    outer loop
      vertex   1.449112e+01 -1.385825e+01 3.300000e+01
      vertex   1.419426e+01 -1.413604e+01 3.340000e+01
      vertex   1.418150e+01 -1.359571e+01 3.300000e+01
    endloop
  endfacet
  facet normal -4.647973e-01 -5.338768e-01 -7.063562e-01
    outer loop
      vertex   1.418150e+01 -1.359571e+01 3.300000e+01
      vertex   1.419426e+01 -1.413604e+01 3.340000e+01
      vertex   1.389977e+01 -1.387966e+01 3.340000e+01
    endloop
  endfacet
  facet normal 1.224246e-13 -7.071068e-01 -7.071068e-01
    outer loop
      vertex   1.630000e+01 -1.475000e+01 3.340000e+01
      vertex   1.601272e+01 -1.475000e+01 3.340000e+01
      vertex   1.630000e+01 -1.435000e+01 3.300000e+01
    endloop
  endfacet
  facet normal 1.180523e-13 -7.071068e-01 -7.071068e-01
    outer loop
      vertex   1.630000e+01 -1.435000e+01 3.300000e+01
      vertex   1.601272e+01 -1.475000e+01 3.340000e+01
      vertex   1.601272e+01 -1.435000e+01 3.300000e+01
    endloop
  endfacet
  facet normal -6.174579e-02 7.057576e-01 -7.057576e-01
    outer loop
      vertex   1.630000e+01 -1.865000e+01 3.300000e+01
      vertex   1.630000e+01 -1.825000e+01 3.340000e+01
      vertex   1.667334e+01 -1.861734e+01 3.300000e+01
    endloop
  endfacet
  facet normal -6.912154e-02 7.018028e-01 -7.090099e-01
    outer loop
      vertex   1.667334e+01 -1.861734e+01 3.300000e+01
      vertex   1.630000e+01 -1.825000e+01 3.340000e+01
      vertex   1.664141e+01 -1.821637e+01 3.340000e+01
    endloop
  endfacet
  facet normal -1.840300e-01 6.868092e-01 -7.031544e-01
    outer loop
      vertex   1.667334e+01 -1.861734e+01 3.300000e+01
      vertex   1.664141e+01 -1.821637e+01 3.340000e+01
      vertex   1.703534e+01 -1.852034e+01 3.300000e+01
    endloop
  endfacet
  facet normal -2.039249e-01 6.722502e-01 -7.116841e-01
    outer loop
      vertex   1.703534e+01 -1.852034e+01 3.300000e+01
      vertex   1.664141e+01 -1.821637e+01 3.340000e+01
      vertex   1.696970e+01 -1.811679e+01 3.340000e+01
    endloop
  endfacet
  facet normal -3.012800e-01 6.460971e-01 -7.012766e-01
    outer loop
      vertex   1.703534e+01 -1.852034e+01 3.300000e+01
      vertex   1.696970e+01 -1.811679e+01 3.340000e+01
      vertex   1.737500e+01 -1.836195e+01 3.300000e+01
    endloop
  endfacet
  facet normal -3.303103e-01 6.179671e-01 -7.134506e-01
    outer loop
      vertex   1.737500e+01 -1.836195e+01 3.300000e+01
      vertex   1.696970e+01 -1.811679e+01 3.340000e+01
      vertex   1.727225e+01 -1.795507e+01 3.340000e+01
    endloop
  endfacet
  facet normal -4.095353e-01 5.848771e-01 -7.001426e-01
    outer loop
      vertex   1.737500e+01 -1.836195e+01 3.300000e+01
      vertex   1.727225e+01 -1.795507e+01 3.340000e+01
      vertex   1.768199e+01 -1.814700e+01 3.300000e+01
    endloop
  endfacet
  facet normal -4.439548e-01 5.409605e-01 -7.143290e-01
    outer loop
      vertex   1.768199e+01 -1.814700e+01 3.300000e+01
      vertex   1.727225e+01 -1.795507e+01 3.340000e+01
      vertex   1.753744e+01 -1.773744e+01 3.340000e+01
    endloop
  endfacet
  facet normal -5.051392e-01 5.051392e-01 -6.997633e-01
    outer loop
      vertex   1.768199e+01 -1.814700e+01 3.300000e+01
      vertex   1.753744e+01 -1.773744e+01 3.340000e+01
      vertex   1.794700e+01 -1.788199e+01 3.300000e+01
    endloop
  endfacet
  facet normal -5.409605e-01 4.439548e-01 -7.143290e-01
    outer loop
      vertex   1.794700e+01 -1.788199e+01 3.300000e+01
      vertex   1.753744e+01 -1.773744e+01 3.340000e+01
      vertex   1.775507e+01 -1.747225e+01 3.340000e+01
    endloop
  endfacet
  facet normal -5.848771e-01 4.095353e-01 -7.001426e-01
    outer loop
      vertex   1.794700e+01 -1.788199e+01 3.300000e+01
      vertex   1.775507e+01 -1.747225e+01 3.340000e+01
      vertex   1.816195e+01 -1.757500e+01 3.300000e+01
    endloop
  endfacet
  facet normal -6.179671e-01 3.303103e-01 -7.134506e-01
    outer loop
      vertex   1.816195e+01 -1.757500e+01 3.300000e+01
      vertex   1.775507e+01 -1.747225e+01 3.340000e+01
      vertex   1.791679e+01 -1.716970e+01 3.340000e+01
    endloop
  endfacet
  facet normal -6.460971e-01 3.012800e-01 -7.012766e-01
    outer loop
      vertex   1.816195e+01 -1.757500e+01 3.300000e+01
      vertex   1.791679e+01 -1.716970e+01 3.340000e+01
      vertex   1.832034e+01 -1.723534e+01 3.300000e+01
    endloop
  endfacet
  facet normal -6.722502e-01 2.039249e-01 -7.116841e-01
    outer loop
      vertex   1.832034e+01 -1.723534e+01 3.300000e+01
      vertex   1.791679e+01 -1.716970e+01 3.340000e+01
      vertex   1.801637e+01 -1.684141e+01 3.340000e+01
    endloop
  endfacet
  facet normal -6.868092e-01 1.840300e-01 -7.031544e-01
    outer loop
      vertex   1.832034e+01 -1.723534e+01 3.300000e+01
      vertex   1.801637e+01 -1.684141e+01 3.340000e+01
      vertex   1.841734e+01 -1.687334e+01 3.300000e+01
    endloop
  endfacet
  facet normal -7.018028e-01 6.912154e-02 -7.090099e-01
    outer loop
      vertex   1.841734e+01 -1.687334e+01 3.300000e+01
      vertex   1.801637e+01 -1.684141e+01 3.340000e+01
      vertex   1.805000e+01 -1.650000e+01 3.340000e+01
    endloop
  endfacet
  facet normal -7.057576e-01 6.174579e-02 -7.057576e-01
    outer loop
      vertex   1.841734e+01 -1.687334e+01 3.300000e+01
      vertex   1.805000e+01 -1.650000e+01 3.340000e+01
      vertex   1.845000e+01 -1.650000e+01 3.300000e+01
    endloop
  endfacet
  facet normal -7.057576e-01 -6.174579e-02 -7.057576e-01
    outer loop
      vertex   1.845000e+01 -1.650000e+01 3.300000e+01
      vertex   1.805000e+01 -1.650000e+01 3.340000e+01
      vertex   1.841734e+01 -1.612666e+01 3.300000e+01
    endloop
  endfacet
  facet normal -7.018028e-01 -6.912154e-02 -7.090099e-01
    outer loop
      vertex   1.841734e+01 -1.612666e+01 3.300000e+01
      vertex   1.805000e+01 -1.650000e+01 3.340000e+01
      vertex   1.801637e+01 -1.615859e+01 3.340000e+01
    endloop
  endfacet
  facet normal -6.868092e-01 -1.840300e-01 -7.031544e-01
    outer loop
      vertex   1.841734e+01 -1.612666e+01 3.300000e+01
      vertex   1.801637e+01 -1.615859e+01 3.340000e+01
      vertex   1.832034e+01 -1.576466e+01 3.300000e+01
    endloop
  endfacet
  facet normal -6.722502e-01 -2.039249e-01 -7.116841e-01
    outer loop
      vertex   1.832034e+01 -1.576466e+01 3.300000e+01
      vertex   1.801637e+01 -1.615859e+01 3.340000e+01
      vertex   1.791679e+01 -1.583030e+01 3.340000e+01
    endloop
  endfacet
  facet normal -6.460971e-01 -3.012800e-01 -7.012766e-01
    outer loop
      vertex   1.832034e+01 -1.576466e+01 3.300000e+01
      vertex   1.791679e+01 -1.583030e+01 3.340000e+01
      vertex   1.816195e+01 -1.542500e+01 3.300000e+01
    endloop
  endfacet
  facet normal -6.179671e-01 -3.303103e-01 -7.134506e-01
    outer loop
      vertex   1.816195e+01 -1.542500e+01 3.300000e+01
      vertex   1.791679e+01 -1.583030e+01 3.340000e+01
      vertex   1.775507e+01 -1.552775e+01 3.340000e+01
    endloop
  endfacet
  facet normal -5.848771e-01 -4.095353e-01 -7.001426e-01
    outer loop
      vertex   1.816195e+01 -1.542500e+01 3.300000e+01
      vertex   1.775507e+01 -1.552775e+01 3.340000e+01
      vertex   1.794700e+01 -1.511801e+01 3.300000e+01
    endloop
  endfacet
  facet normal -5.409605e-01 -4.439548e-01 -7.143290e-01
    outer loop
      vertex   1.794700e+01 -1.511801e+01 3.300000e+01
      vertex   1.775507e+01 -1.552775e+01 3.340000e+01
      vertex   1.753744e+01 -1.526256e+01 3.340000e+01
    endloop
  endfacet
  facet normal -5.051392e-01 -5.051392e-01 -6.997633e-01
    outer loop
      vertex   1.794700e+01 -1.511801e+01 3.300000e+01
      vertex   1.753744e+01 -1.526256e+01 3.340000e+01
      vertex   1.768199e+01 -1.485300e+01 3.300000e+01
    endloop
  endfacet
  facet normal -4.439548e-01 -5.409605e-01 -7.143290e-01
    outer loop
      vertex   1.768199e+01 -1.485300e+01 3.300000e+01
      vertex   1.753744e+01 -1.526256e+01 3.340000e+01
      vertex   1.727225e+01 -1.504493e+01 3.340000e+01
    endloop
  endfacet
  facet normal -4.095353e-01 -5.848771e-01 -7.001426e-01
    outer loop
      vertex   1.768199e+01 -1.485300e+01 3.300000e+01
      vertex   1.727225e+01 -1.504493e+01 3.340000e+01
      vertex   1.737500e+01 -1.463805e+01 3.300000e+01
    endloop
  endfacet
  facet normal -3.303103e-01 -6.179671e-01 -7.134506e-01
    outer loop
      vertex   1.737500e+01 -1.463805e+01 3.300000e+01
      vertex   1.727225e+01 -1.504493e+01 3.340000e+01
      vertex   1.696970e+01 -1.488321e+01 3.340000e+01
    endloop
  endfacet
  facet normal -3.012800e-01 -6.460971e-01 -7.012766e-01
    outer loop
      vertex   1.737500e+01 -1.463805e+01 3.300000e+01
      vertex   1.696970e+01 -1.488321e+01 3.340000e+01
      vertex   1.703534e+01 -1.447966e+01 3.300000e+01
    endloop
  endfacet
  facet normal -2.039249e-01 -6.722502e-01 -7.116841e-01
    outer loop
      vertex   1.703534e+01 -1.447966e+01 3.300000e+01
      vertex   1.696970e+01 -1.488321e+01 3.340000e+01
      vertex   1.664141e+01 -1.478363e+01 3.340000e+01
    endloop
  endfacet
  facet normal -1.840300e-01 -6.868092e-01 -7.031544e-01
    outer loop
      vertex   1.703534e+01 -1.447966e+01 3.300000e+01
      vertex   1.664141e+01 -1.478363e+01 3.340000e+01
      vertex   1.667334e+01 -1.438266e+01 3.300000e+01
    endloop
  endfacet
  facet normal -6.912154e-02 -7.018028e-01 -7.090099e-01
    outer loop
      vertex   1.667334e+01 -1.438266e+01 3.300000e+01
      vertex   1.664141e+01 -1.478363e+01 3.340000e+01
      vertex   1.630000e+01 -1.475000e+01 3.340000e+01
    endloop
  endfacet
  facet normal -6.174579e-02 -7.057576e-01 -7.057576e-01
    outer loop
      vertex   1.667334e+01 -1.438266e+01 3.300000e+01
      vertex   1.630000e+01 -1.475000e+01 3.340000e+01
      vertex   1.630000e+01 -1.435000e+01 3.300000e+01
    endloop
  endfacet
  facet normal -2.623384e-14 7.071068e-01 -7.071068e-01
    outer loop
      vertex   1.601272e+01 -1.825000e+01 3.340000e+01
      vertex   1.630000e+01 -1.825000e+01 3.340000e+01
      vertex   1.601272e+01 -1.865000e+01 3.300000e+01
    endloop
  endfacet
  facet normal -2.623384e-14 7.071068e-01 -7.071068e-01
    outer loop
      vertex   1.601272e+01 -1.865000e+01 3.300000e+01
      vertex   1.630000e+01 -1.825000e+01 3.340000e+01
      vertex   1.630000e+01 -1.865000e+01 3.300000e+01
    endloop
  endfacet
  facet normal -4.647973e-01 5.338768e-01 -7.063562e-01
    outer loop
      vertex   1.389977e+01 -1.912034e+01 3.340000e+01
      vertex   1.419426e+01 -1.886396e+01 3.340000e+01
      vertex   1.418150e+01 -1.940429e+01 3.300000e+01
    endloop
  endfacet
  facet normal -4.551160e-01 5.367142e-01 -7.104979e-01
    outer loop
      vertex   1.418150e+01 -1.940429e+01 3.300000e+01
      vertex   1.419426e+01 -1.886396e+01 3.340000e+01
      vertex   1.449112e+01 -1.914175e+01 3.300000e+01
    endloop
  endfacet
  facet normal -3.932530e-01 5.923260e-01 -7.032083e-01
    outer loop
      vertex   1.449112e+01 -1.914175e+01 3.300000e+01
      vertex   1.419426e+01 -1.886396e+01 3.340000e+01
      vertex   1.451955e+01 -1.864799e+01 3.340000e+01
    endloop
  endfacet
  facet normal -3.646320e-01 5.987253e-01 -7.131420e-01
    outer loop
      vertex   1.449112e+01 -1.914175e+01 3.300000e+01
      vertex   1.451955e+01 -1.864799e+01 3.340000e+01
      vertex   1.483782e+01 -1.893060e+01 3.300000e+01
    endloop
  endfacet
  facet normal -3.136847e-01 6.397920e-01 -7.016182e-01
    outer loop
      vertex   1.483782e+01 -1.893060e+01 3.300000e+01
      vertex   1.451955e+01 -1.864799e+01 3.340000e+01
      vertex   1.487013e+01 -1.847611e+01 3.340000e+01
    endloop
  endfacet
  facet normal -2.666529e-01 6.473609e-01 -7.140169e-01
    outer loop
      vertex   1.483782e+01 -1.893060e+01 3.300000e+01
      vertex   1.487013e+01 -1.847611e+01 3.340000e+01
      vertex   1.521317e+01 -1.877599e+01 3.300000e+01
    endloop
  endfacet
  facet normal -2.279348e-01 6.751131e-01 -7.016182e-01
    outer loop
      vertex   1.521317e+01 -1.877599e+01 3.300000e+01
      vertex   1.487013e+01 -1.847611e+01 3.340000e+01
      vertex   1.524007e+01 -1.835121e+01 3.340000e+01
    endloop
  endfacet
  facet normal -1.628440e-01 6.818433e-01 -7.131420e-01
    outer loop
      vertex   1.521317e+01 -1.877599e+01 3.300000e+01
      vertex   1.524007e+01 -1.835121e+01 3.340000e+01
      vertex   1.560801e+01 -1.868169e+01 3.300000e+01
    endloop
  endfacet
  facet normal -1.380192e-01 6.974588e-01 -7.032083e-01
    outer loop
      vertex   1.560801e+01 -1.868169e+01 3.300000e+01
      vertex   1.524007e+01 -1.835121e+01 3.340000e+01
      vertex   1.562310e+01 -1.827541e+01 3.340000e+01
    endloop
  endfacet
  facet normal -5.493523e-02 7.015517e-01 -7.104979e-01
    outer loop
      vertex   1.560801e+01 -1.868169e+01 3.300000e+01
      vertex   1.562310e+01 -1.827541e+01 3.340000e+01
      vertex   1.601272e+01 -1.865000e+01 3.300000e+01
    endloop
  endfacet
  facet normal -4.606414e-02 7.063562e-01 -7.063562e-01
    outer loop
      vertex   1.601272e+01 -1.865000e+01 3.300000e+01
      vertex   1.562310e+01 -1.827541e+01 3.340000e+01
      vertex   1.601272e+01 -1.825000e+01 3.340000e+01
    endloop
  endfacet
  facet normal -3.710025e-14 1.000000e+00 -2.220446e-15
    outer loop
      vertex   1.630000e+01 -1.825000e+01 3.340000e+01
      vertex   1.601272e+01 -1.825000e+01 3.340000e+01
      vertex   1.630000e+01 -1.825000e+01 3.500000e+01
    endloop
  endfacet
  facet normal -3.710025e-14 1.000000e+00 -2.220446e-15
    outer loop
      vertex   1.630000e+01 -1.825000e+01 3.500000e+01
      vertex   1.601272e+01 -1.825000e+01 3.340000e+01
      vertex   1.601272e+01 -1.825000e+01 3.500000e+01
    endloop
  endfacet
  facet normal -6.507553e-02 9.978803e-01 -2.215739e-15
    outer loop
      vertex   1.601272e+01 -1.825000e+01 3.500000e+01
      vertex   1.601272e+01 -1.825000e+01 3.340000e+01
      vertex   1.562310e+01 -1.827541e+01 3.500000e+01
    endloop
  endfacet
  facet normal -6.507553e-02 9.978803e-01 -4.359231e-15
    outer loop
      vertex   1.562310e+01 -1.827541e+01 3.500000e+01
      vertex   1.601272e+01 -1.825000e+01 3.340000e+01
      vertex   1.562310e+01 -1.827541e+01 3.340000e+01
    endloop
  endfacet
  facet normal -1.941243e-01 9.809769e-01 -4.140892e-15
    outer loop
      vertex   1.562310e+01 -1.827541e+01 3.500000e+01
      vertex   1.562310e+01 -1.827541e+01 3.340000e+01
      vertex   1.524007e+01 -1.835121e+01 3.500000e+01
    endloop
  endfacet
  facet normal -1.941243e-01 9.809769e-01 -1.962685e-15
    outer loop
      vertex   1.524007e+01 -1.835121e+01 3.500000e+01
      vertex   1.562310e+01 -1.827541e+01 3.340000e+01
      vertex   1.524007e+01 -1.835121e+01 3.340000e+01
    endloop
  endfacet
  facet normal -3.198846e-01 9.474565e-01 -1.748633e-15
    outer loop
      vertex   1.524007e+01 -1.835121e+01 3.500000e+01
      vertex   1.524007e+01 -1.835121e+01 3.340000e+01
      vertex   1.487013e+01 -1.847611e+01 3.500000e+01
    endloop
  endfacet
  facet normal -3.198846e-01 9.474565e-01 -4.207552e-15
    outer loop
      vertex   1.487013e+01 -1.847611e+01 3.500000e+01
      vertex   1.524007e+01 -1.835121e+01 3.340000e+01
      vertex   1.487013e+01 -1.847611e+01 3.340000e+01
    endloop
  endfacet
  facet normal -4.402264e-01 8.978868e-01 -3.987418e-15
    outer loop
      vertex   1.487013e+01 -1.847611e+01 3.500000e+01
      vertex   1.487013e+01 -1.847611e+01 3.340000e+01
      vertex   1.451955e+01 -1.864799e+01 3.500000e+01
    endloop
  endfacet
  facet normal -4.402264e-01 8.978868e-01 -3.498669e-15
    outer loop
      vertex   1.451955e+01 -1.864799e+01 3.500000e+01
      vertex   1.487013e+01 -1.847611e+01 3.340000e+01
      vertex   1.451955e+01 -1.864799e+01 3.340000e+01
    endloop
  endfacet
  facet normal -5.531111e-01 8.331075e-01 -3.085664e-15
    outer loop
      vertex   1.451955e+01 -1.864799e+01 3.500000e+01
      vertex   1.451955e+01 -1.864799e+01 3.340000e+01
      vertex   1.419426e+01 -1.886396e+01 3.500000e+01
    endloop
  endfacet
  facet normal -5.531111e-01 8.331075e-01 -3.085664e-15
    outer loop
      vertex   1.419426e+01 -1.886396e+01 3.500000e+01
      vertex   1.451955e+01 -1.864799e+01 3.340000e+01
      vertex   1.419426e+01 -1.886396e+01 3.340000e+01
    endloop
  endfacet
  facet normal -6.566264e-01 7.542160e-01 -2.620390e-15
    outer loop
      vertex   1.419426e+01 -1.886396e+01 3.500000e+01
      vertex   1.419426e+01 -1.886396e+01 3.340000e+01
      vertex   1.389977e+01 -1.912034e+01 3.500000e+01
    endloop
  endfacet
  facet normal -6.566264e-01 7.542160e-01 -1.674696e-15
    outer loop
      vertex   1.389977e+01 -1.912034e+01 3.500000e+01
      vertex   1.419426e+01 -1.886396e+01 3.340000e+01
      vertex   1.389977e+01 -1.912034e+01 3.340000e+01
    endloop
  endfacet
  facet normal -6.566264e-01 7.542160e-01 -1.674696e-15
    outer loop
      vertex   1.389977e+01 -1.912034e+01 3.500000e+01
      vertex   1.389977e+01 -1.912034e+01 3.340000e+01
      vertex   1.353744e+01 -1.943579e+01 3.500000e+01
    endloop
  endfacet
  facet normal -6.550518e-01 7.555838e-01 6.262602e-04
    outer loop
      vertex   1.353744e+01 -1.943579e+01 3.500000e+01
      vertex   1.389977e+01 -1.912034e+01 3.340000e+01
      vertex   1.352517e+01 -1.944510e+01 3.340000e+01
    endloop
  endfacet
  facet normal -5.531110e-01 8.331074e-01 -6.062291e-04
    outer loop
      vertex   1.353744e+01 -1.943579e+01 3.500000e+01
      vertex   1.352517e+01 -1.944510e+01 3.340000e+01
      vertex   1.313720e+01 -1.970151e+01 3.500000e+01
    endloop
  endfacet
  facet normal -5.478869e-01 8.365515e-01 1.212455e-03
    outer loop
      vertex   1.313720e+01 -1.970151e+01 3.500000e+01
      vertex   1.352517e+01 -1.944510e+01 3.340000e+01
      vertex   1.311043e+01 -1.971673e+01 3.340000e+01
    endloop
  endfacet
  facet normal -4.402261e-01 8.978862e-01 -1.172388e-03
    outer loop
      vertex   1.313720e+01 -1.970151e+01 3.500000e+01
      vertex   1.311043e+01 -1.971673e+01 3.340000e+01
      vertex   1.270584e+01 -1.991301e+01 3.500000e+01
    endloop
  endfacet
  facet normal -4.308382e-01 9.024275e-01 1.758574e-03
    outer loop
      vertex   1.270584e+01 -1.991301e+01 3.500000e+01
      vertex   1.311043e+01 -1.971673e+01 3.340000e+01
      vertex   1.266302e+01 -1.993033e+01 3.340000e+01
    endloop
  endfacet
  facet normal -3.198842e-01 9.474551e-01 -1.698466e-03
    outer loop
      vertex   1.270584e+01 -1.991301e+01 3.500000e+01
      vertex   1.266302e+01 -1.993033e+01 3.340000e+01
      vertex   1.225067e+01 -2.006668e+01 3.500000e+01
    endloop
  endfacet
  facet normal -3.060173e-01 9.520233e-01 2.264607e-03
    outer loop
      vertex   1.225067e+01 -2.006668e+01 3.500000e+01
      vertex   1.266302e+01 -1.993033e+01 3.340000e+01
      vertex   1.219103e+01 -2.008205e+01 3.340000e+01
    endloop
  endfacet
  facet normal -1.941238e-01 9.809746e-01 -2.184453e-03
    outer loop
      vertex   1.225067e+01 -2.006668e+01 3.500000e+01
      vertex   1.219103e+01 -2.008205e+01 3.340000e+01
      vertex   1.177940e+01 -2.015994e+01 3.500000e+01
    endloop
  endfacet
  facet normal -1.756760e-01 9.844443e-01 2.730545e-03
    outer loop
      vertex   1.177940e+01 -2.015994e+01 3.500000e+01
      vertex   1.219103e+01 -2.008205e+01 3.340000e+01
      vertex   1.170296e+01 -2.016914e+01 3.340000e+01
    endloop
  endfacet
  facet normal -6.507530e-02 9.978769e-01 -2.630342e-03
    outer loop
      vertex   1.177940e+01 -2.015994e+01 3.500000e+01
      vertex   1.170296e+01 -2.016914e+01 3.340000e+01
      vertex   1.130000e+01 -2.019121e+01 3.500000e+01
    endloop
  endfacet
  facet normal -4.216574e-02 9.991056e-01 3.156381e-03
    outer loop
      vertex   1.130000e+01 -2.019121e+01 3.500000e+01
      vertex   1.170296e+01 -2.016914e+01 3.340000e+01
      vertex   1.120762e+01 -2.019005e+01 3.340000e+01
    endloop
  endfacet
  facet normal 1.251409e-02 9.999217e-01 -0.000000e+00
    outer loop
      vertex   1.130000e+01 -2.019121e+01 3.500000e+01
      vertex   1.120762e+01 -2.019005e+01 3.340000e+01
      vertex   1.130000e+01 -2.019121e+01 3.900000e+01
    endloop
  endfacet
  facet normal 6.540310e-02 9.978585e-01 -8.728765e-04
    outer loop
      vertex   1.130000e+01 -2.019121e+01 3.900000e+01
      vertex   1.120762e+01 -2.019005e+01 3.340000e+01
      vertex   1.081820e+01 -2.015963e+01 3.900000e+01
    endloop
  endfacet
  facet normal 9.210533e-02 9.957488e-01 9.954492e-04
    outer loop
      vertex   1.081820e+01 -2.015963e+01 3.900000e+01
      vertex   1.120762e+01 -2.019005e+01 3.340000e+01
      vertex   1.071395e+01 -2.014439e+01 3.340000e+01
    endloop
  endfacet
  facet normal 1.950902e-01 9.807848e-01 -9.624301e-04
    outer loop
      vertex   1.081820e+01 -2.015963e+01 3.900000e+01
      vertex   1.071395e+01 -2.014439e+01 3.340000e+01
      vertex   1.034465e+01 -2.006543e+01 3.900000e+01
    endloop
  endfacet
  facet normal 2.247150e-01 9.744239e-01 1.080934e-03
    outer loop
      vertex   1.034465e+01 -2.006543e+01 3.900000e+01
      vertex   1.071395e+01 -2.014439e+01 3.340000e+01
      vertex   1.023085e+01 -2.003298e+01 3.340000e+01
    endloop
  endfacet
  facet normal 3.214393e-01 9.469296e-01 -1.043846e-03
    outer loop
      vertex   1.034465e+01 -2.006543e+01 3.900000e+01
      vertex   1.023085e+01 -2.003298e+01 3.340000e+01
      vertex   9.887437e+00 -1.991023e+01 3.900000e+01
    endloop
  endfacet
  facet normal 3.532707e-01 9.355204e-01 1.158281e-03
    outer loop
      vertex   9.887437e+00 -1.991023e+01 3.900000e+01
      vertex   1.023085e+01 -2.003298e+01 3.340000e+01
      vertex   9.767043e+00 -1.985783e+01 3.340000e+01
    endloop
  endfacet
  facet normal 4.422884e-01 8.968722e-01 -1.117123e-03
    outer loop
      vertex   9.887437e+00 -1.991023e+01 3.900000e+01
      vertex   9.767043e+00 -1.985783e+01 3.340000e+01
      vertex   9.454397e+00 -1.969668e+01 3.900000e+01
    endloop
  endfacet
  facet normal 4.754535e-01 8.797400e-01 1.227488e-03
    outer loop
      vertex   9.454397e+00 -1.969668e+01 3.900000e+01
      vertex   9.767043e+00 -1.985783e+01 3.340000e+01
      vertex   9.330886e+00 -1.962211e+01 3.340000e+01
    endloop
  endfacet
  facet normal 5.555698e-01 8.314690e-01 -1.182260e-03
    outer loop
      vertex   9.454397e+00 -1.969668e+01 3.900000e+01
      vertex   9.330886e+00 -1.962211e+01 3.340000e+01
      vertex   9.052937e+00 -1.942843e+01 3.900000e+01
    endloop
  endfacet
  facet normal 5.890589e-01 8.080891e-01 1.288555e-03
    outer loop
      vertex   9.052937e+00 -1.942843e+01 3.900000e+01
      vertex   9.330886e+00 -1.962211e+01 3.340000e+01
      vertex   8.930253e+00 -1.933007e+01 3.340000e+01
    endloop
  endfacet
  facet normal 6.593453e-01 7.518392e-01 -1.239257e-03
    outer loop
      vertex   9.052937e+00 -1.942843e+01 3.900000e+01
      vertex   8.930253e+00 -1.933007e+01 3.340000e+01
      vertex   8.689924e+00 -1.911008e+01 3.900000e+01
    endloop
  endfacet
  facet normal 6.920377e-01 7.218601e-01 1.341482e-03
    outer loop
      vertex   8.689924e+00 -1.911008e+01 3.900000e+01
      vertex   8.930253e+00 -1.933007e+01 3.340000e+01
      vertex   8.572370e+00 -1.898697e+01 3.340000e+01
    endloop
  endfacet
  facet normal 7.518392e-01 6.593453e-01 -1.288113e-03
    outer loop
      vertex   8.689924e+00 -1.911008e+01 3.900000e+01
      vertex   8.572370e+00 -1.898697e+01 3.340000e+01
      vertex   8.371570e+00 -1.874706e+01 3.900000e+01
    endloop
  endfacet
  facet normal 7.825320e-01 6.226088e-01 1.386267e-03
    outer loop
      vertex   8.371570e+00 -1.874706e+01 3.900000e+01
      vertex   8.572370e+00 -1.898697e+01 3.340000e+01
      vertex   8.263694e+00 -1.859901e+01 3.340000e+01
    endloop
  endfacet
  facet normal 8.314689e-01 5.555697e-01 -1.328828e-03
    outer loop
      vertex   8.371570e+00 -1.874706e+01 3.900000e+01
      vertex   8.263694e+00 -1.859901e+01 3.340000e+01
      vertex   8.103322e+00 -1.834560e+01 3.900000e+01
    endloop
  endfacet
  facet normal 8.589094e-01 5.121255e-01 1.422910e-03
    outer loop
      vertex   8.103322e+00 -1.834560e+01 3.900000e+01
      vertex   8.263694e+00 -1.859901e+01 3.340000e+01
      vertex   8.009793e+00 -1.817318e+01 3.340000e+01
    endloop
  endfacet
  facet normal 8.968719e-01 4.422883e-01 -1.361399e-03
    outer loop
      vertex   8.103322e+00 -1.834560e+01 3.900000e+01
      vertex   8.009793e+00 -1.817318e+01 3.340000e+01
      vertex   7.889771e+00 -1.791256e+01 3.900000e+01
    endloop
  endfacet
  facet normal 9.197920e-01 3.924035e-01 1.451411e-03
    outer loop
      vertex   7.889771e+00 -1.791256e+01 3.900000e+01
      vertex   8.009793e+00 -1.817318e+01 3.340000e+01
      vertex   7.815247e+00 -1.771717e+01 3.340000e+01
    endloop
  endfacet
  facet normal 9.469292e-01 3.214392e-01 -1.385829e-03
    outer loop
      vertex   7.889771e+00 -1.791256e+01 3.900000e+01
      vertex   7.815247e+00 -1.771717e+01 3.340000e+01
      vertex   7.734569e+00 -1.745535e+01 3.900000e+01
    endloop
  endfacet
  facet normal 9.640815e-01 2.656025e-01 1.471768e-03
    outer loop
      vertex   7.734569e+00 -1.745535e+01 3.900000e+01
      vertex   7.815247e+00 -1.771717e+01 3.340000e+01
      vertex   7.683567e+00 -1.723920e+01 3.340000e+01
    endloop
  endfacet
  facet normal 9.807843e-01 1.950901e-01 -1.402115e-03
    outer loop
      vertex   7.734569e+00 -1.745535e+01 3.900000e+01
      vertex   7.683567e+00 -1.723920e+01 3.340000e+01
      vertex   7.640373e+00 -1.698180e+01 3.900000e+01
    endloop
  endfacet
  facet normal 9.909789e-01 1.340100e-01 1.483983e-03
    outer loop
      vertex   7.640373e+00 -1.698180e+01 3.900000e+01
      vertex   7.683567e+00 -1.723920e+01 3.340000e+01
      vertex   7.617128e+00 -1.674789e+01 3.340000e+01
    endloop
  endfacet
  facet normal 9.978579e-01 6.540306e-02 -1.410258e-03
    outer loop
      vertex   7.640373e+00 -1.698180e+01 3.900000e+01
      vertex   7.617128e+00 -1.674789e+01 3.340000e+01
      vertex   7.608795e+00 -1.650000e+01 3.900000e+01
    endloop
  endfacet
  facet normal 9.999989e-01 -1.253887e-14 1.488055e-03
    outer loop
      vertex   7.608795e+00 -1.650000e+01 3.900000e+01
      vertex   7.617128e+00 -1.674789e+01 3.340000e+01
      vertex   7.617128e+00 -1.625211e+01 3.340000e+01
    endloop
  endfacet
  facet normal 9.978579e-01 -6.540306e-02 -1.410258e-03
    outer loop
      vertex   7.608795e+00 -1.650000e+01 3.900000e+01
      vertex   7.617128e+00 -1.625211e+01 3.340000e+01
      vertex   7.640373e+00 -1.601820e+01 3.900000e+01
    endloop
  endfacet
  facet normal 9.909789e-01 -1.340100e-01 1.483983e-03
    outer loop
      vertex   7.640373e+00 -1.601820e+01 3.900000e+01
      vertex   7.617128e+00 -1.625211e+01 3.340000e+01
      vertex   7.683567e+00 -1.576080e+01 3.340000e+01
    endloop
  endfacet
  facet normal 9.807843e-01 -1.950901e-01 -1.402115e-03
    outer loop
      vertex   7.640373e+00 -1.601820e+01 3.900000e+01
      vertex   7.683567e+00 -1.576080e+01 3.340000e+01
      vertex   7.734569e+00 -1.554465e+01 3.900000e+01
    endloop
  endfacet
  facet normal 9.640815e-01 -2.656025e-01 1.471768e-03
    outer loop
      vertex   7.734569e+00 -1.554465e+01 3.900000e+01
      vertex   7.683567e+00 -1.576080e+01 3.340000e+01
      vertex   7.815247e+00 -1.528283e+01 3.340000e+01
    endloop
  endfacet
  facet normal 9.469292e-01 -3.214392e-01 -1.385829e-03
    outer loop
      vertex   7.734569e+00 -1.554465e+01 3.900000e+01
      vertex   7.815247e+00 -1.528283e+01 3.340000e+01
      vertex   7.889771e+00 -1.508744e+01 3.900000e+01
    endloop
  endfacet
  facet normal 9.197920e-01 -3.924035e-01 1.451411e-03
    outer loop
      vertex   7.889771e+00 -1.508744e+01 3.900000e+01
      vertex   7.815247e+00 -1.528283e+01 3.340000e+01
      vertex   8.009793e+00 -1.482682e+01 3.340000e+01
    endloop
  endfacet
  facet normal 8.968719e-01 -4.422883e-01 -1.361399e-03
    outer loop
      vertex   7.889771e+00 -1.508744e+01 3.900000e+01
      vertex   8.009793e+00 -1.482682e+01 3.340000e+01
      vertex   8.103322e+00 -1.465440e+01 3.900000e+01
    endloop
  endfacet
  facet normal 8.589094e-01 -5.121255e-01 1.422910e-03
    outer loop
      vertex   8.103322e+00 -1.465440e+01 3.900000e+01
      vertex   8.009793e+00 -1.482682e+01 3.340000e+01
      vertex   8.263694e+00 -1.440099e+01 3.340000e+01
    endloop
  endfacet
  facet normal 8.314689e-01 -5.555697e-01 -1.328828e-03
    outer loop
      vertex   8.103322e+00 -1.465440e+01 3.900000e+01
      vertex   8.263694e+00 -1.440099e+01 3.340000e+01
      vertex   8.371570e+00 -1.425294e+01 3.900000e+01
    endloop
  endfacet
  facet normal 7.825320e-01 -6.226088e-01 1.386267e-03
    outer loop
      vertex   8.371570e+00 -1.425294e+01 3.900000e+01
      vertex   8.263694e+00 -1.440099e+01 3.340000e+01
      vertex   8.572370e+00 -1.401303e+01 3.340000e+01
    endloop
  endfacet
  facet normal 7.518392e-01 -6.593453e-01 -1.288113e-03
    outer loop
      vertex   8.371570e+00 -1.425294e+01 3.900000e+01
      vertex   8.572370e+00 -1.401303e+01 3.340000e+01
      vertex   8.689924e+00 -1.388992e+01 3.900000e+01
    endloop
  endfacet
  facet normal 6.920377e-01 -7.218601e-01 1.341482e-03
    outer loop
      vertex   8.689924e+00 -1.388992e+01 3.900000e+01
      vertex   8.572370e+00 -1.401303e+01 3.340000e+01
      vertex   8.930253e+00 -1.366993e+01 3.340000e+01
    endloop
  endfacet
  facet normal 6.593453e-01 -7.518392e-01 -1.239257e-03
    outer loop
      vertex   8.689924e+00 -1.388992e+01 3.900000e+01
      vertex   8.930253e+00 -1.366993e+01 3.340000e+01
      vertex   9.052937e+00 -1.357157e+01 3.900000e+01
    endloop
  endfacet
  facet normal 5.890589e-01 -8.080891e-01 1.288555e-03
    outer loop
      vertex   9.052937e+00 -1.357157e+01 3.900000e+01
      vertex   8.930253e+00 -1.366993e+01 3.340000e+01
      vertex   9.330886e+00 -1.337789e+01 3.340000e+01
    endloop
  endfacet
  facet normal 5.555698e-01 -8.314690e-01 -1.182260e-03
    outer loop
      vertex   9.052937e+00 -1.357157e+01 3.900000e+01
      vertex   9.330886e+00 -1.337789e+01 3.340000e+01
      vertex   9.454397e+00 -1.330332e+01 3.900000e+01
    endloop
  endfacet
  facet normal 4.754535e-01 -8.797400e-01 1.227488e-03
    outer loop
      vertex   9.454397e+00 -1.330332e+01 3.900000e+01
      vertex   9.330886e+00 -1.337789e+01 3.340000e+01
      vertex   9.767043e+00 -1.314217e+01 3.340000e+01
    endloop
  endfacet
  facet normal 4.422884e-01 -8.968722e-01 -1.117123e-03
    outer loop
      vertex   9.454397e+00 -1.330332e+01 3.900000e+01
      vertex   9.767043e+00 -1.314217e+01 3.340000e+01
      vertex   9.887437e+00 -1.308977e+01 3.900000e+01
    endloop
  endfacet
  facet normal 3.532707e-01 -9.355204e-01 1.158281e-03
    outer loop
      vertex   9.887437e+00 -1.308977e+01 3.900000e+01
      vertex   9.767043e+00 -1.314217e+01 3.340000e+01
      vertex   1.023085e+01 -1.296702e+01 3.340000e+01
    endloop
  endfacet
  facet normal 3.214393e-01 -9.469296e-01 -1.043846e-03
    outer loop
      vertex   9.887437e+00 -1.308977e+01 3.900000e+01
      vertex   1.023085e+01 -1.296702e+01 3.340000e+01
      vertex   1.034465e+01 -1.293457e+01 3.900000e+01
    endloop
  endfacet
  facet normal 2.247150e-01 -9.744239e-01 1.080934e-03
    outer loop
      vertex   1.034465e+01 -1.293457e+01 3.900000e+01
      vertex   1.023085e+01 -1.296702e+01 3.340000e+01
      vertex   1.071395e+01 -1.285561e+01 3.340000e+01
    endloop
  endfacet
  facet normal 1.950902e-01 -9.807848e-01 -9.624301e-04
    outer loop
      vertex   1.034465e+01 -1.293457e+01 3.900000e+01
      vertex   1.071395e+01 -1.285561e+01 3.340000e+01
      vertex   1.081820e+01 -1.284037e+01 3.900000e+01
    endloop
  endfacet
  facet normal 9.210533e-02 -9.957488e-01 9.954492e-04
    outer loop
      vertex   1.081820e+01 -1.284037e+01 3.900000e+01
      vertex   1.071395e+01 -1.285561e+01 3.340000e+01
      vertex   1.120762e+01 -1.280995e+01 3.340000e+01
    endloop
  endfacet
  facet normal 6.540310e-02 -9.978585e-01 -8.728765e-04
    outer loop
      vertex   1.081820e+01 -1.284037e+01 3.900000e+01
      vertex   1.120762e+01 -1.280995e+01 3.340000e+01
      vertex   1.130000e+01 -1.280879e+01 3.900000e+01
    endloop
  endfacet
  facet normal 1.251409e-02 -9.999217e-01 0.000000e+00
    outer loop
      vertex   1.130000e+01 -1.280879e+01 3.900000e+01
      vertex   1.120762e+01 -1.280995e+01 3.340000e+01
      vertex   1.130000e+01 -1.280879e+01 3.500000e+01
    endloop
  endfacet
  facet normal -4.216574e-02 -9.991056e-01 3.156381e-03
    outer loop
      vertex   1.130000e+01 -1.280879e+01 3.500000e+01
      vertex   1.120762e+01 -1.280995e+01 3.340000e+01
      vertex   1.170296e+01 -1.283086e+01 3.340000e+01
    endloop
  endfacet
  facet normal -6.507530e-02 -9.978769e-01 -2.630342e-03
    outer loop
      vertex   1.130000e+01 -1.280879e+01 3.500000e+01
      vertex   1.170296e+01 -1.283086e+01 3.340000e+01
      vertex   1.177940e+01 -1.284006e+01 3.500000e+01
    endloop
  endfacet
  facet normal -1.756760e-01 -9.844443e-01 2.730545e-03
    outer loop
      vertex   1.177940e+01 -1.284006e+01 3.500000e+01
      vertex   1.170296e+01 -1.283086e+01 3.340000e+01
      vertex   1.219103e+01 -1.291795e+01 3.340000e+01
    endloop
  endfacet
  facet normal -1.941238e-01 -9.809746e-01 -2.184453e-03
    outer loop
      vertex   1.177940e+01 -1.284006e+01 3.500000e+01
      vertex   1.219103e+01 -1.291795e+01 3.340000e+01
      vertex   1.225067e+01 -1.293332e+01 3.500000e+01
    endloop
  endfacet
  facet normal -3.060173e-01 -9.520233e-01 2.264607e-03
    outer loop
      vertex   1.225067e+01 -1.293332e+01 3.500000e+01
      vertex   1.219103e+01 -1.291795e+01 3.340000e+01
      vertex   1.266302e+01 -1.306967e+01 3.340000e+01
    endloop
  endfacet
  facet normal -3.198842e-01 -9.474551e-01 -1.698466e-03
    outer loop
      vertex   1.225067e+01 -1.293332e+01 3.500000e+01
      vertex   1.266302e+01 -1.306967e+01 3.340000e+01
      vertex   1.270584e+01 -1.308699e+01 3.500000e+01
    endloop
  endfacet
  facet normal -4.308382e-01 -9.024275e-01 1.758574e-03
    outer loop
      vertex   1.270584e+01 -1.308699e+01 3.500000e+01
      vertex   1.266302e+01 -1.306967e+01 3.340000e+01
      vertex   1.311043e+01 -1.328327e+01 3.340000e+01
    endloop
  endfacet
  facet normal -4.402261e-01 -8.978862e-01 -1.172388e-03
    outer loop
      vertex   1.270584e+01 -1.308699e+01 3.500000e+01
      vertex   1.311043e+01 -1.328327e+01 3.340000e+01
      vertex   1.313720e+01 -1.329849e+01 3.500000e+01
    endloop
  endfacet
  facet normal -5.478869e-01 -8.365515e-01 1.212455e-03
    outer loop
      vertex   1.313720e+01 -1.329849e+01 3.500000e+01
      vertex   1.311043e+01 -1.328327e+01 3.340000e+01
      vertex   1.352517e+01 -1.355490e+01 3.340000e+01
    endloop
  endfacet
  facet normal -5.531110e-01 -8.331074e-01 -6.062291e-04
    outer loop
      vertex   1.313720e+01 -1.329849e+01 3.500000e+01
      vertex   1.352517e+01 -1.355490e+01 3.340000e+01
      vertex   1.353744e+01 -1.356421e+01 3.500000e+01
    endloop
  endfacet
  facet normal -6.550518e-01 -7.555838e-01 6.262602e-04
    outer loop
      vertex   1.353744e+01 -1.356421e+01 3.500000e+01
      vertex   1.352517e+01 -1.355490e+01 3.340000e+01
      vertex   1.389977e+01 -1.387966e+01 3.340000e+01
    endloop
  endfacet
  facet normal -6.566264e-01 -7.542160e-01 2.509569e-15
    outer loop
      vertex   1.353744e+01 -1.356421e+01 3.500000e+01
      vertex   1.389977e+01 -1.387966e+01 3.340000e+01
      vertex   1.389977e+01 -1.387966e+01 3.500000e+01
    endloop
  endfacet
  facet normal 1.184238e-14 0.000000e+00 1.000000e+00
    outer loop
      vertex   2.230000e+01 4.699982e+00 4.725000e+01
      vertex   2.170000e+01 4.699982e+00 4.725000e+01
      vertex   2.230000e+01 4.099982e+00 4.725000e+01
    endloop
  endfacet
  facet normal 0.000000e+00 0.000000e+00 -1.000000e+00
    outer loop
      vertex   2.170000e+01 4.699982e+00 3.875000e+01
      vertex   2.230000e+01 4.699982e+00 3.875000e+01
      vertex   2.230000e+01 4.099982e+00 3.875000e+01
    endloop
  endfacet
  facet normal -1.000000e+00 2.089832e-16 -2.089832e-16
    outer loop
      vertex   -3.700000e+00 4.699982e+00 3.875000e+01
      vertex   -3.700000e+00 4.699982e+00 4.725000e+01
      vertex   -3.700000e+00 5.699982e+00 3.975000e+01
    endloop
  endfacet
  facet normal -1.000000e+00 -2.732857e-16 -2.732857e-16
    outer loop
      vertex   -3.700000e+00 5.699982e+00 3.975000e+01
      vertex   -3.700000e+00 4.699982e+00 4.725000e+01
      vertex   -3.700000e+00 5.699982e+00 4.625000e+01
    endloop
  endfacet
  facet normal -1.184238e-14 0.000000e+00 1.000000e+00
    outer loop
      vertex   -1.810000e+01 4.699982e+00 4.725000e+01
      vertex   -1.870000e+01 4.699982e+00 4.725000e+01
      vertex   -1.870000e+01 4.099982e+00 4.725000e+01
    endloop
  endfacet
  facet normal 0.000000e+00 0.000000e+00 -1.000000e+00
    outer loop
      vertex   -1.870000e+01 4.699982e+00 3.875000e+01
      vertex   -1.810000e+01 4.699982e+00 3.875000e+01
      vertex   -1.870000e+01 4.099982e+00 3.875000e+01
    endloop
  endfacet
  facet normal 9.961947e-01 -7.740994e-17 8.715574e-02
    outer loop
      vertex   -1.081734e+01 -1.130000e+01 4.262666e+01
      vertex   -1.081734e+01 -3.300009e+00 4.262666e+01
      vertex   -1.085000e+01 -1.130000e+01 4.300000e+01
    endloop
  endfacet
  facet normal 9.961947e-01 -0.000000e+00 8.715574e-02
    outer loop
      vertex   -1.085000e+01 -1.130000e+01 4.300000e+01
      vertex   -1.081734e+01 -3.300009e+00 4.262666e+01
      vertex   -1.085000e+01 -3.300009e+00 4.300000e+01
    endloop
  endfacet
  facet normal 9.961947e-01 0.000000e+00 -8.715574e-02
    outer loop
      vertex   -1.085000e+01 -1.130000e+01 4.300000e+01
      vertex   -1.085000e+01 -3.300009e+00 4.300000e+01
      vertex   -1.081734e+01 -1.130000e+01 4.337335e+01
    endloop
  endfacet
  facet normal 9.961947e-01 -4.423998e-16 -8.715574e-02
    outer loop
      vertex   -1.081734e+01 -1.130000e+01 4.337335e+01
      vertex   -1.085000e+01 -3.300009e+00 4.300000e+01
      vertex   -1.081734e+01 -3.300009e+00 4.337335e+01
    endloop
  endfacet
  facet normal 9.659258e-01 -4.289577e-16 -2.588190e-01
    outer loop
      vertex   -1.081734e+01 -1.130000e+01 4.337335e+01
      vertex   -1.081734e+01 -3.300009e+00 4.337335e+01
      vertex   -1.072034e+01 -1.130000e+01 4.373534e+01
    endloop
  endfacet
  facet normal 9.659258e-01 -4.597555e-16 -2.588190e-01
    outer loop
      vertex   -1.072034e+01 -1.130000e+01 4.373534e+01
      vertex   -1.081734e+01 -3.300009e+00 4.337335e+01
      vertex   -1.072034e+01 -3.300009e+00 4.373534e+01
    endloop
  endfacet
  facet normal 9.063078e-01 -7.507217e-16 -4.226183e-01
    outer loop
      vertex   -1.072034e+01 -1.130000e+01 4.373534e+01
      vertex   -1.072034e+01 -3.300009e+00 4.373534e+01
      vertex   -1.056195e+01 -1.130000e+01 4.407500e+01
    endloop
  endfacet
  facet normal 9.063078e-01 0.000000e+00 -4.226183e-01
    outer loop
      vertex   -1.056195e+01 -1.130000e+01 4.407500e+01
      vertex   -1.072034e+01 -3.300009e+00 4.373534e+01
      vertex   -1.056195e+01 -3.300009e+00 4.407500e+01
    endloop
  endfacet
  facet normal 8.191520e-01 0.000000e+00 -5.735764e-01
    outer loop
      vertex   -1.056195e+01 -1.130000e+01 4.407500e+01
      vertex   -1.056195e+01 -3.300009e+00 4.407500e+01
      vertex   -1.034700e+01 -1.130000e+01 4.438199e+01
    endloop
  endfacet
  facet normal 8.191520e-01 0.000000e+00 -5.735764e-01
    outer loop
      vertex   -1.034700e+01 -1.130000e+01 4.438199e+01
      vertex   -1.056195e+01 -3.300009e+00 4.407500e+01
      vertex   -1.034700e+01 -3.300009e+00 4.438199e+01
    endloop
  endfacet
  facet normal 7.071068e-01 0.000000e+00 -7.071068e-01
    outer loop
      vertex   -1.034700e+01 -1.130000e+01 4.438199e+01
      vertex   -1.034700e+01 -3.300009e+00 4.438199e+01
      vertex   -1.008199e+01 -1.130000e+01 4.464700e+01
    endloop
  endfacet
  facet normal 7.071068e-01 1.570094e-16 -7.071068e-01
    outer loop
      vertex   -1.008199e+01 -1.130000e+01 4.464700e+01
      vertex   -1.034700e+01 -3.300009e+00 4.438199e+01
      vertex   -1.008199e+01 -3.300009e+00 4.464700e+01
    endloop
  endfacet
  facet normal 5.735764e-01 1.273597e-16 -8.191520e-01
    outer loop
      vertex   -1.008199e+01 -1.130000e+01 4.464700e+01
      vertex   -1.008199e+01 -3.300009e+00 4.464700e+01
      vertex   -9.775000e+00 -1.130000e+01 4.486196e+01
    endloop
  endfacet
  facet normal 5.735764e-01 0.000000e+00 -8.191520e-01
    outer loop
      vertex   -9.775000e+00 -1.130000e+01 4.486196e+01
      vertex   -1.008199e+01 -3.300009e+00 4.464700e+01
      vertex   -9.775000e+00 -3.300009e+00 4.486196e+01
    endloop
  endfacet
  facet normal 4.226183e-01 0.000000e+00 -9.063078e-01
    outer loop
      vertex   -9.775000e+00 -1.130000e+01 4.486196e+01
      vertex   -9.775000e+00 -3.300009e+00 4.486196e+01
      vertex   -9.435343e+00 -1.130000e+01 4.502034e+01
    endloop
  endfacet
  facet normal 4.226183e-01 0.000000e+00 -9.063078e-01
    outer loop
      vertex   -9.435343e+00 -1.130000e+01 4.502034e+01
      vertex   -9.775000e+00 -3.300009e+00 4.486196e+01
      vertex   -9.435343e+00 -3.300009e+00 4.502034e+01
    endloop
  endfacet
  facet normal 2.588190e-01 0.000000e+00 -9.659258e-01
    outer loop
      vertex   -9.435343e+00 -1.130000e+01 4.502034e+01
      vertex   -9.435343e+00 -3.300009e+00 4.502034e+01
      vertex   -9.073343e+00 -1.130000e+01 4.511734e+01
    endloop
  endfacet
  facet normal 2.588190e-01 0.000000e+00 -9.659258e-01
    outer loop
      vertex   -9.073343e+00 -1.130000e+01 4.511734e+01
      vertex   -9.435343e+00 -3.300009e+00 4.502034e+01
      vertex   -9.073343e+00 -3.300009e+00 4.511734e+01
    endloop
  endfacet
  facet normal 8.715574e-02 0.000000e+00 -9.961947e-01
    outer loop
      vertex   -9.073343e+00 -1.130000e+01 4.511734e+01
      vertex   -9.073343e+00 -3.300009e+00 4.511734e+01
      vertex   -8.700000e+00 -1.130000e+01 4.515000e+01
    endloop
  endfacet
  facet normal 8.715574e-02 0.000000e+00 -9.961947e-01
    outer loop
      vertex   -8.700000e+00 -1.130000e+01 4.515000e+01
      vertex   -9.073343e+00 -3.300009e+00 4.511734e+01
      vertex   -8.700000e+00 -3.300009e+00 4.515000e+01
    endloop
  endfacet
  facet normal -8.715574e-02 0.000000e+00 -9.961947e-01
    outer loop
      vertex   -8.700000e+00 -1.130000e+01 4.515000e+01
      vertex   -8.700000e+00 -3.300009e+00 4.515000e+01
      vertex   -8.326656e+00 -1.130000e+01 4.511734e+01
    endloop
  endfacet
  facet normal -8.715574e-02 0.000000e+00 -9.961947e-01
    outer loop
      vertex   -8.326656e+00 -1.130000e+01 4.511734e+01
      vertex   -8.700000e+00 -3.300009e+00 4.515000e+01
      vertex   -8.326656e+00 -3.300009e+00 4.511734e+01
    endloop
  endfacet
  facet normal -2.588190e-01 0.000000e+00 -9.659258e-01
    outer loop
      vertex   -8.326656e+00 -1.130000e+01 4.511734e+01
      vertex   -8.326656e+00 -3.300009e+00 4.511734e+01
      vertex   -7.964656e+00 -1.130000e+01 4.502034e+01
    endloop
  endfacet
  facet normal -2.588190e-01 -2.873472e-17 -9.659258e-01
    outer loop
      vertex   -7.964656e+00 -1.130000e+01 4.502034e+01
      vertex   -8.326656e+00 -3.300009e+00 4.511734e+01
      vertex   -7.964656e+00 -3.300009e+00 4.502034e+01
    endloop
  endfacet
  facet normal -4.226183e-01 -4.692010e-17 -9.063078e-01
    outer loop
      vertex   -7.964656e+00 -1.130000e+01 4.502034e+01
      vertex   -7.964656e+00 -3.300009e+00 4.502034e+01
      vertex   -7.625000e+00 -1.130000e+01 4.486196e+01
    endloop
  endfacet
  facet normal -4.226183e-01 -4.692010e-17 -9.063078e-01
    outer loop
      vertex   -7.625000e+00 -1.130000e+01 4.486196e+01
      vertex   -7.964656e+00 -3.300009e+00 4.502034e+01
      vertex   -7.625000e+00 -3.300009e+00 4.486196e+01
    endloop
  endfacet
  facet normal -5.735764e-01 -6.367985e-17 -8.191520e-01
    outer loop
      vertex   -7.625000e+00 -1.130000e+01 4.486196e+01
      vertex   -7.625000e+00 -3.300009e+00 4.486196e+01
      vertex   -7.318006e+00 -1.130000e+01 4.464700e+01
    endloop
  endfacet
  facet normal -5.735764e-01 1.273597e-16 -8.191520e-01
    outer loop
      vertex   -7.318006e+00 -1.130000e+01 4.464700e+01
      vertex   -7.625000e+00 -3.300009e+00 4.486196e+01
      vertex   -7.318006e+00 -3.300009e+00 4.464700e+01
    endloop
  endfacet
  facet normal -7.071068e-01 1.570094e-16 -7.071068e-01
    outer loop
      vertex   -7.318006e+00 -1.130000e+01 4.464700e+01
      vertex   -7.318006e+00 -3.300009e+00 4.464700e+01
      vertex   -7.053004e+00 -1.130000e+01 4.438199e+01
    endloop
  endfacet
  facet normal -7.071068e-01 -2.355141e-16 -7.071068e-01
    outer loop
      vertex   -7.053004e+00 -1.130000e+01 4.438199e+01
      vertex   -7.318006e+00 -3.300009e+00 4.464700e+01
      vertex   -7.053004e+00 -3.300009e+00 4.438199e+01
    endloop
  endfacet
  facet normal -8.191520e-01 -2.728327e-16 -5.735764e-01
    outer loop
      vertex   -7.053004e+00 -1.130000e+01 4.438199e+01
      vertex   -7.053004e+00 -3.300009e+00 4.438199e+01
      vertex   -6.838045e+00 -1.130000e+01 4.407500e+01
    endloop
  endfacet
  facet normal -8.191520e-01 9.094425e-17 -5.735764e-01
    outer loop
      vertex   -6.838045e+00 -1.130000e+01 4.407500e+01
      vertex   -7.053004e+00 -3.300009e+00 4.438199e+01
      vertex   -6.838045e+00 -3.300009e+00 4.407500e+01
    endloop
  endfacet
  facet normal -9.063078e-01 1.006205e-16 -4.226183e-01
    outer loop
      vertex   -6.838045e+00 -1.130000e+01 4.407500e+01
      vertex   -6.838045e+00 -3.300009e+00 4.407500e+01
      vertex   -6.679661e+00 -1.130000e+01 4.373534e+01
    endloop
  endfacet
  facet normal -9.063078e-01 2.012410e-16 -4.226183e-01
    outer loop
      vertex   -6.679661e+00 -1.130000e+01 4.373534e+01
      vertex   -6.838045e+00 -3.300009e+00 4.407500e+01
      vertex   -6.679661e+00 -3.300009e+00 4.373534e+01
    endloop
  endfacet
  facet normal -9.659258e-01 2.144789e-16 -2.588190e-01
    outer loop
      vertex   -6.679661e+00 -1.130000e+01 4.373534e+01
      vertex   -6.679661e+00 -3.300009e+00 4.373534e+01
      vertex   -6.582663e+00 -1.130000e+01 4.337335e+01
    endloop
  endfacet
  facet normal -9.659258e-01 4.597555e-16 -2.588190e-01
    outer loop
      vertex   -6.582663e+00 -1.130000e+01 4.337335e+01
      vertex   -6.679661e+00 -3.300009e+00 4.373534e+01
      vertex   -6.582663e+00 -3.300009e+00 4.337335e+01
    endloop
  endfacet
  facet normal -9.961947e-01 1.548199e-16 -8.715574e-02
    outer loop
      vertex   -6.582663e+00 -1.130000e+01 4.337335e+01
      vertex   -6.582663e+00 -3.300009e+00 4.337335e+01
      vertex   -6.550000e+00 -1.130000e+01 4.300000e+01
    endloop
  endfacet
  facet normal -9.961947e-01 0.000000e+00 -8.715574e-02
    outer loop
      vertex   -6.550000e+00 -1.130000e+01 4.300000e+01
      vertex   -6.582663e+00 -3.300009e+00 4.337335e+01
      vertex   -6.550000e+00 -3.300009e+00 4.300000e+01
    endloop
  endfacet
  facet normal -9.961947e-01 0.000000e+00 8.715574e-02
    outer loop
      vertex   -6.550000e+00 -1.130000e+01 4.300000e+01
      vertex   -6.550000e+00 -3.300009e+00 4.300000e+01
      vertex   -6.582663e+00 -1.130000e+01 4.262666e+01
    endloop
  endfacet
  facet normal -9.961947e-01 -2.211999e-16 8.715574e-02
    outer loop
      vertex   -6.582663e+00 -1.130000e+01 4.262666e+01
      vertex   -6.550000e+00 -3.300009e+00 4.300000e+01
      vertex   -6.582663e+00 -3.300009e+00 4.262666e+01
    endloop
  endfacet
  facet normal -9.659258e-01 -2.144789e-16 2.588190e-01
    outer loop
      vertex   -6.582663e+00 -1.130000e+01 4.262666e+01
      vertex   -6.582663e+00 -3.300009e+00 4.262666e+01
      vertex   -6.679661e+00 -1.130000e+01 4.226466e+01
    endloop
  endfacet
  facet normal -9.659258e-01 0.000000e+00 2.588190e-01
    outer loop
      vertex   -6.679661e+00 -1.130000e+01 4.226466e+01
      vertex   -6.582663e+00 -3.300009e+00 4.262666e+01
      vertex   -6.679661e+00 -3.300009e+00 4.226466e+01
    endloop
  endfacet
  facet normal -9.063078e-01 0.000000e+00 4.226183e-01
    outer loop
      vertex   -6.679661e+00 -1.130000e+01 4.226466e+01
      vertex   -6.679661e+00 -3.300009e+00 4.226466e+01
      vertex   -6.838045e+00 -1.130000e+01 4.192500e+01
    endloop
  endfacet
  facet normal -9.063078e-01 1.006205e-16 4.226183e-01
    outer loop
      vertex   -6.838045e+00 -1.130000e+01 4.192500e+01
      vertex   -6.679661e+00 -3.300009e+00 4.226466e+01
      vertex   -6.838045e+00 -3.300009e+00 4.192500e+01
    endloop
  endfacet
  facet normal -8.191520e-01 9.094425e-17 5.735764e-01
    outer loop
      vertex   -6.838045e+00 -1.130000e+01 4.192500e+01
      vertex   -6.838045e+00 -3.300009e+00 4.192500e+01
      vertex   -7.053004e+00 -1.130000e+01 4.161801e+01
    endloop
  endfacet
  facet normal -8.191520e-01 -9.094425e-17 5.735764e-01
    outer loop
      vertex   -7.053004e+00 -1.130000e+01 4.161801e+01
      vertex   -6.838045e+00 -3.300009e+00 4.192500e+01
      vertex   -7.053004e+00 -3.300009e+00 4.161801e+01
    endloop
  endfacet
  facet normal -7.071068e-01 -7.850471e-17 7.071068e-01
    outer loop
      vertex   -7.053004e+00 -1.130000e+01 4.161801e+01
      vertex   -7.053004e+00 -3.300009e+00 4.161801e+01
      vertex   -7.318006e+00 -1.130000e+01 4.135301e+01
    endloop
  endfacet
  facet normal -7.071068e-01 1.570094e-16 7.071068e-01
    outer loop
      vertex   -7.318006e+00 -1.130000e+01 4.135301e+01
      vertex   -7.053004e+00 -3.300009e+00 4.161801e+01
      vertex   -7.318006e+00 -3.300009e+00 4.135301e+01
    endloop
  endfacet
  facet normal -5.735764e-01 1.273597e-16 8.191520e-01
    outer loop
      vertex   -7.318006e+00 -1.130000e+01 4.135301e+01
      vertex   -7.318006e+00 -3.300009e+00 4.135301e+01
      vertex   -7.625000e+00 -1.130000e+01 4.113805e+01
    endloop
  endfacet
  facet normal -5.735764e-01 0.000000e+00 8.191520e-01
    outer loop
      vertex   -7.625000e+00 -1.130000e+01 4.113805e+01
      vertex   -7.318006e+00 -3.300009e+00 4.135301e+01
      vertex   -7.625000e+00 -3.300009e+00 4.113805e+01
    endloop
  endfacet
  facet normal -4.226183e-01 0.000000e+00 9.063078e-01
    outer loop
      vertex   -7.625000e+00 -1.130000e+01 4.113805e+01
      vertex   -7.625000e+00 -3.300009e+00 4.113805e+01
      vertex   -7.964656e+00 -1.130000e+01 4.097966e+01
    endloop
  endfacet
  facet normal -4.226183e-01 -4.692010e-17 9.063078e-01
    outer loop
      vertex   -7.964656e+00 -1.130000e+01 4.097966e+01
      vertex   -7.625000e+00 -3.300009e+00 4.113805e+01
      vertex   -7.964656e+00 -3.300009e+00 4.097966e+01
    endloop
  endfacet
  facet normal -2.588190e-01 -2.873472e-17 9.659258e-01
    outer loop
      vertex   -7.964656e+00 -1.130000e+01 4.097966e+01
      vertex   -7.964656e+00 -3.300009e+00 4.097966e+01
      vertex   -8.326656e+00 -1.130000e+01 4.088266e+01
    endloop
  endfacet
  facet normal -2.588190e-01 0.000000e+00 9.659258e-01
    outer loop
      vertex   -8.326656e+00 -1.130000e+01 4.088266e+01
      vertex   -7.964656e+00 -3.300009e+00 4.097966e+01
      vertex   -8.326656e+00 -3.300009e+00 4.088266e+01
    endloop
  endfacet
  facet normal -8.715574e-02 0.000000e+00 9.961947e-01
    outer loop
      vertex   -8.326656e+00 -1.130000e+01 4.088266e+01
      vertex   -8.326656e+00 -3.300009e+00 4.088266e+01
      vertex   -8.700000e+00 -1.130000e+01 4.085000e+01
    endloop
  endfacet
  facet normal -8.715574e-02 0.000000e+00 9.961947e-01
    outer loop
      vertex   -8.700000e+00 -1.130000e+01 4.085000e+01
      vertex   -8.326656e+00 -3.300009e+00 4.088266e+01
      vertex   -8.700000e+00 -3.300009e+00 4.085000e+01
    endloop
  endfacet
  facet normal 8.715574e-02 -0.000000e+00 9.961947e-01
    outer loop
      vertex   -8.700000e+00 -1.130000e+01 4.085000e+01
      vertex   -8.700000e+00 -3.300009e+00 4.085000e+01
      vertex   -9.073343e+00 -1.130000e+01 4.088266e+01
    endloop
  endfacet
  facet normal 8.715574e-02 -0.000000e+00 9.961947e-01
    outer loop
      vertex   -9.073343e+00 -1.130000e+01 4.088266e+01
      vertex   -8.700000e+00 -3.300009e+00 4.085000e+01
      vertex   -9.073343e+00 -3.300009e+00 4.088266e+01
    endloop
  endfacet
  facet normal 2.588190e-01 -0.000000e+00 9.659258e-01
    outer loop
      vertex   -9.073343e+00 -1.130000e+01 4.088266e+01
      vertex   -9.073343e+00 -3.300009e+00 4.088266e+01
      vertex   -9.435343e+00 -1.130000e+01 4.097966e+01
    endloop
  endfacet
  facet normal 2.588190e-01 -0.000000e+00 9.659258e-01
    outer loop
      vertex   -9.435343e+00 -1.130000e+01 4.097966e+01
      vertex   -9.073343e+00 -3.300009e+00 4.088266e+01
      vertex   -9.435343e+00 -3.300009e+00 4.097966e+01
    endloop
  endfacet
  facet normal 4.226183e-01 -0.000000e+00 9.063078e-01
    outer loop
      vertex   -9.435343e+00 -1.130000e+01 4.097966e+01
      vertex   -9.435343e+00 -3.300009e+00 4.097966e+01
      vertex   -9.775000e+00 -1.130000e+01 4.113805e+01
    endloop
  endfacet
  facet normal 4.226183e-01 -0.000000e+00 9.063078e-01
    outer loop
      vertex   -9.775000e+00 -1.130000e+01 4.113805e+01
      vertex   -9.435343e+00 -3.300009e+00 4.097966e+01
      vertex   -9.775000e+00 -3.300009e+00 4.113805e+01
    endloop
  endfacet
  facet normal 5.735764e-01 -0.000000e+00 8.191520e-01
    outer loop
      vertex   -9.775000e+00 -1.130000e+01 4.113805e+01
      vertex   -9.775000e+00 -3.300009e+00 4.113805e+01
      vertex   -1.008199e+01 -1.130000e+01 4.135301e+01
    endloop
  endfacet
  facet normal 5.735764e-01 1.273597e-16 8.191520e-01
    outer loop
      vertex   -1.008199e+01 -1.130000e+01 4.135301e+01
      vertex   -9.775000e+00 -3.300009e+00 4.113805e+01
      vertex   -1.008199e+01 -3.300009e+00 4.135301e+01
    endloop
  endfacet
  facet normal 7.071068e-01 1.570094e-16 7.071068e-01
    outer loop
      vertex   -1.008199e+01 -1.130000e+01 4.135301e+01
      vertex   -1.008199e+01 -3.300009e+00 4.135301e+01
      vertex   -1.034700e+01 -1.130000e+01 4.161801e+01
    endloop
  endfacet
  facet normal 7.071068e-01 -1.570094e-16 7.071068e-01
    outer loop
      vertex   -1.034700e+01 -1.130000e+01 4.161801e+01
      vertex   -1.008199e+01 -3.300009e+00 4.135301e+01
      vertex   -1.034700e+01 -3.300009e+00 4.161801e+01
    endloop
  endfacet
  facet normal 8.191520e-01 -1.818885e-16 5.735764e-01
    outer loop
      vertex   -1.034700e+01 -1.130000e+01 4.161801e+01
      vertex   -1.034700e+01 -3.300009e+00 4.161801e+01
      vertex   -1.056195e+01 -1.130000e+01 4.192500e+01
    endloop
  endfacet
  facet normal 8.191520e-01 -0.000000e+00 5.735764e-01
    outer loop
      vertex   -1.056195e+01 -1.130000e+01 4.192500e+01
      vertex   -1.034700e+01 -3.300009e+00 4.161801e+01
      vertex   -1.056195e+01 -3.300009e+00 4.192500e+01
    endloop
  endfacet
  facet normal 9.063078e-01 -0.000000e+00 4.226183e-01
    outer loop
      vertex   -1.056195e+01 -1.130000e+01 4.192500e+01
      vertex   -1.056195e+01 -3.300009e+00 4.192500e+01
      vertex   -1.072034e+01 -1.130000e+01 4.226466e+01
    endloop
  endfacet
  facet normal 9.063078e-01 2.012410e-16 4.226183e-01
    outer loop
      vertex   -1.072034e+01 -1.130000e+01 4.226466e+01
      vertex   -1.056195e+01 -3.300009e+00 4.192500e+01
      vertex   -1.072034e+01 -3.300009e+00 4.226466e+01
    endloop
  endfacet
  facet normal 9.659258e-01 2.144789e-16 2.588190e-01
    outer loop
      vertex   -1.072034e+01 -1.130000e+01 4.226466e+01
      vertex   -1.072034e+01 -3.300009e+00 4.226466e+01
      vertex   -1.081734e+01 -1.130000e+01 4.262666e+01
    endloop
  endfacet
  facet normal 9.659258e-01 -2.298777e-16 2.588190e-01
    outer loop
      vertex   -1.081734e+01 -1.130000e+01 4.262666e+01
      vertex   -1.072034e+01 -3.300009e+00 4.226466e+01
      vertex   -1.081734e+01 -3.300009e+00 4.262666e+01
    endloop
  endfacet
  facet normal -9.961947e-01 2.211999e-16 8.715574e-02
    outer loop
      vertex   -6.582663e+00 4.699982e+00 4.262666e+01
      vertex   -6.582663e+00 -3.300009e+00 4.262666e+01
      vertex   -6.550000e+00 4.699982e+00 4.300000e+01
    endloop
  endfacet
  facet normal -9.961947e-01 0.000000e+00 8.715574e-02
    outer loop
      vertex   -6.550000e+00 4.699982e+00 4.300000e+01
      vertex   -6.582663e+00 -3.300009e+00 4.262666e+01
      vertex   -6.550000e+00 -3.300009e+00 4.300000e+01
    endloop
  endfacet
  facet normal -9.961947e-01 -0.000000e+00 -8.715574e-02
    outer loop
      vertex   -6.550000e+00 4.699982e+00 4.300000e+01
      vertex   -6.550000e+00 -3.300009e+00 4.300000e+01
      vertex   -6.582663e+00 4.699982e+00 4.337335e+01
    endloop
  endfacet
  facet normal -9.961947e-01 -0.000000e+00 -8.715574e-02
    outer loop
      vertex   -6.582663e+00 4.699982e+00 4.337335e+01
      vertex   -6.550000e+00 -3.300009e+00 4.300000e+01
      vertex   -6.582663e+00 -3.300009e+00 4.337335e+01
    endloop
  endfacet
  facet normal -9.659258e-01 -0.000000e+00 -2.588190e-01
    outer loop
      vertex   -6.582663e+00 4.699982e+00 4.337335e+01
      vertex   -6.582663e+00 -3.300009e+00 4.337335e+01
      vertex   -6.679661e+00 4.699982e+00 4.373534e+01
    endloop
  endfacet
  facet normal -9.659258e-01 -2.144789e-16 -2.588190e-01
    outer loop
      vertex   -6.679661e+00 4.699982e+00 4.373534e+01
      vertex   -6.582663e+00 -3.300009e+00 4.337335e+01
      vertex   -6.679661e+00 -3.300009e+00 4.373534e+01
    endloop
  endfacet
  facet normal -9.063078e-01 -2.012410e-16 -4.226183e-01
    outer loop
      vertex   -6.679661e+00 4.699982e+00 4.373534e+01
      vertex   -6.679661e+00 -3.300009e+00 4.373534e+01
      vertex   -6.838045e+00 4.699982e+00 4.407500e+01
    endloop
  endfacet
  facet normal -9.063078e-01 -1.006205e-16 -4.226183e-01
    outer loop
      vertex   -6.838045e+00 4.699982e+00 4.407500e+01
      vertex   -6.679661e+00 -3.300009e+00 4.373534e+01
      vertex   -6.838045e+00 -3.300009e+00 4.407500e+01
    endloop
  endfacet
  facet normal -8.191520e-01 -9.094425e-17 -5.735764e-01
    outer loop
      vertex   -6.838045e+00 4.699982e+00 4.407500e+01
      vertex   -6.838045e+00 -3.300009e+00 4.407500e+01
      vertex   -7.053004e+00 4.699982e+00 4.438199e+01
    endloop
  endfacet
  facet normal -8.191520e-01 9.094425e-17 -5.735764e-01
    outer loop
      vertex   -7.053004e+00 4.699982e+00 4.438199e+01
      vertex   -6.838045e+00 -3.300009e+00 4.407500e+01
      vertex   -7.053004e+00 -3.300009e+00 4.438199e+01
    endloop
  endfacet
  facet normal -7.071068e-01 7.850471e-17 -7.071068e-01
    outer loop
      vertex   -7.053004e+00 4.699982e+00 4.438199e+01
      vertex   -7.053004e+00 -3.300009e+00 4.438199e+01
      vertex   -7.318006e+00 4.699982e+00 4.464700e+01
    endloop
  endfacet
  facet normal -7.071068e-01 -1.570094e-16 -7.071068e-01
    outer loop
      vertex   -7.318006e+00 4.699982e+00 4.464700e+01
      vertex   -7.053004e+00 -3.300009e+00 4.438199e+01
      vertex   -7.318006e+00 -3.300009e+00 4.464700e+01
    endloop
  endfacet
  facet normal -5.735764e-01 -1.273597e-16 -8.191520e-01
    outer loop
      vertex   -7.318006e+00 4.699982e+00 4.464700e+01
      vertex   -7.318006e+00 -3.300009e+00 4.464700e+01
      vertex   -7.625000e+00 4.699982e+00 4.486196e+01
    endloop
  endfacet
  facet normal -5.735764e-01 -0.000000e+00 -8.191520e-01
    outer loop
      vertex   -7.625000e+00 4.699982e+00 4.486196e+01
      vertex   -7.318006e+00 -3.300009e+00 4.464700e+01
      vertex   -7.625000e+00 -3.300009e+00 4.486196e+01
    endloop
  endfacet
  facet normal -4.226183e-01 -0.000000e+00 -9.063078e-01
    outer loop
      vertex   -7.625000e+00 4.699982e+00 4.486196e+01
      vertex   -7.625000e+00 -3.300009e+00 4.486196e+01
      vertex   -7.964656e+00 4.699982e+00 4.502034e+01
    endloop
  endfacet
  facet normal -4.226183e-01 -0.000000e+00 -9.063078e-01
    outer loop
      vertex   -7.964656e+00 4.699982e+00 4.502034e+01
      vertex   -7.625000e+00 -3.300009e+00 4.486196e+01
      vertex   -7.964656e+00 -3.300009e+00 4.502034e+01
    endloop
  endfacet
  facet normal -2.588190e-01 -0.000000e+00 -9.659258e-01
    outer loop
      vertex   -7.964656e+00 4.699982e+00 4.502034e+01
      vertex   -7.964656e+00 -3.300009e+00 4.502034e+01
      vertex   -8.326656e+00 4.699982e+00 4.511734e+01
    endloop
  endfacet
  facet normal -2.588190e-01 -0.000000e+00 -9.659258e-01
    outer loop
      vertex   -8.326656e+00 4.699982e+00 4.511734e+01
      vertex   -7.964656e+00 -3.300009e+00 4.502034e+01
      vertex   -8.326656e+00 -3.300009e+00 4.511734e+01
    endloop
  endfacet
  facet normal -8.715574e-02 -0.000000e+00 -9.961947e-01
    outer loop
      vertex   -8.326656e+00 4.699982e+00 4.511734e+01
      vertex   -8.326656e+00 -3.300009e+00 4.511734e+01
      vertex   -8.700000e+00 4.699982e+00 4.515000e+01
    endloop
  endfacet
  facet normal -8.715574e-02 -0.000000e+00 -9.961947e-01
    outer loop
      vertex   -8.700000e+00 4.699982e+00 4.515000e+01
      vertex   -8.326656e+00 -3.300009e+00 4.511734e+01
      vertex   -8.700000e+00 -3.300009e+00 4.515000e+01
    endloop
  endfacet
  facet normal 8.715574e-02 0.000000e+00 -9.961947e-01
    outer loop
      vertex   -8.700000e+00 4.699982e+00 4.515000e+01
      vertex   -8.700000e+00 -3.300009e+00 4.515000e+01
      vertex   -9.073343e+00 4.699982e+00 4.511734e+01
    endloop
  endfacet
  facet normal 8.715574e-02 0.000000e+00 -9.961947e-01
    outer loop
      vertex   -9.073343e+00 4.699982e+00 4.511734e+01
      vertex   -8.700000e+00 -3.300009e+00 4.515000e+01
      vertex   -9.073343e+00 -3.300009e+00 4.511734e+01
    endloop
  endfacet
  facet normal 2.588190e-01 0.000000e+00 -9.659258e-01
    outer loop
      vertex   -9.073343e+00 4.699982e+00 4.511734e+01
      vertex   -9.073343e+00 -3.300009e+00 4.511734e+01
      vertex   -9.435343e+00 4.699982e+00 4.502034e+01
    endloop
  endfacet
  facet normal 2.588190e-01 5.746944e-17 -9.659258e-01
    outer loop
      vertex   -9.435343e+00 4.699982e+00 4.502034e+01
      vertex   -9.073343e+00 -3.300009e+00 4.511734e+01
      vertex   -9.435343e+00 -3.300009e+00 4.502034e+01
    endloop
  endfacet
  facet normal 4.226183e-01 9.384021e-17 -9.063078e-01
    outer loop
      vertex   -9.435343e+00 4.699982e+00 4.502034e+01
      vertex   -9.435343e+00 -3.300009e+00 4.502034e+01
      vertex   -9.775000e+00 4.699982e+00 4.486196e+01
    endloop
  endfacet
  facet normal 4.226183e-01 0.000000e+00 -9.063078e-01
    outer loop
      vertex   -9.775000e+00 4.699982e+00 4.486196e+01
      vertex   -9.435343e+00 -3.300009e+00 4.502034e+01
      vertex   -9.775000e+00 -3.300009e+00 4.486196e+01
    endloop
  endfacet
  facet normal 5.735764e-01 0.000000e+00 -8.191520e-01
    outer loop
      vertex   -9.775000e+00 4.699982e+00 4.486196e+01
      vertex   -9.775000e+00 -3.300009e+00 4.486196e+01
      vertex   -1.008199e+01 4.699982e+00 4.464700e+01
    endloop
  endfacet
  facet normal 5.735764e-01 -1.273597e-16 -8.191520e-01
    outer loop
      vertex   -1.008199e+01 4.699982e+00 4.464700e+01
      vertex   -9.775000e+00 -3.300009e+00 4.486196e+01
      vertex   -1.008199e+01 -3.300009e+00 4.464700e+01
    endloop
  endfacet
  facet normal 7.071068e-01 -1.570094e-16 -7.071068e-01
    outer loop
      vertex   -1.008199e+01 4.699982e+00 4.464700e+01
      vertex   -1.008199e+01 -3.300009e+00 4.464700e+01
      vertex   -1.034700e+01 4.699982e+00 4.438199e+01
    endloop
  endfacet
  facet normal 7.071068e-01 1.570094e-16 -7.071068e-01
    outer loop
      vertex   -1.034700e+01 4.699982e+00 4.438199e+01
      vertex   -1.008199e+01 -3.300009e+00 4.464700e+01
      vertex   -1.034700e+01 -3.300009e+00 4.438199e+01
    endloop
  endfacet
  facet normal 8.191520e-01 1.818885e-16 -5.735764e-01
    outer loop
      vertex   -1.034700e+01 4.699982e+00 4.438199e+01
      vertex   -1.034700e+01 -3.300009e+00 4.438199e+01
      vertex   -1.056195e+01 4.699982e+00 4.407500e+01
    endloop
  endfacet
  facet normal 8.191520e-01 0.000000e+00 -5.735764e-01
    outer loop
      vertex   -1.056195e+01 4.699982e+00 4.407500e+01
      vertex   -1.034700e+01 -3.300009e+00 4.438199e+01
      vertex   -1.056195e+01 -3.300009e+00 4.407500e+01
    endloop
  endfacet
  facet normal 9.063078e-01 0.000000e+00 -4.226183e-01
    outer loop
      vertex   -1.056195e+01 4.699982e+00 4.407500e+01
      vertex   -1.056195e+01 -3.300009e+00 4.407500e+01
      vertex   -1.072034e+01 4.699982e+00 4.373534e+01
    endloop
  endfacet
  facet normal 9.063078e-01 0.000000e+00 -4.226183e-01
    outer loop
      vertex   -1.072034e+01 4.699982e+00 4.373534e+01
      vertex   -1.056195e+01 -3.300009e+00 4.407500e+01
      vertex   -1.072034e+01 -3.300009e+00 4.373534e+01
    endloop
  endfacet
  facet normal 9.659258e-01 0.000000e+00 -2.588190e-01
    outer loop
      vertex   -1.072034e+01 4.699982e+00 4.373534e+01
      vertex   -1.072034e+01 -3.300009e+00 4.373534e+01
      vertex   -1.081734e+01 4.699982e+00 4.337335e+01
    endloop
  endfacet
  facet normal 9.659258e-01 4.289577e-16 -2.588190e-01
    outer loop
      vertex   -1.081734e+01 4.699982e+00 4.337335e+01
      vertex   -1.072034e+01 -3.300009e+00 4.373534e+01
      vertex   -1.081734e+01 -3.300009e+00 4.337335e+01
    endloop
  endfacet
  facet normal 9.961947e-01 4.423998e-16 -8.715574e-02
    outer loop
      vertex   -1.081734e+01 4.699982e+00 4.337335e+01
      vertex   -1.081734e+01 -3.300009e+00 4.337335e+01
      vertex   -1.085000e+01 4.699982e+00 4.300000e+01
    endloop
  endfacet
  facet normal 9.961947e-01 0.000000e+00 -8.715574e-02
    outer loop
      vertex   -1.085000e+01 4.699982e+00 4.300000e+01
      vertex   -1.081734e+01 -3.300009e+00 4.337335e+01
      vertex   -1.085000e+01 -3.300009e+00 4.300000e+01
    endloop
  endfacet
  facet normal 9.961947e-01 0.000000e+00 8.715574e-02
    outer loop
      vertex   -1.085000e+01 4.699982e+00 4.300000e+01
      vertex   -1.085000e+01 -3.300009e+00 4.300000e+01
      vertex   -1.081734e+01 4.699982e+00 4.262666e+01
    endloop
  endfacet
  facet normal 9.961947e-01 0.000000e+00 8.715574e-02
    outer loop
      vertex   -1.081734e+01 4.699982e+00 4.262666e+01
      vertex   -1.085000e+01 -3.300009e+00 4.300000e+01
      vertex   -1.081734e+01 -3.300009e+00 4.262666e+01
    endloop
  endfacet
  facet normal 9.659258e-01 0.000000e+00 2.588190e-01
    outer loop
      vertex   -1.081734e+01 4.699982e+00 4.262666e+01
      vertex   -1.081734e+01 -3.300009e+00 4.262666e+01
      vertex   -1.072034e+01 4.699982e+00 4.226466e+01
    endloop
  endfacet
  facet normal 9.659258e-01 -2.144789e-16 2.588190e-01
    outer loop
      vertex   -1.072034e+01 4.699982e+00 4.226466e+01
      vertex   -1.081734e+01 -3.300009e+00 4.262666e+01
      vertex   -1.072034e+01 -3.300009e+00 4.226466e+01
    endloop
  endfacet
  facet normal 9.063078e-01 -2.012410e-16 4.226183e-01
    outer loop
      vertex   -1.072034e+01 4.699982e+00 4.226466e+01
      vertex   -1.072034e+01 -3.300009e+00 4.226466e+01
      vertex   -1.056195e+01 4.699982e+00 4.192500e+01
    endloop
  endfacet
  facet normal 9.063078e-01 0.000000e+00 4.226183e-01
    outer loop
      vertex   -1.056195e+01 4.699982e+00 4.192500e+01
      vertex   -1.072034e+01 -3.300009e+00 4.226466e+01
      vertex   -1.056195e+01 -3.300009e+00 4.192500e+01
    endloop
  endfacet
  facet normal 8.191520e-01 0.000000e+00 5.735764e-01
    outer loop
      vertex   -1.056195e+01 4.699982e+00 4.192500e+01
      vertex   -1.056195e+01 -3.300009e+00 4.192500e+01
      vertex   -1.034700e+01 4.699982e+00 4.161801e+01
    endloop
  endfacet
  facet normal 8.191520e-01 1.818885e-16 5.735764e-01
    outer loop
      vertex   -1.034700e+01 4.699982e+00 4.161801e+01
      vertex   -1.056195e+01 -3.300009e+00 4.192500e+01
      vertex   -1.034700e+01 -3.300009e+00 4.161801e+01
    endloop
  endfacet
  facet normal 7.071068e-01 1.570094e-16 7.071068e-01
    outer loop
      vertex   -1.034700e+01 4.699982e+00 4.161801e+01
      vertex   -1.034700e+01 -3.300009e+00 4.161801e+01
      vertex   -1.008199e+01 4.699982e+00 4.135301e+01
    endloop
  endfacet
  facet normal 7.071068e-01 -1.570094e-16 7.071068e-01
    outer loop
      vertex   -1.008199e+01 4.699982e+00 4.135301e+01
      vertex   -1.034700e+01 -3.300009e+00 4.161801e+01
      vertex   -1.008199e+01 -3.300009e+00 4.135301e+01
    endloop
  endfacet
  facet normal 5.735764e-01 -1.273597e-16 8.191520e-01
    outer loop
      vertex   -1.008199e+01 4.699982e+00 4.135301e+01
      vertex   -1.008199e+01 -3.300009e+00 4.135301e+01
      vertex   -9.775000e+00 4.699982e+00 4.113805e+01
    endloop
  endfacet
  facet normal 5.735764e-01 0.000000e+00 8.191520e-01
    outer loop
      vertex   -9.775000e+00 4.699982e+00 4.113805e+01
      vertex   -1.008199e+01 -3.300009e+00 4.135301e+01
      vertex   -9.775000e+00 -3.300009e+00 4.113805e+01
    endloop
  endfacet
  facet normal 4.226183e-01 0.000000e+00 9.063078e-01
    outer loop
      vertex   -9.775000e+00 4.699982e+00 4.113805e+01
      vertex   -9.775000e+00 -3.300009e+00 4.113805e+01
      vertex   -9.435343e+00 4.699982e+00 4.097966e+01
    endloop
  endfacet
  facet normal 4.226183e-01 9.384021e-17 9.063078e-01
    outer loop
      vertex   -9.435343e+00 4.699982e+00 4.097966e+01
      vertex   -9.775000e+00 -3.300009e+00 4.113805e+01
      vertex   -9.435343e+00 -3.300009e+00 4.097966e+01
    endloop
  endfacet
  facet normal 2.588190e-01 5.746944e-17 9.659258e-01
    outer loop
      vertex   -9.435343e+00 4.699982e+00 4.097966e+01
      vertex   -9.435343e+00 -3.300009e+00 4.097966e+01
      vertex   -9.073343e+00 4.699982e+00 4.088266e+01
    endloop
  endfacet
  facet normal 2.588190e-01 0.000000e+00 9.659258e-01
    outer loop
      vertex   -9.073343e+00 4.699982e+00 4.088266e+01
      vertex   -9.435343e+00 -3.300009e+00 4.097966e+01
      vertex   -9.073343e+00 -3.300009e+00 4.088266e+01
    endloop
  endfacet
  facet normal 8.715574e-02 0.000000e+00 9.961947e-01
    outer loop
      vertex   -9.073343e+00 4.699982e+00 4.088266e+01
      vertex   -9.073343e+00 -3.300009e+00 4.088266e+01
      vertex   -8.700000e+00 4.699982e+00 4.085000e+01
    endloop
  endfacet
  facet normal 8.715574e-02 0.000000e+00 9.961947e-01
    outer loop
      vertex   -8.700000e+00 4.699982e+00 4.085000e+01
      vertex   -9.073343e+00 -3.300009e+00 4.088266e+01
      vertex   -8.700000e+00 -3.300009e+00 4.085000e+01
    endloop
  endfacet
  facet normal -8.715574e-02 0.000000e+00 9.961947e-01
    outer loop
      vertex   -8.700000e+00 4.699982e+00 4.085000e+01
      vertex   -8.700000e+00 -3.300009e+00 4.085000e+01
      vertex   -8.326656e+00 4.699982e+00 4.088266e+01
    endloop
  endfacet
  facet normal -8.715574e-02 0.000000e+00 9.961947e-01
    outer loop
      vertex   -8.326656e+00 4.699982e+00 4.088266e+01
      vertex   -8.700000e+00 -3.300009e+00 4.085000e+01
      vertex   -8.326656e+00 -3.300009e+00 4.088266e+01
    endloop
  endfacet
  facet normal -2.588190e-01 0.000000e+00 9.659258e-01
    outer loop
      vertex   -8.326656e+00 4.699982e+00 4.088266e+01
      vertex   -8.326656e+00 -3.300009e+00 4.088266e+01
      vertex   -7.964656e+00 4.699982e+00 4.097966e+01
    endloop
  endfacet
  facet normal -2.588190e-01 0.000000e+00 9.659258e-01
    outer loop
      vertex   -7.964656e+00 4.699982e+00 4.097966e+01
      vertex   -8.326656e+00 -3.300009e+00 4.088266e+01
      vertex   -7.964656e+00 -3.300009e+00 4.097966e+01
    endloop
  endfacet
  facet normal -4.226183e-01 0.000000e+00 9.063078e-01
    outer loop
      vertex   -7.964656e+00 4.699982e+00 4.097966e+01
      vertex   -7.964656e+00 -3.300009e+00 4.097966e+01
      vertex   -7.625000e+00 4.699982e+00 4.113805e+01
    endloop
  endfacet
  facet normal -4.226183e-01 0.000000e+00 9.063078e-01
    outer loop
      vertex   -7.625000e+00 4.699982e+00 4.113805e+01
      vertex   -7.964656e+00 -3.300009e+00 4.097966e+01
      vertex   -7.625000e+00 -3.300009e+00 4.113805e+01
    endloop
  endfacet
  facet normal -5.735764e-01 0.000000e+00 8.191520e-01
    outer loop
      vertex   -7.625000e+00 4.699982e+00 4.113805e+01
      vertex   -7.625000e+00 -3.300009e+00 4.113805e+01
      vertex   -7.318006e+00 4.699982e+00 4.135301e+01
    endloop
  endfacet
  facet normal -5.735764e-01 -1.273597e-16 8.191520e-01
    outer loop
      vertex   -7.318006e+00 4.699982e+00 4.135301e+01
      vertex   -7.625000e+00 -3.300009e+00 4.113805e+01
      vertex   -7.318006e+00 -3.300009e+00 4.135301e+01
    endloop
  endfacet
  facet normal -7.071068e-01 -1.570094e-16 7.071068e-01
    outer loop
      vertex   -7.318006e+00 4.699982e+00 4.135301e+01
      vertex   -7.318006e+00 -3.300009e+00 4.135301e+01
      vertex   -7.053004e+00 4.699982e+00 4.161801e+01
    endloop
  endfacet
  facet normal -7.071068e-01 7.850471e-17 7.071068e-01
    outer loop
      vertex   -7.053004e+00 4.699982e+00 4.161801e+01
      vertex   -7.318006e+00 -3.300009e+00 4.135301e+01
      vertex   -7.053004e+00 -3.300009e+00 4.161801e+01
    endloop
  endfacet
  facet normal -8.191520e-01 9.094425e-17 5.735764e-01
    outer loop
      vertex   -7.053004e+00 4.699982e+00 4.161801e+01
      vertex   -7.053004e+00 -3.300009e+00 4.161801e+01
      vertex   -6.838045e+00 4.699982e+00 4.192500e+01
    endloop
  endfacet
  facet normal -8.191520e-01 -9.094425e-17 5.735764e-01
    outer loop
      vertex   -6.838045e+00 4.699982e+00 4.192500e+01
      vertex   -7.053004e+00 -3.300009e+00 4.161801e+01
      vertex   -6.838045e+00 -3.300009e+00 4.192500e+01
    endloop
  endfacet
  facet normal -9.063078e-01 -1.006205e-16 4.226183e-01
    outer loop
      vertex   -6.838045e+00 4.699982e+00 4.192500e+01
      vertex   -6.838045e+00 -3.300009e+00 4.192500e+01
      vertex   -6.679661e+00 4.699982e+00 4.226466e+01
    endloop
  endfacet
  facet normal -9.063078e-01 3.753608e-16 4.226183e-01
    outer loop
      vertex   -6.679661e+00 4.699982e+00 4.226466e+01
      vertex   -6.838045e+00 -3.300009e+00 4.192500e+01
      vertex   -6.679661e+00 -3.300009e+00 4.226466e+01
    endloop
  endfacet
  facet normal -9.659258e-01 2.298777e-16 2.588190e-01
    outer loop
      vertex   -6.679661e+00 4.699982e+00 4.226466e+01
      vertex   -6.679661e+00 -3.300009e+00 4.226466e+01
      vertex   -6.582663e+00 4.699982e+00 4.262666e+01
    endloop
  endfacet
  facet normal -9.659258e-01 2.144789e-16 2.588190e-01
    outer loop
      vertex   -6.582663e+00 4.699982e+00 4.262666e+01
      vertex   -6.679661e+00 -3.300009e+00 4.226466e+01
      vertex   -6.582663e+00 -3.300009e+00 4.262666e+01
    endloop
  endfacet
  facet normal 9.961947e-01 -7.740994e-17 8.715574e-02
    outer loop
      vertex   1.018266e+01 -1.130000e+01 4.262666e+01
      vertex   1.018266e+01 -3.300009e+00 4.262666e+01
      vertex   1.015000e+01 -1.130000e+01 4.300000e+01
    endloop
  endfacet
  facet normal 9.961947e-01 -0.000000e+00 8.715574e-02
    outer loop
      vertex   1.015000e+01 -1.130000e+01 4.300000e+01
      vertex   1.018266e+01 -3.300009e+00 4.262666e+01
      vertex   1.015000e+01 -3.300009e+00 4.300000e+01
    endloop
  endfacet
  facet normal 9.961947e-01 0.000000e+00 -8.715574e-02
    outer loop
      vertex   1.015000e+01 -1.130000e+01 4.300000e+01
      vertex   1.015000e+01 -3.300009e+00 4.300000e+01
      vertex   1.018266e+01 -1.130000e+01 4.337335e+01
    endloop
  endfacet
  facet normal 9.961947e-01 -2.211999e-16 -8.715574e-02
    outer loop
      vertex   1.018266e+01 -1.130000e+01 4.337335e+01
      vertex   1.015000e+01 -3.300009e+00 4.300000e+01
      vertex   1.018266e+01 -3.300009e+00 4.337335e+01
    endloop
  endfacet
  facet normal 9.659258e-01 -2.144789e-16 -2.588190e-01
    outer loop
      vertex   1.018266e+01 -1.130000e+01 4.337335e+01
      vertex   1.018266e+01 -3.300009e+00 4.337335e+01
      vertex   1.027966e+01 -1.130000e+01 4.373535e+01
    endloop
  endfacet
  facet normal 9.659258e-01 -4.597555e-16 -2.588190e-01
    outer loop
      vertex   1.027966e+01 -1.130000e+01 4.373535e+01
      vertex   1.018266e+01 -3.300009e+00 4.337335e+01
      vertex   1.027966e+01 -3.300009e+00 4.373535e+01
    endloop
  endfacet
  facet normal 9.063078e-01 -7.507217e-16 -4.226183e-01
    outer loop
      vertex   1.027966e+01 -1.130000e+01 4.373535e+01
      vertex   1.027966e+01 -3.300009e+00 4.373535e+01
      vertex   1.043805e+01 -1.130000e+01 4.407500e+01
    endloop
  endfacet
  facet normal 9.063078e-01 0.000000e+00 -4.226183e-01
    outer loop
      vertex   1.043805e+01 -1.130000e+01 4.407500e+01
      vertex   1.027966e+01 -3.300009e+00 4.373535e+01
      vertex   1.043805e+01 -3.300009e+00 4.407500e+01
    endloop
  endfacet
  facet normal 8.191520e-01 0.000000e+00 -5.735764e-01
    outer loop
      vertex   1.043805e+01 -1.130000e+01 4.407500e+01
      vertex   1.043805e+01 -3.300009e+00 4.407500e+01
      vertex   1.065300e+01 -1.130000e+01 4.438200e+01
    endloop
  endfacet
  facet normal 8.191520e-01 0.000000e+00 -5.735764e-01
    outer loop
      vertex   1.065300e+01 -1.130000e+01 4.438200e+01
      vertex   1.043805e+01 -3.300009e+00 4.407500e+01
      vertex   1.065300e+01 -3.300009e+00 4.438200e+01
    endloop
  endfacet
  facet normal 7.071068e-01 0.000000e+00 -7.071068e-01
    outer loop
      vertex   1.065300e+01 -1.130000e+01 4.438200e+01
      vertex   1.065300e+01 -3.300009e+00 4.438200e+01
      vertex   1.091801e+01 -1.130000e+01 4.464700e+01
    endloop
  endfacet
  facet normal 7.071068e-01 1.570094e-16 -7.071068e-01
    outer loop
      vertex   1.091801e+01 -1.130000e+01 4.464700e+01
      vertex   1.065300e+01 -3.300009e+00 4.438200e+01
      vertex   1.091801e+01 -3.300009e+00 4.464700e+01
    endloop
  endfacet
  facet normal 5.735764e-01 1.273597e-16 -8.191520e-01
    outer loop
      vertex   1.091801e+01 -1.130000e+01 4.464700e+01
      vertex   1.091801e+01 -3.300009e+00 4.464700e+01
      vertex   1.122500e+01 -1.130000e+01 4.486196e+01
    endloop
  endfacet
  facet normal 5.735764e-01 0.000000e+00 -8.191520e-01
    outer loop
      vertex   1.122500e+01 -1.130000e+01 4.486196e+01
      vertex   1.091801e+01 -3.300009e+00 4.464700e+01
      vertex   1.122500e+01 -3.300009e+00 4.486196e+01
    endloop
  endfacet
  facet normal 4.226183e-01 0.000000e+00 -9.063078e-01
    outer loop
      vertex   1.122500e+01 -1.130000e+01 4.486196e+01
      vertex   1.122500e+01 -3.300009e+00 4.486196e+01
      vertex   1.156466e+01 -1.130000e+01 4.502034e+01
    endloop
  endfacet
  facet normal 4.226183e-01 0.000000e+00 -9.063078e-01
    outer loop
      vertex   1.156466e+01 -1.130000e+01 4.502034e+01
      vertex   1.122500e+01 -3.300009e+00 4.486196e+01
      vertex   1.156466e+01 -3.300009e+00 4.502034e+01
    endloop
  endfacet
  facet normal 2.588190e-01 0.000000e+00 -9.659258e-01
    outer loop
      vertex   1.156466e+01 -1.130000e+01 4.502034e+01
      vertex   1.156466e+01 -3.300009e+00 4.502034e+01
      vertex   1.192666e+01 -1.130000e+01 4.511734e+01
    endloop
  endfacet
  facet normal 2.588190e-01 0.000000e+00 -9.659258e-01
    outer loop
      vertex   1.192666e+01 -1.130000e+01 4.511734e+01
      vertex   1.156466e+01 -3.300009e+00 4.502034e+01
      vertex   1.192666e+01 -3.300009e+00 4.511734e+01
    endloop
  endfacet
  facet normal 8.715574e-02 0.000000e+00 -9.961947e-01
    outer loop
      vertex   1.192666e+01 -1.130000e+01 4.511734e+01
      vertex   1.192666e+01 -3.300009e+00 4.511734e+01
      vertex   1.230000e+01 -1.130000e+01 4.515000e+01
    endloop
  endfacet
  facet normal 8.715574e-02 0.000000e+00 -9.961947e-01
    outer loop
      vertex   1.230000e+01 -1.130000e+01 4.515000e+01
      vertex   1.192666e+01 -3.300009e+00 4.511734e+01
      vertex   1.230000e+01 -3.300009e+00 4.515000e+01
    endloop
  endfacet
  facet normal -8.715574e-02 0.000000e+00 -9.961947e-01
    outer loop
      vertex   1.230000e+01 -1.130000e+01 4.515000e+01
      vertex   1.230000e+01 -3.300009e+00 4.515000e+01
      vertex   1.267334e+01 -1.130000e+01 4.511734e+01
    endloop
  endfacet
  facet normal -8.715574e-02 0.000000e+00 -9.961947e-01
    outer loop
      vertex   1.267334e+01 -1.130000e+01 4.511734e+01
      vertex   1.230000e+01 -3.300009e+00 4.515000e+01
      vertex   1.267334e+01 -3.300009e+00 4.511734e+01
    endloop
  endfacet
  facet normal -2.588190e-01 0.000000e+00 -9.659258e-01
    outer loop
      vertex   1.267334e+01 -1.130000e+01 4.511734e+01
      vertex   1.267334e+01 -3.300009e+00 4.511734e+01
      vertex   1.303534e+01 -1.130000e+01 4.502034e+01
    endloop
  endfacet
  facet normal -2.588190e-01 0.000000e+00 -9.659258e-01
    outer loop
      vertex   1.303534e+01 -1.130000e+01 4.502034e+01
      vertex   1.267334e+01 -3.300009e+00 4.511734e+01
      vertex   1.303534e+01 -3.300009e+00 4.502034e+01
    endloop
  endfacet
  facet normal -4.226183e-01 0.000000e+00 -9.063078e-01
    outer loop
      vertex   1.303534e+01 -1.130000e+01 4.502034e+01
      vertex   1.303534e+01 -3.300009e+00 4.502034e+01
      vertex   1.337500e+01 -1.130000e+01 4.486196e+01
    endloop
  endfacet
  facet normal -4.226183e-01 0.000000e+00 -9.063078e-01
    outer loop
      vertex   1.337500e+01 -1.130000e+01 4.486196e+01
      vertex   1.303534e+01 -3.300009e+00 4.502034e+01
      vertex   1.337500e+01 -3.300009e+00 4.486196e+01
    endloop
  endfacet
  facet normal -5.735764e-01 0.000000e+00 -8.191520e-01
    outer loop
      vertex   1.337500e+01 -1.130000e+01 4.486196e+01
      vertex   1.337500e+01 -3.300009e+00 4.486196e+01
      vertex   1.368199e+01 -1.130000e+01 4.464700e+01
    endloop
  endfacet
  facet normal -5.735764e-01 0.000000e+00 -8.191520e-01
    outer loop
      vertex   1.368199e+01 -1.130000e+01 4.464700e+01
      vertex   1.337500e+01 -3.300009e+00 4.486196e+01
      vertex   1.368199e+01 -3.300009e+00 4.464700e+01
    endloop
  endfacet
  facet normal -7.071068e-01 0.000000e+00 -7.071068e-01
    outer loop
      vertex   1.368199e+01 -1.130000e+01 4.464700e+01
      vertex   1.368199e+01 -3.300009e+00 4.464700e+01
      vertex   1.394700e+01 -1.130000e+01 4.438200e+01
    endloop
  endfacet
  facet normal -7.071068e-01 -1.570094e-16 -7.071068e-01
    outer loop
      vertex   1.394700e+01 -1.130000e+01 4.438200e+01
      vertex   1.368199e+01 -3.300009e+00 4.464700e+01
      vertex   1.394700e+01 -3.300009e+00 4.438200e+01
    endloop
  endfacet
  facet normal -8.191520e-01 -1.818885e-16 -5.735764e-01
    outer loop
      vertex   1.394700e+01 -1.130000e+01 4.438200e+01
      vertex   1.394700e+01 -3.300009e+00 4.438200e+01
      vertex   1.416195e+01 -1.130000e+01 4.407500e+01
    endloop
  endfacet
  facet normal -8.191520e-01 1.818885e-16 -5.735764e-01
    outer loop
      vertex   1.416195e+01 -1.130000e+01 4.407500e+01
      vertex   1.394700e+01 -3.300009e+00 4.438200e+01
      vertex   1.416195e+01 -3.300009e+00 4.407500e+01
    endloop
  endfacet
  facet normal -9.063078e-01 2.012410e-16 -4.226183e-01
    outer loop
      vertex   1.416195e+01 -1.130000e+01 4.407500e+01
      vertex   1.416195e+01 -3.300009e+00 4.407500e+01
      vertex   1.432034e+01 -1.130000e+01 4.373535e+01
    endloop
  endfacet
  facet normal -9.063078e-01 2.012410e-16 -4.226183e-01
    outer loop
      vertex   1.432034e+01 -1.130000e+01 4.373535e+01
      vertex   1.416195e+01 -3.300009e+00 4.407500e+01
      vertex   1.432034e+01 -3.300009e+00 4.373535e+01
    endloop
  endfacet
  facet normal -9.659258e-01 2.144789e-16 -2.588190e-01
    outer loop
      vertex   1.432034e+01 -1.130000e+01 4.373535e+01
      vertex   1.432034e+01 -3.300009e+00 4.373535e+01
      vertex   1.441734e+01 -1.130000e+01 4.337335e+01
    endloop
  endfacet
  facet normal -9.659258e-01 4.597555e-16 -2.588190e-01
    outer loop
      vertex   1.441734e+01 -1.130000e+01 4.337335e+01
      vertex   1.432034e+01 -3.300009e+00 4.373535e+01
      vertex   1.441734e+01 -3.300009e+00 4.337335e+01
    endloop
  endfacet
  facet normal -9.961947e-01 1.548199e-16 -8.715574e-02
    outer loop
      vertex   1.441734e+01 -1.130000e+01 4.337335e+01
      vertex   1.441734e+01 -3.300009e+00 4.337335e+01
      vertex   1.445000e+01 -1.130000e+01 4.300000e+01
    endloop
  endfacet
  facet normal -9.961947e-01 0.000000e+00 -8.715574e-02
    outer loop
      vertex   1.445000e+01 -1.130000e+01 4.300000e+01
      vertex   1.441734e+01 -3.300009e+00 4.337335e+01
      vertex   1.445000e+01 -3.300009e+00 4.300000e+01
    endloop
  endfacet
  facet normal -9.961947e-01 0.000000e+00 8.715574e-02
    outer loop
      vertex   1.445000e+01 -1.130000e+01 4.300000e+01
      vertex   1.445000e+01 -3.300009e+00 4.300000e+01
      vertex   1.441734e+01 -1.130000e+01 4.262666e+01
    endloop
  endfacet
  facet normal -9.961947e-01 -2.211999e-16 8.715574e-02
    outer loop
      vertex   1.441734e+01 -1.130000e+01 4.262666e+01
      vertex   1.445000e+01 -3.300009e+00 4.300000e+01
      vertex   1.441734e+01 -3.300009e+00 4.262666e+01
    endloop
  endfacet
  facet normal -9.659258e-01 -2.144789e-16 2.588190e-01
    outer loop
      vertex   1.441734e+01 -1.130000e+01 4.262666e+01
      vertex   1.441734e+01 -3.300009e+00 4.262666e+01
      vertex   1.432034e+01 -1.130000e+01 4.226466e+01
    endloop
  endfacet
  facet normal -9.659258e-01 0.000000e+00 2.588190e-01
    outer loop
      vertex   1.432034e+01 -1.130000e+01 4.226466e+01
      vertex   1.441734e+01 -3.300009e+00 4.262666e+01
      vertex   1.432034e+01 -3.300009e+00 4.226466e+01
    endloop
  endfacet
  facet normal -9.063078e-01 0.000000e+00 4.226183e-01
    outer loop
      vertex   1.432034e+01 -1.130000e+01 4.226466e+01
      vertex   1.432034e+01 -3.300009e+00 4.226466e+01
      vertex   1.416195e+01 -1.130000e+01 4.192500e+01
    endloop
  endfacet
  facet normal -9.063078e-01 2.012410e-16 4.226183e-01
    outer loop
      vertex   1.416195e+01 -1.130000e+01 4.192500e+01
      vertex   1.432034e+01 -3.300009e+00 4.226466e+01
      vertex   1.416195e+01 -3.300009e+00 4.192500e+01
    endloop
  endfacet
  facet normal -8.191520e-01 1.818885e-16 5.735764e-01
    outer loop
      vertex   1.416195e+01 -1.130000e+01 4.192500e+01
      vertex   1.416195e+01 -3.300009e+00 4.192500e+01
      vertex   1.394700e+01 -1.130000e+01 4.161801e+01
    endloop
  endfacet
  facet normal -8.191520e-01 -1.818885e-16 5.735764e-01
    outer loop
      vertex   1.394700e+01 -1.130000e+01 4.161801e+01
      vertex   1.416195e+01 -3.300009e+00 4.192500e+01
      vertex   1.394700e+01 -3.300009e+00 4.161801e+01
    endloop
  endfacet
  facet normal -7.071068e-01 -1.570094e-16 7.071068e-01
    outer loop
      vertex   1.394700e+01 -1.130000e+01 4.161801e+01
      vertex   1.394700e+01 -3.300009e+00 4.161801e+01
      vertex   1.368199e+01 -1.130000e+01 4.135301e+01
    endloop
  endfacet
  facet normal -7.071068e-01 0.000000e+00 7.071068e-01
    outer loop
      vertex   1.368199e+01 -1.130000e+01 4.135301e+01
      vertex   1.394700e+01 -3.300009e+00 4.161801e+01
      vertex   1.368199e+01 -3.300009e+00 4.135301e+01
    endloop
  endfacet
  facet normal -5.735764e-01 0.000000e+00 8.191520e-01
    outer loop
      vertex   1.368199e+01 -1.130000e+01 4.135301e+01
      vertex   1.368199e+01 -3.300009e+00 4.135301e+01
      vertex   1.337500e+01 -1.130000e+01 4.113805e+01
    endloop
  endfacet
  facet normal -5.735764e-01 0.000000e+00 8.191520e-01
    outer loop
      vertex   1.337500e+01 -1.130000e+01 4.113805e+01
      vertex   1.368199e+01 -3.300009e+00 4.135301e+01
      vertex   1.337500e+01 -3.300009e+00 4.113805e+01
    endloop
  endfacet
  facet normal -4.226183e-01 0.000000e+00 9.063078e-01
    outer loop
      vertex   1.337500e+01 -1.130000e+01 4.113805e+01
      vertex   1.337500e+01 -3.300009e+00 4.113805e+01
      vertex   1.303534e+01 -1.130000e+01 4.097966e+01
    endloop
  endfacet
  facet normal -4.226183e-01 -1.876804e-16 9.063078e-01
    outer loop
      vertex   1.303534e+01 -1.130000e+01 4.097966e+01
      vertex   1.337500e+01 -3.300009e+00 4.113805e+01
      vertex   1.303534e+01 -3.300009e+00 4.097966e+01
    endloop
  endfacet
  facet normal -2.588190e-01 -1.149389e-16 9.659258e-01
    outer loop
      vertex   1.303534e+01 -1.130000e+01 4.097966e+01
      vertex   1.303534e+01 -3.300009e+00 4.097966e+01
      vertex   1.267334e+01 -1.130000e+01 4.088267e+01
    endloop
  endfacet
  facet normal -2.588190e-01 0.000000e+00 9.659258e-01
    outer loop
      vertex   1.267334e+01 -1.130000e+01 4.088267e+01
      vertex   1.303534e+01 -3.300009e+00 4.097966e+01
      vertex   1.267334e+01 -3.300009e+00 4.088267e+01
    endloop
  endfacet
  facet normal -8.715574e-02 0.000000e+00 9.961947e-01
    outer loop
      vertex   1.267334e+01 -1.130000e+01 4.088267e+01
      vertex   1.267334e+01 -3.300009e+00 4.088267e+01
      vertex   1.230000e+01 -1.130000e+01 4.085000e+01
    endloop
  endfacet
  facet normal -8.715574e-02 0.000000e+00 9.961947e-01
    outer loop
      vertex   1.230000e+01 -1.130000e+01 4.085000e+01
      vertex   1.267334e+01 -3.300009e+00 4.088267e+01
      vertex   1.230000e+01 -3.300009e+00 4.085000e+01
    endloop
  endfacet
  facet normal 8.715574e-02 -0.000000e+00 9.961947e-01
    outer loop
      vertex   1.230000e+01 -1.130000e+01 4.085000e+01
      vertex   1.230000e+01 -3.300009e+00 4.085000e+01
      vertex   1.192666e+01 -1.130000e+01 4.088267e+01
    endloop
  endfacet
  facet normal 8.715574e-02 -0.000000e+00 9.961947e-01
    outer loop
      vertex   1.192666e+01 -1.130000e+01 4.088267e+01
      vertex   1.230000e+01 -3.300009e+00 4.085000e+01
      vertex   1.192666e+01 -3.300009e+00 4.088267e+01
    endloop
  endfacet
  facet normal 2.588190e-01 -0.000000e+00 9.659258e-01
    outer loop
      vertex   1.192666e+01 -1.130000e+01 4.088267e+01
      vertex   1.192666e+01 -3.300009e+00 4.088267e+01
      vertex   1.156466e+01 -1.130000e+01 4.097966e+01
    endloop
  endfacet
  facet normal 2.588190e-01 -0.000000e+00 9.659258e-01
    outer loop
      vertex   1.156466e+01 -1.130000e+01 4.097966e+01
      vertex   1.192666e+01 -3.300009e+00 4.088267e+01
      vertex   1.156466e+01 -3.300009e+00 4.097966e+01
    endloop
  endfacet
  facet normal 4.226183e-01 -0.000000e+00 9.063078e-01
    outer loop
      vertex   1.156466e+01 -1.130000e+01 4.097966e+01
      vertex   1.156466e+01 -3.300009e+00 4.097966e+01
      vertex   1.122500e+01 -1.130000e+01 4.113805e+01
    endloop
  endfacet
  facet normal 4.226183e-01 -0.000000e+00 9.063078e-01
    outer loop
      vertex   1.122500e+01 -1.130000e+01 4.113805e+01
      vertex   1.156466e+01 -3.300009e+00 4.097966e+01
      vertex   1.122500e+01 -3.300009e+00 4.113805e+01
    endloop
  endfacet
  facet normal 5.735764e-01 -0.000000e+00 8.191520e-01
    outer loop
      vertex   1.122500e+01 -1.130000e+01 4.113805e+01
      vertex   1.122500e+01 -3.300009e+00 4.113805e+01
      vertex   1.091801e+01 -1.130000e+01 4.135301e+01
    endloop
  endfacet
  facet normal 5.735764e-01 1.273597e-16 8.191520e-01
    outer loop
      vertex   1.091801e+01 -1.130000e+01 4.135301e+01
      vertex   1.122500e+01 -3.300009e+00 4.113805e+01
      vertex   1.091801e+01 -3.300009e+00 4.135301e+01
    endloop
  endfacet
  facet normal 7.071068e-01 1.570094e-16 7.071068e-01
    outer loop
      vertex   1.091801e+01 -1.130000e+01 4.135301e+01
      vertex   1.091801e+01 -3.300009e+00 4.135301e+01
      vertex   1.065300e+01 -1.130000e+01 4.161801e+01
    endloop
  endfacet
  facet normal 7.071068e-01 -1.570094e-16 7.071068e-01
    outer loop
      vertex   1.065300e+01 -1.130000e+01 4.161801e+01
      vertex   1.091801e+01 -3.300009e+00 4.135301e+01
      vertex   1.065300e+01 -3.300009e+00 4.161801e+01
    endloop
  endfacet
  facet normal 8.191520e-01 -1.818885e-16 5.735764e-01
    outer loop
      vertex   1.065300e+01 -1.130000e+01 4.161801e+01
      vertex   1.065300e+01 -3.300009e+00 4.161801e+01
      vertex   1.043805e+01 -1.130000e+01 4.192500e+01
    endloop
  endfacet
  facet normal 8.191520e-01 -0.000000e+00 5.735764e-01
    outer loop
      vertex   1.043805e+01 -1.130000e+01 4.192500e+01
      vertex   1.065300e+01 -3.300009e+00 4.161801e+01
      vertex   1.043805e+01 -3.300009e+00 4.192500e+01
    endloop
  endfacet
  facet normal 9.063078e-01 -0.000000e+00 4.226183e-01
    outer loop
      vertex   1.043805e+01 -1.130000e+01 4.192500e+01
      vertex   1.043805e+01 -3.300009e+00 4.192500e+01
      vertex   1.027966e+01 -1.130000e+01 4.226466e+01
    endloop
  endfacet
  facet normal 9.063078e-01 2.012410e-16 4.226183e-01
    outer loop
      vertex   1.027966e+01 -1.130000e+01 4.226466e+01
      vertex   1.043805e+01 -3.300009e+00 4.192500e+01
      vertex   1.027966e+01 -3.300009e+00 4.226466e+01
    endloop
  endfacet
  facet normal 9.659258e-01 2.144789e-16 2.588190e-01
    outer loop
      vertex   1.027966e+01 -1.130000e+01 4.226466e+01
      vertex   1.027966e+01 -3.300009e+00 4.226466e+01
      vertex   1.018266e+01 -1.130000e+01 4.262666e+01
    endloop
  endfacet
  facet normal 9.659258e-01 -2.298777e-16 2.588190e-01
    outer loop
      vertex   1.018266e+01 -1.130000e+01 4.262666e+01
      vertex   1.027966e+01 -3.300009e+00 4.226466e+01
      vertex   1.018266e+01 -3.300009e+00 4.262666e+01
    endloop
  endfacet
  facet normal -9.961947e-01 2.211999e-16 8.715574e-02
    outer loop
      vertex   1.441734e+01 4.699982e+00 4.262666e+01
      vertex   1.441734e+01 -3.300009e+00 4.262666e+01
      vertex   1.445000e+01 4.699982e+00 4.300000e+01
    endloop
  endfacet
  facet normal -9.961947e-01 0.000000e+00 8.715574e-02
    outer loop
      vertex   1.445000e+01 4.699982e+00 4.300000e+01
      vertex   1.441734e+01 -3.300009e+00 4.262666e+01
      vertex   1.445000e+01 -3.300009e+00 4.300000e+01
    endloop
  endfacet
  facet normal -9.961947e-01 -0.000000e+00 -8.715574e-02
    outer loop
      vertex   1.445000e+01 4.699982e+00 4.300000e+01
      vertex   1.445000e+01 -3.300009e+00 4.300000e+01
      vertex   1.441734e+01 4.699982e+00 4.337335e+01
    endloop
  endfacet
  facet normal -9.961947e-01 -0.000000e+00 -8.715574e-02
    outer loop
      vertex   1.441734e+01 4.699982e+00 4.337335e+01
      vertex   1.445000e+01 -3.300009e+00 4.300000e+01
      vertex   1.441734e+01 -3.300009e+00 4.337335e+01
    endloop
  endfacet
  facet normal -9.659258e-01 -0.000000e+00 -2.588190e-01
    outer loop
      vertex   1.441734e+01 4.699982e+00 4.337335e+01
      vertex   1.441734e+01 -3.300009e+00 4.337335e+01
      vertex   1.432034e+01 4.699982e+00 4.373535e+01
    endloop
  endfacet
  facet normal -9.659258e-01 -2.144789e-16 -2.588190e-01
    outer loop
      vertex   1.432034e+01 4.699982e+00 4.373535e+01
      vertex   1.441734e+01 -3.300009e+00 4.337335e+01
      vertex   1.432034e+01 -3.300009e+00 4.373535e+01
    endloop
  endfacet
  facet normal -9.063078e-01 -2.012410e-16 -4.226183e-01
    outer loop
      vertex   1.432034e+01 4.699982e+00 4.373535e+01
      vertex   1.432034e+01 -3.300009e+00 4.373535e+01
      vertex   1.416195e+01 4.699982e+00 4.407500e+01
    endloop
  endfacet
  facet normal -9.063078e-01 -2.012410e-16 -4.226183e-01
    outer loop
      vertex   1.416195e+01 4.699982e+00 4.407500e+01
      vertex   1.432034e+01 -3.300009e+00 4.373535e+01
      vertex   1.416195e+01 -3.300009e+00 4.407500e+01
    endloop
  endfacet
  facet normal -8.191520e-01 -1.818885e-16 -5.735764e-01
    outer loop
      vertex   1.416195e+01 4.699982e+00 4.407500e+01
      vertex   1.416195e+01 -3.300009e+00 4.407500e+01
      vertex   1.394700e+01 4.699982e+00 4.438200e+01
    endloop
  endfacet
  facet normal -8.191520e-01 1.818885e-16 -5.735764e-01
    outer loop
      vertex   1.394700e+01 4.699982e+00 4.438200e+01
      vertex   1.416195e+01 -3.300009e+00 4.407500e+01
      vertex   1.394700e+01 -3.300009e+00 4.438200e+01
    endloop
  endfacet
  facet normal -7.071068e-01 1.570094e-16 -7.071068e-01
    outer loop
      vertex   1.394700e+01 4.699982e+00 4.438200e+01
      vertex   1.394700e+01 -3.300009e+00 4.438200e+01
      vertex   1.368199e+01 4.699982e+00 4.464700e+01
    endloop
  endfacet
  facet normal -7.071068e-01 -0.000000e+00 -7.071068e-01
    outer loop
      vertex   1.368199e+01 4.699982e+00 4.464700e+01
      vertex   1.394700e+01 -3.300009e+00 4.438200e+01
      vertex   1.368199e+01 -3.300009e+00 4.464700e+01
    endloop
  endfacet
  facet normal -5.735764e-01 -0.000000e+00 -8.191520e-01
    outer loop
      vertex   1.368199e+01 4.699982e+00 4.464700e+01
      vertex   1.368199e+01 -3.300009e+00 4.464700e+01
      vertex   1.337500e+01 4.699982e+00 4.486196e+01
    endloop
  endfacet
  facet normal -5.735764e-01 -0.000000e+00 -8.191520e-01
    outer loop
      vertex   1.337500e+01 4.699982e+00 4.486196e+01
      vertex   1.368199e+01 -3.300009e+00 4.464700e+01
      vertex   1.337500e+01 -3.300009e+00 4.486196e+01
    endloop
  endfacet
  facet normal -4.226183e-01 -0.000000e+00 -9.063078e-01
    outer loop
      vertex   1.337500e+01 4.699982e+00 4.486196e+01
      vertex   1.337500e+01 -3.300009e+00 4.486196e+01
      vertex   1.303534e+01 4.699982e+00 4.502034e+01
    endloop
  endfacet
  facet normal -4.226183e-01 -0.000000e+00 -9.063078e-01
    outer loop
      vertex   1.303534e+01 4.699982e+00 4.502034e+01
      vertex   1.337500e+01 -3.300009e+00 4.486196e+01
      vertex   1.303534e+01 -3.300009e+00 4.502034e+01
    endloop
  endfacet
  facet normal -2.588190e-01 -0.000000e+00 -9.659258e-01
    outer loop
      vertex   1.303534e+01 4.699982e+00 4.502034e+01
      vertex   1.303534e+01 -3.300009e+00 4.502034e+01
      vertex   1.267334e+01 4.699982e+00 4.511734e+01
    endloop
  endfacet
  facet normal -2.588190e-01 -0.000000e+00 -9.659258e-01
    outer loop
      vertex   1.267334e+01 4.699982e+00 4.511734e+01
      vertex   1.303534e+01 -3.300009e+00 4.502034e+01
      vertex   1.267334e+01 -3.300009e+00 4.511734e+01
    endloop
  endfacet
  facet normal -8.715574e-02 -0.000000e+00 -9.961947e-01
    outer loop
      vertex   1.267334e+01 4.699982e+00 4.511734e+01
      vertex   1.267334e+01 -3.300009e+00 4.511734e+01
      vertex   1.230000e+01 4.699982e+00 4.515000e+01
    endloop
  endfacet
  facet normal -8.715574e-02 -0.000000e+00 -9.961947e-01
    outer loop
      vertex   1.230000e+01 4.699982e+00 4.515000e+01
      vertex   1.267334e+01 -3.300009e+00 4.511734e+01
      vertex   1.230000e+01 -3.300009e+00 4.515000e+01
    endloop
  endfacet
  facet normal 8.715574e-02 0.000000e+00 -9.961947e-01
    outer loop
      vertex   1.230000e+01 4.699982e+00 4.515000e+01
      vertex   1.230000e+01 -3.300009e+00 4.515000e+01
      vertex   1.192666e+01 4.699982e+00 4.511734e+01
    endloop
  endfacet
  facet normal 8.715574e-02 0.000000e+00 -9.961947e-01
    outer loop
      vertex   1.192666e+01 4.699982e+00 4.511734e+01
      vertex   1.230000e+01 -3.300009e+00 4.515000e+01
      vertex   1.192666e+01 -3.300009e+00 4.511734e+01
    endloop
  endfacet
  facet normal 2.588190e-01 0.000000e+00 -9.659258e-01
    outer loop
      vertex   1.192666e+01 4.699982e+00 4.511734e+01
      vertex   1.192666e+01 -3.300009e+00 4.511734e+01
      vertex   1.156466e+01 4.699982e+00 4.502034e+01
    endloop
  endfacet
  facet normal 2.588190e-01 1.149389e-16 -9.659258e-01
    outer loop
      vertex   1.156466e+01 4.699982e+00 4.502034e+01
      vertex   1.192666e+01 -3.300009e+00 4.511734e+01
      vertex   1.156466e+01 -3.300009e+00 4.502034e+01
    endloop
  endfacet
  facet normal 4.226183e-01 1.876804e-16 -9.063078e-01
    outer loop
      vertex   1.156466e+01 4.699982e+00 4.502034e+01
      vertex   1.156466e+01 -3.300009e+00 4.502034e+01
      vertex   1.122500e+01 4.699982e+00 4.486196e+01
    endloop
  endfacet
  facet normal 4.226183e-01 0.000000e+00 -9.063078e-01
    outer loop
      vertex   1.122500e+01 4.699982e+00 4.486196e+01
      vertex   1.156466e+01 -3.300009e+00 4.502034e+01
      vertex   1.122500e+01 -3.300009e+00 4.486196e+01
    endloop
  endfacet
  facet normal 5.735764e-01 0.000000e+00 -8.191520e-01
    outer loop
      vertex   1.122500e+01 4.699982e+00 4.486196e+01
      vertex   1.122500e+01 -3.300009e+00 4.486196e+01
      vertex   1.091801e+01 4.699982e+00 4.464700e+01
    endloop
  endfacet
  facet normal 5.735764e-01 -1.273597e-16 -8.191520e-01
    outer loop
      vertex   1.091801e+01 4.699982e+00 4.464700e+01
      vertex   1.122500e+01 -3.300009e+00 4.486196e+01
      vertex   1.091801e+01 -3.300009e+00 4.464700e+01
    endloop
  endfacet
  facet normal 7.071068e-01 -1.570094e-16 -7.071068e-01
    outer loop
      vertex   1.091801e+01 4.699982e+00 4.464700e+01
      vertex   1.091801e+01 -3.300009e+00 4.464700e+01
      vertex   1.065300e+01 4.699982e+00 4.438200e+01
    endloop
  endfacet
  facet normal 7.071068e-01 1.570094e-16 -7.071068e-01
    outer loop
      vertex   1.065300e+01 4.699982e+00 4.438200e+01
      vertex   1.091801e+01 -3.300009e+00 4.464700e+01
      vertex   1.065300e+01 -3.300009e+00 4.438200e+01
    endloop
  endfacet
  facet normal 8.191520e-01 1.818885e-16 -5.735764e-01
    outer loop
      vertex   1.065300e+01 4.699982e+00 4.438200e+01
      vertex   1.065300e+01 -3.300009e+00 4.438200e+01
      vertex   1.043805e+01 4.699982e+00 4.407500e+01
    endloop
  endfacet
  facet normal 8.191520e-01 0.000000e+00 -5.735764e-01
    outer loop
      vertex   1.043805e+01 4.699982e+00 4.407500e+01
      vertex   1.065300e+01 -3.300009e+00 4.438200e+01
      vertex   1.043805e+01 -3.300009e+00 4.407500e+01
    endloop
  endfacet
  facet normal 9.063078e-01 0.000000e+00 -4.226183e-01
    outer loop
      vertex   1.043805e+01 4.699982e+00 4.407500e+01
      vertex   1.043805e+01 -3.300009e+00 4.407500e+01
      vertex   1.027966e+01 4.699982e+00 4.373535e+01
    endloop
  endfacet
  facet normal 9.063078e-01 0.000000e+00 -4.226183e-01
    outer loop
      vertex   1.027966e+01 4.699982e+00 4.373535e+01
      vertex   1.043805e+01 -3.300009e+00 4.407500e+01
      vertex   1.027966e+01 -3.300009e+00 4.373535e+01
    endloop
  endfacet
  facet normal 9.659258e-01 0.000000e+00 -2.588190e-01
    outer loop
      vertex   1.027966e+01 4.699982e+00 4.373535e+01
      vertex   1.027966e+01 -3.300009e+00 4.373535e+01
      vertex   1.018266e+01 4.699982e+00 4.337335e+01
    endloop
  endfacet
  facet normal 9.659258e-01 2.144789e-16 -2.588190e-01
    outer loop
      vertex   1.018266e+01 4.699982e+00 4.337335e+01
      vertex   1.027966e+01 -3.300009e+00 4.373535e+01
      vertex   1.018266e+01 -3.300009e+00 4.337335e+01
    endloop
  endfacet
  facet normal 9.961947e-01 2.211999e-16 -8.715574e-02
    outer loop
      vertex   1.018266e+01 4.699982e+00 4.337335e+01
      vertex   1.018266e+01 -3.300009e+00 4.337335e+01
      vertex   1.015000e+01 4.699982e+00 4.300000e+01
    endloop
  endfacet
  facet normal 9.961947e-01 0.000000e+00 -8.715574e-02
    outer loop
      vertex   1.015000e+01 4.699982e+00 4.300000e+01
      vertex   1.018266e+01 -3.300009e+00 4.337335e+01
      vertex   1.015000e+01 -3.300009e+00 4.300000e+01
    endloop
  endfacet
  facet normal 9.961947e-01 0.000000e+00 8.715574e-02
    outer loop
      vertex   1.015000e+01 4.699982e+00 4.300000e+01
      vertex   1.015000e+01 -3.300009e+00 4.300000e+01
      vertex   1.018266e+01 4.699982e+00 4.262666e+01
    endloop
  endfacet
  facet normal 9.961947e-01 0.000000e+00 8.715574e-02
    outer loop
      vertex   1.018266e+01 4.699982e+00 4.262666e+01
      vertex   1.015000e+01 -3.300009e+00 4.300000e+01
      vertex   1.018266e+01 -3.300009e+00 4.262666e+01
    endloop
  endfacet
  facet normal 9.659258e-01 0.000000e+00 2.588190e-01
    outer loop
      vertex   1.018266e+01 4.699982e+00 4.262666e+01
      vertex   1.018266e+01 -3.300009e+00 4.262666e+01
      vertex   1.027966e+01 4.699982e+00 4.226466e+01
    endloop
  endfacet
  facet normal 9.659258e-01 -2.144789e-16 2.588190e-01
    outer loop
      vertex   1.027966e+01 4.699982e+00 4.226466e+01
      vertex   1.018266e+01 -3.300009e+00 4.262666e+01
      vertex   1.027966e+01 -3.300009e+00 4.226466e+01
    endloop
  endfacet
  facet normal 9.063078e-01 -2.012410e-16 4.226183e-01
    outer loop
      vertex   1.027966e+01 4.699982e+00 4.226466e+01
      vertex   1.027966e+01 -3.300009e+00 4.226466e+01
      vertex   1.043805e+01 4.699982e+00 4.192500e+01
    endloop
  endfacet
  facet normal 9.063078e-01 0.000000e+00 4.226183e-01
    outer loop
      vertex   1.043805e+01 4.699982e+00 4.192500e+01
      vertex   1.027966e+01 -3.300009e+00 4.226466e+01
      vertex   1.043805e+01 -3.300009e+00 4.192500e+01
    endloop
  endfacet
  facet normal 8.191520e-01 0.000000e+00 5.735764e-01
    outer loop
      vertex   1.043805e+01 4.699982e+00 4.192500e+01
      vertex   1.043805e+01 -3.300009e+00 4.192500e+01
      vertex   1.065300e+01 4.699982e+00 4.161801e+01
    endloop
  endfacet
  facet normal 8.191520e-01 1.818885e-16 5.735764e-01
    outer loop
      vertex   1.065300e+01 4.699982e+00 4.161801e+01
      vertex   1.043805e+01 -3.300009e+00 4.192500e+01
      vertex   1.065300e+01 -3.300009e+00 4.161801e+01
    endloop
  endfacet
  facet normal 7.071068e-01 1.570094e-16 7.071068e-01
    outer loop
      vertex   1.065300e+01 4.699982e+00 4.161801e+01
      vertex   1.065300e+01 -3.300009e+00 4.161801e+01
      vertex   1.091801e+01 4.699982e+00 4.135301e+01
    endloop
  endfacet
  facet normal 7.071068e-01 -1.570094e-16 7.071068e-01
    outer loop
      vertex   1.091801e+01 4.699982e+00 4.135301e+01
      vertex   1.065300e+01 -3.300009e+00 4.161801e+01
      vertex   1.091801e+01 -3.300009e+00 4.135301e+01
    endloop
  endfacet
  facet normal 5.735764e-01 -1.273597e-16 8.191520e-01
    outer loop
      vertex   1.091801e+01 4.699982e+00 4.135301e+01
      vertex   1.091801e+01 -3.300009e+00 4.135301e+01
      vertex   1.122500e+01 4.699982e+00 4.113805e+01
    endloop
  endfacet
  facet normal 5.735764e-01 0.000000e+00 8.191520e-01
    outer loop
      vertex   1.122500e+01 4.699982e+00 4.113805e+01
      vertex   1.091801e+01 -3.300009e+00 4.135301e+01
      vertex   1.122500e+01 -3.300009e+00 4.113805e+01
    endloop
  endfacet
  facet normal 4.226183e-01 0.000000e+00 9.063078e-01
    outer loop
      vertex   1.122500e+01 4.699982e+00 4.113805e+01
      vertex   1.122500e+01 -3.300009e+00 4.113805e+01
      vertex   1.156466e+01 4.699982e+00 4.097966e+01
    endloop
  endfacet
  facet normal 4.226183e-01 0.000000e+00 9.063078e-01
    outer loop
      vertex   1.156466e+01 4.699982e+00 4.097966e+01
      vertex   1.122500e+01 -3.300009e+00 4.113805e+01
      vertex   1.156466e+01 -3.300009e+00 4.097966e+01
    endloop
  endfacet
  facet normal 2.588190e-01 0.000000e+00 9.659258e-01
    outer loop
      vertex   1.156466e+01 4.699982e+00 4.097966e+01
      vertex   1.156466e+01 -3.300009e+00 4.097966e+01
      vertex   1.192666e+01 4.699982e+00 4.088267e+01
    endloop
  endfacet
  facet normal 2.588190e-01 0.000000e+00 9.659258e-01
    outer loop
      vertex   1.192666e+01 4.699982e+00 4.088267e+01
      vertex   1.156466e+01 -3.300009e+00 4.097966e+01
      vertex   1.192666e+01 -3.300009e+00 4.088267e+01
    endloop
  endfacet
  facet normal 8.715574e-02 0.000000e+00 9.961947e-01
    outer loop
      vertex   1.192666e+01 4.699982e+00 4.088267e+01
      vertex   1.192666e+01 -3.300009e+00 4.088267e+01
      vertex   1.230000e+01 4.699982e+00 4.085000e+01
    endloop
  endfacet
  facet normal 8.715574e-02 0.000000e+00 9.961947e-01
    outer loop
      vertex   1.230000e+01 4.699982e+00 4.085000e+01
      vertex   1.192666e+01 -3.300009e+00 4.088267e+01
      vertex   1.230000e+01 -3.300009e+00 4.085000e+01
    endloop
  endfacet
  facet normal -8.715574e-02 0.000000e+00 9.961947e-01
    outer loop
      vertex   1.230000e+01 4.699982e+00 4.085000e+01
      vertex   1.230000e+01 -3.300009e+00 4.085000e+01
      vertex   1.267334e+01 4.699982e+00 4.088267e+01
    endloop
  endfacet
  facet normal -8.715574e-02 0.000000e+00 9.961947e-01
    outer loop
      vertex   1.267334e+01 4.699982e+00 4.088267e+01
      vertex   1.230000e+01 -3.300009e+00 4.085000e+01
      vertex   1.267334e+01 -3.300009e+00 4.088267e+01
    endloop
  endfacet
  facet normal -2.588190e-01 0.000000e+00 9.659258e-01
    outer loop
      vertex   1.267334e+01 4.699982e+00 4.088267e+01
      vertex   1.267334e+01 -3.300009e+00 4.088267e+01
      vertex   1.303534e+01 4.699982e+00 4.097966e+01
    endloop
  endfacet
  facet normal -2.588190e-01 0.000000e+00 9.659258e-01
    outer loop
      vertex   1.303534e+01 4.699982e+00 4.097966e+01
      vertex   1.267334e+01 -3.300009e+00 4.088267e+01
      vertex   1.303534e+01 -3.300009e+00 4.097966e+01
    endloop
  endfacet
  facet normal -4.226183e-01 0.000000e+00 9.063078e-01
    outer loop
      vertex   1.303534e+01 4.699982e+00 4.097966e+01
      vertex   1.303534e+01 -3.300009e+00 4.097966e+01
      vertex   1.337500e+01 4.699982e+00 4.113805e+01
    endloop
  endfacet
  facet normal -4.226183e-01 0.000000e+00 9.063078e-01
    outer loop
      vertex   1.337500e+01 4.699982e+00 4.113805e+01
      vertex   1.303534e+01 -3.300009e+00 4.097966e+01
      vertex   1.337500e+01 -3.300009e+00 4.113805e+01
    endloop
  endfacet
  facet normal -5.735764e-01 0.000000e+00 8.191520e-01
    outer loop
      vertex   1.337500e+01 4.699982e+00 4.113805e+01
      vertex   1.337500e+01 -3.300009e+00 4.113805e+01
      vertex   1.368199e+01 4.699982e+00 4.135301e+01
    endloop
  endfacet
  facet normal -5.735764e-01 0.000000e+00 8.191520e-01
    outer loop
      vertex   1.368199e+01 4.699982e+00 4.135301e+01
      vertex   1.337500e+01 -3.300009e+00 4.113805e+01
      vertex   1.368199e+01 -3.300009e+00 4.135301e+01
    endloop
  endfacet
  facet normal -7.071068e-01 0.000000e+00 7.071068e-01
    outer loop
      vertex   1.368199e+01 4.699982e+00 4.135301e+01
      vertex   1.368199e+01 -3.300009e+00 4.135301e+01
      vertex   1.394700e+01 4.699982e+00 4.161801e+01
    endloop
  endfacet
  facet normal -7.071068e-01 1.570094e-16 7.071068e-01
    outer loop
      vertex   1.394700e+01 4.699982e+00 4.161801e+01
      vertex   1.368199e+01 -3.300009e+00 4.135301e+01
      vertex   1.394700e+01 -3.300009e+00 4.161801e+01
    endloop
  endfacet
  facet normal -8.191520e-01 1.818885e-16 5.735764e-01
    outer loop
      vertex   1.394700e+01 4.699982e+00 4.161801e+01
      vertex   1.394700e+01 -3.300009e+00 4.161801e+01
      vertex   1.416195e+01 4.699982e+00 4.192500e+01
    endloop
  endfacet
  facet normal -8.191520e-01 -1.818885e-16 5.735764e-01
    outer loop
      vertex   1.416195e+01 4.699982e+00 4.192500e+01
      vertex   1.394700e+01 -3.300009e+00 4.161801e+01
      vertex   1.416195e+01 -3.300009e+00 4.192500e+01
    endloop
  endfacet
  facet normal -9.063078e-01 -2.012410e-16 4.226183e-01
    outer loop
      vertex   1.416195e+01 4.699982e+00 4.192500e+01
      vertex   1.416195e+01 -3.300009e+00 4.192500e+01
      vertex   1.432034e+01 4.699982e+00 4.226466e+01
    endloop
  endfacet
  facet normal -9.063078e-01 3.753608e-16 4.226183e-01
    outer loop
      vertex   1.432034e+01 4.699982e+00 4.226466e+01
      vertex   1.416195e+01 -3.300009e+00 4.192500e+01
      vertex   1.432034e+01 -3.300009e+00 4.226466e+01
    endloop
  endfacet
  facet normal -9.659258e-01 2.298777e-16 2.588190e-01
    outer loop
      vertex   1.432034e+01 4.699982e+00 4.226466e+01
      vertex   1.432034e+01 -3.300009e+00 4.226466e+01
      vertex   1.441734e+01 4.699982e+00 4.262666e+01
    endloop
  endfacet
  facet normal -9.659258e-01 2.144789e-16 2.588190e-01
    outer loop
      vertex   1.441734e+01 4.699982e+00 4.262666e+01
      vertex   1.432034e+01 -3.300009e+00 4.226466e+01
      vertex   1.441734e+01 -3.300009e+00 4.262666e+01
    endloop
  endfacet
  facet normal -1.000000e+00 0.000000e+00 0.000000e+00
    outer loop
      vertex   -1.870000e+01 4.699982e+00 3.875000e+01
      vertex   -1.870000e+01 4.099982e+00 3.875000e+01
      vertex   -1.870000e+01 5.699982e+00 3.975000e+01
    endloop
  endfacet
  facet normal -1.000000e+00 -0.000000e+00 0.000000e+00
    outer loop
      vertex   -1.870000e+01 5.699982e+00 3.975000e+01
      vertex   -1.870000e+01 4.099982e+00 3.875000e+01
      vertex   -1.870000e+01 4.099982e+00 4.725000e+01
    endloop
  endfacet
  facet normal -1.000000e+00 0.000000e+00 0.000000e+00
    outer loop
      vertex   -1.870000e+01 5.699982e+00 3.975000e+01
      vertex   -1.870000e+01 4.099982e+00 4.725000e+01
      vertex   -1.870000e+01 5.699982e+00 4.625000e+01
    endloop
  endfacet
  facet normal -1.000000e+00 0.000000e+00 0.000000e+00
    outer loop
      vertex   -1.870000e+01 5.699982e+00 4.625000e+01
      vertex   -1.870000e+01 4.099982e+00 4.725000e+01
      vertex   -1.870000e+01 4.699982e+00 4.725000e+01
    endloop
  endfacet
  facet normal -1.000000e+00 5.173859e-16 0.000000e+00
    outer loop
      vertex   -1.870000e+01 4.099982e+00 3.360000e+01
      vertex   -1.870000e+01 -1.650000e+01 3.360000e+01
      vertex   -1.870000e+01 4.099982e+00 3.875000e+01
    endloop
  endfacet
  facet normal -1.000000e+00 5.173859e-16 0.000000e+00
    outer loop
      vertex   -1.870000e+01 4.099982e+00 3.875000e+01
      vertex   -1.870000e+01 -1.650000e+01 3.360000e+01
      vertex   -1.870000e+01 4.099982e+00 4.725000e+01
    endloop
  endfacet
  facet normal -1.000000e+00 5.173859e-16 -1.759906e-30
    outer loop
      vertex   -1.870000e+01 -1.650000e+01 3.360000e+01
      vertex   -1.870000e+01 -1.650000e+01 5.240000e+01
      vertex   -1.870000e+01 4.099982e+00 4.725000e+01
    endloop
  endfacet
  facet normal -1.000000e+00 5.173859e-16 0.000000e+00
    outer loop
      vertex   -1.870000e+01 4.099982e+00 4.725000e+01
      vertex   -1.870000e+01 -1.650000e+01 5.240000e+01
      vertex   -1.870000e+01 4.099982e+00 5.240000e+01
    endloop
  endfacet
  facet normal 0.000000e+00 0.000000e+00 -1.000000e+00
    outer loop
      vertex   1.130000e+01 -2.019121e+01 3.900000e+01
      vertex   1.986543e+01 -1.745535e+01 3.900000e+01
      vertex   1.630000e+01 -2.019121e+01 3.900000e+01
    endloop
  endfacet
  facet normal 0.000000e+00 0.000000e+00 -1.000000e+00
    outer loop
      vertex   1.630000e+01 -2.019121e+01 3.900000e+01
      vertex   1.986543e+01 -1.745535e+01 3.900000e+01
      vertex   1.971023e+01 -1.791256e+01 3.900000e+01
    endloop
  endfacet
  facet normal 0.000000e+00 0.000000e+00 -1.000000e+00
    outer loop
      vertex   1.630000e+01 -2.019121e+01 3.900000e+01
      vertex   1.971023e+01 -1.791256e+01 3.900000e+01
      vertex   1.949668e+01 -1.834560e+01 3.900000e+01
    endloop
  endfacet
  facet normal 0.000000e+00 0.000000e+00 -1.000000e+00
    outer loop
      vertex   1.081820e+01 -2.015963e+01 3.900000e+01
      vertex   1.034465e+01 -2.006543e+01 3.900000e+01
      vertex   1.130000e+01 -2.019121e+01 3.900000e+01
    endloop
  endfacet
  facet normal 0.000000e+00 0.000000e+00 -1.000000e+00
    outer loop
      vertex   1.130000e+01 -2.019121e+01 3.900000e+01
      vertex   1.034465e+01 -2.006543e+01 3.900000e+01
      vertex   9.887437e+00 -1.991023e+01 3.900000e+01
    endloop
  endfacet
  facet normal 0.000000e+00 0.000000e+00 -1.000000e+00
    outer loop
      vertex   1.130000e+01 -2.019121e+01 3.900000e+01
      vertex   9.887437e+00 -1.991023e+01 3.900000e+01
      vertex   9.454397e+00 -1.969668e+01 3.900000e+01
    endloop
  endfacet
  facet normal 0.000000e+00 0.000000e+00 -1.000000e+00
    outer loop
      vertex   9.454397e+00 -1.969668e+01 3.900000e+01
      vertex   9.052937e+00 -1.942843e+01 3.900000e+01
      vertex   1.130000e+01 -2.019121e+01 3.900000e+01
    endloop
  endfacet
  facet normal 0.000000e+00 0.000000e+00 -1.000000e+00
    outer loop
      vertex   1.130000e+01 -2.019121e+01 3.900000e+01
      vertex   9.052937e+00 -1.942843e+01 3.900000e+01
      vertex   8.689924e+00 -1.911008e+01 3.900000e+01
    endloop
  endfacet
  facet normal 0.000000e+00 0.000000e+00 -1.000000e+00
    outer loop
      vertex   1.130000e+01 -2.019121e+01 3.900000e+01
      vertex   8.689924e+00 -1.911008e+01 3.900000e+01
      vertex   8.371570e+00 -1.874706e+01 3.900000e+01
    endloop
  endfacet
  facet normal 0.000000e+00 0.000000e+00 -1.000000e+00
    outer loop
      vertex   8.371570e+00 -1.874706e+01 3.900000e+01
      vertex   8.103322e+00 -1.834560e+01 3.900000e+01
      vertex   1.130000e+01 -2.019121e+01 3.900000e+01
    endloop
  endfacet
  facet normal 0.000000e+00 0.000000e+00 -1.000000e+00
    outer loop
      vertex   1.130000e+01 -2.019121e+01 3.900000e+01
      vertex   8.103322e+00 -1.834560e+01 3.900000e+01
      vertex   7.889771e+00 -1.791256e+01 3.900000e+01
    endloop
  endfacet
  facet normal 0.000000e+00 0.000000e+00 -1.000000e+00
    outer loop
      vertex   1.130000e+01 -2.019121e+01 3.900000e+01
      vertex   7.889771e+00 -1.791256e+01 3.900000e+01
      vertex   7.734569e+00 -1.745535e+01 3.900000e+01
    endloop
  endfacet
  facet normal 0.000000e+00 0.000000e+00 -1.000000e+00
    outer loop
      vertex   7.640373e+00 -1.698180e+01 3.900000e+01
      vertex   1.995963e+01 -1.698180e+01 3.900000e+01
      vertex   7.734569e+00 -1.745535e+01 3.900000e+01
    endloop
  endfacet
  facet normal 0.000000e+00 0.000000e+00 -1.000000e+00
    outer loop
      vertex   7.734569e+00 -1.745535e+01 3.900000e+01
      vertex   1.995963e+01 -1.698180e+01 3.900000e+01
      vertex   1.986543e+01 -1.745535e+01 3.900000e+01
    endloop
  endfacet
  facet normal 0.000000e+00 0.000000e+00 -1.000000e+00
    outer loop
      vertex   7.734569e+00 -1.745535e+01 3.900000e+01
      vertex   1.986543e+01 -1.745535e+01 3.900000e+01
      vertex   1.130000e+01 -2.019121e+01 3.900000e+01
    endloop
  endfacet
  facet normal 0.000000e+00 0.000000e+00 -1.000000e+00
    outer loop
      vertex   1.995963e+01 -1.698180e+01 3.900000e+01
      vertex   7.640373e+00 -1.698180e+01 3.900000e+01
      vertex   1.999121e+01 -1.650000e+01 3.900000e+01
    endloop
  endfacet
  facet normal -0.000000e+00 0.000000e+00 -1.000000e+00
    outer loop
      vertex   1.999121e+01 -1.650000e+01 3.900000e+01
      vertex   7.640373e+00 -1.698180e+01 3.900000e+01
      vertex   7.608795e+00 -1.650000e+01 3.900000e+01
    endloop
  endfacet
  facet normal 0.000000e+00 0.000000e+00 -1.000000e+00
    outer loop
      vertex   1.999121e+01 -1.650000e+01 3.900000e+01
      vertex   7.608795e+00 -1.650000e+01 3.900000e+01
      vertex   1.995963e+01 -1.601820e+01 3.900000e+01
    endloop
  endfacet
  facet normal -0.000000e+00 0.000000e+00 -1.000000e+00
    outer loop
      vertex   1.995963e+01 -1.601820e+01 3.900000e+01
      vertex   7.608795e+00 -1.650000e+01 3.900000e+01
      vertex   7.640373e+00 -1.601820e+01 3.900000e+01
    endloop
  endfacet
  facet normal 0.000000e+00 0.000000e+00 -1.000000e+00
    outer loop
      vertex   1.995963e+01 -1.601820e+01 3.900000e+01
      vertex   7.640373e+00 -1.601820e+01 3.900000e+01
      vertex   1.986543e+01 -1.554465e+01 3.900000e+01
    endloop
  endfacet
  facet normal -0.000000e+00 0.000000e+00 -1.000000e+00
    outer loop
      vertex   1.986543e+01 -1.554465e+01 3.900000e+01
      vertex   7.640373e+00 -1.601820e+01 3.900000e+01
      vertex   7.734569e+00 -1.554465e+01 3.900000e+01
    endloop
  endfacet
  facet normal 0.000000e+00 0.000000e+00 -1.000000e+00
    outer loop
      vertex   1.986543e+01 -1.554465e+01 3.900000e+01
      vertex   7.734569e+00 -1.554465e+01 3.900000e+01
      vertex   1.630000e+01 -1.280879e+01 3.900000e+01
    endloop
  endfacet
  facet normal -0.000000e+00 0.000000e+00 -1.000000e+00
    outer loop
      vertex   1.630000e+01 -1.280879e+01 3.900000e+01
      vertex   7.734569e+00 -1.554465e+01 3.900000e+01
      vertex   1.130000e+01 -1.280879e+01 3.900000e+01
    endloop
  endfacet
  facet normal 0.000000e+00 0.000000e+00 -1.000000e+00
    outer loop
      vertex   1.130000e+01 -1.280879e+01 3.900000e+01
      vertex   7.734569e+00 -1.554465e+01 3.900000e+01
      vertex   7.889771e+00 -1.508744e+01 3.900000e+01
    endloop
  endfacet
  facet normal 0.000000e+00 0.000000e+00 -1.000000e+00
    outer loop
      vertex   1.130000e+01 -1.280879e+01 3.900000e+01
      vertex   7.889771e+00 -1.508744e+01 3.900000e+01
      vertex   8.103322e+00 -1.465440e+01 3.900000e+01
    endloop
  endfacet
  facet normal 0.000000e+00 0.000000e+00 -1.000000e+00
    outer loop
      vertex   8.103322e+00 -1.465440e+01 3.900000e+01
      vertex   8.371570e+00 -1.425294e+01 3.900000e+01
      vertex   1.130000e+01 -1.280879e+01 3.900000e+01
    endloop
  endfacet
  facet normal 0.000000e+00 0.000000e+00 -1.000000e+00
    outer loop
      vertex   1.130000e+01 -1.280879e+01 3.900000e+01
      vertex   8.371570e+00 -1.425294e+01 3.900000e+01
      vertex   8.689924e+00 -1.388992e+01 3.900000e+01
    endloop
  endfacet
  facet normal 0.000000e+00 0.000000e+00 -1.000000e+00
    outer loop
      vertex   1.130000e+01 -1.280879e+01 3.900000e+01
      vertex   8.689924e+00 -1.388992e+01 3.900000e+01
      vertex   9.052937e+00 -1.357157e+01 3.900000e+01
    endloop
  endfacet
  facet normal 0.000000e+00 0.000000e+00 -1.000000e+00
    outer loop
      vertex   9.052937e+00 -1.357157e+01 3.900000e+01
      vertex   9.454397e+00 -1.330332e+01 3.900000e+01
      vertex   1.130000e+01 -1.280879e+01 3.900000e+01
    endloop
  endfacet
  facet normal 0.000000e+00 0.000000e+00 -1.000000e+00
    outer loop
      vertex   1.130000e+01 -1.280879e+01 3.900000e+01
      vertex   9.454397e+00 -1.330332e+01 3.900000e+01
      vertex   9.887437e+00 -1.308977e+01 3.900000e+01
    endloop
  endfacet
  facet normal 0.000000e+00 0.000000e+00 -1.000000e+00
    outer loop
      vertex   1.130000e+01 -1.280879e+01 3.900000e+01
      vertex   9.887437e+00 -1.308977e+01 3.900000e+01
      vertex   1.034465e+01 -1.293457e+01 3.900000e+01
    endloop
  endfacet
  facet normal 0.000000e+00 0.000000e+00 -1.000000e+00
    outer loop
      vertex   1.034465e+01 -1.293457e+01 3.900000e+01
      vertex   1.081820e+01 -1.284037e+01 3.900000e+01
      vertex   1.130000e+01 -1.280879e+01 3.900000e+01
    endloop
  endfacet
  facet normal -0.000000e+00 -0.000000e+00 -1.000000e+00
    outer loop
      vertex   1.678180e+01 -1.284037e+01 3.900000e+01
      vertex   1.725535e+01 -1.293457e+01 3.900000e+01
      vertex   1.630000e+01 -1.280879e+01 3.900000e+01
    endloop
  endfacet
  facet normal 0.000000e+00 0.000000e+00 -1.000000e+00
    outer loop
      vertex   1.630000e+01 -1.280879e+01 3.900000e+01
      vertex   1.725535e+01 -1.293457e+01 3.900000e+01
      vertex   1.771256e+01 -1.308977e+01 3.900000e+01
    endloop
  endfacet
  facet normal 0.000000e+00 0.000000e+00 -1.000000e+00
    outer loop
      vertex   1.630000e+01 -1.280879e+01 3.900000e+01
      vertex   1.771256e+01 -1.308977e+01 3.900000e+01
      vertex   1.814560e+01 -1.330332e+01 3.900000e+01
    endloop
  endfacet
  facet normal -0.000000e+00 -0.000000e+00 -1.000000e+00
    outer loop
      vertex   1.814560e+01 -1.330332e+01 3.900000e+01
      vertex   1.854706e+01 -1.357157e+01 3.900000e+01
      vertex   1.630000e+01 -1.280879e+01 3.900000e+01
    endloop
  endfacet
  facet normal 0.000000e+00 0.000000e+00 -1.000000e+00
    outer loop
      vertex   1.630000e+01 -1.280879e+01 3.900000e+01
      vertex   1.854706e+01 -1.357157e+01 3.900000e+01
      vertex   1.891008e+01 -1.388992e+01 3.900000e+01
    endloop
  endfacet
  facet normal 0.000000e+00 0.000000e+00 -1.000000e+00
    outer loop
      vertex   1.630000e+01 -1.280879e+01 3.900000e+01
      vertex   1.891008e+01 -1.388992e+01 3.900000e+01
      vertex   1.922843e+01 -1.425294e+01 3.900000e+01
    endloop
  endfacet
  facet normal -0.000000e+00 -0.000000e+00 -1.000000e+00
    outer loop
      vertex   1.922843e+01 -1.425294e+01 3.900000e+01
      vertex   1.949668e+01 -1.465440e+01 3.900000e+01
      vertex   1.630000e+01 -1.280879e+01 3.900000e+01
    endloop
  endfacet
  facet normal 0.000000e+00 0.000000e+00 -1.000000e+00
    outer loop
      vertex   1.630000e+01 -1.280879e+01 3.900000e+01
      vertex   1.949668e+01 -1.465440e+01 3.900000e+01
      vertex   1.971023e+01 -1.508744e+01 3.900000e+01
    endloop
  endfacet
  facet normal 0.000000e+00 0.000000e+00 -1.000000e+00
    outer loop
      vertex   1.630000e+01 -1.280879e+01 3.900000e+01
      vertex   1.971023e+01 -1.508744e+01 3.900000e+01
      vertex   1.986543e+01 -1.554465e+01 3.900000e+01
    endloop
  endfacet
  facet normal 0.000000e+00 0.000000e+00 -1.000000e+00
    outer loop
      vertex   1.949668e+01 -1.834560e+01 3.900000e+01
      vertex   1.922843e+01 -1.874706e+01 3.900000e+01
      vertex   1.630000e+01 -2.019121e+01 3.900000e+01
    endloop
  endfacet
  facet normal 0.000000e+00 0.000000e+00 -1.000000e+00
    outer loop
      vertex   1.630000e+01 -2.019121e+01 3.900000e+01
      vertex   1.922843e+01 -1.874706e+01 3.900000e+01
      vertex   1.891008e+01 -1.911008e+01 3.900000e+01
    endloop
  endfacet
  facet normal 0.000000e+00 0.000000e+00 -1.000000e+00
    outer loop
      vertex   1.630000e+01 -2.019121e+01 3.900000e+01
      vertex   1.891008e+01 -1.911008e+01 3.900000e+01
      vertex   1.854706e+01 -1.942843e+01 3.900000e+01
    endloop
  endfacet
  facet normal 0.000000e+00 0.000000e+00 -1.000000e+00
    outer loop
      vertex   1.854706e+01 -1.942843e+01 3.900000e+01
      vertex   1.814560e+01 -1.969668e+01 3.900000e+01
      vertex   1.630000e+01 -2.019121e+01 3.900000e+01
    endloop
  endfacet
  facet normal 0.000000e+00 0.000000e+00 -1.000000e+00
    outer loop
      vertex   1.630000e+01 -2.019121e+01 3.900000e+01
      vertex   1.814560e+01 -1.969668e+01 3.900000e+01
      vertex   1.771256e+01 -1.991023e+01 3.900000e+01
    endloop
  endfacet
  facet normal 0.000000e+00 0.000000e+00 -1.000000e+00
    outer loop
      vertex   1.630000e+01 -2.019121e+01 3.900000e+01
      vertex   1.771256e+01 -1.991023e+01 3.900000e+01
      vertex   1.725535e+01 -2.006543e+01 3.900000e+01
    endloop
  endfacet
  facet normal 0.000000e+00 0.000000e+00 -1.000000e+00
    outer loop
      vertex   1.725535e+01 -2.006543e+01 3.900000e+01
      vertex   1.678180e+01 -2.015963e+01 3.900000e+01
      vertex   1.630000e+01 -2.019121e+01 3.900000e+01
    endloop
  endfacet
  facet normal 0.000000e+00 0.000000e+00 -1.000000e+00
    outer loop
      vertex   -1.270000e+01 -2.019121e+01 3.900000e+01
      vertex   -4.134569e+00 -1.745535e+01 3.900000e+01
      vertex   -7.700000e+00 -2.019121e+01 3.900000e+01
    endloop
  endfacet
  facet normal 0.000000e+00 0.000000e+00 -1.000000e+00
    outer loop
      vertex   -7.700000e+00 -2.019121e+01 3.900000e+01
      vertex   -4.134569e+00 -1.745535e+01 3.900000e+01
      vertex   -4.289770e+00 -1.791256e+01 3.900000e+01
    endloop
  endfacet
  facet normal 0.000000e+00 0.000000e+00 -1.000000e+00
    outer loop
      vertex   -7.700000e+00 -2.019121e+01 3.900000e+01
      vertex   -4.289770e+00 -1.791256e+01 3.900000e+01
      vertex   -4.503322e+00 -1.834560e+01 3.900000e+01
    endloop
  endfacet
  facet normal 0.000000e+00 0.000000e+00 -1.000000e+00
    outer loop
      vertex   -1.318180e+01 -2.015963e+01 3.900000e+01
      vertex   -1.365535e+01 -2.006543e+01 3.900000e+01
      vertex   -1.270000e+01 -2.019121e+01 3.900000e+01
    endloop
  endfacet
  facet normal 0.000000e+00 0.000000e+00 -1.000000e+00
    outer loop
      vertex   -1.270000e+01 -2.019121e+01 3.900000e+01
      vertex   -1.365535e+01 -2.006543e+01 3.900000e+01
      vertex   -1.411256e+01 -1.991023e+01 3.900000e+01
    endloop
  endfacet
  facet normal 0.000000e+00 0.000000e+00 -1.000000e+00
    outer loop
      vertex   -1.270000e+01 -2.019121e+01 3.900000e+01
      vertex   -1.411256e+01 -1.991023e+01 3.900000e+01
      vertex   -1.454560e+01 -1.969668e+01 3.900000e+01
    endloop
  endfacet
  facet normal 0.000000e+00 0.000000e+00 -1.000000e+00
    outer loop
      vertex   -1.454560e+01 -1.969668e+01 3.900000e+01
      vertex   -1.494706e+01 -1.942843e+01 3.900000e+01
      vertex   -1.270000e+01 -2.019121e+01 3.900000e+01
    endloop
  endfacet
  facet normal 0.000000e+00 0.000000e+00 -1.000000e+00
    outer loop
      vertex   -1.270000e+01 -2.019121e+01 3.900000e+01
      vertex   -1.494706e+01 -1.942843e+01 3.900000e+01
      vertex   -1.531008e+01 -1.911008e+01 3.900000e+01
    endloop
  endfacet
  facet normal 0.000000e+00 0.000000e+00 -1.000000e+00
    outer loop
      vertex   -1.270000e+01 -2.019121e+01 3.900000e+01
      vertex   -1.531008e+01 -1.911008e+01 3.900000e+01
      vertex   -1.562843e+01 -1.874706e+01 3.900000e+01
    endloop
  endfacet
  facet normal 0.000000e+00 0.000000e+00 -1.000000e+00
    outer loop
      vertex   -1.562843e+01 -1.874706e+01 3.900000e+01
      vertex   -1.589668e+01 -1.834560e+01 3.900000e+01
      vertex   -1.270000e+01 -2.019121e+01 3.900000e+01
    endloop
  endfacet
  facet normal 0.000000e+00 0.000000e+00 -1.000000e+00
    outer loop
      vertex   -1.270000e+01 -2.019121e+01 3.900000e+01
      vertex   -1.589668e+01 -1.834560e+01 3.900000e+01
      vertex   -1.611023e+01 -1.791256e+01 3.900000e+01
    endloop
  endfacet
  facet normal 0.000000e+00 0.000000e+00 -1.000000e+00
    outer loop
      vertex   -1.270000e+01 -2.019121e+01 3.900000e+01
      vertex   -1.611023e+01 -1.791256e+01 3.900000e+01
      vertex   -1.626543e+01 -1.745535e+01 3.900000e+01
    endloop
  endfacet
  facet normal 0.000000e+00 0.000000e+00 -1.000000e+00
    outer loop
      vertex   -1.635963e+01 -1.698180e+01 3.900000e+01
      vertex   -4.040373e+00 -1.698180e+01 3.900000e+01
      vertex   -1.626543e+01 -1.745535e+01 3.900000e+01
    endloop
  endfacet
  facet normal 0.000000e+00 0.000000e+00 -1.000000e+00
    outer loop
      vertex   -1.626543e+01 -1.745535e+01 3.900000e+01
      vertex   -4.040373e+00 -1.698180e+01 3.900000e+01
      vertex   -4.134569e+00 -1.745535e+01 3.900000e+01
    endloop
  endfacet
  facet normal 0.000000e+00 0.000000e+00 -1.000000e+00
    outer loop
      vertex   -1.626543e+01 -1.745535e+01 3.900000e+01
      vertex   -4.134569e+00 -1.745535e+01 3.900000e+01
      vertex   -1.270000e+01 -2.019121e+01 3.900000e+01
    endloop
  endfacet
  facet normal 0.000000e+00 0.000000e+00 -1.000000e+00
    outer loop
      vertex   -4.040373e+00 -1.698180e+01 3.900000e+01
      vertex   -1.635963e+01 -1.698180e+01 3.900000e+01
      vertex   -4.008794e+00 -1.650000e+01 3.900000e+01
    endloop
  endfacet
  facet normal -0.000000e+00 0.000000e+00 -1.000000e+00
    outer loop
      vertex   -4.008794e+00 -1.650000e+01 3.900000e+01
      vertex   -1.635963e+01 -1.698180e+01 3.900000e+01
      vertex   -1.639121e+01 -1.650000e+01 3.900000e+01
    endloop
  endfacet
  facet normal 0.000000e+00 0.000000e+00 -1.000000e+00
    outer loop
      vertex   -4.008794e+00 -1.650000e+01 3.900000e+01
      vertex   -1.639121e+01 -1.650000e+01 3.900000e+01
      vertex   -4.040373e+00 -1.601820e+01 3.900000e+01
    endloop
  endfacet
  facet normal -0.000000e+00 0.000000e+00 -1.000000e+00
    outer loop
      vertex   -4.040373e+00 -1.601820e+01 3.900000e+01
      vertex   -1.639121e+01 -1.650000e+01 3.900000e+01
      vertex   -1.635963e+01 -1.601820e+01 3.900000e+01
    endloop
  endfacet
  facet normal 0.000000e+00 0.000000e+00 -1.000000e+00
    outer loop
      vertex   -4.040373e+00 -1.601820e+01 3.900000e+01
      vertex   -1.635963e+01 -1.601820e+01 3.900000e+01
      vertex   -4.134569e+00 -1.554465e+01 3.900000e+01
    endloop
  endfacet
  facet normal -0.000000e+00 0.000000e+00 -1.000000e+00
    outer loop
      vertex   -4.134569e+00 -1.554465e+01 3.900000e+01
      vertex   -1.635963e+01 -1.601820e+01 3.900000e+01
      vertex   -1.626543e+01 -1.554465e+01 3.900000e+01
    endloop
  endfacet
  facet normal 0.000000e+00 0.000000e+00 -1.000000e+00
    outer loop
      vertex   -4.134569e+00 -1.554465e+01 3.900000e+01
      vertex   -1.626543e+01 -1.554465e+01 3.900000e+01
      vertex   -7.700000e+00 -1.280879e+01 3.900000e+01
    endloop
  endfacet
  facet normal -0.000000e+00 0.000000e+00 -1.000000e+00
    outer loop
      vertex   -7.700000e+00 -1.280879e+01 3.900000e+01
      vertex   -1.626543e+01 -1.554465e+01 3.900000e+01
      vertex   -1.270000e+01 -1.280879e+01 3.900000e+01
    endloop
  endfacet
  facet normal 0.000000e+00 0.000000e+00 -1.000000e+00
    outer loop
      vertex   -1.270000e+01 -1.280879e+01 3.900000e+01
      vertex   -1.626543e+01 -1.554465e+01 3.900000e+01
      vertex   -1.611023e+01 -1.508744e+01 3.900000e+01
    endloop
  endfacet
  facet normal 0.000000e+00 0.000000e+00 -1.000000e+00
    outer loop
      vertex   -1.270000e+01 -1.280879e+01 3.900000e+01
      vertex   -1.611023e+01 -1.508744e+01 3.900000e+01
      vertex   -1.589668e+01 -1.465440e+01 3.900000e+01
    endloop
  endfacet
  facet normal 0.000000e+00 0.000000e+00 -1.000000e+00
    outer loop
      vertex   -1.589668e+01 -1.465440e+01 3.900000e+01
      vertex   -1.562843e+01 -1.425294e+01 3.900000e+01
      vertex   -1.270000e+01 -1.280879e+01 3.900000e+01
    endloop
  endfacet
  facet normal 0.000000e+00 0.000000e+00 -1.000000e+00
    outer loop
      vertex   -1.270000e+01 -1.280879e+01 3.900000e+01
      vertex   -1.562843e+01 -1.425294e+01 3.900000e+01
      vertex   -1.531008e+01 -1.388992e+01 3.900000e+01
    endloop
  endfacet
  facet normal 0.000000e+00 0.000000e+00 -1.000000e+00
    outer loop
      vertex   -1.270000e+01 -1.280879e+01 3.900000e+01
      vertex   -1.531008e+01 -1.388992e+01 3.900000e+01
      vertex   -1.494706e+01 -1.357157e+01 3.900000e+01
    endloop
  endfacet
  facet normal 0.000000e+00 0.000000e+00 -1.000000e+00
    outer loop
      vertex   -1.494706e+01 -1.357157e+01 3.900000e+01
      vertex   -1.454560e+01 -1.330332e+01 3.900000e+01
      vertex   -1.270000e+01 -1.280879e+01 3.900000e+01
    endloop
  endfacet
  facet normal 0.000000e+00 0.000000e+00 -1.000000e+00
    outer loop
      vertex   -1.270000e+01 -1.280879e+01 3.900000e+01
      vertex   -1.454560e+01 -1.330332e+01 3.900000e+01
      vertex   -1.411256e+01 -1.308977e+01 3.900000e+01
    endloop
  endfacet
  facet normal 0.000000e+00 0.000000e+00 -1.000000e+00
    outer loop
      vertex   -1.270000e+01 -1.280879e+01 3.900000e+01
      vertex   -1.411256e+01 -1.308977e+01 3.900000e+01
      vertex   -1.365535e+01 -1.293457e+01 3.900000e+01
    endloop
  endfacet
  facet normal 0.000000e+00 0.000000e+00 -1.000000e+00
    outer loop
      vertex   -1.365535e+01 -1.293457e+01 3.900000e+01
      vertex   -1.318180e+01 -1.284037e+01 3.900000e+01
      vertex   -1.270000e+01 -1.280879e+01 3.900000e+01
    endloop
  endfacet
  facet normal -0.000000e+00 -0.000000e+00 -1.000000e+00
    outer loop
      vertex   -7.218201e+00 -1.284037e+01 3.900000e+01
      vertex   -6.744645e+00 -1.293457e+01 3.900000e+01
      vertex   -7.700000e+00 -1.280879e+01 3.900000e+01
    endloop
  endfacet
  facet normal 0.000000e+00 0.000000e+00 -1.000000e+00
    outer loop
      vertex   -7.700000e+00 -1.280879e+01 3.900000e+01
      vertex   -6.744645e+00 -1.293457e+01 3.900000e+01
      vertex   -6.287436e+00 -1.308977e+01 3.900000e+01
    endloop
  endfacet
  facet normal 0.000000e+00 0.000000e+00 -1.000000e+00
    outer loop
      vertex   -7.700000e+00 -1.280879e+01 3.900000e+01
      vertex   -6.287436e+00 -1.308977e+01 3.900000e+01
      vertex   -5.854397e+00 -1.330332e+01 3.900000e+01
    endloop
  endfacet
  facet normal -0.000000e+00 -0.000000e+00 -1.000000e+00
    outer loop
      vertex   -5.854397e+00 -1.330332e+01 3.900000e+01
      vertex   -5.452936e+00 -1.357157e+01 3.900000e+01
      vertex   -7.700000e+00 -1.280879e+01 3.900000e+01
    endloop
  endfacet
  facet normal 0.000000e+00 0.000000e+00 -1.000000e+00
    outer loop
      vertex   -7.700000e+00 -1.280879e+01 3.900000e+01
      vertex   -5.452936e+00 -1.357157e+01 3.900000e+01
      vertex   -5.089923e+00 -1.388992e+01 3.900000e+01
    endloop
  endfacet
  facet normal 0.000000e+00 0.000000e+00 -1.000000e+00
    outer loop
      vertex   -7.700000e+00 -1.280879e+01 3.900000e+01
      vertex   -5.089923e+00 -1.388992e+01 3.900000e+01
      vertex   -4.771569e+00 -1.425294e+01 3.900000e+01
    endloop
  endfacet
  facet normal -0.000000e+00 -0.000000e+00 -1.000000e+00
    outer loop
      vertex   -4.771569e+00 -1.425294e+01 3.900000e+01
      vertex   -4.503322e+00 -1.465440e+01 3.900000e+01
      vertex   -7.700000e+00 -1.280879e+01 3.900000e+01
    endloop
  endfacet
  facet normal 0.000000e+00 0.000000e+00 -1.000000e+00
    outer loop
      vertex   -7.700000e+00 -1.280879e+01 3.900000e+01
      vertex   -4.503322e+00 -1.465440e+01 3.900000e+01
      vertex   -4.289770e+00 -1.508744e+01 3.900000e+01
    endloop
  endfacet
  facet normal 0.000000e+00 0.000000e+00 -1.000000e+00
    outer loop
      vertex   -7.700000e+00 -1.280879e+01 3.900000e+01
      vertex   -4.289770e+00 -1.508744e+01 3.900000e+01
      vertex   -4.134569e+00 -1.554465e+01 3.900000e+01
    endloop
  endfacet
  facet normal 0.000000e+00 0.000000e+00 -1.000000e+00
    outer loop
      vertex   -4.503322e+00 -1.834560e+01 3.900000e+01
      vertex   -4.771569e+00 -1.874706e+01 3.900000e+01
      vertex   -7.700000e+00 -2.019121e+01 3.900000e+01
    endloop
  endfacet
  facet normal 0.000000e+00 0.000000e+00 -1.000000e+00
    outer loop
      vertex   -7.700000e+00 -2.019121e+01 3.900000e+01
      vertex   -4.771569e+00 -1.874706e+01 3.900000e+01
      vertex   -5.089923e+00 -1.911008e+01 3.900000e+01
    endloop
  endfacet
  facet normal 0.000000e+00 0.000000e+00 -1.000000e+00
    outer loop
      vertex   -7.700000e+00 -2.019121e+01 3.900000e+01
      vertex   -5.089923e+00 -1.911008e+01 3.900000e+01
      vertex   -5.452936e+00 -1.942843e+01 3.900000e+01
    endloop
  endfacet
  facet normal 0.000000e+00 0.000000e+00 -1.000000e+00
    outer loop
      vertex   -5.452936e+00 -1.942843e+01 3.900000e+01
      vertex   -5.854397e+00 -1.969668e+01 3.900000e+01
      vertex   -7.700000e+00 -2.019121e+01 3.900000e+01
    endloop
  endfacet
  facet normal 0.000000e+00 0.000000e+00 -1.000000e+00
    outer loop
      vertex   -7.700000e+00 -2.019121e+01 3.900000e+01
      vertex   -5.854397e+00 -1.969668e+01 3.900000e+01
      vertex   -6.287436e+00 -1.991023e+01 3.900000e+01
    endloop
  endfacet
  facet normal 0.000000e+00 0.000000e+00 -1.000000e+00
    outer loop
      vertex   -7.700000e+00 -2.019121e+01 3.900000e+01
      vertex   -6.287436e+00 -1.991023e+01 3.900000e+01
      vertex   -6.744645e+00 -2.006543e+01 3.900000e+01
    endloop
  endfacet
  facet normal 0.000000e+00 0.000000e+00 -1.000000e+00
    outer loop
      vertex   -6.744645e+00 -2.006543e+01 3.900000e+01
      vertex   -7.218201e+00 -2.015963e+01 3.900000e+01
      vertex   -7.700000e+00 -2.019121e+01 3.900000e+01
    endloop
  endfacet
  facet normal 7.105427e-16 1.000000e+00 -0.000000e+00
    outer loop
      vertex   -7.700000e+00 -2.019121e+01 3.500000e+01
      vertex   -1.270000e+01 -2.019121e+01 3.500000e+01
      vertex   -7.700000e+00 -2.019121e+01 3.900000e+01
    endloop
  endfacet
  facet normal 7.105427e-16 1.000000e+00 0.000000e+00
    outer loop
      vertex   -7.700000e+00 -2.019121e+01 3.900000e+01
      vertex   -1.270000e+01 -2.019121e+01 3.500000e+01
      vertex   -1.270000e+01 -2.019121e+01 3.900000e+01
    endloop
  endfacet
  facet normal -6.540313e-02 -9.978589e-01 -0.000000e+00
    outer loop
      vertex   -7.700000e+00 -1.280879e+01 3.900000e+01
      vertex   -7.700000e+00 -1.280879e+01 3.500000e+01
      vertex   -7.218201e+00 -1.284037e+01 3.900000e+01
    endloop
  endfacet
  facet normal -6.540313e-02 -9.978589e-01 -2.904482e-17
    outer loop
      vertex   -7.218201e+00 -1.284037e+01 3.900000e+01
      vertex   -7.700000e+00 -1.280879e+01 3.500000e+01
      vertex   -7.218201e+00 -1.284037e+01 3.500000e+01
    endloop
  endfacet
  facet normal -1.950903e-01 -9.807853e-01 -8.663751e-17
    outer loop
      vertex   -7.218201e+00 -1.284037e+01 3.900000e+01
      vertex   -7.218201e+00 -1.284037e+01 3.500000e+01
      vertex   -6.744645e+00 -1.293457e+01 3.900000e+01
    endloop
  endfacet
  facet normal -1.950903e-01 -9.807853e-01 -0.000000e+00
    outer loop
      vertex   -6.744645e+00 -1.293457e+01 3.900000e+01
      vertex   -7.218201e+00 -1.284037e+01 3.500000e+01
      vertex   -6.744645e+00 -1.293457e+01 3.500000e+01
    endloop
  endfacet
  facet normal -3.214395e-01 -9.469301e-01 -0.000000e+00
    outer loop
      vertex   -6.744645e+00 -1.293457e+01 3.900000e+01
      vertex   -6.744645e+00 -1.293457e+01 3.500000e+01
      vertex   -6.287436e+00 -1.308977e+01 3.900000e+01
    endloop
  endfacet
  facet normal -3.214395e-01 -9.469301e-01 -0.000000e+00
    outer loop
      vertex   -6.287436e+00 -1.308977e+01 3.900000e+01
      vertex   -6.744645e+00 -1.293457e+01 3.500000e+01
      vertex   -6.287436e+00 -1.308977e+01 3.500000e+01
    endloop
  endfacet
  facet normal -4.422887e-01 -8.968727e-01 -0.000000e+00
    outer loop
      vertex   -6.287436e+00 -1.308977e+01 3.900000e+01
      vertex   -6.287436e+00 -1.308977e+01 3.500000e+01
      vertex   -5.854397e+00 -1.330332e+01 3.900000e+01
    endloop
  endfacet
  facet normal -4.422887e-01 -8.968727e-01 3.000837e-16
    outer loop
      vertex   -5.854397e+00 -1.330332e+01 3.900000e+01
      vertex   -6.287436e+00 -1.308977e+01 3.500000e+01
      vertex   -5.854397e+00 -1.330332e+01 3.500000e+01
    endloop
  endfacet
  facet normal -5.555702e-01 -8.314696e-01 2.458853e-16
    outer loop
      vertex   -5.854397e+00 -1.330332e+01 3.900000e+01
      vertex   -5.854397e+00 -1.330332e+01 3.500000e+01
      vertex   -5.452936e+00 -1.357157e+01 3.900000e+01
    endloop
  endfacet
  facet normal -5.555702e-01 -8.314696e-01 -0.000000e+00
    outer loop
      vertex   -5.452936e+00 -1.357157e+01 3.900000e+01
      vertex   -5.854397e+00 -1.330332e+01 3.500000e+01
      vertex   -5.452936e+00 -1.357157e+01 3.500000e+01
    endloop
  endfacet
  facet normal -6.593458e-01 -7.518398e-01 -0.000000e+00
    outer loop
      vertex   -5.452936e+00 -1.357157e+01 3.900000e+01
      vertex   -5.452936e+00 -1.357157e+01 3.500000e+01
      vertex   -5.089923e+00 -1.388992e+01 3.900000e+01
    endloop
  endfacet
  facet normal -6.593458e-01 -7.518398e-01 -0.000000e+00
    outer loop
      vertex   -5.089923e+00 -1.388992e+01 3.900000e+01
      vertex   -5.452936e+00 -1.357157e+01 3.500000e+01
      vertex   -5.089923e+00 -1.388992e+01 3.500000e+01
    endloop
  endfacet
  facet normal -7.518398e-01 -6.593458e-01 -0.000000e+00
    outer loop
      vertex   -5.089923e+00 -1.388992e+01 3.900000e+01
      vertex   -5.089923e+00 -1.388992e+01 3.500000e+01
      vertex   -4.771569e+00 -1.425294e+01 3.900000e+01
    endloop
  endfacet
  facet normal -7.518398e-01 -6.593458e-01 -1.669420e-16
    outer loop
      vertex   -4.771569e+00 -1.425294e+01 3.900000e+01
      vertex   -5.089923e+00 -1.388992e+01 3.500000e+01
      vertex   -4.771569e+00 -1.425294e+01 3.500000e+01
    endloop
  endfacet
  facet normal -8.314696e-01 -5.555702e-01 -1.846233e-16
    outer loop
      vertex   -4.771569e+00 -1.425294e+01 3.900000e+01
      vertex   -4.771569e+00 -1.425294e+01 3.500000e+01
      vertex   -4.503322e+00 -1.465440e+01 3.900000e+01
    endloop
  endfacet
  facet normal -8.314696e-01 -5.555702e-01 6.159694e-16
    outer loop
      vertex   -4.503322e+00 -1.465440e+01 3.900000e+01
      vertex   -4.771569e+00 -1.425294e+01 3.500000e+01
      vertex   -4.503322e+00 -1.465440e+01 3.500000e+01
    endloop
  endfacet
  facet normal -8.968727e-01 -4.422887e-01 5.947071e-16
    outer loop
      vertex   -4.503322e+00 -1.465440e+01 3.900000e+01
      vertex   -4.503322e+00 -1.465440e+01 3.500000e+01
      vertex   -4.289770e+00 -1.508744e+01 3.900000e+01
    endloop
  endfacet
  facet normal -8.968727e-01 -4.422887e-01 -2.730119e-18
    outer loop
      vertex   -4.289770e+00 -1.508744e+01 3.900000e+01
      vertex   -4.503322e+00 -1.465440e+01 3.500000e+01
      vertex   -4.289770e+00 -1.508744e+01 3.500000e+01
    endloop
  endfacet
  facet normal -9.469301e-01 -3.214395e-01 -6.751293e-17
    outer loop
      vertex   -4.289770e+00 -1.508744e+01 3.900000e+01
      vertex   -4.289770e+00 -1.508744e+01 3.500000e+01
      vertex   -4.134569e+00 -1.554465e+01 3.900000e+01
    endloop
  endfacet
  facet normal -9.469301e-01 -3.214395e-01 1.427478e-16
    outer loop
      vertex   -4.134569e+00 -1.554465e+01 3.900000e+01
      vertex   -4.289770e+00 -1.508744e+01 3.500000e+01
      vertex   -4.134569e+00 -1.554465e+01 3.500000e+01
    endloop
  endfacet
  facet normal -9.807853e-01 -1.950903e-01 8.663751e-17
    outer loop
      vertex   -4.134569e+00 -1.554465e+01 3.900000e+01
      vertex   -4.134569e+00 -1.554465e+01 3.500000e+01
      vertex   -4.040373e+00 -1.601820e+01 3.900000e+01
    endloop
  endfacet
  facet normal -9.807853e-01 -1.950903e-01 -2.177781e-16
    outer loop
      vertex   -4.040373e+00 -1.601820e+01 3.900000e+01
      vertex   -4.134569e+00 -1.554465e+01 3.500000e+01
      vertex   -4.040373e+00 -1.601820e+01 3.500000e+01
    endloop
  endfacet
  facet normal -9.978589e-01 -6.540313e-02 -2.215692e-16
    outer loop
      vertex   -4.040373e+00 -1.601820e+01 3.900000e+01
      vertex   -4.040373e+00 -1.601820e+01 3.500000e+01
      vertex   -4.008794e+00 -1.650000e+01 3.900000e+01
    endloop
  endfacet
  facet normal -9.978589e-01 -6.540313e-02 -0.000000e+00
    outer loop
      vertex   -4.008794e+00 -1.650000e+01 3.900000e+01
      vertex   -4.040373e+00 -1.601820e+01 3.500000e+01
      vertex   -4.008794e+00 -1.650000e+01 3.500000e+01
    endloop
  endfacet
  facet normal -9.978589e-01 6.540313e-02 0.000000e+00
    outer loop
      vertex   -4.008794e+00 -1.650000e+01 3.900000e+01
      vertex   -4.008794e+00 -1.650000e+01 3.500000e+01
      vertex   -4.040373e+00 -1.698180e+01 3.900000e+01
    endloop
  endfacet
  facet normal -9.978589e-01 6.540313e-02 -5.808965e-17
    outer loop
      vertex   -4.040373e+00 -1.698180e+01 3.900000e+01
      vertex   -4.008794e+00 -1.650000e+01 3.500000e+01
      vertex   -4.040373e+00 -1.698180e+01 3.500000e+01
    endloop
  endfacet
  facet normal -9.807853e-01 1.950903e-01 -1.732750e-16
    outer loop
      vertex   -4.040373e+00 -1.698180e+01 3.900000e+01
      vertex   -4.040373e+00 -1.698180e+01 3.500000e+01
      vertex   -4.134569e+00 -1.745535e+01 3.900000e+01
    endloop
  endfacet
  facet normal -9.807853e-01 1.950903e-01 0.000000e+00
    outer loop
      vertex   -4.134569e+00 -1.745535e+01 3.900000e+01
      vertex   -4.040373e+00 -1.698180e+01 3.500000e+01
      vertex   -4.134569e+00 -1.745535e+01 3.500000e+01
    endloop
  endfacet
  facet normal -9.469301e-01 3.214395e-01 0.000000e+00
    outer loop
      vertex   -4.134569e+00 -1.745535e+01 3.900000e+01
      vertex   -4.134569e+00 -1.745535e+01 3.500000e+01
      vertex   -4.289770e+00 -1.791256e+01 3.900000e+01
    endloop
  endfacet
  facet normal -9.469301e-01 3.214395e-01 -7.523487e-17
    outer loop
      vertex   -4.289770e+00 -1.791256e+01 3.900000e+01
      vertex   -4.134569e+00 -1.745535e+01 3.500000e+01
      vertex   -4.289770e+00 -1.791256e+01 3.500000e+01
    endloop
  endfacet
  facet normal -8.968727e-01 4.422887e-01 -1.936855e-16
    outer loop
      vertex   -4.289770e+00 -1.791256e+01 3.900000e+01
      vertex   -4.289770e+00 -1.791256e+01 3.500000e+01
      vertex   -4.503322e+00 -1.834560e+01 3.900000e+01
    endloop
  endfacet
  facet normal -8.968727e-01 4.422887e-01 1.991458e-16
    outer loop
      vertex   -4.503322e+00 -1.834560e+01 3.900000e+01
      vertex   -4.289770e+00 -1.791256e+01 3.500000e+01
      vertex   -4.503322e+00 -1.834560e+01 3.500000e+01
    endloop
  endfacet
  facet normal -8.314696e-01 5.555702e-01 1.846233e-16
    outer loop
      vertex   -4.503322e+00 -1.834560e+01 3.900000e+01
      vertex   -4.503322e+00 -1.834560e+01 3.500000e+01
      vertex   -4.771569e+00 -1.874706e+01 3.900000e+01
    endloop
  endfacet
  facet normal -8.314696e-01 5.555702e-01 3.692467e-16
    outer loop
      vertex   -4.771569e+00 -1.874706e+01 3.900000e+01
      vertex   -4.503322e+00 -1.834560e+01 3.500000e+01
      vertex   -4.771569e+00 -1.874706e+01 3.500000e+01
    endloop
  endfacet
  facet normal -7.518398e-01 6.593458e-01 3.338839e-16
    outer loop
      vertex   -4.771569e+00 -1.874706e+01 3.900000e+01
      vertex   -4.771569e+00 -1.874706e+01 3.500000e+01
      vertex   -5.089923e+00 -1.911008e+01 3.900000e+01
    endloop
  endfacet
  facet normal -7.518398e-01 6.593458e-01 0.000000e+00
    outer loop
      vertex   -5.089923e+00 -1.911008e+01 3.900000e+01
      vertex   -4.771569e+00 -1.874706e+01 3.500000e+01
      vertex   -5.089923e+00 -1.911008e+01 3.500000e+01
    endloop
  endfacet
  facet normal -6.593458e-01 7.518398e-01 0.000000e+00
    outer loop
      vertex   -5.089923e+00 -1.911008e+01 3.900000e+01
      vertex   -5.089923e+00 -1.911008e+01 3.500000e+01
      vertex   -5.452936e+00 -1.942843e+01 3.900000e+01
    endloop
  endfacet
  facet normal -6.593458e-01 7.518398e-01 0.000000e+00
    outer loop
      vertex   -5.452936e+00 -1.942843e+01 3.900000e+01
      vertex   -5.089923e+00 -1.911008e+01 3.500000e+01
      vertex   -5.452936e+00 -1.942843e+01 3.500000e+01
    endloop
  endfacet
  facet normal -5.555702e-01 8.314696e-01 0.000000e+00
    outer loop
      vertex   -5.452936e+00 -1.942843e+01 3.900000e+01
      vertex   -5.452936e+00 -1.942843e+01 3.500000e+01
      vertex   -5.854397e+00 -1.969668e+01 3.900000e+01
    endloop
  endfacet
  facet normal -5.555702e-01 8.314696e-01 -6.151320e-16
    outer loop
      vertex   -5.854397e+00 -1.969668e+01 3.900000e+01
      vertex   -5.452936e+00 -1.942843e+01 3.500000e+01
      vertex   -5.854397e+00 -1.969668e+01 3.500000e+01
    endloop
  endfacet
  facet normal -4.422887e-01 8.968727e-01 -6.983752e-16
    outer loop
      vertex   -5.854397e+00 -1.969668e+01 3.900000e+01
      vertex   -5.854397e+00 -1.969668e+01 3.500000e+01
      vertex   -6.287436e+00 -1.991023e+01 3.900000e+01
    endloop
  endfacet
  facet normal -4.422887e-01 8.968727e-01 0.000000e+00
    outer loop
      vertex   -6.287436e+00 -1.991023e+01 3.900000e+01
      vertex   -5.854397e+00 -1.969668e+01 3.500000e+01
      vertex   -6.287436e+00 -1.991023e+01 3.500000e+01
    endloop
  endfacet
  facet normal -3.214395e-01 9.469301e-01 0.000000e+00
    outer loop
      vertex   -6.287436e+00 -1.991023e+01 3.900000e+01
      vertex   -6.287436e+00 -1.991023e+01 3.500000e+01
      vertex   -6.744645e+00 -2.006543e+01 3.900000e+01
    endloop
  endfacet
  facet normal -3.214395e-01 9.469301e-01 0.000000e+00
    outer loop
      vertex   -6.744645e+00 -2.006543e+01 3.900000e+01
      vertex   -6.287436e+00 -1.991023e+01 3.500000e+01
      vertex   -6.744645e+00 -2.006543e+01 3.500000e+01
    endloop
  endfacet
  facet normal -1.950903e-01 9.807853e-01 0.000000e+00
    outer loop
      vertex   -6.744645e+00 -2.006543e+01 3.900000e+01
      vertex   -6.744645e+00 -2.006543e+01 3.500000e+01
      vertex   -7.218201e+00 -2.015963e+01 3.900000e+01
    endloop
  endfacet
  facet normal -1.950903e-01 9.807853e-01 8.663751e-17
    outer loop
      vertex   -7.218201e+00 -2.015963e+01 3.900000e+01
      vertex   -6.744645e+00 -2.006543e+01 3.500000e+01
      vertex   -7.218201e+00 -2.015963e+01 3.500000e+01
    endloop
  endfacet
  facet normal -6.540313e-02 9.978589e-01 2.904482e-17
    outer loop
      vertex   -7.218201e+00 -2.015963e+01 3.900000e+01
      vertex   -7.218201e+00 -2.015963e+01 3.500000e+01
      vertex   -7.700000e+00 -2.019121e+01 3.900000e+01
    endloop
  endfacet
  facet normal -6.540313e-02 9.978589e-01 0.000000e+00
    outer loop
      vertex   -7.700000e+00 -2.019121e+01 3.900000e+01
      vertex   -7.218201e+00 -2.015963e+01 3.500000e+01
      vertex   -7.700000e+00 -2.019121e+01 3.500000e+01
    endloop
  endfacet
  facet normal -7.105427e-16 -1.000000e+00 0.000000e+00
    outer loop
      vertex   -1.270000e+01 -1.280879e+01 3.500000e+01
      vertex   -7.700000e+00 -1.280879e+01 3.500000e+01
      vertex   -1.270000e+01 -1.280879e+01 3.900000e+01
    endloop
  endfacet
  facet normal -7.105427e-16 -1.000000e+00 0.000000e+00
    outer loop
      vertex   -1.270000e+01 -1.280879e+01 3.900000e+01
      vertex   -7.700000e+00 -1.280879e+01 3.500000e+01
      vertex   -7.700000e+00 -1.280879e+01 3.900000e+01
    endloop
  endfacet
  facet normal 1.421085e-15 1.000000e+00 -0.000000e+00
    outer loop
      vertex   1.630000e+01 -2.019121e+01 3.500000e+01
      vertex   1.130000e+01 -2.019121e+01 3.500000e+01
      vertex   1.630000e+01 -2.019121e+01 3.900000e+01
    endloop
  endfacet
  facet normal 1.421085e-15 1.000000e+00 0.000000e+00
    outer loop
      vertex   1.630000e+01 -2.019121e+01 3.900000e+01
      vertex   1.130000e+01 -2.019121e+01 3.500000e+01
      vertex   1.130000e+01 -2.019121e+01 3.900000e+01
    endloop
  endfacet
  facet normal -6.540313e-02 -9.978589e-01 -0.000000e+00
    outer loop
      vertex   1.630000e+01 -1.280879e+01 3.900000e+01
      vertex   1.630000e+01 -1.280879e+01 3.500000e+01
      vertex   1.678180e+01 -1.284037e+01 3.900000e+01
    endloop
  endfacet
  facet normal -6.540313e-02 -9.978589e-01 -0.000000e+00
    outer loop
      vertex   1.678180e+01 -1.284037e+01 3.900000e+01
      vertex   1.630000e+01 -1.280879e+01 3.500000e+01
      vertex   1.678180e+01 -1.284037e+01 3.500000e+01
    endloop
  endfacet
  facet normal -1.950903e-01 -9.807853e-01 -0.000000e+00
    outer loop
      vertex   1.678180e+01 -1.284037e+01 3.900000e+01
      vertex   1.678180e+01 -1.284037e+01 3.500000e+01
      vertex   1.725535e+01 -1.293457e+01 3.900000e+01
    endloop
  endfacet
  facet normal -1.950903e-01 -9.807853e-01 -0.000000e+00
    outer loop
      vertex   1.725535e+01 -1.293457e+01 3.900000e+01
      vertex   1.678180e+01 -1.284037e+01 3.500000e+01
      vertex   1.725535e+01 -1.293457e+01 3.500000e+01
    endloop
  endfacet
  facet normal -3.214395e-01 -9.469301e-01 -0.000000e+00
    outer loop
      vertex   1.725535e+01 -1.293457e+01 3.900000e+01
      vertex   1.725535e+01 -1.293457e+01 3.500000e+01
      vertex   1.771256e+01 -1.308977e+01 3.900000e+01
    endloop
  endfacet
  facet normal -3.214395e-01 -9.469301e-01 -0.000000e+00
    outer loop
      vertex   1.771256e+01 -1.308977e+01 3.900000e+01
      vertex   1.725535e+01 -1.293457e+01 3.500000e+01
      vertex   1.771256e+01 -1.308977e+01 3.500000e+01
    endloop
  endfacet
  facet normal -4.422887e-01 -8.968727e-01 -0.000000e+00
    outer loop
      vertex   1.771256e+01 -1.308977e+01 3.900000e+01
      vertex   1.771256e+01 -1.308977e+01 3.500000e+01
      vertex   1.814560e+01 -1.330332e+01 3.900000e+01
    endloop
  endfacet
  facet normal -4.422887e-01 -8.968727e-01 7.965830e-16
    outer loop
      vertex   1.814560e+01 -1.330332e+01 3.900000e+01
      vertex   1.771256e+01 -1.308977e+01 3.500000e+01
      vertex   1.814560e+01 -1.330332e+01 3.500000e+01
    endloop
  endfacet
  facet normal -5.555702e-01 -8.314696e-01 7.384934e-16
    outer loop
      vertex   1.814560e+01 -1.330332e+01 3.900000e+01
      vertex   1.814560e+01 -1.330332e+01 3.500000e+01
      vertex   1.854706e+01 -1.357157e+01 3.900000e+01
    endloop
  endfacet
  facet normal -5.555702e-01 -8.314696e-01 -0.000000e+00
    outer loop
      vertex   1.854706e+01 -1.357157e+01 3.900000e+01
      vertex   1.814560e+01 -1.330332e+01 3.500000e+01
      vertex   1.854706e+01 -1.357157e+01 3.500000e+01
    endloop
  endfacet
  facet normal -6.593458e-01 -7.518398e-01 -0.000000e+00
    outer loop
      vertex   1.854706e+01 -1.357157e+01 3.900000e+01
      vertex   1.854706e+01 -1.357157e+01 3.500000e+01
      vertex   1.891008e+01 -1.388992e+01 3.900000e+01
    endloop
  endfacet
  facet normal -6.593458e-01 -7.518398e-01 -0.000000e+00
    outer loop
      vertex   1.891008e+01 -1.388992e+01 3.900000e+01
      vertex   1.854706e+01 -1.357157e+01 3.500000e+01
      vertex   1.891008e+01 -1.388992e+01 3.500000e+01
    endloop
  endfacet
  facet normal -7.518398e-01 -6.593458e-01 -0.000000e+00
    outer loop
      vertex   1.891008e+01 -1.388992e+01 3.900000e+01
      vertex   1.891008e+01 -1.388992e+01 3.500000e+01
      vertex   1.922843e+01 -1.425294e+01 3.900000e+01
    endloop
  endfacet
  facet normal -7.518398e-01 -6.593458e-01 -0.000000e+00
    outer loop
      vertex   1.922843e+01 -1.425294e+01 3.900000e+01
      vertex   1.891008e+01 -1.388992e+01 3.500000e+01
      vertex   1.922843e+01 -1.425294e+01 3.500000e+01
    endloop
  endfacet
  facet normal -8.314696e-01 -5.555702e-01 -0.000000e+00
    outer loop
      vertex   1.922843e+01 -1.425294e+01 3.900000e+01
      vertex   1.922843e+01 -1.425294e+01 3.500000e+01
      vertex   1.949668e+01 -1.465440e+01 3.900000e+01
    endloop
  endfacet
  facet normal -8.314696e-01 -5.555702e-01 4.934455e-16
    outer loop
      vertex   1.949668e+01 -1.465440e+01 3.900000e+01
      vertex   1.922843e+01 -1.425294e+01 3.500000e+01
      vertex   1.949668e+01 -1.465440e+01 3.500000e+01
    endloop
  endfacet
  facet normal -8.968727e-01 -4.422887e-01 3.928313e-16
    outer loop
      vertex   1.949668e+01 -1.465440e+01 3.900000e+01
      vertex   1.949668e+01 -1.465440e+01 3.500000e+01
      vertex   1.971023e+01 -1.508744e+01 3.900000e+01
    endloop
  endfacet
  facet normal -8.968727e-01 -4.422887e-01 1.964156e-16
    outer loop
      vertex   1.971023e+01 -1.508744e+01 3.900000e+01
      vertex   1.949668e+01 -1.465440e+01 3.500000e+01
      vertex   1.971023e+01 -1.508744e+01 3.500000e+01
    endloop
  endfacet
  facet normal -9.469301e-01 -3.214395e-01 1.427478e-16
    outer loop
      vertex   1.971023e+01 -1.508744e+01 3.900000e+01
      vertex   1.971023e+01 -1.508744e+01 3.500000e+01
      vertex   1.986543e+01 -1.554465e+01 3.900000e+01
    endloop
  endfacet
  facet normal -9.469301e-01 -3.214395e-01 1.427478e-16
    outer loop
      vertex   1.986543e+01 -1.554465e+01 3.900000e+01
      vertex   1.971023e+01 -1.508744e+01 3.500000e+01
      vertex   1.986543e+01 -1.554465e+01 3.500000e+01
    endloop
  endfacet
  facet normal -9.807853e-01 -1.950903e-01 8.663751e-17
    outer loop
      vertex   1.986543e+01 -1.554465e+01 3.900000e+01
      vertex   1.986543e+01 -1.554465e+01 3.500000e+01
      vertex   1.995963e+01 -1.601820e+01 3.900000e+01
    endloop
  endfacet
  facet normal -9.807853e-01 -1.950903e-01 -6.978373e-16
    outer loop
      vertex   1.995963e+01 -1.601820e+01 3.900000e+01
      vertex   1.986543e+01 -1.554465e+01 3.500000e+01
      vertex   1.995963e+01 -1.601820e+01 3.500000e+01
    endloop
  endfacet
  facet normal -9.978589e-01 -6.540313e-02 -8.281871e-16
    outer loop
      vertex   1.995963e+01 -1.601820e+01 3.900000e+01
      vertex   1.995963e+01 -1.601820e+01 3.500000e+01
      vertex   1.999121e+01 -1.650000e+01 3.900000e+01
    endloop
  endfacet
  facet normal -9.978589e-01 -6.540313e-02 -0.000000e+00
    outer loop
      vertex   1.999121e+01 -1.650000e+01 3.900000e+01
      vertex   1.995963e+01 -1.601820e+01 3.500000e+01
      vertex   1.999121e+01 -1.650000e+01 3.500000e+01
    endloop
  endfacet
  facet normal -9.978589e-01 6.540313e-02 0.000000e+00
    outer loop
      vertex   1.999121e+01 -1.650000e+01 3.900000e+01
      vertex   1.999121e+01 -1.650000e+01 3.500000e+01
      vertex   1.995963e+01 -1.698180e+01 3.900000e+01
    endloop
  endfacet
  facet normal -9.978589e-01 6.540313e-02 -5.808965e-17
    outer loop
      vertex   1.995963e+01 -1.698180e+01 3.900000e+01
      vertex   1.999121e+01 -1.650000e+01 3.500000e+01
      vertex   1.995963e+01 -1.698180e+01 3.500000e+01
    endloop
  endfacet
  facet normal -9.807853e-01 1.950903e-01 -1.732750e-16
    outer loop
      vertex   1.995963e+01 -1.698180e+01 3.900000e+01
      vertex   1.995963e+01 -1.698180e+01 3.500000e+01
      vertex   1.986543e+01 -1.745535e+01 3.900000e+01
    endloop
  endfacet
  facet normal -9.807853e-01 1.950903e-01 -1.732750e-16
    outer loop
      vertex   1.986543e+01 -1.745535e+01 3.900000e+01
      vertex   1.995963e+01 -1.698180e+01 3.500000e+01
      vertex   1.986543e+01 -1.745535e+01 3.500000e+01
    endloop
  endfacet
  facet normal -9.469301e-01 3.214395e-01 -2.854956e-16
    outer loop
      vertex   1.986543e+01 -1.745535e+01 3.900000e+01
      vertex   1.986543e+01 -1.745535e+01 3.500000e+01
      vertex   1.971023e+01 -1.791256e+01 3.900000e+01
    endloop
  endfacet
  facet normal -9.469301e-01 3.214395e-01 -2.854956e-16
    outer loop
      vertex   1.971023e+01 -1.791256e+01 3.900000e+01
      vertex   1.986543e+01 -1.745535e+01 3.500000e+01
      vertex   1.971023e+01 -1.791256e+01 3.500000e+01
    endloop
  endfacet
  facet normal -8.968727e-01 4.422887e-01 -3.928313e-16
    outer loop
      vertex   1.971023e+01 -1.791256e+01 3.900000e+01
      vertex   1.971023e+01 -1.791256e+01 3.500000e+01
      vertex   1.949668e+01 -1.834560e+01 3.900000e+01
    endloop
  endfacet
  facet normal -8.968727e-01 4.422887e-01 4.037517e-16
    outer loop
      vertex   1.949668e+01 -1.834560e+01 3.900000e+01
      vertex   1.971023e+01 -1.791256e+01 3.500000e+01
      vertex   1.949668e+01 -1.834560e+01 3.500000e+01
    endloop
  endfacet
  facet normal -8.314696e-01 5.555702e-01 2.450479e-16
    outer loop
      vertex   1.949668e+01 -1.834560e+01 3.900000e+01
      vertex   1.949668e+01 -1.834560e+01 3.500000e+01
      vertex   1.922843e+01 -1.874706e+01 3.900000e+01
    endloop
  endfacet
  facet normal -8.314696e-01 5.555702e-01 0.000000e+00
    outer loop
      vertex   1.922843e+01 -1.874706e+01 3.900000e+01
      vertex   1.949668e+01 -1.834560e+01 3.500000e+01
      vertex   1.922843e+01 -1.874706e+01 3.500000e+01
    endloop
  endfacet
  facet normal -7.518398e-01 6.593458e-01 0.000000e+00
    outer loop
      vertex   1.922843e+01 -1.874706e+01 3.900000e+01
      vertex   1.922843e+01 -1.874706e+01 3.500000e+01
      vertex   1.891008e+01 -1.911008e+01 3.900000e+01
    endloop
  endfacet
  facet normal -7.518398e-01 6.593458e-01 0.000000e+00
    outer loop
      vertex   1.891008e+01 -1.911008e+01 3.900000e+01
      vertex   1.922843e+01 -1.874706e+01 3.500000e+01
      vertex   1.891008e+01 -1.911008e+01 3.500000e+01
    endloop
  endfacet
  facet normal -6.593458e-01 7.518398e-01 0.000000e+00
    outer loop
      vertex   1.891008e+01 -1.911008e+01 3.900000e+01
      vertex   1.891008e+01 -1.911008e+01 3.500000e+01
      vertex   1.854706e+01 -1.942843e+01 3.900000e+01
    endloop
  endfacet
  facet normal -6.593458e-01 7.518398e-01 0.000000e+00
    outer loop
      vertex   1.854706e+01 -1.942843e+01 3.900000e+01
      vertex   1.891008e+01 -1.911008e+01 3.500000e+01
      vertex   1.854706e+01 -1.942843e+01 3.500000e+01
    endloop
  endfacet
  facet normal -5.555702e-01 8.314696e-01 0.000000e+00
    outer loop
      vertex   1.854706e+01 -1.942843e+01 3.900000e+01
      vertex   1.854706e+01 -1.942843e+01 3.500000e+01
      vertex   1.814560e+01 -1.969668e+01 3.900000e+01
    endloop
  endfacet
  facet normal -5.555702e-01 8.314696e-01 0.000000e+00
    outer loop
      vertex   1.814560e+01 -1.969668e+01 3.900000e+01
      vertex   1.854706e+01 -1.942843e+01 3.500000e+01
      vertex   1.814560e+01 -1.969668e+01 3.500000e+01
    endloop
  endfacet
  facet normal -4.422887e-01 8.968727e-01 0.000000e+00
    outer loop
      vertex   1.814560e+01 -1.969668e+01 3.900000e+01
      vertex   1.814560e+01 -1.969668e+01 3.500000e+01
      vertex   1.771256e+01 -1.991023e+01 3.900000e+01
    endloop
  endfacet
  facet normal -4.422887e-01 8.968727e-01 0.000000e+00
    outer loop
      vertex   1.771256e+01 -1.991023e+01 3.900000e+01
      vertex   1.814560e+01 -1.969668e+01 3.500000e+01
      vertex   1.771256e+01 -1.991023e+01 3.500000e+01
    endloop
  endfacet
  facet normal -3.214395e-01 9.469301e-01 0.000000e+00
    outer loop
      vertex   1.771256e+01 -1.991023e+01 3.900000e+01
      vertex   1.771256e+01 -1.991023e+01 3.500000e+01
      vertex   1.725535e+01 -2.006543e+01 3.900000e+01
    endloop
  endfacet
  facet normal -3.214395e-01 9.469301e-01 0.000000e+00
    outer loop
      vertex   1.725535e+01 -2.006543e+01 3.900000e+01
      vertex   1.771256e+01 -1.991023e+01 3.500000e+01
      vertex   1.725535e+01 -2.006543e+01 3.500000e+01
    endloop
  endfacet
  facet normal -1.950903e-01 9.807853e-01 0.000000e+00
    outer loop
      vertex   1.725535e+01 -2.006543e+01 3.900000e+01
      vertex   1.725535e+01 -2.006543e+01 3.500000e+01
      vertex   1.678180e+01 -2.015963e+01 3.900000e+01
    endloop
  endfacet
  facet normal -1.950903e-01 9.807853e-01 0.000000e+00
    outer loop
      vertex   1.678180e+01 -2.015963e+01 3.900000e+01
      vertex   1.725535e+01 -2.006543e+01 3.500000e+01
      vertex   1.678180e+01 -2.015963e+01 3.500000e+01
    endloop
  endfacet
  facet normal -6.540313e-02 9.978589e-01 0.000000e+00
    outer loop
      vertex   1.678180e+01 -2.015963e+01 3.900000e+01
      vertex   1.678180e+01 -2.015963e+01 3.500000e+01
      vertex   1.630000e+01 -2.019121e+01 3.900000e+01
    endloop
  endfacet
  facet normal -6.540313e-02 9.978589e-01 0.000000e+00
    outer loop
      vertex   1.630000e+01 -2.019121e+01 3.900000e+01
      vertex   1.678180e+01 -2.015963e+01 3.500000e+01
      vertex   1.630000e+01 -2.019121e+01 3.500000e+01
    endloop
  endfacet
  facet normal -3.552714e-16 -1.000000e+00 0.000000e+00
    outer loop
      vertex   1.130000e+01 -1.280879e+01 3.500000e+01
      vertex   1.630000e+01 -1.280879e+01 3.500000e+01
      vertex   1.130000e+01 -1.280879e+01 3.900000e+01
    endloop
  endfacet
  facet normal -3.552714e-16 -1.000000e+00 0.000000e+00
    outer loop
      vertex   1.130000e+01 -1.280879e+01 3.900000e+01
      vertex   1.630000e+01 -1.280879e+01 3.500000e+01
      vertex   1.630000e+01 -1.280879e+01 3.900000e+01
    endloop
  endfacet
  facet normal 0.000000e+00 0.000000e+00 1.000000e+00
    outer loop
      vertex   1.130000e+01 -1.280879e+01 3.500000e+01
      vertex   1.177940e+01 -1.284006e+01 3.500000e+01
      vertex   1.630000e+01 -1.280879e+01 3.500000e+01
    endloop
  endfacet
  facet normal 5.091120e-16 -7.361666e-14 1.000000e+00
    outer loop
      vertex   1.630000e+01 -1.280879e+01 3.500000e+01
      vertex   1.177940e+01 -1.284006e+01 3.500000e+01
      vertex   1.225067e+01 -1.293332e+01 3.500000e+01
    endloop
  endfacet
  facet normal -1.608236e-15 -4.763384e-15 1.000000e+00
    outer loop
      vertex   1.630000e+01 -1.280879e+01 3.500000e+01
      vertex   1.225067e+01 -1.293332e+01 3.500000e+01
      vertex   1.270584e+01 -1.308699e+01 3.500000e+01
    endloop
  endfacet
  facet normal -3.953329e-15 2.553360e-14 1.000000e+00
    outer loop
      vertex   1.270584e+01 -1.308699e+01 3.500000e+01
      vertex   1.313720e+01 -1.329849e+01 3.500000e+01
      vertex   1.630000e+01 -1.280879e+01 3.500000e+01
    endloop
  endfacet
  facet normal 0.000000e+00 0.000000e+00 1.000000e+00
    outer loop
      vertex   1.630000e+01 -1.280879e+01 3.500000e+01
      vertex   1.313720e+01 -1.329849e+01 3.500000e+01
      vertex   1.353744e+01 -1.356421e+01 3.500000e+01
    endloop
  endfacet
  facet normal 0.000000e+00 0.000000e+00 1.000000e+00
    outer loop
      vertex   1.630000e+01 -1.280879e+01 3.500000e+01
      vertex   1.353744e+01 -1.356421e+01 3.500000e+01
      vertex   1.389977e+01 -1.387966e+01 3.500000e+01
    endloop
  endfacet
  facet normal -0.000000e+00 0.000000e+00 1.000000e+00
    outer loop
      vertex   1.389977e+01 -1.387966e+01 3.500000e+01
      vertex   1.419426e+01 -1.413604e+01 3.500000e+01
      vertex   1.630000e+01 -1.280879e+01 3.500000e+01
    endloop
  endfacet
  facet normal 0.000000e+00 0.000000e+00 1.000000e+00
    outer loop
      vertex   1.630000e+01 -1.280879e+01 3.500000e+01
      vertex   1.419426e+01 -1.413604e+01 3.500000e+01
      vertex   1.451955e+01 -1.435201e+01 3.500000e+01
    endloop
  endfacet
  facet normal 0.000000e+00 0.000000e+00 1.000000e+00
    outer loop
      vertex   1.630000e+01 -1.280879e+01 3.500000e+01
      vertex   1.451955e+01 -1.435201e+01 3.500000e+01
      vertex   1.487013e+01 -1.452389e+01 3.500000e+01
    endloop
  endfacet
  facet normal -0.000000e+00 0.000000e+00 1.000000e+00
    outer loop
      vertex   1.487013e+01 -1.452389e+01 3.500000e+01
      vertex   1.524007e+01 -1.464879e+01 3.500000e+01
      vertex   1.630000e+01 -1.280879e+01 3.500000e+01
    endloop
  endfacet
  facet normal 0.000000e+00 0.000000e+00 1.000000e+00
    outer loop
      vertex   1.630000e+01 -1.280879e+01 3.500000e+01
      vertex   1.524007e+01 -1.464879e+01 3.500000e+01
      vertex   1.562310e+01 -1.472459e+01 3.500000e+01
    endloop
  endfacet
  facet normal 0.000000e+00 0.000000e+00 1.000000e+00
    outer loop
      vertex   1.630000e+01 -1.280879e+01 3.500000e+01
      vertex   1.562310e+01 -1.472459e+01 3.500000e+01
      vertex   1.601272e+01 -1.475000e+01 3.500000e+01
    endloop
  endfacet
  facet normal 0.000000e+00 0.000000e+00 1.000000e+00
    outer loop
      vertex   1.601272e+01 -1.475000e+01 3.500000e+01
      vertex   1.630000e+01 -1.475000e+01 3.500000e+01
      vertex   1.630000e+01 -1.280879e+01 3.500000e+01
    endloop
  endfacet
  facet normal -1.474770e-14 -2.699062e-29 1.000000e+00
    outer loop
      vertex   1.630000e+01 -1.280879e+01 3.500000e+01
      vertex   1.630000e+01 -1.475000e+01 3.500000e+01
      vertex   1.678180e+01 -1.284037e+01 3.500000e+01
    endloop
  endfacet
  facet normal -3.575855e-16 -3.630627e-15 1.000000e+00
    outer loop
      vertex   1.678180e+01 -1.284037e+01 3.500000e+01
      vertex   1.630000e+01 -1.475000e+01 3.500000e+01
      vertex   1.664141e+01 -1.478363e+01 3.500000e+01
    endloop
  endfacet
  facet normal -7.170115e-16 -3.604660e-15 1.000000e+00
    outer loop
      vertex   1.678180e+01 -1.284037e+01 3.500000e+01
      vertex   1.664141e+01 -1.478363e+01 3.500000e+01
      vertex   1.725535e+01 -1.293457e+01 3.500000e+01
    endloop
  endfacet
  facet normal -1.172302e-15 -3.453489e-15 1.000000e+00
    outer loop
      vertex   1.725535e+01 -1.293457e+01 3.500000e+01
      vertex   1.664141e+01 -1.478363e+01 3.500000e+01
      vertex   1.771256e+01 -1.308977e+01 3.500000e+01
    endloop
  endfacet
  facet normal -1.067675e-15 -3.519653e-15 1.000000e+00
    outer loop
      vertex   1.771256e+01 -1.308977e+01 3.500000e+01
      vertex   1.664141e+01 -1.478363e+01 3.500000e+01
      vertex   1.696970e+01 -1.488321e+01 3.500000e+01
    endloop
  endfacet
  facet normal -1.622390e-15 -3.289882e-15 1.000000e+00
    outer loop
      vertex   1.771256e+01 -1.308977e+01 3.500000e+01
      vertex   1.696970e+01 -1.488321e+01 3.500000e+01
      vertex   1.814560e+01 -1.330332e+01 3.500000e+01
    endloop
  endfacet
  facet normal -2.006969e-15 -3.003641e-15 1.000000e+00
    outer loop
      vertex   1.814560e+01 -1.330332e+01 3.500000e+01
      vertex   1.696970e+01 -1.488321e+01 3.500000e+01
      vertex   1.854706e+01 -1.357157e+01 3.500000e+01
    endloop
  endfacet
  facet normal -1.762575e-15 -3.297547e-15 1.000000e+00
    outer loop
      vertex   1.854706e+01 -1.357157e+01 3.500000e+01
      vertex   1.696970e+01 -1.488321e+01 3.500000e+01
      vertex   1.727225e+01 -1.504493e+01 3.500000e+01
    endloop
  endfacet
  facet normal -2.404658e-15 -2.741987e-15 1.000000e+00
    outer loop
      vertex   1.854706e+01 -1.357157e+01 3.500000e+01
      vertex   1.727225e+01 -1.504493e+01 3.500000e+01
      vertex   1.891008e+01 -1.388992e+01 3.500000e+01
    endloop
  endfacet
  facet normal -2.333316e-15 -2.843153e-15 1.000000e+00
    outer loop
      vertex   1.891008e+01 -1.388992e+01 3.500000e+01
      vertex   1.727225e+01 -1.504493e+01 3.500000e+01
      vertex   1.753744e+01 -1.526256e+01 3.500000e+01
    endloop
  endfacet
  facet normal -2.757876e-15 -2.418593e-15 1.000000e+00
    outer loop
      vertex   1.891008e+01 -1.388992e+01 3.500000e+01
      vertex   1.753744e+01 -1.526256e+01 3.500000e+01
      vertex   1.922843e+01 -1.425294e+01 3.500000e+01
    endloop
  endfacet
  facet normal -3.003641e-15 -2.006969e-15 1.000000e+00
    outer loop
      vertex   1.922843e+01 -1.425294e+01 3.500000e+01
      vertex   1.753744e+01 -1.526256e+01 3.500000e+01
      vertex   1.949668e+01 -1.465440e+01 3.500000e+01
    endloop
  endfacet
  facet normal -2.890324e-15 -2.372027e-15 1.000000e+00
    outer loop
      vertex   1.949668e+01 -1.465440e+01 3.500000e+01
      vertex   1.753744e+01 -1.526256e+01 3.500000e+01
      vertex   1.775507e+01 -1.552775e+01 3.500000e+01
    endloop
  endfacet
  facet normal -3.270928e-15 -1.613043e-15 1.000000e+00
    outer loop
      vertex   1.949668e+01 -1.465440e+01 3.500000e+01
      vertex   1.775507e+01 -1.552775e+01 3.500000e+01
      vertex   1.971023e+01 -1.508744e+01 3.500000e+01
    endloop
  endfacet
  facet normal -7.964456e-15 1.922790e-14 1.000000e+00
    outer loop
      vertex   1.971023e+01 -1.508744e+01 3.500000e+01
      vertex   1.775507e+01 -1.552775e+01 3.500000e+01
      vertex   1.791679e+01 -1.583030e+01 3.500000e+01
    endloop
  endfacet
  facet normal 0.000000e+00 0.000000e+00 1.000000e+00
    outer loop
      vertex   1.971023e+01 -1.508744e+01 3.500000e+01
      vertex   1.791679e+01 -1.583030e+01 3.500000e+01
      vertex   1.986543e+01 -1.554465e+01 3.500000e+01
    endloop
  endfacet
  facet normal 0.000000e+00 0.000000e+00 1.000000e+00
    outer loop
      vertex   1.986543e+01 -1.554465e+01 3.500000e+01
      vertex   1.791679e+01 -1.583030e+01 3.500000e+01
      vertex   1.801637e+01 -1.615859e+01 3.500000e+01
    endloop
  endfacet
  facet normal 0.000000e+00 0.000000e+00 1.000000e+00
    outer loop
      vertex   1.986543e+01 -1.554465e+01 3.500000e+01
      vertex   1.801637e+01 -1.615859e+01 3.500000e+01
      vertex   1.995963e+01 -1.601820e+01 3.500000e+01
    endloop
  endfacet
  facet normal 0.000000e+00 0.000000e+00 1.000000e+00
    outer loop
      vertex   1.995963e+01 -1.601820e+01 3.500000e+01
      vertex   1.801637e+01 -1.615859e+01 3.500000e+01
      vertex   1.805000e+01 -1.650000e+01 3.500000e+01
    endloop
  endfacet
  facet normal 0.000000e+00 0.000000e+00 1.000000e+00
    outer loop
      vertex   1.995963e+01 -1.601820e+01 3.500000e+01
      vertex   1.805000e+01 -1.650000e+01 3.500000e+01
      vertex   1.999121e+01 -1.650000e+01 3.500000e+01
    endloop
  endfacet
  facet normal 0.000000e+00 0.000000e+00 1.000000e+00
    outer loop
      vertex   1.999121e+01 -1.650000e+01 3.500000e+01
      vertex   1.805000e+01 -1.650000e+01 3.500000e+01
      vertex   1.995963e+01 -1.698180e+01 3.500000e+01
    endloop
  endfacet
  facet normal 0.000000e+00 0.000000e+00 1.000000e+00
    outer loop
      vertex   1.995963e+01 -1.698180e+01 3.500000e+01
      vertex   1.805000e+01 -1.650000e+01 3.500000e+01
      vertex   1.801637e+01 -1.684141e+01 3.500000e+01
    endloop
  endfacet
  facet normal 0.000000e+00 0.000000e+00 1.000000e+00
    outer loop
      vertex   1.995963e+01 -1.698180e+01 3.500000e+01
      vertex   1.801637e+01 -1.684141e+01 3.500000e+01
      vertex   1.986543e+01 -1.745535e+01 3.500000e+01
    endloop
  endfacet
  facet normal 0.000000e+00 0.000000e+00 1.000000e+00
    outer loop
      vertex   1.986543e+01 -1.745535e+01 3.500000e+01
      vertex   1.801637e+01 -1.684141e+01 3.500000e+01
      vertex   1.791679e+01 -1.716970e+01 3.500000e+01
    endloop
  endfacet
  facet normal 0.000000e+00 0.000000e+00 1.000000e+00
    outer loop
      vertex   1.986543e+01 -1.745535e+01 3.500000e+01
      vertex   1.791679e+01 -1.716970e+01 3.500000e+01
      vertex   1.971023e+01 -1.791256e+01 3.500000e+01
    endloop
  endfacet
  facet normal 0.000000e+00 0.000000e+00 1.000000e+00
    outer loop
      vertex   1.971023e+01 -1.791256e+01 3.500000e+01
      vertex   1.791679e+01 -1.716970e+01 3.500000e+01
      vertex   1.775507e+01 -1.747225e+01 3.500000e+01
    endloop
  endfacet
  facet normal 0.000000e+00 0.000000e+00 1.000000e+00
    outer loop
      vertex   1.971023e+01 -1.791256e+01 3.500000e+01
      vertex   1.775507e+01 -1.747225e+01 3.500000e+01
      vertex   1.949668e+01 -1.834560e+01 3.500000e+01
    endloop
  endfacet
  facet normal 0.000000e+00 0.000000e+00 1.000000e+00
    outer loop
      vertex   1.949668e+01 -1.834560e+01 3.500000e+01
      vertex   1.775507e+01 -1.747225e+01 3.500000e+01
      vertex   1.753744e+01 -1.773744e+01 3.500000e+01
    endloop
  endfacet
  facet normal 0.000000e+00 0.000000e+00 1.000000e+00
    outer loop
      vertex   1.949668e+01 -1.834560e+01 3.500000e+01
      vertex   1.753744e+01 -1.773744e+01 3.500000e+01
      vertex   1.922843e+01 -1.874706e+01 3.500000e+01
    endloop
  endfacet
  facet normal 0.000000e+00 0.000000e+00 1.000000e+00
    outer loop
      vertex   1.922843e+01 -1.874706e+01 3.500000e+01
      vertex   1.753744e+01 -1.773744e+01 3.500000e+01
      vertex   1.891008e+01 -1.911008e+01 3.500000e+01
    endloop
  endfacet
  facet normal 0.000000e+00 0.000000e+00 1.000000e+00
    outer loop
      vertex   1.891008e+01 -1.911008e+01 3.500000e+01
      vertex   1.753744e+01 -1.773744e+01 3.500000e+01
      vertex   1.727225e+01 -1.795507e+01 3.500000e+01
    endloop
  endfacet
  facet normal 0.000000e+00 0.000000e+00 1.000000e+00
    outer loop
      vertex   1.891008e+01 -1.911008e+01 3.500000e+01
      vertex   1.727225e+01 -1.795507e+01 3.500000e+01
      vertex   1.854706e+01 -1.942843e+01 3.500000e+01
    endloop
  endfacet
  facet normal 0.000000e+00 0.000000e+00 1.000000e+00
    outer loop
      vertex   1.854706e+01 -1.942843e+01 3.500000e+01
      vertex   1.727225e+01 -1.795507e+01 3.500000e+01
      vertex   1.696970e+01 -1.811679e+01 3.500000e+01
    endloop
  endfacet
  facet normal 0.000000e+00 0.000000e+00 1.000000e+00
    outer loop
      vertex   1.854706e+01 -1.942843e+01 3.500000e+01
      vertex   1.696970e+01 -1.811679e+01 3.500000e+01
      vertex   1.814560e+01 -1.969668e+01 3.500000e+01
    endloop
  endfacet
  facet normal 0.000000e+00 0.000000e+00 1.000000e+00
    outer loop
      vertex   1.814560e+01 -1.969668e+01 3.500000e+01
      vertex   1.696970e+01 -1.811679e+01 3.500000e+01
      vertex   1.771256e+01 -1.991023e+01 3.500000e+01
    endloop
  endfacet
  facet normal 0.000000e+00 0.000000e+00 1.000000e+00
    outer loop
      vertex   1.771256e+01 -1.991023e+01 3.500000e+01
      vertex   1.696970e+01 -1.811679e+01 3.500000e+01
      vertex   1.664141e+01 -1.821637e+01 3.500000e+01
    endloop
  endfacet
  facet normal 0.000000e+00 0.000000e+00 1.000000e+00
    outer loop
      vertex   1.771256e+01 -1.991023e+01 3.500000e+01
      vertex   1.664141e+01 -1.821637e+01 3.500000e+01
      vertex   1.725535e+01 -2.006543e+01 3.500000e+01
    endloop
  endfacet
  facet normal 0.000000e+00 0.000000e+00 1.000000e+00
    outer loop
      vertex   1.725535e+01 -2.006543e+01 3.500000e+01
      vertex   1.664141e+01 -1.821637e+01 3.500000e+01
      vertex   1.678180e+01 -2.015963e+01 3.500000e+01
    endloop
  endfacet
  facet normal 0.000000e+00 0.000000e+00 1.000000e+00
    outer loop
      vertex   1.678180e+01 -2.015963e+01 3.500000e+01
      vertex   1.664141e+01 -1.821637e+01 3.500000e+01
      vertex   1.630000e+01 -1.825000e+01 3.500000e+01
    endloop
  endfacet
  facet normal -1.450779e-14 -3.660316e-15 1.000000e+00
    outer loop
      vertex   1.678180e+01 -2.015963e+01 3.500000e+01
      vertex   1.630000e+01 -1.825000e+01 3.500000e+01
      vertex   1.630000e+01 -2.019121e+01 3.500000e+01
    endloop
  endfacet
  facet normal 1.357987e-28 -3.660316e-15 1.000000e+00
    outer loop
      vertex   1.630000e+01 -2.019121e+01 3.500000e+01
      vertex   1.630000e+01 -1.825000e+01 3.500000e+01
      vertex   1.601272e+01 -1.825000e+01 3.500000e+01
    endloop
  endfacet
  facet normal 2.364213e-16 -3.625328e-15 1.000000e+00
    outer loop
      vertex   1.630000e+01 -2.019121e+01 3.500000e+01
      vertex   1.601272e+01 -1.825000e+01 3.500000e+01
      vertex   1.562310e+01 -1.827541e+01 3.500000e+01
    endloop
  endfacet
  facet normal 6.859786e-16 -3.466487e-15 1.000000e+00
    outer loop
      vertex   1.562310e+01 -1.827541e+01 3.500000e+01
      vertex   1.524007e+01 -1.835121e+01 3.500000e+01
      vertex   1.630000e+01 -2.019121e+01 3.500000e+01
    endloop
  endfacet
  facet normal 1.091502e-15 -3.232886e-15 1.000000e+00
    outer loop
      vertex   1.630000e+01 -2.019121e+01 3.500000e+01
      vertex   1.524007e+01 -1.835121e+01 3.500000e+01
      vertex   1.487013e+01 -1.847611e+01 3.500000e+01
    endloop
  endfacet
  facet normal 1.441851e-15 -2.940802e-15 1.000000e+00
    outer loop
      vertex   1.630000e+01 -2.019121e+01 3.500000e+01
      vertex   1.487013e+01 -1.847611e+01 3.500000e+01
      vertex   1.451955e+01 -1.864799e+01 3.500000e+01
    endloop
  endfacet
  facet normal 1.730975e-15 -2.607231e-15 1.000000e+00
    outer loop
      vertex   1.451955e+01 -1.864799e+01 3.500000e+01
      vertex   1.419426e+01 -1.886396e+01 3.500000e+01
      vertex   1.630000e+01 -2.019121e+01 3.500000e+01
    endloop
  endfacet
  facet normal 1.208984e-14 1.382757e-14 1.000000e+00
    outer loop
      vertex   1.630000e+01 -2.019121e+01 3.500000e+01
      vertex   1.419426e+01 -1.886396e+01 3.500000e+01
      vertex   1.389977e+01 -1.912034e+01 3.500000e+01
    endloop
  endfacet
  facet normal 3.914568e-15 -4.496362e-15 1.000000e+00
    outer loop
      vertex   1.630000e+01 -2.019121e+01 3.500000e+01
      vertex   1.389977e+01 -1.912034e+01 3.500000e+01
      vertex   1.353744e+01 -1.943579e+01 3.500000e+01
    endloop
  endfacet
  facet normal 3.643451e-15 -5.487843e-15 1.000000e+00
    outer loop
      vertex   1.353744e+01 -1.943579e+01 3.500000e+01
      vertex   1.313720e+01 -1.970151e+01 3.500000e+01
      vertex   1.630000e+01 -2.019121e+01 3.500000e+01
    endloop
  endfacet
  facet normal 7.368107e-15 1.856881e-14 1.000000e+00
    outer loop
      vertex   1.630000e+01 -2.019121e+01 3.500000e+01
      vertex   1.313720e+01 -1.970151e+01 3.500000e+01
      vertex   1.270584e+01 -1.991301e+01 3.500000e+01
    endloop
  endfacet
  facet normal 4.824707e-15 -1.429015e-14 1.000000e+00
    outer loop
      vertex   1.630000e+01 -2.019121e+01 3.500000e+01
      vertex   1.270584e+01 -1.991301e+01 3.500000e+01
      vertex   1.225067e+01 -2.006668e+01 3.500000e+01
    endloop
  endfacet
  facet normal 2.528312e-15 -8.896582e-14 1.000000e+00
    outer loop
      vertex   1.225067e+01 -2.006668e+01 3.500000e+01
      vertex   1.177940e+01 -2.015994e+01 3.500000e+01
      vertex   1.630000e+01 -2.019121e+01 3.500000e+01
    endloop
  endfacet
  facet normal -6.459616e-28 -4.545551e-13 1.000000e+00
    outer loop
      vertex   1.630000e+01 -2.019121e+01 3.500000e+01
      vertex   1.177940e+01 -2.015994e+01 3.500000e+01
      vertex   1.130000e+01 -2.019121e+01 3.500000e+01
    endloop
  endfacet
  facet normal 1.731345e-13 -1.000000e+00 3.330669e-15
    outer loop
      vertex   -7.987279e+00 -1.475000e+01 3.340000e+01
      vertex   -7.700000e+00 -1.475000e+01 3.340000e+01
      vertex   -7.987279e+00 -1.475000e+01 3.500000e+01
    endloop
  endfacet
  facet normal 1.669511e-13 -1.000000e+00 2.220446e-15
    outer loop
      vertex   -7.987279e+00 -1.475000e+01 3.500000e+01
      vertex   -7.700000e+00 -1.475000e+01 3.340000e+01
      vertex   -7.700000e+00 -1.475000e+01 3.500000e+01
    endloop
  endfacet
  facet normal -6.566264e-01 -7.542160e-01 2.512044e-15
    outer loop
      vertex   -1.010023e+01 -1.387966e+01 3.500000e+01
      vertex   -1.010023e+01 -1.387966e+01 3.340000e+01
      vertex   -9.805740e+00 -1.413604e+01 3.500000e+01
    endloop
  endfacet
  facet normal -6.566264e-01 -7.542160e-01 2.512044e-15
    outer loop
      vertex   -9.805740e+00 -1.413604e+01 3.500000e+01
      vertex   -1.010023e+01 -1.387966e+01 3.340000e+01
      vertex   -9.805740e+00 -1.413604e+01 3.340000e+01
    endloop
  endfacet
  facet normal -5.531111e-01 -8.331075e-01 2.774805e-15
    outer loop
      vertex   -9.805740e+00 -1.413604e+01 3.500000e+01
      vertex   -9.805740e+00 -1.413604e+01 3.340000e+01
      vertex   -9.480450e+00 -1.435201e+01 3.500000e+01
    endloop
  endfacet
  facet normal -5.531111e-01 -8.331075e-01 1.849870e-15
    outer loop
      vertex   -9.480450e+00 -1.435201e+01 3.500000e+01
      vertex   -9.805740e+00 -1.413604e+01 3.340000e+01
      vertex   -9.480450e+00 -1.435201e+01 3.340000e+01
    endloop
  endfacet
  facet normal -4.402264e-01 -8.978868e-01 1.993709e-15
    outer loop
      vertex   -9.480450e+00 -1.435201e+01 3.500000e+01
      vertex   -9.480450e+00 -1.435201e+01 3.340000e+01
      vertex   -9.129868e+00 -1.452389e+01 3.500000e+01
    endloop
  endfacet
  facet normal -4.402264e-01 -8.978868e-01 1.993709e-15
    outer loop
      vertex   -9.129868e+00 -1.452389e+01 3.500000e+01
      vertex   -9.480450e+00 -1.435201e+01 3.340000e+01
      vertex   -9.129868e+00 -1.452389e+01 3.340000e+01
    endloop
  endfacet
  facet normal -3.198846e-01 -9.474565e-01 2.103776e-15
    outer loop
      vertex   -9.129868e+00 -1.452389e+01 3.500000e+01
      vertex   -9.129868e+00 -1.452389e+01 3.340000e+01
      vertex   -8.759930e+00 -1.464879e+01 3.500000e+01
    endloop
  endfacet
  facet normal -3.198846e-01 -9.474565e-01 3.155664e-15
    outer loop
      vertex   -8.759930e+00 -1.464879e+01 3.500000e+01
      vertex   -9.129868e+00 -1.452389e+01 3.340000e+01
      vertex   -8.759930e+00 -1.464879e+01 3.340000e+01
    endloop
  endfacet
  facet normal -1.941243e-01 -9.809769e-01 3.267310e-15
    outer loop
      vertex   -8.759930e+00 -1.464879e+01 3.500000e+01
      vertex   -8.759930e+00 -1.464879e+01 3.340000e+01
      vertex   -8.376905e+00 -1.472459e+01 3.500000e+01
    endloop
  endfacet
  facet normal -1.941243e-01 -9.809769e-01 2.178206e-15
    outer loop
      vertex   -8.376905e+00 -1.472459e+01 3.500000e+01
      vertex   -8.759930e+00 -1.464879e+01 3.340000e+01
      vertex   -8.376905e+00 -1.472459e+01 3.340000e+01
    endloop
  endfacet
  facet normal -6.507553e-02 -9.978803e-01 2.215739e-15
    outer loop
      vertex   -8.376905e+00 -1.472459e+01 3.500000e+01
      vertex   -8.376905e+00 -1.472459e+01 3.340000e+01
      vertex   -7.987279e+00 -1.475000e+01 3.500000e+01
    endloop
  endfacet
  facet normal -6.507553e-02 -9.978803e-01 3.431982e-15
    outer loop
      vertex   -7.987279e+00 -1.475000e+01 3.500000e+01
      vertex   -8.376905e+00 -1.472459e+01 3.340000e+01
      vertex   -7.987279e+00 -1.475000e+01 3.340000e+01
    endloop
  endfacet
  facet normal -9.801714e-02 -9.951847e-01 2.046523e-15
    outer loop
      vertex   -7.700000e+00 -1.475000e+01 3.500000e+01
      vertex   -7.700000e+00 -1.475000e+01 3.340000e+01
      vertex   -7.358592e+00 -1.478363e+01 3.500000e+01
    endloop
  endfacet
  facet normal -9.801714e-02 -9.951847e-01 2.264164e-15
    outer loop
      vertex   -7.358592e+00 -1.478363e+01 3.500000e+01
      vertex   -7.700000e+00 -1.475000e+01 3.340000e+01
      vertex   -7.358592e+00 -1.478363e+01 3.340000e+01
    endloop
  endfacet
  facet normal -2.902847e-01 -9.569403e-01 2.285975e-15
    outer loop
      vertex   -7.358592e+00 -1.478363e+01 3.500000e+01
      vertex   -7.358592e+00 -1.478363e+01 3.340000e+01
      vertex   -7.030304e+00 -1.488321e+01 3.500000e+01
    endloop
  endfacet
  facet normal -2.902847e-01 -9.569403e-01 2.285975e-15
    outer loop
      vertex   -7.030304e+00 -1.488321e+01 3.500000e+01
      vertex   -7.358592e+00 -1.478363e+01 3.340000e+01
      vertex   -7.030304e+00 -1.488321e+01 3.340000e+01
    endloop
  endfacet
  facet normal -4.713967e-01 -8.819213e-01 2.219936e-15
    outer loop
      vertex   -7.030304e+00 -1.488321e+01 3.500000e+01
      vertex   -7.030304e+00 -1.488321e+01 3.340000e+01
      vertex   -6.727752e+00 -1.504493e+01 3.500000e+01
    endloop
  endfacet
  facet normal -4.713967e-01 -8.819213e-01 1.958259e-15
    outer loop
      vertex   -6.727752e+00 -1.504493e+01 3.500000e+01
      vertex   -7.030304e+00 -1.488321e+01 3.340000e+01
      vertex   -6.727752e+00 -1.504493e+01 3.340000e+01
    endloop
  endfacet
  facet normal -6.343933e-01 -7.730105e-01 1.716428e-15
    outer loop
      vertex   -6.727752e+00 -1.504493e+01 3.500000e+01
      vertex   -6.727752e+00 -1.504493e+01 3.340000e+01
      vertex   -6.462563e+00 -1.526256e+01 3.500000e+01
    endloop
  endfacet
  facet normal -6.343933e-01 -7.730105e-01 2.574642e-15
    outer loop
      vertex   -6.462563e+00 -1.526256e+01 3.500000e+01
      vertex   -6.727752e+00 -1.504493e+01 3.340000e+01
      vertex   -6.462563e+00 -1.526256e+01 3.340000e+01
    endloop
  endfacet
  facet normal -7.730105e-01 -6.343933e-01 2.112954e-15
    outer loop
      vertex   -6.462563e+00 -1.526256e+01 3.500000e+01
      vertex   -6.462563e+00 -1.526256e+01 3.340000e+01
      vertex   -6.244928e+00 -1.552775e+01 3.500000e+01
    endloop
  endfacet
  facet normal -7.730105e-01 -6.343933e-01 7.043180e-16
    outer loop
      vertex   -6.244928e+00 -1.552775e+01 3.500000e+01
      vertex   -6.462563e+00 -1.526256e+01 3.340000e+01
      vertex   -6.244928e+00 -1.552775e+01 3.340000e+01
    endloop
  endfacet
  facet normal -8.819213e-01 -4.713967e-01 5.233555e-16
    outer loop
      vertex   -6.244928e+00 -1.552775e+01 3.500000e+01
      vertex   -6.244928e+00 -1.552775e+01 3.340000e+01
      vertex   -6.083211e+00 -1.583030e+01 3.500000e+01
    endloop
  endfacet
  facet normal -8.819213e-01 -4.713967e-01 5.233555e-16
    outer loop
      vertex   -6.083211e+00 -1.583030e+01 3.500000e+01
      vertex   -6.244928e+00 -1.552775e+01 3.340000e+01
      vertex   -6.083211e+00 -1.583030e+01 3.340000e+01
    endloop
  endfacet
  facet normal -9.569403e-01 -2.902847e-01 3.222807e-16
    outer loop
      vertex   -6.083211e+00 -1.583030e+01 3.500000e+01
      vertex   -6.083211e+00 -1.583030e+01 3.340000e+01
      vertex   -5.983625e+00 -1.615859e+01 3.500000e+01
    endloop
  endfacet
  facet normal -9.569403e-01 -2.902847e-01 6.445615e-16
    outer loop
      vertex   -5.983625e+00 -1.615859e+01 3.500000e+01
      vertex   -6.083211e+00 -1.583030e+01 3.340000e+01
      vertex   -5.983625e+00 -1.615859e+01 3.340000e+01
    endloop
  endfacet
  facet normal -9.951847e-01 -9.801714e-02 2.176418e-16
    outer loop
      vertex   -5.983625e+00 -1.615859e+01 3.500000e+01
      vertex   -5.983625e+00 -1.615859e+01 3.340000e+01
      vertex   -5.950000e+00 -1.650000e+01 3.500000e+01
    endloop
  endfacet
  facet normal -9.951847e-01 -9.801714e-02 2.176418e-16
    outer loop
      vertex   -5.950000e+00 -1.650000e+01 3.500000e+01
      vertex   -5.983625e+00 -1.615859e+01 3.340000e+01
      vertex   -5.950000e+00 -1.650000e+01 3.340000e+01
    endloop
  endfacet
  facet normal -9.951847e-01 9.801714e-02 -2.176418e-16
    outer loop
      vertex   -5.950000e+00 -1.650000e+01 3.500000e+01
      vertex   -5.950000e+00 -1.650000e+01 3.340000e+01
      vertex   -5.983625e+00 -1.684141e+01 3.500000e+01
    endloop
  endfacet
  facet normal -9.951847e-01 9.801714e-02 -4.352835e-16
    outer loop
      vertex   -5.983625e+00 -1.684141e+01 3.500000e+01
      vertex   -5.950000e+00 -1.650000e+01 3.340000e+01
      vertex   -5.983625e+00 -1.684141e+01 3.340000e+01
    endloop
  endfacet
  facet normal -9.569403e-01 2.902847e-01 -1.289123e-15
    outer loop
      vertex   -5.983625e+00 -1.684141e+01 3.500000e+01
      vertex   -5.983625e+00 -1.684141e+01 3.340000e+01
      vertex   -6.083211e+00 -1.716970e+01 3.500000e+01
    endloop
  endfacet
  facet normal -9.569403e-01 2.902847e-01 -6.445615e-16
    outer loop
      vertex   -6.083211e+00 -1.716970e+01 3.500000e+01
      vertex   -5.983625e+00 -1.684141e+01 3.340000e+01
      vertex   -6.083211e+00 -1.716970e+01 3.340000e+01
    endloop
  endfacet
  facet normal -8.819213e-01 4.713967e-01 -1.046711e-15
    outer loop
      vertex   -6.083211e+00 -1.716970e+01 3.500000e+01
      vertex   -6.083211e+00 -1.716970e+01 3.340000e+01
      vertex   -6.244928e+00 -1.747225e+01 3.500000e+01
    endloop
  endfacet
  facet normal -8.819213e-01 4.713967e-01 -2.025840e-15
    outer loop
      vertex   -6.244928e+00 -1.747225e+01 3.500000e+01
      vertex   -6.083211e+00 -1.716970e+01 3.340000e+01
      vertex   -6.244928e+00 -1.747225e+01 3.340000e+01
    endloop
  endfacet
  facet normal -7.730105e-01 6.343933e-01 -2.266850e-15
    outer loop
      vertex   -6.244928e+00 -1.747225e+01 3.500000e+01
      vertex   -6.244928e+00 -1.747225e+01 3.340000e+01
      vertex   -6.462563e+00 -1.773744e+01 3.500000e+01
    endloop
  endfacet
  facet normal -7.730105e-01 6.343933e-01 -3.675486e-15
    outer loop
      vertex   -6.462563e+00 -1.773744e+01 3.500000e+01
      vertex   -6.244928e+00 -1.747225e+01 3.340000e+01
      vertex   -6.462563e+00 -1.773744e+01 3.340000e+01
    endloop
  endfacet
  facet normal -6.343933e-01 7.730105e-01 -4.137174e-15
    outer loop
      vertex   -6.462563e+00 -1.773744e+01 3.500000e+01
      vertex   -6.462563e+00 -1.773744e+01 3.340000e+01
      vertex   -6.727752e+00 -1.795507e+01 3.500000e+01
    endloop
  endfacet
  facet normal -6.343933e-01 7.730105e-01 -1.716428e-15
    outer loop
      vertex   -6.727752e+00 -1.795507e+01 3.500000e+01
      vertex   -6.462563e+00 -1.773744e+01 3.340000e+01
      vertex   -6.727752e+00 -1.795507e+01 3.340000e+01
    endloop
  endfacet
  facet normal -4.713967e-01 8.819213e-01 -1.958259e-15
    outer loop
      vertex   -6.727752e+00 -1.795507e+01 3.500000e+01
      vertex   -6.727752e+00 -1.795507e+01 3.340000e+01
      vertex   -7.030304e+00 -1.811679e+01 3.500000e+01
    endloop
  endfacet
  facet normal -4.713967e-01 8.819213e-01 -2.219936e-15
    outer loop
      vertex   -7.030304e+00 -1.811679e+01 3.500000e+01
      vertex   -6.727752e+00 -1.795507e+01 3.340000e+01
      vertex   -7.030304e+00 -1.811679e+01 3.340000e+01
    endloop
  endfacet
  facet normal -2.902847e-01 9.569403e-01 -2.285975e-15
    outer loop
      vertex   -7.030304e+00 -1.811679e+01 3.500000e+01
      vertex   -7.030304e+00 -1.811679e+01 3.340000e+01
      vertex   -7.358592e+00 -1.821637e+01 3.500000e+01
    endloop
  endfacet
  facet normal -2.902847e-01 9.569403e-01 -4.410809e-15
    outer loop
      vertex   -7.358592e+00 -1.821637e+01 3.500000e+01
      vertex   -7.030304e+00 -1.811679e+01 3.340000e+01
      vertex   -7.358592e+00 -1.821637e+01 3.340000e+01
    endloop
  endfacet
  facet normal -9.801714e-02 9.951847e-01 -4.473918e-15
    outer loop
      vertex   -7.358592e+00 -1.821637e+01 3.500000e+01
      vertex   -7.358592e+00 -1.821637e+01 3.340000e+01
      vertex   -7.700000e+00 -1.825000e+01 3.500000e+01
    endloop
  endfacet
  facet normal -9.801714e-02 9.951847e-01 -2.372985e-15
    outer loop
      vertex   -7.700000e+00 -1.825000e+01 3.500000e+01
      vertex   -7.358592e+00 -1.821637e+01 3.340000e+01
      vertex   -7.700000e+00 -1.825000e+01 3.340000e+01
    endloop
  endfacet
  facet normal 1.731345e-13 -1.000000e+00 3.330669e-15
    outer loop
      vertex   1.601272e+01 -1.475000e+01 3.340000e+01
      vertex   1.630000e+01 -1.475000e+01 3.340000e+01
      vertex   1.601272e+01 -1.475000e+01 3.500000e+01
    endloop
  endfacet
  facet normal 1.669511e-13 -1.000000e+00 2.220446e-15
    outer loop
      vertex   1.601272e+01 -1.475000e+01 3.500000e+01
      vertex   1.630000e+01 -1.475000e+01 3.340000e+01
      vertex   1.630000e+01 -1.475000e+01 3.500000e+01
    endloop
  endfacet
  facet normal -6.566264e-01 -7.542160e-01 2.512044e-15
    outer loop
      vertex   1.389977e+01 -1.387966e+01 3.500000e+01
      vertex   1.389977e+01 -1.387966e+01 3.340000e+01
      vertex   1.419426e+01 -1.413604e+01 3.500000e+01
    endloop
  endfacet
  facet normal -6.566264e-01 -7.542160e-01 2.512044e-15
    outer loop
      vertex   1.419426e+01 -1.413604e+01 3.500000e+01
      vertex   1.389977e+01 -1.387966e+01 3.340000e+01
      vertex   1.419426e+01 -1.413604e+01 3.340000e+01
    endloop
  endfacet
  facet normal -5.531111e-01 -8.331075e-01 2.774805e-15
    outer loop
      vertex   1.419426e+01 -1.413604e+01 3.500000e+01
      vertex   1.419426e+01 -1.413604e+01 3.340000e+01
      vertex   1.451955e+01 -1.435201e+01 3.500000e+01
    endloop
  endfacet
  facet normal -5.531111e-01 -8.331075e-01 1.849870e-15
    outer loop
      vertex   1.451955e+01 -1.435201e+01 3.500000e+01
      vertex   1.419426e+01 -1.413604e+01 3.340000e+01
      vertex   1.451955e+01 -1.435201e+01 3.340000e+01
    endloop
  endfacet
  facet normal -4.402264e-01 -8.978868e-01 1.993709e-15
    outer loop
      vertex   1.451955e+01 -1.435201e+01 3.500000e+01
      vertex   1.451955e+01 -1.435201e+01 3.340000e+01
      vertex   1.487013e+01 -1.452389e+01 3.500000e+01
    endloop
  endfacet
  facet normal -4.402264e-01 -8.978868e-01 1.993709e-15
    outer loop
      vertex   1.487013e+01 -1.452389e+01 3.500000e+01
      vertex   1.451955e+01 -1.435201e+01 3.340000e+01
      vertex   1.487013e+01 -1.452389e+01 3.340000e+01
    endloop
  endfacet
  facet normal -3.198846e-01 -9.474565e-01 2.103776e-15
    outer loop
      vertex   1.487013e+01 -1.452389e+01 3.500000e+01
      vertex   1.487013e+01 -1.452389e+01 3.340000e+01
      vertex   1.524007e+01 -1.464879e+01 3.500000e+01
    endloop
  endfacet
  facet normal -3.198846e-01 -9.474565e-01 3.155664e-15
    outer loop
      vertex   1.524007e+01 -1.464879e+01 3.500000e+01
      vertex   1.487013e+01 -1.452389e+01 3.340000e+01
      vertex   1.524007e+01 -1.464879e+01 3.340000e+01
    endloop
  endfacet
  facet normal -1.941243e-01 -9.809769e-01 3.267310e-15
    outer loop
      vertex   1.524007e+01 -1.464879e+01 3.500000e+01
      vertex   1.524007e+01 -1.464879e+01 3.340000e+01
      vertex   1.562310e+01 -1.472459e+01 3.500000e+01
    endloop
  endfacet
  facet normal -1.941243e-01 -9.809769e-01 2.178206e-15
    outer loop
      vertex   1.562310e+01 -1.472459e+01 3.500000e+01
      vertex   1.524007e+01 -1.464879e+01 3.340000e+01
      vertex   1.562310e+01 -1.472459e+01 3.340000e+01
    endloop
  endfacet
  facet normal -6.507553e-02 -9.978803e-01 2.215739e-15
    outer loop
      vertex   1.562310e+01 -1.472459e+01 3.500000e+01
      vertex   1.562310e+01 -1.472459e+01 3.340000e+01
      vertex   1.601272e+01 -1.475000e+01 3.500000e+01
    endloop
  endfacet
  facet normal -6.507553e-02 -9.978803e-01 3.323609e-15
    outer loop
      vertex   1.601272e+01 -1.475000e+01 3.500000e+01
      vertex   1.562310e+01 -1.472459e+01 3.340000e+01
      vertex   1.601272e+01 -1.475000e+01 3.340000e+01
    endloop
  endfacet
  facet normal -9.801714e-02 -9.951847e-01 2.209754e-15
    outer loop
      vertex   1.630000e+01 -1.475000e+01 3.500000e+01
      vertex   1.630000e+01 -1.475000e+01 3.340000e+01
      vertex   1.664141e+01 -1.478363e+01 3.500000e+01
    endloop
  endfacet
  facet normal -9.801714e-02 -9.951847e-01 -3.833255e-15
    outer loop
      vertex   1.664141e+01 -1.478363e+01 3.500000e+01
      vertex   1.630000e+01 -1.475000e+01 3.340000e+01
      vertex   1.664141e+01 -1.478363e+01 3.340000e+01
    endloop
  endfacet
  facet normal -2.902847e-01 -9.569403e-01 6.325576e-15
    outer loop
      vertex   1.664141e+01 -1.478363e+01 3.500000e+01
      vertex   1.664141e+01 -1.478363e+01 3.340000e+01
      vertex   1.696970e+01 -1.488321e+01 3.500000e+01
    endloop
  endfacet
  facet normal -2.902847e-01 -9.569403e-01 -1.982611e-15
    outer loop
      vertex   1.696970e+01 -1.488321e+01 3.500000e+01
      vertex   1.664141e+01 -1.478363e+01 3.340000e+01
      vertex   1.696970e+01 -1.488321e+01 3.340000e+01
    endloop
  endfacet
  facet normal -4.713967e-01 -8.819213e-01 7.226410e-15
    outer loop
      vertex   1.696970e+01 -1.488321e+01 3.500000e+01
      vertex   1.696970e+01 -1.488321e+01 3.340000e+01
      vertex   1.727225e+01 -1.504493e+01 3.500000e+01
    endloop
  endfacet
  facet normal -4.713967e-01 -8.819213e-01 -2.767628e-15
    outer loop
      vertex   1.727225e+01 -1.504493e+01 3.500000e+01
      vertex   1.696970e+01 -1.488321e+01 3.340000e+01
      vertex   1.727225e+01 -1.504493e+01 3.340000e+01
    endloop
  endfacet
  facet normal -6.343933e-01 -7.730105e-01 5.924319e-15
    outer loop
      vertex   1.727225e+01 -1.504493e+01 3.500000e+01
      vertex   1.727225e+01 -1.504493e+01 3.340000e+01
      vertex   1.753744e+01 -1.526256e+01 3.500000e+01
    endloop
  endfacet
  facet normal -6.343933e-01 -7.730105e-01 -2.284867e-15
    outer loop
      vertex   1.753744e+01 -1.526256e+01 3.500000e+01
      vertex   1.727225e+01 -1.504493e+01 3.340000e+01
      vertex   1.753744e+01 -1.526256e+01 3.340000e+01
    endloop
  endfacet
  facet normal -7.730105e-01 -6.343933e-01 5.409931e-15
    outer loop
      vertex   1.753744e+01 -1.526256e+01 3.500000e+01
      vertex   1.753744e+01 -1.526256e+01 3.340000e+01
      vertex   1.775507e+01 -1.552775e+01 3.500000e+01
    endloop
  endfacet
  facet normal -7.730105e-01 -6.343933e-01 -3.568735e-15
    outer loop
      vertex   1.775507e+01 -1.552775e+01 3.500000e+01
      vertex   1.753744e+01 -1.526256e+01 3.340000e+01
      vertex   1.775507e+01 -1.552775e+01 3.340000e+01
    endloop
  endfacet
  facet normal -8.819213e-01 -4.713967e-01 3.493728e-15
    outer loop
      vertex   1.775507e+01 -1.552775e+01 3.500000e+01
      vertex   1.775507e+01 -1.552775e+01 3.340000e+01
      vertex   1.791679e+01 -1.583030e+01 3.500000e+01
    endloop
  endfacet
  facet normal -8.819213e-01 -4.713967e-01 -2.904403e-15
    outer loop
      vertex   1.791679e+01 -1.583030e+01 3.500000e+01
      vertex   1.775507e+01 -1.552775e+01 3.340000e+01
      vertex   1.791679e+01 -1.583030e+01 3.340000e+01
    endloop
  endfacet
  facet normal -9.569403e-01 -2.902847e-01 3.725146e-15
    outer loop
      vertex   1.791679e+01 -1.583030e+01 3.500000e+01
      vertex   1.791679e+01 -1.583030e+01 3.340000e+01
      vertex   1.801637e+01 -1.615859e+01 3.500000e+01
    endloop
  endfacet
  facet normal -9.569403e-01 -2.902847e-01 -4.129630e-15
    outer loop
      vertex   1.801637e+01 -1.615859e+01 3.500000e+01
      vertex   1.791679e+01 -1.583030e+01 3.340000e+01
      vertex   1.801637e+01 -1.615859e+01 3.340000e+01
    endloop
  endfacet
  facet normal -9.951847e-01 -9.801714e-02 1.590165e-15
    outer loop
      vertex   1.801637e+01 -1.615859e+01 3.500000e+01
      vertex   1.801637e+01 -1.615859e+01 3.340000e+01
      vertex   1.805000e+01 -1.650000e+01 3.500000e+01
    endloop
  endfacet
  facet normal -9.951847e-01 -9.801714e-02 -2.611701e-15
    outer loop
      vertex   1.805000e+01 -1.650000e+01 3.500000e+01
      vertex   1.801637e+01 -1.615859e+01 3.340000e+01
      vertex   1.805000e+01 -1.650000e+01 3.340000e+01
    endloop
  endfacet
  facet normal -9.951847e-01 9.801714e-02 2.611701e-15
    outer loop
      vertex   1.805000e+01 -1.650000e+01 3.500000e+01
      vertex   1.805000e+01 -1.650000e+01 3.340000e+01
      vertex   1.801637e+01 -1.684141e+01 3.500000e+01
    endloop
  endfacet
  facet normal -9.951847e-01 9.801714e-02 -4.452844e-15
    outer loop
      vertex   1.801637e+01 -1.684141e+01 3.500000e+01
      vertex   1.805000e+01 -1.650000e+01 3.340000e+01
      vertex   1.801637e+01 -1.684141e+01 3.340000e+01
    endloop
  endfacet
  facet normal -9.569403e-01 2.902847e-01 7.111148e-17
    outer loop
      vertex   1.801637e+01 -1.684141e+01 3.500000e+01
      vertex   1.801637e+01 -1.684141e+01 3.340000e+01
      vertex   1.791679e+01 -1.716970e+01 3.500000e+01
    endloop
  endfacet
  facet normal -9.569403e-01 2.902847e-01 -3.987407e-15
    outer loop
      vertex   1.791679e+01 -1.716970e+01 3.500000e+01
      vertex   1.801637e+01 -1.684141e+01 3.340000e+01
      vertex   1.791679e+01 -1.716970e+01 3.340000e+01
    endloop
  endfacet
  facet normal -8.819213e-01 4.713967e-01 -5.060572e-16
    outer loop
      vertex   1.791679e+01 -1.716970e+01 3.500000e+01
      vertex   1.791679e+01 -1.716970e+01 3.340000e+01
      vertex   1.775507e+01 -1.747225e+01 3.500000e+01
    endloop
  endfacet
  facet normal -8.819213e-01 4.713967e-01 -2.599479e-15
    outer loop
      vertex   1.775507e+01 -1.747225e+01 3.500000e+01
      vertex   1.791679e+01 -1.716970e+01 3.340000e+01
      vertex   1.775507e+01 -1.747225e+01 3.340000e+01
    endloop
  endfacet
  facet normal -7.730105e-01 6.343933e-01 1.774683e-16
    outer loop
      vertex   1.775507e+01 -1.747225e+01 3.500000e+01
      vertex   1.775507e+01 -1.747225e+01 3.340000e+01
      vertex   1.753744e+01 -1.773744e+01 3.500000e+01
    endloop
  endfacet
  facet normal -7.730105e-01 6.343933e-01 -4.356232e-15
    outer loop
      vertex   1.753744e+01 -1.773744e+01 3.500000e+01
      vertex   1.775507e+01 -1.747225e+01 3.340000e+01
      vertex   1.753744e+01 -1.773744e+01 3.340000e+01
    endloop
  endfacet
  facet normal -6.343933e-01 7.730105e-01 -1.893896e-15
    outer loop
      vertex   1.753744e+01 -1.773744e+01 3.500000e+01
      vertex   1.753744e+01 -1.773744e+01 3.340000e+01
      vertex   1.727225e+01 -1.795507e+01 3.500000e+01
    endloop
  endfacet
  facet normal -6.343933e-01 7.730105e-01 -5.326752e-15
    outer loop
      vertex   1.727225e+01 -1.795507e+01 3.500000e+01
      vertex   1.753744e+01 -1.773744e+01 3.340000e+01
      vertex   1.727225e+01 -1.795507e+01 3.340000e+01
    endloop
  endfacet
  facet normal -4.713967e-01 8.819213e-01 -3.275297e-15
    outer loop
      vertex   1.727225e+01 -1.795507e+01 3.500000e+01
      vertex   1.727225e+01 -1.795507e+01 3.340000e+01
      vertex   1.696970e+01 -1.811679e+01 3.500000e+01
    endloop
  endfacet
  facet normal -4.713967e-01 8.819213e-01 -1.181874e-15
    outer loop
      vertex   1.696970e+01 -1.811679e+01 3.500000e+01
      vertex   1.727225e+01 -1.795507e+01 3.340000e+01
      vertex   1.696970e+01 -1.811679e+01 3.340000e+01
    endloop
  endfacet
  facet normal -2.902847e-01 9.569403e-01 1.911500e-16
    outer loop
      vertex   1.696970e+01 -1.811679e+01 3.500000e+01
      vertex   1.696970e+01 -1.811679e+01 3.340000e+01
      vertex   1.664141e+01 -1.821637e+01 3.500000e+01
    endloop
  endfacet
  facet normal -2.902847e-01 9.569403e-01 -4.894230e-15
    outer loop
      vertex   1.664141e+01 -1.821637e+01 3.500000e+01
      vertex   1.696970e+01 -1.811679e+01 3.340000e+01
      vertex   1.664141e+01 -1.821637e+01 3.340000e+01
    endloop
  endfacet
  facet normal -9.801714e-02 9.951847e-01 -4.637150e-15
    outer loop
      vertex   1.664141e+01 -1.821637e+01 3.500000e+01
      vertex   1.664141e+01 -1.821637e+01 3.340000e+01
      vertex   1.630000e+01 -1.825000e+01 3.500000e+01
    endloop
  endfacet
  facet normal -9.801714e-02 9.951847e-01 -2.209754e-15
    outer loop
      vertex   1.630000e+01 -1.825000e+01 3.500000e+01
      vertex   1.664141e+01 -1.821637e+01 3.340000e+01
      vertex   1.630000e+01 -1.825000e+01 3.340000e+01
    endloop
  endfacet
  facet normal 0.000000e+00 0.000000e+00 1.000000e+00
    outer loop
      vertex   -1.270000e+01 -1.280879e+01 3.500000e+01
      vertex   -1.222060e+01 -1.284006e+01 3.500000e+01
      vertex   -7.700000e+00 -1.280879e+01 3.500000e+01
    endloop
  endfacet
  facet normal 5.091120e-16 -7.361666e-14 1.000000e+00
    outer loop
      vertex   -7.700000e+00 -1.280879e+01 3.500000e+01
      vertex   -1.222060e+01 -1.284006e+01 3.500000e+01
      vertex   -1.174933e+01 -1.293332e+01 3.500000e+01
    endloop
  endfacet
  facet normal -1.608236e-15 -4.763384e-15 1.000000e+00
    outer loop
      vertex   -7.700000e+00 -1.280879e+01 3.500000e+01
      vertex   -1.174933e+01 -1.293332e+01 3.500000e+01
      vertex   -1.129416e+01 -1.308699e+01 3.500000e+01
    endloop
  endfacet
  facet normal -3.953329e-15 2.553360e-14 1.000000e+00
    outer loop
      vertex   -1.129416e+01 -1.308699e+01 3.500000e+01
      vertex   -1.086280e+01 -1.329849e+01 3.500000e+01
      vertex   -7.700000e+00 -1.280879e+01 3.500000e+01
    endloop
  endfacet
  facet normal 0.000000e+00 0.000000e+00 1.000000e+00
    outer loop
      vertex   -7.700000e+00 -1.280879e+01 3.500000e+01
      vertex   -1.086280e+01 -1.329849e+01 3.500000e+01
      vertex   -1.046256e+01 -1.356421e+01 3.500000e+01
    endloop
  endfacet
  facet normal 0.000000e+00 0.000000e+00 1.000000e+00
    outer loop
      vertex   -7.700000e+00 -1.280879e+01 3.500000e+01
      vertex   -1.046256e+01 -1.356421e+01 3.500000e+01
      vertex   -1.010023e+01 -1.387966e+01 3.500000e+01
    endloop
  endfacet
  facet normal -0.000000e+00 0.000000e+00 1.000000e+00
    outer loop
      vertex   -1.010023e+01 -1.387966e+01 3.500000e+01
      vertex   -9.805740e+00 -1.413604e+01 3.500000e+01
      vertex   -7.700000e+00 -1.280879e+01 3.500000e+01
    endloop
  endfacet
  facet normal 0.000000e+00 0.000000e+00 1.000000e+00
    outer loop
      vertex   -7.700000e+00 -1.280879e+01 3.500000e+01
      vertex   -9.805740e+00 -1.413604e+01 3.500000e+01
      vertex   -9.480450e+00 -1.435201e+01 3.500000e+01
    endloop
  endfacet
  facet normal 0.000000e+00 0.000000e+00 1.000000e+00
    outer loop
      vertex   -7.700000e+00 -1.280879e+01 3.500000e+01
      vertex   -9.480450e+00 -1.435201e+01 3.500000e+01
      vertex   -9.129868e+00 -1.452389e+01 3.500000e+01
    endloop
  endfacet
  facet normal -0.000000e+00 0.000000e+00 1.000000e+00
    outer loop
      vertex   -9.129868e+00 -1.452389e+01 3.500000e+01
      vertex   -8.759930e+00 -1.464879e+01 3.500000e+01
      vertex   -7.700000e+00 -1.280879e+01 3.500000e+01
    endloop
  endfacet
  facet normal 0.000000e+00 0.000000e+00 1.000000e+00
    outer loop
      vertex   -7.700000e+00 -1.280879e+01 3.500000e+01
      vertex   -8.759930e+00 -1.464879e+01 3.500000e+01
      vertex   -8.376905e+00 -1.472459e+01 3.500000e+01
    endloop
  endfacet
  facet normal 0.000000e+00 0.000000e+00 1.000000e+00
    outer loop
      vertex   -7.700000e+00 -1.280879e+01 3.500000e+01
      vertex   -8.376905e+00 -1.472459e+01 3.500000e+01
      vertex   -7.987279e+00 -1.475000e+01 3.500000e+01
    endloop
  endfacet
  facet normal 0.000000e+00 0.000000e+00 1.000000e+00
    outer loop
      vertex   -7.987279e+00 -1.475000e+01 3.500000e+01
      vertex   -7.700000e+00 -1.475000e+01 3.500000e+01
      vertex   -7.700000e+00 -1.280879e+01 3.500000e+01
    endloop
  endfacet
  facet normal -1.474770e-14 -7.219992e-28 1.000000e+00
    outer loop
      vertex   -7.700000e+00 -1.280879e+01 3.500000e+01
      vertex   -7.700000e+00 -1.475000e+01 3.500000e+01
      vertex   -7.218201e+00 -1.284037e+01 3.500000e+01
    endloop
  endfacet
  facet normal -3.575855e-16 -3.630627e-15 1.000000e+00
    outer loop
      vertex   -7.218201e+00 -1.284037e+01 3.500000e+01
      vertex   -7.700000e+00 -1.475000e+01 3.500000e+01
      vertex   -7.358592e+00 -1.478363e+01 3.500000e+01
    endloop
  endfacet
  facet normal -7.170115e-16 -3.604660e-15 1.000000e+00
    outer loop
      vertex   -7.218201e+00 -1.284037e+01 3.500000e+01
      vertex   -7.358592e+00 -1.478363e+01 3.500000e+01
      vertex   -6.744645e+00 -1.293457e+01 3.500000e+01
    endloop
  endfacet
  facet normal -1.172302e-15 -3.453489e-15 1.000000e+00
    outer loop
      vertex   -6.744645e+00 -1.293457e+01 3.500000e+01
      vertex   -7.358592e+00 -1.478363e+01 3.500000e+01
      vertex   -6.287436e+00 -1.308977e+01 3.500000e+01
    endloop
  endfacet
  facet normal -1.067675e-15 -3.519653e-15 1.000000e+00
    outer loop
      vertex   -6.287436e+00 -1.308977e+01 3.500000e+01
      vertex   -7.358592e+00 -1.478363e+01 3.500000e+01
      vertex   -7.030304e+00 -1.488321e+01 3.500000e+01
    endloop
  endfacet
  facet normal -1.622390e-15 -3.289882e-15 1.000000e+00
    outer loop
      vertex   -6.287436e+00 -1.308977e+01 3.500000e+01
      vertex   -7.030304e+00 -1.488321e+01 3.500000e+01
      vertex   -5.854397e+00 -1.330332e+01 3.500000e+01
    endloop
  endfacet
  facet normal -2.006969e-15 -3.003641e-15 1.000000e+00
    outer loop
      vertex   -5.854397e+00 -1.330332e+01 3.500000e+01
      vertex   -7.030304e+00 -1.488321e+01 3.500000e+01
      vertex   -5.452936e+00 -1.357157e+01 3.500000e+01
    endloop
  endfacet
  facet normal -1.762575e-15 -3.297547e-15 1.000000e+00
    outer loop
      vertex   -5.452936e+00 -1.357157e+01 3.500000e+01
      vertex   -7.030304e+00 -1.488321e+01 3.500000e+01
      vertex   -6.727752e+00 -1.504493e+01 3.500000e+01
    endloop
  endfacet
  facet normal -2.404658e-15 -2.741987e-15 1.000000e+00
    outer loop
      vertex   -5.452936e+00 -1.357157e+01 3.500000e+01
      vertex   -6.727752e+00 -1.504493e+01 3.500000e+01
      vertex   -5.089923e+00 -1.388992e+01 3.500000e+01
    endloop
  endfacet
  facet normal -2.333316e-15 -2.843153e-15 1.000000e+00
    outer loop
      vertex   -5.089923e+00 -1.388992e+01 3.500000e+01
      vertex   -6.727752e+00 -1.504493e+01 3.500000e+01
      vertex   -6.462563e+00 -1.526256e+01 3.500000e+01
    endloop
  endfacet
  facet normal -2.757876e-15 -2.418593e-15 1.000000e+00
    outer loop
      vertex   -5.089923e+00 -1.388992e+01 3.500000e+01
      vertex   -6.462563e+00 -1.526256e+01 3.500000e+01
      vertex   -4.771569e+00 -1.425294e+01 3.500000e+01
    endloop
  endfacet
  facet normal -3.003641e-15 -2.006969e-15 1.000000e+00
    outer loop
      vertex   -4.771569e+00 -1.425294e+01 3.500000e+01
      vertex   -6.462563e+00 -1.526256e+01 3.500000e+01
      vertex   -4.503322e+00 -1.465440e+01 3.500000e+01
    endloop
  endfacet
  facet normal -2.890324e-15 -2.372027e-15 1.000000e+00
    outer loop
      vertex   -4.503322e+00 -1.465440e+01 3.500000e+01
      vertex   -6.462563e+00 -1.526256e+01 3.500000e+01
      vertex   -6.244928e+00 -1.552775e+01 3.500000e+01
    endloop
  endfacet
  facet normal -3.270928e-15 -1.613043e-15 1.000000e+00
    outer loop
      vertex   -4.503322e+00 -1.465440e+01 3.500000e+01
      vertex   -6.244928e+00 -1.552775e+01 3.500000e+01
      vertex   -4.289770e+00 -1.508744e+01 3.500000e+01
    endloop
  endfacet
  facet normal -7.964456e-15 1.922790e-14 1.000000e+00
    outer loop
      vertex   -4.289770e+00 -1.508744e+01 3.500000e+01
      vertex   -6.244928e+00 -1.552775e+01 3.500000e+01
      vertex   -6.083211e+00 -1.583030e+01 3.500000e+01
    endloop
  endfacet
  facet normal 0.000000e+00 0.000000e+00 1.000000e+00
    outer loop
      vertex   -4.289770e+00 -1.508744e+01 3.500000e+01
      vertex   -6.083211e+00 -1.583030e+01 3.500000e+01
      vertex   -4.134569e+00 -1.554465e+01 3.500000e+01
    endloop
  endfacet
  facet normal 0.000000e+00 0.000000e+00 1.000000e+00
    outer loop
      vertex   -4.134569e+00 -1.554465e+01 3.500000e+01
      vertex   -6.083211e+00 -1.583030e+01 3.500000e+01
      vertex   -5.983625e+00 -1.615859e+01 3.500000e+01
    endloop
  endfacet
  facet normal 0.000000e+00 0.000000e+00 1.000000e+00
    outer loop
      vertex   -4.134569e+00 -1.554465e+01 3.500000e+01
      vertex   -5.983625e+00 -1.615859e+01 3.500000e+01
      vertex   -4.040373e+00 -1.601820e+01 3.500000e+01
    endloop
  endfacet
  facet normal 0.000000e+00 0.000000e+00 1.000000e+00
    outer loop
      vertex   -4.040373e+00 -1.601820e+01 3.500000e+01
      vertex   -5.983625e+00 -1.615859e+01 3.500000e+01
      vertex   -5.950000e+00 -1.650000e+01 3.500000e+01
    endloop
  endfacet
  facet normal 0.000000e+00 0.000000e+00 1.000000e+00
    outer loop
      vertex   -4.040373e+00 -1.601820e+01 3.500000e+01
      vertex   -5.950000e+00 -1.650000e+01 3.500000e+01
      vertex   -4.008794e+00 -1.650000e+01 3.500000e+01
    endloop
  endfacet
  facet normal 0.000000e+00 0.000000e+00 1.000000e+00
    outer loop
      vertex   -4.008794e+00 -1.650000e+01 3.500000e+01
      vertex   -5.950000e+00 -1.650000e+01 3.500000e+01
      vertex   -4.040373e+00 -1.698180e+01 3.500000e+01
    endloop
  endfacet
  facet normal 0.000000e+00 0.000000e+00 1.000000e+00
    outer loop
      vertex   -4.040373e+00 -1.698180e+01 3.500000e+01
      vertex   -5.950000e+00 -1.650000e+01 3.500000e+01
      vertex   -5.983625e+00 -1.684141e+01 3.500000e+01
    endloop
  endfacet
  facet normal 0.000000e+00 0.000000e+00 1.000000e+00
    outer loop
      vertex   -4.040373e+00 -1.698180e+01 3.500000e+01
      vertex   -5.983625e+00 -1.684141e+01 3.500000e+01
      vertex   -4.134569e+00 -1.745535e+01 3.500000e+01
    endloop
  endfacet
  facet normal 0.000000e+00 0.000000e+00 1.000000e+00
    outer loop
      vertex   -4.134569e+00 -1.745535e+01 3.500000e+01
      vertex   -5.983625e+00 -1.684141e+01 3.500000e+01
      vertex   -6.083211e+00 -1.716970e+01 3.500000e+01
    endloop
  endfacet
  facet normal 0.000000e+00 0.000000e+00 1.000000e+00
    outer loop
      vertex   -4.134569e+00 -1.745535e+01 3.500000e+01
      vertex   -6.083211e+00 -1.716970e+01 3.500000e+01
      vertex   -4.289770e+00 -1.791256e+01 3.500000e+01
    endloop
  endfacet
  facet normal 0.000000e+00 0.000000e+00 1.000000e+00
    outer loop
      vertex   -4.289770e+00 -1.791256e+01 3.500000e+01
      vertex   -6.083211e+00 -1.716970e+01 3.500000e+01
      vertex   -6.244928e+00 -1.747225e+01 3.500000e+01
    endloop
  endfacet
  facet normal 0.000000e+00 0.000000e+00 1.000000e+00
    outer loop
      vertex   -4.289770e+00 -1.791256e+01 3.500000e+01
      vertex   -6.244928e+00 -1.747225e+01 3.500000e+01
      vertex   -4.503322e+00 -1.834560e+01 3.500000e+01
    endloop
  endfacet
  facet normal 0.000000e+00 0.000000e+00 1.000000e+00
    outer loop
      vertex   -4.503322e+00 -1.834560e+01 3.500000e+01
      vertex   -6.244928e+00 -1.747225e+01 3.500000e+01
      vertex   -6.462563e+00 -1.773744e+01 3.500000e+01
    endloop
  endfacet
  facet normal 0.000000e+00 0.000000e+00 1.000000e+00
    outer loop
      vertex   -4.503322e+00 -1.834560e+01 3.500000e+01
      vertex   -6.462563e+00 -1.773744e+01 3.500000e+01
      vertex   -4.771569e+00 -1.874706e+01 3.500000e+01
    endloop
  endfacet
  facet normal 0.000000e+00 0.000000e+00 1.000000e+00
    outer loop
      vertex   -4.771569e+00 -1.874706e+01 3.500000e+01
      vertex   -6.462563e+00 -1.773744e+01 3.500000e+01
      vertex   -5.089923e+00 -1.911008e+01 3.500000e+01
    endloop
  endfacet
  facet normal 0.000000e+00 0.000000e+00 1.000000e+00
    outer loop
      vertex   -5.089923e+00 -1.911008e+01 3.500000e+01
      vertex   -6.462563e+00 -1.773744e+01 3.500000e+01
      vertex   -6.727752e+00 -1.795507e+01 3.500000e+01
    endloop
  endfacet
  facet normal 0.000000e+00 0.000000e+00 1.000000e+00
    outer loop
      vertex   -5.089923e+00 -1.911008e+01 3.500000e+01
      vertex   -6.727752e+00 -1.795507e+01 3.500000e+01
      vertex   -5.452936e+00 -1.942843e+01 3.500000e+01
    endloop
  endfacet
  facet normal 0.000000e+00 0.000000e+00 1.000000e+00
    outer loop
      vertex   -5.452936e+00 -1.942843e+01 3.500000e+01
      vertex   -6.727752e+00 -1.795507e+01 3.500000e+01
      vertex   -7.030304e+00 -1.811679e+01 3.500000e+01
    endloop
  endfacet
  facet normal 0.000000e+00 0.000000e+00 1.000000e+00
    outer loop
      vertex   -5.452936e+00 -1.942843e+01 3.500000e+01
      vertex   -7.030304e+00 -1.811679e+01 3.500000e+01
      vertex   -5.854397e+00 -1.969668e+01 3.500000e+01
    endloop
  endfacet
  facet normal 0.000000e+00 0.000000e+00 1.000000e+00
    outer loop
      vertex   -5.854397e+00 -1.969668e+01 3.500000e+01
      vertex   -7.030304e+00 -1.811679e+01 3.500000e+01
      vertex   -6.287436e+00 -1.991023e+01 3.500000e+01
    endloop
  endfacet
  facet normal 0.000000e+00 0.000000e+00 1.000000e+00
    outer loop
      vertex   -6.287436e+00 -1.991023e+01 3.500000e+01
      vertex   -7.030304e+00 -1.811679e+01 3.500000e+01
      vertex   -7.358592e+00 -1.821637e+01 3.500000e+01
    endloop
  endfacet
  facet normal 0.000000e+00 0.000000e+00 1.000000e+00
    outer loop
      vertex   -6.287436e+00 -1.991023e+01 3.500000e+01
      vertex   -7.358592e+00 -1.821637e+01 3.500000e+01
      vertex   -6.744645e+00 -2.006543e+01 3.500000e+01
    endloop
  endfacet
  facet normal 0.000000e+00 0.000000e+00 1.000000e+00
    outer loop
      vertex   -6.744645e+00 -2.006543e+01 3.500000e+01
      vertex   -7.358592e+00 -1.821637e+01 3.500000e+01
      vertex   -7.218201e+00 -2.015963e+01 3.500000e+01
    endloop
  endfacet
  facet normal 0.000000e+00 0.000000e+00 1.000000e+00
    outer loop
      vertex   -7.218201e+00 -2.015963e+01 3.500000e+01
      vertex   -7.358592e+00 -1.821637e+01 3.500000e+01
      vertex   -7.700000e+00 -1.825000e+01 3.500000e+01
    endloop
  endfacet
  facet normal -1.450779e-14 -3.660316e-15 1.000000e+00
    outer loop
      vertex   -7.218201e+00 -2.015963e+01 3.500000e+01
      vertex   -7.700000e+00 -1.825000e+01 3.500000e+01
      vertex   -7.700000e+00 -2.019121e+01 3.500000e+01
    endloop
  endfacet
  facet normal 1.357987e-28 -3.660316e-15 1.000000e+00
    outer loop
      vertex   -7.700000e+00 -2.019121e+01 3.500000e+01
      vertex   -7.700000e+00 -1.825000e+01 3.500000e+01
      vertex   -7.987279e+00 -1.825000e+01 3.500000e+01
    endloop
  endfacet
  facet normal 2.364213e-16 -3.625328e-15 1.000000e+00
    outer loop
      vertex   -7.700000e+00 -2.019121e+01 3.500000e+01
      vertex   -7.987279e+00 -1.825000e+01 3.500000e+01
      vertex   -8.376905e+00 -1.827541e+01 3.500000e+01
    endloop
  endfacet
  facet normal 6.859786e-16 -3.466487e-15 1.000000e+00
    outer loop
      vertex   -8.376905e+00 -1.827541e+01 3.500000e+01
      vertex   -8.759930e+00 -1.835121e+01 3.500000e+01
      vertex   -7.700000e+00 -2.019121e+01 3.500000e+01
    endloop
  endfacet
  facet normal 1.091502e-15 -3.232886e-15 1.000000e+00
    outer loop
      vertex   -7.700000e+00 -2.019121e+01 3.500000e+01
      vertex   -8.759930e+00 -1.835121e+01 3.500000e+01
      vertex   -9.129868e+00 -1.847611e+01 3.500000e+01
    endloop
  endfacet
  facet normal 1.441851e-15 -2.940802e-15 1.000000e+00
    outer loop
      vertex   -7.700000e+00 -2.019121e+01 3.500000e+01
      vertex   -9.129868e+00 -1.847611e+01 3.500000e+01
      vertex   -9.480450e+00 -1.864799e+01 3.500000e+01
    endloop
  endfacet
  facet normal 1.730975e-15 -2.607231e-15 1.000000e+00
    outer loop
      vertex   -9.480450e+00 -1.864799e+01 3.500000e+01
      vertex   -9.805740e+00 -1.886396e+01 3.500000e+01
      vertex   -7.700000e+00 -2.019121e+01 3.500000e+01
    endloop
  endfacet
  facet normal 1.208984e-14 1.382757e-14 1.000000e+00
    outer loop
      vertex   -7.700000e+00 -2.019121e+01 3.500000e+01
      vertex   -9.805740e+00 -1.886396e+01 3.500000e+01
      vertex   -1.010023e+01 -1.912034e+01 3.500000e+01
    endloop
  endfacet
  facet normal 3.914568e-15 -4.496362e-15 1.000000e+00
    outer loop
      vertex   -7.700000e+00 -2.019121e+01 3.500000e+01
      vertex   -1.010023e+01 -1.912034e+01 3.500000e+01
      vertex   -1.046256e+01 -1.943579e+01 3.500000e+01
    endloop
  endfacet
  facet normal 3.643451e-15 -5.487843e-15 1.000000e+00
    outer loop
      vertex   -1.046256e+01 -1.943579e+01 3.500000e+01
      vertex   -1.086280e+01 -1.970151e+01 3.500000e+01
      vertex   -7.700000e+00 -2.019121e+01 3.500000e+01
    endloop
  endfacet
  facet normal 7.368107e-15 1.856881e-14 1.000000e+00
    outer loop
      vertex   -7.700000e+00 -2.019121e+01 3.500000e+01
      vertex   -1.086280e+01 -1.970151e+01 3.500000e+01
      vertex   -1.129416e+01 -1.991301e+01 3.500000e+01
    endloop
  endfacet
  facet normal 4.824707e-15 -1.429015e-14 1.000000e+00
    outer loop
      vertex   -7.700000e+00 -2.019121e+01 3.500000e+01
      vertex   -1.129416e+01 -1.991301e+01 3.500000e+01
      vertex   -1.174933e+01 -2.006668e+01 3.500000e+01
    endloop
  endfacet
  facet normal 2.528312e-15 -8.896582e-14 1.000000e+00
    outer loop
      vertex   -1.174933e+01 -2.006668e+01 3.500000e+01
      vertex   -1.222060e+01 -2.015994e+01 3.500000e+01
      vertex   -7.700000e+00 -2.019121e+01 3.500000e+01
    endloop
  endfacet
  facet normal -3.229808e-28 -4.545551e-13 1.000000e+00
    outer loop
      vertex   -7.700000e+00 -2.019121e+01 3.500000e+01
      vertex   -1.222060e+01 -2.015994e+01 3.500000e+01
      vertex   -1.270000e+01 -2.019121e+01 3.500000e+01
    endloop
  endfacet
endsolid
