solid ASCII
  facet normal 6.045637e-01 -4.703780e-01 6.428431e-01
    outer loop
      vertex   1.852884e+01 -1.290000e+01 2.700000e+01
      vertex   1.870000e+01 -1.350000e+01 2.640000e+01
      vertex   1.915250e+01 -1.291841e+01 2.640000e+01
    endloop
  endfacet
  facet normal -6.045636e-01 -4.703817e-01 6.428405e-01
    outer loop
      vertex   -9.928843e+00 -1.290000e+01 2.700000e+01
      vertex   -1.055251e+01 -1.291841e+01 2.640000e+01
      vertex   -1.010000e+01 -1.350000e+01 2.640000e+01
    endloop
  endfacet
  facet normal 6.045637e-01 -4.703780e-01 -6.428431e-01
    outer loop
      vertex   1.915250e+01 -1.291841e+01 2.360000e+01
      vertex   1.870000e+01 -1.350000e+01 2.360000e+01
      vertex   1.852884e+01 -1.290000e+01 2.300000e+01
    endloop
  endfacet
  facet normal 5.141699e-01 6.608481e-01 5.467258e-01
    outer loop
      vertex   6.921509e+00 3.286784e+01 2.700000e+01
      vertex   7.535835e+00 3.288625e+01 2.640000e+01
      vertex   6.788336e+00 3.346784e+01 2.640000e+01
    endloop
  endfacet
  facet normal -6.045636e-01 -4.703817e-01 -6.428405e-01
    outer loop
      vertex   -1.010000e+01 -1.350000e+01 2.360000e+01
      vertex   -1.055251e+01 -1.291841e+01 2.360000e+01
      vertex   -9.928843e+00 -1.290000e+01 2.300000e+01
    endloop
  endfacet
  facet normal -5.141722e-01 6.608459e-01 5.467262e-01
    outer loop
      vertex   1.678112e+00 3.286784e+01 2.700000e+01
      vertex   1.811281e+00 3.346784e+01 2.640000e+01
      vertex   1.063787e+00 3.288625e+01 2.640000e+01
    endloop
  endfacet
  facet normal 5.141699e-01 6.608481e-01 -5.467258e-01
    outer loop
      vertex   6.788336e+00 3.346784e+01 2.360000e+01
      vertex   7.535835e+00 3.288625e+01 2.360000e+01
      vertex   6.921509e+00 3.286784e+01 2.300000e+01
    endloop
  endfacet
  facet normal 6.854077e-01 1.738284e-01 -7.071068e-01
    outer loop
      vertex   1.915250e+01 -1.291841e+01 2.360000e+01
      vertex   1.852884e+01 -1.290000e+01 2.300000e+01
      vertex   7.535835e+00 3.288625e+01 2.360000e+01
    endloop
  endfacet
  facet normal 6.854077e-01 1.738284e-01 -7.071068e-01
    outer loop
      vertex   7.535835e+00 3.288625e+01 2.360000e+01
      vertex   1.852884e+01 -1.290000e+01 2.300000e+01
      vertex   6.921509e+00 3.286784e+01 2.300000e+01
    endloop
  endfacet
  facet normal -5.141722e-01 6.608459e-01 -5.467262e-01
    outer loop
      vertex   1.811281e+00 3.346784e+01 2.360000e+01
      vertex   1.678112e+00 3.286784e+01 2.300000e+01
      vertex   1.063787e+00 3.288625e+01 2.360000e+01
    endloop
  endfacet
  facet normal -6.854090e-01 1.738232e-01 -7.071068e-01
    outer loop
      vertex   -1.055251e+01 -1.291841e+01 2.360000e+01
      vertex   1.063787e+00 3.288625e+01 2.360000e+01
      vertex   -9.928843e+00 -1.290000e+01 2.300000e+01
    endloop
  endfacet
  facet normal -6.854090e-01 1.738232e-01 -7.071068e-01
    outer loop
      vertex   -9.928843e+00 -1.290000e+01 2.300000e+01
      vertex   1.063787e+00 3.288625e+01 2.360000e+01
      vertex   1.678112e+00 3.286784e+01 2.300000e+01
    endloop
  endfacet
  facet normal -6.140753e-01 7.892475e-01 0.000000e+00
    outer loop
      vertex   1.811281e+00 3.346784e+01 2.640000e+01
      vertex   1.811281e+00 3.346784e+01 2.360000e+01
      vertex   1.063787e+00 3.288625e+01 2.640000e+01
    endloop
  endfacet
  facet normal -6.140753e-01 7.892475e-01 -1.808047e-15
    outer loop
      vertex   1.063787e+00 3.288625e+01 2.640000e+01
      vertex   1.811281e+00 3.346784e+01 2.360000e+01
      vertex   1.063787e+00 3.288625e+01 2.360000e+01
    endloop
  endfacet
  facet normal 9.582139e-16 7.071068e-01 -7.071068e-01
    outer loop
      vertex   6.921509e+00 3.286784e+01 2.300000e+01
      vertex   1.678112e+00 3.286784e+01 2.300000e+01
      vertex   6.788336e+00 3.346784e+01 2.360000e+01
    endloop
  endfacet
  facet normal 0.000000e+00 7.071068e-01 -7.071068e-01
    outer loop
      vertex   6.788336e+00 3.346784e+01 2.360000e+01
      vertex   1.678112e+00 3.286784e+01 2.300000e+01
      vertex   1.811281e+00 3.346784e+01 2.360000e+01
    endloop
  endfacet
  facet normal 6.140723e-01 7.892498e-01 2.002842e-15
    outer loop
      vertex   7.535835e+00 3.288625e+01 2.640000e+01
      vertex   7.535835e+00 3.288625e+01 2.360000e+01
      vertex   6.788336e+00 3.346784e+01 2.640000e+01
    endloop
  endfacet
  facet normal 6.140723e-01 7.892498e-01 0.000000e+00
    outer loop
      vertex   6.788336e+00 3.346784e+01 2.640000e+01
      vertex   7.535835e+00 3.288625e+01 2.360000e+01
      vertex   6.788336e+00 3.346784e+01 2.360000e+01
    endloop
  endfacet
  facet normal -6.854090e-01 1.738232e-01 7.071068e-01
    outer loop
      vertex   -1.055251e+01 -1.291841e+01 2.640000e+01
      vertex   -9.928843e+00 -1.290000e+01 2.700000e+01
      vertex   1.063787e+00 3.288625e+01 2.640000e+01
    endloop
  endfacet
  facet normal -6.854090e-01 1.738232e-01 7.071068e-01
    outer loop
      vertex   1.063787e+00 3.288625e+01 2.640000e+01
      vertex   -9.928843e+00 -1.290000e+01 2.700000e+01
      vertex   1.678112e+00 3.286784e+01 2.700000e+01
    endloop
  endfacet
  facet normal -0.000000e+00 7.071068e-01 7.071068e-01
    outer loop
      vertex   1.811281e+00 3.346784e+01 2.640000e+01
      vertex   1.678112e+00 3.286784e+01 2.700000e+01
      vertex   6.788336e+00 3.346784e+01 2.640000e+01
    endloop
  endfacet
  facet normal 0.000000e+00 7.071068e-01 7.071068e-01
    outer loop
      vertex   6.788336e+00 3.346784e+01 2.640000e+01
      vertex   1.678112e+00 3.286784e+01 2.700000e+01
      vertex   6.921509e+00 3.286784e+01 2.700000e+01
    endloop
  endfacet
  facet normal -3.408959e-09 -7.071068e-01 -7.071068e-01
    outer loop
      vertex   1.870000e+01 -1.350000e+01 2.360000e+01
      vertex   -1.010000e+01 -1.350000e+01 2.360000e+01
      vertex   1.852884e+01 -1.290000e+01 2.300000e+01
    endloop
  endfacet
  facet normal -3.408959e-09 -7.071068e-01 -7.071068e-01
    outer loop
      vertex   1.852884e+01 -1.290000e+01 2.300000e+01
      vertex   -1.010000e+01 -1.350000e+01 2.360000e+01
      vertex   -9.928843e+00 -1.290000e+01 2.300000e+01
    endloop
  endfacet
  facet normal -7.892475e-01 -6.140753e-01 1.279864e-15
    outer loop
      vertex   -1.055251e+01 -1.291841e+01 2.640000e+01
      vertex   -1.055251e+01 -1.291841e+01 2.360000e+01
      vertex   -1.010000e+01 -1.350000e+01 2.640000e+01
    endloop
  endfacet
  facet normal -7.892475e-01 -6.140753e-01 -0.000000e+00
    outer loop
      vertex   -1.010000e+01 -1.350000e+01 2.640000e+01
      vertex   -1.055251e+01 -1.291841e+01 2.360000e+01
      vertex   -1.010000e+01 -1.350000e+01 2.360000e+01
    endloop
  endfacet
  facet normal 6.854077e-01 1.738284e-01 7.071068e-01
    outer loop
      vertex   6.921509e+00 3.286784e+01 2.700000e+01
      vertex   1.852884e+01 -1.290000e+01 2.700000e+01
      vertex   7.535835e+00 3.288625e+01 2.640000e+01
    endloop
  endfacet
  facet normal 6.854077e-01 1.738284e-01 7.071068e-01
    outer loop
      vertex   7.535835e+00 3.288625e+01 2.640000e+01
      vertex   1.852884e+01 -1.290000e+01 2.700000e+01
      vertex   1.915250e+01 -1.291841e+01 2.640000e+01
    endloop
  endfacet
  facet normal 7.892498e-01 -6.140723e-01 0.000000e+00
    outer loop
      vertex   1.870000e+01 -1.350000e+01 2.640000e+01
      vertex   1.870000e+01 -1.350000e+01 2.360000e+01
      vertex   1.915250e+01 -1.291841e+01 2.640000e+01
    endloop
  endfacet
  facet normal 7.892498e-01 -6.140723e-01 -3.895755e-16
    outer loop
      vertex   1.915250e+01 -1.291841e+01 2.640000e+01
      vertex   1.870000e+01 -1.350000e+01 2.360000e+01
      vertex   1.915250e+01 -1.291841e+01 2.360000e+01
    endloop
  endfacet
  facet normal -3.408959e-09 -7.071068e-01 7.071068e-01
    outer loop
      vertex   1.870000e+01 -1.350000e+01 2.640000e+01
      vertex   1.852884e+01 -1.290000e+01 2.700000e+01
      vertex   -1.010000e+01 -1.350000e+01 2.640000e+01
    endloop
  endfacet
  facet normal -3.408959e-09 -7.071068e-01 7.071068e-01
    outer loop
      vertex   -1.010000e+01 -1.350000e+01 2.640000e+01
      vertex   1.852884e+01 -1.290000e+01 2.700000e+01
      vertex   -9.928843e+00 -1.290000e+01 2.700000e+01
    endloop
  endfacet
  facet normal 9.693128e-01 2.458305e-01 1.559581e-16
    outer loop
      vertex   1.915250e+01 -1.291841e+01 2.360000e+01
      vertex   7.535835e+00 3.288625e+01 2.360000e+01
      vertex   1.915250e+01 -1.291841e+01 2.640000e+01
    endloop
  endfacet
  facet normal 9.693128e-01 2.458305e-01 8.592241e-16
    outer loop
      vertex   1.915250e+01 -1.291841e+01 2.640000e+01
      vertex   7.535835e+00 3.288625e+01 2.360000e+01
      vertex   7.535835e+00 3.288625e+01 2.640000e+01
    endloop
  endfacet
  facet normal -9.693147e-01 2.458231e-01 -3.163407e-16
    outer loop
      vertex   1.063787e+00 3.288625e+01 2.360000e+01
      vertex   -1.055251e+01 -1.291841e+01 2.360000e+01
      vertex   1.063787e+00 3.288625e+01 2.640000e+01
    endloop
  endfacet
  facet normal -9.693147e-01 2.458231e-01 0.000000e+00
    outer loop
      vertex   1.063787e+00 3.288625e+01 2.640000e+01
      vertex   -1.055251e+01 -1.291841e+01 2.360000e+01
      vertex   -1.055251e+01 -1.291841e+01 2.640000e+01
    endloop
  endfacet
  facet normal 0.000000e+00 0.000000e+00 -1.000000e+00
    outer loop
      vertex   -3.893752e+00 -9.157792e+00 2.300000e+01
      vertex   4.057118e+00 5.119751e+00 2.300000e+01
      vertex   -3.858953e+00 -9.500000e+00 2.300000e+01
    endloop
  endfacet
  facet normal 0.000000e+00 0.000000e+00 -1.000000e+00
    outer loop
      vertex   -3.858953e+00 -9.500000e+00 2.300000e+01
      vertex   4.057118e+00 5.119751e+00 2.300000e+01
      vertex   4.381000e+00 5.102191e+00 2.300000e+01
    endloop
  endfacet
  facet normal 0.000000e+00 0.000000e+00 -1.000000e+00
    outer loop
      vertex   -3.858953e+00 -9.500000e+00 2.300000e+01
      vertex   4.381000e+00 5.102191e+00 2.300000e+01
      vertex   1.246726e+01 -9.328014e+00 2.300000e+01
    endloop
  endfacet
  facet normal 0.000000e+00 0.000000e+00 -1.000000e+00
    outer loop
      vertex   1.246726e+01 -9.328014e+00 2.300000e+01
      vertex   4.381000e+00 5.102191e+00 2.300000e+01
      vertex   4.701084e+00 5.154666e+00 2.300000e+01
    endloop
  endfacet
  facet normal 0.000000e+00 0.000000e+00 -1.000000e+00
    outer loop
      vertex   1.246726e+01 -9.328014e+00 2.300000e+01
      vertex   4.701084e+00 5.154666e+00 2.300000e+01
      vertex   1.253650e+01 -8.991083e+00 2.300000e+01
    endloop
  endfacet
  facet normal 0.000000e+00 0.000000e+00 -1.000000e+00
    outer loop
      vertex   1.253650e+01 -8.991083e+00 2.300000e+01
      vertex   4.701084e+00 5.154666e+00 2.300000e+01
      vertex   5.002404e+00 5.274723e+00 2.300000e+01
    endloop
  endfacet
  facet normal 0.000000e+00 0.000000e+00 -1.000000e+00
    outer loop
      vertex   1.253650e+01 -8.991083e+00 2.300000e+01
      vertex   5.002404e+00 5.274723e+00 2.300000e+01
      vertex   5.270871e+00 5.456748e+00 2.300000e+01
    endloop
  endfacet
  facet normal -0.000000e+00 0.000000e+00 -1.000000e+00
    outer loop
      vertex   4.057118e+00 5.119751e+00 2.300000e+01
      vertex   -3.893752e+00 -9.157792e+00 2.300000e+01
      vertex   3.744584e+00 5.206526e+00 2.300000e+01
    endloop
  endfacet
  facet normal 0.000000e+00 0.000000e+00 -1.000000e+00
    outer loop
      vertex   3.744584e+00 5.206526e+00 2.300000e+01
      vertex   -3.893752e+00 -9.157792e+00 2.300000e+01
      vertex   -3.996724e+00 -8.829595e+00 2.300000e+01
    endloop
  endfacet
  facet normal -0.000000e+00 0.000000e+00 -1.000000e+00
    outer loop
      vertex   3.744584e+00 5.206526e+00 2.300000e+01
      vertex   -3.996724e+00 -8.829595e+00 2.300000e+01
      vertex   3.458011e+00 5.358458e+00 2.300000e+01
    endloop
  endfacet
  facet normal -0.000000e+00 0.000000e+00 -1.000000e+00
    outer loop
      vertex   3.458011e+00 5.358458e+00 2.300000e+01
      vertex   -3.996724e+00 -8.829595e+00 2.300000e+01
      vertex   3.210798e+00 5.568442e+00 2.300000e+01
    endloop
  endfacet
  facet normal 0.000000e+00 0.000000e+00 -1.000000e+00
    outer loop
      vertex   3.210798e+00 5.568442e+00 2.300000e+01
      vertex   -3.996724e+00 -8.829595e+00 2.300000e+01
      vertex   -4.163655e+00 -8.528844e+00 2.300000e+01
    endloop
  endfacet
  facet normal -0.000000e+00 0.000000e+00 -1.000000e+00
    outer loop
      vertex   3.210798e+00 5.568442e+00 2.300000e+01
      vertex   -4.163655e+00 -8.528844e+00 2.300000e+01
      vertex   3.014506e+00 5.826660e+00 2.300000e+01
    endloop
  endfacet
  facet normal 0.000000e+00 0.000000e+00 -1.000000e+00
    outer loop
      vertex   3.014506e+00 5.826660e+00 2.300000e+01
      vertex   -4.163655e+00 -8.528844e+00 2.300000e+01
      vertex   -4.387709e+00 -8.267852e+00 2.300000e+01
    endloop
  endfacet
  facet normal -0.000000e+00 0.000000e+00 -1.000000e+00
    outer loop
      vertex   3.014506e+00 5.826660e+00 2.300000e+01
      vertex   -4.387709e+00 -8.267852e+00 2.300000e+01
      vertex   2.878312e+00 6.121039e+00 2.300000e+01
    endloop
  endfacet
  facet normal 0.000000e+00 0.000000e+00 -1.000000e+00
    outer loop
      vertex   2.878312e+00 6.121039e+00 2.300000e+01
      vertex   -4.387709e+00 -8.267852e+00 2.300000e+01
      vertex   -4.659714e+00 -8.057305e+00 2.300000e+01
    endloop
  endfacet
  facet normal 0.000000e+00 0.000000e+00 -1.000000e+00
    outer loop
      vertex   2.878312e+00 6.121039e+00 2.300000e+01
      vertex   -4.659714e+00 -8.057305e+00 2.300000e+01
      vertex   -4.968534e+00 -7.905821e+00 2.300000e+01
    endloop
  endfacet
  facet normal -0.000000e+00 0.000000e+00 -1.000000e+00
    outer loop
      vertex   2.878312e+00 6.121039e+00 2.300000e+01
      vertex   -4.968534e+00 -7.905821e+00 2.300000e+01
      vertex   2.808584e+00 6.437813e+00 2.300000e+01
    endloop
  endfacet
  facet normal 0.000000e+00 0.000000e+00 -1.000000e+00
    outer loop
      vertex   2.808584e+00 6.437813e+00 2.300000e+01
      vertex   -4.968534e+00 -7.905821e+00 2.300000e+01
      vertex   -5.301525e+00 -7.819604e+00 2.300000e+01
    endloop
  endfacet
  facet normal 0.000000e+00 0.000000e+00 -1.000000e+00
    outer loop
      vertex   2.808584e+00 6.437813e+00 2.300000e+01
      vertex   -5.301525e+00 -7.819604e+00 2.300000e+01
      vertex   -5.645056e+00 -7.802182e+00 2.300000e+01
    endloop
  endfacet
  facet normal -0.000000e+00 0.000000e+00 -1.000000e+00
    outer loop
      vertex   2.808584e+00 6.437813e+00 2.300000e+01
      vertex   -5.645056e+00 -7.802182e+00 2.300000e+01
      vertex   2.808584e+00 6.762170e+00 2.300000e+01
    endloop
  endfacet
  facet normal 0.000000e+00 0.000000e+00 -1.000000e+00
    outer loop
      vertex   2.808584e+00 6.762170e+00 2.300000e+01
      vertex   -5.645056e+00 -7.802182e+00 2.300000e+01
      vertex   -5.985062e+00 -7.854269e+00 2.300000e+01
    endloop
  endfacet
  facet normal 0.000000e+00 0.000000e+00 -1.000000e+00
    outer loop
      vertex   2.808584e+00 6.762170e+00 2.300000e+01
      vertex   -5.985062e+00 -7.854269e+00 2.300000e+01
      vertex   -6.307623e+00 -7.973732e+00 2.300000e+01
    endloop
  endfacet
  facet normal 0.000000e+00 0.000000e+00 -1.000000e+00
    outer loop
      vertex   -6.599533e+00 -8.155681e+00 2.300000e+01
      vertex   2.677755e+00 2.419106e+01 2.300000e+01
      vertex   -6.307623e+00 -7.973732e+00 2.300000e+01
    endloop
  endfacet
  facet normal 0.000000e+00 0.000000e+00 -1.000000e+00
    outer loop
      vertex   -6.307623e+00 -7.973732e+00 2.300000e+01
      vertex   2.677755e+00 2.419106e+01 2.300000e+01
      vertex   2.878312e+00 7.078943e+00 2.300000e+01
    endloop
  endfacet
  facet normal 0.000000e+00 0.000000e+00 -1.000000e+00
    outer loop
      vertex   -6.307623e+00 -7.973732e+00 2.300000e+01
      vertex   2.878312e+00 7.078943e+00 2.300000e+01
      vertex   2.808584e+00 6.762170e+00 2.300000e+01
    endloop
  endfacet
  facet normal -0.000000e+00 0.000000e+00 -1.000000e+00
    outer loop
      vertex   2.677755e+00 2.419106e+01 2.300000e+01
      vertex   -6.599533e+00 -8.155681e+00 2.300000e+01
      vertex   2.608513e+00 2.452800e+01 2.300000e+01
    endloop
  endfacet
  facet normal 0.000000e+00 0.000000e+00 -1.000000e+00
    outer loop
      vertex   2.608513e+00 2.452800e+01 2.300000e+01
      vertex   -6.599533e+00 -8.155681e+00 2.300000e+01
      vertex   -6.848841e+00 -8.392667e+00 2.300000e+01
    endloop
  endfacet
  facet normal -0.000000e+00 0.000000e+00 -1.000000e+00
    outer loop
      vertex   2.608513e+00 2.452800e+01 2.300000e+01
      vertex   -6.848841e+00 -8.392667e+00 2.300000e+01
      vertex   1.678112e+00 3.286784e+01 2.300000e+01
    endloop
  endfacet
  facet normal 0.000000e+00 0.000000e+00 -1.000000e+00
    outer loop
      vertex   1.678112e+00 3.286784e+01 2.300000e+01
      vertex   -6.848841e+00 -8.392667e+00 2.300000e+01
      vertex   -7.045342e+00 -8.674987e+00 2.300000e+01
    endloop
  endfacet
  facet normal 0.000000e+00 0.000000e+00 -1.000000e+00
    outer loop
      vertex   1.678112e+00 3.286784e+01 2.300000e+01
      vertex   -7.045342e+00 -8.674987e+00 2.300000e+01
      vertex   -9.928843e+00 -1.290000e+01 2.300000e+01
    endloop
  endfacet
  facet normal 0.000000e+00 0.000000e+00 -1.000000e+00
    outer loop
      vertex   -9.928843e+00 -1.290000e+01 2.300000e+01
      vertex   -7.045342e+00 -8.674987e+00 2.300000e+01
      vertex   -7.180989e+00 -8.991083e+00 2.300000e+01
    endloop
  endfacet
  facet normal 0.000000e+00 0.000000e+00 -1.000000e+00
    outer loop
      vertex   -9.928843e+00 -1.290000e+01 2.300000e+01
      vertex   -7.180989e+00 -8.991083e+00 2.300000e+01
      vertex   -7.250231e+00 -9.328014e+00 2.300000e+01
    endloop
  endfacet
  facet normal 0.000000e+00 -0.000000e+00 -1.000000e+00
    outer loop
      vertex   -7.250231e+00 -9.328014e+00 2.300000e+01
      vertex   -7.250231e+00 -9.671986e+00 2.300000e+01
      vertex   -9.928843e+00 -1.290000e+01 2.300000e+01
    endloop
  endfacet
  facet normal 0.000000e+00 0.000000e+00 -1.000000e+00
    outer loop
      vertex   -9.928843e+00 -1.290000e+01 2.300000e+01
      vertex   -7.250231e+00 -9.671986e+00 2.300000e+01
      vertex   -7.180989e+00 -1.000892e+01 2.300000e+01
    endloop
  endfacet
  facet normal 0.000000e+00 0.000000e+00 -1.000000e+00
    outer loop
      vertex   -9.928843e+00 -1.290000e+01 2.300000e+01
      vertex   -7.180989e+00 -1.000892e+01 2.300000e+01
      vertex   -7.045342e+00 -1.032501e+01 2.300000e+01
    endloop
  endfacet
  facet normal 0.000000e+00 -0.000000e+00 -1.000000e+00
    outer loop
      vertex   -7.045342e+00 -1.032501e+01 2.300000e+01
      vertex   -6.848841e+00 -1.060733e+01 2.300000e+01
      vertex   -9.928843e+00 -1.290000e+01 2.300000e+01
    endloop
  endfacet
  facet normal 0.000000e+00 0.000000e+00 -1.000000e+00
    outer loop
      vertex   -9.928843e+00 -1.290000e+01 2.300000e+01
      vertex   -6.848841e+00 -1.060733e+01 2.300000e+01
      vertex   -6.599533e+00 -1.084432e+01 2.300000e+01
    endloop
  endfacet
  facet normal 0.000000e+00 0.000000e+00 -1.000000e+00
    outer loop
      vertex   -9.928843e+00 -1.290000e+01 2.300000e+01
      vertex   -6.599533e+00 -1.084432e+01 2.300000e+01
      vertex   -6.307623e+00 -1.102627e+01 2.300000e+01
    endloop
  endfacet
  facet normal 0.000000e+00 -0.000000e+00 -1.000000e+00
    outer loop
      vertex   -6.307623e+00 -1.102627e+01 2.300000e+01
      vertex   -5.985062e+00 -1.114573e+01 2.300000e+01
      vertex   -9.928843e+00 -1.290000e+01 2.300000e+01
    endloop
  endfacet
  facet normal 0.000000e+00 0.000000e+00 -1.000000e+00
    outer loop
      vertex   -9.928843e+00 -1.290000e+01 2.300000e+01
      vertex   -5.985062e+00 -1.114573e+01 2.300000e+01
      vertex   -5.645056e+00 -1.119782e+01 2.300000e+01
    endloop
  endfacet
  facet normal 0.000000e+00 0.000000e+00 -1.000000e+00
    outer loop
      vertex   -9.928843e+00 -1.290000e+01 2.300000e+01
      vertex   -5.645056e+00 -1.119782e+01 2.300000e+01
      vertex   -5.301525e+00 -1.118040e+01 2.300000e+01
    endloop
  endfacet
  facet normal 0.000000e+00 -0.000000e+00 -1.000000e+00
    outer loop
      vertex   -5.301525e+00 -1.118040e+01 2.300000e+01
      vertex   -4.968534e+00 -1.109418e+01 2.300000e+01
      vertex   -9.928843e+00 -1.290000e+01 2.300000e+01
    endloop
  endfacet
  facet normal 0.000000e+00 0.000000e+00 -1.000000e+00
    outer loop
      vertex   -9.928843e+00 -1.290000e+01 2.300000e+01
      vertex   -4.968534e+00 -1.109418e+01 2.300000e+01
      vertex   1.373243e+01 -1.114573e+01 2.300000e+01
    endloop
  endfacet
  facet normal 0.000000e+00 0.000000e+00 -1.000000e+00
    outer loop
      vertex   -9.928843e+00 -1.290000e+01 2.300000e+01
      vertex   1.373243e+01 -1.114573e+01 2.300000e+01
      vertex   1.852884e+01 -1.290000e+01 2.300000e+01
    endloop
  endfacet
  facet normal 0.000000e+00 0.000000e+00 -1.000000e+00
    outer loop
      vertex   1.852884e+01 -1.290000e+01 2.300000e+01
      vertex   1.373243e+01 -1.114573e+01 2.300000e+01
      vertex   1.407243e+01 -1.119782e+01 2.300000e+01
    endloop
  endfacet
  facet normal 0.000000e+00 0.000000e+00 -1.000000e+00
    outer loop
      vertex   1.852884e+01 -1.290000e+01 2.300000e+01
      vertex   1.407243e+01 -1.119782e+01 2.300000e+01
      vertex   1.441596e+01 -1.118040e+01 2.300000e+01
    endloop
  endfacet
  facet normal 0.000000e+00 0.000000e+00 -1.000000e+00
    outer loop
      vertex   1.373243e+01 -1.114573e+01 2.300000e+01
      vertex   -4.968534e+00 -1.109418e+01 2.300000e+01
      vertex   1.340987e+01 -1.102627e+01 2.300000e+01
    endloop
  endfacet
  facet normal -0.000000e+00 0.000000e+00 -1.000000e+00
    outer loop
      vertex   1.340987e+01 -1.102627e+01 2.300000e+01
      vertex   -4.968534e+00 -1.109418e+01 2.300000e+01
      vertex   -4.659714e+00 -1.094270e+01 2.300000e+01
    endloop
  endfacet
  facet normal 0.000000e+00 0.000000e+00 -1.000000e+00
    outer loop
      vertex   1.340987e+01 -1.102627e+01 2.300000e+01
      vertex   -4.659714e+00 -1.094270e+01 2.300000e+01
      vertex   1.311796e+01 -1.084432e+01 2.300000e+01
    endloop
  endfacet
  facet normal -0.000000e+00 0.000000e+00 -1.000000e+00
    outer loop
      vertex   1.311796e+01 -1.084432e+01 2.300000e+01
      vertex   -4.659714e+00 -1.094270e+01 2.300000e+01
      vertex   -4.387709e+00 -1.073215e+01 2.300000e+01
    endloop
  endfacet
  facet normal 0.000000e+00 0.000000e+00 -1.000000e+00
    outer loop
      vertex   1.311796e+01 -1.084432e+01 2.300000e+01
      vertex   -4.387709e+00 -1.073215e+01 2.300000e+01
      vertex   1.286865e+01 -1.060733e+01 2.300000e+01
    endloop
  endfacet
  facet normal -0.000000e+00 0.000000e+00 -1.000000e+00
    outer loop
      vertex   1.286865e+01 -1.060733e+01 2.300000e+01
      vertex   -4.387709e+00 -1.073215e+01 2.300000e+01
      vertex   -4.163655e+00 -1.047116e+01 2.300000e+01
    endloop
  endfacet
  facet normal 0.000000e+00 0.000000e+00 -1.000000e+00
    outer loop
      vertex   1.286865e+01 -1.060733e+01 2.300000e+01
      vertex   -4.163655e+00 -1.047116e+01 2.300000e+01
      vertex   1.267215e+01 -1.032501e+01 2.300000e+01
    endloop
  endfacet
  facet normal -0.000000e+00 0.000000e+00 -1.000000e+00
    outer loop
      vertex   1.267215e+01 -1.032501e+01 2.300000e+01
      vertex   -4.163655e+00 -1.047116e+01 2.300000e+01
      vertex   -3.996724e+00 -1.017040e+01 2.300000e+01
    endloop
  endfacet
  facet normal 0.000000e+00 0.000000e+00 -1.000000e+00
    outer loop
      vertex   1.267215e+01 -1.032501e+01 2.300000e+01
      vertex   -3.996724e+00 -1.017040e+01 2.300000e+01
      vertex   1.253650e+01 -1.000892e+01 2.300000e+01
    endloop
  endfacet
  facet normal -0.000000e+00 0.000000e+00 -1.000000e+00
    outer loop
      vertex   1.253650e+01 -1.000892e+01 2.300000e+01
      vertex   -3.996724e+00 -1.017040e+01 2.300000e+01
      vertex   -3.893752e+00 -9.842207e+00 2.300000e+01
    endloop
  endfacet
  facet normal 0.000000e+00 0.000000e+00 -1.000000e+00
    outer loop
      vertex   1.253650e+01 -1.000892e+01 2.300000e+01
      vertex   -3.893752e+00 -9.842207e+00 2.300000e+01
      vertex   1.246726e+01 -9.671986e+00 2.300000e+01
    endloop
  endfacet
  facet normal -0.000000e+00 0.000000e+00 -1.000000e+00
    outer loop
      vertex   1.246726e+01 -9.671986e+00 2.300000e+01
      vertex   -3.893752e+00 -9.842207e+00 2.300000e+01
      vertex   -3.858953e+00 -9.500000e+00 2.300000e+01
    endloop
  endfacet
  facet normal 0.000000e+00 0.000000e+00 -1.000000e+00
    outer loop
      vertex   1.246726e+01 -9.671986e+00 2.300000e+01
      vertex   -3.858953e+00 -9.500000e+00 2.300000e+01
      vertex   1.246726e+01 -9.328014e+00 2.300000e+01
    endloop
  endfacet
  facet normal 0.000000e+00 0.000000e+00 -1.000000e+00
    outer loop
      vertex   5.964992e+00 2.504219e+01 2.300000e+01
      vertex   6.921509e+00 3.286784e+01 2.300000e+01
      vertex   5.999791e+00 2.469998e+01 2.300000e+01
    endloop
  endfacet
  facet normal 0.000000e+00 0.000000e+00 -1.000000e+00
    outer loop
      vertex   5.999791e+00 2.469998e+01 2.300000e+01
      vertex   6.921509e+00 3.286784e+01 2.300000e+01
      vertex   1.555383e+01 -8.528844e+00 2.300000e+01
    endloop
  endfacet
  facet normal 0.000000e+00 0.000000e+00 -1.000000e+00
    outer loop
      vertex   5.999791e+00 2.469998e+01 2.300000e+01
      vertex   1.555383e+01 -8.528844e+00 2.300000e+01
      vertex   1.532978e+01 -8.267852e+00 2.300000e+01
    endloop
  endfacet
  facet normal 0.000000e+00 0.000000e+00 -1.000000e+00
    outer loop
      vertex   5.964992e+00 2.504219e+01 2.300000e+01
      vertex   5.862020e+00 2.537039e+01 2.300000e+01
      vertex   6.921509e+00 3.286784e+01 2.300000e+01
    endloop
  endfacet
  facet normal 0.000000e+00 0.000000e+00 -1.000000e+00
    outer loop
      vertex   6.921509e+00 3.286784e+01 2.300000e+01
      vertex   5.862020e+00 2.537039e+01 2.300000e+01
      vertex   5.695089e+00 2.567114e+01 2.300000e+01
    endloop
  endfacet
  facet normal 0.000000e+00 0.000000e+00 -1.000000e+00
    outer loop
      vertex   6.921509e+00 3.286784e+01 2.300000e+01
      vertex   5.695089e+00 2.567114e+01 2.300000e+01
      vertex   5.471035e+00 2.593213e+01 2.300000e+01
    endloop
  endfacet
  facet normal 0.000000e+00 0.000000e+00 -1.000000e+00
    outer loop
      vertex   5.471035e+00 2.593213e+01 2.300000e+01
      vertex   5.199030e+00 2.614268e+01 2.300000e+01
      vertex   6.921509e+00 3.286784e+01 2.300000e+01
    endloop
  endfacet
  facet normal 0.000000e+00 0.000000e+00 -1.000000e+00
    outer loop
      vertex   6.921509e+00 3.286784e+01 2.300000e+01
      vertex   5.199030e+00 2.614268e+01 2.300000e+01
      vertex   4.890210e+00 2.629416e+01 2.300000e+01
    endloop
  endfacet
  facet normal 0.000000e+00 0.000000e+00 -1.000000e+00
    outer loop
      vertex   6.921509e+00 3.286784e+01 2.300000e+01
      vertex   4.890210e+00 2.629416e+01 2.300000e+01
      vertex   4.557219e+00 2.638038e+01 2.300000e+01
    endloop
  endfacet
  facet normal 0.000000e+00 0.000000e+00 -1.000000e+00
    outer loop
      vertex   4.557219e+00 2.638038e+01 2.300000e+01
      vertex   4.213688e+00 2.639780e+01 2.300000e+01
      vertex   6.921509e+00 3.286784e+01 2.300000e+01
    endloop
  endfacet
  facet normal -0.000000e+00 0.000000e+00 -1.000000e+00
    outer loop
      vertex   6.921509e+00 3.286784e+01 2.300000e+01
      vertex   4.213688e+00 2.639780e+01 2.300000e+01
      vertex   1.678112e+00 3.286784e+01 2.300000e+01
    endloop
  endfacet
  facet normal 0.000000e+00 0.000000e+00 -1.000000e+00
    outer loop
      vertex   1.678112e+00 3.286784e+01 2.300000e+01
      vertex   4.213688e+00 2.639780e+01 2.300000e+01
      vertex   3.873682e+00 2.634571e+01 2.300000e+01
    endloop
  endfacet
  facet normal 0.000000e+00 0.000000e+00 -1.000000e+00
    outer loop
      vertex   1.678112e+00 3.286784e+01 2.300000e+01
      vertex   3.873682e+00 2.634571e+01 2.300000e+01
      vertex   3.551121e+00 2.622625e+01 2.300000e+01
    endloop
  endfacet
  facet normal -0.000000e+00 0.000000e+00 -1.000000e+00
    outer loop
      vertex   3.551121e+00 2.622625e+01 2.300000e+01
      vertex   3.259211e+00 2.604430e+01 2.300000e+01
      vertex   1.678112e+00 3.286784e+01 2.300000e+01
    endloop
  endfacet
  facet normal 0.000000e+00 0.000000e+00 -1.000000e+00
    outer loop
      vertex   1.678112e+00 3.286784e+01 2.300000e+01
      vertex   3.259211e+00 2.604430e+01 2.300000e+01
      vertex   3.009902e+00 2.580732e+01 2.300000e+01
    endloop
  endfacet
  facet normal 0.000000e+00 0.000000e+00 -1.000000e+00
    outer loop
      vertex   1.678112e+00 3.286784e+01 2.300000e+01
      vertex   3.009902e+00 2.580732e+01 2.300000e+01
      vertex   2.813402e+00 2.552500e+01 2.300000e+01
    endloop
  endfacet
  facet normal -0.000000e+00 0.000000e+00 -1.000000e+00
    outer loop
      vertex   2.813402e+00 2.552500e+01 2.300000e+01
      vertex   2.677755e+00 2.520890e+01 2.300000e+01
      vertex   1.678112e+00 3.286784e+01 2.300000e+01
    endloop
  endfacet
  facet normal 0.000000e+00 0.000000e+00 -1.000000e+00
    outer loop
      vertex   1.678112e+00 3.286784e+01 2.300000e+01
      vertex   2.677755e+00 2.520890e+01 2.300000e+01
      vertex   2.608513e+00 2.487197e+01 2.300000e+01
    endloop
  endfacet
  facet normal 0.000000e+00 0.000000e+00 -1.000000e+00
    outer loop
      vertex   1.678112e+00 3.286784e+01 2.300000e+01
      vertex   2.608513e+00 2.487197e+01 2.300000e+01
      vertex   2.608513e+00 2.452800e+01 2.300000e+01
    endloop
  endfacet
  facet normal 0.000000e+00 0.000000e+00 -1.000000e+00
    outer loop
      vertex   2.677755e+00 2.419106e+01 2.300000e+01
      vertex   2.813402e+00 2.387497e+01 2.300000e+01
      vertex   2.878312e+00 7.078943e+00 2.300000e+01
    endloop
  endfacet
  facet normal 0.000000e+00 0.000000e+00 -1.000000e+00
    outer loop
      vertex   2.878312e+00 7.078943e+00 2.300000e+01
      vertex   2.813402e+00 2.387497e+01 2.300000e+01
      vertex   3.014506e+00 7.373322e+00 2.300000e+01
    endloop
  endfacet
  facet normal 0.000000e+00 0.000000e+00 -1.000000e+00
    outer loop
      vertex   3.014506e+00 7.373322e+00 2.300000e+01
      vertex   2.813402e+00 2.387497e+01 2.300000e+01
      vertex   3.009902e+00 2.359265e+01 2.300000e+01
    endloop
  endfacet
  facet normal 0.000000e+00 0.000000e+00 -1.000000e+00
    outer loop
      vertex   3.014506e+00 7.373322e+00 2.300000e+01
      vertex   3.009902e+00 2.359265e+01 2.300000e+01
      vertex   3.210798e+00 7.631540e+00 2.300000e+01
    endloop
  endfacet
  facet normal 0.000000e+00 0.000000e+00 -1.000000e+00
    outer loop
      vertex   3.210798e+00 7.631540e+00 2.300000e+01
      vertex   3.009902e+00 2.359265e+01 2.300000e+01
      vertex   3.259211e+00 2.335566e+01 2.300000e+01
    endloop
  endfacet
  facet normal 0.000000e+00 0.000000e+00 -1.000000e+00
    outer loop
      vertex   3.210798e+00 7.631540e+00 2.300000e+01
      vertex   3.259211e+00 2.335566e+01 2.300000e+01
      vertex   3.458011e+00 7.841525e+00 2.300000e+01
    endloop
  endfacet
  facet normal 0.000000e+00 0.000000e+00 -1.000000e+00
    outer loop
      vertex   3.458011e+00 7.841525e+00 2.300000e+01
      vertex   3.259211e+00 2.335566e+01 2.300000e+01
      vertex   3.551121e+00 2.317371e+01 2.300000e+01
    endloop
  endfacet
  facet normal 0.000000e+00 0.000000e+00 -1.000000e+00
    outer loop
      vertex   3.458011e+00 7.841525e+00 2.300000e+01
      vertex   3.551121e+00 2.317371e+01 2.300000e+01
      vertex   3.744584e+00 7.993456e+00 2.300000e+01
    endloop
  endfacet
  facet normal 0.000000e+00 0.000000e+00 -1.000000e+00
    outer loop
      vertex   3.744584e+00 7.993456e+00 2.300000e+01
      vertex   3.551121e+00 2.317371e+01 2.300000e+01
      vertex   3.873682e+00 2.305425e+01 2.300000e+01
    endloop
  endfacet
  facet normal 0.000000e+00 0.000000e+00 -1.000000e+00
    outer loop
      vertex   3.744584e+00 7.993456e+00 2.300000e+01
      vertex   3.873682e+00 2.305425e+01 2.300000e+01
      vertex   4.057118e+00 8.080231e+00 2.300000e+01
    endloop
  endfacet
  facet normal 0.000000e+00 0.000000e+00 -1.000000e+00
    outer loop
      vertex   4.057118e+00 8.080231e+00 2.300000e+01
      vertex   3.873682e+00 2.305425e+01 2.300000e+01
      vertex   4.213688e+00 2.300216e+01 2.300000e+01
    endloop
  endfacet
  facet normal 0.000000e+00 0.000000e+00 -1.000000e+00
    outer loop
      vertex   4.057118e+00 8.080231e+00 2.300000e+01
      vertex   4.213688e+00 2.300216e+01 2.300000e+01
      vertex   4.381000e+00 8.097791e+00 2.300000e+01
    endloop
  endfacet
  facet normal 0.000000e+00 0.000000e+00 -1.000000e+00
    outer loop
      vertex   4.381000e+00 8.097791e+00 2.300000e+01
      vertex   4.213688e+00 2.300216e+01 2.300000e+01
      vertex   4.557219e+00 2.301959e+01 2.300000e+01
    endloop
  endfacet
  facet normal 0.000000e+00 0.000000e+00 -1.000000e+00
    outer loop
      vertex   4.381000e+00 8.097791e+00 2.300000e+01
      vertex   4.557219e+00 2.301959e+01 2.300000e+01
      vertex   4.701084e+00 8.045316e+00 2.300000e+01
    endloop
  endfacet
  facet normal 0.000000e+00 0.000000e+00 -1.000000e+00
    outer loop
      vertex   4.701084e+00 8.045316e+00 2.300000e+01
      vertex   4.557219e+00 2.301959e+01 2.300000e+01
      vertex   4.890210e+00 2.310580e+01 2.300000e+01
    endloop
  endfacet
  facet normal 0.000000e+00 0.000000e+00 -1.000000e+00
    outer loop
      vertex   4.701084e+00 8.045316e+00 2.300000e+01
      vertex   4.890210e+00 2.310580e+01 2.300000e+01
      vertex   5.002404e+00 7.925259e+00 2.300000e+01
    endloop
  endfacet
  facet normal 0.000000e+00 0.000000e+00 -1.000000e+00
    outer loop
      vertex   5.002404e+00 7.925259e+00 2.300000e+01
      vertex   4.890210e+00 2.310580e+01 2.300000e+01
      vertex   5.199030e+00 2.325729e+01 2.300000e+01
    endloop
  endfacet
  facet normal 0.000000e+00 0.000000e+00 -1.000000e+00
    outer loop
      vertex   5.002404e+00 7.925259e+00 2.300000e+01
      vertex   5.199030e+00 2.325729e+01 2.300000e+01
      vertex   5.270871e+00 7.743234e+00 2.300000e+01
    endloop
  endfacet
  facet normal 0.000000e+00 0.000000e+00 -1.000000e+00
    outer loop
      vertex   5.270871e+00 7.743234e+00 2.300000e+01
      vertex   5.199030e+00 2.325729e+01 2.300000e+01
      vertex   5.471035e+00 2.346783e+01 2.300000e+01
    endloop
  endfacet
  facet normal 0.000000e+00 0.000000e+00 -1.000000e+00
    outer loop
      vertex   5.270871e+00 7.743234e+00 2.300000e+01
      vertex   5.471035e+00 2.346783e+01 2.300000e+01
      vertex   5.493931e+00 7.507752e+00 2.300000e+01
    endloop
  endfacet
  facet normal 0.000000e+00 0.000000e+00 -1.000000e+00
    outer loop
      vertex   5.493931e+00 7.507752e+00 2.300000e+01
      vertex   5.471035e+00 2.346783e+01 2.300000e+01
      vertex   5.695089e+00 2.372883e+01 2.300000e+01
    endloop
  endfacet
  facet normal 0.000000e+00 0.000000e+00 -1.000000e+00
    outer loop
      vertex   5.493931e+00 7.507752e+00 2.300000e+01
      vertex   5.695089e+00 2.372883e+01 2.300000e+01
      vertex   5.661154e+00 7.229825e+00 2.300000e+01
    endloop
  endfacet
  facet normal 0.000000e+00 0.000000e+00 -1.000000e+00
    outer loop
      vertex   5.661154e+00 7.229825e+00 2.300000e+01
      vertex   5.695089e+00 2.372883e+01 2.300000e+01
      vertex   5.862020e+00 2.402958e+01 2.300000e+01
    endloop
  endfacet
  facet normal 0.000000e+00 0.000000e+00 -1.000000e+00
    outer loop
      vertex   5.661154e+00 7.229825e+00 2.300000e+01
      vertex   5.862020e+00 2.402958e+01 2.300000e+01
      vertex   5.764722e+00 6.922447e+00 2.300000e+01
    endloop
  endfacet
  facet normal 0.000000e+00 0.000000e+00 -1.000000e+00
    outer loop
      vertex   5.764722e+00 6.922447e+00 2.300000e+01
      vertex   5.862020e+00 2.402958e+01 2.300000e+01
      vertex   5.964992e+00 2.435777e+01 2.300000e+01
    endloop
  endfacet
  facet normal 0.000000e+00 0.000000e+00 -1.000000e+00
    outer loop
      vertex   5.764722e+00 6.922447e+00 2.300000e+01
      vertex   5.964992e+00 2.435777e+01 2.300000e+01
      vertex   1.505777e+01 -8.057305e+00 2.300000e+01
    endloop
  endfacet
  facet normal 0.000000e+00 0.000000e+00 -1.000000e+00
    outer loop
      vertex   1.505777e+01 -8.057305e+00 2.300000e+01
      vertex   5.964992e+00 2.435777e+01 2.300000e+01
      vertex   1.532978e+01 -8.267852e+00 2.300000e+01
    endloop
  endfacet
  facet normal 0.000000e+00 0.000000e+00 -1.000000e+00
    outer loop
      vertex   1.532978e+01 -8.267852e+00 2.300000e+01
      vertex   5.964992e+00 2.435777e+01 2.300000e+01
      vertex   5.999791e+00 2.469998e+01 2.300000e+01
    endloop
  endfacet
  facet normal 0.000000e+00 0.000000e+00 -1.000000e+00
    outer loop
      vertex   1.582374e+01 -9.842207e+00 2.300000e+01
      vertex   1.585854e+01 -9.500000e+00 2.300000e+01
      vertex   1.852884e+01 -1.290000e+01 2.300000e+01
    endloop
  endfacet
  facet normal 0.000000e+00 0.000000e+00 -1.000000e+00
    outer loop
      vertex   1.852884e+01 -1.290000e+01 2.300000e+01
      vertex   1.585854e+01 -9.500000e+00 2.300000e+01
      vertex   1.582374e+01 -9.157792e+00 2.300000e+01
    endloop
  endfacet
  facet normal 0.000000e+00 0.000000e+00 -1.000000e+00
    outer loop
      vertex   1.852884e+01 -1.290000e+01 2.300000e+01
      vertex   1.582374e+01 -9.157792e+00 2.300000e+01
      vertex   1.572076e+01 -8.829595e+00 2.300000e+01
    endloop
  endfacet
  facet normal 0.000000e+00 0.000000e+00 -1.000000e+00
    outer loop
      vertex   1.572076e+01 -8.829595e+00 2.300000e+01
      vertex   1.555383e+01 -8.528844e+00 2.300000e+01
      vertex   1.852884e+01 -1.290000e+01 2.300000e+01
    endloop
  endfacet
  facet normal 0.000000e+00 0.000000e+00 -1.000000e+00
    outer loop
      vertex   1.852884e+01 -1.290000e+01 2.300000e+01
      vertex   1.555383e+01 -8.528844e+00 2.300000e+01
      vertex   6.921509e+00 3.286784e+01 2.300000e+01
    endloop
  endfacet
  facet normal 0.000000e+00 0.000000e+00 -1.000000e+00
    outer loop
      vertex   1.505777e+01 -8.057305e+00 2.300000e+01
      vertex   1.474895e+01 -7.905821e+00 2.300000e+01
      vertex   5.764722e+00 6.922447e+00 2.300000e+01
    endloop
  endfacet
  facet normal 0.000000e+00 0.000000e+00 -1.000000e+00
    outer loop
      vertex   5.764722e+00 6.922447e+00 2.300000e+01
      vertex   1.474895e+01 -7.905821e+00 2.300000e+01
      vertex   5.799791e+00 6.599991e+00 2.300000e+01
    endloop
  endfacet
  facet normal 0.000000e+00 0.000000e+00 -1.000000e+00
    outer loop
      vertex   5.799791e+00 6.599991e+00 2.300000e+01
      vertex   1.474895e+01 -7.905821e+00 2.300000e+01
      vertex   1.441596e+01 -7.819604e+00 2.300000e+01
    endloop
  endfacet
  facet normal 0.000000e+00 0.000000e+00 -1.000000e+00
    outer loop
      vertex   5.799791e+00 6.599991e+00 2.300000e+01
      vertex   1.441596e+01 -7.819604e+00 2.300000e+01
      vertex   1.407243e+01 -7.802182e+00 2.300000e+01
    endloop
  endfacet
  facet normal 0.000000e+00 -0.000000e+00 -1.000000e+00
    outer loop
      vertex   5.799791e+00 6.599991e+00 2.300000e+01
      vertex   1.407243e+01 -7.802182e+00 2.300000e+01
      vertex   5.764722e+00 6.277535e+00 2.300000e+01
    endloop
  endfacet
  facet normal 0.000000e+00 0.000000e+00 -1.000000e+00
    outer loop
      vertex   5.764722e+00 6.277535e+00 2.300000e+01
      vertex   1.407243e+01 -7.802182e+00 2.300000e+01
      vertex   1.373243e+01 -7.854269e+00 2.300000e+01
    endloop
  endfacet
  facet normal 0.000000e+00 0.000000e+00 -1.000000e+00
    outer loop
      vertex   5.764722e+00 6.277535e+00 2.300000e+01
      vertex   1.373243e+01 -7.854269e+00 2.300000e+01
      vertex   1.340987e+01 -7.973732e+00 2.300000e+01
    endloop
  endfacet
  facet normal 0.000000e+00 -0.000000e+00 -1.000000e+00
    outer loop
      vertex   5.764722e+00 6.277535e+00 2.300000e+01
      vertex   1.340987e+01 -7.973732e+00 2.300000e+01
      vertex   5.661154e+00 5.970158e+00 2.300000e+01
    endloop
  endfacet
  facet normal 0.000000e+00 0.000000e+00 -1.000000e+00
    outer loop
      vertex   5.661154e+00 5.970158e+00 2.300000e+01
      vertex   1.340987e+01 -7.973732e+00 2.300000e+01
      vertex   1.311796e+01 -8.155681e+00 2.300000e+01
    endloop
  endfacet
  facet normal 0.000000e+00 0.000000e+00 -1.000000e+00
    outer loop
      vertex   5.661154e+00 5.970158e+00 2.300000e+01
      vertex   1.311796e+01 -8.155681e+00 2.300000e+01
      vertex   1.286865e+01 -8.392667e+00 2.300000e+01
    endloop
  endfacet
  facet normal 0.000000e+00 -0.000000e+00 -1.000000e+00
    outer loop
      vertex   5.661154e+00 5.970158e+00 2.300000e+01
      vertex   1.286865e+01 -8.392667e+00 2.300000e+01
      vertex   5.493931e+00 5.692230e+00 2.300000e+01
    endloop
  endfacet
  facet normal 0.000000e+00 0.000000e+00 -1.000000e+00
    outer loop
      vertex   5.493931e+00 5.692230e+00 2.300000e+01
      vertex   1.286865e+01 -8.392667e+00 2.300000e+01
      vertex   1.267215e+01 -8.674987e+00 2.300000e+01
    endloop
  endfacet
  facet normal 0.000000e+00 -0.000000e+00 -1.000000e+00
    outer loop
      vertex   5.493931e+00 5.692230e+00 2.300000e+01
      vertex   1.267215e+01 -8.674987e+00 2.300000e+01
      vertex   5.270871e+00 5.456748e+00 2.300000e+01
    endloop
  endfacet
  facet normal 0.000000e+00 0.000000e+00 -1.000000e+00
    outer loop
      vertex   5.270871e+00 5.456748e+00 2.300000e+01
      vertex   1.267215e+01 -8.674987e+00 2.300000e+01
      vertex   1.253650e+01 -8.991083e+00 2.300000e+01
    endloop
  endfacet
  facet normal 0.000000e+00 0.000000e+00 -1.000000e+00
    outer loop
      vertex   1.441596e+01 -1.118040e+01 2.300000e+01
      vertex   1.474895e+01 -1.109418e+01 2.300000e+01
      vertex   1.852884e+01 -1.290000e+01 2.300000e+01
    endloop
  endfacet
  facet normal 0.000000e+00 0.000000e+00 -1.000000e+00
    outer loop
      vertex   1.852884e+01 -1.290000e+01 2.300000e+01
      vertex   1.474895e+01 -1.109418e+01 2.300000e+01
      vertex   1.505777e+01 -1.094270e+01 2.300000e+01
    endloop
  endfacet
  facet normal 0.000000e+00 0.000000e+00 -1.000000e+00
    outer loop
      vertex   1.852884e+01 -1.290000e+01 2.300000e+01
      vertex   1.505777e+01 -1.094270e+01 2.300000e+01
      vertex   1.532978e+01 -1.073215e+01 2.300000e+01
    endloop
  endfacet
  facet normal 0.000000e+00 0.000000e+00 -1.000000e+00
    outer loop
      vertex   1.532978e+01 -1.073215e+01 2.300000e+01
      vertex   1.555383e+01 -1.047116e+01 2.300000e+01
      vertex   1.852884e+01 -1.290000e+01 2.300000e+01
    endloop
  endfacet
  facet normal 0.000000e+00 0.000000e+00 -1.000000e+00
    outer loop
      vertex   1.852884e+01 -1.290000e+01 2.300000e+01
      vertex   1.555383e+01 -1.047116e+01 2.300000e+01
      vertex   1.572076e+01 -1.017040e+01 2.300000e+01
    endloop
  endfacet
  facet normal 0.000000e+00 0.000000e+00 -1.000000e+00
    outer loop
      vertex   1.852884e+01 -1.290000e+01 2.300000e+01
      vertex   1.572076e+01 -1.017040e+01 2.300000e+01
      vertex   1.582374e+01 -9.842207e+00 2.300000e+01
    endloop
  endfacet
  facet normal -0.000000e+00 1.000000e+00 0.000000e+00
    outer loop
      vertex   1.811281e+00 3.346784e+01 2.640000e+01
      vertex   6.788336e+00 3.346784e+01 2.640000e+01
      vertex   1.811281e+00 3.346784e+01 2.360000e+01
    endloop
  endfacet
  facet normal 0.000000e+00 1.000000e+00 0.000000e+00
    outer loop
      vertex   1.811281e+00 3.346784e+01 2.360000e+01
      vertex   6.788336e+00 3.346784e+01 2.640000e+01
      vertex   6.788336e+00 3.346784e+01 2.360000e+01
    endloop
  endfacet
  facet normal 0.000000e+00 0.000000e+00 1.000000e+00
    outer loop
      vertex   1.732443e+01 -9.034076e+00 2.700000e+01
      vertex   1.735854e+01 -9.500000e+00 2.700000e+01
      vertex   1.852884e+01 -1.290000e+01 2.700000e+01
    endloop
  endfacet
  facet normal 0.000000e+00 0.000000e+00 1.000000e+00
    outer loop
      vertex   1.852884e+01 -1.290000e+01 2.700000e+01
      vertex   1.735854e+01 -9.500000e+00 2.700000e+01
      vertex   1.732443e+01 -9.965924e+00 2.700000e+01
    endloop
  endfacet
  facet normal 0.000000e+00 0.000000e+00 1.000000e+00
    outer loop
      vertex   1.852884e+01 -1.290000e+01 2.700000e+01
      vertex   1.732443e+01 -9.965924e+00 2.700000e+01
      vertex   1.722286e+01 -1.042192e+01 2.700000e+01
    endloop
  endfacet
  facet normal 0.000000e+00 0.000000e+00 1.000000e+00
    outer loop
      vertex   1.722286e+01 -1.042192e+01 2.700000e+01
      vertex   1.705597e+01 -1.085826e+01 2.700000e+01
      vertex   1.852884e+01 -1.290000e+01 2.700000e+01
    endloop
  endfacet
  facet normal 0.000000e+00 0.000000e+00 1.000000e+00
    outer loop
      vertex   1.852884e+01 -1.290000e+01 2.700000e+01
      vertex   1.705597e+01 -1.085826e+01 2.700000e+01
      vertex   1.682733e+01 -1.126566e+01 2.700000e+01
    endloop
  endfacet
  facet normal 0.000000e+00 0.000000e+00 1.000000e+00
    outer loop
      vertex   1.852884e+01 -1.290000e+01 2.700000e+01
      vertex   1.682733e+01 -1.126566e+01 2.700000e+01
      vertex   1.654181e+01 -1.163542e+01 2.700000e+01
    endloop
  endfacet
  facet normal 0.000000e+00 0.000000e+00 1.000000e+00
    outer loop
      vertex   1.654181e+01 -1.163542e+01 2.700000e+01
      vertex   1.620549e+01 -1.195967e+01 2.700000e+01
      vertex   1.852884e+01 -1.290000e+01 2.700000e+01
    endloop
  endfacet
  facet normal 0.000000e+00 0.000000e+00 1.000000e+00
    outer loop
      vertex   1.852884e+01 -1.290000e+01 2.700000e+01
      vertex   1.620549e+01 -1.195967e+01 2.700000e+01
      vertex   1.582554e+01 -1.223150e+01 2.700000e+01
    endloop
  endfacet
  facet normal 0.000000e+00 0.000000e+00 1.000000e+00
    outer loop
      vertex   1.852884e+01 -1.290000e+01 2.700000e+01
      vertex   1.582554e+01 -1.223150e+01 2.700000e+01
      vertex   1.541007e+01 -1.244511e+01 2.700000e+01
    endloop
  endfacet
  facet normal 0.000000e+00 0.000000e+00 1.000000e+00
    outer loop
      vertex   1.541007e+01 -1.244511e+01 2.700000e+01
      vertex   1.496792e+01 -1.259595e+01 2.700000e+01
      vertex   1.852884e+01 -1.290000e+01 2.700000e+01
    endloop
  endfacet
  facet normal 0.000000e+00 0.000000e+00 1.000000e+00
    outer loop
      vertex   1.852884e+01 -1.290000e+01 2.700000e+01
      vertex   1.496792e+01 -1.259595e+01 2.700000e+01
      vertex   1.450852e+01 -1.268080e+01 2.700000e+01
    endloop
  endfacet
  facet normal 0.000000e+00 0.000000e+00 1.000000e+00
    outer loop
      vertex   1.852884e+01 -1.290000e+01 2.700000e+01
      vertex   1.450852e+01 -1.268080e+01 2.700000e+01
      vertex   1.404166e+01 -1.269787e+01 2.700000e+01
    endloop
  endfacet
  facet normal 0.000000e+00 0.000000e+00 1.000000e+00
    outer loop
      vertex   1.357730e+01 -1.264677e+01 2.700000e+01
      vertex   -5.208965e+00 -1.268080e+01 2.700000e+01
      vertex   1.404166e+01 -1.269787e+01 2.700000e+01
    endloop
  endfacet
  facet normal 0.000000e+00 0.000000e+00 1.000000e+00
    outer loop
      vertex   1.404166e+01 -1.269787e+01 2.700000e+01
      vertex   -5.208965e+00 -1.268080e+01 2.700000e+01
      vertex   -9.928843e+00 -1.290000e+01 2.700000e+01
    endloop
  endfacet
  facet normal 0.000000e+00 0.000000e+00 1.000000e+00
    outer loop
      vertex   1.404166e+01 -1.269787e+01 2.700000e+01
      vertex   -9.928843e+00 -1.290000e+01 2.700000e+01
      vertex   1.852884e+01 -1.290000e+01 2.700000e+01
    endloop
  endfacet
  facet normal 0.000000e+00 0.000000e+00 1.000000e+00
    outer loop
      vertex   -5.208965e+00 -1.268080e+01 2.700000e+01
      vertex   1.357730e+01 -1.264677e+01 2.700000e+01
      vertex   -4.749566e+00 -1.259595e+01 2.700000e+01
    endloop
  endfacet
  facet normal -0.000000e+00 0.000000e+00 1.000000e+00
    outer loop
      vertex   -4.749566e+00 -1.259595e+01 2.700000e+01
      vertex   1.357730e+01 -1.264677e+01 2.700000e+01
      vertex   1.312532e+01 -1.252861e+01 2.700000e+01
    endloop
  endfacet
  facet normal 0.000000e+00 0.000000e+00 1.000000e+00
    outer loop
      vertex   -4.749566e+00 -1.259595e+01 2.700000e+01
      vertex   1.312532e+01 -1.252861e+01 2.700000e+01
      vertex   -4.307418e+00 -1.244511e+01 2.700000e+01
    endloop
  endfacet
  facet normal -0.000000e+00 0.000000e+00 1.000000e+00
    outer loop
      vertex   -4.307418e+00 -1.244511e+01 2.700000e+01
      vertex   1.312532e+01 -1.252861e+01 2.700000e+01
      vertex   1.269536e+01 -1.234589e+01 2.700000e+01
    endloop
  endfacet
  facet normal 0.000000e+00 0.000000e+00 1.000000e+00
    outer loop
      vertex   -4.307418e+00 -1.244511e+01 2.700000e+01
      vertex   1.269536e+01 -1.234589e+01 2.700000e+01
      vertex   4.138737e+00 -1.054786e+01 2.700000e+01
    endloop
  endfacet
  facet normal -0.000000e+00 0.000000e+00 1.000000e+00
    outer loop
      vertex   4.138737e+00 -1.054786e+01 2.700000e+01
      vertex   1.269536e+01 -1.234589e+01 2.700000e+01
      vertex   4.782497e+00 -1.053071e+01 2.700000e+01
    endloop
  endfacet
  facet normal 0.000000e+00 0.000000e+00 1.000000e+00
    outer loop
      vertex   4.782497e+00 -1.053071e+01 2.700000e+01
      vertex   1.269536e+01 -1.234589e+01 2.700000e+01
      vertex   1.229659e+01 -1.210253e+01 2.700000e+01
    endloop
  endfacet
  facet normal -0.000000e+00 0.000000e+00 1.000000e+00
    outer loop
      vertex   4.782497e+00 -1.053071e+01 2.700000e+01
      vertex   1.229659e+01 -1.210253e+01 2.700000e+01
      vertex   5.420788e+00 -1.044524e+01 2.700000e+01
    endloop
  endfacet
  facet normal -0.000000e+00 0.000000e+00 1.000000e+00
    outer loop
      vertex   5.420788e+00 -1.044524e+01 2.700000e+01
      vertex   1.229659e+01 -1.210253e+01 2.700000e+01
      vertex   6.046378e+00 -1.029240e+01 2.700000e+01
    endloop
  endfacet
  facet normal 0.000000e+00 0.000000e+00 1.000000e+00
    outer loop
      vertex   6.046378e+00 -1.029240e+01 2.700000e+01
      vertex   1.229659e+01 -1.210253e+01 2.700000e+01
      vertex   1.193750e+01 -1.180369e+01 2.700000e+01
    endloop
  endfacet
  facet normal -0.000000e+00 0.000000e+00 1.000000e+00
    outer loop
      vertex   6.046378e+00 -1.029240e+01 2.700000e+01
      vertex   1.193750e+01 -1.180369e+01 2.700000e+01
      vertex   6.652178e+00 -1.007394e+01 2.700000e+01
    endloop
  endfacet
  facet normal 0.000000e+00 0.000000e+00 1.000000e+00
    outer loop
      vertex   6.652178e+00 -1.007394e+01 2.700000e+01
      vertex   1.193750e+01 -1.180369e+01 2.700000e+01
      vertex   1.162575e+01 -1.145576e+01 2.700000e+01
    endloop
  endfacet
  facet normal -0.000000e+00 0.000000e+00 1.000000e+00
    outer loop
      vertex   6.652178e+00 -1.007394e+01 2.700000e+01
      vertex   1.162575e+01 -1.145576e+01 2.700000e+01
      vertex   7.231324e+00 -9.792317e+00 2.700000e+01
    endloop
  endfacet
  facet normal 0.000000e+00 0.000000e+00 1.000000e+00
    outer loop
      vertex   7.231324e+00 -9.792317e+00 2.700000e+01
      vertex   1.162575e+01 -1.145576e+01 2.700000e+01
      vertex   1.136798e+01 -1.106614e+01 2.700000e+01
    endloop
  endfacet
  facet normal -0.000000e+00 0.000000e+00 1.000000e+00
    outer loop
      vertex   7.231324e+00 -9.792317e+00 2.700000e+01
      vertex   1.136798e+01 -1.106614e+01 2.700000e+01
      vertex   7.777255e+00 -9.450732e+00 2.700000e+01
    endloop
  endfacet
  facet normal 0.000000e+00 0.000000e+00 1.000000e+00
    outer loop
      vertex   7.777255e+00 -9.450732e+00 2.700000e+01
      vertex   1.136798e+01 -1.106614e+01 2.700000e+01
      vertex   1.116968e+01 -1.064314e+01 2.700000e+01
    endloop
  endfacet
  facet normal -0.000000e+00 0.000000e+00 1.000000e+00
    outer loop
      vertex   7.777255e+00 -9.450732e+00 2.700000e+01
      vertex   1.116968e+01 -1.064314e+01 2.700000e+01
      vertex   8.283785e+00 -9.053053e+00 2.700000e+01
    endloop
  endfacet
  facet normal 0.000000e+00 0.000000e+00 1.000000e+00
    outer loop
      vertex   8.283785e+00 -9.053053e+00 2.700000e+01
      vertex   1.116968e+01 -1.064314e+01 2.700000e+01
      vertex   1.103509e+01 -1.019578e+01 2.700000e+01
    endloop
  endfacet
  facet normal -0.000000e+00 0.000000e+00 1.000000e+00
    outer loop
      vertex   8.283785e+00 -9.053053e+00 2.700000e+01
      vertex   1.103509e+01 -1.019578e+01 2.700000e+01
      vertex   8.745175e+00 -8.603787e+00 2.700000e+01
    endloop
  endfacet
  facet normal 0.000000e+00 0.000000e+00 1.000000e+00
    outer loop
      vertex   8.745175e+00 -8.603787e+00 2.700000e+01
      vertex   1.103509e+01 -1.019578e+01 2.700000e+01
      vertex   1.096707e+01 -9.733585e+00 2.700000e+01
    endloop
  endfacet
  facet normal -0.000000e+00 0.000000e+00 1.000000e+00
    outer loop
      vertex   8.745175e+00 -8.603787e+00 2.700000e+01
      vertex   1.096707e+01 -9.733585e+00 2.700000e+01
      vertex   9.156197e+00 -8.108022e+00 2.700000e+01
    endloop
  endfacet
  facet normal 0.000000e+00 0.000000e+00 1.000000e+00
    outer loop
      vertex   9.156197e+00 -8.108022e+00 2.700000e+01
      vertex   1.096707e+01 -9.733585e+00 2.700000e+01
      vertex   1.096707e+01 -9.266415e+00 2.700000e+01
    endloop
  endfacet
  facet normal -0.000000e+00 0.000000e+00 1.000000e+00
    outer loop
      vertex   9.156197e+00 -8.108022e+00 2.700000e+01
      vertex   1.096707e+01 -9.266415e+00 2.700000e+01
      vertex   9.512193e+00 -7.571378e+00 2.700000e+01
    endloop
  endfacet
  facet normal 0.000000e+00 0.000000e+00 1.000000e+00
    outer loop
      vertex   9.512193e+00 -7.571378e+00 2.700000e+01
      vertex   1.096707e+01 -9.266415e+00 2.700000e+01
      vertex   1.103509e+01 -8.804223e+00 2.700000e+01
    endloop
  endfacet
  facet normal -0.000000e+00 0.000000e+00 1.000000e+00
    outer loop
      vertex   9.512193e+00 -7.571378e+00 2.700000e+01
      vertex   1.103509e+01 -8.804223e+00 2.700000e+01
      vertex   9.809132e+00 -6.999934e+00 2.700000e+01
    endloop
  endfacet
  facet normal 0.000000e+00 0.000000e+00 1.000000e+00
    outer loop
      vertex   9.809132e+00 -6.999934e+00 2.700000e+01
      vertex   1.103509e+01 -8.804223e+00 2.700000e+01
      vertex   1.116968e+01 -8.356861e+00 2.700000e+01
    endloop
  endfacet
  facet normal -0.000000e+00 0.000000e+00 1.000000e+00
    outer loop
      vertex   9.809132e+00 -6.999934e+00 2.700000e+01
      vertex   1.116968e+01 -8.356861e+00 2.700000e+01
      vertex   1.004365e+01 -6.400164e+00 2.700000e+01
    endloop
  endfacet
  facet normal 0.000000e+00 0.000000e+00 1.000000e+00
    outer loop
      vertex   1.004365e+01 -6.400164e+00 2.700000e+01
      vertex   1.116968e+01 -8.356861e+00 2.700000e+01
      vertex   1.136798e+01 -7.933863e+00 2.700000e+01
    endloop
  endfacet
  facet normal 0.000000e+00 0.000000e+00 1.000000e+00
    outer loop
      vertex   1.004365e+01 -6.400164e+00 2.700000e+01
      vertex   1.136798e+01 -7.933863e+00 2.700000e+01
      vertex   1.162575e+01 -7.544244e+00 2.700000e+01
    endloop
  endfacet
  facet normal -0.000000e+00 0.000000e+00 1.000000e+00
    outer loop
      vertex   1.004365e+01 -6.400164e+00 2.700000e+01
      vertex   1.162575e+01 -7.544244e+00 2.700000e+01
      vertex   1.021308e+01 -5.778865e+00 2.700000e+01
    endloop
  endfacet
  facet normal 0.000000e+00 0.000000e+00 1.000000e+00
    outer loop
      vertex   1.021308e+01 -5.778865e+00 2.700000e+01
      vertex   1.162575e+01 -7.544244e+00 2.700000e+01
      vertex   1.193750e+01 -7.196309e+00 2.700000e+01
    endloop
  endfacet
  facet normal -0.000000e+00 0.000000e+00 1.000000e+00
    outer loop
      vertex   1.021308e+01 -5.778865e+00 2.700000e+01
      vertex   1.193750e+01 -7.196309e+00 2.700000e+01
      vertex   1.031552e+01 -5.143076e+00 2.700000e+01
    endloop
  endfacet
  facet normal 0.000000e+00 0.000000e+00 1.000000e+00
    outer loop
      vertex   1.031552e+01 -5.143076e+00 2.700000e+01
      vertex   1.193750e+01 -7.196309e+00 2.700000e+01
      vertex   1.229659e+01 -6.897473e+00 2.700000e+01
    endloop
  endfacet
  facet normal -0.000000e+00 0.000000e+00 1.000000e+00
    outer loop
      vertex   1.031552e+01 -5.143076e+00 2.700000e+01
      vertex   1.229659e+01 -6.897473e+00 2.700000e+01
      vertex   1.034979e+01 -4.500000e+00 2.700000e+01
    endloop
  endfacet
  facet normal 0.000000e+00 0.000000e+00 1.000000e+00
    outer loop
      vertex   1.034979e+01 -4.500000e+00 2.700000e+01
      vertex   1.229659e+01 -6.897473e+00 2.700000e+01
      vertex   1.269536e+01 -6.654105e+00 2.700000e+01
    endloop
  endfacet
  facet normal -0.000000e+00 -0.000000e+00 1.000000e+00
    outer loop
      vertex   1.034979e+01 -4.500000e+00 2.700000e+01
      vertex   1.269536e+01 -6.654105e+00 2.700000e+01
      vertex   1.031552e+01 -3.856924e+00 2.700000e+01
    endloop
  endfacet
  facet normal 0.000000e+00 0.000000e+00 1.000000e+00
    outer loop
      vertex   1.031552e+01 -3.856924e+00 2.700000e+01
      vertex   1.269536e+01 -6.654105e+00 2.700000e+01
      vertex   1.312532e+01 -6.471393e+00 2.700000e+01
    endloop
  endfacet
  facet normal -0.000000e+00 -0.000000e+00 1.000000e+00
    outer loop
      vertex   1.031552e+01 -3.856924e+00 2.700000e+01
      vertex   1.312532e+01 -6.471393e+00 2.700000e+01
      vertex   1.021308e+01 -3.221135e+00 2.700000e+01
    endloop
  endfacet
  facet normal 0.000000e+00 0.000000e+00 1.000000e+00
    outer loop
      vertex   1.021308e+01 -3.221135e+00 2.700000e+01
      vertex   1.312532e+01 -6.471393e+00 2.700000e+01
      vertex   1.357730e+01 -6.353230e+00 2.700000e+01
    endloop
  endfacet
  facet normal -0.000000e+00 -0.000000e+00 1.000000e+00
    outer loop
      vertex   1.021308e+01 -3.221135e+00 2.700000e+01
      vertex   1.357730e+01 -6.353230e+00 2.700000e+01
      vertex   1.004365e+01 -2.599836e+00 2.700000e+01
    endloop
  endfacet
  facet normal 0.000000e+00 0.000000e+00 1.000000e+00
    outer loop
      vertex   1.004365e+01 -2.599836e+00 2.700000e+01
      vertex   1.357730e+01 -6.353230e+00 2.700000e+01
      vertex   1.404166e+01 -6.302135e+00 2.700000e+01
    endloop
  endfacet
  facet normal 0.000000e+00 0.000000e+00 1.000000e+00
    outer loop
      vertex   1.004365e+01 -2.599836e+00 2.700000e+01
      vertex   1.404166e+01 -6.302135e+00 2.700000e+01
      vertex   1.450852e+01 -6.319197e+00 2.700000e+01
    endloop
  endfacet
  facet normal -0.000000e+00 -0.000000e+00 1.000000e+00
    outer loop
      vertex   1.004365e+01 -2.599836e+00 2.700000e+01
      vertex   1.450852e+01 -6.319197e+00 2.700000e+01
      vertex   9.809132e+00 -2.000066e+00 2.700000e+01
    endloop
  endfacet
  facet normal 0.000000e+00 0.000000e+00 1.000000e+00
    outer loop
      vertex   9.809132e+00 -2.000066e+00 2.700000e+01
      vertex   1.450852e+01 -6.319197e+00 2.700000e+01
      vertex   1.496792e+01 -6.404052e+00 2.700000e+01
    endloop
  endfacet
  facet normal -0.000000e+00 -0.000000e+00 1.000000e+00
    outer loop
      vertex   9.809132e+00 -2.000066e+00 2.700000e+01
      vertex   1.496792e+01 -6.404052e+00 2.700000e+01
      vertex   9.512193e+00 -1.428622e+00 2.700000e+01
    endloop
  endfacet
  facet normal -0.000000e+00 -0.000000e+00 1.000000e+00
    outer loop
      vertex   9.512193e+00 -1.428622e+00 2.700000e+01
      vertex   1.496792e+01 -6.404052e+00 2.700000e+01
      vertex   7.315725e+00 1.424540e+01 2.700000e+01
    endloop
  endfacet
  facet normal 0.000000e+00 0.000000e+00 1.000000e+00
    outer loop
      vertex   9.512193e+00 -1.428622e+00 2.700000e+01
      vertex   7.315725e+00 1.424540e+01 2.700000e+01
      vertex   7.214288e+00 1.380098e+01 2.700000e+01
    endloop
  endfacet
  facet normal -0.000000e+00 -0.000000e+00 1.000000e+00
    outer loop
      vertex   1.496792e+01 -6.404052e+00 2.700000e+01
      vertex   1.541007e+01 -6.554892e+00 2.700000e+01
      vertex   7.315725e+00 1.424540e+01 2.700000e+01
    endloop
  endfacet
  facet normal 0.000000e+00 0.000000e+00 1.000000e+00
    outer loop
      vertex   7.315725e+00 1.424540e+01 2.700000e+01
      vertex   1.541007e+01 -6.554892e+00 2.700000e+01
      vertex   1.582554e+01 -6.768502e+00 2.700000e+01
    endloop
  endfacet
  facet normal -0.000000e+00 0.000000e+00 1.000000e+00
    outer loop
      vertex   7.315725e+00 1.424540e+01 2.700000e+01
      vertex   1.582554e+01 -6.768502e+00 2.700000e+01
      vertex   7.349791e+00 1.469998e+01 2.700000e+01
    endloop
  endfacet
  facet normal 0.000000e+00 0.000000e+00 1.000000e+00
    outer loop
      vertex   7.349791e+00 1.469998e+01 2.700000e+01
      vertex   1.582554e+01 -6.768502e+00 2.700000e+01
      vertex   1.620549e+01 -7.040329e+00 2.700000e+01
    endloop
  endfacet
  facet normal -0.000000e+00 -0.000000e+00 1.000000e+00
    outer loop
      vertex   7.349791e+00 1.469998e+01 2.700000e+01
      vertex   1.620549e+01 -7.040329e+00 2.700000e+01
      vertex   7.315725e+00 1.515456e+01 2.700000e+01
    endloop
  endfacet
  facet normal -0.000000e+00 0.000000e+00 1.000000e+00
    outer loop
      vertex   7.315725e+00 1.515456e+01 2.700000e+01
      vertex   1.620549e+01 -7.040329e+00 2.700000e+01
      vertex   7.465690e+00 2.423406e+01 2.700000e+01
    endloop
  endfacet
  facet normal 0.000000e+00 0.000000e+00 1.000000e+00
    outer loop
      vertex   7.315725e+00 1.515456e+01 2.700000e+01
      vertex   7.465690e+00 2.423406e+01 2.700000e+01
      vertex   7.364113e+00 2.377807e+01 2.700000e+01
    endloop
  endfacet
  facet normal -0.000000e+00 -0.000000e+00 1.000000e+00
    outer loop
      vertex   1.620549e+01 -7.040329e+00 2.700000e+01
      vertex   1.654181e+01 -7.364580e+00 2.700000e+01
      vertex   7.465690e+00 2.423406e+01 2.700000e+01
    endloop
  endfacet
  facet normal -0.000000e+00 0.000000e+00 1.000000e+00
    outer loop
      vertex   7.465690e+00 2.423406e+01 2.700000e+01
      vertex   1.654181e+01 -7.364580e+00 2.700000e+01
      vertex   7.499791e+00 2.469998e+01 2.700000e+01
    endloop
  endfacet
  facet normal 0.000000e+00 0.000000e+00 1.000000e+00
    outer loop
      vertex   7.499791e+00 2.469998e+01 2.700000e+01
      vertex   1.654181e+01 -7.364580e+00 2.700000e+01
      vertex   1.682733e+01 -7.734343e+00 2.700000e+01
    endloop
  endfacet
  facet normal -0.000000e+00 -0.000000e+00 1.000000e+00
    outer loop
      vertex   7.499791e+00 2.469998e+01 2.700000e+01
      vertex   1.682733e+01 -7.734343e+00 2.700000e+01
      vertex   7.465690e+00 2.516591e+01 2.700000e+01
    endloop
  endfacet
  facet normal 0.000000e+00 0.000000e+00 1.000000e+00
    outer loop
      vertex   7.465690e+00 2.516591e+01 2.700000e+01
      vertex   1.682733e+01 -7.734343e+00 2.700000e+01
      vertex   1.705597e+01 -8.141739e+00 2.700000e+01
    endloop
  endfacet
  facet normal -0.000000e+00 -0.000000e+00 1.000000e+00
    outer loop
      vertex   7.465690e+00 2.516591e+01 2.700000e+01
      vertex   1.705597e+01 -8.141739e+00 2.700000e+01
      vertex   6.921509e+00 3.286784e+01 2.700000e+01
    endloop
  endfacet
  facet normal 0.000000e+00 0.000000e+00 1.000000e+00
    outer loop
      vertex   6.921509e+00 3.286784e+01 2.700000e+01
      vertex   1.705597e+01 -8.141739e+00 2.700000e+01
      vertex   1.722286e+01 -8.578083e+00 2.700000e+01
    endloop
  endfacet
  facet normal 0.000000e+00 0.000000e+00 1.000000e+00
    outer loop
      vertex   6.921509e+00 3.286784e+01 2.700000e+01
      vertex   1.722286e+01 -8.578083e+00 2.700000e+01
      vertex   1.852884e+01 -1.290000e+01 2.700000e+01
    endloop
  endfacet
  facet normal 0.000000e+00 0.000000e+00 1.000000e+00
    outer loop
      vertex   1.852884e+01 -1.290000e+01 2.700000e+01
      vertex   1.722286e+01 -8.578083e+00 2.700000e+01
      vertex   1.732443e+01 -9.034076e+00 2.700000e+01
    endloop
  endfacet
  facet normal 0.000000e+00 -0.000000e+00 1.000000e+00
    outer loop
      vertex   7.315725e+00 1.515456e+01 2.700000e+01
      vertex   7.364113e+00 2.377807e+01 2.700000e+01
      vertex   7.214288e+00 1.559899e+01 2.700000e+01
    endloop
  endfacet
  facet normal 0.000000e+00 -0.000000e+00 1.000000e+00
    outer loop
      vertex   7.214288e+00 1.559899e+01 2.700000e+01
      vertex   7.364113e+00 2.377807e+01 2.700000e+01
      vertex   7.197226e+00 2.334172e+01 2.700000e+01
    endloop
  endfacet
  facet normal 0.000000e+00 0.000000e+00 1.000000e+00
    outer loop
      vertex   7.214288e+00 1.559899e+01 2.700000e+01
      vertex   7.197226e+00 2.334172e+01 2.700000e+01
      vertex   7.047746e+00 1.602333e+01 2.700000e+01
    endloop
  endfacet
  facet normal 0.000000e+00 -0.000000e+00 1.000000e+00
    outer loop
      vertex   7.047746e+00 1.602333e+01 2.700000e+01
      vertex   7.197226e+00 2.334172e+01 2.700000e+01
      vertex   6.968584e+00 2.293433e+01 2.700000e+01
    endloop
  endfacet
  facet normal 0.000000e+00 0.000000e+00 1.000000e+00
    outer loop
      vertex   7.047746e+00 1.602333e+01 2.700000e+01
      vertex   6.968584e+00 2.293433e+01 2.700000e+01
      vertex   6.819820e+00 1.641811e+01 2.700000e+01
    endloop
  endfacet
  facet normal 0.000000e+00 -0.000000e+00 1.000000e+00
    outer loop
      vertex   6.819820e+00 1.641811e+01 2.700000e+01
      vertex   6.968584e+00 2.293433e+01 2.700000e+01
      vertex   6.683062e+00 2.256456e+01 2.700000e+01
    endloop
  endfacet
  facet normal 0.000000e+00 0.000000e+00 1.000000e+00
    outer loop
      vertex   6.819820e+00 1.641811e+01 2.700000e+01
      vertex   6.683062e+00 2.256456e+01 2.700000e+01
      vertex   6.535599e+00 1.677451e+01 2.700000e+01
    endloop
  endfacet
  facet normal 0.000000e+00 -0.000000e+00 1.000000e+00
    outer loop
      vertex   6.535599e+00 1.677451e+01 2.700000e+01
      vertex   6.683062e+00 2.256456e+01 2.700000e+01
      vertex   6.346745e+00 2.224031e+01 2.700000e+01
    endloop
  endfacet
  facet normal 0.000000e+00 0.000000e+00 1.000000e+00
    outer loop
      vertex   6.535599e+00 1.677451e+01 2.700000e+01
      vertex   6.346745e+00 2.224031e+01 2.700000e+01
      vertex   6.201435e+00 1.708457e+01 2.700000e+01
    endloop
  endfacet
  facet normal 0.000000e+00 -0.000000e+00 1.000000e+00
    outer loop
      vertex   6.201435e+00 1.708457e+01 2.700000e+01
      vertex   6.346745e+00 2.224031e+01 2.700000e+01
      vertex   5.966800e+00 2.196848e+01 2.700000e+01
    endloop
  endfacet
  facet normal 0.000000e+00 0.000000e+00 1.000000e+00
    outer loop
      vertex   6.201435e+00 1.708457e+01 2.700000e+01
      vertex   5.966800e+00 2.196848e+01 2.700000e+01
      vertex   5.824791e+00 1.734136e+01 2.700000e+01
    endloop
  endfacet
  facet normal 0.000000e+00 -0.000000e+00 1.000000e+00
    outer loop
      vertex   5.824791e+00 1.734136e+01 2.700000e+01
      vertex   5.966800e+00 2.196848e+01 2.700000e+01
      vertex   5.551326e+00 2.175487e+01 2.700000e+01
    endloop
  endfacet
  facet normal 0.000000e+00 0.000000e+00 1.000000e+00
    outer loop
      vertex   5.824791e+00 1.734136e+01 2.700000e+01
      vertex   5.551326e+00 2.175487e+01 2.700000e+01
      vertex   5.414081e+00 1.753915e+01 2.700000e+01
    endloop
  endfacet
  facet normal 0.000000e+00 -0.000000e+00 1.000000e+00
    outer loop
      vertex   5.414081e+00 1.753915e+01 2.700000e+01
      vertex   5.551326e+00 2.175487e+01 2.700000e+01
      vertex   5.109178e+00 2.160403e+01 2.700000e+01
    endloop
  endfacet
  facet normal 0.000000e+00 0.000000e+00 1.000000e+00
    outer loop
      vertex   5.414081e+00 1.753915e+01 2.700000e+01
      vertex   5.109178e+00 2.160403e+01 2.700000e+01
      vertex   4.978480e+00 1.767351e+01 2.700000e+01
    endloop
  endfacet
  facet normal 0.000000e+00 -0.000000e+00 1.000000e+00
    outer loop
      vertex   4.978480e+00 1.767351e+01 2.700000e+01
      vertex   5.109178e+00 2.160403e+01 2.700000e+01
      vertex   4.649779e+00 2.151918e+01 2.700000e+01
    endloop
  endfacet
  facet normal 0.000000e+00 0.000000e+00 1.000000e+00
    outer loop
      vertex   4.978480e+00 1.767351e+01 2.700000e+01
      vertex   4.649779e+00 2.151918e+01 2.700000e+01
      vertex   4.527718e+00 1.774145e+01 2.700000e+01
    endloop
  endfacet
  facet normal 0.000000e+00 -0.000000e+00 1.000000e+00
    outer loop
      vertex   4.527718e+00 1.774145e+01 2.700000e+01
      vertex   4.649779e+00 2.151918e+01 2.700000e+01
      vertex   4.182921e+00 2.150212e+01 2.700000e+01
    endloop
  endfacet
  facet normal 0.000000e+00 0.000000e+00 1.000000e+00
    outer loop
      vertex   4.527718e+00 1.774145e+01 2.700000e+01
      vertex   4.182921e+00 2.150212e+01 2.700000e+01
      vertex   4.071865e+00 1.774145e+01 2.700000e+01
    endloop
  endfacet
  facet normal 0.000000e+00 -0.000000e+00 1.000000e+00
    outer loop
      vertex   4.071865e+00 1.774145e+01 2.700000e+01
      vertex   4.182921e+00 2.150212e+01 2.700000e+01
      vertex   3.718553e+00 2.155321e+01 2.700000e+01
    endloop
  endfacet
  facet normal 0.000000e+00 0.000000e+00 1.000000e+00
    outer loop
      vertex   4.071865e+00 1.774145e+01 2.700000e+01
      vertex   3.718553e+00 2.155321e+01 2.700000e+01
      vertex   3.621102e+00 1.767351e+01 2.700000e+01
    endloop
  endfacet
  facet normal 0.000000e+00 -0.000000e+00 1.000000e+00
    outer loop
      vertex   3.621102e+00 1.767351e+01 2.700000e+01
      vertex   3.718553e+00 2.155321e+01 2.700000e+01
      vertex   3.266574e+00 2.167137e+01 2.700000e+01
    endloop
  endfacet
  facet normal 0.000000e+00 0.000000e+00 1.000000e+00
    outer loop
      vertex   3.621102e+00 1.767351e+01 2.700000e+01
      vertex   3.266574e+00 2.167137e+01 2.700000e+01
      vertex   3.185501e+00 1.753915e+01 2.700000e+01
    endloop
  endfacet
  facet normal 0.000000e+00 -0.000000e+00 1.000000e+00
    outer loop
      vertex   3.185501e+00 1.753915e+01 2.700000e+01
      vertex   3.266574e+00 2.167137e+01 2.700000e+01
      vertex   2.836616e+00 2.185409e+01 2.700000e+01
    endloop
  endfacet
  facet normal 0.000000e+00 0.000000e+00 1.000000e+00
    outer loop
      vertex   3.185501e+00 1.753915e+01 2.700000e+01
      vertex   2.836616e+00 2.185409e+01 2.700000e+01
      vertex   2.774791e+00 1.734136e+01 2.700000e+01
    endloop
  endfacet
  facet normal 0.000000e+00 -0.000000e+00 1.000000e+00
    outer loop
      vertex   2.774791e+00 1.734136e+01 2.700000e+01
      vertex   2.836616e+00 2.185409e+01 2.700000e+01
      vertex   2.437843e+00 2.209746e+01 2.700000e+01
    endloop
  endfacet
  facet normal 0.000000e+00 0.000000e+00 1.000000e+00
    outer loop
      vertex   2.774791e+00 1.734136e+01 2.700000e+01
      vertex   2.437843e+00 2.209746e+01 2.700000e+01
      vertex   2.398147e+00 1.708457e+01 2.700000e+01
    endloop
  endfacet
  facet normal 0.000000e+00 -0.000000e+00 1.000000e+00
    outer loop
      vertex   2.398147e+00 1.708457e+01 2.700000e+01
      vertex   2.437843e+00 2.209746e+01 2.700000e+01
      vertex   2.078754e+00 2.239629e+01 2.700000e+01
    endloop
  endfacet
  facet normal 0.000000e+00 0.000000e+00 1.000000e+00
    outer loop
      vertex   2.398147e+00 1.708457e+01 2.700000e+01
      vertex   2.078754e+00 2.239629e+01 2.700000e+01
      vertex   2.063983e+00 1.677451e+01 2.700000e+01
    endloop
  endfacet
  facet normal 0.000000e+00 -0.000000e+00 1.000000e+00
    outer loop
      vertex   2.063983e+00 1.677451e+01 2.700000e+01
      vertex   2.078754e+00 2.239629e+01 2.700000e+01
      vertex   1.767003e+00 2.274423e+01 2.700000e+01
    endloop
  endfacet
  facet normal 0.000000e+00 0.000000e+00 1.000000e+00
    outer loop
      vertex   2.063983e+00 1.677451e+01 2.700000e+01
      vertex   1.767003e+00 2.274423e+01 2.700000e+01
      vertex   1.779763e+00 1.641811e+01 2.700000e+01
    endloop
  endfacet
  facet normal 0.000000e+00 0.000000e+00 1.000000e+00
    outer loop
      vertex   1.779763e+00 1.641811e+01 2.700000e+01
      vertex   1.767003e+00 2.274423e+01 2.700000e+01
      vertex   1.509233e+00 2.313385e+01 2.700000e+01
    endloop
  endfacet
  facet normal 0.000000e+00 0.000000e+00 1.000000e+00
    outer loop
      vertex   1.779763e+00 1.641811e+01 2.700000e+01
      vertex   1.509233e+00 2.313385e+01 2.700000e+01
      vertex   1.551836e+00 1.602333e+01 2.700000e+01
    endloop
  endfacet
  facet normal 0.000000e+00 0.000000e+00 1.000000e+00
    outer loop
      vertex   1.551836e+00 1.602333e+01 2.700000e+01
      vertex   1.509233e+00 2.313385e+01 2.700000e+01
      vertex   1.310940e+00 2.355684e+01 2.700000e+01
    endloop
  endfacet
  facet normal 0.000000e+00 0.000000e+00 1.000000e+00
    outer loop
      vertex   1.551836e+00 1.602333e+01 2.700000e+01
      vertex   1.310940e+00 2.355684e+01 2.700000e+01
      vertex   1.385294e+00 1.559899e+01 2.700000e+01
    endloop
  endfacet
  facet normal 0.000000e+00 0.000000e+00 1.000000e+00
    outer loop
      vertex   1.385294e+00 1.559899e+01 2.700000e+01
      vertex   1.310940e+00 2.355684e+01 2.700000e+01
      vertex   1.176348e+00 2.400421e+01 2.700000e+01
    endloop
  endfacet
  facet normal 0.000000e+00 0.000000e+00 1.000000e+00
    outer loop
      vertex   1.385294e+00 1.559899e+01 2.700000e+01
      vertex   1.176348e+00 2.400421e+01 2.700000e+01
      vertex   1.283857e+00 1.515456e+01 2.700000e+01
    endloop
  endfacet
  facet normal 0.000000e+00 0.000000e+00 1.000000e+00
    outer loop
      vertex   1.283857e+00 1.515456e+01 2.700000e+01
      vertex   1.176348e+00 2.400421e+01 2.700000e+01
      vertex   1.108328e+00 2.446640e+01 2.700000e+01
    endloop
  endfacet
  facet normal 0.000000e+00 0.000000e+00 1.000000e+00
    outer loop
      vertex   1.283857e+00 1.515456e+01 2.700000e+01
      vertex   1.108328e+00 2.446640e+01 2.700000e+01
      vertex   -7.779990e+00 -7.196309e+00 2.700000e+01
    endloop
  endfacet
  facet normal 0.000000e+00 -0.000000e+00 1.000000e+00
    outer loop
      vertex   -7.779990e+00 -7.196309e+00 2.700000e+01
      vertex   1.108328e+00 2.446640e+01 2.700000e+01
      vertex   -8.091741e+00 -7.544244e+00 2.700000e+01
    endloop
  endfacet
  facet normal 0.000000e+00 0.000000e+00 1.000000e+00
    outer loop
      vertex   -8.091741e+00 -7.544244e+00 2.700000e+01
      vertex   1.108328e+00 2.446640e+01 2.700000e+01
      vertex   1.108328e+00 2.493357e+01 2.700000e+01
    endloop
  endfacet
  facet normal 0.000000e+00 -0.000000e+00 1.000000e+00
    outer loop
      vertex   -8.091741e+00 -7.544244e+00 2.700000e+01
      vertex   1.108328e+00 2.493357e+01 2.700000e+01
      vertex   -8.349511e+00 -7.933863e+00 2.700000e+01
    endloop
  endfacet
  facet normal 0.000000e+00 0.000000e+00 1.000000e+00
    outer loop
      vertex   -8.349511e+00 -7.933863e+00 2.700000e+01
      vertex   1.108328e+00 2.493357e+01 2.700000e+01
      vertex   1.678112e+00 3.286784e+01 2.700000e+01
    endloop
  endfacet
  facet normal 0.000000e+00 -0.000000e+00 1.000000e+00
    outer loop
      vertex   -8.349511e+00 -7.933863e+00 2.700000e+01
      vertex   1.678112e+00 3.286784e+01 2.700000e+01
      vertex   -8.547804e+00 -8.356861e+00 2.700000e+01
    endloop
  endfacet
  facet normal 0.000000e+00 -0.000000e+00 1.000000e+00
    outer loop
      vertex   -8.547804e+00 -8.356861e+00 2.700000e+01
      vertex   1.678112e+00 3.286784e+01 2.700000e+01
      vertex   -8.682395e+00 -8.804223e+00 2.700000e+01
    endloop
  endfacet
  facet normal 0.000000e+00 -0.000000e+00 1.000000e+00
    outer loop
      vertex   -8.682395e+00 -8.804223e+00 2.700000e+01
      vertex   1.678112e+00 3.286784e+01 2.700000e+01
      vertex   -9.928843e+00 -1.290000e+01 2.700000e+01
    endloop
  endfacet
  facet normal 0.000000e+00 0.000000e+00 1.000000e+00
    outer loop
      vertex   -8.682395e+00 -8.804223e+00 2.700000e+01
      vertex   -9.928843e+00 -1.290000e+01 2.700000e+01
      vertex   -8.750416e+00 -9.266415e+00 2.700000e+01
    endloop
  endfacet
  facet normal 0.000000e+00 0.000000e+00 1.000000e+00
    outer loop
      vertex   -8.750416e+00 -9.266415e+00 2.700000e+01
      vertex   -9.928843e+00 -1.290000e+01 2.700000e+01
      vertex   -8.750416e+00 -9.733585e+00 2.700000e+01
    endloop
  endfacet
  facet normal 0.000000e+00 0.000000e+00 1.000000e+00
    outer loop
      vertex   -8.750416e+00 -9.733585e+00 2.700000e+01
      vertex   -9.928843e+00 -1.290000e+01 2.700000e+01
      vertex   -8.682395e+00 -1.019578e+01 2.700000e+01
    endloop
  endfacet
  facet normal 0.000000e+00 0.000000e+00 1.000000e+00
    outer loop
      vertex   -8.682395e+00 -1.019578e+01 2.700000e+01
      vertex   -9.928843e+00 -1.290000e+01 2.700000e+01
      vertex   -8.547804e+00 -1.064314e+01 2.700000e+01
    endloop
  endfacet
  facet normal 0.000000e+00 0.000000e+00 1.000000e+00
    outer loop
      vertex   -8.547804e+00 -1.064314e+01 2.700000e+01
      vertex   -9.928843e+00 -1.290000e+01 2.700000e+01
      vertex   -8.349511e+00 -1.106614e+01 2.700000e+01
    endloop
  endfacet
  facet normal 0.000000e+00 0.000000e+00 1.000000e+00
    outer loop
      vertex   -8.349511e+00 -1.106614e+01 2.700000e+01
      vertex   -9.928843e+00 -1.290000e+01 2.700000e+01
      vertex   -8.091741e+00 -1.145576e+01 2.700000e+01
    endloop
  endfacet
  facet normal 0.000000e+00 0.000000e+00 1.000000e+00
    outer loop
      vertex   -8.091741e+00 -1.145576e+01 2.700000e+01
      vertex   -9.928843e+00 -1.290000e+01 2.700000e+01
      vertex   -7.779990e+00 -1.180369e+01 2.700000e+01
    endloop
  endfacet
  facet normal 0.000000e+00 0.000000e+00 1.000000e+00
    outer loop
      vertex   -7.779990e+00 -1.180369e+01 2.700000e+01
      vertex   -9.928843e+00 -1.290000e+01 2.700000e+01
      vertex   -7.420901e+00 -1.210253e+01 2.700000e+01
    endloop
  endfacet
  facet normal 0.000000e+00 0.000000e+00 1.000000e+00
    outer loop
      vertex   -7.420901e+00 -1.210253e+01 2.700000e+01
      vertex   -9.928843e+00 -1.290000e+01 2.700000e+01
      vertex   -7.022128e+00 -1.234589e+01 2.700000e+01
    endloop
  endfacet
  facet normal 0.000000e+00 0.000000e+00 1.000000e+00
    outer loop
      vertex   -7.022128e+00 -1.234589e+01 2.700000e+01
      vertex   -9.928843e+00 -1.290000e+01 2.700000e+01
      vertex   -6.592170e+00 -1.252861e+01 2.700000e+01
    endloop
  endfacet
  facet normal 0.000000e+00 0.000000e+00 1.000000e+00
    outer loop
      vertex   -6.592170e+00 -1.252861e+01 2.700000e+01
      vertex   -9.928843e+00 -1.290000e+01 2.700000e+01
      vertex   -6.140191e+00 -1.264677e+01 2.700000e+01
    endloop
  endfacet
  facet normal 0.000000e+00 0.000000e+00 1.000000e+00
    outer loop
      vertex   -6.140191e+00 -1.264677e+01 2.700000e+01
      vertex   -9.928843e+00 -1.290000e+01 2.700000e+01
      vertex   -5.675823e+00 -1.269787e+01 2.700000e+01
    endloop
  endfacet
  facet normal -0.000000e+00 0.000000e+00 1.000000e+00
    outer loop
      vertex   -5.675823e+00 -1.269787e+01 2.700000e+01
      vertex   -9.928843e+00 -1.290000e+01 2.700000e+01
      vertex   -5.208965e+00 -1.268080e+01 2.700000e+01
    endloop
  endfacet
  facet normal 0.000000e+00 0.000000e+00 1.000000e+00
    outer loop
      vertex   1.108328e+00 2.493357e+01 2.700000e+01
      vertex   1.176348e+00 2.539576e+01 2.700000e+01
      vertex   1.678112e+00 3.286784e+01 2.700000e+01
    endloop
  endfacet
  facet normal 0.000000e+00 0.000000e+00 1.000000e+00
    outer loop
      vertex   1.678112e+00 3.286784e+01 2.700000e+01
      vertex   1.176348e+00 2.539576e+01 2.700000e+01
      vertex   1.310940e+00 2.584312e+01 2.700000e+01
    endloop
  endfacet
  facet normal 0.000000e+00 0.000000e+00 1.000000e+00
    outer loop
      vertex   1.678112e+00 3.286784e+01 2.700000e+01
      vertex   1.310940e+00 2.584312e+01 2.700000e+01
      vertex   1.509233e+00 2.626612e+01 2.700000e+01
    endloop
  endfacet
  facet normal 0.000000e+00 0.000000e+00 1.000000e+00
    outer loop
      vertex   1.509233e+00 2.626612e+01 2.700000e+01
      vertex   1.767003e+00 2.665574e+01 2.700000e+01
      vertex   1.678112e+00 3.286784e+01 2.700000e+01
    endloop
  endfacet
  facet normal 0.000000e+00 0.000000e+00 1.000000e+00
    outer loop
      vertex   1.678112e+00 3.286784e+01 2.700000e+01
      vertex   1.767003e+00 2.665574e+01 2.700000e+01
      vertex   2.078754e+00 2.700367e+01 2.700000e+01
    endloop
  endfacet
  facet normal 0.000000e+00 0.000000e+00 1.000000e+00
    outer loop
      vertex   1.678112e+00 3.286784e+01 2.700000e+01
      vertex   2.078754e+00 2.700367e+01 2.700000e+01
      vertex   2.437843e+00 2.730251e+01 2.700000e+01
    endloop
  endfacet
  facet normal 0.000000e+00 -0.000000e+00 1.000000e+00
    outer loop
      vertex   2.437843e+00 2.730251e+01 2.700000e+01
      vertex   2.836616e+00 2.754588e+01 2.700000e+01
      vertex   1.678112e+00 3.286784e+01 2.700000e+01
    endloop
  endfacet
  facet normal 0.000000e+00 0.000000e+00 1.000000e+00
    outer loop
      vertex   1.678112e+00 3.286784e+01 2.700000e+01
      vertex   2.836616e+00 2.754588e+01 2.700000e+01
      vertex   3.266574e+00 2.772859e+01 2.700000e+01
    endloop
  endfacet
  facet normal 0.000000e+00 0.000000e+00 1.000000e+00
    outer loop
      vertex   1.678112e+00 3.286784e+01 2.700000e+01
      vertex   3.266574e+00 2.772859e+01 2.700000e+01
      vertex   3.718553e+00 2.784675e+01 2.700000e+01
    endloop
  endfacet
  facet normal 0.000000e+00 -0.000000e+00 1.000000e+00
    outer loop
      vertex   3.718553e+00 2.784675e+01 2.700000e+01
      vertex   4.182921e+00 2.789785e+01 2.700000e+01
      vertex   1.678112e+00 3.286784e+01 2.700000e+01
    endloop
  endfacet
  facet normal -0.000000e+00 0.000000e+00 1.000000e+00
    outer loop
      vertex   1.678112e+00 3.286784e+01 2.700000e+01
      vertex   4.182921e+00 2.789785e+01 2.700000e+01
      vertex   6.921509e+00 3.286784e+01 2.700000e+01
    endloop
  endfacet
  facet normal 0.000000e+00 0.000000e+00 1.000000e+00
    outer loop
      vertex   6.921509e+00 3.286784e+01 2.700000e+01
      vertex   4.182921e+00 2.789785e+01 2.700000e+01
      vertex   4.649779e+00 2.788079e+01 2.700000e+01
    endloop
  endfacet
  facet normal 0.000000e+00 0.000000e+00 1.000000e+00
    outer loop
      vertex   6.921509e+00 3.286784e+01 2.700000e+01
      vertex   4.649779e+00 2.788079e+01 2.700000e+01
      vertex   5.109178e+00 2.779593e+01 2.700000e+01
    endloop
  endfacet
  facet normal -0.000000e+00 0.000000e+00 1.000000e+00
    outer loop
      vertex   5.109178e+00 2.779593e+01 2.700000e+01
      vertex   5.551326e+00 2.764509e+01 2.700000e+01
      vertex   6.921509e+00 3.286784e+01 2.700000e+01
    endloop
  endfacet
  facet normal 0.000000e+00 0.000000e+00 1.000000e+00
    outer loop
      vertex   6.921509e+00 3.286784e+01 2.700000e+01
      vertex   5.551326e+00 2.764509e+01 2.700000e+01
      vertex   5.966800e+00 2.743148e+01 2.700000e+01
    endloop
  endfacet
  facet normal 0.000000e+00 0.000000e+00 1.000000e+00
    outer loop
      vertex   6.921509e+00 3.286784e+01 2.700000e+01
      vertex   5.966800e+00 2.743148e+01 2.700000e+01
      vertex   6.346745e+00 2.715965e+01 2.700000e+01
    endloop
  endfacet
  facet normal -0.000000e+00 0.000000e+00 1.000000e+00
    outer loop
      vertex   6.346745e+00 2.715965e+01 2.700000e+01
      vertex   6.683062e+00 2.683540e+01 2.700000e+01
      vertex   6.921509e+00 3.286784e+01 2.700000e+01
    endloop
  endfacet
  facet normal 0.000000e+00 0.000000e+00 1.000000e+00
    outer loop
      vertex   6.921509e+00 3.286784e+01 2.700000e+01
      vertex   6.683062e+00 2.683540e+01 2.700000e+01
      vertex   6.968584e+00 2.646564e+01 2.700000e+01
    endloop
  endfacet
  facet normal 0.000000e+00 0.000000e+00 1.000000e+00
    outer loop
      vertex   6.921509e+00 3.286784e+01 2.700000e+01
      vertex   6.968584e+00 2.646564e+01 2.700000e+01
      vertex   7.197226e+00 2.605824e+01 2.700000e+01
    endloop
  endfacet
  facet normal -0.000000e+00 -0.000000e+00 1.000000e+00
    outer loop
      vertex   7.197226e+00 2.605824e+01 2.700000e+01
      vertex   7.364113e+00 2.562190e+01 2.700000e+01
      vertex   6.921509e+00 3.286784e+01 2.700000e+01
    endloop
  endfacet
  facet normal 0.000000e+00 0.000000e+00 1.000000e+00
    outer loop
      vertex   6.921509e+00 3.286784e+01 2.700000e+01
      vertex   7.364113e+00 2.562190e+01 2.700000e+01
      vertex   7.465690e+00 2.516591e+01 2.700000e+01
    endloop
  endfacet
  facet normal 0.000000e+00 0.000000e+00 1.000000e+00
    outer loop
      vertex   -2.393054e+00 -9.965924e+00 2.700000e+01
      vertex   -3.577043e-01 -8.361377e+00 2.700000e+01
      vertex   -2.358953e+00 -9.500000e+00 2.700000e+01
    endloop
  endfacet
  facet normal 0.000000e+00 0.000000e+00 1.000000e+00
    outer loop
      vertex   -2.358953e+00 -9.500000e+00 2.700000e+01
      vertex   -3.577043e-01 -8.361377e+00 2.700000e+01
      vertex   -7.417579e-01 -7.844440e+00 2.700000e+01
    endloop
  endfacet
  facet normal 0.000000e+00 -0.000000e+00 1.000000e+00
    outer loop
      vertex   -2.358953e+00 -9.500000e+00 2.700000e+01
      vertex   -7.417579e-01 -7.844440e+00 2.700000e+01
      vertex   -2.393054e+00 -9.034076e+00 2.700000e+01
    endloop
  endfacet
  facet normal 0.000000e+00 0.000000e+00 1.000000e+00
    outer loop
      vertex   -2.393054e+00 -9.034076e+00 2.700000e+01
      vertex   -7.417579e-01 -7.844440e+00 2.700000e+01
      vertex   -1.068689e+00 -7.289610e+00 2.700000e+01
    endloop
  endfacet
  facet normal 0.000000e+00 -0.000000e+00 1.000000e+00
    outer loop
      vertex   -2.393054e+00 -9.034076e+00 2.700000e+01
      vertex   -1.068689e+00 -7.289610e+00 2.700000e+01
      vertex   -2.494631e+00 -8.578083e+00 2.700000e+01
    endloop
  endfacet
  facet normal 0.000000e+00 0.000000e+00 1.000000e+00
    outer loop
      vertex   -2.494631e+00 -8.578083e+00 2.700000e+01
      vertex   -1.068689e+00 -7.289610e+00 2.700000e+01
      vertex   -1.334793e+00 -6.703171e+00 2.700000e+01
    endloop
  endfacet
  facet normal 0.000000e+00 -0.000000e+00 1.000000e+00
    outer loop
      vertex   -2.494631e+00 -8.578083e+00 2.700000e+01
      vertex   -1.334793e+00 -6.703171e+00 2.700000e+01
      vertex   -2.661518e+00 -8.141739e+00 2.700000e+01
    endloop
  endfacet
  facet normal 0.000000e+00 -0.000000e+00 1.000000e+00
    outer loop
      vertex   -2.661518e+00 -8.141739e+00 2.700000e+01
      vertex   -1.334793e+00 -6.703171e+00 2.700000e+01
      vertex   -2.890160e+00 -7.734343e+00 2.700000e+01
    endloop
  endfacet
  facet normal 0.000000e+00 0.000000e+00 1.000000e+00
    outer loop
      vertex   -2.890160e+00 -7.734343e+00 2.700000e+01
      vertex   -1.334793e+00 -6.703171e+00 2.700000e+01
      vertex   -1.537054e+00 -6.091770e+00 2.700000e+01
    endloop
  endfacet
  facet normal 0.000000e+00 -0.000000e+00 1.000000e+00
    outer loop
      vertex   -2.890160e+00 -7.734343e+00 2.700000e+01
      vertex   -1.537054e+00 -6.091770e+00 2.700000e+01
      vertex   -3.175682e+00 -7.364580e+00 2.700000e+01
    endloop
  endfacet
  facet normal 0.000000e+00 0.000000e+00 1.000000e+00
    outer loop
      vertex   -3.175682e+00 -7.364580e+00 2.700000e+01
      vertex   -1.537054e+00 -6.091770e+00 2.700000e+01
      vertex   -1.673182e+00 -5.462334e+00 2.700000e+01
    endloop
  endfacet
  facet normal 0.000000e+00 -0.000000e+00 1.000000e+00
    outer loop
      vertex   -3.175682e+00 -7.364580e+00 2.700000e+01
      vertex   -1.673182e+00 -5.462334e+00 2.700000e+01
      vertex   -3.511999e+00 -7.040329e+00 2.700000e+01
    endloop
  endfacet
  facet normal 0.000000e+00 0.000000e+00 1.000000e+00
    outer loop
      vertex   -3.511999e+00 -7.040329e+00 2.700000e+01
      vertex   -1.673182e+00 -5.462334e+00 2.700000e+01
      vertex   -1.741634e+00 -4.821994e+00 2.700000e+01
    endloop
  endfacet
  facet normal 0.000000e+00 -0.000000e+00 1.000000e+00
    outer loop
      vertex   -3.511999e+00 -7.040329e+00 2.700000e+01
      vertex   -1.741634e+00 -4.821994e+00 2.700000e+01
      vertex   -3.891944e+00 -6.768502e+00 2.700000e+01
    endloop
  endfacet
  facet normal 0.000000e+00 0.000000e+00 1.000000e+00
    outer loop
      vertex   -3.891944e+00 -6.768502e+00 2.700000e+01
      vertex   -1.741634e+00 -4.821994e+00 2.700000e+01
      vertex   -1.741634e+00 -4.178006e+00 2.700000e+01
    endloop
  endfacet
  facet normal 0.000000e+00 -0.000000e+00 1.000000e+00
    outer loop
      vertex   -3.891944e+00 -6.768502e+00 2.700000e+01
      vertex   -1.741634e+00 -4.178006e+00 2.700000e+01
      vertex   -4.307418e+00 -6.554892e+00 2.700000e+01
    endloop
  endfacet
  facet normal 0.000000e+00 0.000000e+00 1.000000e+00
    outer loop
      vertex   -4.307418e+00 -6.554892e+00 2.700000e+01
      vertex   -1.741634e+00 -4.178006e+00 2.700000e+01
      vertex   -1.673182e+00 -3.537666e+00 2.700000e+01
    endloop
  endfacet
  facet normal 0.000000e+00 -0.000000e+00 1.000000e+00
    outer loop
      vertex   -4.307418e+00 -6.554892e+00 2.700000e+01
      vertex   -1.673182e+00 -3.537666e+00 2.700000e+01
      vertex   -4.749566e+00 -6.404052e+00 2.700000e+01
    endloop
  endfacet
  facet normal 0.000000e+00 0.000000e+00 1.000000e+00
    outer loop
      vertex   -4.749566e+00 -6.404052e+00 2.700000e+01
      vertex   -1.673182e+00 -3.537666e+00 2.700000e+01
      vertex   -1.537054e+00 -2.908229e+00 2.700000e+01
    endloop
  endfacet
  facet normal 0.000000e+00 -0.000000e+00 1.000000e+00
    outer loop
      vertex   -4.749566e+00 -6.404052e+00 2.700000e+01
      vertex   -1.537054e+00 -2.908229e+00 2.700000e+01
      vertex   -5.208965e+00 -6.319197e+00 2.700000e+01
    endloop
  endfacet
  facet normal 0.000000e+00 0.000000e+00 1.000000e+00
    outer loop
      vertex   -5.208965e+00 -6.319197e+00 2.700000e+01
      vertex   -1.537054e+00 -2.908229e+00 2.700000e+01
      vertex   -1.334793e+00 -2.296828e+00 2.700000e+01
    endloop
  endfacet
  facet normal 0.000000e+00 -0.000000e+00 1.000000e+00
    outer loop
      vertex   -5.208965e+00 -6.319197e+00 2.700000e+01
      vertex   -1.334793e+00 -2.296828e+00 2.700000e+01
      vertex   -5.675823e+00 -6.302135e+00 2.700000e+01
    endloop
  endfacet
  facet normal 0.000000e+00 -0.000000e+00 1.000000e+00
    outer loop
      vertex   -5.675823e+00 -6.302135e+00 2.700000e+01
      vertex   -1.334793e+00 -2.296828e+00 2.700000e+01
      vertex   -6.140191e+00 -6.353230e+00 2.700000e+01
    endloop
  endfacet
  facet normal 0.000000e+00 0.000000e+00 1.000000e+00
    outer loop
      vertex   -6.140191e+00 -6.353230e+00 2.700000e+01
      vertex   -1.334793e+00 -2.296828e+00 2.700000e+01
      vertex   -1.068689e+00 -1.710390e+00 2.700000e+01
    endloop
  endfacet
  facet normal 0.000000e+00 -0.000000e+00 1.000000e+00
    outer loop
      vertex   -6.140191e+00 -6.353230e+00 2.700000e+01
      vertex   -1.068689e+00 -1.710390e+00 2.700000e+01
      vertex   -6.592170e+00 -6.471393e+00 2.700000e+01
    endloop
  endfacet
  facet normal 0.000000e+00 0.000000e+00 1.000000e+00
    outer loop
      vertex   -6.592170e+00 -6.471393e+00 2.700000e+01
      vertex   -1.068689e+00 -1.710390e+00 2.700000e+01
      vertex   1.283857e+00 1.424540e+01 2.700000e+01
    endloop
  endfacet
  facet normal 0.000000e+00 -0.000000e+00 1.000000e+00
    outer loop
      vertex   -6.592170e+00 -6.471393e+00 2.700000e+01
      vertex   1.283857e+00 1.424540e+01 2.700000e+01
      vertex   -7.022128e+00 -6.654105e+00 2.700000e+01
    endloop
  endfacet
  facet normal 0.000000e+00 0.000000e+00 1.000000e+00
    outer loop
      vertex   -7.022128e+00 -6.654105e+00 2.700000e+01
      vertex   1.283857e+00 1.424540e+01 2.700000e+01
      vertex   1.249791e+00 1.469998e+01 2.700000e+01
    endloop
  endfacet
  facet normal 0.000000e+00 -0.000000e+00 1.000000e+00
    outer loop
      vertex   -7.022128e+00 -6.654105e+00 2.700000e+01
      vertex   1.249791e+00 1.469998e+01 2.700000e+01
      vertex   -7.420901e+00 -6.897473e+00 2.700000e+01
    endloop
  endfacet
  facet normal 0.000000e+00 -0.000000e+00 1.000000e+00
    outer loop
      vertex   -7.420901e+00 -6.897473e+00 2.700000e+01
      vertex   1.249791e+00 1.469998e+01 2.700000e+01
      vertex   -7.779990e+00 -7.196309e+00 2.700000e+01
    endloop
  endfacet
  facet normal 0.000000e+00 0.000000e+00 1.000000e+00
    outer loop
      vertex   -7.779990e+00 -7.196309e+00 2.700000e+01
      vertex   1.249791e+00 1.469998e+01 2.700000e+01
      vertex   1.283857e+00 1.515456e+01 2.700000e+01
    endloop
  endfacet
  facet normal 0.000000e+00 0.000000e+00 1.000000e+00
    outer loop
      vertex   -3.577043e-01 -8.361377e+00 2.700000e+01
      vertex   -2.393054e+00 -9.965924e+00 2.700000e+01
      vertex   7.912059e-02 -8.834563e+00 2.700000e+01
    endloop
  endfacet
  facet normal 0.000000e+00 0.000000e+00 1.000000e+00
    outer loop
      vertex   7.912059e-02 -8.834563e+00 2.700000e+01
      vertex   -2.393054e+00 -9.965924e+00 2.700000e+01
      vertex   -2.494631e+00 -1.042192e+01 2.700000e+01
    endloop
  endfacet
  facet normal 0.000000e+00 0.000000e+00 1.000000e+00
    outer loop
      vertex   7.912059e-02 -8.834563e+00 2.700000e+01
      vertex   -2.494631e+00 -1.042192e+01 2.700000e+01
      vertex   5.637674e-01 -9.258637e+00 2.700000e+01
    endloop
  endfacet
  facet normal 0.000000e+00 0.000000e+00 1.000000e+00
    outer loop
      vertex   5.637674e-01 -9.258637e+00 2.700000e+01
      vertex   -2.494631e+00 -1.042192e+01 2.700000e+01
      vertex   -2.661518e+00 -1.085826e+01 2.700000e+01
    endloop
  endfacet
  facet normal 0.000000e+00 0.000000e+00 1.000000e+00
    outer loop
      vertex   5.637674e-01 -9.258637e+00 2.700000e+01
      vertex   -2.661518e+00 -1.085826e+01 2.700000e+01
      vertex   1.090745e+00 -9.628793e+00 2.700000e+01
    endloop
  endfacet
  facet normal 0.000000e+00 0.000000e+00 1.000000e+00
    outer loop
      vertex   1.090745e+00 -9.628793e+00 2.700000e+01
      vertex   -2.661518e+00 -1.085826e+01 2.700000e+01
      vertex   -2.890160e+00 -1.126566e+01 2.700000e+01
    endloop
  endfacet
  facet normal 0.000000e+00 0.000000e+00 1.000000e+00
    outer loop
      vertex   1.090745e+00 -9.628793e+00 2.700000e+01
      vertex   -2.890160e+00 -1.126566e+01 2.700000e+01
      vertex   1.654082e+00 -9.940838e+00 2.700000e+01
    endloop
  endfacet
  facet normal 0.000000e+00 0.000000e+00 1.000000e+00
    outer loop
      vertex   1.654082e+00 -9.940838e+00 2.700000e+01
      vertex   -2.890160e+00 -1.126566e+01 2.700000e+01
      vertex   -3.175682e+00 -1.163542e+01 2.700000e+01
    endloop
  endfacet
  facet normal 0.000000e+00 0.000000e+00 1.000000e+00
    outer loop
      vertex   1.654082e+00 -9.940838e+00 2.700000e+01
      vertex   -3.175682e+00 -1.163542e+01 2.700000e+01
      vertex   2.247396e+00 -1.019124e+01 2.700000e+01
    endloop
  endfacet
  facet normal 0.000000e+00 0.000000e+00 1.000000e+00
    outer loop
      vertex   2.247396e+00 -1.019124e+01 2.700000e+01
      vertex   -3.175682e+00 -1.163542e+01 2.700000e+01
      vertex   -3.511999e+00 -1.195967e+01 2.700000e+01
    endloop
  endfacet
  facet normal 0.000000e+00 0.000000e+00 1.000000e+00
    outer loop
      vertex   2.247396e+00 -1.019124e+01 2.700000e+01
      vertex   -3.511999e+00 -1.195967e+01 2.700000e+01
      vertex   2.863965e+00 -1.037715e+01 2.700000e+01
    endloop
  endfacet
  facet normal 0.000000e+00 0.000000e+00 1.000000e+00
    outer loop
      vertex   2.863965e+00 -1.037715e+01 2.700000e+01
      vertex   -3.511999e+00 -1.195967e+01 2.700000e+01
      vertex   -3.891944e+00 -1.223150e+01 2.700000e+01
    endloop
  endfacet
  facet normal 0.000000e+00 0.000000e+00 1.000000e+00
    outer loop
      vertex   2.863965e+00 -1.037715e+01 2.700000e+01
      vertex   -3.891944e+00 -1.223150e+01 2.700000e+01
      vertex   3.496802e+00 -1.049647e+01 2.700000e+01
    endloop
  endfacet
  facet normal 0.000000e+00 0.000000e+00 1.000000e+00
    outer loop
      vertex   3.496802e+00 -1.049647e+01 2.700000e+01
      vertex   -3.891944e+00 -1.223150e+01 2.700000e+01
      vertex   4.138737e+00 -1.054786e+01 2.700000e+01
    endloop
  endfacet
  facet normal 0.000000e+00 0.000000e+00 1.000000e+00
    outer loop
      vertex   4.138737e+00 -1.054786e+01 2.700000e+01
      vertex   -3.891944e+00 -1.223150e+01 2.700000e+01
      vertex   -4.307418e+00 -1.244511e+01 2.700000e+01
    endloop
  endfacet
  facet normal 0.000000e+00 0.000000e+00 1.000000e+00
    outer loop
      vertex   -1.068689e+00 -1.710390e+00 2.700000e+01
      vertex   -7.417579e-01 -1.155560e+00 2.700000e+01
      vertex   1.283857e+00 1.424540e+01 2.700000e+01
    endloop
  endfacet
  facet normal 0.000000e+00 0.000000e+00 1.000000e+00
    outer loop
      vertex   1.283857e+00 1.424540e+01 2.700000e+01
      vertex   -7.417579e-01 -1.155560e+00 2.700000e+01
      vertex   1.385294e+00 1.380098e+01 2.700000e+01
    endloop
  endfacet
  facet normal 0.000000e+00 0.000000e+00 1.000000e+00
    outer loop
      vertex   1.385294e+00 1.380098e+01 2.700000e+01
      vertex   -7.417579e-01 -1.155560e+00 2.700000e+01
      vertex   2.034733e+00 6.999382e+00 2.700000e+01
    endloop
  endfacet
  facet normal 0.000000e+00 0.000000e+00 1.000000e+00
    outer loop
      vertex   1.385294e+00 1.380098e+01 2.700000e+01
      vertex   2.034733e+00 6.999382e+00 2.700000e+01
      vertex   1.551836e+00 1.337664e+01 2.700000e+01
    endloop
  endfacet
  facet normal 0.000000e+00 0.000000e+00 1.000000e+00
    outer loop
      vertex   1.551836e+00 1.337664e+01 2.700000e+01
      vertex   2.034733e+00 6.999382e+00 2.700000e+01
      vertex   2.138498e+00 7.386637e+00 2.700000e+01
    endloop
  endfacet
  facet normal 0.000000e+00 0.000000e+00 1.000000e+00
    outer loop
      vertex   1.551836e+00 1.337664e+01 2.700000e+01
      vertex   2.138498e+00 7.386637e+00 2.700000e+01
      vertex   1.779763e+00 1.298186e+01 2.700000e+01
    endloop
  endfacet
  facet normal 0.000000e+00 0.000000e+00 1.000000e+00
    outer loop
      vertex   1.779763e+00 1.298186e+01 2.700000e+01
      vertex   2.138498e+00 7.386637e+00 2.700000e+01
      vertex   2.307933e+00 7.749991e+00 2.700000e+01
    endloop
  endfacet
  facet normal 0.000000e+00 0.000000e+00 1.000000e+00
    outer loop
      vertex   1.779763e+00 1.298186e+01 2.700000e+01
      vertex   2.307933e+00 7.749991e+00 2.700000e+01
      vertex   2.063983e+00 1.262546e+01 2.700000e+01
    endloop
  endfacet
  facet normal 0.000000e+00 0.000000e+00 1.000000e+00
    outer loop
      vertex   2.063983e+00 1.262546e+01 2.700000e+01
      vertex   2.307933e+00 7.749991e+00 2.700000e+01
      vertex   2.537889e+00 8.078403e+00 2.700000e+01
    endloop
  endfacet
  facet normal 0.000000e+00 0.000000e+00 1.000000e+00
    outer loop
      vertex   2.063983e+00 1.262546e+01 2.700000e+01
      vertex   2.537889e+00 8.078403e+00 2.700000e+01
      vertex   2.398147e+00 1.231540e+01 2.700000e+01
    endloop
  endfacet
  facet normal 0.000000e+00 0.000000e+00 1.000000e+00
    outer loop
      vertex   2.398147e+00 1.231540e+01 2.700000e+01
      vertex   2.537889e+00 8.078403e+00 2.700000e+01
      vertex   2.821380e+00 8.361893e+00 2.700000e+01
    endloop
  endfacet
  facet normal 0.000000e+00 0.000000e+00 1.000000e+00
    outer loop
      vertex   2.398147e+00 1.231540e+01 2.700000e+01
      vertex   2.821380e+00 8.361893e+00 2.700000e+01
      vertex   2.774791e+00 1.205860e+01 2.700000e+01
    endloop
  endfacet
  facet normal 0.000000e+00 0.000000e+00 1.000000e+00
    outer loop
      vertex   2.774791e+00 1.205860e+01 2.700000e+01
      vertex   2.821380e+00 8.361893e+00 2.700000e+01
      vertex   3.149791e+00 8.591850e+00 2.700000e+01
    endloop
  endfacet
  facet normal 0.000000e+00 0.000000e+00 1.000000e+00
    outer loop
      vertex   2.774791e+00 1.205860e+01 2.700000e+01
      vertex   3.149791e+00 8.591850e+00 2.700000e+01
      vertex   3.185501e+00 1.186082e+01 2.700000e+01
    endloop
  endfacet
  facet normal 0.000000e+00 0.000000e+00 1.000000e+00
    outer loop
      vertex   3.185501e+00 1.186082e+01 2.700000e+01
      vertex   3.149791e+00 8.591850e+00 2.700000e+01
      vertex   3.513145e+00 8.761284e+00 2.700000e+01
    endloop
  endfacet
  facet normal 0.000000e+00 0.000000e+00 1.000000e+00
    outer loop
      vertex   3.185501e+00 1.186082e+01 2.700000e+01
      vertex   3.513145e+00 8.761284e+00 2.700000e+01
      vertex   3.621102e+00 1.172645e+01 2.700000e+01
    endloop
  endfacet
  facet normal 0.000000e+00 0.000000e+00 1.000000e+00
    outer loop
      vertex   3.621102e+00 1.172645e+01 2.700000e+01
      vertex   3.513145e+00 8.761284e+00 2.700000e+01
      vertex   3.900400e+00 8.865049e+00 2.700000e+01
    endloop
  endfacet
  facet normal 0.000000e+00 0.000000e+00 1.000000e+00
    outer loop
      vertex   3.621102e+00 1.172645e+01 2.700000e+01
      vertex   3.900400e+00 8.865049e+00 2.700000e+01
      vertex   4.071865e+00 1.165851e+01 2.700000e+01
    endloop
  endfacet
  facet normal 0.000000e+00 0.000000e+00 1.000000e+00
    outer loop
      vertex   4.071865e+00 1.165851e+01 2.700000e+01
      vertex   3.900400e+00 8.865049e+00 2.700000e+01
      vertex   4.299791e+00 8.899991e+00 2.700000e+01
    endloop
  endfacet
  facet normal -0.000000e+00 0.000000e+00 1.000000e+00
    outer loop
      vertex   4.071865e+00 1.165851e+01 2.700000e+01
      vertex   4.299791e+00 8.899991e+00 2.700000e+01
      vertex   4.527718e+00 1.165851e+01 2.700000e+01
    endloop
  endfacet
  facet normal 0.000000e+00 0.000000e+00 1.000000e+00
    outer loop
      vertex   4.527718e+00 1.165851e+01 2.700000e+01
      vertex   4.299791e+00 8.899991e+00 2.700000e+01
      vertex   4.699182e+00 8.865049e+00 2.700000e+01
    endloop
  endfacet
  facet normal -0.000000e+00 0.000000e+00 1.000000e+00
    outer loop
      vertex   4.527718e+00 1.165851e+01 2.700000e+01
      vertex   4.699182e+00 8.865049e+00 2.700000e+01
      vertex   4.978480e+00 1.172645e+01 2.700000e+01
    endloop
  endfacet
  facet normal 0.000000e+00 0.000000e+00 1.000000e+00
    outer loop
      vertex   4.978480e+00 1.172645e+01 2.700000e+01
      vertex   4.699182e+00 8.865049e+00 2.700000e+01
      vertex   5.086438e+00 8.761284e+00 2.700000e+01
    endloop
  endfacet
  facet normal -0.000000e+00 0.000000e+00 1.000000e+00
    outer loop
      vertex   4.978480e+00 1.172645e+01 2.700000e+01
      vertex   5.086438e+00 8.761284e+00 2.700000e+01
      vertex   5.414081e+00 1.186082e+01 2.700000e+01
    endloop
  endfacet
  facet normal 0.000000e+00 0.000000e+00 1.000000e+00
    outer loop
      vertex   5.414081e+00 1.186082e+01 2.700000e+01
      vertex   5.086438e+00 8.761284e+00 2.700000e+01
      vertex   5.449791e+00 8.591850e+00 2.700000e+01
    endloop
  endfacet
  facet normal -0.000000e+00 0.000000e+00 1.000000e+00
    outer loop
      vertex   5.414081e+00 1.186082e+01 2.700000e+01
      vertex   5.449791e+00 8.591850e+00 2.700000e+01
      vertex   5.824791e+00 1.205860e+01 2.700000e+01
    endloop
  endfacet
  facet normal 0.000000e+00 0.000000e+00 1.000000e+00
    outer loop
      vertex   5.824791e+00 1.205860e+01 2.700000e+01
      vertex   5.449791e+00 8.591850e+00 2.700000e+01
      vertex   5.778203e+00 8.361893e+00 2.700000e+01
    endloop
  endfacet
  facet normal -0.000000e+00 0.000000e+00 1.000000e+00
    outer loop
      vertex   5.824791e+00 1.205860e+01 2.700000e+01
      vertex   5.778203e+00 8.361893e+00 2.700000e+01
      vertex   6.201435e+00 1.231540e+01 2.700000e+01
    endloop
  endfacet
  facet normal 0.000000e+00 0.000000e+00 1.000000e+00
    outer loop
      vertex   6.201435e+00 1.231540e+01 2.700000e+01
      vertex   5.778203e+00 8.361893e+00 2.700000e+01
      vertex   6.061694e+00 8.078403e+00 2.700000e+01
    endloop
  endfacet
  facet normal -0.000000e+00 0.000000e+00 1.000000e+00
    outer loop
      vertex   6.201435e+00 1.231540e+01 2.700000e+01
      vertex   6.061694e+00 8.078403e+00 2.700000e+01
      vertex   6.535599e+00 1.262546e+01 2.700000e+01
    endloop
  endfacet
  facet normal 0.000000e+00 0.000000e+00 1.000000e+00
    outer loop
      vertex   6.535599e+00 1.262546e+01 2.700000e+01
      vertex   6.061694e+00 8.078403e+00 2.700000e+01
      vertex   6.291650e+00 7.749991e+00 2.700000e+01
    endloop
  endfacet
  facet normal -0.000000e+00 0.000000e+00 1.000000e+00
    outer loop
      vertex   6.535599e+00 1.262546e+01 2.700000e+01
      vertex   6.291650e+00 7.749991e+00 2.700000e+01
      vertex   6.819820e+00 1.298186e+01 2.700000e+01
    endloop
  endfacet
  facet normal 0.000000e+00 0.000000e+00 1.000000e+00
    outer loop
      vertex   6.819820e+00 1.298186e+01 2.700000e+01
      vertex   6.291650e+00 7.749991e+00 2.700000e+01
      vertex   6.461084e+00 7.386637e+00 2.700000e+01
    endloop
  endfacet
  facet normal -0.000000e+00 0.000000e+00 1.000000e+00
    outer loop
      vertex   6.819820e+00 1.298186e+01 2.700000e+01
      vertex   6.461084e+00 7.386637e+00 2.700000e+01
      vertex   7.047746e+00 1.337664e+01 2.700000e+01
    endloop
  endfacet
  facet normal 0.000000e+00 0.000000e+00 1.000000e+00
    outer loop
      vertex   7.047746e+00 1.337664e+01 2.700000e+01
      vertex   6.461084e+00 7.386637e+00 2.700000e+01
      vertex   6.564849e+00 6.999382e+00 2.700000e+01
    endloop
  endfacet
  facet normal -0.000000e+00 0.000000e+00 1.000000e+00
    outer loop
      vertex   7.047746e+00 1.337664e+01 2.700000e+01
      vertex   6.564849e+00 6.999382e+00 2.700000e+01
      vertex   7.214288e+00 1.380098e+01 2.700000e+01
    endloop
  endfacet
  facet normal 0.000000e+00 0.000000e+00 1.000000e+00
    outer loop
      vertex   7.214288e+00 1.380098e+01 2.700000e+01
      vertex   6.564849e+00 6.999382e+00 2.700000e+01
      vertex   9.156197e+00 -8.919774e-01 2.700000e+01
    endloop
  endfacet
  facet normal 0.000000e+00 0.000000e+00 1.000000e+00
    outer loop
      vertex   7.214288e+00 1.380098e+01 2.700000e+01
      vertex   9.156197e+00 -8.919774e-01 2.700000e+01
      vertex   9.512193e+00 -1.428622e+00 2.700000e+01
    endloop
  endfacet
  facet normal 0.000000e+00 0.000000e+00 1.000000e+00
    outer loop
      vertex   2.034733e+00 6.999382e+00 2.700000e+01
      vertex   -7.417579e-01 -1.155560e+00 2.700000e+01
      vertex   1.999791e+00 6.599991e+00 2.700000e+01
    endloop
  endfacet
  facet normal 0.000000e+00 0.000000e+00 1.000000e+00
    outer loop
      vertex   1.999791e+00 6.599991e+00 2.700000e+01
      vertex   -7.417579e-01 -1.155560e+00 2.700000e+01
      vertex   -3.577043e-01 -6.386226e-01 2.700000e+01
    endloop
  endfacet
  facet normal 0.000000e+00 0.000000e+00 1.000000e+00
    outer loop
      vertex   1.999791e+00 6.599991e+00 2.700000e+01
      vertex   -3.577043e-01 -6.386226e-01 2.700000e+01
      vertex   7.912059e-02 -1.654367e-01 2.700000e+01
    endloop
  endfacet
  facet normal 0.000000e+00 0.000000e+00 1.000000e+00
    outer loop
      vertex   1.999791e+00 6.599991e+00 2.700000e+01
      vertex   7.912059e-02 -1.654367e-01 2.700000e+01
      vertex   2.034733e+00 6.200600e+00 2.700000e+01
    endloop
  endfacet
  facet normal 0.000000e+00 0.000000e+00 1.000000e+00
    outer loop
      vertex   2.034733e+00 6.200600e+00 2.700000e+01
      vertex   7.912059e-02 -1.654367e-01 2.700000e+01
      vertex   5.637674e-01 2.586370e-01 2.700000e+01
    endloop
  endfacet
  facet normal 0.000000e+00 0.000000e+00 1.000000e+00
    outer loop
      vertex   2.034733e+00 6.200600e+00 2.700000e+01
      vertex   5.637674e-01 2.586370e-01 2.700000e+01
      vertex   2.138498e+00 5.813345e+00 2.700000e+01
    endloop
  endfacet
  facet normal 0.000000e+00 0.000000e+00 1.000000e+00
    outer loop
      vertex   2.138498e+00 5.813345e+00 2.700000e+01
      vertex   5.637674e-01 2.586370e-01 2.700000e+01
      vertex   1.090745e+00 6.287933e-01 2.700000e+01
    endloop
  endfacet
  facet normal 0.000000e+00 0.000000e+00 1.000000e+00
    outer loop
      vertex   2.138498e+00 5.813345e+00 2.700000e+01
      vertex   1.090745e+00 6.287933e-01 2.700000e+01
      vertex   2.307933e+00 5.449991e+00 2.700000e+01
    endloop
  endfacet
  facet normal 0.000000e+00 0.000000e+00 1.000000e+00
    outer loop
      vertex   2.307933e+00 5.449991e+00 2.700000e+01
      vertex   1.090745e+00 6.287933e-01 2.700000e+01
      vertex   1.654082e+00 9.408384e-01 2.700000e+01
    endloop
  endfacet
  facet normal 0.000000e+00 0.000000e+00 1.000000e+00
    outer loop
      vertex   2.307933e+00 5.449991e+00 2.700000e+01
      vertex   1.654082e+00 9.408384e-01 2.700000e+01
      vertex   2.537889e+00 5.121580e+00 2.700000e+01
    endloop
  endfacet
  facet normal 0.000000e+00 0.000000e+00 1.000000e+00
    outer loop
      vertex   2.537889e+00 5.121580e+00 2.700000e+01
      vertex   1.654082e+00 9.408384e-01 2.700000e+01
      vertex   2.247396e+00 1.191237e+00 2.700000e+01
    endloop
  endfacet
  facet normal 0.000000e+00 0.000000e+00 1.000000e+00
    outer loop
      vertex   2.537889e+00 5.121580e+00 2.700000e+01
      vertex   2.247396e+00 1.191237e+00 2.700000e+01
      vertex   2.821380e+00 4.838089e+00 2.700000e+01
    endloop
  endfacet
  facet normal 0.000000e+00 0.000000e+00 1.000000e+00
    outer loop
      vertex   2.821380e+00 4.838089e+00 2.700000e+01
      vertex   2.247396e+00 1.191237e+00 2.700000e+01
      vertex   2.863965e+00 1.377151e+00 2.700000e+01
    endloop
  endfacet
  facet normal 0.000000e+00 0.000000e+00 1.000000e+00
    outer loop
      vertex   2.821380e+00 4.838089e+00 2.700000e+01
      vertex   2.863965e+00 1.377151e+00 2.700000e+01
      vertex   3.149791e+00 4.608133e+00 2.700000e+01
    endloop
  endfacet
  facet normal 0.000000e+00 0.000000e+00 1.000000e+00
    outer loop
      vertex   3.149791e+00 4.608133e+00 2.700000e+01
      vertex   2.863965e+00 1.377151e+00 2.700000e+01
      vertex   3.513145e+00 4.438698e+00 2.700000e+01
    endloop
  endfacet
  facet normal 0.000000e+00 0.000000e+00 1.000000e+00
    outer loop
      vertex   3.513145e+00 4.438698e+00 2.700000e+01
      vertex   2.863965e+00 1.377151e+00 2.700000e+01
      vertex   3.496802e+00 1.496475e+00 2.700000e+01
    endloop
  endfacet
  facet normal 0.000000e+00 0.000000e+00 1.000000e+00
    outer loop
      vertex   3.513145e+00 4.438698e+00 2.700000e+01
      vertex   3.496802e+00 1.496475e+00 2.700000e+01
      vertex   3.900400e+00 4.334933e+00 2.700000e+01
    endloop
  endfacet
  facet normal 0.000000e+00 0.000000e+00 1.000000e+00
    outer loop
      vertex   3.900400e+00 4.334933e+00 2.700000e+01
      vertex   3.496802e+00 1.496475e+00 2.700000e+01
      vertex   4.138737e+00 1.547856e+00 2.700000e+01
    endloop
  endfacet
  facet normal 0.000000e+00 0.000000e+00 1.000000e+00
    outer loop
      vertex   3.900400e+00 4.334933e+00 2.700000e+01
      vertex   4.138737e+00 1.547856e+00 2.700000e+01
      vertex   4.299791e+00 4.299991e+00 2.700000e+01
    endloop
  endfacet
  facet normal 0.000000e+00 0.000000e+00 1.000000e+00
    outer loop
      vertex   4.299791e+00 4.299991e+00 2.700000e+01
      vertex   4.138737e+00 1.547856e+00 2.700000e+01
      vertex   4.782497e+00 1.530713e+00 2.700000e+01
    endloop
  endfacet
  facet normal -0.000000e+00 0.000000e+00 1.000000e+00
    outer loop
      vertex   4.299791e+00 4.299991e+00 2.700000e+01
      vertex   4.782497e+00 1.530713e+00 2.700000e+01
      vertex   4.699182e+00 4.334933e+00 2.700000e+01
    endloop
  endfacet
  facet normal -0.000000e+00 0.000000e+00 1.000000e+00
    outer loop
      vertex   4.699182e+00 4.334933e+00 2.700000e+01
      vertex   4.782497e+00 1.530713e+00 2.700000e+01
      vertex   5.086438e+00 4.438698e+00 2.700000e+01
    endloop
  endfacet
  facet normal 0.000000e+00 0.000000e+00 1.000000e+00
    outer loop
      vertex   5.086438e+00 4.438698e+00 2.700000e+01
      vertex   4.782497e+00 1.530713e+00 2.700000e+01
      vertex   5.420788e+00 1.445239e+00 2.700000e+01
    endloop
  endfacet
  facet normal -0.000000e+00 0.000000e+00 1.000000e+00
    outer loop
      vertex   5.086438e+00 4.438698e+00 2.700000e+01
      vertex   5.420788e+00 1.445239e+00 2.700000e+01
      vertex   5.449791e+00 4.608133e+00 2.700000e+01
    endloop
  endfacet
  facet normal 0.000000e+00 0.000000e+00 1.000000e+00
    outer loop
      vertex   5.449791e+00 4.608133e+00 2.700000e+01
      vertex   5.420788e+00 1.445239e+00 2.700000e+01
      vertex   6.046378e+00 1.292403e+00 2.700000e+01
    endloop
  endfacet
  facet normal -0.000000e+00 0.000000e+00 1.000000e+00
    outer loop
      vertex   5.449791e+00 4.608133e+00 2.700000e+01
      vertex   6.046378e+00 1.292403e+00 2.700000e+01
      vertex   5.778203e+00 4.838089e+00 2.700000e+01
    endloop
  endfacet
  facet normal -0.000000e+00 0.000000e+00 1.000000e+00
    outer loop
      vertex   5.778203e+00 4.838089e+00 2.700000e+01
      vertex   6.046378e+00 1.292403e+00 2.700000e+01
      vertex   6.061694e+00 5.121580e+00 2.700000e+01
    endloop
  endfacet
  facet normal 0.000000e+00 0.000000e+00 1.000000e+00
    outer loop
      vertex   6.061694e+00 5.121580e+00 2.700000e+01
      vertex   6.046378e+00 1.292403e+00 2.700000e+01
      vertex   6.652178e+00 1.073938e+00 2.700000e+01
    endloop
  endfacet
  facet normal -0.000000e+00 0.000000e+00 1.000000e+00
    outer loop
      vertex   6.061694e+00 5.121580e+00 2.700000e+01
      vertex   6.652178e+00 1.073938e+00 2.700000e+01
      vertex   6.291650e+00 5.449991e+00 2.700000e+01
    endloop
  endfacet
  facet normal 0.000000e+00 0.000000e+00 1.000000e+00
    outer loop
      vertex   6.291650e+00 5.449991e+00 2.700000e+01
      vertex   6.652178e+00 1.073938e+00 2.700000e+01
      vertex   7.231324e+00 7.923167e-01 2.700000e+01
    endloop
  endfacet
  facet normal -0.000000e+00 0.000000e+00 1.000000e+00
    outer loop
      vertex   6.291650e+00 5.449991e+00 2.700000e+01
      vertex   7.231324e+00 7.923167e-01 2.700000e+01
      vertex   6.461084e+00 5.813345e+00 2.700000e+01
    endloop
  endfacet
  facet normal 0.000000e+00 0.000000e+00 1.000000e+00
    outer loop
      vertex   6.461084e+00 5.813345e+00 2.700000e+01
      vertex   7.231324e+00 7.923167e-01 2.700000e+01
      vertex   7.777255e+00 4.507319e-01 2.700000e+01
    endloop
  endfacet
  facet normal -0.000000e+00 0.000000e+00 1.000000e+00
    outer loop
      vertex   6.461084e+00 5.813345e+00 2.700000e+01
      vertex   7.777255e+00 4.507319e-01 2.700000e+01
      vertex   6.564849e+00 6.200600e+00 2.700000e+01
    endloop
  endfacet
  facet normal 0.000000e+00 0.000000e+00 1.000000e+00
    outer loop
      vertex   6.564849e+00 6.200600e+00 2.700000e+01
      vertex   7.777255e+00 4.507319e-01 2.700000e+01
      vertex   8.283785e+00 5.305322e-02 2.700000e+01
    endloop
  endfacet
  facet normal 0.000000e+00 0.000000e+00 1.000000e+00
    outer loop
      vertex   6.564849e+00 6.200600e+00 2.700000e+01
      vertex   8.283785e+00 5.305322e-02 2.700000e+01
      vertex   8.745175e+00 -3.962133e-01 2.700000e+01
    endloop
  endfacet
  facet normal -0.000000e+00 0.000000e+00 1.000000e+00
    outer loop
      vertex   6.564849e+00 6.200600e+00 2.700000e+01
      vertex   8.745175e+00 -3.962133e-01 2.700000e+01
      vertex   6.599791e+00 6.599991e+00 2.700000e+01
    endloop
  endfacet
  facet normal 0.000000e+00 0.000000e+00 1.000000e+00
    outer loop
      vertex   6.599791e+00 6.599991e+00 2.700000e+01
      vertex   8.745175e+00 -3.962133e-01 2.700000e+01
      vertex   9.156197e+00 -8.919774e-01 2.700000e+01
    endloop
  endfacet
  facet normal -0.000000e+00 -0.000000e+00 1.000000e+00
    outer loop
      vertex   6.599791e+00 6.599991e+00 2.700000e+01
      vertex   9.156197e+00 -8.919774e-01 2.700000e+01
      vertex   6.564849e+00 6.999382e+00 2.700000e+01
    endloop
  endfacet
  facet normal -4.820996e-09 -1.000000e+00 0.000000e+00
    outer loop
      vertex   -1.010000e+01 -1.350000e+01 2.360000e+01
      vertex   1.870000e+01 -1.350000e+01 2.360000e+01
      vertex   -1.010000e+01 -1.350000e+01 2.640000e+01
    endloop
  endfacet
  facet normal -4.820996e-09 -1.000000e+00 0.000000e+00
    outer loop
      vertex   -1.010000e+01 -1.350000e+01 2.640000e+01
      vertex   1.870000e+01 -1.350000e+01 2.360000e+01
      vertex   1.870000e+01 -1.350000e+01 2.640000e+01
    endloop
  endfacet
  facet normal -9.961947e-01 8.715574e-02 0.000000e+00
    outer loop
      vertex   6.564849e+00 6.200600e+00 2.400000e+01
      vertex   6.564849e+00 6.200600e+00 2.700000e+01
      vertex   6.599791e+00 6.599991e+00 2.400000e+01
    endloop
  endfacet
  facet normal -9.961947e-01 8.715574e-02 0.000000e+00
    outer loop
      vertex   6.599791e+00 6.599991e+00 2.400000e+01
      vertex   6.564849e+00 6.200600e+00 2.700000e+01
      vertex   6.599791e+00 6.599991e+00 2.700000e+01
    endloop
  endfacet
  facet normal -9.961947e-01 -8.715574e-02 0.000000e+00
    outer loop
      vertex   6.599791e+00 6.599991e+00 2.400000e+01
      vertex   6.599791e+00 6.599991e+00 2.700000e+01
      vertex   6.564849e+00 6.999382e+00 2.400000e+01
    endloop
  endfacet
  facet normal -9.961947e-01 -8.715574e-02 0.000000e+00
    outer loop
      vertex   6.564849e+00 6.999382e+00 2.400000e+01
      vertex   6.599791e+00 6.599991e+00 2.700000e+01
      vertex   6.564849e+00 6.999382e+00 2.700000e+01
    endloop
  endfacet
  facet normal -9.659258e-01 -2.588190e-01 0.000000e+00
    outer loop
      vertex   6.564849e+00 6.999382e+00 2.400000e+01
      vertex   6.564849e+00 6.999382e+00 2.700000e+01
      vertex   6.461084e+00 7.386637e+00 2.400000e+01
    endloop
  endfacet
  facet normal -9.659258e-01 -2.588190e-01 0.000000e+00
    outer loop
      vertex   6.461084e+00 7.386637e+00 2.400000e+01
      vertex   6.564849e+00 6.999382e+00 2.700000e+01
      vertex   6.461084e+00 7.386637e+00 2.700000e+01
    endloop
  endfacet
  facet normal -9.063078e-01 -4.226183e-01 0.000000e+00
    outer loop
      vertex   6.461084e+00 7.386637e+00 2.400000e+01
      vertex   6.461084e+00 7.386637e+00 2.700000e+01
      vertex   6.291650e+00 7.749991e+00 2.400000e+01
    endloop
  endfacet
  facet normal -9.063078e-01 -4.226183e-01 0.000000e+00
    outer loop
      vertex   6.291650e+00 7.749991e+00 2.400000e+01
      vertex   6.461084e+00 7.386637e+00 2.700000e+01
      vertex   6.291650e+00 7.749991e+00 2.700000e+01
    endloop
  endfacet
  facet normal -8.191520e-01 -5.735764e-01 0.000000e+00
    outer loop
      vertex   6.291650e+00 7.749991e+00 2.400000e+01
      vertex   6.291650e+00 7.749991e+00 2.700000e+01
      vertex   6.061694e+00 8.078403e+00 2.400000e+01
    endloop
  endfacet
  facet normal -8.191520e-01 -5.735764e-01 0.000000e+00
    outer loop
      vertex   6.061694e+00 8.078403e+00 2.400000e+01
      vertex   6.291650e+00 7.749991e+00 2.700000e+01
      vertex   6.061694e+00 8.078403e+00 2.700000e+01
    endloop
  endfacet
  facet normal -7.071068e-01 -7.071068e-01 0.000000e+00
    outer loop
      vertex   6.061694e+00 8.078403e+00 2.400000e+01
      vertex   6.061694e+00 8.078403e+00 2.700000e+01
      vertex   5.778203e+00 8.361893e+00 2.400000e+01
    endloop
  endfacet
  facet normal -7.071068e-01 -7.071068e-01 0.000000e+00
    outer loop
      vertex   5.778203e+00 8.361893e+00 2.400000e+01
      vertex   6.061694e+00 8.078403e+00 2.700000e+01
      vertex   5.778203e+00 8.361893e+00 2.700000e+01
    endloop
  endfacet
  facet normal -5.735764e-01 -8.191520e-01 0.000000e+00
    outer loop
      vertex   5.778203e+00 8.361893e+00 2.400000e+01
      vertex   5.778203e+00 8.361893e+00 2.700000e+01
      vertex   5.449791e+00 8.591850e+00 2.400000e+01
    endloop
  endfacet
  facet normal -5.735764e-01 -8.191520e-01 0.000000e+00
    outer loop
      vertex   5.449791e+00 8.591850e+00 2.400000e+01
      vertex   5.778203e+00 8.361893e+00 2.700000e+01
      vertex   5.449791e+00 8.591850e+00 2.700000e+01
    endloop
  endfacet
  facet normal -4.226183e-01 -9.063078e-01 0.000000e+00
    outer loop
      vertex   5.449791e+00 8.591850e+00 2.400000e+01
      vertex   5.449791e+00 8.591850e+00 2.700000e+01
      vertex   5.086438e+00 8.761284e+00 2.400000e+01
    endloop
  endfacet
  facet normal -4.226183e-01 -9.063078e-01 0.000000e+00
    outer loop
      vertex   5.086438e+00 8.761284e+00 2.400000e+01
      vertex   5.449791e+00 8.591850e+00 2.700000e+01
      vertex   5.086438e+00 8.761284e+00 2.700000e+01
    endloop
  endfacet
  facet normal -2.588190e-01 -9.659258e-01 0.000000e+00
    outer loop
      vertex   5.086438e+00 8.761284e+00 2.400000e+01
      vertex   5.086438e+00 8.761284e+00 2.700000e+01
      vertex   4.699182e+00 8.865049e+00 2.400000e+01
    endloop
  endfacet
  facet normal -2.588190e-01 -9.659258e-01 0.000000e+00
    outer loop
      vertex   4.699182e+00 8.865049e+00 2.400000e+01
      vertex   5.086438e+00 8.761284e+00 2.700000e+01
      vertex   4.699182e+00 8.865049e+00 2.700000e+01
    endloop
  endfacet
  facet normal -8.715574e-02 -9.961947e-01 0.000000e+00
    outer loop
      vertex   4.699182e+00 8.865049e+00 2.400000e+01
      vertex   4.699182e+00 8.865049e+00 2.700000e+01
      vertex   4.299791e+00 8.899991e+00 2.400000e+01
    endloop
  endfacet
  facet normal -8.715574e-02 -9.961947e-01 0.000000e+00
    outer loop
      vertex   4.299791e+00 8.899991e+00 2.400000e+01
      vertex   4.699182e+00 8.865049e+00 2.700000e+01
      vertex   4.299791e+00 8.899991e+00 2.700000e+01
    endloop
  endfacet
  facet normal 8.715574e-02 -9.961947e-01 0.000000e+00
    outer loop
      vertex   4.299791e+00 8.899991e+00 2.400000e+01
      vertex   4.299791e+00 8.899991e+00 2.700000e+01
      vertex   3.900400e+00 8.865049e+00 2.400000e+01
    endloop
  endfacet
  facet normal 8.715574e-02 -9.961947e-01 0.000000e+00
    outer loop
      vertex   3.900400e+00 8.865049e+00 2.400000e+01
      vertex   4.299791e+00 8.899991e+00 2.700000e+01
      vertex   3.900400e+00 8.865049e+00 2.700000e+01
    endloop
  endfacet
  facet normal 2.588190e-01 -9.659258e-01 0.000000e+00
    outer loop
      vertex   3.900400e+00 8.865049e+00 2.400000e+01
      vertex   3.900400e+00 8.865049e+00 2.700000e+01
      vertex   3.513145e+00 8.761284e+00 2.400000e+01
    endloop
  endfacet
  facet normal 2.588190e-01 -9.659258e-01 0.000000e+00
    outer loop
      vertex   3.513145e+00 8.761284e+00 2.400000e+01
      vertex   3.900400e+00 8.865049e+00 2.700000e+01
      vertex   3.513145e+00 8.761284e+00 2.700000e+01
    endloop
  endfacet
  facet normal 4.226183e-01 -9.063078e-01 0.000000e+00
    outer loop
      vertex   3.513145e+00 8.761284e+00 2.400000e+01
      vertex   3.513145e+00 8.761284e+00 2.700000e+01
      vertex   3.149791e+00 8.591850e+00 2.400000e+01
    endloop
  endfacet
  facet normal 4.226183e-01 -9.063078e-01 0.000000e+00
    outer loop
      vertex   3.149791e+00 8.591850e+00 2.400000e+01
      vertex   3.513145e+00 8.761284e+00 2.700000e+01
      vertex   3.149791e+00 8.591850e+00 2.700000e+01
    endloop
  endfacet
  facet normal 5.735764e-01 -8.191520e-01 0.000000e+00
    outer loop
      vertex   3.149791e+00 8.591850e+00 2.400000e+01
      vertex   3.149791e+00 8.591850e+00 2.700000e+01
      vertex   2.821380e+00 8.361893e+00 2.400000e+01
    endloop
  endfacet
  facet normal 5.735764e-01 -8.191520e-01 0.000000e+00
    outer loop
      vertex   2.821380e+00 8.361893e+00 2.400000e+01
      vertex   3.149791e+00 8.591850e+00 2.700000e+01
      vertex   2.821380e+00 8.361893e+00 2.700000e+01
    endloop
  endfacet
  facet normal 7.071068e-01 -7.071068e-01 0.000000e+00
    outer loop
      vertex   2.821380e+00 8.361893e+00 2.400000e+01
      vertex   2.821380e+00 8.361893e+00 2.700000e+01
      vertex   2.537889e+00 8.078403e+00 2.400000e+01
    endloop
  endfacet
  facet normal 7.071068e-01 -7.071068e-01 0.000000e+00
    outer loop
      vertex   2.537889e+00 8.078403e+00 2.400000e+01
      vertex   2.821380e+00 8.361893e+00 2.700000e+01
      vertex   2.537889e+00 8.078403e+00 2.700000e+01
    endloop
  endfacet
  facet normal 8.191520e-01 -5.735764e-01 0.000000e+00
    outer loop
      vertex   2.537889e+00 8.078403e+00 2.400000e+01
      vertex   2.537889e+00 8.078403e+00 2.700000e+01
      vertex   2.307933e+00 7.749991e+00 2.400000e+01
    endloop
  endfacet
  facet normal 8.191520e-01 -5.735764e-01 0.000000e+00
    outer loop
      vertex   2.307933e+00 7.749991e+00 2.400000e+01
      vertex   2.537889e+00 8.078403e+00 2.700000e+01
      vertex   2.307933e+00 7.749991e+00 2.700000e+01
    endloop
  endfacet
  facet normal 9.063078e-01 -4.226183e-01 0.000000e+00
    outer loop
      vertex   2.307933e+00 7.749991e+00 2.400000e+01
      vertex   2.307933e+00 7.749991e+00 2.700000e+01
      vertex   2.138498e+00 7.386637e+00 2.400000e+01
    endloop
  endfacet
  facet normal 9.063078e-01 -4.226183e-01 0.000000e+00
    outer loop
      vertex   2.138498e+00 7.386637e+00 2.400000e+01
      vertex   2.307933e+00 7.749991e+00 2.700000e+01
      vertex   2.138498e+00 7.386637e+00 2.700000e+01
    endloop
  endfacet
  facet normal 9.659258e-01 -2.588190e-01 0.000000e+00
    outer loop
      vertex   2.138498e+00 7.386637e+00 2.400000e+01
      vertex   2.138498e+00 7.386637e+00 2.700000e+01
      vertex   2.034733e+00 6.999382e+00 2.400000e+01
    endloop
  endfacet
  facet normal 9.659258e-01 -2.588190e-01 0.000000e+00
    outer loop
      vertex   2.034733e+00 6.999382e+00 2.400000e+01
      vertex   2.138498e+00 7.386637e+00 2.700000e+01
      vertex   2.034733e+00 6.999382e+00 2.700000e+01
    endloop
  endfacet
  facet normal 9.961947e-01 -8.715574e-02 0.000000e+00
    outer loop
      vertex   2.034733e+00 6.999382e+00 2.400000e+01
      vertex   2.034733e+00 6.999382e+00 2.700000e+01
      vertex   1.999791e+00 6.599991e+00 2.400000e+01
    endloop
  endfacet
  facet normal 9.961947e-01 -8.715574e-02 0.000000e+00
    outer loop
      vertex   1.999791e+00 6.599991e+00 2.400000e+01
      vertex   2.034733e+00 6.999382e+00 2.700000e+01
      vertex   1.999791e+00 6.599991e+00 2.700000e+01
    endloop
  endfacet
  facet normal 9.961947e-01 8.715574e-02 -0.000000e+00
    outer loop
      vertex   1.999791e+00 6.599991e+00 2.400000e+01
      vertex   1.999791e+00 6.599991e+00 2.700000e+01
      vertex   2.034733e+00 6.200600e+00 2.400000e+01
    endloop
  endfacet
  facet normal 9.961947e-01 8.715574e-02 -0.000000e+00
    outer loop
      vertex   2.034733e+00 6.200600e+00 2.400000e+01
      vertex   1.999791e+00 6.599991e+00 2.700000e+01
      vertex   2.034733e+00 6.200600e+00 2.700000e+01
    endloop
  endfacet
  facet normal 9.659258e-01 2.588190e-01 -0.000000e+00
    outer loop
      vertex   2.034733e+00 6.200600e+00 2.400000e+01
      vertex   2.034733e+00 6.200600e+00 2.700000e+01
      vertex   2.138498e+00 5.813345e+00 2.400000e+01
    endloop
  endfacet
  facet normal 9.659258e-01 2.588190e-01 -0.000000e+00
    outer loop
      vertex   2.138498e+00 5.813345e+00 2.400000e+01
      vertex   2.034733e+00 6.200600e+00 2.700000e+01
      vertex   2.138498e+00 5.813345e+00 2.700000e+01
    endloop
  endfacet
  facet normal 9.063078e-01 4.226183e-01 -0.000000e+00
    outer loop
      vertex   2.138498e+00 5.813345e+00 2.400000e+01
      vertex   2.138498e+00 5.813345e+00 2.700000e+01
      vertex   2.307933e+00 5.449991e+00 2.400000e+01
    endloop
  endfacet
  facet normal 9.063078e-01 4.226183e-01 -0.000000e+00
    outer loop
      vertex   2.307933e+00 5.449991e+00 2.400000e+01
      vertex   2.138498e+00 5.813345e+00 2.700000e+01
      vertex   2.307933e+00 5.449991e+00 2.700000e+01
    endloop
  endfacet
  facet normal 8.191520e-01 5.735764e-01 -0.000000e+00
    outer loop
      vertex   2.307933e+00 5.449991e+00 2.400000e+01
      vertex   2.307933e+00 5.449991e+00 2.700000e+01
      vertex   2.537889e+00 5.121580e+00 2.400000e+01
    endloop
  endfacet
  facet normal 8.191520e-01 5.735764e-01 -0.000000e+00
    outer loop
      vertex   2.537889e+00 5.121580e+00 2.400000e+01
      vertex   2.307933e+00 5.449991e+00 2.700000e+01
      vertex   2.537889e+00 5.121580e+00 2.700000e+01
    endloop
  endfacet
  facet normal 7.071068e-01 7.071068e-01 -0.000000e+00
    outer loop
      vertex   2.537889e+00 5.121580e+00 2.400000e+01
      vertex   2.537889e+00 5.121580e+00 2.700000e+01
      vertex   2.821380e+00 4.838089e+00 2.400000e+01
    endloop
  endfacet
  facet normal 7.071068e-01 7.071068e-01 -0.000000e+00
    outer loop
      vertex   2.821380e+00 4.838089e+00 2.400000e+01
      vertex   2.537889e+00 5.121580e+00 2.700000e+01
      vertex   2.821380e+00 4.838089e+00 2.700000e+01
    endloop
  endfacet
  facet normal 5.735764e-01 8.191520e-01 -0.000000e+00
    outer loop
      vertex   2.821380e+00 4.838089e+00 2.400000e+01
      vertex   2.821380e+00 4.838089e+00 2.700000e+01
      vertex   3.149791e+00 4.608133e+00 2.400000e+01
    endloop
  endfacet
  facet normal 5.735764e-01 8.191520e-01 -0.000000e+00
    outer loop
      vertex   3.149791e+00 4.608133e+00 2.400000e+01
      vertex   2.821380e+00 4.838089e+00 2.700000e+01
      vertex   3.149791e+00 4.608133e+00 2.700000e+01
    endloop
  endfacet
  facet normal 4.226183e-01 9.063078e-01 -0.000000e+00
    outer loop
      vertex   3.149791e+00 4.608133e+00 2.400000e+01
      vertex   3.149791e+00 4.608133e+00 2.700000e+01
      vertex   3.513145e+00 4.438698e+00 2.400000e+01
    endloop
  endfacet
  facet normal 4.226183e-01 9.063078e-01 -0.000000e+00
    outer loop
      vertex   3.513145e+00 4.438698e+00 2.400000e+01
      vertex   3.149791e+00 4.608133e+00 2.700000e+01
      vertex   3.513145e+00 4.438698e+00 2.700000e+01
    endloop
  endfacet
  facet normal 2.588190e-01 9.659258e-01 -0.000000e+00
    outer loop
      vertex   3.513145e+00 4.438698e+00 2.400000e+01
      vertex   3.513145e+00 4.438698e+00 2.700000e+01
      vertex   3.900400e+00 4.334933e+00 2.400000e+01
    endloop
  endfacet
  facet normal 2.588190e-01 9.659258e-01 -0.000000e+00
    outer loop
      vertex   3.900400e+00 4.334933e+00 2.400000e+01
      vertex   3.513145e+00 4.438698e+00 2.700000e+01
      vertex   3.900400e+00 4.334933e+00 2.700000e+01
    endloop
  endfacet
  facet normal 8.715574e-02 9.961947e-01 -0.000000e+00
    outer loop
      vertex   3.900400e+00 4.334933e+00 2.400000e+01
      vertex   3.900400e+00 4.334933e+00 2.700000e+01
      vertex   4.299791e+00 4.299991e+00 2.400000e+01
    endloop
  endfacet
  facet normal 8.715574e-02 9.961947e-01 -0.000000e+00
    outer loop
      vertex   4.299791e+00 4.299991e+00 2.400000e+01
      vertex   3.900400e+00 4.334933e+00 2.700000e+01
      vertex   4.299791e+00 4.299991e+00 2.700000e+01
    endloop
  endfacet
  facet normal -8.715574e-02 9.961947e-01 0.000000e+00
    outer loop
      vertex   4.299791e+00 4.299991e+00 2.400000e+01
      vertex   4.299791e+00 4.299991e+00 2.700000e+01
      vertex   4.699182e+00 4.334933e+00 2.400000e+01
    endloop
  endfacet
  facet normal -8.715574e-02 9.961947e-01 0.000000e+00
    outer loop
      vertex   4.699182e+00 4.334933e+00 2.400000e+01
      vertex   4.299791e+00 4.299991e+00 2.700000e+01
      vertex   4.699182e+00 4.334933e+00 2.700000e+01
    endloop
  endfacet
  facet normal -2.588190e-01 9.659258e-01 0.000000e+00
    outer loop
      vertex   4.699182e+00 4.334933e+00 2.400000e+01
      vertex   4.699182e+00 4.334933e+00 2.700000e+01
      vertex   5.086438e+00 4.438698e+00 2.400000e+01
    endloop
  endfacet
  facet normal -2.588190e-01 9.659258e-01 0.000000e+00
    outer loop
      vertex   5.086438e+00 4.438698e+00 2.400000e+01
      vertex   4.699182e+00 4.334933e+00 2.700000e+01
      vertex   5.086438e+00 4.438698e+00 2.700000e+01
    endloop
  endfacet
  facet normal -4.226183e-01 9.063078e-01 0.000000e+00
    outer loop
      vertex   5.086438e+00 4.438698e+00 2.400000e+01
      vertex   5.086438e+00 4.438698e+00 2.700000e+01
      vertex   5.449791e+00 4.608133e+00 2.400000e+01
    endloop
  endfacet
  facet normal -4.226183e-01 9.063078e-01 0.000000e+00
    outer loop
      vertex   5.449791e+00 4.608133e+00 2.400000e+01
      vertex   5.086438e+00 4.438698e+00 2.700000e+01
      vertex   5.449791e+00 4.608133e+00 2.700000e+01
    endloop
  endfacet
  facet normal -5.735764e-01 8.191520e-01 0.000000e+00
    outer loop
      vertex   5.449791e+00 4.608133e+00 2.400000e+01
      vertex   5.449791e+00 4.608133e+00 2.700000e+01
      vertex   5.778203e+00 4.838089e+00 2.400000e+01
    endloop
  endfacet
  facet normal -5.735764e-01 8.191520e-01 0.000000e+00
    outer loop
      vertex   5.778203e+00 4.838089e+00 2.400000e+01
      vertex   5.449791e+00 4.608133e+00 2.700000e+01
      vertex   5.778203e+00 4.838089e+00 2.700000e+01
    endloop
  endfacet
  facet normal -7.071068e-01 7.071068e-01 0.000000e+00
    outer loop
      vertex   5.778203e+00 4.838089e+00 2.400000e+01
      vertex   5.778203e+00 4.838089e+00 2.700000e+01
      vertex   6.061694e+00 5.121580e+00 2.400000e+01
    endloop
  endfacet
  facet normal -7.071068e-01 7.071068e-01 0.000000e+00
    outer loop
      vertex   6.061694e+00 5.121580e+00 2.400000e+01
      vertex   5.778203e+00 4.838089e+00 2.700000e+01
      vertex   6.061694e+00 5.121580e+00 2.700000e+01
    endloop
  endfacet
  facet normal -8.191520e-01 5.735764e-01 0.000000e+00
    outer loop
      vertex   6.061694e+00 5.121580e+00 2.400000e+01
      vertex   6.061694e+00 5.121580e+00 2.700000e+01
      vertex   6.291650e+00 5.449991e+00 2.400000e+01
    endloop
  endfacet
  facet normal -8.191520e-01 5.735764e-01 0.000000e+00
    outer loop
      vertex   6.291650e+00 5.449991e+00 2.400000e+01
      vertex   6.061694e+00 5.121580e+00 2.700000e+01
      vertex   6.291650e+00 5.449991e+00 2.700000e+01
    endloop
  endfacet
  facet normal -9.063078e-01 4.226183e-01 0.000000e+00
    outer loop
      vertex   6.291650e+00 5.449991e+00 2.400000e+01
      vertex   6.291650e+00 5.449991e+00 2.700000e+01
      vertex   6.461084e+00 5.813345e+00 2.400000e+01
    endloop
  endfacet
  facet normal -9.063078e-01 4.226183e-01 0.000000e+00
    outer loop
      vertex   6.461084e+00 5.813345e+00 2.400000e+01
      vertex   6.291650e+00 5.449991e+00 2.700000e+01
      vertex   6.461084e+00 5.813345e+00 2.700000e+01
    endloop
  endfacet
  facet normal -9.659258e-01 2.588190e-01 0.000000e+00
    outer loop
      vertex   6.461084e+00 5.813345e+00 2.400000e+01
      vertex   6.461084e+00 5.813345e+00 2.700000e+01
      vertex   6.564849e+00 6.200600e+00 2.400000e+01
    endloop
  endfacet
  facet normal -9.659258e-01 2.588190e-01 0.000000e+00
    outer loop
      vertex   6.564849e+00 6.200600e+00 2.400000e+01
      vertex   6.461084e+00 5.813345e+00 2.700000e+01
      vertex   6.564849e+00 6.200600e+00 2.700000e+01
    endloop
  endfacet
  facet normal -0.000000e+00 0.000000e+00 1.000000e+00
    outer loop
      vertex   5.764722e+00 6.277535e+00 2.400000e+01
      vertex   6.564849e+00 6.200600e+00 2.400000e+01
      vertex   5.799791e+00 6.599991e+00 2.400000e+01
    endloop
  endfacet
  facet normal -0.000000e+00 0.000000e+00 1.000000e+00
    outer loop
      vertex   5.799791e+00 6.599991e+00 2.400000e+01
      vertex   6.564849e+00 6.200600e+00 2.400000e+01
      vertex   6.599791e+00 6.599991e+00 2.400000e+01
    endloop
  endfacet
  facet normal 0.000000e+00 0.000000e+00 1.000000e+00
    outer loop
      vertex   5.799791e+00 6.599991e+00 2.400000e+01
      vertex   6.599791e+00 6.599991e+00 2.400000e+01
      vertex   6.564849e+00 6.999382e+00 2.400000e+01
    endloop
  endfacet
  facet normal 0.000000e+00 0.000000e+00 1.000000e+00
    outer loop
      vertex   6.564849e+00 6.200600e+00 2.400000e+01
      vertex   5.764722e+00 6.277535e+00 2.400000e+01
      vertex   6.461084e+00 5.813345e+00 2.400000e+01
    endloop
  endfacet
  facet normal 0.000000e+00 0.000000e+00 1.000000e+00
    outer loop
      vertex   6.461084e+00 5.813345e+00 2.400000e+01
      vertex   5.764722e+00 6.277535e+00 2.400000e+01
      vertex   5.661154e+00 5.970158e+00 2.400000e+01
    endloop
  endfacet
  facet normal 0.000000e+00 0.000000e+00 1.000000e+00
    outer loop
      vertex   6.461084e+00 5.813345e+00 2.400000e+01
      vertex   5.661154e+00 5.970158e+00 2.400000e+01
      vertex   6.291650e+00 5.449991e+00 2.400000e+01
    endloop
  endfacet
  facet normal 0.000000e+00 0.000000e+00 1.000000e+00
    outer loop
      vertex   6.291650e+00 5.449991e+00 2.400000e+01
      vertex   5.661154e+00 5.970158e+00 2.400000e+01
      vertex   5.493931e+00 5.692230e+00 2.400000e+01
    endloop
  endfacet
  facet normal 0.000000e+00 0.000000e+00 1.000000e+00
    outer loop
      vertex   6.291650e+00 5.449991e+00 2.400000e+01
      vertex   5.493931e+00 5.692230e+00 2.400000e+01
      vertex   6.061694e+00 5.121580e+00 2.400000e+01
    endloop
  endfacet
  facet normal 0.000000e+00 0.000000e+00 1.000000e+00
    outer loop
      vertex   6.061694e+00 5.121580e+00 2.400000e+01
      vertex   5.493931e+00 5.692230e+00 2.400000e+01
      vertex   5.270871e+00 5.456748e+00 2.400000e+01
    endloop
  endfacet
  facet normal 0.000000e+00 0.000000e+00 1.000000e+00
    outer loop
      vertex   6.061694e+00 5.121580e+00 2.400000e+01
      vertex   5.270871e+00 5.456748e+00 2.400000e+01
      vertex   5.778203e+00 4.838089e+00 2.400000e+01
    endloop
  endfacet
  facet normal 0.000000e+00 0.000000e+00 1.000000e+00
    outer loop
      vertex   5.778203e+00 4.838089e+00 2.400000e+01
      vertex   5.270871e+00 5.456748e+00 2.400000e+01
      vertex   5.449791e+00 4.608133e+00 2.400000e+01
    endloop
  endfacet
  facet normal 0.000000e+00 0.000000e+00 1.000000e+00
    outer loop
      vertex   5.449791e+00 4.608133e+00 2.400000e+01
      vertex   5.270871e+00 5.456748e+00 2.400000e+01
      vertex   5.002404e+00 5.274723e+00 2.400000e+01
    endloop
  endfacet
  facet normal 0.000000e+00 0.000000e+00 1.000000e+00
    outer loop
      vertex   5.449791e+00 4.608133e+00 2.400000e+01
      vertex   5.002404e+00 5.274723e+00 2.400000e+01
      vertex   5.086438e+00 4.438698e+00 2.400000e+01
    endloop
  endfacet
  facet normal 0.000000e+00 0.000000e+00 1.000000e+00
    outer loop
      vertex   5.086438e+00 4.438698e+00 2.400000e+01
      vertex   5.002404e+00 5.274723e+00 2.400000e+01
      vertex   4.701084e+00 5.154666e+00 2.400000e+01
    endloop
  endfacet
  facet normal 0.000000e+00 0.000000e+00 1.000000e+00
    outer loop
      vertex   5.086438e+00 4.438698e+00 2.400000e+01
      vertex   4.701084e+00 5.154666e+00 2.400000e+01
      vertex   4.699182e+00 4.334933e+00 2.400000e+01
    endloop
  endfacet
  facet normal 0.000000e+00 -0.000000e+00 1.000000e+00
    outer loop
      vertex   4.699182e+00 4.334933e+00 2.400000e+01
      vertex   4.701084e+00 5.154666e+00 2.400000e+01
      vertex   4.381000e+00 5.102191e+00 2.400000e+01
    endloop
  endfacet
  facet normal 0.000000e+00 0.000000e+00 1.000000e+00
    outer loop
      vertex   4.699182e+00 4.334933e+00 2.400000e+01
      vertex   4.381000e+00 5.102191e+00 2.400000e+01
      vertex   4.299791e+00 4.299991e+00 2.400000e+01
    endloop
  endfacet
  facet normal 0.000000e+00 -0.000000e+00 1.000000e+00
    outer loop
      vertex   4.299791e+00 4.299991e+00 2.400000e+01
      vertex   4.381000e+00 5.102191e+00 2.400000e+01
      vertex   4.057118e+00 5.119751e+00 2.400000e+01
    endloop
  endfacet
  facet normal 0.000000e+00 0.000000e+00 1.000000e+00
    outer loop
      vertex   4.299791e+00 4.299991e+00 2.400000e+01
      vertex   4.057118e+00 5.119751e+00 2.400000e+01
      vertex   3.900400e+00 4.334933e+00 2.400000e+01
    endloop
  endfacet
  facet normal 0.000000e+00 -0.000000e+00 1.000000e+00
    outer loop
      vertex   3.900400e+00 4.334933e+00 2.400000e+01
      vertex   4.057118e+00 5.119751e+00 2.400000e+01
      vertex   3.513145e+00 4.438698e+00 2.400000e+01
    endloop
  endfacet
  facet normal 0.000000e+00 0.000000e+00 1.000000e+00
    outer loop
      vertex   3.513145e+00 4.438698e+00 2.400000e+01
      vertex   4.057118e+00 5.119751e+00 2.400000e+01
      vertex   3.744584e+00 5.206526e+00 2.400000e+01
    endloop
  endfacet
  facet normal 0.000000e+00 -0.000000e+00 1.000000e+00
    outer loop
      vertex   3.513145e+00 4.438698e+00 2.400000e+01
      vertex   3.744584e+00 5.206526e+00 2.400000e+01
      vertex   3.149791e+00 4.608133e+00 2.400000e+01
    endloop
  endfacet
  facet normal 0.000000e+00 0.000000e+00 1.000000e+00
    outer loop
      vertex   3.149791e+00 4.608133e+00 2.400000e+01
      vertex   3.744584e+00 5.206526e+00 2.400000e+01
      vertex   3.458011e+00 5.358458e+00 2.400000e+01
    endloop
  endfacet
  facet normal 0.000000e+00 -0.000000e+00 1.000000e+00
    outer loop
      vertex   3.149791e+00 4.608133e+00 2.400000e+01
      vertex   3.458011e+00 5.358458e+00 2.400000e+01
      vertex   2.821380e+00 4.838089e+00 2.400000e+01
    endloop
  endfacet
  facet normal 0.000000e+00 0.000000e+00 1.000000e+00
    outer loop
      vertex   2.821380e+00 4.838089e+00 2.400000e+01
      vertex   3.458011e+00 5.358458e+00 2.400000e+01
      vertex   3.210798e+00 5.568442e+00 2.400000e+01
    endloop
  endfacet
  facet normal 0.000000e+00 -0.000000e+00 1.000000e+00
    outer loop
      vertex   2.821380e+00 4.838089e+00 2.400000e+01
      vertex   3.210798e+00 5.568442e+00 2.400000e+01
      vertex   2.537889e+00 5.121580e+00 2.400000e+01
    endloop
  endfacet
  facet normal 0.000000e+00 0.000000e+00 1.000000e+00
    outer loop
      vertex   2.537889e+00 5.121580e+00 2.400000e+01
      vertex   3.210798e+00 5.568442e+00 2.400000e+01
      vertex   3.014506e+00 5.826660e+00 2.400000e+01
    endloop
  endfacet
  facet normal 0.000000e+00 -0.000000e+00 1.000000e+00
    outer loop
      vertex   2.537889e+00 5.121580e+00 2.400000e+01
      vertex   3.014506e+00 5.826660e+00 2.400000e+01
      vertex   2.307933e+00 5.449991e+00 2.400000e+01
    endloop
  endfacet
  facet normal 0.000000e+00 -0.000000e+00 1.000000e+00
    outer loop
      vertex   2.307933e+00 5.449991e+00 2.400000e+01
      vertex   3.014506e+00 5.826660e+00 2.400000e+01
      vertex   2.138498e+00 5.813345e+00 2.400000e+01
    endloop
  endfacet
  facet normal 0.000000e+00 0.000000e+00 1.000000e+00
    outer loop
      vertex   2.138498e+00 5.813345e+00 2.400000e+01
      vertex   3.014506e+00 5.826660e+00 2.400000e+01
      vertex   2.878312e+00 6.121039e+00 2.400000e+01
    endloop
  endfacet
  facet normal 0.000000e+00 -0.000000e+00 1.000000e+00
    outer loop
      vertex   2.138498e+00 5.813345e+00 2.400000e+01
      vertex   2.878312e+00 6.121039e+00 2.400000e+01
      vertex   2.034733e+00 6.200600e+00 2.400000e+01
    endloop
  endfacet
  facet normal -0.000000e+00 0.000000e+00 1.000000e+00
    outer loop
      vertex   2.034733e+00 6.200600e+00 2.400000e+01
      vertex   2.878312e+00 6.121039e+00 2.400000e+01
      vertex   2.808584e+00 6.437813e+00 2.400000e+01
    endloop
  endfacet
  facet normal 0.000000e+00 -0.000000e+00 1.000000e+00
    outer loop
      vertex   2.034733e+00 6.200600e+00 2.400000e+01
      vertex   2.808584e+00 6.437813e+00 2.400000e+01
      vertex   1.999791e+00 6.599991e+00 2.400000e+01
    endloop
  endfacet
  facet normal -0.000000e+00 0.000000e+00 1.000000e+00
    outer loop
      vertex   1.999791e+00 6.599991e+00 2.400000e+01
      vertex   2.808584e+00 6.437813e+00 2.400000e+01
      vertex   2.808584e+00 6.762170e+00 2.400000e+01
    endloop
  endfacet
  facet normal 0.000000e+00 0.000000e+00 1.000000e+00
    outer loop
      vertex   1.999791e+00 6.599991e+00 2.400000e+01
      vertex   2.808584e+00 6.762170e+00 2.400000e+01
      vertex   2.034733e+00 6.999382e+00 2.400000e+01
    endloop
  endfacet
  facet normal -0.000000e+00 0.000000e+00 1.000000e+00
    outer loop
      vertex   2.034733e+00 6.999382e+00 2.400000e+01
      vertex   2.808584e+00 6.762170e+00 2.400000e+01
      vertex   2.878312e+00 7.078943e+00 2.400000e+01
    endloop
  endfacet
  facet normal 0.000000e+00 0.000000e+00 1.000000e+00
    outer loop
      vertex   2.034733e+00 6.999382e+00 2.400000e+01
      vertex   2.878312e+00 7.078943e+00 2.400000e+01
      vertex   2.138498e+00 7.386637e+00 2.400000e+01
    endloop
  endfacet
  facet normal 0.000000e+00 0.000000e+00 1.000000e+00
    outer loop
      vertex   2.138498e+00 7.386637e+00 2.400000e+01
      vertex   2.878312e+00 7.078943e+00 2.400000e+01
      vertex   3.014506e+00 7.373322e+00 2.400000e+01
    endloop
  endfacet
  facet normal -0.000000e+00 0.000000e+00 1.000000e+00
    outer loop
      vertex   2.138498e+00 7.386637e+00 2.400000e+01
      vertex   3.014506e+00 7.373322e+00 2.400000e+01
      vertex   2.307933e+00 7.749991e+00 2.400000e+01
    endloop
  endfacet
  facet normal -0.000000e+00 0.000000e+00 1.000000e+00
    outer loop
      vertex   2.307933e+00 7.749991e+00 2.400000e+01
      vertex   3.014506e+00 7.373322e+00 2.400000e+01
      vertex   2.537889e+00 8.078403e+00 2.400000e+01
    endloop
  endfacet
  facet normal 0.000000e+00 0.000000e+00 1.000000e+00
    outer loop
      vertex   2.537889e+00 8.078403e+00 2.400000e+01
      vertex   3.014506e+00 7.373322e+00 2.400000e+01
      vertex   3.210798e+00 7.631540e+00 2.400000e+01
    endloop
  endfacet
  facet normal -0.000000e+00 0.000000e+00 1.000000e+00
    outer loop
      vertex   2.537889e+00 8.078403e+00 2.400000e+01
      vertex   3.210798e+00 7.631540e+00 2.400000e+01
      vertex   2.821380e+00 8.361893e+00 2.400000e+01
    endloop
  endfacet
  facet normal 0.000000e+00 0.000000e+00 1.000000e+00
    outer loop
      vertex   2.821380e+00 8.361893e+00 2.400000e+01
      vertex   3.210798e+00 7.631540e+00 2.400000e+01
      vertex   3.458011e+00 7.841525e+00 2.400000e+01
    endloop
  endfacet
  facet normal -0.000000e+00 0.000000e+00 1.000000e+00
    outer loop
      vertex   2.821380e+00 8.361893e+00 2.400000e+01
      vertex   3.458011e+00 7.841525e+00 2.400000e+01
      vertex   3.149791e+00 8.591850e+00 2.400000e+01
    endloop
  endfacet
  facet normal 0.000000e+00 0.000000e+00 1.000000e+00
    outer loop
      vertex   3.149791e+00 8.591850e+00 2.400000e+01
      vertex   3.458011e+00 7.841525e+00 2.400000e+01
      vertex   3.744584e+00 7.993456e+00 2.400000e+01
    endloop
  endfacet
  facet normal -0.000000e+00 0.000000e+00 1.000000e+00
    outer loop
      vertex   3.149791e+00 8.591850e+00 2.400000e+01
      vertex   3.744584e+00 7.993456e+00 2.400000e+01
      vertex   3.513145e+00 8.761284e+00 2.400000e+01
    endloop
  endfacet
  facet normal 0.000000e+00 0.000000e+00 1.000000e+00
    outer loop
      vertex   3.513145e+00 8.761284e+00 2.400000e+01
      vertex   3.744584e+00 7.993456e+00 2.400000e+01
      vertex   4.057118e+00 8.080231e+00 2.400000e+01
    endloop
  endfacet
  facet normal -0.000000e+00 0.000000e+00 1.000000e+00
    outer loop
      vertex   3.513145e+00 8.761284e+00 2.400000e+01
      vertex   4.057118e+00 8.080231e+00 2.400000e+01
      vertex   3.900400e+00 8.865049e+00 2.400000e+01
    endloop
  endfacet
  facet normal -0.000000e+00 0.000000e+00 1.000000e+00
    outer loop
      vertex   3.900400e+00 8.865049e+00 2.400000e+01
      vertex   4.057118e+00 8.080231e+00 2.400000e+01
      vertex   4.299791e+00 8.899991e+00 2.400000e+01
    endloop
  endfacet
  facet normal 0.000000e+00 0.000000e+00 1.000000e+00
    outer loop
      vertex   4.299791e+00 8.899991e+00 2.400000e+01
      vertex   4.057118e+00 8.080231e+00 2.400000e+01
      vertex   4.381000e+00 8.097791e+00 2.400000e+01
    endloop
  endfacet
  facet normal 0.000000e+00 0.000000e+00 1.000000e+00
    outer loop
      vertex   4.299791e+00 8.899991e+00 2.400000e+01
      vertex   4.381000e+00 8.097791e+00 2.400000e+01
      vertex   4.699182e+00 8.865049e+00 2.400000e+01
    endloop
  endfacet
  facet normal 0.000000e+00 0.000000e+00 1.000000e+00
    outer loop
      vertex   4.699182e+00 8.865049e+00 2.400000e+01
      vertex   4.381000e+00 8.097791e+00 2.400000e+01
      vertex   4.701084e+00 8.045316e+00 2.400000e+01
    endloop
  endfacet
  facet normal 0.000000e+00 0.000000e+00 1.000000e+00
    outer loop
      vertex   4.699182e+00 8.865049e+00 2.400000e+01
      vertex   4.701084e+00 8.045316e+00 2.400000e+01
      vertex   5.086438e+00 8.761284e+00 2.400000e+01
    endloop
  endfacet
  facet normal 0.000000e+00 0.000000e+00 1.000000e+00
    outer loop
      vertex   5.086438e+00 8.761284e+00 2.400000e+01
      vertex   4.701084e+00 8.045316e+00 2.400000e+01
      vertex   5.002404e+00 7.925259e+00 2.400000e+01
    endloop
  endfacet
  facet normal 0.000000e+00 0.000000e+00 1.000000e+00
    outer loop
      vertex   5.086438e+00 8.761284e+00 2.400000e+01
      vertex   5.002404e+00 7.925259e+00 2.400000e+01
      vertex   5.449791e+00 8.591850e+00 2.400000e+01
    endloop
  endfacet
  facet normal 0.000000e+00 0.000000e+00 1.000000e+00
    outer loop
      vertex   5.449791e+00 8.591850e+00 2.400000e+01
      vertex   5.002404e+00 7.925259e+00 2.400000e+01
      vertex   5.270871e+00 7.743234e+00 2.400000e+01
    endloop
  endfacet
  facet normal 0.000000e+00 0.000000e+00 1.000000e+00
    outer loop
      vertex   5.449791e+00 8.591850e+00 2.400000e+01
      vertex   5.270871e+00 7.743234e+00 2.400000e+01
      vertex   5.778203e+00 8.361893e+00 2.400000e+01
    endloop
  endfacet
  facet normal 0.000000e+00 0.000000e+00 1.000000e+00
    outer loop
      vertex   5.778203e+00 8.361893e+00 2.400000e+01
      vertex   5.270871e+00 7.743234e+00 2.400000e+01
      vertex   6.061694e+00 8.078403e+00 2.400000e+01
    endloop
  endfacet
  facet normal 0.000000e+00 0.000000e+00 1.000000e+00
    outer loop
      vertex   6.061694e+00 8.078403e+00 2.400000e+01
      vertex   5.270871e+00 7.743234e+00 2.400000e+01
      vertex   5.493931e+00 7.507752e+00 2.400000e+01
    endloop
  endfacet
  facet normal 0.000000e+00 0.000000e+00 1.000000e+00
    outer loop
      vertex   6.061694e+00 8.078403e+00 2.400000e+01
      vertex   5.493931e+00 7.507752e+00 2.400000e+01
      vertex   6.291650e+00 7.749991e+00 2.400000e+01
    endloop
  endfacet
  facet normal 0.000000e+00 0.000000e+00 1.000000e+00
    outer loop
      vertex   6.291650e+00 7.749991e+00 2.400000e+01
      vertex   5.493931e+00 7.507752e+00 2.400000e+01
      vertex   5.661154e+00 7.229825e+00 2.400000e+01
    endloop
  endfacet
  facet normal 0.000000e+00 0.000000e+00 1.000000e+00
    outer loop
      vertex   6.291650e+00 7.749991e+00 2.400000e+01
      vertex   5.661154e+00 7.229825e+00 2.400000e+01
      vertex   6.461084e+00 7.386637e+00 2.400000e+01
    endloop
  endfacet
  facet normal 0.000000e+00 0.000000e+00 1.000000e+00
    outer loop
      vertex   6.461084e+00 7.386637e+00 2.400000e+01
      vertex   5.661154e+00 7.229825e+00 2.400000e+01
      vertex   5.764722e+00 6.922447e+00 2.400000e+01
    endloop
  endfacet
  facet normal 0.000000e+00 0.000000e+00 1.000000e+00
    outer loop
      vertex   6.461084e+00 7.386637e+00 2.400000e+01
      vertex   5.764722e+00 6.922447e+00 2.400000e+01
      vertex   6.564849e+00 6.999382e+00 2.400000e+01
    endloop
  endfacet
  facet normal 0.000000e+00 0.000000e+00 1.000000e+00
    outer loop
      vertex   6.564849e+00 6.999382e+00 2.400000e+01
      vertex   5.764722e+00 6.922447e+00 2.400000e+01
      vertex   5.799791e+00 6.599991e+00 2.400000e+01
    endloop
  endfacet
  facet normal -9.941380e-01 -1.081190e-01 -0.000000e+00
    outer loop
      vertex   5.764722e+00 6.922447e+00 2.400000e+01
      vertex   5.764722e+00 6.922447e+00 2.300000e+01
      vertex   5.799791e+00 6.599991e+00 2.400000e+01
    endloop
  endfacet
  facet normal -9.941380e-01 -1.081190e-01 -0.000000e+00
    outer loop
      vertex   5.799791e+00 6.599991e+00 2.400000e+01
      vertex   5.764722e+00 6.922447e+00 2.300000e+01
      vertex   5.799791e+00 6.599991e+00 2.300000e+01
    endloop
  endfacet
  facet normal -9.941380e-01 1.081190e-01 0.000000e+00
    outer loop
      vertex   5.799791e+00 6.599991e+00 2.400000e+01
      vertex   5.799791e+00 6.599991e+00 2.300000e+01
      vertex   5.764722e+00 6.277535e+00 2.400000e+01
    endloop
  endfacet
  facet normal -9.941380e-01 1.081190e-01 0.000000e+00
    outer loop
      vertex   5.764722e+00 6.277535e+00 2.400000e+01
      vertex   5.799791e+00 6.599991e+00 2.300000e+01
      vertex   5.764722e+00 6.277535e+00 2.300000e+01
    endloop
  endfacet
  facet normal -9.476532e-01 3.193015e-01 0.000000e+00
    outer loop
      vertex   5.764722e+00 6.277535e+00 2.400000e+01
      vertex   5.764722e+00 6.277535e+00 2.300000e+01
      vertex   5.661154e+00 5.970158e+00 2.400000e+01
    endloop
  endfacet
  facet normal -9.476532e-01 3.193015e-01 0.000000e+00
    outer loop
      vertex   5.661154e+00 5.970158e+00 2.400000e+01
      vertex   5.764722e+00 6.277535e+00 2.300000e+01
      vertex   5.661154e+00 5.970158e+00 2.300000e+01
    endloop
  endfacet
  facet normal -8.568572e-01 5.155539e-01 0.000000e+00
    outer loop
      vertex   5.661154e+00 5.970158e+00 2.400000e+01
      vertex   5.661154e+00 5.970158e+00 2.300000e+01
      vertex   5.493931e+00 5.692230e+00 2.400000e+01
    endloop
  endfacet
  facet normal -8.568572e-01 5.155539e-01 0.000000e+00
    outer loop
      vertex   5.493931e+00 5.692230e+00 2.400000e+01
      vertex   5.661154e+00 5.970158e+00 2.300000e+01
      vertex   5.493931e+00 5.692230e+00 2.300000e+01
    endloop
  endfacet
  facet normal -7.259955e-01 6.876995e-01 0.000000e+00
    outer loop
      vertex   5.493931e+00 5.692230e+00 2.400000e+01
      vertex   5.493931e+00 5.692230e+00 2.300000e+01
      vertex   5.270871e+00 5.456748e+00 2.400000e+01
    endloop
  endfacet
  facet normal -7.259955e-01 6.876995e-01 0.000000e+00
    outer loop
      vertex   5.270871e+00 5.456748e+00 2.400000e+01
      vertex   5.493931e+00 5.692230e+00 2.300000e+01
      vertex   5.270871e+00 5.456748e+00 2.300000e+01
    endloop
  endfacet
  facet normal -5.611871e-01 8.276890e-01 0.000000e+00
    outer loop
      vertex   5.270871e+00 5.456748e+00 2.400000e+01
      vertex   5.270871e+00 5.456748e+00 2.300000e+01
      vertex   5.002404e+00 5.274723e+00 2.400000e+01
    endloop
  endfacet
  facet normal -5.611871e-01 8.276890e-01 0.000000e+00
    outer loop
      vertex   5.002404e+00 5.274723e+00 2.400000e+01
      vertex   5.270871e+00 5.456748e+00 2.300000e+01
      vertex   5.002404e+00 5.274723e+00 2.300000e+01
    endloop
  endfacet
  facet normal -3.701382e-01 9.289767e-01 0.000000e+00
    outer loop
      vertex   5.002404e+00 5.274723e+00 2.400000e+01
      vertex   5.002404e+00 5.274723e+00 2.300000e+01
      vertex   4.701084e+00 5.154666e+00 2.400000e+01
    endloop
  endfacet
  facet normal -3.701382e-01 9.289767e-01 0.000000e+00
    outer loop
      vertex   4.701084e+00 5.154666e+00 2.400000e+01
      vertex   5.002404e+00 5.274723e+00 2.300000e+01
      vertex   4.701084e+00 5.154666e+00 2.300000e+01
    endloop
  endfacet
  facet normal -1.617820e-01 9.868265e-01 0.000000e+00
    outer loop
      vertex   4.701084e+00 5.154666e+00 2.400000e+01
      vertex   4.701084e+00 5.154666e+00 2.300000e+01
      vertex   4.381000e+00 5.102191e+00 2.400000e+01
    endloop
  endfacet
  facet normal -1.617820e-01 9.868265e-01 0.000000e+00
    outer loop
      vertex   4.381000e+00 5.102191e+00 2.400000e+01
      vertex   4.701084e+00 5.154666e+00 2.300000e+01
      vertex   4.381000e+00 5.102191e+00 2.300000e+01
    endloop
  endfacet
  facet normal 5.413891e-02 9.985334e-01 0.000000e+00
    outer loop
      vertex   4.381000e+00 5.102191e+00 2.400000e+01
      vertex   4.381000e+00 5.102191e+00 2.300000e+01
      vertex   4.057118e+00 5.119751e+00 2.400000e+01
    endloop
  endfacet
  facet normal 5.413891e-02 9.985334e-01 0.000000e+00
    outer loop
      vertex   4.057118e+00 5.119751e+00 2.400000e+01
      vertex   4.381000e+00 5.102191e+00 2.300000e+01
      vertex   4.057118e+00 5.119751e+00 2.300000e+01
    endloop
  endfacet
  facet normal 2.675283e-01 9.635500e-01 0.000000e+00
    outer loop
      vertex   4.057118e+00 5.119751e+00 2.400000e+01
      vertex   4.057118e+00 5.119751e+00 2.300000e+01
      vertex   3.744584e+00 5.206526e+00 2.400000e+01
    endloop
  endfacet
  facet normal 2.675283e-01 9.635500e-01 0.000000e+00
    outer loop
      vertex   3.744584e+00 5.206526e+00 2.400000e+01
      vertex   4.057118e+00 5.119751e+00 2.300000e+01
      vertex   3.744584e+00 5.206526e+00 2.300000e+01
    endloop
  endfacet
  facet normal 4.684084e-01 8.835120e-01 0.000000e+00
    outer loop
      vertex   3.744584e+00 5.206526e+00 2.400000e+01
      vertex   3.744584e+00 5.206526e+00 2.300000e+01
      vertex   3.458011e+00 5.358458e+00 2.400000e+01
    endloop
  endfacet
  facet normal 4.684084e-01 8.835120e-01 0.000000e+00
    outer loop
      vertex   3.458011e+00 5.358458e+00 2.400000e+01
      vertex   3.744584e+00 5.206526e+00 2.300000e+01
      vertex   3.458011e+00 5.358458e+00 2.300000e+01
    endloop
  endfacet
  facet normal 6.473863e-01 7.621621e-01 0.000000e+00
    outer loop
      vertex   3.458011e+00 5.358458e+00 2.400000e+01
      vertex   3.458011e+00 5.358458e+00 2.300000e+01
      vertex   3.210798e+00 5.568442e+00 2.400000e+01
    endloop
  endfacet
  facet normal 6.473863e-01 7.621621e-01 0.000000e+00
    outer loop
      vertex   3.210798e+00 5.568442e+00 2.400000e+01
      vertex   3.458011e+00 5.358458e+00 2.300000e+01
      vertex   3.210798e+00 5.568442e+00 2.300000e+01
    endloop
  endfacet
  facet normal 7.960931e-01 6.051742e-01 0.000000e+00
    outer loop
      vertex   3.210798e+00 5.568442e+00 2.400000e+01
      vertex   3.210798e+00 5.568442e+00 2.300000e+01
      vertex   3.014506e+00 5.826660e+00 2.400000e+01
    endloop
  endfacet
  facet normal 7.960931e-01 6.051742e-01 0.000000e+00
    outer loop
      vertex   3.014506e+00 5.826660e+00 2.400000e+01
      vertex   3.210798e+00 5.568442e+00 2.300000e+01
      vertex   3.014506e+00 5.826660e+00 2.300000e+01
    endloop
  endfacet
  facet normal 9.075754e-01 4.198891e-01 0.000000e+00
    outer loop
      vertex   3.014506e+00 5.826660e+00 2.400000e+01
      vertex   3.014506e+00 5.826660e+00 2.300000e+01
      vertex   2.878312e+00 6.121039e+00 2.400000e+01
    endloop
  endfacet
  facet normal 9.075754e-01 4.198891e-01 0.000000e+00
    outer loop
      vertex   2.878312e+00 6.121039e+00 2.400000e+01
      vertex   3.014506e+00 5.826660e+00 2.300000e+01
      vertex   2.878312e+00 6.121039e+00 2.300000e+01
    endloop
  endfacet
  facet normal 9.766206e-01 2.149704e-01 0.000000e+00
    outer loop
      vertex   2.878312e+00 6.121039e+00 2.400000e+01
      vertex   2.878312e+00 6.121039e+00 2.300000e+01
      vertex   2.808584e+00 6.437813e+00 2.400000e+01
    endloop
  endfacet
  facet normal 9.766206e-01 2.149704e-01 0.000000e+00
    outer loop
      vertex   2.808584e+00 6.437813e+00 2.400000e+01
      vertex   2.878312e+00 6.121039e+00 2.300000e+01
      vertex   2.808584e+00 6.437813e+00 2.300000e+01
    endloop
  endfacet
  facet normal 1.000000e+00 -0.000000e+00 0.000000e+00
    outer loop
      vertex   2.808584e+00 6.437813e+00 2.400000e+01
      vertex   2.808584e+00 6.437813e+00 2.300000e+01
      vertex   2.808584e+00 6.762170e+00 2.400000e+01
    endloop
  endfacet
  facet normal 1.000000e+00 0.000000e+00 0.000000e+00
    outer loop
      vertex   2.808584e+00 6.762170e+00 2.400000e+01
      vertex   2.808584e+00 6.437813e+00 2.300000e+01
      vertex   2.808584e+00 6.762170e+00 2.300000e+01
    endloop
  endfacet
  facet normal 9.766206e-01 -2.149704e-01 0.000000e+00
    outer loop
      vertex   2.808584e+00 6.762170e+00 2.400000e+01
      vertex   2.808584e+00 6.762170e+00 2.300000e+01
      vertex   2.878312e+00 7.078943e+00 2.400000e+01
    endloop
  endfacet
  facet normal 9.766206e-01 -2.149704e-01 0.000000e+00
    outer loop
      vertex   2.878312e+00 7.078943e+00 2.400000e+01
      vertex   2.808584e+00 6.762170e+00 2.300000e+01
      vertex   2.878312e+00 7.078943e+00 2.300000e+01
    endloop
  endfacet
  facet normal 9.075754e-01 -4.198891e-01 0.000000e+00
    outer loop
      vertex   2.878312e+00 7.078943e+00 2.400000e+01
      vertex   2.878312e+00 7.078943e+00 2.300000e+01
      vertex   3.014506e+00 7.373322e+00 2.400000e+01
    endloop
  endfacet
  facet normal 9.075754e-01 -4.198891e-01 0.000000e+00
    outer loop
      vertex   3.014506e+00 7.373322e+00 2.400000e+01
      vertex   2.878312e+00 7.078943e+00 2.300000e+01
      vertex   3.014506e+00 7.373322e+00 2.300000e+01
    endloop
  endfacet
  facet normal 7.960931e-01 -6.051742e-01 0.000000e+00
    outer loop
      vertex   3.014506e+00 7.373322e+00 2.400000e+01
      vertex   3.014506e+00 7.373322e+00 2.300000e+01
      vertex   3.210798e+00 7.631540e+00 2.400000e+01
    endloop
  endfacet
  facet normal 7.960931e-01 -6.051742e-01 0.000000e+00
    outer loop
      vertex   3.210798e+00 7.631540e+00 2.400000e+01
      vertex   3.014506e+00 7.373322e+00 2.300000e+01
      vertex   3.210798e+00 7.631540e+00 2.300000e+01
    endloop
  endfacet
  facet normal 6.473863e-01 -7.621621e-01 0.000000e+00
    outer loop
      vertex   3.210798e+00 7.631540e+00 2.400000e+01
      vertex   3.210798e+00 7.631540e+00 2.300000e+01
      vertex   3.458011e+00 7.841525e+00 2.400000e+01
    endloop
  endfacet
  facet normal 6.473863e-01 -7.621621e-01 0.000000e+00
    outer loop
      vertex   3.458011e+00 7.841525e+00 2.400000e+01
      vertex   3.210798e+00 7.631540e+00 2.300000e+01
      vertex   3.458011e+00 7.841525e+00 2.300000e+01
    endloop
  endfacet
  facet normal 4.684084e-01 -8.835120e-01 0.000000e+00
    outer loop
      vertex   3.458011e+00 7.841525e+00 2.400000e+01
      vertex   3.458011e+00 7.841525e+00 2.300000e+01
      vertex   3.744584e+00 7.993456e+00 2.400000e+01
    endloop
  endfacet
  facet normal 4.684084e-01 -8.835120e-01 0.000000e+00
    outer loop
      vertex   3.744584e+00 7.993456e+00 2.400000e+01
      vertex   3.458011e+00 7.841525e+00 2.300000e+01
      vertex   3.744584e+00 7.993456e+00 2.300000e+01
    endloop
  endfacet
  facet normal 2.675283e-01 -9.635500e-01 0.000000e+00
    outer loop
      vertex   3.744584e+00 7.993456e+00 2.400000e+01
      vertex   3.744584e+00 7.993456e+00 2.300000e+01
      vertex   4.057118e+00 8.080231e+00 2.400000e+01
    endloop
  endfacet
  facet normal 2.675283e-01 -9.635500e-01 0.000000e+00
    outer loop
      vertex   4.057118e+00 8.080231e+00 2.400000e+01
      vertex   3.744584e+00 7.993456e+00 2.300000e+01
      vertex   4.057118e+00 8.080231e+00 2.300000e+01
    endloop
  endfacet
  facet normal 5.413891e-02 -9.985334e-01 0.000000e+00
    outer loop
      vertex   4.057118e+00 8.080231e+00 2.400000e+01
      vertex   4.057118e+00 8.080231e+00 2.300000e+01
      vertex   4.381000e+00 8.097791e+00 2.400000e+01
    endloop
  endfacet
  facet normal 5.413891e-02 -9.985334e-01 0.000000e+00
    outer loop
      vertex   4.381000e+00 8.097791e+00 2.400000e+01
      vertex   4.057118e+00 8.080231e+00 2.300000e+01
      vertex   4.381000e+00 8.097791e+00 2.300000e+01
    endloop
  endfacet
  facet normal -1.617820e-01 -9.868265e-01 -0.000000e+00
    outer loop
      vertex   4.381000e+00 8.097791e+00 2.400000e+01
      vertex   4.381000e+00 8.097791e+00 2.300000e+01
      vertex   4.701084e+00 8.045316e+00 2.400000e+01
    endloop
  endfacet
  facet normal -1.617820e-01 -9.868265e-01 -0.000000e+00
    outer loop
      vertex   4.701084e+00 8.045316e+00 2.400000e+01
      vertex   4.381000e+00 8.097791e+00 2.300000e+01
      vertex   4.701084e+00 8.045316e+00 2.300000e+01
    endloop
  endfacet
  facet normal -3.701382e-01 -9.289767e-01 -0.000000e+00
    outer loop
      vertex   4.701084e+00 8.045316e+00 2.400000e+01
      vertex   4.701084e+00 8.045316e+00 2.300000e+01
      vertex   5.002404e+00 7.925259e+00 2.400000e+01
    endloop
  endfacet
  facet normal -3.701382e-01 -9.289767e-01 -0.000000e+00
    outer loop
      vertex   5.002404e+00 7.925259e+00 2.400000e+01
      vertex   4.701084e+00 8.045316e+00 2.300000e+01
      vertex   5.002404e+00 7.925259e+00 2.300000e+01
    endloop
  endfacet
  facet normal -5.611871e-01 -8.276890e-01 -0.000000e+00
    outer loop
      vertex   5.002404e+00 7.925259e+00 2.400000e+01
      vertex   5.002404e+00 7.925259e+00 2.300000e+01
      vertex   5.270871e+00 7.743234e+00 2.400000e+01
    endloop
  endfacet
  facet normal -5.611871e-01 -8.276890e-01 -0.000000e+00
    outer loop
      vertex   5.270871e+00 7.743234e+00 2.400000e+01
      vertex   5.002404e+00 7.925259e+00 2.300000e+01
      vertex   5.270871e+00 7.743234e+00 2.300000e+01
    endloop
  endfacet
  facet normal -7.259955e-01 -6.876995e-01 -0.000000e+00
    outer loop
      vertex   5.270871e+00 7.743234e+00 2.400000e+01
      vertex   5.270871e+00 7.743234e+00 2.300000e+01
      vertex   5.493931e+00 7.507752e+00 2.400000e+01
    endloop
  endfacet
  facet normal -7.259955e-01 -6.876995e-01 -0.000000e+00
    outer loop
      vertex   5.493931e+00 7.507752e+00 2.400000e+01
      vertex   5.270871e+00 7.743234e+00 2.300000e+01
      vertex   5.493931e+00 7.507752e+00 2.300000e+01
    endloop
  endfacet
  facet normal -8.568572e-01 -5.155539e-01 -0.000000e+00
    outer loop
      vertex   5.493931e+00 7.507752e+00 2.400000e+01
      vertex   5.493931e+00 7.507752e+00 2.300000e+01
      vertex   5.661154e+00 7.229825e+00 2.400000e+01
    endloop
  endfacet
  facet normal -8.568572e-01 -5.155539e-01 -0.000000e+00
    outer loop
      vertex   5.661154e+00 7.229825e+00 2.400000e+01
      vertex   5.493931e+00 7.507752e+00 2.300000e+01
      vertex   5.661154e+00 7.229825e+00 2.300000e+01
    endloop
  endfacet
  facet normal -9.476532e-01 -3.193015e-01 -0.000000e+00
    outer loop
      vertex   5.661154e+00 7.229825e+00 2.400000e+01
      vertex   5.661154e+00 7.229825e+00 2.300000e+01
      vertex   5.764722e+00 6.922447e+00 2.400000e+01
    endloop
  endfacet
  facet normal -9.476532e-01 -3.193015e-01 -0.000000e+00
    outer loop
      vertex   5.764722e+00 6.922447e+00 2.400000e+01
      vertex   5.661154e+00 7.229825e+00 2.300000e+01
      vertex   5.764722e+00 6.922447e+00 2.300000e+01
    endloop
  endfacet
  facet normal -9.972038e-01 7.473009e-02 0.000000e+00
    outer loop
      vertex   7.315725e+00 1.424540e+01 2.400000e+01
      vertex   7.315725e+00 1.424540e+01 2.700000e+01
      vertex   7.349791e+00 1.469998e+01 2.400000e+01
    endloop
  endfacet
  facet normal -9.972038e-01 7.473009e-02 0.000000e+00
    outer loop
      vertex   7.349791e+00 1.469998e+01 2.400000e+01
      vertex   7.315725e+00 1.424540e+01 2.700000e+01
      vertex   7.349791e+00 1.469998e+01 2.700000e+01
    endloop
  endfacet
  facet normal -9.972038e-01 -7.473009e-02 0.000000e+00
    outer loop
      vertex   7.349791e+00 1.469998e+01 2.400000e+01
      vertex   7.349791e+00 1.469998e+01 2.700000e+01
      vertex   7.315725e+00 1.515456e+01 2.400000e+01
    endloop
  endfacet
  facet normal -9.972038e-01 -7.473009e-02 0.000000e+00
    outer loop
      vertex   7.315725e+00 1.515456e+01 2.400000e+01
      vertex   7.349791e+00 1.469998e+01 2.700000e+01
      vertex   7.315725e+00 1.515456e+01 2.700000e+01
    endloop
  endfacet
  facet normal -9.749279e-01 -2.225209e-01 0.000000e+00
    outer loop
      vertex   7.315725e+00 1.515456e+01 2.400000e+01
      vertex   7.315725e+00 1.515456e+01 2.700000e+01
      vertex   7.214288e+00 1.559899e+01 2.400000e+01
    endloop
  endfacet
  facet normal -9.749279e-01 -2.225209e-01 0.000000e+00
    outer loop
      vertex   7.214288e+00 1.559899e+01 2.400000e+01
      vertex   7.315725e+00 1.515456e+01 2.700000e+01
      vertex   7.214288e+00 1.559899e+01 2.700000e+01
    endloop
  endfacet
  facet normal -9.308737e-01 -3.653410e-01 0.000000e+00
    outer loop
      vertex   7.214288e+00 1.559899e+01 2.400000e+01
      vertex   7.214288e+00 1.559899e+01 2.700000e+01
      vertex   7.047746e+00 1.602333e+01 2.400000e+01
    endloop
  endfacet
  facet normal -9.308737e-01 -3.653410e-01 0.000000e+00
    outer loop
      vertex   7.047746e+00 1.602333e+01 2.400000e+01
      vertex   7.214288e+00 1.559899e+01 2.700000e+01
      vertex   7.047746e+00 1.602333e+01 2.700000e+01
    endloop
  endfacet
  facet normal -8.660254e-01 -5.000000e-01 0.000000e+00
    outer loop
      vertex   7.047746e+00 1.602333e+01 2.400000e+01
      vertex   7.047746e+00 1.602333e+01 2.700000e+01
      vertex   6.819820e+00 1.641811e+01 2.400000e+01
    endloop
  endfacet
  facet normal -8.660254e-01 -5.000000e-01 0.000000e+00
    outer loop
      vertex   6.819820e+00 1.641811e+01 2.400000e+01
      vertex   7.047746e+00 1.602333e+01 2.700000e+01
      vertex   6.819820e+00 1.641811e+01 2.700000e+01
    endloop
  endfacet
  facet normal -7.818315e-01 -6.234898e-01 0.000000e+00
    outer loop
      vertex   6.819820e+00 1.641811e+01 2.400000e+01
      vertex   6.819820e+00 1.641811e+01 2.700000e+01
      vertex   6.535599e+00 1.677451e+01 2.400000e+01
    endloop
  endfacet
  facet normal -7.818315e-01 -6.234898e-01 0.000000e+00
    outer loop
      vertex   6.535599e+00 1.677451e+01 2.400000e+01
      vertex   6.819820e+00 1.641811e+01 2.700000e+01
      vertex   6.535599e+00 1.677451e+01 2.700000e+01
    endloop
  endfacet
  facet normal -6.801727e-01 -7.330519e-01 0.000000e+00
    outer loop
      vertex   6.535599e+00 1.677451e+01 2.400000e+01
      vertex   6.535599e+00 1.677451e+01 2.700000e+01
      vertex   6.201435e+00 1.708457e+01 2.400000e+01
    endloop
  endfacet
  facet normal -6.801727e-01 -7.330519e-01 0.000000e+00
    outer loop
      vertex   6.201435e+00 1.708457e+01 2.400000e+01
      vertex   6.535599e+00 1.677451e+01 2.700000e+01
      vertex   6.201435e+00 1.708457e+01 2.700000e+01
    endloop
  endfacet
  facet normal -5.633201e-01 -8.262388e-01 0.000000e+00
    outer loop
      vertex   6.201435e+00 1.708457e+01 2.400000e+01
      vertex   6.201435e+00 1.708457e+01 2.700000e+01
      vertex   5.824791e+00 1.734136e+01 2.400000e+01
    endloop
  endfacet
  facet normal -5.633201e-01 -8.262388e-01 0.000000e+00
    outer loop
      vertex   5.824791e+00 1.734136e+01 2.400000e+01
      vertex   6.201435e+00 1.708457e+01 2.700000e+01
      vertex   5.824791e+00 1.734136e+01 2.700000e+01
    endloop
  endfacet
  facet normal -4.338837e-01 -9.009689e-01 0.000000e+00
    outer loop
      vertex   5.824791e+00 1.734136e+01 2.400000e+01
      vertex   5.824791e+00 1.734136e+01 2.700000e+01
      vertex   5.414081e+00 1.753915e+01 2.400000e+01
    endloop
  endfacet
  facet normal -4.338837e-01 -9.009689e-01 0.000000e+00
    outer loop
      vertex   5.414081e+00 1.753915e+01 2.400000e+01
      vertex   5.824791e+00 1.734136e+01 2.700000e+01
      vertex   5.414081e+00 1.753915e+01 2.700000e+01
    endloop
  endfacet
  facet normal -2.947552e-01 -9.555728e-01 0.000000e+00
    outer loop
      vertex   5.414081e+00 1.753915e+01 2.400000e+01
      vertex   5.414081e+00 1.753915e+01 2.700000e+01
      vertex   4.978480e+00 1.767351e+01 2.400000e+01
    endloop
  endfacet
  facet normal -2.947552e-01 -9.555728e-01 0.000000e+00
    outer loop
      vertex   4.978480e+00 1.767351e+01 2.400000e+01
      vertex   5.414081e+00 1.753915e+01 2.700000e+01
      vertex   4.978480e+00 1.767351e+01 2.700000e+01
    endloop
  endfacet
  facet normal -1.490423e-01 -9.888308e-01 0.000000e+00
    outer loop
      vertex   4.978480e+00 1.767351e+01 2.400000e+01
      vertex   4.978480e+00 1.767351e+01 2.700000e+01
      vertex   4.527718e+00 1.774145e+01 2.400000e+01
    endloop
  endfacet
  facet normal -1.490423e-01 -9.888308e-01 0.000000e+00
    outer loop
      vertex   4.527718e+00 1.774145e+01 2.400000e+01
      vertex   4.978480e+00 1.767351e+01 2.700000e+01
      vertex   4.527718e+00 1.774145e+01 2.700000e+01
    endloop
  endfacet
  facet normal 0.000000e+00 -1.000000e+00 0.000000e+00
    outer loop
      vertex   4.527718e+00 1.774145e+01 2.400000e+01
      vertex   4.527718e+00 1.774145e+01 2.700000e+01
      vertex   4.071865e+00 1.774145e+01 2.400000e+01
    endloop
  endfacet
  facet normal 0.000000e+00 -1.000000e+00 0.000000e+00
    outer loop
      vertex   4.071865e+00 1.774145e+01 2.400000e+01
      vertex   4.527718e+00 1.774145e+01 2.700000e+01
      vertex   4.071865e+00 1.774145e+01 2.700000e+01
    endloop
  endfacet
  facet normal 1.490423e-01 -9.888308e-01 0.000000e+00
    outer loop
      vertex   4.071865e+00 1.774145e+01 2.400000e+01
      vertex   4.071865e+00 1.774145e+01 2.700000e+01
      vertex   3.621102e+00 1.767351e+01 2.400000e+01
    endloop
  endfacet
  facet normal 1.490423e-01 -9.888308e-01 0.000000e+00
    outer loop
      vertex   3.621102e+00 1.767351e+01 2.400000e+01
      vertex   4.071865e+00 1.774145e+01 2.700000e+01
      vertex   3.621102e+00 1.767351e+01 2.700000e+01
    endloop
  endfacet
  facet normal 2.947552e-01 -9.555728e-01 0.000000e+00
    outer loop
      vertex   3.621102e+00 1.767351e+01 2.400000e+01
      vertex   3.621102e+00 1.767351e+01 2.700000e+01
      vertex   3.185501e+00 1.753915e+01 2.400000e+01
    endloop
  endfacet
  facet normal 2.947552e-01 -9.555728e-01 0.000000e+00
    outer loop
      vertex   3.185501e+00 1.753915e+01 2.400000e+01
      vertex   3.621102e+00 1.767351e+01 2.700000e+01
      vertex   3.185501e+00 1.753915e+01 2.700000e+01
    endloop
  endfacet
  facet normal 4.338837e-01 -9.009689e-01 0.000000e+00
    outer loop
      vertex   3.185501e+00 1.753915e+01 2.400000e+01
      vertex   3.185501e+00 1.753915e+01 2.700000e+01
      vertex   2.774791e+00 1.734136e+01 2.400000e+01
    endloop
  endfacet
  facet normal 4.338837e-01 -9.009689e-01 0.000000e+00
    outer loop
      vertex   2.774791e+00 1.734136e+01 2.400000e+01
      vertex   3.185501e+00 1.753915e+01 2.700000e+01
      vertex   2.774791e+00 1.734136e+01 2.700000e+01
    endloop
  endfacet
  facet normal 5.633201e-01 -8.262388e-01 0.000000e+00
    outer loop
      vertex   2.774791e+00 1.734136e+01 2.400000e+01
      vertex   2.774791e+00 1.734136e+01 2.700000e+01
      vertex   2.398147e+00 1.708457e+01 2.400000e+01
    endloop
  endfacet
  facet normal 5.633201e-01 -8.262388e-01 0.000000e+00
    outer loop
      vertex   2.398147e+00 1.708457e+01 2.400000e+01
      vertex   2.774791e+00 1.734136e+01 2.700000e+01
      vertex   2.398147e+00 1.708457e+01 2.700000e+01
    endloop
  endfacet
  facet normal 6.801727e-01 -7.330519e-01 0.000000e+00
    outer loop
      vertex   2.398147e+00 1.708457e+01 2.400000e+01
      vertex   2.398147e+00 1.708457e+01 2.700000e+01
      vertex   2.063983e+00 1.677451e+01 2.400000e+01
    endloop
  endfacet
  facet normal 6.801727e-01 -7.330519e-01 0.000000e+00
    outer loop
      vertex   2.063983e+00 1.677451e+01 2.400000e+01
      vertex   2.398147e+00 1.708457e+01 2.700000e+01
      vertex   2.063983e+00 1.677451e+01 2.700000e+01
    endloop
  endfacet
  facet normal 7.818315e-01 -6.234898e-01 0.000000e+00
    outer loop
      vertex   2.063983e+00 1.677451e+01 2.400000e+01
      vertex   2.063983e+00 1.677451e+01 2.700000e+01
      vertex   1.779763e+00 1.641811e+01 2.400000e+01
    endloop
  endfacet
  facet normal 7.818315e-01 -6.234898e-01 0.000000e+00
    outer loop
      vertex   1.779763e+00 1.641811e+01 2.400000e+01
      vertex   2.063983e+00 1.677451e+01 2.700000e+01
      vertex   1.779763e+00 1.641811e+01 2.700000e+01
    endloop
  endfacet
  facet normal 8.660254e-01 -5.000000e-01 0.000000e+00
    outer loop
      vertex   1.779763e+00 1.641811e+01 2.400000e+01
      vertex   1.779763e+00 1.641811e+01 2.700000e+01
      vertex   1.551836e+00 1.602333e+01 2.400000e+01
    endloop
  endfacet
  facet normal 8.660254e-01 -5.000000e-01 0.000000e+00
    outer loop
      vertex   1.551836e+00 1.602333e+01 2.400000e+01
      vertex   1.779763e+00 1.641811e+01 2.700000e+01
      vertex   1.551836e+00 1.602333e+01 2.700000e+01
    endloop
  endfacet
  facet normal 9.308737e-01 -3.653410e-01 0.000000e+00
    outer loop
      vertex   1.551836e+00 1.602333e+01 2.400000e+01
      vertex   1.551836e+00 1.602333e+01 2.700000e+01
      vertex   1.385294e+00 1.559899e+01 2.400000e+01
    endloop
  endfacet
  facet normal 9.308737e-01 -3.653410e-01 0.000000e+00
    outer loop
      vertex   1.385294e+00 1.559899e+01 2.400000e+01
      vertex   1.551836e+00 1.602333e+01 2.700000e+01
      vertex   1.385294e+00 1.559899e+01 2.700000e+01
    endloop
  endfacet
  facet normal 9.749279e-01 -2.225209e-01 0.000000e+00
    outer loop
      vertex   1.385294e+00 1.559899e+01 2.400000e+01
      vertex   1.385294e+00 1.559899e+01 2.700000e+01
      vertex   1.283857e+00 1.515456e+01 2.400000e+01
    endloop
  endfacet
  facet normal 9.749279e-01 -2.225209e-01 0.000000e+00
    outer loop
      vertex   1.283857e+00 1.515456e+01 2.400000e+01
      vertex   1.385294e+00 1.559899e+01 2.700000e+01
      vertex   1.283857e+00 1.515456e+01 2.700000e+01
    endloop
  endfacet
  facet normal 9.972038e-01 -7.473009e-02 0.000000e+00
    outer loop
      vertex   1.283857e+00 1.515456e+01 2.400000e+01
      vertex   1.283857e+00 1.515456e+01 2.700000e+01
      vertex   1.249791e+00 1.469998e+01 2.400000e+01
    endloop
  endfacet
  facet normal 9.972038e-01 -7.473009e-02 0.000000e+00
    outer loop
      vertex   1.249791e+00 1.469998e+01 2.400000e+01
      vertex   1.283857e+00 1.515456e+01 2.700000e+01
      vertex   1.249791e+00 1.469998e+01 2.700000e+01
    endloop
  endfacet
  facet normal 9.972038e-01 7.473009e-02 -0.000000e+00
    outer loop
      vertex   1.249791e+00 1.469998e+01 2.400000e+01
      vertex   1.249791e+00 1.469998e+01 2.700000e+01
      vertex   1.283857e+00 1.424540e+01 2.400000e+01
    endloop
  endfacet
  facet normal 9.972038e-01 7.473009e-02 -0.000000e+00
    outer loop
      vertex   1.283857e+00 1.424540e+01 2.400000e+01
      vertex   1.249791e+00 1.469998e+01 2.700000e+01
      vertex   1.283857e+00 1.424540e+01 2.700000e+01
    endloop
  endfacet
  facet normal 9.749279e-01 2.225209e-01 -0.000000e+00
    outer loop
      vertex   1.283857e+00 1.424540e+01 2.400000e+01
      vertex   1.283857e+00 1.424540e+01 2.700000e+01
      vertex   1.385294e+00 1.380098e+01 2.400000e+01
    endloop
  endfacet
  facet normal 9.749279e-01 2.225209e-01 -0.000000e+00
    outer loop
      vertex   1.385294e+00 1.380098e+01 2.400000e+01
      vertex   1.283857e+00 1.424540e+01 2.700000e+01
      vertex   1.385294e+00 1.380098e+01 2.700000e+01
    endloop
  endfacet
  facet normal 9.308737e-01 3.653410e-01 -0.000000e+00
    outer loop
      vertex   1.385294e+00 1.380098e+01 2.400000e+01
      vertex   1.385294e+00 1.380098e+01 2.700000e+01
      vertex   1.551836e+00 1.337664e+01 2.400000e+01
    endloop
  endfacet
  facet normal 9.308737e-01 3.653410e-01 -0.000000e+00
    outer loop
      vertex   1.551836e+00 1.337664e+01 2.400000e+01
      vertex   1.385294e+00 1.380098e+01 2.700000e+01
      vertex   1.551836e+00 1.337664e+01 2.700000e+01
    endloop
  endfacet
  facet normal 8.660254e-01 5.000000e-01 -0.000000e+00
    outer loop
      vertex   1.551836e+00 1.337664e+01 2.400000e+01
      vertex   1.551836e+00 1.337664e+01 2.700000e+01
      vertex   1.779763e+00 1.298186e+01 2.400000e+01
    endloop
  endfacet
  facet normal 8.660254e-01 5.000000e-01 -0.000000e+00
    outer loop
      vertex   1.779763e+00 1.298186e+01 2.400000e+01
      vertex   1.551836e+00 1.337664e+01 2.700000e+01
      vertex   1.779763e+00 1.298186e+01 2.700000e+01
    endloop
  endfacet
  facet normal 7.818315e-01 6.234898e-01 -0.000000e+00
    outer loop
      vertex   1.779763e+00 1.298186e+01 2.400000e+01
      vertex   1.779763e+00 1.298186e+01 2.700000e+01
      vertex   2.063983e+00 1.262546e+01 2.400000e+01
    endloop
  endfacet
  facet normal 7.818315e-01 6.234898e-01 -0.000000e+00
    outer loop
      vertex   2.063983e+00 1.262546e+01 2.400000e+01
      vertex   1.779763e+00 1.298186e+01 2.700000e+01
      vertex   2.063983e+00 1.262546e+01 2.700000e+01
    endloop
  endfacet
  facet normal 6.801727e-01 7.330519e-01 -0.000000e+00
    outer loop
      vertex   2.063983e+00 1.262546e+01 2.400000e+01
      vertex   2.063983e+00 1.262546e+01 2.700000e+01
      vertex   2.398147e+00 1.231540e+01 2.400000e+01
    endloop
  endfacet
  facet normal 6.801727e-01 7.330519e-01 -0.000000e+00
    outer loop
      vertex   2.398147e+00 1.231540e+01 2.400000e+01
      vertex   2.063983e+00 1.262546e+01 2.700000e+01
      vertex   2.398147e+00 1.231540e+01 2.700000e+01
    endloop
  endfacet
  facet normal 5.633201e-01 8.262388e-01 -0.000000e+00
    outer loop
      vertex   2.398147e+00 1.231540e+01 2.400000e+01
      vertex   2.398147e+00 1.231540e+01 2.700000e+01
      vertex   2.774791e+00 1.205860e+01 2.400000e+01
    endloop
  endfacet
  facet normal 5.633201e-01 8.262388e-01 -0.000000e+00
    outer loop
      vertex   2.774791e+00 1.205860e+01 2.400000e+01
      vertex   2.398147e+00 1.231540e+01 2.700000e+01
      vertex   2.774791e+00 1.205860e+01 2.700000e+01
    endloop
  endfacet
  facet normal 4.338837e-01 9.009689e-01 -0.000000e+00
    outer loop
      vertex   2.774791e+00 1.205860e+01 2.400000e+01
      vertex   2.774791e+00 1.205860e+01 2.700000e+01
      vertex   3.185501e+00 1.186082e+01 2.400000e+01
    endloop
  endfacet
  facet normal 4.338837e-01 9.009689e-01 -0.000000e+00
    outer loop
      vertex   3.185501e+00 1.186082e+01 2.400000e+01
      vertex   2.774791e+00 1.205860e+01 2.700000e+01
      vertex   3.185501e+00 1.186082e+01 2.700000e+01
    endloop
  endfacet
  facet normal 2.947552e-01 9.555728e-01 -0.000000e+00
    outer loop
      vertex   3.185501e+00 1.186082e+01 2.400000e+01
      vertex   3.185501e+00 1.186082e+01 2.700000e+01
      vertex   3.621102e+00 1.172645e+01 2.400000e+01
    endloop
  endfacet
  facet normal 2.947552e-01 9.555728e-01 -0.000000e+00
    outer loop
      vertex   3.621102e+00 1.172645e+01 2.400000e+01
      vertex   3.185501e+00 1.186082e+01 2.700000e+01
      vertex   3.621102e+00 1.172645e+01 2.700000e+01
    endloop
  endfacet
  facet normal 1.490423e-01 9.888308e-01 -0.000000e+00
    outer loop
      vertex   3.621102e+00 1.172645e+01 2.400000e+01
      vertex   3.621102e+00 1.172645e+01 2.700000e+01
      vertex   4.071865e+00 1.165851e+01 2.400000e+01
    endloop
  endfacet
  facet normal 1.490423e-01 9.888308e-01 -0.000000e+00
    outer loop
      vertex   4.071865e+00 1.165851e+01 2.400000e+01
      vertex   3.621102e+00 1.172645e+01 2.700000e+01
      vertex   4.071865e+00 1.165851e+01 2.700000e+01
    endloop
  endfacet
  facet normal 0.000000e+00 1.000000e+00 0.000000e+00
    outer loop
      vertex   4.071865e+00 1.165851e+01 2.400000e+01
      vertex   4.071865e+00 1.165851e+01 2.700000e+01
      vertex   4.527718e+00 1.165851e+01 2.400000e+01
    endloop
  endfacet
  facet normal 0.000000e+00 1.000000e+00 -0.000000e+00
    outer loop
      vertex   4.527718e+00 1.165851e+01 2.400000e+01
      vertex   4.071865e+00 1.165851e+01 2.700000e+01
      vertex   4.527718e+00 1.165851e+01 2.700000e+01
    endloop
  endfacet
  facet normal -1.490423e-01 9.888308e-01 0.000000e+00
    outer loop
      vertex   4.527718e+00 1.165851e+01 2.400000e+01
      vertex   4.527718e+00 1.165851e+01 2.700000e+01
      vertex   4.978480e+00 1.172645e+01 2.400000e+01
    endloop
  endfacet
  facet normal -1.490423e-01 9.888308e-01 0.000000e+00
    outer loop
      vertex   4.978480e+00 1.172645e+01 2.400000e+01
      vertex   4.527718e+00 1.165851e+01 2.700000e+01
      vertex   4.978480e+00 1.172645e+01 2.700000e+01
    endloop
  endfacet
  facet normal -2.947552e-01 9.555728e-01 0.000000e+00
    outer loop
      vertex   4.978480e+00 1.172645e+01 2.400000e+01
      vertex   4.978480e+00 1.172645e+01 2.700000e+01
      vertex   5.414081e+00 1.186082e+01 2.400000e+01
    endloop
  endfacet
  facet normal -2.947552e-01 9.555728e-01 0.000000e+00
    outer loop
      vertex   5.414081e+00 1.186082e+01 2.400000e+01
      vertex   4.978480e+00 1.172645e+01 2.700000e+01
      vertex   5.414081e+00 1.186082e+01 2.700000e+01
    endloop
  endfacet
  facet normal -4.338837e-01 9.009689e-01 0.000000e+00
    outer loop
      vertex   5.414081e+00 1.186082e+01 2.400000e+01
      vertex   5.414081e+00 1.186082e+01 2.700000e+01
      vertex   5.824791e+00 1.205860e+01 2.400000e+01
    endloop
  endfacet
  facet normal -4.338837e-01 9.009689e-01 0.000000e+00
    outer loop
      vertex   5.824791e+00 1.205860e+01 2.400000e+01
      vertex   5.414081e+00 1.186082e+01 2.700000e+01
      vertex   5.824791e+00 1.205860e+01 2.700000e+01
    endloop
  endfacet
  facet normal -5.633201e-01 8.262388e-01 0.000000e+00
    outer loop
      vertex   5.824791e+00 1.205860e+01 2.400000e+01
      vertex   5.824791e+00 1.205860e+01 2.700000e+01
      vertex   6.201435e+00 1.231540e+01 2.400000e+01
    endloop
  endfacet
  facet normal -5.633201e-01 8.262388e-01 0.000000e+00
    outer loop
      vertex   6.201435e+00 1.231540e+01 2.400000e+01
      vertex   5.824791e+00 1.205860e+01 2.700000e+01
      vertex   6.201435e+00 1.231540e+01 2.700000e+01
    endloop
  endfacet
  facet normal -6.801727e-01 7.330519e-01 0.000000e+00
    outer loop
      vertex   6.201435e+00 1.231540e+01 2.400000e+01
      vertex   6.201435e+00 1.231540e+01 2.700000e+01
      vertex   6.535599e+00 1.262546e+01 2.400000e+01
    endloop
  endfacet
  facet normal -6.801727e-01 7.330519e-01 0.000000e+00
    outer loop
      vertex   6.535599e+00 1.262546e+01 2.400000e+01
      vertex   6.201435e+00 1.231540e+01 2.700000e+01
      vertex   6.535599e+00 1.262546e+01 2.700000e+01
    endloop
  endfacet
  facet normal -7.818315e-01 6.234898e-01 0.000000e+00
    outer loop
      vertex   6.535599e+00 1.262546e+01 2.400000e+01
      vertex   6.535599e+00 1.262546e+01 2.700000e+01
      vertex   6.819820e+00 1.298186e+01 2.400000e+01
    endloop
  endfacet
  facet normal -7.818315e-01 6.234898e-01 0.000000e+00
    outer loop
      vertex   6.819820e+00 1.298186e+01 2.400000e+01
      vertex   6.535599e+00 1.262546e+01 2.700000e+01
      vertex   6.819820e+00 1.298186e+01 2.700000e+01
    endloop
  endfacet
  facet normal -8.660254e-01 5.000000e-01 0.000000e+00
    outer loop
      vertex   6.819820e+00 1.298186e+01 2.400000e+01
      vertex   6.819820e+00 1.298186e+01 2.700000e+01
      vertex   7.047746e+00 1.337664e+01 2.400000e+01
    endloop
  endfacet
  facet normal -8.660254e-01 5.000000e-01 0.000000e+00
    outer loop
      vertex   7.047746e+00 1.337664e+01 2.400000e+01
      vertex   6.819820e+00 1.298186e+01 2.700000e+01
      vertex   7.047746e+00 1.337664e+01 2.700000e+01
    endloop
  endfacet
  facet normal -9.308737e-01 3.653410e-01 0.000000e+00
    outer loop
      vertex   7.047746e+00 1.337664e+01 2.400000e+01
      vertex   7.047746e+00 1.337664e+01 2.700000e+01
      vertex   7.214288e+00 1.380098e+01 2.400000e+01
    endloop
  endfacet
  facet normal -9.308737e-01 3.653410e-01 0.000000e+00
    outer loop
      vertex   7.214288e+00 1.380098e+01 2.400000e+01
      vertex   7.047746e+00 1.337664e+01 2.700000e+01
      vertex   7.214288e+00 1.380098e+01 2.700000e+01
    endloop
  endfacet
  facet normal -9.749279e-01 2.225209e-01 0.000000e+00
    outer loop
      vertex   7.214288e+00 1.380098e+01 2.400000e+01
      vertex   7.214288e+00 1.380098e+01 2.700000e+01
      vertex   7.315725e+00 1.424540e+01 2.400000e+01
    endloop
  endfacet
  facet normal -9.749279e-01 2.225209e-01 0.000000e+00
    outer loop
      vertex   7.315725e+00 1.424540e+01 2.400000e+01
      vertex   7.214288e+00 1.380098e+01 2.700000e+01
      vertex   7.315725e+00 1.424540e+01 2.700000e+01
    endloop
  endfacet
  facet normal 0.000000e+00 0.000000e+00 1.000000e+00
    outer loop
      vertex   7.315725e+00 1.515456e+01 2.400000e+01
      vertex   1.283857e+00 1.515456e+01 2.400000e+01
      vertex   7.349791e+00 1.469998e+01 2.400000e+01
    endloop
  endfacet
  facet normal 0.000000e+00 0.000000e+00 1.000000e+00
    outer loop
      vertex   7.349791e+00 1.469998e+01 2.400000e+01
      vertex   1.283857e+00 1.515456e+01 2.400000e+01
      vertex   1.249791e+00 1.469998e+01 2.400000e+01
    endloop
  endfacet
  facet normal 0.000000e+00 0.000000e+00 1.000000e+00
    outer loop
      vertex   7.349791e+00 1.469998e+01 2.400000e+01
      vertex   1.249791e+00 1.469998e+01 2.400000e+01
      vertex   7.315725e+00 1.424540e+01 2.400000e+01
    endloop
  endfacet
  facet normal 0.000000e+00 0.000000e+00 1.000000e+00
    outer loop
      vertex   7.315725e+00 1.424540e+01 2.400000e+01
      vertex   1.249791e+00 1.469998e+01 2.400000e+01
      vertex   1.283857e+00 1.424540e+01 2.400000e+01
    endloop
  endfacet
  facet normal 0.000000e+00 0.000000e+00 1.000000e+00
    outer loop
      vertex   7.315725e+00 1.424540e+01 2.400000e+01
      vertex   1.283857e+00 1.424540e+01 2.400000e+01
      vertex   7.214288e+00 1.380098e+01 2.400000e+01
    endloop
  endfacet
  facet normal 0.000000e+00 0.000000e+00 1.000000e+00
    outer loop
      vertex   7.214288e+00 1.380098e+01 2.400000e+01
      vertex   1.283857e+00 1.424540e+01 2.400000e+01
      vertex   1.385294e+00 1.380098e+01 2.400000e+01
    endloop
  endfacet
  facet normal 0.000000e+00 0.000000e+00 1.000000e+00
    outer loop
      vertex   7.214288e+00 1.380098e+01 2.400000e+01
      vertex   1.385294e+00 1.380098e+01 2.400000e+01
      vertex   7.047746e+00 1.337664e+01 2.400000e+01
    endloop
  endfacet
  facet normal 0.000000e+00 0.000000e+00 1.000000e+00
    outer loop
      vertex   7.047746e+00 1.337664e+01 2.400000e+01
      vertex   1.385294e+00 1.380098e+01 2.400000e+01
      vertex   1.551836e+00 1.337664e+01 2.400000e+01
    endloop
  endfacet
  facet normal 0.000000e+00 0.000000e+00 1.000000e+00
    outer loop
      vertex   7.047746e+00 1.337664e+01 2.400000e+01
      vertex   1.551836e+00 1.337664e+01 2.400000e+01
      vertex   6.819820e+00 1.298186e+01 2.400000e+01
    endloop
  endfacet
  facet normal 0.000000e+00 0.000000e+00 1.000000e+00
    outer loop
      vertex   6.819820e+00 1.298186e+01 2.400000e+01
      vertex   1.551836e+00 1.337664e+01 2.400000e+01
      vertex   1.779763e+00 1.298186e+01 2.400000e+01
    endloop
  endfacet
  facet normal 0.000000e+00 0.000000e+00 1.000000e+00
    outer loop
      vertex   6.819820e+00 1.298186e+01 2.400000e+01
      vertex   1.779763e+00 1.298186e+01 2.400000e+01
      vertex   6.535599e+00 1.262546e+01 2.400000e+01
    endloop
  endfacet
  facet normal 0.000000e+00 0.000000e+00 1.000000e+00
    outer loop
      vertex   6.535599e+00 1.262546e+01 2.400000e+01
      vertex   1.779763e+00 1.298186e+01 2.400000e+01
      vertex   2.063983e+00 1.262546e+01 2.400000e+01
    endloop
  endfacet
  facet normal 0.000000e+00 0.000000e+00 1.000000e+00
    outer loop
      vertex   6.535599e+00 1.262546e+01 2.400000e+01
      vertex   2.063983e+00 1.262546e+01 2.400000e+01
      vertex   6.201435e+00 1.231540e+01 2.400000e+01
    endloop
  endfacet
  facet normal 0.000000e+00 0.000000e+00 1.000000e+00
    outer loop
      vertex   6.201435e+00 1.231540e+01 2.400000e+01
      vertex   2.063983e+00 1.262546e+01 2.400000e+01
      vertex   2.398147e+00 1.231540e+01 2.400000e+01
    endloop
  endfacet
  facet normal 0.000000e+00 0.000000e+00 1.000000e+00
    outer loop
      vertex   6.201435e+00 1.231540e+01 2.400000e+01
      vertex   2.398147e+00 1.231540e+01 2.400000e+01
      vertex   5.824791e+00 1.205860e+01 2.400000e+01
    endloop
  endfacet
  facet normal 0.000000e+00 0.000000e+00 1.000000e+00
    outer loop
      vertex   5.824791e+00 1.205860e+01 2.400000e+01
      vertex   2.398147e+00 1.231540e+01 2.400000e+01
      vertex   2.774791e+00 1.205860e+01 2.400000e+01
    endloop
  endfacet
  facet normal 0.000000e+00 0.000000e+00 1.000000e+00
    outer loop
      vertex   5.824791e+00 1.205860e+01 2.400000e+01
      vertex   2.774791e+00 1.205860e+01 2.400000e+01
      vertex   5.414081e+00 1.186082e+01 2.400000e+01
    endloop
  endfacet
  facet normal 0.000000e+00 0.000000e+00 1.000000e+00
    outer loop
      vertex   5.414081e+00 1.186082e+01 2.400000e+01
      vertex   2.774791e+00 1.205860e+01 2.400000e+01
      vertex   3.185501e+00 1.186082e+01 2.400000e+01
    endloop
  endfacet
  facet normal 0.000000e+00 0.000000e+00 1.000000e+00
    outer loop
      vertex   5.414081e+00 1.186082e+01 2.400000e+01
      vertex   3.185501e+00 1.186082e+01 2.400000e+01
      vertex   4.978480e+00 1.172645e+01 2.400000e+01
    endloop
  endfacet
  facet normal 0.000000e+00 0.000000e+00 1.000000e+00
    outer loop
      vertex   4.978480e+00 1.172645e+01 2.400000e+01
      vertex   3.185501e+00 1.186082e+01 2.400000e+01
      vertex   3.621102e+00 1.172645e+01 2.400000e+01
    endloop
  endfacet
  facet normal 0.000000e+00 0.000000e+00 1.000000e+00
    outer loop
      vertex   4.978480e+00 1.172645e+01 2.400000e+01
      vertex   3.621102e+00 1.172645e+01 2.400000e+01
      vertex   4.527718e+00 1.165851e+01 2.400000e+01
    endloop
  endfacet
  facet normal 0.000000e+00 0.000000e+00 1.000000e+00
    outer loop
      vertex   4.527718e+00 1.165851e+01 2.400000e+01
      vertex   3.621102e+00 1.172645e+01 2.400000e+01
      vertex   4.071865e+00 1.165851e+01 2.400000e+01
    endloop
  endfacet
  facet normal -0.000000e+00 0.000000e+00 1.000000e+00
    outer loop
      vertex   1.283857e+00 1.515456e+01 2.400000e+01
      vertex   7.315725e+00 1.515456e+01 2.400000e+01
      vertex   1.385294e+00 1.559899e+01 2.400000e+01
    endloop
  endfacet
  facet normal 0.000000e+00 0.000000e+00 1.000000e+00
    outer loop
      vertex   1.385294e+00 1.559899e+01 2.400000e+01
      vertex   7.315725e+00 1.515456e+01 2.400000e+01
      vertex   7.214288e+00 1.559899e+01 2.400000e+01
    endloop
  endfacet
  facet normal -0.000000e+00 0.000000e+00 1.000000e+00
    outer loop
      vertex   1.385294e+00 1.559899e+01 2.400000e+01
      vertex   7.214288e+00 1.559899e+01 2.400000e+01
      vertex   1.551836e+00 1.602333e+01 2.400000e+01
    endloop
  endfacet
  facet normal -0.000000e+00 0.000000e+00 1.000000e+00
    outer loop
      vertex   1.551836e+00 1.602333e+01 2.400000e+01
      vertex   7.214288e+00 1.559899e+01 2.400000e+01
      vertex   7.047746e+00 1.602333e+01 2.400000e+01
    endloop
  endfacet
  facet normal 0.000000e+00 0.000000e+00 1.000000e+00
    outer loop
      vertex   1.551836e+00 1.602333e+01 2.400000e+01
      vertex   7.047746e+00 1.602333e+01 2.400000e+01
      vertex   1.779763e+00 1.641811e+01 2.400000e+01
    endloop
  endfacet
  facet normal -0.000000e+00 0.000000e+00 1.000000e+00
    outer loop
      vertex   1.779763e+00 1.641811e+01 2.400000e+01
      vertex   7.047746e+00 1.602333e+01 2.400000e+01
      vertex   6.819820e+00 1.641811e+01 2.400000e+01
    endloop
  endfacet
  facet normal 0.000000e+00 0.000000e+00 1.000000e+00
    outer loop
      vertex   1.779763e+00 1.641811e+01 2.400000e+01
      vertex   6.819820e+00 1.641811e+01 2.400000e+01
      vertex   2.063983e+00 1.677451e+01 2.400000e+01
    endloop
  endfacet
  facet normal -0.000000e+00 0.000000e+00 1.000000e+00
    outer loop
      vertex   2.063983e+00 1.677451e+01 2.400000e+01
      vertex   6.819820e+00 1.641811e+01 2.400000e+01
      vertex   6.535599e+00 1.677451e+01 2.400000e+01
    endloop
  endfacet
  facet normal 0.000000e+00 0.000000e+00 1.000000e+00
    outer loop
      vertex   2.063983e+00 1.677451e+01 2.400000e+01
      vertex   6.535599e+00 1.677451e+01 2.400000e+01
      vertex   2.398147e+00 1.708457e+01 2.400000e+01
    endloop
  endfacet
  facet normal -0.000000e+00 0.000000e+00 1.000000e+00
    outer loop
      vertex   2.398147e+00 1.708457e+01 2.400000e+01
      vertex   6.535599e+00 1.677451e+01 2.400000e+01
      vertex   6.201435e+00 1.708457e+01 2.400000e+01
    endloop
  endfacet
  facet normal 0.000000e+00 0.000000e+00 1.000000e+00
    outer loop
      vertex   2.398147e+00 1.708457e+01 2.400000e+01
      vertex   6.201435e+00 1.708457e+01 2.400000e+01
      vertex   2.774791e+00 1.734136e+01 2.400000e+01
    endloop
  endfacet
  facet normal 0.000000e+00 0.000000e+00 1.000000e+00
    outer loop
      vertex   2.774791e+00 1.734136e+01 2.400000e+01
      vertex   6.201435e+00 1.708457e+01 2.400000e+01
      vertex   5.824791e+00 1.734136e+01 2.400000e+01
    endloop
  endfacet
  facet normal -0.000000e+00 0.000000e+00 1.000000e+00
    outer loop
      vertex   2.774791e+00 1.734136e+01 2.400000e+01
      vertex   5.824791e+00 1.734136e+01 2.400000e+01
      vertex   3.185501e+00 1.753915e+01 2.400000e+01
    endloop
  endfacet
  facet normal 0.000000e+00 0.000000e+00 1.000000e+00
    outer loop
      vertex   3.185501e+00 1.753915e+01 2.400000e+01
      vertex   5.824791e+00 1.734136e+01 2.400000e+01
      vertex   5.414081e+00 1.753915e+01 2.400000e+01
    endloop
  endfacet
  facet normal -0.000000e+00 0.000000e+00 1.000000e+00
    outer loop
      vertex   3.185501e+00 1.753915e+01 2.400000e+01
      vertex   5.414081e+00 1.753915e+01 2.400000e+01
      vertex   3.621102e+00 1.767351e+01 2.400000e+01
    endloop
  endfacet
  facet normal -0.000000e+00 0.000000e+00 1.000000e+00
    outer loop
      vertex   3.621102e+00 1.767351e+01 2.400000e+01
      vertex   5.414081e+00 1.753915e+01 2.400000e+01
      vertex   4.978480e+00 1.767351e+01 2.400000e+01
    endloop
  endfacet
  facet normal 0.000000e+00 0.000000e+00 1.000000e+00
    outer loop
      vertex   3.621102e+00 1.767351e+01 2.400000e+01
      vertex   4.978480e+00 1.767351e+01 2.400000e+01
      vertex   4.071865e+00 1.774145e+01 2.400000e+01
    endloop
  endfacet
  facet normal -0.000000e+00 0.000000e+00 1.000000e+00
    outer loop
      vertex   4.071865e+00 1.774145e+01 2.400000e+01
      vertex   4.978480e+00 1.767351e+01 2.400000e+01
      vertex   4.527718e+00 1.774145e+01 2.400000e+01
    endloop
  endfacet
  facet normal -9.985827e-01 5.322217e-02 0.000000e+00
    outer loop
      vertex   1.031552e+01 -5.143076e+00 2.400000e+01
      vertex   1.031552e+01 -5.143076e+00 2.700000e+01
      vertex   1.034979e+01 -4.500000e+00 2.400000e+01
    endloop
  endfacet
  facet normal -9.985827e-01 5.322217e-02 0.000000e+00
    outer loop
      vertex   1.034979e+01 -4.500000e+00 2.400000e+01
      vertex   1.031552e+01 -5.143076e+00 2.700000e+01
      vertex   1.034979e+01 -4.500000e+00 2.700000e+01
    endloop
  endfacet
  facet normal -9.985827e-01 -5.322217e-02 0.000000e+00
    outer loop
      vertex   1.034979e+01 -4.500000e+00 2.400000e+01
      vertex   1.034979e+01 -4.500000e+00 2.700000e+01
      vertex   1.031552e+01 -3.856924e+00 2.400000e+01
    endloop
  endfacet
  facet normal -9.985827e-01 -5.322217e-02 0.000000e+00
    outer loop
      vertex   1.031552e+01 -3.856924e+00 2.400000e+01
      vertex   1.034979e+01 -4.500000e+00 2.700000e+01
      vertex   1.031552e+01 -3.856924e+00 2.700000e+01
    endloop
  endfacet
  facet normal -9.872684e-01 -1.590635e-01 0.000000e+00
    outer loop
      vertex   1.031552e+01 -3.856924e+00 2.400000e+01
      vertex   1.031552e+01 -3.856924e+00 2.700000e+01
      vertex   1.021308e+01 -3.221135e+00 2.400000e+01
    endloop
  endfacet
  facet normal -9.872684e-01 -1.590635e-01 0.000000e+00
    outer loop
      vertex   1.021308e+01 -3.221135e+00 2.400000e+01
      vertex   1.031552e+01 -3.856924e+00 2.700000e+01
      vertex   1.021308e+01 -3.221135e+00 2.700000e+01
    endloop
  endfacet
  facet normal -9.647679e-01 -2.631026e-01 0.000000e+00
    outer loop
      vertex   1.021308e+01 -3.221135e+00 2.400000e+01
      vertex   1.021308e+01 -3.221135e+00 2.700000e+01
      vertex   1.004365e+01 -2.599836e+00 2.400000e+01
    endloop
  endfacet
  facet normal -9.647679e-01 -2.631026e-01 0.000000e+00
    outer loop
      vertex   1.004365e+01 -2.599836e+00 2.400000e+01
      vertex   1.021308e+01 -3.221135e+00 2.700000e+01
      vertex   1.004365e+01 -2.599836e+00 2.700000e+01
    endloop
  endfacet
  facet normal -9.313362e-01 -3.641606e-01 0.000000e+00
    outer loop
      vertex   1.004365e+01 -2.599836e+00 2.400000e+01
      vertex   1.004365e+01 -2.599836e+00 2.700000e+01
      vertex   9.809132e+00 -2.000066e+00 2.400000e+01
    endloop
  endfacet
  facet normal -9.313362e-01 -3.641606e-01 0.000000e+00
    outer loop
      vertex   9.809132e+00 -2.000066e+00 2.400000e+01
      vertex   1.004365e+01 -2.599836e+00 2.700000e+01
      vertex   9.809132e+00 -2.000066e+00 2.700000e+01
    endloop
  endfacet
  facet normal -8.873521e-01 -4.610925e-01 0.000000e+00
    outer loop
      vertex   9.809132e+00 -2.000066e+00 2.400000e+01
      vertex   9.809132e+00 -2.000066e+00 2.700000e+01
      vertex   9.512193e+00 -1.428622e+00 2.400000e+01
    endloop
  endfacet
  facet normal -8.873521e-01 -4.610925e-01 0.000000e+00
    outer loop
      vertex   9.512193e+00 -1.428622e+00 2.400000e+01
      vertex   9.809132e+00 -2.000066e+00 2.700000e+01
      vertex   9.512193e+00 -1.428622e+00 2.700000e+01
    endloop
  endfacet
  facet normal -8.333139e-01 -5.528001e-01 0.000000e+00
    outer loop
      vertex   9.512193e+00 -1.428622e+00 2.400000e+01
      vertex   9.512193e+00 -1.428622e+00 2.700000e+01
      vertex   9.156197e+00 -8.919774e-01 2.400000e+01
    endloop
  endfacet
  facet normal -8.333139e-01 -5.528001e-01 0.000000e+00
    outer loop
      vertex   9.156197e+00 -8.919774e-01 2.400000e+01
      vertex   9.512193e+00 -1.428622e+00 2.700000e+01
      vertex   9.156197e+00 -8.919774e-01 2.700000e+01
    endloop
  endfacet
  facet normal -7.698340e-01 -6.382442e-01 0.000000e+00
    outer loop
      vertex   9.156197e+00 -8.919774e-01 2.400000e+01
      vertex   9.156197e+00 -8.919774e-01 2.700000e+01
      vertex   8.745175e+00 -3.962133e-01 2.400000e+01
    endloop
  endfacet
  facet normal -7.698340e-01 -6.382442e-01 0.000000e+00
    outer loop
      vertex   8.745175e+00 -3.962133e-01 2.400000e+01
      vertex   9.156197e+00 -8.919774e-01 2.700000e+01
      vertex   8.745175e+00 -3.962133e-01 2.700000e+01
    endloop
  endfacet
  facet normal -6.976315e-01 -7.164567e-01 0.000000e+00
    outer loop
      vertex   8.745175e+00 -3.962133e-01 2.400000e+01
      vertex   8.745175e+00 -3.962133e-01 2.700000e+01
      vertex   8.283785e+00 5.305322e-02 2.400000e+01
    endloop
  endfacet
  facet normal -6.976315e-01 -7.164567e-01 0.000000e+00
    outer loop
      vertex   8.283785e+00 5.305322e-02 2.400000e+01
      vertex   8.745175e+00 -3.962133e-01 2.700000e+01
      vertex   8.283785e+00 5.305322e-02 2.700000e+01
    endloop
  endfacet
  facet normal -6.175246e-01 -7.865516e-01 0.000000e+00
    outer loop
      vertex   8.283785e+00 5.305322e-02 2.400000e+01
      vertex   8.283785e+00 5.305322e-02 2.700000e+01
      vertex   7.777255e+00 4.507319e-01 2.400000e+01
    endloop
  endfacet
  facet normal -6.175246e-01 -7.865516e-01 0.000000e+00
    outer loop
      vertex   7.777255e+00 4.507319e-01 2.400000e+01
      vertex   8.283785e+00 5.305322e-02 2.700000e+01
      vertex   7.777255e+00 4.507319e-01 2.700000e+01
    endloop
  endfacet
  facet normal -5.304209e-01 -8.477344e-01 0.000000e+00
    outer loop
      vertex   7.777255e+00 4.507319e-01 2.400000e+01
      vertex   7.777255e+00 4.507319e-01 2.700000e+01
      vertex   7.231324e+00 7.923167e-01 2.400000e+01
    endloop
  endfacet
  facet normal -5.304209e-01 -8.477344e-01 0.000000e+00
    outer loop
      vertex   7.231324e+00 7.923167e-01 2.400000e+01
      vertex   7.777255e+00 4.507319e-01 2.700000e+01
      vertex   7.231324e+00 7.923167e-01 2.700000e+01
    endloop
  endfacet
  facet normal -4.373073e-01 -8.993121e-01 0.000000e+00
    outer loop
      vertex   7.231324e+00 7.923167e-01 2.400000e+01
      vertex   7.231324e+00 7.923167e-01 2.700000e+01
      vertex   6.652178e+00 1.073938e+00 2.400000e+01
    endloop
  endfacet
  facet normal -4.373073e-01 -8.993121e-01 0.000000e+00
    outer loop
      vertex   6.652178e+00 1.073938e+00 2.400000e+01
      vertex   7.231324e+00 7.923167e-01 2.700000e+01
      vertex   6.652178e+00 1.073938e+00 2.700000e+01
    endloop
  endfacet
  facet normal -3.392389e-01 -9.407003e-01 0.000000e+00
    outer loop
      vertex   6.652178e+00 1.073938e+00 2.400000e+01
      vertex   6.652178e+00 1.073938e+00 2.700000e+01
      vertex   6.046378e+00 1.292403e+00 2.400000e+01
    endloop
  endfacet
  facet normal -3.392389e-01 -9.407003e-01 0.000000e+00
    outer loop
      vertex   6.046378e+00 1.292403e+00 2.400000e+01
      vertex   6.652178e+00 1.073938e+00 2.700000e+01
      vertex   6.046378e+00 1.292403e+00 2.700000e+01
    endloop
  endfacet
  facet normal -2.373267e-01 -9.714299e-01 0.000000e+00
    outer loop
      vertex   6.046378e+00 1.292403e+00 2.400000e+01
      vertex   6.046378e+00 1.292403e+00 2.700000e+01
      vertex   5.420788e+00 1.445239e+00 2.400000e+01
    endloop
  endfacet
  facet normal -2.373267e-01 -9.714299e-01 0.000000e+00
    outer loop
      vertex   5.420788e+00 1.445239e+00 2.400000e+01
      vertex   6.046378e+00 1.292403e+00 2.700000e+01
      vertex   5.420788e+00 1.445239e+00 2.700000e+01
    endloop
  endfacet
  facet normal -1.327255e-01 -9.911528e-01 0.000000e+00
    outer loop
      vertex   5.420788e+00 1.445239e+00 2.400000e+01
      vertex   5.420788e+00 1.445239e+00 2.700000e+01
      vertex   4.782497e+00 1.530713e+00 2.400000e+01
    endloop
  endfacet
  facet normal -1.327255e-01 -9.911528e-01 0.000000e+00
    outer loop
      vertex   4.782497e+00 1.530713e+00 2.400000e+01
      vertex   5.420788e+00 1.445239e+00 2.700000e+01
      vertex   4.782497e+00 1.530713e+00 2.700000e+01
    endloop
  endfacet
  facet normal -2.662052e-02 -9.996456e-01 0.000000e+00
    outer loop
      vertex   4.782497e+00 1.530713e+00 2.400000e+01
      vertex   4.782497e+00 1.530713e+00 2.700000e+01
      vertex   4.138737e+00 1.547856e+00 2.400000e+01
    endloop
  endfacet
  facet normal -2.662052e-02 -9.996456e-01 0.000000e+00
    outer loop
      vertex   4.138737e+00 1.547856e+00 2.400000e+01
      vertex   4.782497e+00 1.530713e+00 2.700000e+01
      vertex   4.138737e+00 1.547856e+00 2.700000e+01
    endloop
  endfacet
  facet normal 7.978611e-02 -9.968120e-01 0.000000e+00
    outer loop
      vertex   4.138737e+00 1.547856e+00 2.400000e+01
      vertex   4.138737e+00 1.547856e+00 2.700000e+01
      vertex   3.496802e+00 1.496475e+00 2.400000e+01
    endloop
  endfacet
  facet normal 7.978611e-02 -9.968120e-01 0.000000e+00
    outer loop
      vertex   3.496802e+00 1.496475e+00 2.400000e+01
      vertex   4.138737e+00 1.547856e+00 2.700000e+01
      vertex   3.496802e+00 1.496475e+00 2.700000e+01
    endloop
  endfacet
  facet normal 1.852887e-01 -9.826841e-01 0.000000e+00
    outer loop
      vertex   3.496802e+00 1.496475e+00 2.400000e+01
      vertex   3.496802e+00 1.496475e+00 2.700000e+01
      vertex   2.863965e+00 1.377151e+00 2.400000e+01
    endloop
  endfacet
  facet normal 1.852887e-01 -9.826841e-01 0.000000e+00
    outer loop
      vertex   2.863965e+00 1.377151e+00 2.400000e+01
      vertex   3.496802e+00 1.496475e+00 2.700000e+01
      vertex   2.863965e+00 1.377151e+00 2.700000e+01
    endloop
  endfacet
  facet normal 2.886919e-01 -9.574220e-01 0.000000e+00
    outer loop
      vertex   2.863965e+00 1.377151e+00 2.400000e+01
      vertex   2.863965e+00 1.377151e+00 2.700000e+01
      vertex   2.247396e+00 1.191237e+00 2.400000e+01
    endloop
  endfacet
  facet normal 2.886919e-01 -9.574220e-01 0.000000e+00
    outer loop
      vertex   2.247396e+00 1.191237e+00 2.400000e+01
      vertex   2.863965e+00 1.377151e+00 2.700000e+01
      vertex   2.247396e+00 1.191237e+00 2.700000e+01
    endloop
  endfacet
  facet normal 3.888242e-01 -9.213120e-01 0.000000e+00
    outer loop
      vertex   2.247396e+00 1.191237e+00 2.400000e+01
      vertex   2.247396e+00 1.191237e+00 2.700000e+01
      vertex   1.654082e+00 9.408384e-01 2.400000e+01
    endloop
  endfacet
  facet normal 3.888242e-01 -9.213120e-01 0.000000e+00
    outer loop
      vertex   1.654082e+00 9.408384e-01 2.400000e+01
      vertex   2.247396e+00 1.191237e+00 2.700000e+01
      vertex   1.654082e+00 9.408384e-01 2.700000e+01
    endloop
  endfacet
  facet normal 4.845509e-01 -8.747631e-01 0.000000e+00
    outer loop
      vertex   1.654082e+00 9.408384e-01 2.400000e+01
      vertex   1.654082e+00 9.408384e-01 2.700000e+01
      vertex   1.090745e+00 6.287933e-01 2.400000e+01
    endloop
  endfacet
  facet normal 4.845509e-01 -8.747631e-01 0.000000e+00
    outer loop
      vertex   1.090745e+00 6.287933e-01 2.400000e+01
      vertex   1.654082e+00 9.408384e-01 2.700000e+01
      vertex   1.090745e+00 6.287933e-01 2.700000e+01
    endloop
  endfacet
  facet normal 5.747874e-01 -8.183028e-01 0.000000e+00
    outer loop
      vertex   1.090745e+00 6.287933e-01 2.400000e+01
      vertex   1.090745e+00 6.287933e-01 2.700000e+01
      vertex   5.637674e-01 2.586370e-01 2.400000e+01
    endloop
  endfacet
  facet normal 5.747874e-01 -8.183028e-01 0.000000e+00
    outer loop
      vertex   5.637674e-01 2.586370e-01 2.400000e+01
      vertex   1.090745e+00 6.287933e-01 2.700000e+01
      vertex   5.637674e-01 2.586370e-01 2.700000e+01
    endloop
  endfacet
  facet normal 6.585114e-01 -7.525708e-01 0.000000e+00
    outer loop
      vertex   5.637674e-01 2.586370e-01 2.400000e+01
      vertex   5.637674e-01 2.586370e-01 2.700000e+01
      vertex   7.912059e-02 -1.654367e-01 2.400000e+01
    endloop
  endfacet
  facet normal 6.585114e-01 -7.525708e-01 0.000000e+00
    outer loop
      vertex   7.912059e-02 -1.654367e-01 2.400000e+01
      vertex   5.637674e-01 2.586370e-01 2.700000e+01
      vertex   7.912059e-02 -1.654367e-01 2.700000e+01
    endloop
  endfacet
  facet normal 7.347742e-01 -6.783118e-01 0.000000e+00
    outer loop
      vertex   7.912059e-02 -1.654367e-01 2.400000e+01
      vertex   7.912059e-02 -1.654367e-01 2.700000e+01
      vertex   -3.577043e-01 -6.386226e-01 2.400000e+01
    endloop
  endfacet
  facet normal 7.347742e-01 -6.783118e-01 0.000000e+00
    outer loop
      vertex   -3.577043e-01 -6.386226e-01 2.400000e+01
      vertex   7.912059e-02 -1.654367e-01 2.700000e+01
      vertex   -3.577043e-01 -6.386226e-01 2.700000e+01
    endloop
  endfacet
  facet normal 8.027116e-01 -5.963674e-01 0.000000e+00
    outer loop
      vertex   -3.577043e-01 -6.386226e-01 2.400000e+01
      vertex   -3.577043e-01 -6.386226e-01 2.700000e+01
      vertex   -7.417579e-01 -1.155560e+00 2.400000e+01
    endloop
  endfacet
  facet normal 8.027116e-01 -5.963674e-01 0.000000e+00
    outer loop
      vertex   -7.417579e-01 -1.155560e+00 2.400000e+01
      vertex   -3.577043e-01 -6.386226e-01 2.700000e+01
      vertex   -7.417579e-01 -1.155560e+00 2.700000e+01
    endloop
  endfacet
  facet normal 8.615541e-01 -5.076658e-01 0.000000e+00
    outer loop
      vertex   -7.417579e-01 -1.155560e+00 2.400000e+01
      vertex   -7.417579e-01 -1.155560e+00 2.700000e+01
      vertex   -1.068689e+00 -1.710390e+00 2.400000e+01
    endloop
  endfacet
  facet normal 8.615541e-01 -5.076658e-01 0.000000e+00
    outer loop
      vertex   -1.068689e+00 -1.710390e+00 2.400000e+01
      vertex   -7.417579e-01 -1.155560e+00 2.700000e+01
      vertex   -1.068689e+00 -1.710390e+00 2.700000e+01
    endloop
  endfacet
  facet normal 9.106348e-01 -4.132122e-01 0.000000e+00
    outer loop
      vertex   -1.068689e+00 -1.710390e+00 2.400000e+01
      vertex   -1.068689e+00 -1.710390e+00 2.700000e+01
      vertex   -1.334793e+00 -2.296828e+00 2.400000e+01
    endloop
  endfacet
  facet normal 9.106348e-01 -4.132122e-01 0.000000e+00
    outer loop
      vertex   -1.334793e+00 -2.296828e+00 2.400000e+01
      vertex   -1.068689e+00 -1.710390e+00 2.700000e+01
      vertex   -1.334793e+00 -2.296828e+00 2.700000e+01
    endloop
  endfacet
  facet normal 9.493976e-01 -3.140767e-01 0.000000e+00
    outer loop
      vertex   -1.334793e+00 -2.296828e+00 2.400000e+01
      vertex   -1.334793e+00 -2.296828e+00 2.700000e+01
      vertex   -1.537054e+00 -2.908229e+00 2.400000e+01
    endloop
  endfacet
  facet normal 9.493976e-01 -3.140767e-01 0.000000e+00
    outer loop
      vertex   -1.537054e+00 -2.908229e+00 2.400000e+01
      vertex   -1.334793e+00 -2.296828e+00 2.700000e+01
      vertex   -1.537054e+00 -2.908229e+00 2.700000e+01
    endloop
  endfacet
  facet normal 9.774034e-01 -2.113826e-01 0.000000e+00
    outer loop
      vertex   -1.537054e+00 -2.908229e+00 2.400000e+01
      vertex   -1.537054e+00 -2.908229e+00 2.700000e+01
      vertex   -1.673182e+00 -3.537666e+00 2.400000e+01
    endloop
  endfacet
  facet normal 9.774034e-01 -2.113826e-01 0.000000e+00
    outer loop
      vertex   -1.673182e+00 -3.537666e+00 2.400000e+01
      vertex   -1.537054e+00 -2.908229e+00 2.700000e+01
      vertex   -1.673182e+00 -3.537666e+00 2.700000e+01
    endloop
  endfacet
  facet normal 9.943348e-01 -1.062935e-01 0.000000e+00
    outer loop
      vertex   -1.673182e+00 -3.537666e+00 2.400000e+01
      vertex   -1.673182e+00 -3.537666e+00 2.700000e+01
      vertex   -1.741634e+00 -4.178006e+00 2.400000e+01
    endloop
  endfacet
  facet normal 9.943348e-01 -1.062935e-01 0.000000e+00
    outer loop
      vertex   -1.741634e+00 -4.178006e+00 2.400000e+01
      vertex   -1.673182e+00 -3.537666e+00 2.700000e+01
      vertex   -1.741634e+00 -4.178006e+00 2.700000e+01
    endloop
  endfacet
  facet normal 1.000000e+00 0.000000e+00 -0.000000e+00
    outer loop
      vertex   -1.741634e+00 -4.178006e+00 2.400000e+01
      vertex   -1.741634e+00 -4.178006e+00 2.700000e+01
      vertex   -1.741634e+00 -4.821994e+00 2.400000e+01
    endloop
  endfacet
  facet normal 1.000000e+00 0.000000e+00 0.000000e+00
    outer loop
      vertex   -1.741634e+00 -4.821994e+00 2.400000e+01
      vertex   -1.741634e+00 -4.178006e+00 2.700000e+01
      vertex   -1.741634e+00 -4.821994e+00 2.700000e+01
    endloop
  endfacet
  facet normal 9.943348e-01 1.062935e-01 -0.000000e+00
    outer loop
      vertex   -1.741634e+00 -4.821994e+00 2.400000e+01
      vertex   -1.741634e+00 -4.821994e+00 2.700000e+01
      vertex   -1.673182e+00 -5.462334e+00 2.400000e+01
    endloop
  endfacet
  facet normal 9.943348e-01 1.062935e-01 -0.000000e+00
    outer loop
      vertex   -1.673182e+00 -5.462334e+00 2.400000e+01
      vertex   -1.741634e+00 -4.821994e+00 2.700000e+01
      vertex   -1.673182e+00 -5.462334e+00 2.700000e+01
    endloop
  endfacet
  facet normal 9.774034e-01 2.113826e-01 -0.000000e+00
    outer loop
      vertex   -1.673182e+00 -5.462334e+00 2.400000e+01
      vertex   -1.673182e+00 -5.462334e+00 2.700000e+01
      vertex   -1.537054e+00 -6.091770e+00 2.400000e+01
    endloop
  endfacet
  facet normal 9.774034e-01 2.113826e-01 -0.000000e+00
    outer loop
      vertex   -1.537054e+00 -6.091770e+00 2.400000e+01
      vertex   -1.673182e+00 -5.462334e+00 2.700000e+01
      vertex   -1.537054e+00 -6.091770e+00 2.700000e+01
    endloop
  endfacet
  facet normal 9.493976e-01 3.140767e-01 -0.000000e+00
    outer loop
      vertex   -1.537054e+00 -6.091770e+00 2.400000e+01
      vertex   -1.537054e+00 -6.091770e+00 2.700000e+01
      vertex   -1.334793e+00 -6.703171e+00 2.400000e+01
    endloop
  endfacet
  facet normal 9.493976e-01 3.140767e-01 -0.000000e+00
    outer loop
      vertex   -1.334793e+00 -6.703171e+00 2.400000e+01
      vertex   -1.537054e+00 -6.091770e+00 2.700000e+01
      vertex   -1.334793e+00 -6.703171e+00 2.700000e+01
    endloop
  endfacet
  facet normal 9.106348e-01 4.132122e-01 -0.000000e+00
    outer loop
      vertex   -1.334793e+00 -6.703171e+00 2.400000e+01
      vertex   -1.334793e+00 -6.703171e+00 2.700000e+01
      vertex   -1.068689e+00 -7.289610e+00 2.400000e+01
    endloop
  endfacet
  facet normal 9.106348e-01 4.132122e-01 -0.000000e+00
    outer loop
      vertex   -1.068689e+00 -7.289610e+00 2.400000e+01
      vertex   -1.334793e+00 -6.703171e+00 2.700000e+01
      vertex   -1.068689e+00 -7.289610e+00 2.700000e+01
    endloop
  endfacet
  facet normal 8.615541e-01 5.076658e-01 -0.000000e+00
    outer loop
      vertex   -1.068689e+00 -7.289610e+00 2.400000e+01
      vertex   -1.068689e+00 -7.289610e+00 2.700000e+01
      vertex   -7.417579e-01 -7.844440e+00 2.400000e+01
    endloop
  endfacet
  facet normal 8.615541e-01 5.076658e-01 -0.000000e+00
    outer loop
      vertex   -7.417579e-01 -7.844440e+00 2.400000e+01
      vertex   -1.068689e+00 -7.289610e+00 2.700000e+01
      vertex   -7.417579e-01 -7.844440e+00 2.700000e+01
    endloop
  endfacet
  facet normal 8.027116e-01 5.963674e-01 -0.000000e+00
    outer loop
      vertex   -7.417579e-01 -7.844440e+00 2.400000e+01
      vertex   -7.417579e-01 -7.844440e+00 2.700000e+01
      vertex   -3.577043e-01 -8.361377e+00 2.400000e+01
    endloop
  endfacet
  facet normal 8.027116e-01 5.963674e-01 -0.000000e+00
    outer loop
      vertex   -3.577043e-01 -8.361377e+00 2.400000e+01
      vertex   -7.417579e-01 -7.844440e+00 2.700000e+01
      vertex   -3.577043e-01 -8.361377e+00 2.700000e+01
    endloop
  endfacet
  facet normal 7.347742e-01 6.783118e-01 -0.000000e+00
    outer loop
      vertex   -3.577043e-01 -8.361377e+00 2.400000e+01
      vertex   -3.577043e-01 -8.361377e+00 2.700000e+01
      vertex   7.912059e-02 -8.834563e+00 2.400000e+01
    endloop
  endfacet
  facet normal 7.347742e-01 6.783118e-01 -0.000000e+00
    outer loop
      vertex   7.912059e-02 -8.834563e+00 2.400000e+01
      vertex   -3.577043e-01 -8.361377e+00 2.700000e+01
      vertex   7.912059e-02 -8.834563e+00 2.700000e+01
    endloop
  endfacet
  facet normal 6.585114e-01 7.525708e-01 -0.000000e+00
    outer loop
      vertex   7.912059e-02 -8.834563e+00 2.400000e+01
      vertex   7.912059e-02 -8.834563e+00 2.700000e+01
      vertex   5.637674e-01 -9.258637e+00 2.400000e+01
    endloop
  endfacet
  facet normal 6.585114e-01 7.525708e-01 -0.000000e+00
    outer loop
      vertex   5.637674e-01 -9.258637e+00 2.400000e+01
      vertex   7.912059e-02 -8.834563e+00 2.700000e+01
      vertex   5.637674e-01 -9.258637e+00 2.700000e+01
    endloop
  endfacet
  facet normal 5.747874e-01 8.183028e-01 -0.000000e+00
    outer loop
      vertex   5.637674e-01 -9.258637e+00 2.400000e+01
      vertex   5.637674e-01 -9.258637e+00 2.700000e+01
      vertex   1.090745e+00 -9.628793e+00 2.400000e+01
    endloop
  endfacet
  facet normal 5.747874e-01 8.183028e-01 -0.000000e+00
    outer loop
      vertex   1.090745e+00 -9.628793e+00 2.400000e+01
      vertex   5.637674e-01 -9.258637e+00 2.700000e+01
      vertex   1.090745e+00 -9.628793e+00 2.700000e+01
    endloop
  endfacet
  facet normal 4.845509e-01 8.747631e-01 -0.000000e+00
    outer loop
      vertex   1.090745e+00 -9.628793e+00 2.400000e+01
      vertex   1.090745e+00 -9.628793e+00 2.700000e+01
      vertex   1.654082e+00 -9.940838e+00 2.400000e+01
    endloop
  endfacet
  facet normal 4.845509e-01 8.747631e-01 -0.000000e+00
    outer loop
      vertex   1.654082e+00 -9.940838e+00 2.400000e+01
      vertex   1.090745e+00 -9.628793e+00 2.700000e+01
      vertex   1.654082e+00 -9.940838e+00 2.700000e+01
    endloop
  endfacet
  facet normal 3.888242e-01 9.213120e-01 -0.000000e+00
    outer loop
      vertex   1.654082e+00 -9.940838e+00 2.400000e+01
      vertex   1.654082e+00 -9.940838e+00 2.700000e+01
      vertex   2.247396e+00 -1.019124e+01 2.400000e+01
    endloop
  endfacet
  facet normal 3.888242e-01 9.213120e-01 -0.000000e+00
    outer loop
      vertex   2.247396e+00 -1.019124e+01 2.400000e+01
      vertex   1.654082e+00 -9.940838e+00 2.700000e+01
      vertex   2.247396e+00 -1.019124e+01 2.700000e+01
    endloop
  endfacet
  facet normal 2.886919e-01 9.574220e-01 -0.000000e+00
    outer loop
      vertex   2.247396e+00 -1.019124e+01 2.400000e+01
      vertex   2.247396e+00 -1.019124e+01 2.700000e+01
      vertex   2.863965e+00 -1.037715e+01 2.400000e+01
    endloop
  endfacet
  facet normal 2.886919e-01 9.574220e-01 -0.000000e+00
    outer loop
      vertex   2.863965e+00 -1.037715e+01 2.400000e+01
      vertex   2.247396e+00 -1.019124e+01 2.700000e+01
      vertex   2.863965e+00 -1.037715e+01 2.700000e+01
    endloop
  endfacet
  facet normal 1.852887e-01 9.826841e-01 -0.000000e+00
    outer loop
      vertex   2.863965e+00 -1.037715e+01 2.400000e+01
      vertex   2.863965e+00 -1.037715e+01 2.700000e+01
      vertex   3.496802e+00 -1.049647e+01 2.400000e+01
    endloop
  endfacet
  facet normal 1.852887e-01 9.826841e-01 -0.000000e+00
    outer loop
      vertex   3.496802e+00 -1.049647e+01 2.400000e+01
      vertex   2.863965e+00 -1.037715e+01 2.700000e+01
      vertex   3.496802e+00 -1.049647e+01 2.700000e+01
    endloop
  endfacet
  facet normal 7.978611e-02 9.968120e-01 -0.000000e+00
    outer loop
      vertex   3.496802e+00 -1.049647e+01 2.400000e+01
      vertex   3.496802e+00 -1.049647e+01 2.700000e+01
      vertex   4.138737e+00 -1.054786e+01 2.400000e+01
    endloop
  endfacet
  facet normal 7.978611e-02 9.968120e-01 -0.000000e+00
    outer loop
      vertex   4.138737e+00 -1.054786e+01 2.400000e+01
      vertex   3.496802e+00 -1.049647e+01 2.700000e+01
      vertex   4.138737e+00 -1.054786e+01 2.700000e+01
    endloop
  endfacet
  facet normal -2.662052e-02 9.996456e-01 0.000000e+00
    outer loop
      vertex   4.138737e+00 -1.054786e+01 2.400000e+01
      vertex   4.138737e+00 -1.054786e+01 2.700000e+01
      vertex   4.782497e+00 -1.053071e+01 2.400000e+01
    endloop
  endfacet
  facet normal -2.662052e-02 9.996456e-01 0.000000e+00
    outer loop
      vertex   4.782497e+00 -1.053071e+01 2.400000e+01
      vertex   4.138737e+00 -1.054786e+01 2.700000e+01
      vertex   4.782497e+00 -1.053071e+01 2.700000e+01
    endloop
  endfacet
  facet normal -1.327255e-01 9.911528e-01 0.000000e+00
    outer loop
      vertex   4.782497e+00 -1.053071e+01 2.400000e+01
      vertex   4.782497e+00 -1.053071e+01 2.700000e+01
      vertex   5.420788e+00 -1.044524e+01 2.400000e+01
    endloop
  endfacet
  facet normal -1.327255e-01 9.911528e-01 0.000000e+00
    outer loop
      vertex   5.420788e+00 -1.044524e+01 2.400000e+01
      vertex   4.782497e+00 -1.053071e+01 2.700000e+01
      vertex   5.420788e+00 -1.044524e+01 2.700000e+01
    endloop
  endfacet
  facet normal -2.373267e-01 9.714299e-01 0.000000e+00
    outer loop
      vertex   5.420788e+00 -1.044524e+01 2.400000e+01
      vertex   5.420788e+00 -1.044524e+01 2.700000e+01
      vertex   6.046378e+00 -1.029240e+01 2.400000e+01
    endloop
  endfacet
  facet normal -2.373267e-01 9.714299e-01 0.000000e+00
    outer loop
      vertex   6.046378e+00 -1.029240e+01 2.400000e+01
      vertex   5.420788e+00 -1.044524e+01 2.700000e+01
      vertex   6.046378e+00 -1.029240e+01 2.700000e+01
    endloop
  endfacet
  facet normal -3.392389e-01 9.407003e-01 0.000000e+00
    outer loop
      vertex   6.046378e+00 -1.029240e+01 2.400000e+01
      vertex   6.046378e+00 -1.029240e+01 2.700000e+01
      vertex   6.652178e+00 -1.007394e+01 2.400000e+01
    endloop
  endfacet
  facet normal -3.392389e-01 9.407003e-01 0.000000e+00
    outer loop
      vertex   6.652178e+00 -1.007394e+01 2.400000e+01
      vertex   6.046378e+00 -1.029240e+01 2.700000e+01
      vertex   6.652178e+00 -1.007394e+01 2.700000e+01
    endloop
  endfacet
  facet normal -4.373073e-01 8.993121e-01 0.000000e+00
    outer loop
      vertex   6.652178e+00 -1.007394e+01 2.400000e+01
      vertex   6.652178e+00 -1.007394e+01 2.700000e+01
      vertex   7.231324e+00 -9.792317e+00 2.400000e+01
    endloop
  endfacet
  facet normal -4.373073e-01 8.993121e-01 0.000000e+00
    outer loop
      vertex   7.231324e+00 -9.792317e+00 2.400000e+01
      vertex   6.652178e+00 -1.007394e+01 2.700000e+01
      vertex   7.231324e+00 -9.792317e+00 2.700000e+01
    endloop
  endfacet
  facet normal -5.304209e-01 8.477344e-01 0.000000e+00
    outer loop
      vertex   7.231324e+00 -9.792317e+00 2.400000e+01
      vertex   7.231324e+00 -9.792317e+00 2.700000e+01
      vertex   7.777255e+00 -9.450732e+00 2.400000e+01
    endloop
  endfacet
  facet normal -5.304209e-01 8.477344e-01 0.000000e+00
    outer loop
      vertex   7.777255e+00 -9.450732e+00 2.400000e+01
      vertex   7.231324e+00 -9.792317e+00 2.700000e+01
      vertex   7.777255e+00 -9.450732e+00 2.700000e+01
    endloop
  endfacet
  facet normal -6.175246e-01 7.865516e-01 0.000000e+00
    outer loop
      vertex   7.777255e+00 -9.450732e+00 2.400000e+01
      vertex   7.777255e+00 -9.450732e+00 2.700000e+01
      vertex   8.283785e+00 -9.053053e+00 2.400000e+01
    endloop
  endfacet
  facet normal -6.175246e-01 7.865516e-01 0.000000e+00
    outer loop
      vertex   8.283785e+00 -9.053053e+00 2.400000e+01
      vertex   7.777255e+00 -9.450732e+00 2.700000e+01
      vertex   8.283785e+00 -9.053053e+00 2.700000e+01
    endloop
  endfacet
  facet normal -6.976315e-01 7.164567e-01 0.000000e+00
    outer loop
      vertex   8.283785e+00 -9.053053e+00 2.400000e+01
      vertex   8.283785e+00 -9.053053e+00 2.700000e+01
      vertex   8.745175e+00 -8.603787e+00 2.400000e+01
    endloop
  endfacet
  facet normal -6.976315e-01 7.164567e-01 0.000000e+00
    outer loop
      vertex   8.745175e+00 -8.603787e+00 2.400000e+01
      vertex   8.283785e+00 -9.053053e+00 2.700000e+01
      vertex   8.745175e+00 -8.603787e+00 2.700000e+01
    endloop
  endfacet
  facet normal -7.698340e-01 6.382442e-01 0.000000e+00
    outer loop
      vertex   8.745175e+00 -8.603787e+00 2.400000e+01
      vertex   8.745175e+00 -8.603787e+00 2.700000e+01
      vertex   9.156197e+00 -8.108022e+00 2.400000e+01
    endloop
  endfacet
  facet normal -7.698340e-01 6.382442e-01 0.000000e+00
    outer loop
      vertex   9.156197e+00 -8.108022e+00 2.400000e+01
      vertex   8.745175e+00 -8.603787e+00 2.700000e+01
      vertex   9.156197e+00 -8.108022e+00 2.700000e+01
    endloop
  endfacet
  facet normal -8.333139e-01 5.528001e-01 0.000000e+00
    outer loop
      vertex   9.156197e+00 -8.108022e+00 2.400000e+01
      vertex   9.156197e+00 -8.108022e+00 2.700000e+01
      vertex   9.512193e+00 -7.571378e+00 2.400000e+01
    endloop
  endfacet
  facet normal -8.333139e-01 5.528001e-01 0.000000e+00
    outer loop
      vertex   9.512193e+00 -7.571378e+00 2.400000e+01
      vertex   9.156197e+00 -8.108022e+00 2.700000e+01
      vertex   9.512193e+00 -7.571378e+00 2.700000e+01
    endloop
  endfacet
  facet normal -8.873521e-01 4.610925e-01 0.000000e+00
    outer loop
      vertex   9.512193e+00 -7.571378e+00 2.400000e+01
      vertex   9.512193e+00 -7.571378e+00 2.700000e+01
      vertex   9.809132e+00 -6.999934e+00 2.400000e+01
    endloop
  endfacet
  facet normal -8.873521e-01 4.610925e-01 0.000000e+00
    outer loop
      vertex   9.809132e+00 -6.999934e+00 2.400000e+01
      vertex   9.512193e+00 -7.571378e+00 2.700000e+01
      vertex   9.809132e+00 -6.999934e+00 2.700000e+01
    endloop
  endfacet
  facet normal -9.313362e-01 3.641606e-01 0.000000e+00
    outer loop
      vertex   9.809132e+00 -6.999934e+00 2.400000e+01
      vertex   9.809132e+00 -6.999934e+00 2.700000e+01
      vertex   1.004365e+01 -6.400164e+00 2.400000e+01
    endloop
  endfacet
  facet normal -9.313362e-01 3.641606e-01 0.000000e+00
    outer loop
      vertex   1.004365e+01 -6.400164e+00 2.400000e+01
      vertex   9.809132e+00 -6.999934e+00 2.700000e+01
      vertex   1.004365e+01 -6.400164e+00 2.700000e+01
    endloop
  endfacet
  facet normal -9.647679e-01 2.631026e-01 0.000000e+00
    outer loop
      vertex   1.004365e+01 -6.400164e+00 2.400000e+01
      vertex   1.004365e+01 -6.400164e+00 2.700000e+01
      vertex   1.021308e+01 -5.778865e+00 2.400000e+01
    endloop
  endfacet
  facet normal -9.647679e-01 2.631026e-01 0.000000e+00
    outer loop
      vertex   1.021308e+01 -5.778865e+00 2.400000e+01
      vertex   1.004365e+01 -6.400164e+00 2.700000e+01
      vertex   1.021308e+01 -5.778865e+00 2.700000e+01
    endloop
  endfacet
  facet normal -9.872684e-01 1.590635e-01 0.000000e+00
    outer loop
      vertex   1.021308e+01 -5.778865e+00 2.400000e+01
      vertex   1.021308e+01 -5.778865e+00 2.700000e+01
      vertex   1.031552e+01 -5.143076e+00 2.400000e+01
    endloop
  endfacet
  facet normal -9.872684e-01 1.590635e-01 0.000000e+00
    outer loop
      vertex   1.031552e+01 -5.143076e+00 2.400000e+01
      vertex   1.021308e+01 -5.778865e+00 2.700000e+01
      vertex   1.031552e+01 -5.143076e+00 2.700000e+01
    endloop
  endfacet
  facet normal 0.000000e+00 0.000000e+00 1.000000e+00
    outer loop
      vertex   1.034979e+01 -4.500000e+00 2.400000e+01
      vertex   1.031552e+01 -3.856924e+00 2.400000e+01
      vertex   1.031552e+01 -5.143076e+00 2.400000e+01
    endloop
  endfacet
  facet normal 0.000000e+00 -0.000000e+00 1.000000e+00
    outer loop
      vertex   1.031552e+01 -5.143076e+00 2.400000e+01
      vertex   1.031552e+01 -3.856924e+00 2.400000e+01
      vertex   1.021308e+01 -5.778865e+00 2.400000e+01
    endloop
  endfacet
  facet normal 0.000000e+00 -0.000000e+00 1.000000e+00
    outer loop
      vertex   1.021308e+01 -5.778865e+00 2.400000e+01
      vertex   1.031552e+01 -3.856924e+00 2.400000e+01
      vertex   1.004365e+01 -6.400164e+00 2.400000e+01
    endloop
  endfacet
  facet normal 0.000000e+00 -0.000000e+00 1.000000e+00
    outer loop
      vertex   1.004365e+01 -6.400164e+00 2.400000e+01
      vertex   1.031552e+01 -3.856924e+00 2.400000e+01
      vertex   9.809132e+00 -6.999934e+00 2.400000e+01
    endloop
  endfacet
  facet normal 0.000000e+00 -0.000000e+00 1.000000e+00
    outer loop
      vertex   9.809132e+00 -6.999934e+00 2.400000e+01
      vertex   1.031552e+01 -3.856924e+00 2.400000e+01
      vertex   9.512193e+00 -7.571378e+00 2.400000e+01
    endloop
  endfacet
  facet normal 0.000000e+00 -0.000000e+00 1.000000e+00
    outer loop
      vertex   9.512193e+00 -7.571378e+00 2.400000e+01
      vertex   1.031552e+01 -3.856924e+00 2.400000e+01
      vertex   9.156197e+00 -8.108022e+00 2.400000e+01
    endloop
  endfacet
  facet normal 0.000000e+00 -0.000000e+00 1.000000e+00
    outer loop
      vertex   9.156197e+00 -8.108022e+00 2.400000e+01
      vertex   1.031552e+01 -3.856924e+00 2.400000e+01
      vertex   8.745175e+00 -8.603787e+00 2.400000e+01
    endloop
  endfacet
  facet normal 0.000000e+00 -0.000000e+00 1.000000e+00
    outer loop
      vertex   8.745175e+00 -8.603787e+00 2.400000e+01
      vertex   1.031552e+01 -3.856924e+00 2.400000e+01
      vertex   8.283785e+00 -9.053053e+00 2.400000e+01
    endloop
  endfacet
  facet normal 0.000000e+00 -0.000000e+00 1.000000e+00
    outer loop
      vertex   8.283785e+00 -9.053053e+00 2.400000e+01
      vertex   1.031552e+01 -3.856924e+00 2.400000e+01
      vertex   7.777255e+00 -9.450732e+00 2.400000e+01
    endloop
  endfacet
  facet normal 0.000000e+00 -0.000000e+00 1.000000e+00
    outer loop
      vertex   7.777255e+00 -9.450732e+00 2.400000e+01
      vertex   1.031552e+01 -3.856924e+00 2.400000e+01
      vertex   7.231324e+00 -9.792317e+00 2.400000e+01
    endloop
  endfacet
  facet normal 0.000000e+00 -0.000000e+00 1.000000e+00
    outer loop
      vertex   7.231324e+00 -9.792317e+00 2.400000e+01
      vertex   1.031552e+01 -3.856924e+00 2.400000e+01
      vertex   6.652178e+00 -1.007394e+01 2.400000e+01
    endloop
  endfacet
  facet normal 0.000000e+00 -0.000000e+00 1.000000e+00
    outer loop
      vertex   6.652178e+00 -1.007394e+01 2.400000e+01
      vertex   1.031552e+01 -3.856924e+00 2.400000e+01
      vertex   6.046378e+00 -1.029240e+01 2.400000e+01
    endloop
  endfacet
  facet normal 0.000000e+00 -0.000000e+00 1.000000e+00
    outer loop
      vertex   6.046378e+00 -1.029240e+01 2.400000e+01
      vertex   1.031552e+01 -3.856924e+00 2.400000e+01
      vertex   5.420788e+00 -1.044524e+01 2.400000e+01
    endloop
  endfacet
  facet normal 0.000000e+00 -0.000000e+00 1.000000e+00
    outer loop
      vertex   5.420788e+00 -1.044524e+01 2.400000e+01
      vertex   1.031552e+01 -3.856924e+00 2.400000e+01
      vertex   4.782497e+00 -1.053071e+01 2.400000e+01
    endloop
  endfacet
  facet normal 0.000000e+00 -0.000000e+00 1.000000e+00
    outer loop
      vertex   4.782497e+00 -1.053071e+01 2.400000e+01
      vertex   1.031552e+01 -3.856924e+00 2.400000e+01
      vertex   4.138737e+00 -1.054786e+01 2.400000e+01
    endloop
  endfacet
  facet normal 0.000000e+00 -0.000000e+00 1.000000e+00
    outer loop
      vertex   4.138737e+00 -1.054786e+01 2.400000e+01
      vertex   1.031552e+01 -3.856924e+00 2.400000e+01
      vertex   3.496802e+00 -1.049647e+01 2.400000e+01
    endloop
  endfacet
  facet normal 0.000000e+00 -0.000000e+00 1.000000e+00
    outer loop
      vertex   3.496802e+00 -1.049647e+01 2.400000e+01
      vertex   1.031552e+01 -3.856924e+00 2.400000e+01
      vertex   2.863965e+00 -1.037715e+01 2.400000e+01
    endloop
  endfacet
  facet normal 0.000000e+00 -0.000000e+00 1.000000e+00
    outer loop
      vertex   2.863965e+00 -1.037715e+01 2.400000e+01
      vertex   1.031552e+01 -3.856924e+00 2.400000e+01
      vertex   2.247396e+00 -1.019124e+01 2.400000e+01
    endloop
  endfacet
  facet normal 0.000000e+00 -0.000000e+00 1.000000e+00
    outer loop
      vertex   2.247396e+00 -1.019124e+01 2.400000e+01
      vertex   1.031552e+01 -3.856924e+00 2.400000e+01
      vertex   1.654082e+00 -9.940838e+00 2.400000e+01
    endloop
  endfacet
  facet normal 0.000000e+00 -0.000000e+00 1.000000e+00
    outer loop
      vertex   1.654082e+00 -9.940838e+00 2.400000e+01
      vertex   1.031552e+01 -3.856924e+00 2.400000e+01
      vertex   1.090745e+00 -9.628793e+00 2.400000e+01
    endloop
  endfacet
  facet normal 0.000000e+00 -0.000000e+00 1.000000e+00
    outer loop
      vertex   1.090745e+00 -9.628793e+00 2.400000e+01
      vertex   1.031552e+01 -3.856924e+00 2.400000e+01
      vertex   5.637674e-01 -9.258637e+00 2.400000e+01
    endloop
  endfacet
  facet normal 0.000000e+00 -0.000000e+00 1.000000e+00
    outer loop
      vertex   5.637674e-01 -9.258637e+00 2.400000e+01
      vertex   1.031552e+01 -3.856924e+00 2.400000e+01
      vertex   7.912059e-02 -8.834563e+00 2.400000e+01
    endloop
  endfacet
  facet normal 0.000000e+00 -0.000000e+00 1.000000e+00
    outer loop
      vertex   7.912059e-02 -8.834563e+00 2.400000e+01
      vertex   1.031552e+01 -3.856924e+00 2.400000e+01
      vertex   -3.577043e-01 -8.361377e+00 2.400000e+01
    endloop
  endfacet
  facet normal 0.000000e+00 -0.000000e+00 1.000000e+00
    outer loop
      vertex   -3.577043e-01 -8.361377e+00 2.400000e+01
      vertex   1.031552e+01 -3.856924e+00 2.400000e+01
      vertex   -7.417579e-01 -7.844440e+00 2.400000e+01
    endloop
  endfacet
  facet normal 0.000000e+00 -0.000000e+00 1.000000e+00
    outer loop
      vertex   -7.417579e-01 -7.844440e+00 2.400000e+01
      vertex   1.031552e+01 -3.856924e+00 2.400000e+01
      vertex   -1.068689e+00 -7.289610e+00 2.400000e+01
    endloop
  endfacet
  facet normal 0.000000e+00 -0.000000e+00 1.000000e+00
    outer loop
      vertex   -1.068689e+00 -7.289610e+00 2.400000e+01
      vertex   1.031552e+01 -3.856924e+00 2.400000e+01
      vertex   -1.334793e+00 -6.703171e+00 2.400000e+01
    endloop
  endfacet
  facet normal 0.000000e+00 -0.000000e+00 1.000000e+00
    outer loop
      vertex   -1.334793e+00 -6.703171e+00 2.400000e+01
      vertex   1.031552e+01 -3.856924e+00 2.400000e+01
      vertex   -1.537054e+00 -6.091770e+00 2.400000e+01
    endloop
  endfacet
  facet normal 0.000000e+00 -0.000000e+00 1.000000e+00
    outer loop
      vertex   -1.537054e+00 -6.091770e+00 2.400000e+01
      vertex   1.031552e+01 -3.856924e+00 2.400000e+01
      vertex   -1.673182e+00 -5.462334e+00 2.400000e+01
    endloop
  endfacet
  facet normal 0.000000e+00 -0.000000e+00 1.000000e+00
    outer loop
      vertex   -1.673182e+00 -5.462334e+00 2.400000e+01
      vertex   1.031552e+01 -3.856924e+00 2.400000e+01
      vertex   -1.741634e+00 -4.821994e+00 2.400000e+01
    endloop
  endfacet
  facet normal 0.000000e+00 0.000000e+00 1.000000e+00
    outer loop
      vertex   -1.741634e+00 -4.821994e+00 2.400000e+01
      vertex   1.031552e+01 -3.856924e+00 2.400000e+01
      vertex   -1.741634e+00 -4.178006e+00 2.400000e+01
    endloop
  endfacet
  facet normal 0.000000e+00 0.000000e+00 1.000000e+00
    outer loop
      vertex   -1.741634e+00 -4.178006e+00 2.400000e+01
      vertex   1.031552e+01 -3.856924e+00 2.400000e+01
      vertex   -1.673182e+00 -3.537666e+00 2.400000e+01
    endloop
  endfacet
  facet normal -0.000000e+00 0.000000e+00 1.000000e+00
    outer loop
      vertex   -1.673182e+00 -3.537666e+00 2.400000e+01
      vertex   1.031552e+01 -3.856924e+00 2.400000e+01
      vertex   1.021308e+01 -3.221135e+00 2.400000e+01
    endloop
  endfacet
  facet normal 0.000000e+00 0.000000e+00 1.000000e+00
    outer loop
      vertex   -1.673182e+00 -3.537666e+00 2.400000e+01
      vertex   1.021308e+01 -3.221135e+00 2.400000e+01
      vertex   -1.537054e+00 -2.908229e+00 2.400000e+01
    endloop
  endfacet
  facet normal -0.000000e+00 0.000000e+00 1.000000e+00
    outer loop
      vertex   -1.537054e+00 -2.908229e+00 2.400000e+01
      vertex   1.021308e+01 -3.221135e+00 2.400000e+01
      vertex   1.004365e+01 -2.599836e+00 2.400000e+01
    endloop
  endfacet
  facet normal 0.000000e+00 0.000000e+00 1.000000e+00
    outer loop
      vertex   -1.537054e+00 -2.908229e+00 2.400000e+01
      vertex   1.004365e+01 -2.599836e+00 2.400000e+01
      vertex   -1.334793e+00 -2.296828e+00 2.400000e+01
    endloop
  endfacet
  facet normal -0.000000e+00 0.000000e+00 1.000000e+00
    outer loop
      vertex   -1.334793e+00 -2.296828e+00 2.400000e+01
      vertex   1.004365e+01 -2.599836e+00 2.400000e+01
      vertex   9.809132e+00 -2.000066e+00 2.400000e+01
    endloop
  endfacet
  facet normal 0.000000e+00 0.000000e+00 1.000000e+00
    outer loop
      vertex   -1.334793e+00 -2.296828e+00 2.400000e+01
      vertex   9.809132e+00 -2.000066e+00 2.400000e+01
      vertex   -1.068689e+00 -1.710390e+00 2.400000e+01
    endloop
  endfacet
  facet normal -0.000000e+00 0.000000e+00 1.000000e+00
    outer loop
      vertex   -1.068689e+00 -1.710390e+00 2.400000e+01
      vertex   9.809132e+00 -2.000066e+00 2.400000e+01
      vertex   9.512193e+00 -1.428622e+00 2.400000e+01
    endloop
  endfacet
  facet normal 0.000000e+00 0.000000e+00 1.000000e+00
    outer loop
      vertex   -1.068689e+00 -1.710390e+00 2.400000e+01
      vertex   9.512193e+00 -1.428622e+00 2.400000e+01
      vertex   -7.417579e-01 -1.155560e+00 2.400000e+01
    endloop
  endfacet
  facet normal -0.000000e+00 0.000000e+00 1.000000e+00
    outer loop
      vertex   -7.417579e-01 -1.155560e+00 2.400000e+01
      vertex   9.512193e+00 -1.428622e+00 2.400000e+01
      vertex   9.156197e+00 -8.919774e-01 2.400000e+01
    endloop
  endfacet
  facet normal 0.000000e+00 0.000000e+00 1.000000e+00
    outer loop
      vertex   -7.417579e-01 -1.155560e+00 2.400000e+01
      vertex   9.156197e+00 -8.919774e-01 2.400000e+01
      vertex   -3.577043e-01 -6.386226e-01 2.400000e+01
    endloop
  endfacet
  facet normal -0.000000e+00 0.000000e+00 1.000000e+00
    outer loop
      vertex   -3.577043e-01 -6.386226e-01 2.400000e+01
      vertex   9.156197e+00 -8.919774e-01 2.400000e+01
      vertex   8.745175e+00 -3.962133e-01 2.400000e+01
    endloop
  endfacet
  facet normal 0.000000e+00 0.000000e+00 1.000000e+00
    outer loop
      vertex   -3.577043e-01 -6.386226e-01 2.400000e+01
      vertex   8.745175e+00 -3.962133e-01 2.400000e+01
      vertex   7.912059e-02 -1.654367e-01 2.400000e+01
    endloop
  endfacet
  facet normal -0.000000e+00 0.000000e+00 1.000000e+00
    outer loop
      vertex   7.912059e-02 -1.654367e-01 2.400000e+01
      vertex   8.745175e+00 -3.962133e-01 2.400000e+01
      vertex   8.283785e+00 5.305322e-02 2.400000e+01
    endloop
  endfacet
  facet normal 0.000000e+00 0.000000e+00 1.000000e+00
    outer loop
      vertex   7.912059e-02 -1.654367e-01 2.400000e+01
      vertex   8.283785e+00 5.305322e-02 2.400000e+01
      vertex   5.637674e-01 2.586370e-01 2.400000e+01
    endloop
  endfacet
  facet normal -0.000000e+00 0.000000e+00 1.000000e+00
    outer loop
      vertex   5.637674e-01 2.586370e-01 2.400000e+01
      vertex   8.283785e+00 5.305322e-02 2.400000e+01
      vertex   7.777255e+00 4.507319e-01 2.400000e+01
    endloop
  endfacet
  facet normal 0.000000e+00 0.000000e+00 1.000000e+00
    outer loop
      vertex   5.637674e-01 2.586370e-01 2.400000e+01
      vertex   7.777255e+00 4.507319e-01 2.400000e+01
      vertex   1.090745e+00 6.287933e-01 2.400000e+01
    endloop
  endfacet
  facet normal -0.000000e+00 0.000000e+00 1.000000e+00
    outer loop
      vertex   1.090745e+00 6.287933e-01 2.400000e+01
      vertex   7.777255e+00 4.507319e-01 2.400000e+01
      vertex   7.231324e+00 7.923167e-01 2.400000e+01
    endloop
  endfacet
  facet normal 0.000000e+00 0.000000e+00 1.000000e+00
    outer loop
      vertex   1.090745e+00 6.287933e-01 2.400000e+01
      vertex   7.231324e+00 7.923167e-01 2.400000e+01
      vertex   1.654082e+00 9.408384e-01 2.400000e+01
    endloop
  endfacet
  facet normal -0.000000e+00 0.000000e+00 1.000000e+00
    outer loop
      vertex   1.654082e+00 9.408384e-01 2.400000e+01
      vertex   7.231324e+00 7.923167e-01 2.400000e+01
      vertex   6.652178e+00 1.073938e+00 2.400000e+01
    endloop
  endfacet
  facet normal 0.000000e+00 0.000000e+00 1.000000e+00
    outer loop
      vertex   1.654082e+00 9.408384e-01 2.400000e+01
      vertex   6.652178e+00 1.073938e+00 2.400000e+01
      vertex   2.247396e+00 1.191237e+00 2.400000e+01
    endloop
  endfacet
  facet normal -0.000000e+00 0.000000e+00 1.000000e+00
    outer loop
      vertex   2.247396e+00 1.191237e+00 2.400000e+01
      vertex   6.652178e+00 1.073938e+00 2.400000e+01
      vertex   6.046378e+00 1.292403e+00 2.400000e+01
    endloop
  endfacet
  facet normal 0.000000e+00 0.000000e+00 1.000000e+00
    outer loop
      vertex   2.247396e+00 1.191237e+00 2.400000e+01
      vertex   6.046378e+00 1.292403e+00 2.400000e+01
      vertex   2.863965e+00 1.377151e+00 2.400000e+01
    endloop
  endfacet
  facet normal -0.000000e+00 0.000000e+00 1.000000e+00
    outer loop
      vertex   2.863965e+00 1.377151e+00 2.400000e+01
      vertex   6.046378e+00 1.292403e+00 2.400000e+01
      vertex   5.420788e+00 1.445239e+00 2.400000e+01
    endloop
  endfacet
  facet normal 0.000000e+00 0.000000e+00 1.000000e+00
    outer loop
      vertex   2.863965e+00 1.377151e+00 2.400000e+01
      vertex   5.420788e+00 1.445239e+00 2.400000e+01
      vertex   3.496802e+00 1.496475e+00 2.400000e+01
    endloop
  endfacet
  facet normal -0.000000e+00 0.000000e+00 1.000000e+00
    outer loop
      vertex   3.496802e+00 1.496475e+00 2.400000e+01
      vertex   5.420788e+00 1.445239e+00 2.400000e+01
      vertex   4.782497e+00 1.530713e+00 2.400000e+01
    endloop
  endfacet
  facet normal 0.000000e+00 0.000000e+00 1.000000e+00
    outer loop
      vertex   3.496802e+00 1.496475e+00 2.400000e+01
      vertex   4.782497e+00 1.530713e+00 2.400000e+01
      vertex   4.138737e+00 1.547856e+00 2.400000e+01
    endloop
  endfacet
  facet normal -7.021869e-01 7.140543e-02 7.084030e-01
    outer loop
      vertex   1.582374e+01 -9.842207e+00 2.550000e+01
      vertex   1.732443e+01 -9.965924e+00 2.700000e+01
      vertex   1.585854e+01 -9.500000e+00 2.550000e+01
    endloop
  endfacet
  facet normal -7.061617e-01 5.168438e-02 7.061617e-01
    outer loop
      vertex   1.585854e+01 -9.500000e+00 2.550000e+01
      vertex   1.732443e+01 -9.965924e+00 2.700000e+01
      vertex   1.735854e+01 -9.500000e+00 2.700000e+01
    endloop
  endfacet
  facet normal -7.061617e-01 -5.168438e-02 7.061617e-01
    outer loop
      vertex   1.585854e+01 -9.500000e+00 2.550000e+01
      vertex   1.735854e+01 -9.500000e+00 2.700000e+01
      vertex   1.732443e+01 -9.034076e+00 2.700000e+01
    endloop
  endfacet
  facet normal -6.921033e-01 1.541726e-01 7.051410e-01
    outer loop
      vertex   1.732443e+01 -9.965924e+00 2.700000e+01
      vertex   1.582374e+01 -9.842207e+00 2.550000e+01
      vertex   1.722286e+01 -1.042192e+01 2.700000e+01
    endloop
  endfacet
  facet normal -6.727695e-01 2.110828e-01 7.091018e-01
    outer loop
      vertex   1.722286e+01 -1.042192e+01 2.700000e+01
      vertex   1.582374e+01 -9.842207e+00 2.550000e+01
      vertex   1.572076e+01 -1.017040e+01 2.550000e+01
    endloop
  endfacet
  facet normal -6.620300e-01 2.532050e-01 7.054101e-01
    outer loop
      vertex   1.722286e+01 -1.042192e+01 2.700000e+01
      vertex   1.572076e+01 -1.017040e+01 2.550000e+01
      vertex   1.705597e+01 -1.085826e+01 2.700000e+01
    endloop
  endfacet
  facet normal -6.179987e-01 3.430172e-01 7.074015e-01
    outer loop
      vertex   1.705597e+01 -1.085826e+01 2.700000e+01
      vertex   1.572076e+01 -1.017040e+01 2.550000e+01
      vertex   1.555383e+01 -1.047116e+01 2.550000e+01
    endloop
  endfacet
  facet normal -6.167567e-01 3.461406e-01 7.069638e-01
    outer loop
      vertex   1.705597e+01 -1.085826e+01 2.700000e+01
      vertex   1.555383e+01 -1.047116e+01 2.550000e+01
      vertex   1.682733e+01 -1.126566e+01 2.700000e+01
    endloop
  endfacet
  facet normal -5.608781e-01 4.330960e-01 7.055804e-01
    outer loop
      vertex   1.682733e+01 -1.126566e+01 2.700000e+01
      vertex   1.555383e+01 -1.047116e+01 2.550000e+01
      vertex   1.654181e+01 -1.163542e+01 2.700000e+01
    endloop
  endfacet
  facet normal -5.350938e-01 4.593629e-01 7.089854e-01
    outer loop
      vertex   1.654181e+01 -1.163542e+01 2.700000e+01
      vertex   1.555383e+01 -1.047116e+01 2.550000e+01
      vertex   1.532978e+01 -1.073215e+01 2.550000e+01
    endloop
  endfacet
  facet normal -4.921761e-01 5.104920e-01 7.050962e-01
    outer loop
      vertex   1.654181e+01 -1.163542e+01 2.700000e+01
      vertex   1.532978e+01 -1.073215e+01 2.550000e+01
      vertex   1.620549e+01 -1.195967e+01 2.700000e+01
    endloop
  endfacet
  facet normal -4.318555e-01 5.579113e-01 7.086860e-01
    outer loop
      vertex   1.620549e+01 -1.195967e+01 2.700000e+01
      vertex   1.532978e+01 -1.073215e+01 2.550000e+01
      vertex   1.505777e+01 -1.094270e+01 2.550000e+01
    endloop
  endfacet
  facet normal -4.121359e-01 5.760604e-01 7.059026e-01
    outer loop
      vertex   1.620549e+01 -1.195967e+01 2.700000e+01
      vertex   1.505777e+01 -1.094270e+01 2.550000e+01
      vertex   1.582554e+01 -1.223150e+01 2.700000e+01
    endloop
  endfacet
  facet normal -3.236164e-01 6.294379e-01 7.064562e-01
    outer loop
      vertex   1.582554e+01 -1.223150e+01 2.700000e+01
      vertex   1.505777e+01 -1.094270e+01 2.550000e+01
      vertex   1.541007e+01 -1.244511e+01 2.700000e+01
    endloop
  endfacet
  facet normal -3.109885e-01 6.339931e-01 7.080529e-01
    outer loop
      vertex   1.541007e+01 -1.244511e+01 2.700000e+01
      vertex   1.505777e+01 -1.094270e+01 2.550000e+01
      vertex   1.474895e+01 -1.109418e+01 2.550000e+01
    endloop
  endfacet
  facet normal -2.289179e-01 6.710133e-01 7.052218e-01
    outer loop
      vertex   1.541007e+01 -1.244511e+01 2.700000e+01
      vertex   1.474895e+01 -1.109418e+01 2.550000e+01
      vertex   1.496792e+01 -1.259595e+01 2.700000e+01
    endloop
  endfacet
  facet normal -1.767241e-01 6.825486e-01 7.091516e-01
    outer loop
      vertex   1.496792e+01 -1.259595e+01 2.700000e+01
      vertex   1.474895e+01 -1.109418e+01 2.550000e+01
      vertex   1.441596e+01 -1.118040e+01 2.550000e+01
    endloop
  endfacet
  facet normal -1.287684e-01 6.971406e-01 7.052756e-01
    outer loop
      vertex   1.496792e+01 -1.259595e+01 2.700000e+01
      vertex   1.441596e+01 -1.118040e+01 2.550000e+01
      vertex   1.450852e+01 -1.268080e+01 2.700000e+01
    endloop
  endfacet
  facet normal -3.577655e-02 7.054536e-01 7.078526e-01
    outer loop
      vertex   1.450852e+01 -1.268080e+01 2.700000e+01
      vertex   1.441596e+01 -1.118040e+01 2.550000e+01
      vertex   1.407243e+01 -1.119782e+01 2.550000e+01
    endloop
  endfacet
  facet normal -2.584286e-02 7.071245e-01 7.066166e-01
    outer loop
      vertex   1.450852e+01 -1.268080e+01 2.700000e+01
      vertex   1.407243e+01 -1.119782e+01 2.550000e+01
      vertex   1.404166e+01 -1.269787e+01 2.700000e+01
    endloop
  endfacet
  facet normal 7.748128e-02 7.041750e-01 7.057863e-01
    outer loop
      vertex   1.404166e+01 -1.269787e+01 2.700000e+01
      vertex   1.407243e+01 -1.119782e+01 2.550000e+01
      vertex   1.357730e+01 -1.264677e+01 2.700000e+01
    endloop
  endfacet
  facet normal 1.068182e-01 6.972725e-01 7.088025e-01
    outer loop
      vertex   1.357730e+01 -1.264677e+01 2.700000e+01
      vertex   1.407243e+01 -1.119782e+01 2.550000e+01
      vertex   1.373243e+01 -1.114573e+01 2.550000e+01
    endloop
  endfacet
  facet normal 1.793603e-01 6.860627e-01 7.050872e-01
    outer loop
      vertex   1.357730e+01 -1.264677e+01 2.700000e+01
      vertex   1.373243e+01 -1.114573e+01 2.550000e+01
      vertex   1.312532e+01 -1.252861e+01 2.700000e+01
    endloop
  endfacet
  facet normal 2.449567e-01 6.614029e-01 7.089023e-01
    outer loop
      vertex   1.312532e+01 -1.252861e+01 2.700000e+01
      vertex   1.373243e+01 -1.114573e+01 2.550000e+01
      vertex   1.340987e+01 -1.102627e+01 2.550000e+01
    endloop
  endfacet
  facet normal 2.771101e-01 6.520945e-01 7.056789e-01
    outer loop
      vertex   1.312532e+01 -1.252861e+01 2.700000e+01
      vertex   1.340987e+01 -1.102627e+01 2.550000e+01
      vertex   1.269536e+01 -1.234589e+01 2.700000e+01
    endloop
  endfacet
  facet normal 3.685276e-01 6.038553e-01 7.067858e-01
    outer loop
      vertex   1.269536e+01 -1.234589e+01 2.700000e+01
      vertex   1.340987e+01 -1.102627e+01 2.550000e+01
      vertex   1.229659e+01 -1.210253e+01 2.700000e+01
    endloop
  endfacet
  facet normal 3.737542e-01 5.996331e-01 7.076355e-01
    outer loop
      vertex   1.229659e+01 -1.210253e+01 2.700000e+01
      vertex   1.340987e+01 -1.102627e+01 2.550000e+01
      vertex   1.311796e+01 -1.084432e+01 2.550000e+01
    endloop
  endfacet
  facet normal 4.534455e-01 5.448715e-01 7.053384e-01
    outer loop
      vertex   1.229659e+01 -1.210253e+01 2.700000e+01
      vertex   1.311796e+01 -1.084432e+01 2.550000e+01
      vertex   1.193750e+01 -1.180369e+01 2.700000e+01
    endloop
  endfacet
  facet normal 4.857718e-01 5.110316e-01 7.091350e-01
    outer loop
      vertex   1.193750e+01 -1.180369e+01 2.700000e+01
      vertex   1.311796e+01 -1.084432e+01 2.550000e+01
      vertex   1.286865e+01 -1.060733e+01 2.550000e+01
    endloop
  endfacet
  facet normal 5.280668e-01 4.731500e-01 7.051769e-01
    outer loop
      vertex   1.193750e+01 -1.180369e+01 2.700000e+01
      vertex   1.286865e+01 -1.060733e+01 2.550000e+01
      vertex   1.162575e+01 -1.145576e+01 2.700000e+01
    endloop
  endfacet
  facet normal 5.794388e-01 4.033013e-01 7.082363e-01
    outer loop
      vertex   1.162575e+01 -1.145576e+01 2.700000e+01
      vertex   1.286865e+01 -1.060733e+01 2.550000e+01
      vertex   1.267215e+01 -1.032501e+01 2.550000e+01
    endloop
  endfacet
  facet normal 5.903938e-01 3.906009e-01 7.063045e-01
    outer loop
      vertex   1.162575e+01 -1.145576e+01 2.700000e+01
      vertex   1.267215e+01 -1.032501e+01 2.550000e+01
      vertex   1.136798e+01 -1.106614e+01 2.700000e+01
    endloop
  endfacet
  facet normal 6.412241e-01 3.005935e-01 7.060277e-01
    outer loop
      vertex   1.136798e+01 -1.106614e+01 2.700000e+01
      vertex   1.267215e+01 -1.032501e+01 2.550000e+01
      vertex   1.116968e+01 -1.064314e+01 2.700000e+01
    endloop
  endfacet
  facet normal 6.484697e-01 2.782803e-01 7.085529e-01
    outer loop
      vertex   1.116968e+01 -1.064314e+01 2.700000e+01
      vertex   1.267215e+01 -1.032501e+01 2.550000e+01
      vertex   1.253650e+01 -1.000892e+01 2.550000e+01
    endloop
  endfacet
  facet normal 6.790287e-01 2.042893e-01 7.051141e-01
    outer loop
      vertex   1.116968e+01 -1.064314e+01 2.700000e+01
      vertex   1.253650e+01 -1.000892e+01 2.550000e+01
      vertex   1.103509e+01 -1.019578e+01 2.700000e+01
    endloop
  endfacet
  facet normal 6.907217e-01 1.419469e-01 7.090519e-01
    outer loop
      vertex   1.103509e+01 -1.019578e+01 2.700000e+01
      vertex   1.253650e+01 -1.000892e+01 2.550000e+01
      vertex   1.246726e+01 -9.671986e+00 2.550000e+01
    endloop
  endfacet
  facet normal 7.011665e-01 1.031903e-01 7.054908e-01
    outer loop
      vertex   1.103509e+01 -1.019578e+01 2.700000e+01
      vertex   1.246726e+01 -9.671986e+00 2.550000e+01
      vertex   1.096707e+01 -9.733585e+00 2.700000e+01
    endloop
  endfacet
  facet normal 7.070631e-01 0.000000e+00 7.071505e-01
    outer loop
      vertex   1.096707e+01 -9.733585e+00 2.700000e+01
      vertex   1.246726e+01 -9.671986e+00 2.550000e+01
      vertex   1.246726e+01 -9.328014e+00 2.550000e+01
    endloop
  endfacet
  facet normal 7.070631e-01 -0.000000e+00 7.071505e-01
    outer loop
      vertex   1.096707e+01 -9.733585e+00 2.700000e+01
      vertex   1.246726e+01 -9.328014e+00 2.550000e+01
      vertex   1.096707e+01 -9.266415e+00 2.700000e+01
    endloop
  endfacet
  facet normal 7.011665e-01 -1.031903e-01 7.054908e-01
    outer loop
      vertex   1.096707e+01 -9.266415e+00 2.700000e+01
      vertex   1.246726e+01 -9.328014e+00 2.550000e+01
      vertex   1.103509e+01 -8.804223e+00 2.700000e+01
    endloop
  endfacet
  facet normal 6.907217e-01 -1.419469e-01 7.090519e-01
    outer loop
      vertex   1.103509e+01 -8.804223e+00 2.700000e+01
      vertex   1.246726e+01 -9.328014e+00 2.550000e+01
      vertex   1.253650e+01 -8.991083e+00 2.550000e+01
    endloop
  endfacet
  facet normal 6.790287e-01 -2.042893e-01 7.051141e-01
    outer loop
      vertex   1.103509e+01 -8.804223e+00 2.700000e+01
      vertex   1.253650e+01 -8.991083e+00 2.550000e+01
      vertex   1.116968e+01 -8.356861e+00 2.700000e+01
    endloop
  endfacet
  facet normal 6.484697e-01 -2.782803e-01 7.085529e-01
    outer loop
      vertex   1.116968e+01 -8.356861e+00 2.700000e+01
      vertex   1.253650e+01 -8.991083e+00 2.550000e+01
      vertex   1.267215e+01 -8.674987e+00 2.550000e+01
    endloop
  endfacet
  facet normal 6.412241e-01 -3.005935e-01 7.060277e-01
    outer loop
      vertex   1.116968e+01 -8.356861e+00 2.700000e+01
      vertex   1.267215e+01 -8.674987e+00 2.550000e+01
      vertex   1.136798e+01 -7.933863e+00 2.700000e+01
    endloop
  endfacet
  facet normal 5.903938e-01 -3.906009e-01 7.063045e-01
    outer loop
      vertex   1.136798e+01 -7.933863e+00 2.700000e+01
      vertex   1.267215e+01 -8.674987e+00 2.550000e+01
      vertex   1.162575e+01 -7.544244e+00 2.700000e+01
    endloop
  endfacet
  facet normal 5.794388e-01 -4.033013e-01 7.082363e-01
    outer loop
      vertex   1.162575e+01 -7.544244e+00 2.700000e+01
      vertex   1.267215e+01 -8.674987e+00 2.550000e+01
      vertex   1.286865e+01 -8.392667e+00 2.550000e+01
    endloop
  endfacet
  facet normal 5.280668e-01 -4.731500e-01 7.051769e-01
    outer loop
      vertex   1.162575e+01 -7.544244e+00 2.700000e+01
      vertex   1.286865e+01 -8.392667e+00 2.550000e+01
      vertex   1.193750e+01 -7.196309e+00 2.700000e+01
    endloop
  endfacet
  facet normal 4.857718e-01 -5.110316e-01 7.091350e-01
    outer loop
      vertex   1.193750e+01 -7.196309e+00 2.700000e+01
      vertex   1.286865e+01 -8.392667e+00 2.550000e+01
      vertex   1.311796e+01 -8.155681e+00 2.550000e+01
    endloop
  endfacet
  facet normal 4.534455e-01 -5.448715e-01 7.053384e-01
    outer loop
      vertex   1.193750e+01 -7.196309e+00 2.700000e+01
      vertex   1.311796e+01 -8.155681e+00 2.550000e+01
      vertex   1.229659e+01 -6.897473e+00 2.700000e+01
    endloop
  endfacet
  facet normal 3.737542e-01 -5.996331e-01 7.076355e-01
    outer loop
      vertex   1.229659e+01 -6.897473e+00 2.700000e+01
      vertex   1.311796e+01 -8.155681e+00 2.550000e+01
      vertex   1.340987e+01 -7.973732e+00 2.550000e+01
    endloop
  endfacet
  facet normal 3.685276e-01 -6.038553e-01 7.067858e-01
    outer loop
      vertex   1.229659e+01 -6.897473e+00 2.700000e+01
      vertex   1.340987e+01 -7.973732e+00 2.550000e+01
      vertex   1.269536e+01 -6.654105e+00 2.700000e+01
    endloop
  endfacet
  facet normal 2.771101e-01 -6.520945e-01 7.056789e-01
    outer loop
      vertex   1.269536e+01 -6.654105e+00 2.700000e+01
      vertex   1.340987e+01 -7.973732e+00 2.550000e+01
      vertex   1.312532e+01 -6.471393e+00 2.700000e+01
    endloop
  endfacet
  facet normal 2.449567e-01 -6.614029e-01 7.089023e-01
    outer loop
      vertex   1.312532e+01 -6.471393e+00 2.700000e+01
      vertex   1.340987e+01 -7.973732e+00 2.550000e+01
      vertex   1.373243e+01 -7.854269e+00 2.550000e+01
    endloop
  endfacet
  facet normal 1.793603e-01 -6.860627e-01 7.050872e-01
    outer loop
      vertex   1.312532e+01 -6.471393e+00 2.700000e+01
      vertex   1.373243e+01 -7.854269e+00 2.550000e+01
      vertex   1.357730e+01 -6.353230e+00 2.700000e+01
    endloop
  endfacet
  facet normal 1.068182e-01 -6.972725e-01 7.088025e-01
    outer loop
      vertex   1.357730e+01 -6.353230e+00 2.700000e+01
      vertex   1.373243e+01 -7.854269e+00 2.550000e+01
      vertex   1.407243e+01 -7.802182e+00 2.550000e+01
    endloop
  endfacet
  facet normal 7.748128e-02 -7.041750e-01 7.057863e-01
    outer loop
      vertex   1.357730e+01 -6.353230e+00 2.700000e+01
      vertex   1.407243e+01 -7.802182e+00 2.550000e+01
      vertex   1.404166e+01 -6.302135e+00 2.700000e+01
    endloop
  endfacet
  facet normal -2.584286e-02 -7.071245e-01 7.066166e-01
    outer loop
      vertex   1.404166e+01 -6.302135e+00 2.700000e+01
      vertex   1.407243e+01 -7.802182e+00 2.550000e+01
      vertex   1.450852e+01 -6.319197e+00 2.700000e+01
    endloop
  endfacet
  facet normal -3.577655e-02 -7.054536e-01 7.078526e-01
    outer loop
      vertex   1.450852e+01 -6.319197e+00 2.700000e+01
      vertex   1.407243e+01 -7.802182e+00 2.550000e+01
      vertex   1.441596e+01 -7.819604e+00 2.550000e+01
    endloop
  endfacet
  facet normal -1.287684e-01 -6.971406e-01 7.052756e-01
    outer loop
      vertex   1.450852e+01 -6.319197e+00 2.700000e+01
      vertex   1.441596e+01 -7.819604e+00 2.550000e+01
      vertex   1.496792e+01 -6.404052e+00 2.700000e+01
    endloop
  endfacet
  facet normal -1.767241e-01 -6.825486e-01 7.091516e-01
    outer loop
      vertex   1.496792e+01 -6.404052e+00 2.700000e+01
      vertex   1.441596e+01 -7.819604e+00 2.550000e+01
      vertex   1.474895e+01 -7.905821e+00 2.550000e+01
    endloop
  endfacet
  facet normal -2.289179e-01 -6.710133e-01 7.052218e-01
    outer loop
      vertex   1.496792e+01 -6.404052e+00 2.700000e+01
      vertex   1.474895e+01 -7.905821e+00 2.550000e+01
      vertex   1.541007e+01 -6.554892e+00 2.700000e+01
    endloop
  endfacet
  facet normal -3.109885e-01 -6.339931e-01 7.080529e-01
    outer loop
      vertex   1.541007e+01 -6.554892e+00 2.700000e+01
      vertex   1.474895e+01 -7.905821e+00 2.550000e+01
      vertex   1.505777e+01 -8.057305e+00 2.550000e+01
    endloop
  endfacet
  facet normal -3.236164e-01 -6.294379e-01 7.064562e-01
    outer loop
      vertex   1.541007e+01 -6.554892e+00 2.700000e+01
      vertex   1.505777e+01 -8.057305e+00 2.550000e+01
      vertex   1.582554e+01 -6.768502e+00 2.700000e+01
    endloop
  endfacet
  facet normal -4.121359e-01 -5.760604e-01 7.059026e-01
    outer loop
      vertex   1.582554e+01 -6.768502e+00 2.700000e+01
      vertex   1.505777e+01 -8.057305e+00 2.550000e+01
      vertex   1.620549e+01 -7.040329e+00 2.700000e+01
    endloop
  endfacet
  facet normal -4.318555e-01 -5.579113e-01 7.086860e-01
    outer loop
      vertex   1.620549e+01 -7.040329e+00 2.700000e+01
      vertex   1.505777e+01 -8.057305e+00 2.550000e+01
      vertex   1.532978e+01 -8.267852e+00 2.550000e+01
    endloop
  endfacet
  facet normal -4.921761e-01 -5.104920e-01 7.050962e-01
    outer loop
      vertex   1.620549e+01 -7.040329e+00 2.700000e+01
      vertex   1.532978e+01 -8.267852e+00 2.550000e+01
      vertex   1.654181e+01 -7.364580e+00 2.700000e+01
    endloop
  endfacet
  facet normal -5.350938e-01 -4.593629e-01 7.089854e-01
    outer loop
      vertex   1.654181e+01 -7.364580e+00 2.700000e+01
      vertex   1.532978e+01 -8.267852e+00 2.550000e+01
      vertex   1.555383e+01 -8.528844e+00 2.550000e+01
    endloop
  endfacet
  facet normal -5.608781e-01 -4.330960e-01 7.055804e-01
    outer loop
      vertex   1.654181e+01 -7.364580e+00 2.700000e+01
      vertex   1.555383e+01 -8.528844e+00 2.550000e+01
      vertex   1.682733e+01 -7.734343e+00 2.700000e+01
    endloop
  endfacet
  facet normal -6.167567e-01 -3.461406e-01 7.069638e-01
    outer loop
      vertex   1.682733e+01 -7.734343e+00 2.700000e+01
      vertex   1.555383e+01 -8.528844e+00 2.550000e+01
      vertex   1.705597e+01 -8.141739e+00 2.700000e+01
    endloop
  endfacet
  facet normal -6.179987e-01 -3.430172e-01 7.074015e-01
    outer loop
      vertex   1.705597e+01 -8.141739e+00 2.700000e+01
      vertex   1.555383e+01 -8.528844e+00 2.550000e+01
      vertex   1.572076e+01 -8.829595e+00 2.550000e+01
    endloop
  endfacet
  facet normal -6.620300e-01 -2.532050e-01 7.054101e-01
    outer loop
      vertex   1.705597e+01 -8.141739e+00 2.700000e+01
      vertex   1.572076e+01 -8.829595e+00 2.550000e+01
      vertex   1.722286e+01 -8.578083e+00 2.700000e+01
    endloop
  endfacet
  facet normal -6.727695e-01 -2.110828e-01 7.091018e-01
    outer loop
      vertex   1.722286e+01 -8.578083e+00 2.700000e+01
      vertex   1.572076e+01 -8.829595e+00 2.550000e+01
      vertex   1.582374e+01 -9.157792e+00 2.550000e+01
    endloop
  endfacet
  facet normal -6.921033e-01 -1.541726e-01 7.051410e-01
    outer loop
      vertex   1.722286e+01 -8.578083e+00 2.700000e+01
      vertex   1.582374e+01 -9.157792e+00 2.550000e+01
      vertex   1.732443e+01 -9.034076e+00 2.700000e+01
    endloop
  endfacet
  facet normal -7.021869e-01 -7.140543e-02 7.084030e-01
    outer loop
      vertex   1.732443e+01 -9.034076e+00 2.700000e+01
      vertex   1.582374e+01 -9.157792e+00 2.550000e+01
      vertex   1.585854e+01 -9.500000e+00 2.550000e+01
    endloop
  endfacet
  facet normal -9.948693e-01 1.011683e-01 0.000000e+00
    outer loop
      vertex   1.582374e+01 -9.842207e+00 2.300000e+01
      vertex   1.582374e+01 -9.842207e+00 2.550000e+01
      vertex   1.585854e+01 -9.500000e+00 2.300000e+01
    endloop
  endfacet
  facet normal -9.948693e-01 1.011683e-01 0.000000e+00
    outer loop
      vertex   1.585854e+01 -9.500000e+00 2.300000e+01
      vertex   1.582374e+01 -9.842207e+00 2.550000e+01
      vertex   1.585854e+01 -9.500000e+00 2.550000e+01
    endloop
  endfacet
  facet normal -9.948693e-01 -1.011683e-01 0.000000e+00
    outer loop
      vertex   1.585854e+01 -9.500000e+00 2.300000e+01
      vertex   1.585854e+01 -9.500000e+00 2.550000e+01
      vertex   1.582374e+01 -9.157792e+00 2.300000e+01
    endloop
  endfacet
  facet normal -9.948693e-01 -1.011683e-01 0.000000e+00
    outer loop
      vertex   1.582374e+01 -9.157792e+00 2.300000e+01
      vertex   1.585854e+01 -9.500000e+00 2.550000e+01
      vertex   1.582374e+01 -9.157792e+00 2.550000e+01
    endloop
  endfacet
  facet normal -9.541393e-01 -2.993631e-01 0.000000e+00
    outer loop
      vertex   1.582374e+01 -9.157792e+00 2.300000e+01
      vertex   1.582374e+01 -9.157792e+00 2.550000e+01
      vertex   1.572076e+01 -8.829595e+00 2.300000e+01
    endloop
  endfacet
  facet normal -9.541393e-01 -2.993631e-01 0.000000e+00
    outer loop
      vertex   1.572076e+01 -8.829595e+00 2.300000e+01
      vertex   1.582374e+01 -9.157792e+00 2.550000e+01
      vertex   1.572076e+01 -8.829595e+00 2.550000e+01
    endloop
  endfacet
  facet normal -8.743466e-01 -4.853020e-01 0.000000e+00
    outer loop
      vertex   1.572076e+01 -8.829595e+00 2.300000e+01
      vertex   1.572076e+01 -8.829595e+00 2.550000e+01
      vertex   1.555383e+01 -8.528844e+00 2.300000e+01
    endloop
  endfacet
  facet normal -8.743466e-01 -4.853020e-01 0.000000e+00
    outer loop
      vertex   1.555383e+01 -8.528844e+00 2.300000e+01
      vertex   1.572076e+01 -8.829595e+00 2.550000e+01
      vertex   1.555383e+01 -8.528844e+00 2.550000e+01
    endloop
  endfacet
  facet normal -7.587581e-01 -6.513725e-01 0.000000e+00
    outer loop
      vertex   1.555383e+01 -8.528844e+00 2.300000e+01
      vertex   1.555383e+01 -8.528844e+00 2.550000e+01
      vertex   1.532978e+01 -8.267852e+00 2.300000e+01
    endloop
  endfacet
  facet normal -7.587581e-01 -6.513725e-01 0.000000e+00
    outer loop
      vertex   1.532978e+01 -8.267852e+00 2.300000e+01
      vertex   1.555383e+01 -8.528844e+00 2.550000e+01
      vertex   1.532978e+01 -8.267852e+00 2.550000e+01
    endloop
  endfacet
  facet normal -6.121060e-01 -7.907757e-01 0.000000e+00
    outer loop
      vertex   1.532978e+01 -8.267852e+00 2.300000e+01
      vertex   1.532978e+01 -8.267852e+00 2.550000e+01
      vertex   1.505777e+01 -8.057305e+00 2.300000e+01
    endloop
  endfacet
  facet normal -6.121060e-01 -7.907757e-01 0.000000e+00
    outer loop
      vertex   1.505777e+01 -8.057305e+00 2.300000e+01
      vertex   1.532978e+01 -8.267852e+00 2.550000e+01
      vertex   1.505777e+01 -8.057305e+00 2.550000e+01
    endloop
  endfacet
  facet normal -4.403942e-01 -8.978045e-01 0.000000e+00
    outer loop
      vertex   1.505777e+01 -8.057305e+00 2.300000e+01
      vertex   1.505777e+01 -8.057305e+00 2.550000e+01
      vertex   1.474895e+01 -7.905821e+00 2.300000e+01
    endloop
  endfacet
  facet normal -4.403942e-01 -8.978045e-01 0.000000e+00
    outer loop
      vertex   1.474895e+01 -7.905821e+00 2.300000e+01
      vertex   1.505777e+01 -8.057305e+00 2.550000e+01
      vertex   1.474895e+01 -7.905821e+00 2.550000e+01
    endloop
  endfacet
  facet normal -2.506525e-01 -9.680771e-01 0.000000e+00
    outer loop
      vertex   1.474895e+01 -7.905821e+00 2.300000e+01
      vertex   1.474895e+01 -7.905821e+00 2.550000e+01
      vertex   1.441596e+01 -7.819604e+00 2.300000e+01
    endloop
  endfacet
  facet normal -2.506525e-01 -9.680771e-01 0.000000e+00
    outer loop
      vertex   1.441596e+01 -7.819604e+00 2.300000e+01
      vertex   1.474895e+01 -7.905821e+00 2.550000e+01
      vertex   1.441596e+01 -7.819604e+00 2.550000e+01
    endloop
  endfacet
  facet normal -5.064917e-02 -9.987165e-01 0.000000e+00
    outer loop
      vertex   1.441596e+01 -7.819604e+00 2.300000e+01
      vertex   1.441596e+01 -7.819604e+00 2.550000e+01
      vertex   1.407243e+01 -7.802182e+00 2.300000e+01
    endloop
  endfacet
  facet normal -5.064917e-02 -9.987165e-01 0.000000e+00
    outer loop
      vertex   1.407243e+01 -7.802182e+00 2.300000e+01
      vertex   1.441596e+01 -7.819604e+00 2.550000e+01
      vertex   1.407243e+01 -7.802182e+00 2.550000e+01
    endloop
  endfacet
  facet normal 1.514278e-01 -9.884683e-01 0.000000e+00
    outer loop
      vertex   1.407243e+01 -7.802182e+00 2.300000e+01
      vertex   1.407243e+01 -7.802182e+00 2.550000e+01
      vertex   1.373243e+01 -7.854269e+00 2.300000e+01
    endloop
  endfacet
  facet normal 1.514278e-01 -9.884683e-01 0.000000e+00
    outer loop
      vertex   1.373243e+01 -7.854269e+00 2.300000e+01
      vertex   1.407243e+01 -7.802182e+00 2.550000e+01
      vertex   1.373243e+01 -7.854269e+00 2.550000e+01
    endloop
  endfacet
  facet normal 3.473053e-01 -9.377521e-01 0.000000e+00
    outer loop
      vertex   1.373243e+01 -7.854269e+00 2.300000e+01
      vertex   1.373243e+01 -7.854269e+00 2.550000e+01
      vertex   1.340987e+01 -7.973732e+00 2.300000e+01
    endloop
  endfacet
  facet normal 3.473053e-01 -9.377521e-01 0.000000e+00
    outer loop
      vertex   1.340987e+01 -7.973732e+00 2.300000e+01
      vertex   1.373243e+01 -7.854269e+00 2.550000e+01
      vertex   1.340987e+01 -7.973732e+00 2.550000e+01
    endloop
  endfacet
  facet normal 5.289640e-01 -8.486443e-01 0.000000e+00
    outer loop
      vertex   1.340987e+01 -7.973732e+00 2.300000e+01
      vertex   1.340987e+01 -7.973732e+00 2.550000e+01
      vertex   1.311796e+01 -8.155681e+00 2.300000e+01
    endloop
  endfacet
  facet normal 5.289640e-01 -8.486443e-01 0.000000e+00
    outer loop
      vertex   1.311796e+01 -8.155681e+00 2.300000e+01
      vertex   1.340987e+01 -7.973732e+00 2.550000e+01
      vertex   1.311796e+01 -8.155681e+00 2.550000e+01
    endloop
  endfacet
  facet normal 6.889669e-01 -7.247928e-01 0.000000e+00
    outer loop
      vertex   1.311796e+01 -8.155681e+00 2.300000e+01
      vertex   1.311796e+01 -8.155681e+00 2.550000e+01
      vertex   1.286865e+01 -8.392667e+00 2.300000e+01
    endloop
  endfacet
  facet normal 6.889669e-01 -7.247928e-01 0.000000e+00
    outer loop
      vertex   1.286865e+01 -8.392667e+00 2.300000e+01
      vertex   1.311796e+01 -8.155681e+00 2.550000e+01
      vertex   1.286865e+01 -8.392667e+00 2.550000e+01
    endloop
  endfacet
  facet normal 8.207634e-01 -5.712682e-01 0.000000e+00
    outer loop
      vertex   1.286865e+01 -8.392667e+00 2.300000e+01
      vertex   1.286865e+01 -8.392667e+00 2.550000e+01
      vertex   1.267215e+01 -8.674987e+00 2.300000e+01
    endloop
  endfacet
  facet normal 8.207634e-01 -5.712682e-01 0.000000e+00
    outer loop
      vertex   1.267215e+01 -8.674987e+00 2.300000e+01
      vertex   1.286865e+01 -8.392667e+00 2.550000e+01
      vertex   1.267215e+01 -8.674987e+00 2.550000e+01
    endloop
  endfacet
  facet normal 9.189578e-01 -3.943559e-01 0.000000e+00
    outer loop
      vertex   1.267215e+01 -8.674987e+00 2.300000e+01
      vertex   1.267215e+01 -8.674987e+00 2.550000e+01
      vertex   1.253650e+01 -8.991083e+00 2.300000e+01
    endloop
  endfacet
  facet normal 9.189578e-01 -3.943559e-01 0.000000e+00
    outer loop
      vertex   1.253650e+01 -8.991083e+00 2.300000e+01
      vertex   1.267215e+01 -8.674987e+00 2.550000e+01
      vertex   1.253650e+01 -8.991083e+00 2.550000e+01
    endloop
  endfacet
  facet normal 9.795299e-01 -2.012985e-01 0.000000e+00
    outer loop
      vertex   1.253650e+01 -8.991083e+00 2.300000e+01
      vertex   1.253650e+01 -8.991083e+00 2.550000e+01
      vertex   1.246726e+01 -9.328014e+00 2.300000e+01
    endloop
  endfacet
  facet normal 9.795299e-01 -2.012985e-01 0.000000e+00
    outer loop
      vertex   1.246726e+01 -9.328014e+00 2.300000e+01
      vertex   1.253650e+01 -8.991083e+00 2.550000e+01
      vertex   1.246726e+01 -9.328014e+00 2.550000e+01
    endloop
  endfacet
  facet normal 1.000000e+00 0.000000e+00 -0.000000e+00
    outer loop
      vertex   1.246726e+01 -9.328014e+00 2.300000e+01
      vertex   1.246726e+01 -9.328014e+00 2.550000e+01
      vertex   1.246726e+01 -9.671986e+00 2.300000e+01
    endloop
  endfacet
  facet normal 1.000000e+00 0.000000e+00 0.000000e+00
    outer loop
      vertex   1.246726e+01 -9.671986e+00 2.300000e+01
      vertex   1.246726e+01 -9.328014e+00 2.550000e+01
      vertex   1.246726e+01 -9.671986e+00 2.550000e+01
    endloop
  endfacet
  facet normal 9.795299e-01 2.012985e-01 -0.000000e+00
    outer loop
      vertex   1.246726e+01 -9.671986e+00 2.300000e+01
      vertex   1.246726e+01 -9.671986e+00 2.550000e+01
      vertex   1.253650e+01 -1.000892e+01 2.300000e+01
    endloop
  endfacet
  facet normal 9.795299e-01 2.012985e-01 -0.000000e+00
    outer loop
      vertex   1.253650e+01 -1.000892e+01 2.300000e+01
      vertex   1.246726e+01 -9.671986e+00 2.550000e+01
      vertex   1.253650e+01 -1.000892e+01 2.550000e+01
    endloop
  endfacet
  facet normal 9.189578e-01 3.943559e-01 -0.000000e+00
    outer loop
      vertex   1.253650e+01 -1.000892e+01 2.300000e+01
      vertex   1.253650e+01 -1.000892e+01 2.550000e+01
      vertex   1.267215e+01 -1.032501e+01 2.300000e+01
    endloop
  endfacet
  facet normal 9.189578e-01 3.943559e-01 -0.000000e+00
    outer loop
      vertex   1.267215e+01 -1.032501e+01 2.300000e+01
      vertex   1.253650e+01 -1.000892e+01 2.550000e+01
      vertex   1.267215e+01 -1.032501e+01 2.550000e+01
    endloop
  endfacet
  facet normal 8.207634e-01 5.712682e-01 -0.000000e+00
    outer loop
      vertex   1.267215e+01 -1.032501e+01 2.300000e+01
      vertex   1.267215e+01 -1.032501e+01 2.550000e+01
      vertex   1.286865e+01 -1.060733e+01 2.300000e+01
    endloop
  endfacet
  facet normal 8.207634e-01 5.712682e-01 -0.000000e+00
    outer loop
      vertex   1.286865e+01 -1.060733e+01 2.300000e+01
      vertex   1.267215e+01 -1.032501e+01 2.550000e+01
      vertex   1.286865e+01 -1.060733e+01 2.550000e+01
    endloop
  endfacet
  facet normal 6.889669e-01 7.247928e-01 -0.000000e+00
    outer loop
      vertex   1.286865e+01 -1.060733e+01 2.300000e+01
      vertex   1.286865e+01 -1.060733e+01 2.550000e+01
      vertex   1.311796e+01 -1.084432e+01 2.300000e+01
    endloop
  endfacet
  facet normal 6.889669e-01 7.247928e-01 -0.000000e+00
    outer loop
      vertex   1.311796e+01 -1.084432e+01 2.300000e+01
      vertex   1.286865e+01 -1.060733e+01 2.550000e+01
      vertex   1.311796e+01 -1.084432e+01 2.550000e+01
    endloop
  endfacet
  facet normal 5.289640e-01 8.486443e-01 -0.000000e+00
    outer loop
      vertex   1.311796e+01 -1.084432e+01 2.300000e+01
      vertex   1.311796e+01 -1.084432e+01 2.550000e+01
      vertex   1.340987e+01 -1.102627e+01 2.300000e+01
    endloop
  endfacet
  facet normal 5.289640e-01 8.486443e-01 -0.000000e+00
    outer loop
      vertex   1.340987e+01 -1.102627e+01 2.300000e+01
      vertex   1.311796e+01 -1.084432e+01 2.550000e+01
      vertex   1.340987e+01 -1.102627e+01 2.550000e+01
    endloop
  endfacet
  facet normal 3.473053e-01 9.377521e-01 -0.000000e+00
    outer loop
      vertex   1.340987e+01 -1.102627e+01 2.300000e+01
      vertex   1.340987e+01 -1.102627e+01 2.550000e+01
      vertex   1.373243e+01 -1.114573e+01 2.300000e+01
    endloop
  endfacet
  facet normal 3.473053e-01 9.377521e-01 -0.000000e+00
    outer loop
      vertex   1.373243e+01 -1.114573e+01 2.300000e+01
      vertex   1.340987e+01 -1.102627e+01 2.550000e+01
      vertex   1.373243e+01 -1.114573e+01 2.550000e+01
    endloop
  endfacet
  facet normal 1.514278e-01 9.884683e-01 -0.000000e+00
    outer loop
      vertex   1.373243e+01 -1.114573e+01 2.300000e+01
      vertex   1.373243e+01 -1.114573e+01 2.550000e+01
      vertex   1.407243e+01 -1.119782e+01 2.300000e+01
    endloop
  endfacet
  facet normal 1.514278e-01 9.884683e-01 -0.000000e+00
    outer loop
      vertex   1.407243e+01 -1.119782e+01 2.300000e+01
      vertex   1.373243e+01 -1.114573e+01 2.550000e+01
      vertex   1.407243e+01 -1.119782e+01 2.550000e+01
    endloop
  endfacet
  facet normal -5.064917e-02 9.987165e-01 0.000000e+00
    outer loop
      vertex   1.407243e+01 -1.119782e+01 2.300000e+01
      vertex   1.407243e+01 -1.119782e+01 2.550000e+01
      vertex   1.441596e+01 -1.118040e+01 2.300000e+01
    endloop
  endfacet
  facet normal -5.064917e-02 9.987165e-01 0.000000e+00
    outer loop
      vertex   1.441596e+01 -1.118040e+01 2.300000e+01
      vertex   1.407243e+01 -1.119782e+01 2.550000e+01
      vertex   1.441596e+01 -1.118040e+01 2.550000e+01
    endloop
  endfacet
  facet normal -2.506525e-01 9.680771e-01 0.000000e+00
    outer loop
      vertex   1.441596e+01 -1.118040e+01 2.300000e+01
      vertex   1.441596e+01 -1.118040e+01 2.550000e+01
      vertex   1.474895e+01 -1.109418e+01 2.300000e+01
    endloop
  endfacet
  facet normal -2.506525e-01 9.680771e-01 0.000000e+00
    outer loop
      vertex   1.474895e+01 -1.109418e+01 2.300000e+01
      vertex   1.441596e+01 -1.118040e+01 2.550000e+01
      vertex   1.474895e+01 -1.109418e+01 2.550000e+01
    endloop
  endfacet
  facet normal -4.403942e-01 8.978045e-01 0.000000e+00
    outer loop
      vertex   1.474895e+01 -1.109418e+01 2.300000e+01
      vertex   1.474895e+01 -1.109418e+01 2.550000e+01
      vertex   1.505777e+01 -1.094270e+01 2.300000e+01
    endloop
  endfacet
  facet normal -4.403942e-01 8.978045e-01 0.000000e+00
    outer loop
      vertex   1.505777e+01 -1.094270e+01 2.300000e+01
      vertex   1.474895e+01 -1.109418e+01 2.550000e+01
      vertex   1.505777e+01 -1.094270e+01 2.550000e+01
    endloop
  endfacet
  facet normal -6.121060e-01 7.907757e-01 0.000000e+00
    outer loop
      vertex   1.505777e+01 -1.094270e+01 2.300000e+01
      vertex   1.505777e+01 -1.094270e+01 2.550000e+01
      vertex   1.532978e+01 -1.073215e+01 2.300000e+01
    endloop
  endfacet
  facet normal -6.121060e-01 7.907757e-01 0.000000e+00
    outer loop
      vertex   1.532978e+01 -1.073215e+01 2.300000e+01
      vertex   1.505777e+01 -1.094270e+01 2.550000e+01
      vertex   1.532978e+01 -1.073215e+01 2.550000e+01
    endloop
  endfacet
  facet normal -7.587581e-01 6.513725e-01 0.000000e+00
    outer loop
      vertex   1.532978e+01 -1.073215e+01 2.300000e+01
      vertex   1.532978e+01 -1.073215e+01 2.550000e+01
      vertex   1.555383e+01 -1.047116e+01 2.300000e+01
    endloop
  endfacet
  facet normal -7.587581e-01 6.513725e-01 0.000000e+00
    outer loop
      vertex   1.555383e+01 -1.047116e+01 2.300000e+01
      vertex   1.532978e+01 -1.073215e+01 2.550000e+01
      vertex   1.555383e+01 -1.047116e+01 2.550000e+01
    endloop
  endfacet
  facet normal -8.743466e-01 4.853020e-01 0.000000e+00
    outer loop
      vertex   1.555383e+01 -1.047116e+01 2.300000e+01
      vertex   1.555383e+01 -1.047116e+01 2.550000e+01
      vertex   1.572076e+01 -1.017040e+01 2.300000e+01
    endloop
  endfacet
  facet normal -8.743466e-01 4.853020e-01 0.000000e+00
    outer loop
      vertex   1.572076e+01 -1.017040e+01 2.300000e+01
      vertex   1.555383e+01 -1.047116e+01 2.550000e+01
      vertex   1.572076e+01 -1.017040e+01 2.550000e+01
    endloop
  endfacet
  facet normal -9.541393e-01 2.993631e-01 0.000000e+00
    outer loop
      vertex   1.572076e+01 -1.017040e+01 2.300000e+01
      vertex   1.572076e+01 -1.017040e+01 2.550000e+01
      vertex   1.582374e+01 -9.842207e+00 2.300000e+01
    endloop
  endfacet
  facet normal -9.541393e-01 2.993631e-01 0.000000e+00
    outer loop
      vertex   1.582374e+01 -9.842207e+00 2.300000e+01
      vertex   1.572076e+01 -1.017040e+01 2.550000e+01
      vertex   1.582374e+01 -9.842207e+00 2.550000e+01
    endloop
  endfacet
  facet normal -7.021869e-01 7.140543e-02 7.084030e-01
    outer loop
      vertex   -3.893752e+00 -9.842207e+00 2.550000e+01
      vertex   -2.393054e+00 -9.965924e+00 2.700000e+01
      vertex   -3.858953e+00 -9.500000e+00 2.550000e+01
    endloop
  endfacet
  facet normal -7.061617e-01 5.168438e-02 7.061617e-01
    outer loop
      vertex   -3.858953e+00 -9.500000e+00 2.550000e+01
      vertex   -2.393054e+00 -9.965924e+00 2.700000e+01
      vertex   -2.358953e+00 -9.500000e+00 2.700000e+01
    endloop
  endfacet
  facet normal -7.061617e-01 -5.168438e-02 7.061617e-01
    outer loop
      vertex   -3.858953e+00 -9.500000e+00 2.550000e+01
      vertex   -2.358953e+00 -9.500000e+00 2.700000e+01
      vertex   -2.393054e+00 -9.034076e+00 2.700000e+01
    endloop
  endfacet
  facet normal -6.921033e-01 1.541726e-01 7.051410e-01
    outer loop
      vertex   -2.393054e+00 -9.965924e+00 2.700000e+01
      vertex   -3.893752e+00 -9.842207e+00 2.550000e+01
      vertex   -2.494631e+00 -1.042192e+01 2.700000e+01
    endloop
  endfacet
  facet normal -6.727695e-01 2.110828e-01 7.091018e-01
    outer loop
      vertex   -2.494631e+00 -1.042192e+01 2.700000e+01
      vertex   -3.893752e+00 -9.842207e+00 2.550000e+01
      vertex   -3.996724e+00 -1.017040e+01 2.550000e+01
    endloop
  endfacet
  facet normal -6.620300e-01 2.532050e-01 7.054101e-01
    outer loop
      vertex   -2.494631e+00 -1.042192e+01 2.700000e+01
      vertex   -3.996724e+00 -1.017040e+01 2.550000e+01
      vertex   -2.661518e+00 -1.085826e+01 2.700000e+01
    endloop
  endfacet
  facet normal -6.179987e-01 3.430172e-01 7.074015e-01
    outer loop
      vertex   -2.661518e+00 -1.085826e+01 2.700000e+01
      vertex   -3.996724e+00 -1.017040e+01 2.550000e+01
      vertex   -4.163655e+00 -1.047116e+01 2.550000e+01
    endloop
  endfacet
  facet normal -6.167567e-01 3.461406e-01 7.069638e-01
    outer loop
      vertex   -2.661518e+00 -1.085826e+01 2.700000e+01
      vertex   -4.163655e+00 -1.047116e+01 2.550000e+01
      vertex   -2.890160e+00 -1.126566e+01 2.700000e+01
    endloop
  endfacet
  facet normal -5.608781e-01 4.330960e-01 7.055804e-01
    outer loop
      vertex   -2.890160e+00 -1.126566e+01 2.700000e+01
      vertex   -4.163655e+00 -1.047116e+01 2.550000e+01
      vertex   -3.175682e+00 -1.163542e+01 2.700000e+01
    endloop
  endfacet
  facet normal -5.350938e-01 4.593629e-01 7.089854e-01
    outer loop
      vertex   -3.175682e+00 -1.163542e+01 2.700000e+01
      vertex   -4.163655e+00 -1.047116e+01 2.550000e+01
      vertex   -4.387709e+00 -1.073215e+01 2.550000e+01
    endloop
  endfacet
  facet normal -4.921761e-01 5.104920e-01 7.050962e-01
    outer loop
      vertex   -3.175682e+00 -1.163542e+01 2.700000e+01
      vertex   -4.387709e+00 -1.073215e+01 2.550000e+01
      vertex   -3.511999e+00 -1.195967e+01 2.700000e+01
    endloop
  endfacet
  facet normal -4.318555e-01 5.579113e-01 7.086860e-01
    outer loop
      vertex   -3.511999e+00 -1.195967e+01 2.700000e+01
      vertex   -4.387709e+00 -1.073215e+01 2.550000e+01
      vertex   -4.659714e+00 -1.094270e+01 2.550000e+01
    endloop
  endfacet
  facet normal -4.121359e-01 5.760604e-01 7.059026e-01
    outer loop
      vertex   -3.511999e+00 -1.195967e+01 2.700000e+01
      vertex   -4.659714e+00 -1.094270e+01 2.550000e+01
      vertex   -3.891944e+00 -1.223150e+01 2.700000e+01
    endloop
  endfacet
  facet normal -3.236164e-01 6.294379e-01 7.064562e-01
    outer loop
      vertex   -3.891944e+00 -1.223150e+01 2.700000e+01
      vertex   -4.659714e+00 -1.094270e+01 2.550000e+01
      vertex   -4.307418e+00 -1.244511e+01 2.700000e+01
    endloop
  endfacet
  facet normal -3.109885e-01 6.339931e-01 7.080529e-01
    outer loop
      vertex   -4.307418e+00 -1.244511e+01 2.700000e+01
      vertex   -4.659714e+00 -1.094270e+01 2.550000e+01
      vertex   -4.968534e+00 -1.109418e+01 2.550000e+01
    endloop
  endfacet
  facet normal -2.289179e-01 6.710133e-01 7.052218e-01
    outer loop
      vertex   -4.307418e+00 -1.244511e+01 2.700000e+01
      vertex   -4.968534e+00 -1.109418e+01 2.550000e+01
      vertex   -4.749566e+00 -1.259595e+01 2.700000e+01
    endloop
  endfacet
  facet normal -1.767241e-01 6.825486e-01 7.091516e-01
    outer loop
      vertex   -4.749566e+00 -1.259595e+01 2.700000e+01
      vertex   -4.968534e+00 -1.109418e+01 2.550000e+01
      vertex   -5.301525e+00 -1.118040e+01 2.550000e+01
    endloop
  endfacet
  facet normal -1.287684e-01 6.971406e-01 7.052756e-01
    outer loop
      vertex   -4.749566e+00 -1.259595e+01 2.700000e+01
      vertex   -5.301525e+00 -1.118040e+01 2.550000e+01
      vertex   -5.208965e+00 -1.268080e+01 2.700000e+01
    endloop
  endfacet
  facet normal -3.577655e-02 7.054536e-01 7.078526e-01
    outer loop
      vertex   -5.208965e+00 -1.268080e+01 2.700000e+01
      vertex   -5.301525e+00 -1.118040e+01 2.550000e+01
      vertex   -5.645056e+00 -1.119782e+01 2.550000e+01
    endloop
  endfacet
  facet normal -2.584286e-02 7.071245e-01 7.066166e-01
    outer loop
      vertex   -5.208965e+00 -1.268080e+01 2.700000e+01
      vertex   -5.645056e+00 -1.119782e+01 2.550000e+01
      vertex   -5.675823e+00 -1.269787e+01 2.700000e+01
    endloop
  endfacet
  facet normal 7.748128e-02 7.041750e-01 7.057863e-01
    outer loop
      vertex   -5.675823e+00 -1.269787e+01 2.700000e+01
      vertex   -5.645056e+00 -1.119782e+01 2.550000e+01
      vertex   -6.140191e+00 -1.264677e+01 2.700000e+01
    endloop
  endfacet
  facet normal 1.068182e-01 6.972725e-01 7.088025e-01
    outer loop
      vertex   -6.140191e+00 -1.264677e+01 2.700000e+01
      vertex   -5.645056e+00 -1.119782e+01 2.550000e+01
      vertex   -5.985062e+00 -1.114573e+01 2.550000e+01
    endloop
  endfacet
  facet normal 1.793603e-01 6.860627e-01 7.050872e-01
    outer loop
      vertex   -6.140191e+00 -1.264677e+01 2.700000e+01
      vertex   -5.985062e+00 -1.114573e+01 2.550000e+01
      vertex   -6.592170e+00 -1.252861e+01 2.700000e+01
    endloop
  endfacet
  facet normal 2.449567e-01 6.614029e-01 7.089023e-01
    outer loop
      vertex   -6.592170e+00 -1.252861e+01 2.700000e+01
      vertex   -5.985062e+00 -1.114573e+01 2.550000e+01
      vertex   -6.307623e+00 -1.102627e+01 2.550000e+01
    endloop
  endfacet
  facet normal 2.771101e-01 6.520945e-01 7.056789e-01
    outer loop
      vertex   -6.592170e+00 -1.252861e+01 2.700000e+01
      vertex   -6.307623e+00 -1.102627e+01 2.550000e+01
      vertex   -7.022128e+00 -1.234589e+01 2.700000e+01
    endloop
  endfacet
  facet normal 3.685276e-01 6.038553e-01 7.067858e-01
    outer loop
      vertex   -7.022128e+00 -1.234589e+01 2.700000e+01
      vertex   -6.307623e+00 -1.102627e+01 2.550000e+01
      vertex   -7.420901e+00 -1.210253e+01 2.700000e+01
    endloop
  endfacet
  facet normal 3.737542e-01 5.996331e-01 7.076355e-01
    outer loop
      vertex   -7.420901e+00 -1.210253e+01 2.700000e+01
      vertex   -6.307623e+00 -1.102627e+01 2.550000e+01
      vertex   -6.599533e+00 -1.084432e+01 2.550000e+01
    endloop
  endfacet
  facet normal 4.534455e-01 5.448715e-01 7.053384e-01
    outer loop
      vertex   -7.420901e+00 -1.210253e+01 2.700000e+01
      vertex   -6.599533e+00 -1.084432e+01 2.550000e+01
      vertex   -7.779990e+00 -1.180369e+01 2.700000e+01
    endloop
  endfacet
  facet normal 4.857718e-01 5.110316e-01 7.091350e-01
    outer loop
      vertex   -7.779990e+00 -1.180369e+01 2.700000e+01
      vertex   -6.599533e+00 -1.084432e+01 2.550000e+01
      vertex   -6.848841e+00 -1.060733e+01 2.550000e+01
    endloop
  endfacet
  facet normal 5.280668e-01 4.731500e-01 7.051769e-01
    outer loop
      vertex   -7.779990e+00 -1.180369e+01 2.700000e+01
      vertex   -6.848841e+00 -1.060733e+01 2.550000e+01
      vertex   -8.091741e+00 -1.145576e+01 2.700000e+01
    endloop
  endfacet
  facet normal 5.794388e-01 4.033013e-01 7.082363e-01
    outer loop
      vertex   -8.091741e+00 -1.145576e+01 2.700000e+01
      vertex   -6.848841e+00 -1.060733e+01 2.550000e+01
      vertex   -7.045342e+00 -1.032501e+01 2.550000e+01
    endloop
  endfacet
  facet normal 5.903938e-01 3.906009e-01 7.063045e-01
    outer loop
      vertex   -8.091741e+00 -1.145576e+01 2.700000e+01
      vertex   -7.045342e+00 -1.032501e+01 2.550000e+01
      vertex   -8.349511e+00 -1.106614e+01 2.700000e+01
    endloop
  endfacet
  facet normal 6.412241e-01 3.005935e-01 7.060277e-01
    outer loop
      vertex   -8.349511e+00 -1.106614e+01 2.700000e+01
      vertex   -7.045342e+00 -1.032501e+01 2.550000e+01
      vertex   -8.547804e+00 -1.064314e+01 2.700000e+01
    endloop
  endfacet
  facet normal 6.484697e-01 2.782803e-01 7.085529e-01
    outer loop
      vertex   -8.547804e+00 -1.064314e+01 2.700000e+01
      vertex   -7.045342e+00 -1.032501e+01 2.550000e+01
      vertex   -7.180989e+00 -1.000892e+01 2.550000e+01
    endloop
  endfacet
  facet normal 6.790287e-01 2.042893e-01 7.051141e-01
    outer loop
      vertex   -8.547804e+00 -1.064314e+01 2.700000e+01
      vertex   -7.180989e+00 -1.000892e+01 2.550000e+01
      vertex   -8.682395e+00 -1.019578e+01 2.700000e+01
    endloop
  endfacet
  facet normal 6.907217e-01 1.419469e-01 7.090519e-01
    outer loop
      vertex   -8.682395e+00 -1.019578e+01 2.700000e+01
      vertex   -7.180989e+00 -1.000892e+01 2.550000e+01
      vertex   -7.250231e+00 -9.671986e+00 2.550000e+01
    endloop
  endfacet
  facet normal 7.011665e-01 1.031903e-01 7.054908e-01
    outer loop
      vertex   -8.682395e+00 -1.019578e+01 2.700000e+01
      vertex   -7.250231e+00 -9.671986e+00 2.550000e+01
      vertex   -8.750416e+00 -9.733585e+00 2.700000e+01
    endloop
  endfacet
  facet normal 7.070631e-01 0.000000e+00 7.071505e-01
    outer loop
      vertex   -8.750416e+00 -9.733585e+00 2.700000e+01
      vertex   -7.250231e+00 -9.671986e+00 2.550000e+01
      vertex   -7.250231e+00 -9.328014e+00 2.550000e+01
    endloop
  endfacet
  facet normal 7.070631e-01 -0.000000e+00 7.071505e-01
    outer loop
      vertex   -8.750416e+00 -9.733585e+00 2.700000e+01
      vertex   -7.250231e+00 -9.328014e+00 2.550000e+01
      vertex   -8.750416e+00 -9.266415e+00 2.700000e+01
    endloop
  endfacet
  facet normal 7.011665e-01 -1.031903e-01 7.054908e-01
    outer loop
      vertex   -8.750416e+00 -9.266415e+00 2.700000e+01
      vertex   -7.250231e+00 -9.328014e+00 2.550000e+01
      vertex   -8.682395e+00 -8.804223e+00 2.700000e+01
    endloop
  endfacet
  facet normal 6.907217e-01 -1.419469e-01 7.090519e-01
    outer loop
      vertex   -8.682395e+00 -8.804223e+00 2.700000e+01
      vertex   -7.250231e+00 -9.328014e+00 2.550000e+01
      vertex   -7.180989e+00 -8.991083e+00 2.550000e+01
    endloop
  endfacet
  facet normal 6.790287e-01 -2.042893e-01 7.051141e-01
    outer loop
      vertex   -8.682395e+00 -8.804223e+00 2.700000e+01
      vertex   -7.180989e+00 -8.991083e+00 2.550000e+01
      vertex   -8.547804e+00 -8.356861e+00 2.700000e+01
    endloop
  endfacet
  facet normal 6.484697e-01 -2.782803e-01 7.085529e-01
    outer loop
      vertex   -8.547804e+00 -8.356861e+00 2.700000e+01
      vertex   -7.180989e+00 -8.991083e+00 2.550000e+01
      vertex   -7.045342e+00 -8.674987e+00 2.550000e+01
    endloop
  endfacet
  facet normal 6.412241e-01 -3.005935e-01 7.060277e-01
    outer loop
      vertex   -8.547804e+00 -8.356861e+00 2.700000e+01
      vertex   -7.045342e+00 -8.674987e+00 2.550000e+01
      vertex   -8.349511e+00 -7.933863e+00 2.700000e+01
    endloop
  endfacet
  facet normal 5.903938e-01 -3.906009e-01 7.063045e-01
    outer loop
      vertex   -8.349511e+00 -7.933863e+00 2.700000e+01
      vertex   -7.045342e+00 -8.674987e+00 2.550000e+01
      vertex   -8.091741e+00 -7.544244e+00 2.700000e+01
    endloop
  endfacet
  facet normal 5.794388e-01 -4.033013e-01 7.082363e-01
    outer loop
      vertex   -8.091741e+00 -7.544244e+00 2.700000e+01
      vertex   -7.045342e+00 -8.674987e+00 2.550000e+01
      vertex   -6.848841e+00 -8.392667e+00 2.550000e+01
    endloop
  endfacet
  facet normal 5.280668e-01 -4.731500e-01 7.051769e-01
    outer loop
      vertex   -8.091741e+00 -7.544244e+00 2.700000e+01
      vertex   -6.848841e+00 -8.392667e+00 2.550000e+01
      vertex   -7.779990e+00 -7.196309e+00 2.700000e+01
    endloop
  endfacet
  facet normal 4.857718e-01 -5.110316e-01 7.091350e-01
    outer loop
      vertex   -7.779990e+00 -7.196309e+00 2.700000e+01
      vertex   -6.848841e+00 -8.392667e+00 2.550000e+01
      vertex   -6.599533e+00 -8.155681e+00 2.550000e+01
    endloop
  endfacet
  facet normal 4.534455e-01 -5.448715e-01 7.053384e-01
    outer loop
      vertex   -7.779990e+00 -7.196309e+00 2.700000e+01
      vertex   -6.599533e+00 -8.155681e+00 2.550000e+01
      vertex   -7.420901e+00 -6.897473e+00 2.700000e+01
    endloop
  endfacet
  facet normal 3.737542e-01 -5.996331e-01 7.076355e-01
    outer loop
      vertex   -7.420901e+00 -6.897473e+00 2.700000e+01
      vertex   -6.599533e+00 -8.155681e+00 2.550000e+01
      vertex   -6.307623e+00 -7.973732e+00 2.550000e+01
    endloop
  endfacet
  facet normal 3.685276e-01 -6.038553e-01 7.067858e-01
    outer loop
      vertex   -7.420901e+00 -6.897473e+00 2.700000e+01
      vertex   -6.307623e+00 -7.973732e+00 2.550000e+01
      vertex   -7.022128e+00 -6.654105e+00 2.700000e+01
    endloop
  endfacet
  facet normal 2.771101e-01 -6.520945e-01 7.056789e-01
    outer loop
      vertex   -7.022128e+00 -6.654105e+00 2.700000e+01
      vertex   -6.307623e+00 -7.973732e+00 2.550000e+01
      vertex   -6.592170e+00 -6.471393e+00 2.700000e+01
    endloop
  endfacet
  facet normal 2.449567e-01 -6.614029e-01 7.089023e-01
    outer loop
      vertex   -6.592170e+00 -6.471393e+00 2.700000e+01
      vertex   -6.307623e+00 -7.973732e+00 2.550000e+01
      vertex   -5.985062e+00 -7.854269e+00 2.550000e+01
    endloop
  endfacet
  facet normal 1.793603e-01 -6.860627e-01 7.050872e-01
    outer loop
      vertex   -6.592170e+00 -6.471393e+00 2.700000e+01
      vertex   -5.985062e+00 -7.854269e+00 2.550000e+01
      vertex   -6.140191e+00 -6.353230e+00 2.700000e+01
    endloop
  endfacet
  facet normal 1.068182e-01 -6.972725e-01 7.088025e-01
    outer loop
      vertex   -6.140191e+00 -6.353230e+00 2.700000e+01
      vertex   -5.985062e+00 -7.854269e+00 2.550000e+01
      vertex   -5.645056e+00 -7.802182e+00 2.550000e+01
    endloop
  endfacet
  facet normal 7.748128e-02 -7.041750e-01 7.057863e-01
    outer loop
      vertex   -6.140191e+00 -6.353230e+00 2.700000e+01
      vertex   -5.645056e+00 -7.802182e+00 2.550000e+01
      vertex   -5.675823e+00 -6.302135e+00 2.700000e+01
    endloop
  endfacet
  facet normal -2.584286e-02 -7.071245e-01 7.066166e-01
    outer loop
      vertex   -5.675823e+00 -6.302135e+00 2.700000e+01
      vertex   -5.645056e+00 -7.802182e+00 2.550000e+01
      vertex   -5.208965e+00 -6.319197e+00 2.700000e+01
    endloop
  endfacet
  facet normal -3.577655e-02 -7.054536e-01 7.078526e-01
    outer loop
      vertex   -5.208965e+00 -6.319197e+00 2.700000e+01
      vertex   -5.645056e+00 -7.802182e+00 2.550000e+01
      vertex   -5.301525e+00 -7.819604e+00 2.550000e+01
    endloop
  endfacet
  facet normal -1.287684e-01 -6.971406e-01 7.052756e-01
    outer loop
      vertex   -5.208965e+00 -6.319197e+00 2.700000e+01
      vertex   -5.301525e+00 -7.819604e+00 2.550000e+01
      vertex   -4.749566e+00 -6.404052e+00 2.700000e+01
    endloop
  endfacet
  facet normal -1.767241e-01 -6.825486e-01 7.091516e-01
    outer loop
      vertex   -4.749566e+00 -6.404052e+00 2.700000e+01
      vertex   -5.301525e+00 -7.819604e+00 2.550000e+01
      vertex   -4.968534e+00 -7.905821e+00 2.550000e+01
    endloop
  endfacet
  facet normal -2.289179e-01 -6.710133e-01 7.052218e-01
    outer loop
      vertex   -4.749566e+00 -6.404052e+00 2.700000e+01
      vertex   -4.968534e+00 -7.905821e+00 2.550000e+01
      vertex   -4.307418e+00 -6.554892e+00 2.700000e+01
    endloop
  endfacet
  facet normal -3.109885e-01 -6.339931e-01 7.080529e-01
    outer loop
      vertex   -4.307418e+00 -6.554892e+00 2.700000e+01
      vertex   -4.968534e+00 -7.905821e+00 2.550000e+01
      vertex   -4.659714e+00 -8.057305e+00 2.550000e+01
    endloop
  endfacet
  facet normal -3.236164e-01 -6.294379e-01 7.064562e-01
    outer loop
      vertex   -4.307418e+00 -6.554892e+00 2.700000e+01
      vertex   -4.659714e+00 -8.057305e+00 2.550000e+01
      vertex   -3.891944e+00 -6.768502e+00 2.700000e+01
    endloop
  endfacet
  facet normal -4.121359e-01 -5.760604e-01 7.059026e-01
    outer loop
      vertex   -3.891944e+00 -6.768502e+00 2.700000e+01
      vertex   -4.659714e+00 -8.057305e+00 2.550000e+01
      vertex   -3.511999e+00 -7.040329e+00 2.700000e+01
    endloop
  endfacet
  facet normal -4.318555e-01 -5.579113e-01 7.086860e-01
    outer loop
      vertex   -3.511999e+00 -7.040329e+00 2.700000e+01
      vertex   -4.659714e+00 -8.057305e+00 2.550000e+01
      vertex   -4.387709e+00 -8.267852e+00 2.550000e+01
    endloop
  endfacet
  facet normal -4.921761e-01 -5.104920e-01 7.050962e-01
    outer loop
      vertex   -3.511999e+00 -7.040329e+00 2.700000e+01
      vertex   -4.387709e+00 -8.267852e+00 2.550000e+01
      vertex   -3.175682e+00 -7.364580e+00 2.700000e+01
    endloop
  endfacet
  facet normal -5.350938e-01 -4.593629e-01 7.089854e-01
    outer loop
      vertex   -3.175682e+00 -7.364580e+00 2.700000e+01
      vertex   -4.387709e+00 -8.267852e+00 2.550000e+01
      vertex   -4.163655e+00 -8.528844e+00 2.550000e+01
    endloop
  endfacet
  facet normal -5.608781e-01 -4.330960e-01 7.055804e-01
    outer loop
      vertex   -3.175682e+00 -7.364580e+00 2.700000e+01
      vertex   -4.163655e+00 -8.528844e+00 2.550000e+01
      vertex   -2.890160e+00 -7.734343e+00 2.700000e+01
    endloop
  endfacet
  facet normal -6.167567e-01 -3.461406e-01 7.069638e-01
    outer loop
      vertex   -2.890160e+00 -7.734343e+00 2.700000e+01
      vertex   -4.163655e+00 -8.528844e+00 2.550000e+01
      vertex   -2.661518e+00 -8.141739e+00 2.700000e+01
    endloop
  endfacet
  facet normal -6.179987e-01 -3.430172e-01 7.074015e-01
    outer loop
      vertex   -2.661518e+00 -8.141739e+00 2.700000e+01
      vertex   -4.163655e+00 -8.528844e+00 2.550000e+01
      vertex   -3.996724e+00 -8.829595e+00 2.550000e+01
    endloop
  endfacet
  facet normal -6.620300e-01 -2.532050e-01 7.054101e-01
    outer loop
      vertex   -2.661518e+00 -8.141739e+00 2.700000e+01
      vertex   -3.996724e+00 -8.829595e+00 2.550000e+01
      vertex   -2.494631e+00 -8.578083e+00 2.700000e+01
    endloop
  endfacet
  facet normal -6.727695e-01 -2.110828e-01 7.091018e-01
    outer loop
      vertex   -2.494631e+00 -8.578083e+00 2.700000e+01
      vertex   -3.996724e+00 -8.829595e+00 2.550000e+01
      vertex   -3.893752e+00 -9.157792e+00 2.550000e+01
    endloop
  endfacet
  facet normal -6.921033e-01 -1.541726e-01 7.051410e-01
    outer loop
      vertex   -2.494631e+00 -8.578083e+00 2.700000e+01
      vertex   -3.893752e+00 -9.157792e+00 2.550000e+01
      vertex   -2.393054e+00 -9.034076e+00 2.700000e+01
    endloop
  endfacet
  facet normal -7.021869e-01 -7.140543e-02 7.084030e-01
    outer loop
      vertex   -2.393054e+00 -9.034076e+00 2.700000e+01
      vertex   -3.893752e+00 -9.157792e+00 2.550000e+01
      vertex   -3.858953e+00 -9.500000e+00 2.550000e+01
    endloop
  endfacet
  facet normal -9.948693e-01 1.011683e-01 0.000000e+00
    outer loop
      vertex   -3.893752e+00 -9.842207e+00 2.300000e+01
      vertex   -3.893752e+00 -9.842207e+00 2.550000e+01
      vertex   -3.858953e+00 -9.500000e+00 2.300000e+01
    endloop
  endfacet
  facet normal -9.948693e-01 1.011683e-01 0.000000e+00
    outer loop
      vertex   -3.858953e+00 -9.500000e+00 2.300000e+01
      vertex   -3.893752e+00 -9.842207e+00 2.550000e+01
      vertex   -3.858953e+00 -9.500000e+00 2.550000e+01
    endloop
  endfacet
  facet normal -9.948693e-01 -1.011683e-01 0.000000e+00
    outer loop
      vertex   -3.858953e+00 -9.500000e+00 2.300000e+01
      vertex   -3.858953e+00 -9.500000e+00 2.550000e+01
      vertex   -3.893752e+00 -9.157792e+00 2.300000e+01
    endloop
  endfacet
  facet normal -9.948693e-01 -1.011683e-01 0.000000e+00
    outer loop
      vertex   -3.893752e+00 -9.157792e+00 2.300000e+01
      vertex   -3.858953e+00 -9.500000e+00 2.550000e+01
      vertex   -3.893752e+00 -9.157792e+00 2.550000e+01
    endloop
  endfacet
  facet normal -9.541393e-01 -2.993631e-01 0.000000e+00
    outer loop
      vertex   -3.893752e+00 -9.157792e+00 2.300000e+01
      vertex   -3.893752e+00 -9.157792e+00 2.550000e+01
      vertex   -3.996724e+00 -8.829595e+00 2.300000e+01
    endloop
  endfacet
  facet normal -9.541393e-01 -2.993631e-01 0.000000e+00
    outer loop
      vertex   -3.996724e+00 -8.829595e+00 2.300000e+01
      vertex   -3.893752e+00 -9.157792e+00 2.550000e+01
      vertex   -3.996724e+00 -8.829595e+00 2.550000e+01
    endloop
  endfacet
  facet normal -8.743466e-01 -4.853020e-01 0.000000e+00
    outer loop
      vertex   -3.996724e+00 -8.829595e+00 2.300000e+01
      vertex   -3.996724e+00 -8.829595e+00 2.550000e+01
      vertex   -4.163655e+00 -8.528844e+00 2.300000e+01
    endloop
  endfacet
  facet normal -8.743466e-01 -4.853020e-01 0.000000e+00
    outer loop
      vertex   -4.163655e+00 -8.528844e+00 2.300000e+01
      vertex   -3.996724e+00 -8.829595e+00 2.550000e+01
      vertex   -4.163655e+00 -8.528844e+00 2.550000e+01
    endloop
  endfacet
  facet normal -7.587581e-01 -6.513725e-01 0.000000e+00
    outer loop
      vertex   -4.163655e+00 -8.528844e+00 2.300000e+01
      vertex   -4.163655e+00 -8.528844e+00 2.550000e+01
      vertex   -4.387709e+00 -8.267852e+00 2.300000e+01
    endloop
  endfacet
  facet normal -7.587581e-01 -6.513725e-01 0.000000e+00
    outer loop
      vertex   -4.387709e+00 -8.267852e+00 2.300000e+01
      vertex   -4.163655e+00 -8.528844e+00 2.550000e+01
      vertex   -4.387709e+00 -8.267852e+00 2.550000e+01
    endloop
  endfacet
  facet normal -6.121060e-01 -7.907757e-01 0.000000e+00
    outer loop
      vertex   -4.387709e+00 -8.267852e+00 2.300000e+01
      vertex   -4.387709e+00 -8.267852e+00 2.550000e+01
      vertex   -4.659714e+00 -8.057305e+00 2.300000e+01
    endloop
  endfacet
  facet normal -6.121060e-01 -7.907757e-01 0.000000e+00
    outer loop
      vertex   -4.659714e+00 -8.057305e+00 2.300000e+01
      vertex   -4.387709e+00 -8.267852e+00 2.550000e+01
      vertex   -4.659714e+00 -8.057305e+00 2.550000e+01
    endloop
  endfacet
  facet normal -4.403942e-01 -8.978045e-01 0.000000e+00
    outer loop
      vertex   -4.659714e+00 -8.057305e+00 2.300000e+01
      vertex   -4.659714e+00 -8.057305e+00 2.550000e+01
      vertex   -4.968534e+00 -7.905821e+00 2.300000e+01
    endloop
  endfacet
  facet normal -4.403942e-01 -8.978045e-01 0.000000e+00
    outer loop
      vertex   -4.968534e+00 -7.905821e+00 2.300000e+01
      vertex   -4.659714e+00 -8.057305e+00 2.550000e+01
      vertex   -4.968534e+00 -7.905821e+00 2.550000e+01
    endloop
  endfacet
  facet normal -2.506525e-01 -9.680771e-01 0.000000e+00
    outer loop
      vertex   -4.968534e+00 -7.905821e+00 2.300000e+01
      vertex   -4.968534e+00 -7.905821e+00 2.550000e+01
      vertex   -5.301525e+00 -7.819604e+00 2.300000e+01
    endloop
  endfacet
  facet normal -2.506525e-01 -9.680771e-01 0.000000e+00
    outer loop
      vertex   -5.301525e+00 -7.819604e+00 2.300000e+01
      vertex   -4.968534e+00 -7.905821e+00 2.550000e+01
      vertex   -5.301525e+00 -7.819604e+00 2.550000e+01
    endloop
  endfacet
  facet normal -5.064917e-02 -9.987165e-01 0.000000e+00
    outer loop
      vertex   -5.301525e+00 -7.819604e+00 2.300000e+01
      vertex   -5.301525e+00 -7.819604e+00 2.550000e+01
      vertex   -5.645056e+00 -7.802182e+00 2.300000e+01
    endloop
  endfacet
  facet normal -5.064917e-02 -9.987165e-01 0.000000e+00
    outer loop
      vertex   -5.645056e+00 -7.802182e+00 2.300000e+01
      vertex   -5.301525e+00 -7.819604e+00 2.550000e+01
      vertex   -5.645056e+00 -7.802182e+00 2.550000e+01
    endloop
  endfacet
  facet normal 1.514278e-01 -9.884683e-01 0.000000e+00
    outer loop
      vertex   -5.645056e+00 -7.802182e+00 2.300000e+01
      vertex   -5.645056e+00 -7.802182e+00 2.550000e+01
      vertex   -5.985062e+00 -7.854269e+00 2.300000e+01
    endloop
  endfacet
  facet normal 1.514278e-01 -9.884683e-01 0.000000e+00
    outer loop
      vertex   -5.985062e+00 -7.854269e+00 2.300000e+01
      vertex   -5.645056e+00 -7.802182e+00 2.550000e+01
      vertex   -5.985062e+00 -7.854269e+00 2.550000e+01
    endloop
  endfacet
  facet normal 3.473053e-01 -9.377521e-01 0.000000e+00
    outer loop
      vertex   -5.985062e+00 -7.854269e+00 2.300000e+01
      vertex   -5.985062e+00 -7.854269e+00 2.550000e+01
      vertex   -6.307623e+00 -7.973732e+00 2.300000e+01
    endloop
  endfacet
  facet normal 3.473053e-01 -9.377521e-01 0.000000e+00
    outer loop
      vertex   -6.307623e+00 -7.973732e+00 2.300000e+01
      vertex   -5.985062e+00 -7.854269e+00 2.550000e+01
      vertex   -6.307623e+00 -7.973732e+00 2.550000e+01
    endloop
  endfacet
  facet normal 5.289640e-01 -8.486443e-01 0.000000e+00
    outer loop
      vertex   -6.307623e+00 -7.973732e+00 2.300000e+01
      vertex   -6.307623e+00 -7.973732e+00 2.550000e+01
      vertex   -6.599533e+00 -8.155681e+00 2.300000e+01
    endloop
  endfacet
  facet normal 5.289640e-01 -8.486443e-01 0.000000e+00
    outer loop
      vertex   -6.599533e+00 -8.155681e+00 2.300000e+01
      vertex   -6.307623e+00 -7.973732e+00 2.550000e+01
      vertex   -6.599533e+00 -8.155681e+00 2.550000e+01
    endloop
  endfacet
  facet normal 6.889669e-01 -7.247928e-01 0.000000e+00
    outer loop
      vertex   -6.599533e+00 -8.155681e+00 2.300000e+01
      vertex   -6.599533e+00 -8.155681e+00 2.550000e+01
      vertex   -6.848841e+00 -8.392667e+00 2.300000e+01
    endloop
  endfacet
  facet normal 6.889669e-01 -7.247928e-01 0.000000e+00
    outer loop
      vertex   -6.848841e+00 -8.392667e+00 2.300000e+01
      vertex   -6.599533e+00 -8.155681e+00 2.550000e+01
      vertex   -6.848841e+00 -8.392667e+00 2.550000e+01
    endloop
  endfacet
  facet normal 8.207634e-01 -5.712682e-01 0.000000e+00
    outer loop
      vertex   -6.848841e+00 -8.392667e+00 2.300000e+01
      vertex   -6.848841e+00 -8.392667e+00 2.550000e+01
      vertex   -7.045342e+00 -8.674987e+00 2.300000e+01
    endloop
  endfacet
  facet normal 8.207634e-01 -5.712682e-01 0.000000e+00
    outer loop
      vertex   -7.045342e+00 -8.674987e+00 2.300000e+01
      vertex   -6.848841e+00 -8.392667e+00 2.550000e+01
      vertex   -7.045342e+00 -8.674987e+00 2.550000e+01
    endloop
  endfacet
  facet normal 9.189578e-01 -3.943559e-01 0.000000e+00
    outer loop
      vertex   -7.045342e+00 -8.674987e+00 2.300000e+01
      vertex   -7.045342e+00 -8.674987e+00 2.550000e+01
      vertex   -7.180989e+00 -8.991083e+00 2.300000e+01
    endloop
  endfacet
  facet normal 9.189578e-01 -3.943559e-01 0.000000e+00
    outer loop
      vertex   -7.180989e+00 -8.991083e+00 2.300000e+01
      vertex   -7.045342e+00 -8.674987e+00 2.550000e+01
      vertex   -7.180989e+00 -8.991083e+00 2.550000e+01
    endloop
  endfacet
  facet normal 9.795299e-01 -2.012985e-01 0.000000e+00
    outer loop
      vertex   -7.180989e+00 -8.991083e+00 2.300000e+01
      vertex   -7.180989e+00 -8.991083e+00 2.550000e+01
      vertex   -7.250231e+00 -9.328014e+00 2.300000e+01
    endloop
  endfacet
  facet normal 9.795299e-01 -2.012985e-01 0.000000e+00
    outer loop
      vertex   -7.250231e+00 -9.328014e+00 2.300000e+01
      vertex   -7.180989e+00 -8.991083e+00 2.550000e+01
      vertex   -7.250231e+00 -9.328014e+00 2.550000e+01
    endloop
  endfacet
  facet normal 1.000000e+00 0.000000e+00 -0.000000e+00
    outer loop
      vertex   -7.250231e+00 -9.328014e+00 2.300000e+01
      vertex   -7.250231e+00 -9.328014e+00 2.550000e+01
      vertex   -7.250231e+00 -9.671986e+00 2.300000e+01
    endloop
  endfacet
  facet normal 1.000000e+00 0.000000e+00 0.000000e+00
    outer loop
      vertex   -7.250231e+00 -9.671986e+00 2.300000e+01
      vertex   -7.250231e+00 -9.328014e+00 2.550000e+01
      vertex   -7.250231e+00 -9.671986e+00 2.550000e+01
    endloop
  endfacet
  facet normal 9.795299e-01 2.012985e-01 -0.000000e+00
    outer loop
      vertex   -7.250231e+00 -9.671986e+00 2.300000e+01
      vertex   -7.250231e+00 -9.671986e+00 2.550000e+01
      vertex   -7.180989e+00 -1.000892e+01 2.300000e+01
    endloop
  endfacet
  facet normal 9.795299e-01 2.012985e-01 -0.000000e+00
    outer loop
      vertex   -7.180989e+00 -1.000892e+01 2.300000e+01
      vertex   -7.250231e+00 -9.671986e+00 2.550000e+01
      vertex   -7.180989e+00 -1.000892e+01 2.550000e+01
    endloop
  endfacet
  facet normal 9.189578e-01 3.943559e-01 -0.000000e+00
    outer loop
      vertex   -7.180989e+00 -1.000892e+01 2.300000e+01
      vertex   -7.180989e+00 -1.000892e+01 2.550000e+01
      vertex   -7.045342e+00 -1.032501e+01 2.300000e+01
    endloop
  endfacet
  facet normal 9.189578e-01 3.943559e-01 -0.000000e+00
    outer loop
      vertex   -7.045342e+00 -1.032501e+01 2.300000e+01
      vertex   -7.180989e+00 -1.000892e+01 2.550000e+01
      vertex   -7.045342e+00 -1.032501e+01 2.550000e+01
    endloop
  endfacet
  facet normal 8.207634e-01 5.712682e-01 -0.000000e+00
    outer loop
      vertex   -7.045342e+00 -1.032501e+01 2.300000e+01
      vertex   -7.045342e+00 -1.032501e+01 2.550000e+01
      vertex   -6.848841e+00 -1.060733e+01 2.300000e+01
    endloop
  endfacet
  facet normal 8.207634e-01 5.712682e-01 -0.000000e+00
    outer loop
      vertex   -6.848841e+00 -1.060733e+01 2.300000e+01
      vertex   -7.045342e+00 -1.032501e+01 2.550000e+01
      vertex   -6.848841e+00 -1.060733e+01 2.550000e+01
    endloop
  endfacet
  facet normal 6.889669e-01 7.247928e-01 -0.000000e+00
    outer loop
      vertex   -6.848841e+00 -1.060733e+01 2.300000e+01
      vertex   -6.848841e+00 -1.060733e+01 2.550000e+01
      vertex   -6.599533e+00 -1.084432e+01 2.300000e+01
    endloop
  endfacet
  facet normal 6.889669e-01 7.247928e-01 -0.000000e+00
    outer loop
      vertex   -6.599533e+00 -1.084432e+01 2.300000e+01
      vertex   -6.848841e+00 -1.060733e+01 2.550000e+01
      vertex   -6.599533e+00 -1.084432e+01 2.550000e+01
    endloop
  endfacet
  facet normal 5.289640e-01 8.486443e-01 -0.000000e+00
    outer loop
      vertex   -6.599533e+00 -1.084432e+01 2.300000e+01
      vertex   -6.599533e+00 -1.084432e+01 2.550000e+01
      vertex   -6.307623e+00 -1.102627e+01 2.300000e+01
    endloop
  endfacet
  facet normal 5.289640e-01 8.486443e-01 -0.000000e+00
    outer loop
      vertex   -6.307623e+00 -1.102627e+01 2.300000e+01
      vertex   -6.599533e+00 -1.084432e+01 2.550000e+01
      vertex   -6.307623e+00 -1.102627e+01 2.550000e+01
    endloop
  endfacet
  facet normal 3.473053e-01 9.377521e-01 -0.000000e+00
    outer loop
      vertex   -6.307623e+00 -1.102627e+01 2.300000e+01
      vertex   -6.307623e+00 -1.102627e+01 2.550000e+01
      vertex   -5.985062e+00 -1.114573e+01 2.300000e+01
    endloop
  endfacet
  facet normal 3.473053e-01 9.377521e-01 -0.000000e+00
    outer loop
      vertex   -5.985062e+00 -1.114573e+01 2.300000e+01
      vertex   -6.307623e+00 -1.102627e+01 2.550000e+01
      vertex   -5.985062e+00 -1.114573e+01 2.550000e+01
    endloop
  endfacet
  facet normal 1.514278e-01 9.884683e-01 -0.000000e+00
    outer loop
      vertex   -5.985062e+00 -1.114573e+01 2.300000e+01
      vertex   -5.985062e+00 -1.114573e+01 2.550000e+01
      vertex   -5.645056e+00 -1.119782e+01 2.300000e+01
    endloop
  endfacet
  facet normal 1.514278e-01 9.884683e-01 -0.000000e+00
    outer loop
      vertex   -5.645056e+00 -1.119782e+01 2.300000e+01
      vertex   -5.985062e+00 -1.114573e+01 2.550000e+01
      vertex   -5.645056e+00 -1.119782e+01 2.550000e+01
    endloop
  endfacet
  facet normal -5.064917e-02 9.987165e-01 0.000000e+00
    outer loop
      vertex   -5.645056e+00 -1.119782e+01 2.300000e+01
      vertex   -5.645056e+00 -1.119782e+01 2.550000e+01
      vertex   -5.301525e+00 -1.118040e+01 2.300000e+01
    endloop
  endfacet
  facet normal -5.064917e-02 9.987165e-01 0.000000e+00
    outer loop
      vertex   -5.301525e+00 -1.118040e+01 2.300000e+01
      vertex   -5.645056e+00 -1.119782e+01 2.550000e+01
      vertex   -5.301525e+00 -1.118040e+01 2.550000e+01
    endloop
  endfacet
  facet normal -2.506525e-01 9.680771e-01 0.000000e+00
    outer loop
      vertex   -5.301525e+00 -1.118040e+01 2.300000e+01
      vertex   -5.301525e+00 -1.118040e+01 2.550000e+01
      vertex   -4.968534e+00 -1.109418e+01 2.300000e+01
    endloop
  endfacet
  facet normal -2.506525e-01 9.680771e-01 0.000000e+00
    outer loop
      vertex   -4.968534e+00 -1.109418e+01 2.300000e+01
      vertex   -5.301525e+00 -1.118040e+01 2.550000e+01
      vertex   -4.968534e+00 -1.109418e+01 2.550000e+01
    endloop
  endfacet
  facet normal -4.403942e-01 8.978045e-01 0.000000e+00
    outer loop
      vertex   -4.968534e+00 -1.109418e+01 2.300000e+01
      vertex   -4.968534e+00 -1.109418e+01 2.550000e+01
      vertex   -4.659714e+00 -1.094270e+01 2.300000e+01
    endloop
  endfacet
  facet normal -4.403942e-01 8.978045e-01 0.000000e+00
    outer loop
      vertex   -4.659714e+00 -1.094270e+01 2.300000e+01
      vertex   -4.968534e+00 -1.109418e+01 2.550000e+01
      vertex   -4.659714e+00 -1.094270e+01 2.550000e+01
    endloop
  endfacet
  facet normal -6.121060e-01 7.907757e-01 0.000000e+00
    outer loop
      vertex   -4.659714e+00 -1.094270e+01 2.300000e+01
      vertex   -4.659714e+00 -1.094270e+01 2.550000e+01
      vertex   -4.387709e+00 -1.073215e+01 2.300000e+01
    endloop
  endfacet
  facet normal -6.121060e-01 7.907757e-01 0.000000e+00
    outer loop
      vertex   -4.387709e+00 -1.073215e+01 2.300000e+01
      vertex   -4.659714e+00 -1.094270e+01 2.550000e+01
      vertex   -4.387709e+00 -1.073215e+01 2.550000e+01
    endloop
  endfacet
  facet normal -7.587581e-01 6.513725e-01 0.000000e+00
    outer loop
      vertex   -4.387709e+00 -1.073215e+01 2.300000e+01
      vertex   -4.387709e+00 -1.073215e+01 2.550000e+01
      vertex   -4.163655e+00 -1.047116e+01 2.300000e+01
    endloop
  endfacet
  facet normal -7.587581e-01 6.513725e-01 0.000000e+00
    outer loop
      vertex   -4.163655e+00 -1.047116e+01 2.300000e+01
      vertex   -4.387709e+00 -1.073215e+01 2.550000e+01
      vertex   -4.163655e+00 -1.047116e+01 2.550000e+01
    endloop
  endfacet
  facet normal -8.743466e-01 4.853020e-01 0.000000e+00
    outer loop
      vertex   -4.163655e+00 -1.047116e+01 2.300000e+01
      vertex   -4.163655e+00 -1.047116e+01 2.550000e+01
      vertex   -3.996724e+00 -1.017040e+01 2.300000e+01
    endloop
  endfacet
  facet normal -8.743466e-01 4.853020e-01 0.000000e+00
    outer loop
      vertex   -3.996724e+00 -1.017040e+01 2.300000e+01
      vertex   -4.163655e+00 -1.047116e+01 2.550000e+01
      vertex   -3.996724e+00 -1.017040e+01 2.550000e+01
    endloop
  endfacet
  facet normal -9.541393e-01 2.993631e-01 0.000000e+00
    outer loop
      vertex   -3.996724e+00 -1.017040e+01 2.300000e+01
      vertex   -3.996724e+00 -1.017040e+01 2.550000e+01
      vertex   -3.893752e+00 -9.842207e+00 2.300000e+01
    endloop
  endfacet
  facet normal -9.541393e-01 2.993631e-01 0.000000e+00
    outer loop
      vertex   -3.893752e+00 -9.842207e+00 2.300000e+01
      vertex   -3.996724e+00 -1.017040e+01 2.550000e+01
      vertex   -3.893752e+00 -9.842207e+00 2.550000e+01
    endloop
  endfacet
  facet normal -7.021869e-01 7.140543e-02 7.084030e-01
    outer loop
      vertex   5.964992e+00 2.435777e+01 2.550000e+01
      vertex   7.465690e+00 2.423406e+01 2.700000e+01
      vertex   5.999791e+00 2.469998e+01 2.550000e+01
    endloop
  endfacet
  facet normal -7.061617e-01 5.168438e-02 7.061617e-01
    outer loop
      vertex   5.999791e+00 2.469998e+01 2.550000e+01
      vertex   7.465690e+00 2.423406e+01 2.700000e+01
      vertex   7.499791e+00 2.469998e+01 2.700000e+01
    endloop
  endfacet
  facet normal -7.061617e-01 -5.168438e-02 7.061617e-01
    outer loop
      vertex   5.999791e+00 2.469998e+01 2.550000e+01
      vertex   7.499791e+00 2.469998e+01 2.700000e+01
      vertex   7.465690e+00 2.516591e+01 2.700000e+01
    endloop
  endfacet
  facet normal -6.921033e-01 1.541726e-01 7.051410e-01
    outer loop
      vertex   7.465690e+00 2.423406e+01 2.700000e+01
      vertex   5.964992e+00 2.435777e+01 2.550000e+01
      vertex   7.364113e+00 2.377807e+01 2.700000e+01
    endloop
  endfacet
  facet normal -6.727695e-01 2.110828e-01 7.091018e-01
    outer loop
      vertex   7.364113e+00 2.377807e+01 2.700000e+01
      vertex   5.964992e+00 2.435777e+01 2.550000e+01
      vertex   5.862020e+00 2.402958e+01 2.550000e+01
    endloop
  endfacet
  facet normal -6.620300e-01 2.532050e-01 7.054101e-01
    outer loop
      vertex   7.364113e+00 2.377807e+01 2.700000e+01
      vertex   5.862020e+00 2.402958e+01 2.550000e+01
      vertex   7.197226e+00 2.334172e+01 2.700000e+01
    endloop
  endfacet
  facet normal -6.179987e-01 3.430172e-01 7.074015e-01
    outer loop
      vertex   7.197226e+00 2.334172e+01 2.700000e+01
      vertex   5.862020e+00 2.402958e+01 2.550000e+01
      vertex   5.695089e+00 2.372883e+01 2.550000e+01
    endloop
  endfacet
  facet normal -6.167567e-01 3.461406e-01 7.069638e-01
    outer loop
      vertex   7.197226e+00 2.334172e+01 2.700000e+01
      vertex   5.695089e+00 2.372883e+01 2.550000e+01
      vertex   6.968584e+00 2.293433e+01 2.700000e+01
    endloop
  endfacet
  facet normal -5.608781e-01 4.330960e-01 7.055804e-01
    outer loop
      vertex   6.968584e+00 2.293433e+01 2.700000e+01
      vertex   5.695089e+00 2.372883e+01 2.550000e+01
      vertex   6.683062e+00 2.256456e+01 2.700000e+01
    endloop
  endfacet
  facet normal -5.350938e-01 4.593629e-01 7.089854e-01
    outer loop
      vertex   6.683062e+00 2.256456e+01 2.700000e+01
      vertex   5.695089e+00 2.372883e+01 2.550000e+01
      vertex   5.471035e+00 2.346783e+01 2.550000e+01
    endloop
  endfacet
  facet normal -4.921761e-01 5.104920e-01 7.050962e-01
    outer loop
      vertex   6.683062e+00 2.256456e+01 2.700000e+01
      vertex   5.471035e+00 2.346783e+01 2.550000e+01
      vertex   6.346745e+00 2.224031e+01 2.700000e+01
    endloop
  endfacet
  facet normal -4.318555e-01 5.579113e-01 7.086860e-01
    outer loop
      vertex   6.346745e+00 2.224031e+01 2.700000e+01
      vertex   5.471035e+00 2.346783e+01 2.550000e+01
      vertex   5.199030e+00 2.325729e+01 2.550000e+01
    endloop
  endfacet
  facet normal -4.121359e-01 5.760604e-01 7.059026e-01
    outer loop
      vertex   6.346745e+00 2.224031e+01 2.700000e+01
      vertex   5.199030e+00 2.325729e+01 2.550000e+01
      vertex   5.966800e+00 2.196848e+01 2.700000e+01
    endloop
  endfacet
  facet normal -3.236164e-01 6.294379e-01 7.064562e-01
    outer loop
      vertex   5.966800e+00 2.196848e+01 2.700000e+01
      vertex   5.199030e+00 2.325729e+01 2.550000e+01
      vertex   5.551326e+00 2.175487e+01 2.700000e+01
    endloop
  endfacet
  facet normal -3.109885e-01 6.339931e-01 7.080529e-01
    outer loop
      vertex   5.551326e+00 2.175487e+01 2.700000e+01
      vertex   5.199030e+00 2.325729e+01 2.550000e+01
      vertex   4.890210e+00 2.310580e+01 2.550000e+01
    endloop
  endfacet
  facet normal -2.289179e-01 6.710133e-01 7.052218e-01
    outer loop
      vertex   5.551326e+00 2.175487e+01 2.700000e+01
      vertex   4.890210e+00 2.310580e+01 2.550000e+01
      vertex   5.109178e+00 2.160403e+01 2.700000e+01
    endloop
  endfacet
  facet normal -1.767241e-01 6.825486e-01 7.091516e-01
    outer loop
      vertex   5.109178e+00 2.160403e+01 2.700000e+01
      vertex   4.890210e+00 2.310580e+01 2.550000e+01
      vertex   4.557219e+00 2.301959e+01 2.550000e+01
    endloop
  endfacet
  facet normal -1.287684e-01 6.971406e-01 7.052756e-01
    outer loop
      vertex   5.109178e+00 2.160403e+01 2.700000e+01
      vertex   4.557219e+00 2.301959e+01 2.550000e+01
      vertex   4.649779e+00 2.151918e+01 2.700000e+01
    endloop
  endfacet
  facet normal -3.577655e-02 7.054536e-01 7.078526e-01
    outer loop
      vertex   4.649779e+00 2.151918e+01 2.700000e+01
      vertex   4.557219e+00 2.301959e+01 2.550000e+01
      vertex   4.213688e+00 2.300216e+01 2.550000e+01
    endloop
  endfacet
  facet normal -2.584286e-02 7.071245e-01 7.066166e-01
    outer loop
      vertex   4.649779e+00 2.151918e+01 2.700000e+01
      vertex   4.213688e+00 2.300216e+01 2.550000e+01
      vertex   4.182921e+00 2.150212e+01 2.700000e+01
    endloop
  endfacet
  facet normal 7.748128e-02 7.041750e-01 7.057863e-01
    outer loop
      vertex   4.182921e+00 2.150212e+01 2.700000e+01
      vertex   4.213688e+00 2.300216e+01 2.550000e+01
      vertex   3.718553e+00 2.155321e+01 2.700000e+01
    endloop
  endfacet
  facet normal 1.068182e-01 6.972725e-01 7.088025e-01
    outer loop
      vertex   3.718553e+00 2.155321e+01 2.700000e+01
      vertex   4.213688e+00 2.300216e+01 2.550000e+01
      vertex   3.873682e+00 2.305425e+01 2.550000e+01
    endloop
  endfacet
  facet normal 1.793603e-01 6.860627e-01 7.050872e-01
    outer loop
      vertex   3.718553e+00 2.155321e+01 2.700000e+01
      vertex   3.873682e+00 2.305425e+01 2.550000e+01
      vertex   3.266574e+00 2.167137e+01 2.700000e+01
    endloop
  endfacet
  facet normal 2.449567e-01 6.614029e-01 7.089023e-01
    outer loop
      vertex   3.266574e+00 2.167137e+01 2.700000e+01
      vertex   3.873682e+00 2.305425e+01 2.550000e+01
      vertex   3.551121e+00 2.317371e+01 2.550000e+01
    endloop
  endfacet
  facet normal 2.771101e-01 6.520945e-01 7.056789e-01
    outer loop
      vertex   3.266574e+00 2.167137e+01 2.700000e+01
      vertex   3.551121e+00 2.317371e+01 2.550000e+01
      vertex   2.836616e+00 2.185409e+01 2.700000e+01
    endloop
  endfacet
  facet normal 3.685276e-01 6.038553e-01 7.067858e-01
    outer loop
      vertex   2.836616e+00 2.185409e+01 2.700000e+01
      vertex   3.551121e+00 2.317371e+01 2.550000e+01
      vertex   2.437843e+00 2.209746e+01 2.700000e+01
    endloop
  endfacet
  facet normal 3.737542e-01 5.996331e-01 7.076355e-01
    outer loop
      vertex   2.437843e+00 2.209746e+01 2.700000e+01
      vertex   3.551121e+00 2.317371e+01 2.550000e+01
      vertex   3.259211e+00 2.335566e+01 2.550000e+01
    endloop
  endfacet
  facet normal 4.534455e-01 5.448715e-01 7.053384e-01
    outer loop
      vertex   2.437843e+00 2.209746e+01 2.700000e+01
      vertex   3.259211e+00 2.335566e+01 2.550000e+01
      vertex   2.078754e+00 2.239629e+01 2.700000e+01
    endloop
  endfacet
  facet normal 4.857718e-01 5.110316e-01 7.091350e-01
    outer loop
      vertex   2.078754e+00 2.239629e+01 2.700000e+01
      vertex   3.259211e+00 2.335566e+01 2.550000e+01
      vertex   3.009902e+00 2.359265e+01 2.550000e+01
    endloop
  endfacet
  facet normal 5.280668e-01 4.731500e-01 7.051769e-01
    outer loop
      vertex   2.078754e+00 2.239629e+01 2.700000e+01
      vertex   3.009902e+00 2.359265e+01 2.550000e+01
      vertex   1.767003e+00 2.274423e+01 2.700000e+01
    endloop
  endfacet
  facet normal 5.794388e-01 4.033013e-01 7.082363e-01
    outer loop
      vertex   1.767003e+00 2.274423e+01 2.700000e+01
      vertex   3.009902e+00 2.359265e+01 2.550000e+01
      vertex   2.813402e+00 2.387497e+01 2.550000e+01
    endloop
  endfacet
  facet normal 5.903938e-01 3.906009e-01 7.063045e-01
    outer loop
      vertex   1.767003e+00 2.274423e+01 2.700000e+01
      vertex   2.813402e+00 2.387497e+01 2.550000e+01
      vertex   1.509233e+00 2.313385e+01 2.700000e+01
    endloop
  endfacet
  facet normal 6.412241e-01 3.005935e-01 7.060277e-01
    outer loop
      vertex   1.509233e+00 2.313385e+01 2.700000e+01
      vertex   2.813402e+00 2.387497e+01 2.550000e+01
      vertex   1.310940e+00 2.355684e+01 2.700000e+01
    endloop
  endfacet
  facet normal 6.484697e-01 2.782803e-01 7.085529e-01
    outer loop
      vertex   1.310940e+00 2.355684e+01 2.700000e+01
      vertex   2.813402e+00 2.387497e+01 2.550000e+01
      vertex   2.677755e+00 2.419106e+01 2.550000e+01
    endloop
  endfacet
  facet normal 6.790287e-01 2.042893e-01 7.051141e-01
    outer loop
      vertex   1.310940e+00 2.355684e+01 2.700000e+01
      vertex   2.677755e+00 2.419106e+01 2.550000e+01
      vertex   1.176348e+00 2.400421e+01 2.700000e+01
    endloop
  endfacet
  facet normal 6.907217e-01 1.419469e-01 7.090519e-01
    outer loop
      vertex   1.176348e+00 2.400421e+01 2.700000e+01
      vertex   2.677755e+00 2.419106e+01 2.550000e+01
      vertex   2.608513e+00 2.452800e+01 2.550000e+01
    endloop
  endfacet
  facet normal 7.011665e-01 1.031903e-01 7.054908e-01
    outer loop
      vertex   1.176348e+00 2.400421e+01 2.700000e+01
      vertex   2.608513e+00 2.452800e+01 2.550000e+01
      vertex   1.108328e+00 2.446640e+01 2.700000e+01
    endloop
  endfacet
  facet normal 7.070631e-01 0.000000e+00 7.071505e-01
    outer loop
      vertex   1.108328e+00 2.446640e+01 2.700000e+01
      vertex   2.608513e+00 2.452800e+01 2.550000e+01
      vertex   2.608513e+00 2.487197e+01 2.550000e+01
    endloop
  endfacet
  facet normal 7.070631e-01 -0.000000e+00 7.071505e-01
    outer loop
      vertex   1.108328e+00 2.446640e+01 2.700000e+01
      vertex   2.608513e+00 2.487197e+01 2.550000e+01
      vertex   1.108328e+00 2.493357e+01 2.700000e+01
    endloop
  endfacet
  facet normal 7.011665e-01 -1.031903e-01 7.054908e-01
    outer loop
      vertex   1.108328e+00 2.493357e+01 2.700000e+01
      vertex   2.608513e+00 2.487197e+01 2.550000e+01
      vertex   1.176348e+00 2.539576e+01 2.700000e+01
    endloop
  endfacet
  facet normal 6.907217e-01 -1.419469e-01 7.090519e-01
    outer loop
      vertex   1.176348e+00 2.539576e+01 2.700000e+01
      vertex   2.608513e+00 2.487197e+01 2.550000e+01
      vertex   2.677755e+00 2.520890e+01 2.550000e+01
    endloop
  endfacet
  facet normal 6.790287e-01 -2.042893e-01 7.051141e-01
    outer loop
      vertex   1.176348e+00 2.539576e+01 2.700000e+01
      vertex   2.677755e+00 2.520890e+01 2.550000e+01
      vertex   1.310940e+00 2.584312e+01 2.700000e+01
    endloop
  endfacet
  facet normal 6.484697e-01 -2.782803e-01 7.085529e-01
    outer loop
      vertex   1.310940e+00 2.584312e+01 2.700000e+01
      vertex   2.677755e+00 2.520890e+01 2.550000e+01
      vertex   2.813402e+00 2.552500e+01 2.550000e+01
    endloop
  endfacet
  facet normal 6.412241e-01 -3.005935e-01 7.060277e-01
    outer loop
      vertex   1.310940e+00 2.584312e+01 2.700000e+01
      vertex   2.813402e+00 2.552500e+01 2.550000e+01
      vertex   1.509233e+00 2.626612e+01 2.700000e+01
    endloop
  endfacet
  facet normal 5.903938e-01 -3.906009e-01 7.063045e-01
    outer loop
      vertex   1.509233e+00 2.626612e+01 2.700000e+01
      vertex   2.813402e+00 2.552500e+01 2.550000e+01
      vertex   1.767003e+00 2.665574e+01 2.700000e+01
    endloop
  endfacet
  facet normal 5.794388e-01 -4.033013e-01 7.082363e-01
    outer loop
      vertex   1.767003e+00 2.665574e+01 2.700000e+01
      vertex   2.813402e+00 2.552500e+01 2.550000e+01
      vertex   3.009902e+00 2.580732e+01 2.550000e+01
    endloop
  endfacet
  facet normal 5.280668e-01 -4.731500e-01 7.051769e-01
    outer loop
      vertex   1.767003e+00 2.665574e+01 2.700000e+01
      vertex   3.009902e+00 2.580732e+01 2.550000e+01
      vertex   2.078754e+00 2.700367e+01 2.700000e+01
    endloop
  endfacet
  facet normal 4.857718e-01 -5.110316e-01 7.091350e-01
    outer loop
      vertex   2.078754e+00 2.700367e+01 2.700000e+01
      vertex   3.009902e+00 2.580732e+01 2.550000e+01
      vertex   3.259211e+00 2.604430e+01 2.550000e+01
    endloop
  endfacet
  facet normal 4.534455e-01 -5.448715e-01 7.053384e-01
    outer loop
      vertex   2.078754e+00 2.700367e+01 2.700000e+01
      vertex   3.259211e+00 2.604430e+01 2.550000e+01
      vertex   2.437843e+00 2.730251e+01 2.700000e+01
    endloop
  endfacet
  facet normal 3.737542e-01 -5.996331e-01 7.076355e-01
    outer loop
      vertex   2.437843e+00 2.730251e+01 2.700000e+01
      vertex   3.259211e+00 2.604430e+01 2.550000e+01
      vertex   3.551121e+00 2.622625e+01 2.550000e+01
    endloop
  endfacet
  facet normal 3.685276e-01 -6.038553e-01 7.067858e-01
    outer loop
      vertex   2.437843e+00 2.730251e+01 2.700000e+01
      vertex   3.551121e+00 2.622625e+01 2.550000e+01
      vertex   2.836616e+00 2.754588e+01 2.700000e+01
    endloop
  endfacet
  facet normal 2.771101e-01 -6.520945e-01 7.056789e-01
    outer loop
      vertex   2.836616e+00 2.754588e+01 2.700000e+01
      vertex   3.551121e+00 2.622625e+01 2.550000e+01
      vertex   3.266574e+00 2.772859e+01 2.700000e+01
    endloop
  endfacet
  facet normal 2.449567e-01 -6.614029e-01 7.089023e-01
    outer loop
      vertex   3.266574e+00 2.772859e+01 2.700000e+01
      vertex   3.551121e+00 2.622625e+01 2.550000e+01
      vertex   3.873682e+00 2.634571e+01 2.550000e+01
    endloop
  endfacet
  facet normal 1.793603e-01 -6.860627e-01 7.050872e-01
    outer loop
      vertex   3.266574e+00 2.772859e+01 2.700000e+01
      vertex   3.873682e+00 2.634571e+01 2.550000e+01
      vertex   3.718553e+00 2.784675e+01 2.700000e+01
    endloop
  endfacet
  facet normal 1.068182e-01 -6.972725e-01 7.088025e-01
    outer loop
      vertex   3.718553e+00 2.784675e+01 2.700000e+01
      vertex   3.873682e+00 2.634571e+01 2.550000e+01
      vertex   4.213688e+00 2.639780e+01 2.550000e+01
    endloop
  endfacet
  facet normal 7.748128e-02 -7.041750e-01 7.057863e-01
    outer loop
      vertex   3.718553e+00 2.784675e+01 2.700000e+01
      vertex   4.213688e+00 2.639780e+01 2.550000e+01
      vertex   4.182921e+00 2.789785e+01 2.700000e+01
    endloop
  endfacet
  facet normal -2.584286e-02 -7.071245e-01 7.066166e-01
    outer loop
      vertex   4.182921e+00 2.789785e+01 2.700000e+01
      vertex   4.213688e+00 2.639780e+01 2.550000e+01
      vertex   4.649779e+00 2.788079e+01 2.700000e+01
    endloop
  endfacet
  facet normal -3.577655e-02 -7.054536e-01 7.078526e-01
    outer loop
      vertex   4.649779e+00 2.788079e+01 2.700000e+01
      vertex   4.213688e+00 2.639780e+01 2.550000e+01
      vertex   4.557219e+00 2.638038e+01 2.550000e+01
    endloop
  endfacet
  facet normal -1.287684e-01 -6.971406e-01 7.052756e-01
    outer loop
      vertex   4.649779e+00 2.788079e+01 2.700000e+01
      vertex   4.557219e+00 2.638038e+01 2.550000e+01
      vertex   5.109178e+00 2.779593e+01 2.700000e+01
    endloop
  endfacet
  facet normal -1.767241e-01 -6.825486e-01 7.091516e-01
    outer loop
      vertex   5.109178e+00 2.779593e+01 2.700000e+01
      vertex   4.557219e+00 2.638038e+01 2.550000e+01
      vertex   4.890210e+00 2.629416e+01 2.550000e+01
    endloop
  endfacet
  facet normal -2.289179e-01 -6.710133e-01 7.052218e-01
    outer loop
      vertex   5.109178e+00 2.779593e+01 2.700000e+01
      vertex   4.890210e+00 2.629416e+01 2.550000e+01
      vertex   5.551326e+00 2.764509e+01 2.700000e+01
    endloop
  endfacet
  facet normal -3.109885e-01 -6.339931e-01 7.080529e-01
    outer loop
      vertex   5.551326e+00 2.764509e+01 2.700000e+01
      vertex   4.890210e+00 2.629416e+01 2.550000e+01
      vertex   5.199030e+00 2.614268e+01 2.550000e+01
    endloop
  endfacet
  facet normal -3.236164e-01 -6.294379e-01 7.064562e-01
    outer loop
      vertex   5.551326e+00 2.764509e+01 2.700000e+01
      vertex   5.199030e+00 2.614268e+01 2.550000e+01
      vertex   5.966800e+00 2.743148e+01 2.700000e+01
    endloop
  endfacet
  facet normal -4.121359e-01 -5.760604e-01 7.059026e-01
    outer loop
      vertex   5.966800e+00 2.743148e+01 2.700000e+01
      vertex   5.199030e+00 2.614268e+01 2.550000e+01
      vertex   6.346745e+00 2.715965e+01 2.700000e+01
    endloop
  endfacet
  facet normal -4.318555e-01 -5.579113e-01 7.086860e-01
    outer loop
      vertex   6.346745e+00 2.715965e+01 2.700000e+01
      vertex   5.199030e+00 2.614268e+01 2.550000e+01
      vertex   5.471035e+00 2.593213e+01 2.550000e+01
    endloop
  endfacet
  facet normal -4.921761e-01 -5.104920e-01 7.050962e-01
    outer loop
      vertex   6.346745e+00 2.715965e+01 2.700000e+01
      vertex   5.471035e+00 2.593213e+01 2.550000e+01
      vertex   6.683062e+00 2.683540e+01 2.700000e+01
    endloop
  endfacet
  facet normal -5.350938e-01 -4.593629e-01 7.089854e-01
    outer loop
      vertex   6.683062e+00 2.683540e+01 2.700000e+01
      vertex   5.471035e+00 2.593213e+01 2.550000e+01
      vertex   5.695089e+00 2.567114e+01 2.550000e+01
    endloop
  endfacet
  facet normal -5.608781e-01 -4.330960e-01 7.055804e-01
    outer loop
      vertex   6.683062e+00 2.683540e+01 2.700000e+01
      vertex   5.695089e+00 2.567114e+01 2.550000e+01
      vertex   6.968584e+00 2.646564e+01 2.700000e+01
    endloop
  endfacet
  facet normal -6.167567e-01 -3.461406e-01 7.069638e-01
    outer loop
      vertex   6.968584e+00 2.646564e+01 2.700000e+01
      vertex   5.695089e+00 2.567114e+01 2.550000e+01
      vertex   7.197226e+00 2.605824e+01 2.700000e+01
    endloop
  endfacet
  facet normal -6.179987e-01 -3.430172e-01 7.074015e-01
    outer loop
      vertex   7.197226e+00 2.605824e+01 2.700000e+01
      vertex   5.695089e+00 2.567114e+01 2.550000e+01
      vertex   5.862020e+00 2.537039e+01 2.550000e+01
    endloop
  endfacet
  facet normal -6.620300e-01 -2.532050e-01 7.054101e-01
    outer loop
      vertex   7.197226e+00 2.605824e+01 2.700000e+01
      vertex   5.862020e+00 2.537039e+01 2.550000e+01
      vertex   7.364113e+00 2.562190e+01 2.700000e+01
    endloop
  endfacet
  facet normal -6.727695e-01 -2.110828e-01 7.091018e-01
    outer loop
      vertex   7.364113e+00 2.562190e+01 2.700000e+01
      vertex   5.862020e+00 2.537039e+01 2.550000e+01
      vertex   5.964992e+00 2.504219e+01 2.550000e+01
    endloop
  endfacet
  facet normal -6.921033e-01 -1.541726e-01 7.051410e-01
    outer loop
      vertex   7.364113e+00 2.562190e+01 2.700000e+01
      vertex   5.964992e+00 2.504219e+01 2.550000e+01
      vertex   7.465690e+00 2.516591e+01 2.700000e+01
    endloop
  endfacet
  facet normal -7.021869e-01 -7.140543e-02 7.084030e-01
    outer loop
      vertex   7.465690e+00 2.516591e+01 2.700000e+01
      vertex   5.964992e+00 2.504219e+01 2.550000e+01
      vertex   5.999791e+00 2.469998e+01 2.550000e+01
    endloop
  endfacet
  facet normal -9.948693e-01 1.011683e-01 0.000000e+00
    outer loop
      vertex   5.964992e+00 2.435777e+01 2.300000e+01
      vertex   5.964992e+00 2.435777e+01 2.550000e+01
      vertex   5.999791e+00 2.469998e+01 2.300000e+01
    endloop
  endfacet
  facet normal -9.948693e-01 1.011683e-01 0.000000e+00
    outer loop
      vertex   5.999791e+00 2.469998e+01 2.300000e+01
      vertex   5.964992e+00 2.435777e+01 2.550000e+01
      vertex   5.999791e+00 2.469998e+01 2.550000e+01
    endloop
  endfacet
  facet normal -9.948693e-01 -1.011683e-01 0.000000e+00
    outer loop
      vertex   5.999791e+00 2.469998e+01 2.300000e+01
      vertex   5.999791e+00 2.469998e+01 2.550000e+01
      vertex   5.964992e+00 2.504219e+01 2.300000e+01
    endloop
  endfacet
  facet normal -9.948693e-01 -1.011683e-01 0.000000e+00
    outer loop
      vertex   5.964992e+00 2.504219e+01 2.300000e+01
      vertex   5.999791e+00 2.469998e+01 2.550000e+01
      vertex   5.964992e+00 2.504219e+01 2.550000e+01
    endloop
  endfacet
  facet normal -9.541393e-01 -2.993631e-01 0.000000e+00
    outer loop
      vertex   5.964992e+00 2.504219e+01 2.300000e+01
      vertex   5.964992e+00 2.504219e+01 2.550000e+01
      vertex   5.862020e+00 2.537039e+01 2.300000e+01
    endloop
  endfacet
  facet normal -9.541393e-01 -2.993631e-01 0.000000e+00
    outer loop
      vertex   5.862020e+00 2.537039e+01 2.300000e+01
      vertex   5.964992e+00 2.504219e+01 2.550000e+01
      vertex   5.862020e+00 2.537039e+01 2.550000e+01
    endloop
  endfacet
  facet normal -8.743466e-01 -4.853020e-01 0.000000e+00
    outer loop
      vertex   5.862020e+00 2.537039e+01 2.300000e+01
      vertex   5.862020e+00 2.537039e+01 2.550000e+01
      vertex   5.695089e+00 2.567114e+01 2.300000e+01
    endloop
  endfacet
  facet normal -8.743466e-01 -4.853020e-01 0.000000e+00
    outer loop
      vertex   5.695089e+00 2.567114e+01 2.300000e+01
      vertex   5.862020e+00 2.537039e+01 2.550000e+01
      vertex   5.695089e+00 2.567114e+01 2.550000e+01
    endloop
  endfacet
  facet normal -7.587581e-01 -6.513725e-01 0.000000e+00
    outer loop
      vertex   5.695089e+00 2.567114e+01 2.300000e+01
      vertex   5.695089e+00 2.567114e+01 2.550000e+01
      vertex   5.471035e+00 2.593213e+01 2.300000e+01
    endloop
  endfacet
  facet normal -7.587581e-01 -6.513725e-01 0.000000e+00
    outer loop
      vertex   5.471035e+00 2.593213e+01 2.300000e+01
      vertex   5.695089e+00 2.567114e+01 2.550000e+01
      vertex   5.471035e+00 2.593213e+01 2.550000e+01
    endloop
  endfacet
  facet normal -6.121060e-01 -7.907757e-01 0.000000e+00
    outer loop
      vertex   5.471035e+00 2.593213e+01 2.300000e+01
      vertex   5.471035e+00 2.593213e+01 2.550000e+01
      vertex   5.199030e+00 2.614268e+01 2.300000e+01
    endloop
  endfacet
  facet normal -6.121060e-01 -7.907757e-01 0.000000e+00
    outer loop
      vertex   5.199030e+00 2.614268e+01 2.300000e+01
      vertex   5.471035e+00 2.593213e+01 2.550000e+01
      vertex   5.199030e+00 2.614268e+01 2.550000e+01
    endloop
  endfacet
  facet normal -4.403942e-01 -8.978045e-01 0.000000e+00
    outer loop
      vertex   5.199030e+00 2.614268e+01 2.300000e+01
      vertex   5.199030e+00 2.614268e+01 2.550000e+01
      vertex   4.890210e+00 2.629416e+01 2.300000e+01
    endloop
  endfacet
  facet normal -4.403942e-01 -8.978045e-01 0.000000e+00
    outer loop
      vertex   4.890210e+00 2.629416e+01 2.300000e+01
      vertex   5.199030e+00 2.614268e+01 2.550000e+01
      vertex   4.890210e+00 2.629416e+01 2.550000e+01
    endloop
  endfacet
  facet normal -2.506525e-01 -9.680771e-01 0.000000e+00
    outer loop
      vertex   4.890210e+00 2.629416e+01 2.300000e+01
      vertex   4.890210e+00 2.629416e+01 2.550000e+01
      vertex   4.557219e+00 2.638038e+01 2.300000e+01
    endloop
  endfacet
  facet normal -2.506525e-01 -9.680771e-01 0.000000e+00
    outer loop
      vertex   4.557219e+00 2.638038e+01 2.300000e+01
      vertex   4.890210e+00 2.629416e+01 2.550000e+01
      vertex   4.557219e+00 2.638038e+01 2.550000e+01
    endloop
  endfacet
  facet normal -5.064917e-02 -9.987165e-01 0.000000e+00
    outer loop
      vertex   4.557219e+00 2.638038e+01 2.300000e+01
      vertex   4.557219e+00 2.638038e+01 2.550000e+01
      vertex   4.213688e+00 2.639780e+01 2.300000e+01
    endloop
  endfacet
  facet normal -5.064917e-02 -9.987165e-01 0.000000e+00
    outer loop
      vertex   4.213688e+00 2.639780e+01 2.300000e+01
      vertex   4.557219e+00 2.638038e+01 2.550000e+01
      vertex   4.213688e+00 2.639780e+01 2.550000e+01
    endloop
  endfacet
  facet normal 1.514278e-01 -9.884683e-01 0.000000e+00
    outer loop
      vertex   4.213688e+00 2.639780e+01 2.300000e+01
      vertex   4.213688e+00 2.639780e+01 2.550000e+01
      vertex   3.873682e+00 2.634571e+01 2.300000e+01
    endloop
  endfacet
  facet normal 1.514278e-01 -9.884683e-01 0.000000e+00
    outer loop
      vertex   3.873682e+00 2.634571e+01 2.300000e+01
      vertex   4.213688e+00 2.639780e+01 2.550000e+01
      vertex   3.873682e+00 2.634571e+01 2.550000e+01
    endloop
  endfacet
  facet normal 3.473053e-01 -9.377521e-01 0.000000e+00
    outer loop
      vertex   3.873682e+00 2.634571e+01 2.300000e+01
      vertex   3.873682e+00 2.634571e+01 2.550000e+01
      vertex   3.551121e+00 2.622625e+01 2.300000e+01
    endloop
  endfacet
  facet normal 3.473053e-01 -9.377521e-01 0.000000e+00
    outer loop
      vertex   3.551121e+00 2.622625e+01 2.300000e+01
      vertex   3.873682e+00 2.634571e+01 2.550000e+01
      vertex   3.551121e+00 2.622625e+01 2.550000e+01
    endloop
  endfacet
  facet normal 5.289640e-01 -8.486443e-01 0.000000e+00
    outer loop
      vertex   3.551121e+00 2.622625e+01 2.300000e+01
      vertex   3.551121e+00 2.622625e+01 2.550000e+01
      vertex   3.259211e+00 2.604430e+01 2.300000e+01
    endloop
  endfacet
  facet normal 5.289640e-01 -8.486443e-01 0.000000e+00
    outer loop
      vertex   3.259211e+00 2.604430e+01 2.300000e+01
      vertex   3.551121e+00 2.622625e+01 2.550000e+01
      vertex   3.259211e+00 2.604430e+01 2.550000e+01
    endloop
  endfacet
  facet normal 6.889669e-01 -7.247928e-01 0.000000e+00
    outer loop
      vertex   3.259211e+00 2.604430e+01 2.300000e+01
      vertex   3.259211e+00 2.604430e+01 2.550000e+01
      vertex   3.009902e+00 2.580732e+01 2.300000e+01
    endloop
  endfacet
  facet normal 6.889669e-01 -7.247928e-01 0.000000e+00
    outer loop
      vertex   3.009902e+00 2.580732e+01 2.300000e+01
      vertex   3.259211e+00 2.604430e+01 2.550000e+01
      vertex   3.009902e+00 2.580732e+01 2.550000e+01
    endloop
  endfacet
  facet normal 8.207634e-01 -5.712682e-01 0.000000e+00
    outer loop
      vertex   3.009902e+00 2.580732e+01 2.300000e+01
      vertex   3.009902e+00 2.580732e+01 2.550000e+01
      vertex   2.813402e+00 2.552500e+01 2.300000e+01
    endloop
  endfacet
  facet normal 8.207634e-01 -5.712682e-01 0.000000e+00
    outer loop
      vertex   2.813402e+00 2.552500e+01 2.300000e+01
      vertex   3.009902e+00 2.580732e+01 2.550000e+01
      vertex   2.813402e+00 2.552500e+01 2.550000e+01
    endloop
  endfacet
  facet normal 9.189578e-01 -3.943559e-01 0.000000e+00
    outer loop
      vertex   2.813402e+00 2.552500e+01 2.300000e+01
      vertex   2.813402e+00 2.552500e+01 2.550000e+01
      vertex   2.677755e+00 2.520890e+01 2.300000e+01
    endloop
  endfacet
  facet normal 9.189578e-01 -3.943559e-01 0.000000e+00
    outer loop
      vertex   2.677755e+00 2.520890e+01 2.300000e+01
      vertex   2.813402e+00 2.552500e+01 2.550000e+01
      vertex   2.677755e+00 2.520890e+01 2.550000e+01
    endloop
  endfacet
  facet normal 9.795299e-01 -2.012985e-01 0.000000e+00
    outer loop
      vertex   2.677755e+00 2.520890e+01 2.300000e+01
      vertex   2.677755e+00 2.520890e+01 2.550000e+01
      vertex   2.608513e+00 2.487197e+01 2.300000e+01
    endloop
  endfacet
  facet normal 9.795299e-01 -2.012985e-01 0.000000e+00
    outer loop
      vertex   2.608513e+00 2.487197e+01 2.300000e+01
      vertex   2.677755e+00 2.520890e+01 2.550000e+01
      vertex   2.608513e+00 2.487197e+01 2.550000e+01
    endloop
  endfacet
  facet normal 1.000000e+00 0.000000e+00 -0.000000e+00
    outer loop
      vertex   2.608513e+00 2.487197e+01 2.300000e+01
      vertex   2.608513e+00 2.487197e+01 2.550000e+01
      vertex   2.608513e+00 2.452800e+01 2.300000e+01
    endloop
  endfacet
  facet normal 1.000000e+00 0.000000e+00 0.000000e+00
    outer loop
      vertex   2.608513e+00 2.452800e+01 2.300000e+01
      vertex   2.608513e+00 2.487197e+01 2.550000e+01
      vertex   2.608513e+00 2.452800e+01 2.550000e+01
    endloop
  endfacet
  facet normal 9.795299e-01 2.012985e-01 -0.000000e+00
    outer loop
      vertex   2.608513e+00 2.452800e+01 2.300000e+01
      vertex   2.608513e+00 2.452800e+01 2.550000e+01
      vertex   2.677755e+00 2.419106e+01 2.300000e+01
    endloop
  endfacet
  facet normal 9.795299e-01 2.012985e-01 -0.000000e+00
    outer loop
      vertex   2.677755e+00 2.419106e+01 2.300000e+01
      vertex   2.608513e+00 2.452800e+01 2.550000e+01
      vertex   2.677755e+00 2.419106e+01 2.550000e+01
    endloop
  endfacet
  facet normal 9.189578e-01 3.943559e-01 -0.000000e+00
    outer loop
      vertex   2.677755e+00 2.419106e+01 2.300000e+01
      vertex   2.677755e+00 2.419106e+01 2.550000e+01
      vertex   2.813402e+00 2.387497e+01 2.300000e+01
    endloop
  endfacet
  facet normal 9.189578e-01 3.943559e-01 -0.000000e+00
    outer loop
      vertex   2.813402e+00 2.387497e+01 2.300000e+01
      vertex   2.677755e+00 2.419106e+01 2.550000e+01
      vertex   2.813402e+00 2.387497e+01 2.550000e+01
    endloop
  endfacet
  facet normal 8.207634e-01 5.712682e-01 -0.000000e+00
    outer loop
      vertex   2.813402e+00 2.387497e+01 2.300000e+01
      vertex   2.813402e+00 2.387497e+01 2.550000e+01
      vertex   3.009902e+00 2.359265e+01 2.300000e+01
    endloop
  endfacet
  facet normal 8.207634e-01 5.712682e-01 -0.000000e+00
    outer loop
      vertex   3.009902e+00 2.359265e+01 2.300000e+01
      vertex   2.813402e+00 2.387497e+01 2.550000e+01
      vertex   3.009902e+00 2.359265e+01 2.550000e+01
    endloop
  endfacet
  facet normal 6.889669e-01 7.247928e-01 -0.000000e+00
    outer loop
      vertex   3.009902e+00 2.359265e+01 2.300000e+01
      vertex   3.009902e+00 2.359265e+01 2.550000e+01
      vertex   3.259211e+00 2.335566e+01 2.300000e+01
    endloop
  endfacet
  facet normal 6.889669e-01 7.247928e-01 -0.000000e+00
    outer loop
      vertex   3.259211e+00 2.335566e+01 2.300000e+01
      vertex   3.009902e+00 2.359265e+01 2.550000e+01
      vertex   3.259211e+00 2.335566e+01 2.550000e+01
    endloop
  endfacet
  facet normal 5.289640e-01 8.486443e-01 -0.000000e+00
    outer loop
      vertex   3.259211e+00 2.335566e+01 2.300000e+01
      vertex   3.259211e+00 2.335566e+01 2.550000e+01
      vertex   3.551121e+00 2.317371e+01 2.300000e+01
    endloop
  endfacet
  facet normal 5.289640e-01 8.486443e-01 -0.000000e+00
    outer loop
      vertex   3.551121e+00 2.317371e+01 2.300000e+01
      vertex   3.259211e+00 2.335566e+01 2.550000e+01
      vertex   3.551121e+00 2.317371e+01 2.550000e+01
    endloop
  endfacet
  facet normal 3.473053e-01 9.377521e-01 -0.000000e+00
    outer loop
      vertex   3.551121e+00 2.317371e+01 2.300000e+01
      vertex   3.551121e+00 2.317371e+01 2.550000e+01
      vertex   3.873682e+00 2.305425e+01 2.300000e+01
    endloop
  endfacet
  facet normal 3.473053e-01 9.377521e-01 -0.000000e+00
    outer loop
      vertex   3.873682e+00 2.305425e+01 2.300000e+01
      vertex   3.551121e+00 2.317371e+01 2.550000e+01
      vertex   3.873682e+00 2.305425e+01 2.550000e+01
    endloop
  endfacet
  facet normal 1.514278e-01 9.884683e-01 -0.000000e+00
    outer loop
      vertex   3.873682e+00 2.305425e+01 2.300000e+01
      vertex   3.873682e+00 2.305425e+01 2.550000e+01
      vertex   4.213688e+00 2.300216e+01 2.300000e+01
    endloop
  endfacet
  facet normal 1.514278e-01 9.884683e-01 -0.000000e+00
    outer loop
      vertex   4.213688e+00 2.300216e+01 2.300000e+01
      vertex   3.873682e+00 2.305425e+01 2.550000e+01
      vertex   4.213688e+00 2.300216e+01 2.550000e+01
    endloop
  endfacet
  facet normal -5.064917e-02 9.987165e-01 0.000000e+00
    outer loop
      vertex   4.213688e+00 2.300216e+01 2.300000e+01
      vertex   4.213688e+00 2.300216e+01 2.550000e+01
      vertex   4.557219e+00 2.301959e+01 2.300000e+01
    endloop
  endfacet
  facet normal -5.064917e-02 9.987165e-01 0.000000e+00
    outer loop
      vertex   4.557219e+00 2.301959e+01 2.300000e+01
      vertex   4.213688e+00 2.300216e+01 2.550000e+01
      vertex   4.557219e+00 2.301959e+01 2.550000e+01
    endloop
  endfacet
  facet normal -2.506525e-01 9.680771e-01 0.000000e+00
    outer loop
      vertex   4.557219e+00 2.301959e+01 2.300000e+01
      vertex   4.557219e+00 2.301959e+01 2.550000e+01
      vertex   4.890210e+00 2.310580e+01 2.300000e+01
    endloop
  endfacet
  facet normal -2.506525e-01 9.680771e-01 0.000000e+00
    outer loop
      vertex   4.890210e+00 2.310580e+01 2.300000e+01
      vertex   4.557219e+00 2.301959e+01 2.550000e+01
      vertex   4.890210e+00 2.310580e+01 2.550000e+01
    endloop
  endfacet
  facet normal -4.403942e-01 8.978045e-01 0.000000e+00
    outer loop
      vertex   4.890210e+00 2.310580e+01 2.300000e+01
      vertex   4.890210e+00 2.310580e+01 2.550000e+01
      vertex   5.199030e+00 2.325729e+01 2.300000e+01
    endloop
  endfacet
  facet normal -4.403942e-01 8.978045e-01 0.000000e+00
    outer loop
      vertex   5.199030e+00 2.325729e+01 2.300000e+01
      vertex   4.890210e+00 2.310580e+01 2.550000e+01
      vertex   5.199030e+00 2.325729e+01 2.550000e+01
    endloop
  endfacet
  facet normal -6.121060e-01 7.907757e-01 0.000000e+00
    outer loop
      vertex   5.199030e+00 2.325729e+01 2.300000e+01
      vertex   5.199030e+00 2.325729e+01 2.550000e+01
      vertex   5.471035e+00 2.346783e+01 2.300000e+01
    endloop
  endfacet
  facet normal -6.121060e-01 7.907757e-01 0.000000e+00
    outer loop
      vertex   5.471035e+00 2.346783e+01 2.300000e+01
      vertex   5.199030e+00 2.325729e+01 2.550000e+01
      vertex   5.471035e+00 2.346783e+01 2.550000e+01
    endloop
  endfacet
  facet normal -7.587581e-01 6.513725e-01 0.000000e+00
    outer loop
      vertex   5.471035e+00 2.346783e+01 2.300000e+01
      vertex   5.471035e+00 2.346783e+01 2.550000e+01
      vertex   5.695089e+00 2.372883e+01 2.300000e+01
    endloop
  endfacet
  facet normal -7.587581e-01 6.513725e-01 0.000000e+00
    outer loop
      vertex   5.695089e+00 2.372883e+01 2.300000e+01
      vertex   5.471035e+00 2.346783e+01 2.550000e+01
      vertex   5.695089e+00 2.372883e+01 2.550000e+01
    endloop
  endfacet
  facet normal -8.743466e-01 4.853020e-01 0.000000e+00
    outer loop
      vertex   5.695089e+00 2.372883e+01 2.300000e+01
      vertex   5.695089e+00 2.372883e+01 2.550000e+01
      vertex   5.862020e+00 2.402958e+01 2.300000e+01
    endloop
  endfacet
  facet normal -8.743466e-01 4.853020e-01 0.000000e+00
    outer loop
      vertex   5.862020e+00 2.402958e+01 2.300000e+01
      vertex   5.695089e+00 2.372883e+01 2.550000e+01
      vertex   5.862020e+00 2.402958e+01 2.550000e+01
    endloop
  endfacet
  facet normal -9.541393e-01 2.993631e-01 0.000000e+00
    outer loop
      vertex   5.862020e+00 2.402958e+01 2.300000e+01
      vertex   5.862020e+00 2.402958e+01 2.550000e+01
      vertex   5.964992e+00 2.435777e+01 2.300000e+01
    endloop
  endfacet
  facet normal -9.541393e-01 2.993631e-01 0.000000e+00
    outer loop
      vertex   5.964992e+00 2.435777e+01 2.300000e+01
      vertex   5.862020e+00 2.402958e+01 2.550000e+01
      vertex   5.964992e+00 2.435777e+01 2.550000e+01
    endloop
  endfacet
endsolid
