solid ASCII
  facet normal 7.071068e-01 -7.071068e-01 0.000000e+00
    outer loop
      vertex   2.230000e+01 1.850000e+00 2.760000e+01
      vertex   2.230000e+01 1.850000e+00 3.300000e+01
      vertex   2.200000e+01 1.550000e+00 2.730000e+01
    endloop
  endfacet
  facet normal 7.071068e-01 -7.071068e-01 -2.898014e-16
    outer loop
      vertex   2.200000e+01 1.550000e+00 2.730000e+01
      vertex   2.230000e+01 1.850000e+00 3.300000e+01
      vertex   2.170000e+01 1.250000e+00 3.300000e+01
    endloop
  endfacet
  facet normal 7.071068e-01 -7.071068e-01 -3.028728e-17
    outer loop
      vertex   2.200000e+01 1.550000e+00 2.730000e+01
      vertex   2.170000e+01 1.250000e+00 3.300000e+01
      vertex   2.170000e+01 1.250000e+00 2.760000e+01
    endloop
  endfacet
  facet normal 1.000000e+00 0.000000e+00 0.000000e+00
    outer loop
      vertex   2.230000e+01 1.850000e+00 3.300000e+01
      vertex   2.230000e+01 1.850000e+00 2.760000e+01
      vertex   2.230000e+01 1.044998e+01 3.300000e+01
    endloop
  endfacet
  facet normal 1.000000e+00 -4.790180e-16 7.628789e-16
    outer loop
      vertex   2.230000e+01 1.044998e+01 3.300000e+01
      vertex   2.230000e+01 1.850000e+00 2.760000e+01
      vertex   2.230000e+01 2.409998e+01 2.760000e+01
    endloop
  endfacet
  facet normal 1.000000e+00 -0.000000e+00 1.973730e-15
    outer loop
      vertex   2.230000e+01 1.044998e+01 3.300000e+01
      vertex   2.230000e+01 2.409998e+01 2.760000e+01
      vertex   2.230000e+01 1.894998e+01 3.300000e+01
    endloop
  endfacet
  facet normal 1.000000e+00 -2.069542e-15 0.000000e+00
    outer loop
      vertex   2.230000e+01 1.894998e+01 3.300000e+01
      vertex   2.230000e+01 2.409998e+01 2.760000e+01
      vertex   2.230000e+01 2.409998e+01 3.300000e+01
    endloop
  endfacet
  facet normal 1.000000e+00 0.000000e+00 0.000000e+00
    outer loop
      vertex   2.230000e+01 1.794998e+01 3.400000e+01
      vertex   2.230000e+01 1.144998e+01 3.400000e+01
      vertex   2.230000e+01 1.894998e+01 3.300000e+01
    endloop
  endfacet
  facet normal 1.000000e+00 0.000000e+00 0.000000e+00
    outer loop
      vertex   2.230000e+01 1.894998e+01 3.300000e+01
      vertex   2.230000e+01 1.144998e+01 3.400000e+01
      vertex   2.230000e+01 1.044998e+01 3.300000e+01
    endloop
  endfacet
  facet normal 7.071068e-01 -3.387168e-16 -7.071068e-01
    outer loop
      vertex   2.230000e+01 1.850000e+00 2.760000e+01
      vertex   2.200000e+01 1.550000e+00 2.730000e+01
      vertex   2.230000e+01 2.409998e+01 2.760000e+01
    endloop
  endfacet
  facet normal 7.071068e-01 0.000000e+00 -7.071068e-01
    outer loop
      vertex   2.230000e+01 2.409998e+01 2.760000e+01
      vertex   2.200000e+01 1.550000e+00 2.730000e+01
      vertex   2.170000e+01 2.409998e+01 2.700000e+01
    endloop
  endfacet
  facet normal 7.071068e-01 -2.258112e-16 -7.071068e-01
    outer loop
      vertex   2.170000e+01 2.409998e+01 2.700000e+01
      vertex   2.200000e+01 1.550000e+00 2.730000e+01
      vertex   2.170000e+01 1.850000e+00 2.700000e+01
    endloop
  endfacet
  facet normal -2.493865e-16 -7.071068e-01 -7.071068e-01
    outer loop
      vertex   2.170000e+01 1.250000e+00 2.760000e+01
      vertex   1.225627e+01 1.250000e+00 2.760000e+01
      vertex   2.200000e+01 1.550000e+00 2.730000e+01
    endloop
  endfacet
  facet normal -6.725259e-16 -7.071068e-01 -7.071068e-01
    outer loop
      vertex   2.200000e+01 1.550000e+00 2.730000e+01
      vertex   1.225627e+01 1.250000e+00 2.760000e+01
      vertex   1.165627e+01 1.850000e+00 2.700000e+01
    endloop
  endfacet
  facet normal -2.507724e-16 -7.071068e-01 -7.071068e-01
    outer loop
      vertex   2.200000e+01 1.550000e+00 2.730000e+01
      vertex   1.165627e+01 1.850000e+00 2.700000e+01
      vertex   2.170000e+01 1.850000e+00 2.700000e+01
    endloop
  endfacet
  facet normal -4.467353e-16 -1.000000e+00 -4.111937e-17
    outer loop
      vertex   2.170000e+01 1.250000e+00 3.300000e+01
      vertex   1.225627e+01 1.250000e+00 3.300000e+01
      vertex   2.170000e+01 1.250000e+00 2.760000e+01
    endloop
  endfacet
  facet normal -3.526857e-16 -1.000000e+00 1.233581e-16
    outer loop
      vertex   2.170000e+01 1.250000e+00 2.760000e+01
      vertex   1.225627e+01 1.250000e+00 3.300000e+01
      vertex   1.225627e+01 1.250000e+00 2.760000e+01
    endloop
  endfacet
  facet normal -2.648349e-16 -7.071068e-01 -7.071068e-01
    outer loop
      vertex   -1.810000e+01 1.850000e+00 2.700000e+01
      vertex   -9.800000e+00 1.850000e+00 2.700000e+01
      vertex   -1.840000e+01 1.550000e+00 2.730000e+01
    endloop
  endfacet
  facet normal 1.339938e-16 -7.071068e-01 -7.071068e-01
    outer loop
      vertex   -1.840000e+01 1.550000e+00 2.730000e+01
      vertex   -9.800000e+00 1.850000e+00 2.700000e+01
      vertex   -1.040000e+01 1.250000e+00 2.760000e+01
    endloop
  endfacet
  facet normal -2.633813e-16 -7.071068e-01 -7.071068e-01
    outer loop
      vertex   -1.840000e+01 1.550000e+00 2.730000e+01
      vertex   -1.040000e+01 1.250000e+00 2.760000e+01
      vertex   -1.810000e+01 1.250000e+00 2.760000e+01
    endloop
  endfacet
  facet normal 0.000000e+00 0.000000e+00 -1.000000e+00
    outer loop
      vertex   1.165627e+01 -3.698613e+00 2.700000e+01
      vertex   9.809132e+00 -2.000066e+00 2.700000e+01
      vertex   1.165627e+01 1.850000e+00 2.700000e+01
    endloop
  endfacet
  facet normal 0.000000e+00 0.000000e+00 -1.000000e+00
    outer loop
      vertex   1.165627e+01 1.850000e+00 2.700000e+01
      vertex   9.809132e+00 -2.000066e+00 2.700000e+01
      vertex   9.512193e+00 -1.428622e+00 2.700000e+01
    endloop
  endfacet
  facet normal 0.000000e+00 0.000000e+00 -1.000000e+00
    outer loop
      vertex   1.165627e+01 1.850000e+00 2.700000e+01
      vertex   9.512193e+00 -1.428622e+00 2.700000e+01
      vertex   9.156197e+00 -8.919774e-01 2.700000e+01
    endloop
  endfacet
  facet normal 0.000000e+00 0.000000e+00 -1.000000e+00
    outer loop
      vertex   1.169893e+01 -4.387424e+00 2.700000e+01
      vertex   1.031552e+01 -3.856924e+00 2.700000e+01
      vertex   1.165627e+01 -3.698613e+00 2.700000e+01
    endloop
  endfacet
  facet normal -0.000000e+00 0.000000e+00 -1.000000e+00
    outer loop
      vertex   1.165627e+01 -3.698613e+00 2.700000e+01
      vertex   1.031552e+01 -3.856924e+00 2.700000e+01
      vertex   1.021308e+01 -3.221135e+00 2.700000e+01
    endloop
  endfacet
  facet normal 0.000000e+00 0.000000e+00 -1.000000e+00
    outer loop
      vertex   1.165627e+01 -3.698613e+00 2.700000e+01
      vertex   1.021308e+01 -3.221135e+00 2.700000e+01
      vertex   1.004365e+01 -2.599836e+00 2.700000e+01
    endloop
  endfacet
  facet normal 0.000000e+00 0.000000e+00 -1.000000e+00
    outer loop
      vertex   1.031552e+01 -3.856924e+00 2.700000e+01
      vertex   1.169893e+01 -4.387424e+00 2.700000e+01
      vertex   1.034979e+01 -4.500000e+00 2.700000e+01
    endloop
  endfacet
  facet normal 0.000000e+00 0.000000e+00 -1.000000e+00
    outer loop
      vertex   1.034979e+01 -4.500000e+00 2.700000e+01
      vertex   1.169893e+01 -4.387424e+00 2.700000e+01
      vertex   1.167725e+01 -5.077213e+00 2.700000e+01
    endloop
  endfacet
  facet normal 0.000000e+00 -0.000000e+00 -1.000000e+00
    outer loop
      vertex   1.034979e+01 -4.500000e+00 2.700000e+01
      vertex   1.167725e+01 -5.077213e+00 2.700000e+01
      vertex   1.031552e+01 -5.143076e+00 2.700000e+01
    endloop
  endfacet
  facet normal 0.000000e+00 0.000000e+00 -1.000000e+00
    outer loop
      vertex   1.031552e+01 -5.143076e+00 2.700000e+01
      vertex   1.167725e+01 -5.077213e+00 2.700000e+01
      vertex   1.159139e+01 -5.761983e+00 2.700000e+01
    endloop
  endfacet
  facet normal 0.000000e+00 -0.000000e+00 -1.000000e+00
    outer loop
      vertex   1.031552e+01 -5.143076e+00 2.700000e+01
      vertex   1.159139e+01 -5.761983e+00 2.700000e+01
      vertex   1.021308e+01 -5.778865e+00 2.700000e+01
    endloop
  endfacet
  facet normal 0.000000e+00 0.000000e+00 -1.000000e+00
    outer loop
      vertex   1.021308e+01 -5.778865e+00 2.700000e+01
      vertex   1.159139e+01 -5.761983e+00 2.700000e+01
      vertex   1.144211e+01 -6.435775e+00 2.700000e+01
    endloop
  endfacet
  facet normal 0.000000e+00 -0.000000e+00 -1.000000e+00
    outer loop
      vertex   1.021308e+01 -5.778865e+00 2.700000e+01
      vertex   1.144211e+01 -6.435775e+00 2.700000e+01
      vertex   1.004365e+01 -6.400164e+00 2.700000e+01
    endloop
  endfacet
  facet normal 0.000000e+00 0.000000e+00 -1.000000e+00
    outer loop
      vertex   1.004365e+01 -6.400164e+00 2.700000e+01
      vertex   1.144211e+01 -6.435775e+00 2.700000e+01
      vertex   1.123072e+01 -7.092732e+00 2.700000e+01
    endloop
  endfacet
  facet normal 0.000000e+00 -0.000000e+00 -1.000000e+00
    outer loop
      vertex   1.004365e+01 -6.400164e+00 2.700000e+01
      vertex   1.123072e+01 -7.092732e+00 2.700000e+01
      vertex   9.809132e+00 -6.999934e+00 2.700000e+01
    endloop
  endfacet
  facet normal 0.000000e+00 0.000000e+00 -1.000000e+00
    outer loop
      vertex   9.809132e+00 -6.999934e+00 2.700000e+01
      vertex   1.123072e+01 -7.092732e+00 2.700000e+01
      vertex   1.095904e+01 -7.727138e+00 2.700000e+01
    endloop
  endfacet
  facet normal 0.000000e+00 -0.000000e+00 -1.000000e+00
    outer loop
      vertex   9.809132e+00 -6.999934e+00 2.700000e+01
      vertex   1.095904e+01 -7.727138e+00 2.700000e+01
      vertex   9.512193e+00 -7.571378e+00 2.700000e+01
    endloop
  endfacet
  facet normal 0.000000e+00 0.000000e+00 -1.000000e+00
    outer loop
      vertex   9.512193e+00 -7.571378e+00 2.700000e+01
      vertex   1.095904e+01 -7.727138e+00 2.700000e+01
      vertex   1.062944e+01 -8.333475e+00 2.700000e+01
    endloop
  endfacet
  facet normal 0.000000e+00 -0.000000e+00 -1.000000e+00
    outer loop
      vertex   9.512193e+00 -7.571378e+00 2.700000e+01
      vertex   1.062944e+01 -8.333475e+00 2.700000e+01
      vertex   9.156197e+00 -8.108022e+00 2.700000e+01
    endloop
  endfacet
  facet normal 0.000000e+00 0.000000e+00 -1.000000e+00
    outer loop
      vertex   9.156197e+00 -8.108022e+00 2.700000e+01
      vertex   1.062944e+01 -8.333475e+00 2.700000e+01
      vertex   1.024479e+01 -8.906471e+00 2.700000e+01
    endloop
  endfacet
  facet normal 0.000000e+00 -0.000000e+00 -1.000000e+00
    outer loop
      vertex   9.156197e+00 -8.108022e+00 2.700000e+01
      vertex   1.024479e+01 -8.906471e+00 2.700000e+01
      vertex   8.745175e+00 -8.603787e+00 2.700000e+01
    endloop
  endfacet
  facet normal 0.000000e+00 0.000000e+00 -1.000000e+00
    outer loop
      vertex   8.745175e+00 -8.603787e+00 2.700000e+01
      vertex   1.024479e+01 -8.906471e+00 2.700000e+01
      vertex   9.808433e+00 -9.441141e+00 2.700000e+01
    endloop
  endfacet
  facet normal 0.000000e+00 0.000000e+00 -1.000000e+00
    outer loop
      vertex   8.745175e+00 -8.603787e+00 2.700000e+01
      vertex   9.808433e+00 -9.441141e+00 2.700000e+01
      vertex   9.324163e+00 -9.932834e+00 2.700000e+01
    endloop
  endfacet
  facet normal 0.000000e+00 -0.000000e+00 -1.000000e+00
    outer loop
      vertex   8.745175e+00 -8.603787e+00 2.700000e+01
      vertex   9.324163e+00 -9.932834e+00 2.700000e+01
      vertex   8.283785e+00 -9.053053e+00 2.700000e+01
    endloop
  endfacet
  facet normal 0.000000e+00 0.000000e+00 -1.000000e+00
    outer loop
      vertex   8.283785e+00 -9.053053e+00 2.700000e+01
      vertex   9.324163e+00 -9.932834e+00 2.700000e+01
      vertex   8.796193e+00 -1.037728e+01 2.700000e+01
    endloop
  endfacet
  facet normal 0.000000e+00 -0.000000e+00 -1.000000e+00
    outer loop
      vertex   8.283785e+00 -9.053053e+00 2.700000e+01
      vertex   8.796193e+00 -1.037728e+01 2.700000e+01
      vertex   7.777255e+00 -9.450732e+00 2.700000e+01
    endloop
  endfacet
  facet normal 0.000000e+00 0.000000e+00 -1.000000e+00
    outer loop
      vertex   7.777255e+00 -9.450732e+00 2.700000e+01
      vertex   8.796193e+00 -1.037728e+01 2.700000e+01
      vertex   8.229116e+00 -1.077060e+01 2.700000e+01
    endloop
  endfacet
  facet normal 0.000000e+00 -0.000000e+00 -1.000000e+00
    outer loop
      vertex   7.777255e+00 -9.450732e+00 2.700000e+01
      vertex   8.229116e+00 -1.077060e+01 2.700000e+01
      vertex   7.231324e+00 -9.792317e+00 2.700000e+01
    endloop
  endfacet
  facet normal 0.000000e+00 0.000000e+00 -1.000000e+00
    outer loop
      vertex   7.231324e+00 -9.792317e+00 2.700000e+01
      vertex   8.229116e+00 -1.077060e+01 2.700000e+01
      vertex   7.627863e+00 -1.110938e+01 2.700000e+01
    endloop
  endfacet
  facet normal 0.000000e+00 -0.000000e+00 -1.000000e+00
    outer loop
      vertex   7.231324e+00 -9.792317e+00 2.700000e+01
      vertex   7.627863e+00 -1.110938e+01 2.700000e+01
      vertex   6.652178e+00 -1.007394e+01 2.700000e+01
    endloop
  endfacet
  facet normal 0.000000e+00 0.000000e+00 -1.000000e+00
    outer loop
      vertex   6.652178e+00 -1.007394e+01 2.700000e+01
      vertex   7.627863e+00 -1.110938e+01 2.700000e+01
      vertex   6.997663e+00 -1.139068e+01 2.700000e+01
    endloop
  endfacet
  facet normal 0.000000e+00 -0.000000e+00 -1.000000e+00
    outer loop
      vertex   6.652178e+00 -1.007394e+01 2.700000e+01
      vertex   6.997663e+00 -1.139068e+01 2.700000e+01
      vertex   6.046378e+00 -1.029240e+01 2.700000e+01
    endloop
  endfacet
  facet normal 0.000000e+00 0.000000e+00 -1.000000e+00
    outer loop
      vertex   6.046378e+00 -1.029240e+01 2.700000e+01
      vertex   6.997663e+00 -1.139068e+01 2.700000e+01
      vertex   6.343999e+00 -1.161205e+01 2.700000e+01
    endloop
  endfacet
  facet normal 0.000000e+00 -0.000000e+00 -1.000000e+00
    outer loop
      vertex   6.046378e+00 -1.029240e+01 2.700000e+01
      vertex   6.343999e+00 -1.161205e+01 2.700000e+01
      vertex   5.420788e+00 -1.044524e+01 2.700000e+01
    endloop
  endfacet
  facet normal 0.000000e+00 0.000000e+00 -1.000000e+00
    outer loop
      vertex   5.420788e+00 -1.044524e+01 2.700000e+01
      vertex   6.343999e+00 -1.161205e+01 2.700000e+01
      vertex   5.672555e+00 -1.177156e+01 2.700000e+01
    endloop
  endfacet
  facet normal 0.000000e+00 -0.000000e+00 -1.000000e+00
    outer loop
      vertex   5.420788e+00 -1.044524e+01 2.700000e+01
      vertex   5.672555e+00 -1.177156e+01 2.700000e+01
      vertex   4.989171e+00 -1.186782e+01 2.700000e+01
    endloop
  endfacet
  facet normal 0.000000e+00 0.000000e+00 -1.000000e+00
    outer loop
      vertex   5.420788e+00 -1.044524e+01 2.700000e+01
      vertex   4.989171e+00 -1.186782e+01 2.700000e+01
      vertex   4.782497e+00 -1.053071e+01 2.700000e+01
    endloop
  endfacet
  facet normal 0.000000e+00 -0.000000e+00 -1.000000e+00
    outer loop
      vertex   4.782497e+00 -1.053071e+01 2.700000e+01
      vertex   4.989171e+00 -1.186782e+01 2.700000e+01
      vertex   4.299791e+00 -1.190000e+01 2.700000e+01
    endloop
  endfacet
  facet normal 0.000000e+00 0.000000e+00 -1.000000e+00
    outer loop
      vertex   4.782497e+00 -1.053071e+01 2.700000e+01
      vertex   4.299791e+00 -1.190000e+01 2.700000e+01
      vertex   4.138737e+00 -1.054786e+01 2.700000e+01
    endloop
  endfacet
  facet normal -0.000000e+00 -0.000000e+00 -1.000000e+00
    outer loop
      vertex   4.138737e+00 -1.054786e+01 2.700000e+01
      vertex   4.299791e+00 -1.190000e+01 2.700000e+01
      vertex   3.496802e+00 -1.049647e+01 2.700000e+01
    endloop
  endfacet
  facet normal -0.000000e+00 -0.000000e+00 -1.000000e+00
    outer loop
      vertex   3.496802e+00 -1.049647e+01 2.700000e+01
      vertex   4.299791e+00 -1.190000e+01 2.700000e+01
      vertex   2.863965e+00 -1.037715e+01 2.700000e+01
    endloop
  endfacet
  facet normal -0.000000e+00 -0.000000e+00 -1.000000e+00
    outer loop
      vertex   2.863965e+00 -1.037715e+01 2.700000e+01
      vertex   4.299791e+00 -1.190000e+01 2.700000e+01
      vertex   2.247396e+00 -1.019124e+01 2.700000e+01
    endloop
  endfacet
  facet normal -0.000000e+00 -0.000000e+00 -1.000000e+00
    outer loop
      vertex   2.247396e+00 -1.019124e+01 2.700000e+01
      vertex   4.299791e+00 -1.190000e+01 2.700000e+01
      vertex   1.654082e+00 -9.940838e+00 2.700000e+01
    endloop
  endfacet
  facet normal 0.000000e+00 -0.000000e+00 -1.000000e+00
    outer loop
      vertex   1.654082e+00 -9.940838e+00 2.700000e+01
      vertex   4.299791e+00 -1.190000e+01 2.700000e+01
      vertex   -9.800000e+00 -1.190000e+01 2.700000e+01
    endloop
  endfacet
  facet normal -0.000000e+00 0.000000e+00 -1.000000e+00
    outer loop
      vertex   1.654082e+00 -9.940838e+00 2.700000e+01
      vertex   -9.800000e+00 -1.190000e+01 2.700000e+01
      vertex   1.090745e+00 -9.628793e+00 2.700000e+01
    endloop
  endfacet
  facet normal -0.000000e+00 0.000000e+00 -1.000000e+00
    outer loop
      vertex   1.090745e+00 -9.628793e+00 2.700000e+01
      vertex   -9.800000e+00 -1.190000e+01 2.700000e+01
      vertex   5.637674e-01 -9.258637e+00 2.700000e+01
    endloop
  endfacet
  facet normal -0.000000e+00 0.000000e+00 -1.000000e+00
    outer loop
      vertex   5.637674e-01 -9.258637e+00 2.700000e+01
      vertex   -9.800000e+00 -1.190000e+01 2.700000e+01
      vertex   7.912059e-02 -8.834563e+00 2.700000e+01
    endloop
  endfacet
  facet normal -0.000000e+00 0.000000e+00 -1.000000e+00
    outer loop
      vertex   7.912059e-02 -8.834563e+00 2.700000e+01
      vertex   -9.800000e+00 -1.190000e+01 2.700000e+01
      vertex   -3.577043e-01 -8.361377e+00 2.700000e+01
    endloop
  endfacet
  facet normal -0.000000e+00 0.000000e+00 -1.000000e+00
    outer loop
      vertex   -3.577043e-01 -8.361377e+00 2.700000e+01
      vertex   -9.800000e+00 -1.190000e+01 2.700000e+01
      vertex   -7.417579e-01 -7.844440e+00 2.700000e+01
    endloop
  endfacet
  facet normal -0.000000e+00 0.000000e+00 -1.000000e+00
    outer loop
      vertex   -7.417579e-01 -7.844440e+00 2.700000e+01
      vertex   -9.800000e+00 -1.190000e+01 2.700000e+01
      vertex   -1.068689e+00 -7.289610e+00 2.700000e+01
    endloop
  endfacet
  facet normal -0.000000e+00 0.000000e+00 -1.000000e+00
    outer loop
      vertex   -1.068689e+00 -7.289610e+00 2.700000e+01
      vertex   -9.800000e+00 -1.190000e+01 2.700000e+01
      vertex   -1.334793e+00 -6.703171e+00 2.700000e+01
    endloop
  endfacet
  facet normal -0.000000e+00 0.000000e+00 -1.000000e+00
    outer loop
      vertex   -1.334793e+00 -6.703171e+00 2.700000e+01
      vertex   -9.800000e+00 -1.190000e+01 2.700000e+01
      vertex   -1.537054e+00 -6.091770e+00 2.700000e+01
    endloop
  endfacet
  facet normal -0.000000e+00 0.000000e+00 -1.000000e+00
    outer loop
      vertex   -1.537054e+00 -6.091770e+00 2.700000e+01
      vertex   -9.800000e+00 -1.190000e+01 2.700000e+01
      vertex   -1.673182e+00 -5.462334e+00 2.700000e+01
    endloop
  endfacet
  facet normal -0.000000e+00 0.000000e+00 -1.000000e+00
    outer loop
      vertex   -1.673182e+00 -5.462334e+00 2.700000e+01
      vertex   -9.800000e+00 -1.190000e+01 2.700000e+01
      vertex   -1.741634e+00 -4.821994e+00 2.700000e+01
    endloop
  endfacet
  facet normal -0.000000e+00 0.000000e+00 -1.000000e+00
    outer loop
      vertex   -1.741634e+00 -4.821994e+00 2.700000e+01
      vertex   -9.800000e+00 -1.190000e+01 2.700000e+01
      vertex   -9.800000e+00 1.850000e+00 2.700000e+01
    endloop
  endfacet
  facet normal 0.000000e+00 0.000000e+00 -1.000000e+00
    outer loop
      vertex   -1.741634e+00 -4.821994e+00 2.700000e+01
      vertex   -9.800000e+00 1.850000e+00 2.700000e+01
      vertex   -1.741634e+00 -4.178006e+00 2.700000e+01
    endloop
  endfacet
  facet normal 0.000000e+00 0.000000e+00 -1.000000e+00
    outer loop
      vertex   -1.741634e+00 -4.178006e+00 2.700000e+01
      vertex   -9.800000e+00 1.850000e+00 2.700000e+01
      vertex   -1.673182e+00 -3.537666e+00 2.700000e+01
    endloop
  endfacet
  facet normal 0.000000e+00 0.000000e+00 -1.000000e+00
    outer loop
      vertex   -1.673182e+00 -3.537666e+00 2.700000e+01
      vertex   -9.800000e+00 1.850000e+00 2.700000e+01
      vertex   -1.537054e+00 -2.908229e+00 2.700000e+01
    endloop
  endfacet
  facet normal 0.000000e+00 0.000000e+00 -1.000000e+00
    outer loop
      vertex   -1.537054e+00 -2.908229e+00 2.700000e+01
      vertex   -9.800000e+00 1.850000e+00 2.700000e+01
      vertex   -1.334793e+00 -2.296828e+00 2.700000e+01
    endloop
  endfacet
  facet normal 0.000000e+00 0.000000e+00 -1.000000e+00
    outer loop
      vertex   -1.334793e+00 -2.296828e+00 2.700000e+01
      vertex   -9.800000e+00 1.850000e+00 2.700000e+01
      vertex   -2.752012e+00 3.060490e+00 2.700000e+01
    endloop
  endfacet
  facet normal 0.000000e+00 0.000000e+00 -1.000000e+00
    outer loop
      vertex   -1.334793e+00 -2.296828e+00 2.700000e+01
      vertex   -2.752012e+00 3.060490e+00 2.700000e+01
      vertex   -1.068689e+00 -1.710390e+00 2.700000e+01
    endloop
  endfacet
  facet normal 0.000000e+00 0.000000e+00 -1.000000e+00
    outer loop
      vertex   -1.068689e+00 -1.710390e+00 2.700000e+01
      vertex   -2.752012e+00 3.060490e+00 2.700000e+01
      vertex   -2.273288e+00 2.823301e+00 2.700000e+01
    endloop
  endfacet
  facet normal 0.000000e+00 0.000000e+00 -1.000000e+00
    outer loop
      vertex   -1.068689e+00 -1.710390e+00 2.700000e+01
      vertex   -2.273288e+00 2.823301e+00 2.700000e+01
      vertex   -7.417579e-01 -1.155560e+00 2.700000e+01
    endloop
  endfacet
  facet normal 0.000000e+00 0.000000e+00 -1.000000e+00
    outer loop
      vertex   -7.417579e-01 -1.155560e+00 2.700000e+01
      vertex   -2.273288e+00 2.823301e+00 2.700000e+01
      vertex   -1.767737e+00 2.650517e+00 2.700000e+01
    endloop
  endfacet
  facet normal 0.000000e+00 0.000000e+00 -1.000000e+00
    outer loop
      vertex   -7.417579e-01 -1.155560e+00 2.700000e+01
      vertex   -1.767737e+00 2.650517e+00 2.700000e+01
      vertex   -3.577043e-01 -6.386226e-01 2.700000e+01
    endloop
  endfacet
  facet normal 0.000000e+00 0.000000e+00 -1.000000e+00
    outer loop
      vertex   -3.577043e-01 -6.386226e-01 2.700000e+01
      vertex   -1.767737e+00 2.650517e+00 2.700000e+01
      vertex   -1.243982e+00 2.545084e+00 2.700000e+01
    endloop
  endfacet
  facet normal 0.000000e+00 0.000000e+00 -1.000000e+00
    outer loop
      vertex   -3.577043e-01 -6.386226e-01 2.700000e+01
      vertex   -1.243982e+00 2.545084e+00 2.700000e+01
      vertex   7.912059e-02 -1.654367e-01 2.700000e+01
    endloop
  endfacet
  facet normal 0.000000e+00 0.000000e+00 -1.000000e+00
    outer loop
      vertex   7.912059e-02 -1.654367e-01 2.700000e+01
      vertex   -1.243982e+00 2.545084e+00 2.700000e+01
      vertex   -7.109538e-01 2.508799e+00 2.700000e+01
    endloop
  endfacet
  facet normal 0.000000e+00 0.000000e+00 -1.000000e+00
    outer loop
      vertex   7.912059e-02 -1.654367e-01 2.700000e+01
      vertex   -7.109538e-01 2.508799e+00 2.700000e+01
      vertex   5.637674e-01 2.586370e-01 2.700000e+01
    endloop
  endfacet
  facet normal 0.000000e+00 0.000000e+00 -1.000000e+00
    outer loop
      vertex   5.637674e-01 2.586370e-01 2.700000e+01
      vertex   -7.109538e-01 2.508799e+00 2.700000e+01
      vertex   -1.777423e-01 2.542283e+00 2.700000e+01
    endloop
  endfacet
  facet normal 0.000000e+00 0.000000e+00 -1.000000e+00
    outer loop
      vertex   5.637674e-01 2.586370e-01 2.700000e+01
      vertex   -1.777423e-01 2.542283e+00 2.700000e+01
      vertex   1.090745e+00 6.287933e-01 2.700000e+01
    endloop
  endfacet
  facet normal 0.000000e+00 0.000000e+00 -1.000000e+00
    outer loop
      vertex   1.090745e+00 6.287933e-01 2.700000e+01
      vertex   -1.777423e-01 2.542283e+00 2.700000e+01
      vertex   3.465595e-01 2.644964e+00 2.700000e+01
    endloop
  endfacet
  facet normal 0.000000e+00 0.000000e+00 -1.000000e+00
    outer loop
      vertex   1.090745e+00 6.287933e-01 2.700000e+01
      vertex   3.465595e-01 2.644964e+00 2.700000e+01
      vertex   1.654082e+00 9.408384e-01 2.700000e+01
    endloop
  endfacet
  facet normal 0.000000e+00 0.000000e+00 -1.000000e+00
    outer loop
      vertex   1.654082e+00 9.408384e-01 2.700000e+01
      vertex   3.465595e-01 2.644964e+00 2.700000e+01
      vertex   8.530105e-01 2.815090e+00 2.700000e+01
    endloop
  endfacet
  facet normal 0.000000e+00 0.000000e+00 -1.000000e+00
    outer loop
      vertex   1.654082e+00 9.408384e-01 2.700000e+01
      vertex   8.530105e-01 2.815090e+00 2.700000e+01
      vertex   2.247396e+00 1.191237e+00 2.700000e+01
    endloop
  endfacet
  facet normal 0.000000e+00 0.000000e+00 -1.000000e+00
    outer loop
      vertex   2.247396e+00 1.191237e+00 2.700000e+01
      vertex   8.530105e-01 2.815090e+00 2.700000e+01
      vertex   1.332974e+00 3.049761e+00 2.700000e+01
    endloop
  endfacet
  facet normal 0.000000e+00 0.000000e+00 -1.000000e+00
    outer loop
      vertex   2.247396e+00 1.191237e+00 2.700000e+01
      vertex   1.332974e+00 3.049761e+00 2.700000e+01
      vertex   2.863965e+00 1.377151e+00 2.700000e+01
    endloop
  endfacet
  facet normal 0.000000e+00 0.000000e+00 -1.000000e+00
    outer loop
      vertex   2.863965e+00 1.377151e+00 2.700000e+01
      vertex   1.332974e+00 3.049761e+00 2.700000e+01
      vertex   1.778266e+00 3.344975e+00 2.700000e+01
    endloop
  endfacet
  facet normal 0.000000e+00 0.000000e+00 -1.000000e+00
    outer loop
      vertex   2.863965e+00 1.377151e+00 2.700000e+01
      vertex   1.778266e+00 3.344975e+00 2.700000e+01
      vertex   3.496802e+00 1.496475e+00 2.700000e+01
    endloop
  endfacet
  facet normal 0.000000e+00 0.000000e+00 -1.000000e+00
    outer loop
      vertex   3.496802e+00 1.496475e+00 2.700000e+01
      vertex   1.778266e+00 3.344975e+00 2.700000e+01
      vertex   2.181291e+00 3.695697e+00 2.700000e+01
    endloop
  endfacet
  facet normal 0.000000e+00 0.000000e+00 -1.000000e+00
    outer loop
      vertex   3.496802e+00 1.496475e+00 2.700000e+01
      vertex   2.181291e+00 3.695697e+00 2.700000e+01
      vertex   2.490907e+00 3.958241e+00 2.700000e+01
    endloop
  endfacet
  facet normal 0.000000e+00 0.000000e+00 -1.000000e+00
    outer loop
      vertex   -1.810000e+01 1.850000e+00 2.700000e+01
      vertex   -1.061953e+01 1.102060e+01 2.700000e+01
      vertex   -9.800000e+00 1.850000e+00 2.700000e+01
    endloop
  endfacet
  facet normal 0.000000e+00 0.000000e+00 -1.000000e+00
    outer loop
      vertex   -9.800000e+00 1.850000e+00 2.700000e+01
      vertex   -1.061953e+01 1.102060e+01 2.700000e+01
      vertex   -1.013326e+01 1.080534e+01 2.700000e+01
    endloop
  endfacet
  facet normal 0.000000e+00 0.000000e+00 -1.000000e+00
    outer loop
      vertex   -9.800000e+00 1.850000e+00 2.700000e+01
      vertex   -1.013326e+01 1.080534e+01 2.700000e+01
      vertex   -9.623462e+00 1.065403e+01 2.700000e+01
    endloop
  endfacet
  facet normal 0.000000e+00 0.000000e+00 -1.000000e+00
    outer loop
      vertex   -1.810000e+01 2.409998e+01 2.700000e+01
      vertex   -1.284147e+01 1.443409e+01 2.700000e+01
      vertex   -1.810000e+01 1.850000e+00 2.700000e+01
    endloop
  endfacet
  facet normal 0.000000e+00 0.000000e+00 -1.000000e+00
    outer loop
      vertex   -1.810000e+01 1.850000e+00 2.700000e+01
      vertex   -1.284147e+01 1.443409e+01 2.700000e+01
      vertex   -1.277347e+01 1.390667e+01 2.700000e+01
    endloop
  endfacet
  facet normal 0.000000e+00 0.000000e+00 -1.000000e+00
    outer loop
      vertex   -1.810000e+01 1.850000e+00 2.700000e+01
      vertex   -1.277347e+01 1.390667e+01 2.700000e+01
      vertex   -1.263858e+01 1.339228e+01 2.700000e+01
    endloop
  endfacet
  facet normal -0.000000e+00 0.000000e+00 -1.000000e+00
    outer loop
      vertex   2.170000e+01 2.409998e+01 2.700000e+01
      vertex   -7.519210e+00 1.867845e+01 2.700000e+01
      vertex   -1.810000e+01 2.409998e+01 2.700000e+01
    endloop
  endfacet
  facet normal 0.000000e+00 0.000000e+00 -1.000000e+00
    outer loop
      vertex   -1.810000e+01 2.409998e+01 2.700000e+01
      vertex   -7.519210e+00 1.867845e+01 2.700000e+01
      vertex   -8.037660e+00 1.879679e+01 2.700000e+01
    endloop
  endfacet
  facet normal 0.000000e+00 0.000000e+00 -1.000000e+00
    outer loop
      vertex   -1.810000e+01 2.409998e+01 2.700000e+01
      vertex   -8.037660e+00 1.879679e+01 2.700000e+01
      vertex   -8.566986e+00 1.884785e+01 2.700000e+01
    endloop
  endfacet
  facet normal 0.000000e+00 0.000000e+00 -1.000000e+00
    outer loop
      vertex   2.170000e+01 1.850000e+00 2.700000e+01
      vertex   1.641593e+01 1.416929e+01 2.700000e+01
      vertex   2.170000e+01 2.409998e+01 2.700000e+01
    endloop
  endfacet
  facet normal 0.000000e+00 0.000000e+00 -1.000000e+00
    outer loop
      vertex   2.170000e+01 2.409998e+01 2.700000e+01
      vertex   1.641593e+01 1.416929e+01 2.700000e+01
      vertex   1.645000e+01 1.469998e+01 2.700000e+01
    endloop
  endfacet
  facet normal 0.000000e+00 0.000000e+00 -1.000000e+00
    outer loop
      vertex   2.170000e+01 2.409998e+01 2.700000e+01
      vertex   1.645000e+01 1.469998e+01 2.700000e+01
      vertex   1.641593e+01 1.523067e+01 2.700000e+01
    endloop
  endfacet
  facet normal 0.000000e+00 0.000000e+00 -1.000000e+00
    outer loop
      vertex   1.165627e+01 1.850000e+00 2.700000e+01
      vertex   1.397985e+01 1.090517e+01 2.700000e+01
      vertex   2.170000e+01 1.850000e+00 2.700000e+01
    endloop
  endfacet
  facet normal 0.000000e+00 0.000000e+00 -1.000000e+00
    outer loop
      vertex   2.170000e+01 1.850000e+00 2.700000e+01
      vertex   1.397985e+01 1.090517e+01 2.700000e+01
      vertex   1.445133e+01 1.115114e+01 2.700000e+01
    endloop
  endfacet
  facet normal 0.000000e+00 0.000000e+00 -1.000000e+00
    outer loop
      vertex   2.170000e+01 1.850000e+00 2.700000e+01
      vertex   1.445133e+01 1.115114e+01 2.700000e+01
      vertex   1.488748e+01 1.145538e+01 2.700000e+01
    endloop
  endfacet
  facet normal 0.000000e+00 0.000000e+00 -1.000000e+00
    outer loop
      vertex   -4.584071e+00 1.523067e+01 2.700000e+01
      vertex   1.283857e+00 1.515456e+01 2.700000e+01
      vertex   -4.550000e+00 1.469998e+01 2.700000e+01
    endloop
  endfacet
  facet normal 0.000000e+00 0.000000e+00 -1.000000e+00
    outer loop
      vertex   -4.550000e+00 1.469998e+01 2.700000e+01
      vertex   1.283857e+00 1.515456e+01 2.700000e+01
      vertex   1.249791e+00 1.469998e+01 2.700000e+01
    endloop
  endfacet
  facet normal 0.000000e+00 0.000000e+00 -1.000000e+00
    outer loop
      vertex   -4.550000e+00 1.469998e+01 2.700000e+01
      vertex   1.249791e+00 1.469998e+01 2.700000e+01
      vertex   1.283857e+00 1.424540e+01 2.700000e+01
    endloop
  endfacet
  facet normal 0.000000e+00 0.000000e+00 -1.000000e+00
    outer loop
      vertex   1.283857e+00 1.515456e+01 2.700000e+01
      vertex   -4.584071e+00 1.523067e+01 2.700000e+01
      vertex   1.385294e+00 1.559899e+01 2.700000e+01
    endloop
  endfacet
  facet normal -0.000000e+00 0.000000e+00 -1.000000e+00
    outer loop
      vertex   1.385294e+00 1.559899e+01 2.700000e+01
      vertex   -4.584071e+00 1.523067e+01 2.700000e+01
      vertex   -4.685726e+00 1.575265e+01 2.700000e+01
    endloop
  endfacet
  facet normal 0.000000e+00 0.000000e+00 -1.000000e+00
    outer loop
      vertex   1.385294e+00 1.559899e+01 2.700000e+01
      vertex   -4.685726e+00 1.575265e+01 2.700000e+01
      vertex   1.551836e+00 1.602333e+01 2.700000e+01
    endloop
  endfacet
  facet normal -0.000000e+00 0.000000e+00 -1.000000e+00
    outer loop
      vertex   1.551836e+00 1.602333e+01 2.700000e+01
      vertex   -4.685726e+00 1.575265e+01 2.700000e+01
      vertex   -4.853295e+00 1.625734e+01 2.700000e+01
    endloop
  endfacet
  facet normal 0.000000e+00 0.000000e+00 -1.000000e+00
    outer loop
      vertex   1.551836e+00 1.602333e+01 2.700000e+01
      vertex   -4.853295e+00 1.625734e+01 2.700000e+01
      vertex   1.779763e+00 1.641811e+01 2.700000e+01
    endloop
  endfacet
  facet normal -0.000000e+00 0.000000e+00 -1.000000e+00
    outer loop
      vertex   1.779763e+00 1.641811e+01 2.700000e+01
      vertex   -4.853295e+00 1.625734e+01 2.700000e+01
      vertex   -5.084027e+00 1.673646e+01 2.700000e+01
    endloop
  endfacet
  facet normal 0.000000e+00 0.000000e+00 -1.000000e+00
    outer loop
      vertex   1.779763e+00 1.641811e+01 2.700000e+01
      vertex   -5.084027e+00 1.673646e+01 2.700000e+01
      vertex   2.063983e+00 1.677451e+01 2.700000e+01
    endloop
  endfacet
  facet normal -0.000000e+00 0.000000e+00 -1.000000e+00
    outer loop
      vertex   2.063983e+00 1.677451e+01 2.700000e+01
      vertex   -5.084027e+00 1.673646e+01 2.700000e+01
      vertex   -5.374133e+00 1.718214e+01 2.700000e+01
    endloop
  endfacet
  facet normal 0.000000e+00 0.000000e+00 -1.000000e+00
    outer loop
      vertex   2.063983e+00 1.677451e+01 2.700000e+01
      vertex   -5.374133e+00 1.718214e+01 2.700000e+01
      vertex   2.398147e+00 1.708457e+01 2.700000e+01
    endloop
  endfacet
  facet normal 0.000000e+00 0.000000e+00 -1.000000e+00
    outer loop
      vertex   2.398147e+00 1.708457e+01 2.700000e+01
      vertex   -5.374133e+00 1.718214e+01 2.700000e+01
      vertex   -5.718850e+00 1.758706e+01 2.700000e+01
    endloop
  endfacet
  facet normal 0.000000e+00 0.000000e+00 -1.000000e+00
    outer loop
      vertex   2.398147e+00 1.708457e+01 2.700000e+01
      vertex   -5.718850e+00 1.758706e+01 2.700000e+01
      vertex   -6.112517e+00 1.794458e+01 2.700000e+01
    endloop
  endfacet
  facet normal 0.000000e+00 0.000000e+00 -1.000000e+00
    outer loop
      vertex   2.398147e+00 1.708457e+01 2.700000e+01
      vertex   -6.112517e+00 1.794458e+01 2.700000e+01
      vertex   2.774791e+00 1.734136e+01 2.700000e+01
    endloop
  endfacet
  facet normal 0.000000e+00 0.000000e+00 -1.000000e+00
    outer loop
      vertex   2.774791e+00 1.734136e+01 2.700000e+01
      vertex   -6.112517e+00 1.794458e+01 2.700000e+01
      vertex   -6.548671e+00 1.824882e+01 2.700000e+01
    endloop
  endfacet
  facet normal 0.000000e+00 0.000000e+00 -1.000000e+00
    outer loop
      vertex   2.774791e+00 1.734136e+01 2.700000e+01
      vertex   -6.548671e+00 1.824882e+01 2.700000e+01
      vertex   3.185501e+00 1.753915e+01 2.700000e+01
    endloop
  endfacet
  facet normal 0.000000e+00 0.000000e+00 -1.000000e+00
    outer loop
      vertex   3.185501e+00 1.753915e+01 2.700000e+01
      vertex   -6.548671e+00 1.824882e+01 2.700000e+01
      vertex   -7.020149e+00 1.849479e+01 2.700000e+01
    endloop
  endfacet
  facet normal 0.000000e+00 0.000000e+00 -1.000000e+00
    outer loop
      vertex   3.185501e+00 1.753915e+01 2.700000e+01
      vertex   -7.020149e+00 1.849479e+01 2.700000e+01
      vertex   3.621102e+00 1.767351e+01 2.700000e+01
    endloop
  endfacet
  facet normal 0.000000e+00 0.000000e+00 -1.000000e+00
    outer loop
      vertex   3.621102e+00 1.767351e+01 2.700000e+01
      vertex   -7.020149e+00 1.849479e+01 2.700000e+01
      vertex   -7.519210e+00 1.867845e+01 2.700000e+01
    endloop
  endfacet
  facet normal 0.000000e+00 0.000000e+00 -1.000000e+00
    outer loop
      vertex   3.621102e+00 1.767351e+01 2.700000e+01
      vertex   -7.519210e+00 1.867845e+01 2.700000e+01
      vertex   4.071865e+00 1.774145e+01 2.700000e+01
    endloop
  endfacet
  facet normal 0.000000e+00 0.000000e+00 -1.000000e+00
    outer loop
      vertex   4.071865e+00 1.774145e+01 2.700000e+01
      vertex   -7.519210e+00 1.867845e+01 2.700000e+01
      vertex   2.170000e+01 2.409998e+01 2.700000e+01
    endloop
  endfacet
  facet normal 0.000000e+00 0.000000e+00 -1.000000e+00
    outer loop
      vertex   4.071865e+00 1.774145e+01 2.700000e+01
      vertex   2.170000e+01 2.409998e+01 2.700000e+01
      vertex   1.137654e+01 1.874593e+01 2.700000e+01
    endloop
  endfacet
  facet normal 0.000000e+00 0.000000e+00 -1.000000e+00
    outer loop
      vertex   1.137654e+01 1.874593e+01 2.700000e+01
      vertex   2.170000e+01 2.409998e+01 2.700000e+01
      vertex   1.190150e+01 1.883081e+01 2.700000e+01
    endloop
  endfacet
  facet normal 0.000000e+00 0.000000e+00 -1.000000e+00
    outer loop
      vertex   1.190150e+01 1.883081e+01 2.700000e+01
      vertex   2.170000e+01 2.409998e+01 2.700000e+01
      vertex   1.243301e+01 1.884785e+01 2.700000e+01
    endloop
  endfacet
  facet normal 0.000000e+00 0.000000e+00 -1.000000e+00
    outer loop
      vertex   1.243301e+01 1.884785e+01 2.700000e+01
      vertex   2.170000e+01 2.409998e+01 2.700000e+01
      vertex   1.296234e+01 1.879679e+01 2.700000e+01
    endloop
  endfacet
  facet normal 0.000000e+00 0.000000e+00 -1.000000e+00
    outer loop
      vertex   1.296234e+01 1.879679e+01 2.700000e+01
      vertex   2.170000e+01 2.409998e+01 2.700000e+01
      vertex   1.348079e+01 1.867845e+01 2.700000e+01
    endloop
  endfacet
  facet normal 0.000000e+00 0.000000e+00 -1.000000e+00
    outer loop
      vertex   1.348079e+01 1.867845e+01 2.700000e+01
      vertex   2.170000e+01 2.409998e+01 2.700000e+01
      vertex   1.397985e+01 1.849479e+01 2.700000e+01
    endloop
  endfacet
  facet normal 0.000000e+00 0.000000e+00 -1.000000e+00
    outer loop
      vertex   1.397985e+01 1.849479e+01 2.700000e+01
      vertex   2.170000e+01 2.409998e+01 2.700000e+01
      vertex   1.445133e+01 1.824882e+01 2.700000e+01
    endloop
  endfacet
  facet normal 0.000000e+00 0.000000e+00 -1.000000e+00
    outer loop
      vertex   1.445133e+01 1.824882e+01 2.700000e+01
      vertex   2.170000e+01 2.409998e+01 2.700000e+01
      vertex   1.488748e+01 1.794458e+01 2.700000e+01
    endloop
  endfacet
  facet normal 0.000000e+00 0.000000e+00 -1.000000e+00
    outer loop
      vertex   1.488748e+01 1.794458e+01 2.700000e+01
      vertex   2.170000e+01 2.409998e+01 2.700000e+01
      vertex   1.528115e+01 1.758706e+01 2.700000e+01
    endloop
  endfacet
  facet normal 0.000000e+00 0.000000e+00 -1.000000e+00
    outer loop
      vertex   1.528115e+01 1.758706e+01 2.700000e+01
      vertex   2.170000e+01 2.409998e+01 2.700000e+01
      vertex   1.562587e+01 1.718214e+01 2.700000e+01
    endloop
  endfacet
  facet normal 0.000000e+00 0.000000e+00 -1.000000e+00
    outer loop
      vertex   1.562587e+01 1.718214e+01 2.700000e+01
      vertex   2.170000e+01 2.409998e+01 2.700000e+01
      vertex   1.591597e+01 1.673646e+01 2.700000e+01
    endloop
  endfacet
  facet normal 0.000000e+00 0.000000e+00 -1.000000e+00
    outer loop
      vertex   1.591597e+01 1.673646e+01 2.700000e+01
      vertex   2.170000e+01 2.409998e+01 2.700000e+01
      vertex   1.614670e+01 1.625734e+01 2.700000e+01
    endloop
  endfacet
  facet normal 0.000000e+00 0.000000e+00 -1.000000e+00
    outer loop
      vertex   1.614670e+01 1.625734e+01 2.700000e+01
      vertex   2.170000e+01 2.409998e+01 2.700000e+01
      vertex   1.631427e+01 1.575265e+01 2.700000e+01
    endloop
  endfacet
  facet normal 0.000000e+00 0.000000e+00 -1.000000e+00
    outer loop
      vertex   1.631427e+01 1.575265e+01 2.700000e+01
      vertex   2.170000e+01 2.409998e+01 2.700000e+01
      vertex   1.641593e+01 1.523067e+01 2.700000e+01
    endloop
  endfacet
  facet normal -0.000000e+00 0.000000e+00 -1.000000e+00
    outer loop
      vertex   -8.566986e+00 1.884785e+01 2.700000e+01
      vertex   -9.098495e+00 1.883081e+01 2.700000e+01
      vertex   -1.810000e+01 2.409998e+01 2.700000e+01
    endloop
  endfacet
  facet normal 0.000000e+00 0.000000e+00 -1.000000e+00
    outer loop
      vertex   -1.810000e+01 2.409998e+01 2.700000e+01
      vertex   -9.098495e+00 1.883081e+01 2.700000e+01
      vertex   -9.623462e+00 1.874593e+01 2.700000e+01
    endloop
  endfacet
  facet normal 0.000000e+00 0.000000e+00 -1.000000e+00
    outer loop
      vertex   -1.810000e+01 2.409998e+01 2.700000e+01
      vertex   -9.623462e+00 1.874593e+01 2.700000e+01
      vertex   -1.013326e+01 1.859463e+01 2.700000e+01
    endloop
  endfacet
  facet normal -0.000000e+00 0.000000e+00 -1.000000e+00
    outer loop
      vertex   -1.013326e+01 1.859463e+01 2.700000e+01
      vertex   -1.061953e+01 1.837937e+01 2.700000e+01
      vertex   -1.810000e+01 2.409998e+01 2.700000e+01
    endloop
  endfacet
  facet normal 0.000000e+00 0.000000e+00 -1.000000e+00
    outer loop
      vertex   -1.810000e+01 2.409998e+01 2.700000e+01
      vertex   -1.061953e+01 1.837937e+01 2.700000e+01
      vertex   -1.107428e+01 1.810370e+01 2.700000e+01
    endloop
  endfacet
  facet normal 0.000000e+00 0.000000e+00 -1.000000e+00
    outer loop
      vertex   -1.810000e+01 2.409998e+01 2.700000e+01
      vertex   -1.107428e+01 1.810370e+01 2.700000e+01
      vertex   -1.149005e+01 1.777214e+01 2.700000e+01
    endloop
  endfacet
  facet normal -0.000000e+00 0.000000e+00 -1.000000e+00
    outer loop
      vertex   -1.149005e+01 1.777214e+01 2.700000e+01
      vertex   -1.186000e+01 1.739013e+01 2.700000e+01
      vertex   -1.810000e+01 2.409998e+01 2.700000e+01
    endloop
  endfacet
  facet normal 0.000000e+00 0.000000e+00 -1.000000e+00
    outer loop
      vertex   -1.810000e+01 2.409998e+01 2.700000e+01
      vertex   -1.186000e+01 1.739013e+01 2.700000e+01
      vertex   -1.217807e+01 1.696395e+01 2.700000e+01
    endloop
  endfacet
  facet normal 0.000000e+00 0.000000e+00 -1.000000e+00
    outer loop
      vertex   -1.810000e+01 2.409998e+01 2.700000e+01
      vertex   -1.217807e+01 1.696395e+01 2.700000e+01
      vertex   -1.243902e+01 1.650060e+01 2.700000e+01
    endloop
  endfacet
  facet normal -0.000000e+00 0.000000e+00 -1.000000e+00
    outer loop
      vertex   -1.243902e+01 1.650060e+01 2.700000e+01
      vertex   -1.263858e+01 1.600768e+01 2.700000e+01
      vertex   -1.810000e+01 2.409998e+01 2.700000e+01
    endloop
  endfacet
  facet normal 0.000000e+00 0.000000e+00 -1.000000e+00
    outer loop
      vertex   -1.810000e+01 2.409998e+01 2.700000e+01
      vertex   -1.263858e+01 1.600768e+01 2.700000e+01
      vertex   -1.277347e+01 1.549329e+01 2.700000e+01
    endloop
  endfacet
  facet normal 0.000000e+00 0.000000e+00 -1.000000e+00
    outer loop
      vertex   -1.810000e+01 2.409998e+01 2.700000e+01
      vertex   -1.277347e+01 1.549329e+01 2.700000e+01
      vertex   -1.284147e+01 1.496587e+01 2.700000e+01
    endloop
  endfacet
  facet normal -0.000000e+00 -0.000000e+00 -1.000000e+00
    outer loop
      vertex   -1.284147e+01 1.496587e+01 2.700000e+01
      vertex   -1.284147e+01 1.443409e+01 2.700000e+01
      vertex   -1.810000e+01 2.409998e+01 2.700000e+01
    endloop
  endfacet
  facet normal 0.000000e+00 -0.000000e+00 -1.000000e+00
    outer loop
      vertex   -1.263858e+01 1.339228e+01 2.700000e+01
      vertex   -1.243902e+01 1.289936e+01 2.700000e+01
      vertex   -1.810000e+01 1.850000e+00 2.700000e+01
    endloop
  endfacet
  facet normal 0.000000e+00 0.000000e+00 -1.000000e+00
    outer loop
      vertex   -1.810000e+01 1.850000e+00 2.700000e+01
      vertex   -1.243902e+01 1.289936e+01 2.700000e+01
      vertex   -1.217807e+01 1.243601e+01 2.700000e+01
    endloop
  endfacet
  facet normal 0.000000e+00 0.000000e+00 -1.000000e+00
    outer loop
      vertex   -1.810000e+01 1.850000e+00 2.700000e+01
      vertex   -1.217807e+01 1.243601e+01 2.700000e+01
      vertex   -1.186000e+01 1.200983e+01 2.700000e+01
    endloop
  endfacet
  facet normal 0.000000e+00 -0.000000e+00 -1.000000e+00
    outer loop
      vertex   -1.186000e+01 1.200983e+01 2.700000e+01
      vertex   -1.149005e+01 1.162783e+01 2.700000e+01
      vertex   -1.810000e+01 1.850000e+00 2.700000e+01
    endloop
  endfacet
  facet normal 0.000000e+00 0.000000e+00 -1.000000e+00
    outer loop
      vertex   -1.810000e+01 1.850000e+00 2.700000e+01
      vertex   -1.149005e+01 1.162783e+01 2.700000e+01
      vertex   -1.107428e+01 1.129627e+01 2.700000e+01
    endloop
  endfacet
  facet normal 0.000000e+00 0.000000e+00 -1.000000e+00
    outer loop
      vertex   -1.810000e+01 1.850000e+00 2.700000e+01
      vertex   -1.107428e+01 1.129627e+01 2.700000e+01
      vertex   -1.061953e+01 1.102060e+01 2.700000e+01
    endloop
  endfacet
  facet normal 0.000000e+00 -0.000000e+00 -1.000000e+00
    outer loop
      vertex   -9.623462e+00 1.065403e+01 2.700000e+01
      vertex   -9.098495e+00 1.056916e+01 2.700000e+01
      vertex   -9.800000e+00 1.850000e+00 2.700000e+01
    endloop
  endfacet
  facet normal 0.000000e+00 0.000000e+00 -1.000000e+00
    outer loop
      vertex   -9.800000e+00 1.850000e+00 2.700000e+01
      vertex   -9.098495e+00 1.056916e+01 2.700000e+01
      vertex   -4.791414e+00 6.599991e+00 2.700000e+01
    endloop
  endfacet
  facet normal 0.000000e+00 0.000000e+00 -1.000000e+00
    outer loop
      vertex   -9.800000e+00 1.850000e+00 2.700000e+01
      vertex   -4.791414e+00 6.599991e+00 2.700000e+01
      vertex   -4.756530e+00 6.066869e+00 2.700000e+01
    endloop
  endfacet
  facet normal 0.000000e+00 0.000000e+00 -1.000000e+00
    outer loop
      vertex   -9.098495e+00 1.056916e+01 2.700000e+01
      vertex   -8.566986e+00 1.055211e+01 2.700000e+01
      vertex   -4.791414e+00 6.599991e+00 2.700000e+01
    endloop
  endfacet
  facet normal 0.000000e+00 0.000000e+00 -1.000000e+00
    outer loop
      vertex   -4.791414e+00 6.599991e+00 2.700000e+01
      vertex   -8.566986e+00 1.055211e+01 2.700000e+01
      vertex   -4.756530e+00 7.133113e+00 2.700000e+01
    endloop
  endfacet
  facet normal 0.000000e+00 0.000000e+00 -1.000000e+00
    outer loop
      vertex   -4.756530e+00 7.133113e+00 2.700000e+01
      vertex   -8.566986e+00 1.055211e+01 2.700000e+01
      vertex   -8.037660e+00 1.060318e+01 2.700000e+01
    endloop
  endfacet
  facet normal 0.000000e+00 0.000000e+00 -1.000000e+00
    outer loop
      vertex   -4.756530e+00 7.133113e+00 2.700000e+01
      vertex   -8.037660e+00 1.060318e+01 2.700000e+01
      vertex   -4.652473e+00 7.657143e+00 2.700000e+01
    endloop
  endfacet
  facet normal 0.000000e+00 0.000000e+00 -1.000000e+00
    outer loop
      vertex   -4.652473e+00 7.657143e+00 2.700000e+01
      vertex   -8.037660e+00 1.060318e+01 2.700000e+01
      vertex   -7.519210e+00 1.072151e+01 2.700000e+01
    endloop
  endfacet
  facet normal 0.000000e+00 0.000000e+00 -1.000000e+00
    outer loop
      vertex   -4.652473e+00 7.657143e+00 2.700000e+01
      vertex   -7.519210e+00 1.072151e+01 2.700000e+01
      vertex   -4.481017e+00 8.163146e+00 2.700000e+01
    endloop
  endfacet
  facet normal 0.000000e+00 0.000000e+00 -1.000000e+00
    outer loop
      vertex   -4.481017e+00 8.163146e+00 2.700000e+01
      vertex   -7.519210e+00 1.072151e+01 2.700000e+01
      vertex   -7.020149e+00 1.090517e+01 2.700000e+01
    endloop
  endfacet
  facet normal 0.000000e+00 0.000000e+00 -1.000000e+00
    outer loop
      vertex   -4.481017e+00 8.163146e+00 2.700000e+01
      vertex   -7.020149e+00 1.090517e+01 2.700000e+01
      vertex   -4.245086e+00 8.642491e+00 2.700000e+01
    endloop
  endfacet
  facet normal 0.000000e+00 0.000000e+00 -1.000000e+00
    outer loop
      vertex   -4.245086e+00 8.642491e+00 2.700000e+01
      vertex   -7.020149e+00 1.090517e+01 2.700000e+01
      vertex   -6.548671e+00 1.115114e+01 2.700000e+01
    endloop
  endfacet
  facet normal 0.000000e+00 0.000000e+00 -1.000000e+00
    outer loop
      vertex   -4.245086e+00 8.642491e+00 2.700000e+01
      vertex   -6.548671e+00 1.115114e+01 2.700000e+01
      vertex   -3.948704e+00 9.087006e+00 2.700000e+01
    endloop
  endfacet
  facet normal 0.000000e+00 0.000000e+00 -1.000000e+00
    outer loop
      vertex   -3.948704e+00 9.087006e+00 2.700000e+01
      vertex   -6.548671e+00 1.115114e+01 2.700000e+01
      vertex   -6.112517e+00 1.145538e+01 2.700000e+01
    endloop
  endfacet
  facet normal 0.000000e+00 0.000000e+00 -1.000000e+00
    outer loop
      vertex   -3.948704e+00 9.087006e+00 2.700000e+01
      vertex   -6.112517e+00 1.145538e+01 2.700000e+01
      vertex   -3.596925e+00 9.489109e+00 2.700000e+01
    endloop
  endfacet
  facet normal 0.000000e+00 0.000000e+00 -1.000000e+00
    outer loop
      vertex   -3.596925e+00 9.489109e+00 2.700000e+01
      vertex   -6.112517e+00 1.145538e+01 2.700000e+01
      vertex   -5.718850e+00 1.181290e+01 2.700000e+01
    endloop
  endfacet
  facet normal 0.000000e+00 0.000000e+00 -1.000000e+00
    outer loop
      vertex   -3.596925e+00 9.489109e+00 2.700000e+01
      vertex   -5.718850e+00 1.181290e+01 2.700000e+01
      vertex   -3.195747e+00 9.841943e+00 2.700000e+01
    endloop
  endfacet
  facet normal 0.000000e+00 0.000000e+00 -1.000000e+00
    outer loop
      vertex   -3.195747e+00 9.841943e+00 2.700000e+01
      vertex   -5.718850e+00 1.181290e+01 2.700000e+01
      vertex   -5.374133e+00 1.221782e+01 2.700000e+01
    endloop
  endfacet
  facet normal 0.000000e+00 0.000000e+00 -1.000000e+00
    outer loop
      vertex   -3.195747e+00 9.841943e+00 2.700000e+01
      vertex   -5.374133e+00 1.221782e+01 2.700000e+01
      vertex   -2.752012e+00 1.013949e+01 2.700000e+01
    endloop
  endfacet
  facet normal 0.000000e+00 0.000000e+00 -1.000000e+00
    outer loop
      vertex   -2.752012e+00 1.013949e+01 2.700000e+01
      vertex   -5.374133e+00 1.221782e+01 2.700000e+01
      vertex   -5.084027e+00 1.266350e+01 2.700000e+01
    endloop
  endfacet
  facet normal 0.000000e+00 0.000000e+00 -1.000000e+00
    outer loop
      vertex   -2.752012e+00 1.013949e+01 2.700000e+01
      vertex   -5.084027e+00 1.266350e+01 2.700000e+01
      vertex   -2.273288e+00 1.037668e+01 2.700000e+01
    endloop
  endfacet
  facet normal 0.000000e+00 0.000000e+00 -1.000000e+00
    outer loop
      vertex   -2.273288e+00 1.037668e+01 2.700000e+01
      vertex   -5.084027e+00 1.266350e+01 2.700000e+01
      vertex   -4.853295e+00 1.314262e+01 2.700000e+01
    endloop
  endfacet
  facet normal 0.000000e+00 0.000000e+00 -1.000000e+00
    outer loop
      vertex   -2.273288e+00 1.037668e+01 2.700000e+01
      vertex   -4.853295e+00 1.314262e+01 2.700000e+01
      vertex   -1.767737e+00 1.054947e+01 2.700000e+01
    endloop
  endfacet
  facet normal 0.000000e+00 0.000000e+00 -1.000000e+00
    outer loop
      vertex   -1.767737e+00 1.054947e+01 2.700000e+01
      vertex   -4.853295e+00 1.314262e+01 2.700000e+01
      vertex   -4.685726e+00 1.364732e+01 2.700000e+01
    endloop
  endfacet
  facet normal 0.000000e+00 0.000000e+00 -1.000000e+00
    outer loop
      vertex   -1.767737e+00 1.054947e+01 2.700000e+01
      vertex   -4.685726e+00 1.364732e+01 2.700000e+01
      vertex   -1.243982e+00 1.065490e+01 2.700000e+01
    endloop
  endfacet
  facet normal 0.000000e+00 0.000000e+00 -1.000000e+00
    outer loop
      vertex   -1.243982e+00 1.065490e+01 2.700000e+01
      vertex   -4.685726e+00 1.364732e+01 2.700000e+01
      vertex   1.385294e+00 1.380098e+01 2.700000e+01
    endloop
  endfacet
  facet normal 0.000000e+00 0.000000e+00 -1.000000e+00
    outer loop
      vertex   -1.243982e+00 1.065490e+01 2.700000e+01
      vertex   1.385294e+00 1.380098e+01 2.700000e+01
      vertex   -7.109538e-01 1.069118e+01 2.700000e+01
    endloop
  endfacet
  facet normal 0.000000e+00 0.000000e+00 -1.000000e+00
    outer loop
      vertex   -7.109538e-01 1.069118e+01 2.700000e+01
      vertex   1.385294e+00 1.380098e+01 2.700000e+01
      vertex   1.551836e+00 1.337664e+01 2.700000e+01
    endloop
  endfacet
  facet normal 0.000000e+00 0.000000e+00 -1.000000e+00
    outer loop
      vertex   -7.109538e-01 1.069118e+01 2.700000e+01
      vertex   1.551836e+00 1.337664e+01 2.700000e+01
      vertex   -1.777423e-01 1.065770e+01 2.700000e+01
    endloop
  endfacet
  facet normal 0.000000e+00 0.000000e+00 -1.000000e+00
    outer loop
      vertex   -1.777423e-01 1.065770e+01 2.700000e+01
      vertex   1.551836e+00 1.337664e+01 2.700000e+01
      vertex   1.779763e+00 1.298186e+01 2.700000e+01
    endloop
  endfacet
  facet normal 0.000000e+00 0.000000e+00 -1.000000e+00
    outer loop
      vertex   -1.777423e-01 1.065770e+01 2.700000e+01
      vertex   1.779763e+00 1.298186e+01 2.700000e+01
      vertex   3.465595e-01 1.055502e+01 2.700000e+01
    endloop
  endfacet
  facet normal 0.000000e+00 0.000000e+00 -1.000000e+00
    outer loop
      vertex   3.465595e-01 1.055502e+01 2.700000e+01
      vertex   1.779763e+00 1.298186e+01 2.700000e+01
      vertex   2.063983e+00 1.262546e+01 2.700000e+01
    endloop
  endfacet
  facet normal 0.000000e+00 0.000000e+00 -1.000000e+00
    outer loop
      vertex   3.465595e-01 1.055502e+01 2.700000e+01
      vertex   2.063983e+00 1.262546e+01 2.700000e+01
      vertex   8.530105e-01 1.038489e+01 2.700000e+01
    endloop
  endfacet
  facet normal 0.000000e+00 0.000000e+00 -1.000000e+00
    outer loop
      vertex   8.530105e-01 1.038489e+01 2.700000e+01
      vertex   2.063983e+00 1.262546e+01 2.700000e+01
      vertex   2.398147e+00 1.231540e+01 2.700000e+01
    endloop
  endfacet
  facet normal 0.000000e+00 0.000000e+00 -1.000000e+00
    outer loop
      vertex   8.530105e-01 1.038489e+01 2.700000e+01
      vertex   2.398147e+00 1.231540e+01 2.700000e+01
      vertex   1.332974e+00 1.015022e+01 2.700000e+01
    endloop
  endfacet
  facet normal 0.000000e+00 0.000000e+00 -1.000000e+00
    outer loop
      vertex   1.332974e+00 1.015022e+01 2.700000e+01
      vertex   2.398147e+00 1.231540e+01 2.700000e+01
      vertex   2.774791e+00 1.205860e+01 2.700000e+01
    endloop
  endfacet
  facet normal 0.000000e+00 0.000000e+00 -1.000000e+00
    outer loop
      vertex   1.332974e+00 1.015022e+01 2.700000e+01
      vertex   2.774791e+00 1.205860e+01 2.700000e+01
      vertex   1.778266e+00 9.855007e+00 2.700000e+01
    endloop
  endfacet
  facet normal 0.000000e+00 0.000000e+00 -1.000000e+00
    outer loop
      vertex   1.778266e+00 9.855007e+00 2.700000e+01
      vertex   2.774791e+00 1.205860e+01 2.700000e+01
      vertex   3.185501e+00 1.186082e+01 2.700000e+01
    endloop
  endfacet
  facet normal 0.000000e+00 0.000000e+00 -1.000000e+00
    outer loop
      vertex   1.778266e+00 9.855007e+00 2.700000e+01
      vertex   3.185501e+00 1.186082e+01 2.700000e+01
      vertex   2.181291e+00 9.504285e+00 2.700000e+01
    endloop
  endfacet
  facet normal 0.000000e+00 0.000000e+00 -1.000000e+00
    outer loop
      vertex   2.181291e+00 9.504285e+00 2.700000e+01
      vertex   3.185501e+00 1.186082e+01 2.700000e+01
      vertex   3.621102e+00 1.172645e+01 2.700000e+01
    endloop
  endfacet
  facet normal 0.000000e+00 0.000000e+00 -1.000000e+00
    outer loop
      vertex   2.181291e+00 9.504285e+00 2.700000e+01
      vertex   3.621102e+00 1.172645e+01 2.700000e+01
      vertex   2.490907e+00 9.241741e+00 2.700000e+01
    endloop
  endfacet
  facet normal 0.000000e+00 0.000000e+00 -1.000000e+00
    outer loop
      vertex   2.490907e+00 9.241741e+00 2.700000e+01
      vertex   3.621102e+00 1.172645e+01 2.700000e+01
      vertex   2.837616e+00 9.030591e+00 2.700000e+01
    endloop
  endfacet
  facet normal 0.000000e+00 0.000000e+00 -1.000000e+00
    outer loop
      vertex   2.837616e+00 9.030591e+00 2.700000e+01
      vertex   3.621102e+00 1.172645e+01 2.700000e+01
      vertex   4.071865e+00 1.165851e+01 2.700000e+01
    endloop
  endfacet
  facet normal 0.000000e+00 0.000000e+00 -1.000000e+00
    outer loop
      vertex   2.837616e+00 9.030591e+00 2.700000e+01
      vertex   4.071865e+00 1.165851e+01 2.700000e+01
      vertex   3.212965e+00 8.875981e+00 2.700000e+01
    endloop
  endfacet
  facet normal 0.000000e+00 0.000000e+00 -1.000000e+00
    outer loop
      vertex   3.212965e+00 8.875981e+00 2.700000e+01
      vertex   4.071865e+00 1.165851e+01 2.700000e+01
      vertex   3.607806e+00 8.781682e+00 2.700000e+01
    endloop
  endfacet
  facet normal 0.000000e+00 0.000000e+00 -1.000000e+00
    outer loop
      vertex   3.607806e+00 8.781682e+00 2.700000e+01
      vertex   4.071865e+00 1.165851e+01 2.700000e+01
      vertex   4.012512e+00 8.749991e+00 2.700000e+01
    endloop
  endfacet
  facet normal 0.000000e+00 0.000000e+00 -1.000000e+00
    outer loop
      vertex   4.012512e+00 8.749991e+00 2.700000e+01
      vertex   4.071865e+00 1.165851e+01 2.700000e+01
      vertex   4.299791e+00 8.749991e+00 2.700000e+01
    endloop
  endfacet
  facet normal 0.000000e+00 0.000000e+00 -1.000000e+00
    outer loop
      vertex   4.299791e+00 8.749991e+00 2.700000e+01
      vertex   4.071865e+00 1.165851e+01 2.700000e+01
      vertex   4.527718e+00 1.165851e+01 2.700000e+01
    endloop
  endfacet
  facet normal 0.000000e+00 0.000000e+00 -1.000000e+00
    outer loop
      vertex   4.299791e+00 8.749991e+00 2.700000e+01
      vertex   4.527718e+00 1.165851e+01 2.700000e+01
      vertex   4.673135e+00 8.717328e+00 2.700000e+01
    endloop
  endfacet
  facet normal 0.000000e+00 0.000000e+00 -1.000000e+00
    outer loop
      vertex   4.673135e+00 8.717328e+00 2.700000e+01
      vertex   4.527718e+00 1.165851e+01 2.700000e+01
      vertex   4.978480e+00 1.172645e+01 2.700000e+01
    endloop
  endfacet
  facet normal 0.000000e+00 0.000000e+00 -1.000000e+00
    outer loop
      vertex   4.673135e+00 8.717328e+00 2.700000e+01
      vertex   4.978480e+00 1.172645e+01 2.700000e+01
      vertex   5.035135e+00 8.620330e+00 2.700000e+01
    endloop
  endfacet
  facet normal 0.000000e+00 0.000000e+00 -1.000000e+00
    outer loop
      vertex   5.035135e+00 8.620330e+00 2.700000e+01
      vertex   4.978480e+00 1.172645e+01 2.700000e+01
      vertex   5.414081e+00 1.186082e+01 2.700000e+01
    endloop
  endfacet
  facet normal 0.000000e+00 0.000000e+00 -1.000000e+00
    outer loop
      vertex   5.035135e+00 8.620330e+00 2.700000e+01
      vertex   5.414081e+00 1.186082e+01 2.700000e+01
      vertex   5.374791e+00 8.461946e+00 2.700000e+01
    endloop
  endfacet
  facet normal 0.000000e+00 0.000000e+00 -1.000000e+00
    outer loop
      vertex   5.374791e+00 8.461946e+00 2.700000e+01
      vertex   5.414081e+00 1.186082e+01 2.700000e+01
      vertex   5.824791e+00 1.205860e+01 2.700000e+01
    endloop
  endfacet
  facet normal 0.000000e+00 0.000000e+00 -1.000000e+00
    outer loop
      vertex   5.374791e+00 8.461946e+00 2.700000e+01
      vertex   5.824791e+00 1.205860e+01 2.700000e+01
      vertex   5.681785e+00 8.246987e+00 2.700000e+01
    endloop
  endfacet
  facet normal 0.000000e+00 0.000000e+00 -1.000000e+00
    outer loop
      vertex   5.681785e+00 8.246987e+00 2.700000e+01
      vertex   5.824791e+00 1.205860e+01 2.700000e+01
      vertex   9.509952e+00 1.162783e+01 2.700000e+01
    endloop
  endfacet
  facet normal 0.000000e+00 0.000000e+00 -1.000000e+00
    outer loop
      vertex   5.681785e+00 8.246987e+00 2.700000e+01
      vertex   9.509952e+00 1.162783e+01 2.700000e+01
      vertex   5.946787e+00 7.981985e+00 2.700000e+01
    endloop
  endfacet
  facet normal 0.000000e+00 0.000000e+00 -1.000000e+00
    outer loop
      vertex   5.946787e+00 7.981985e+00 2.700000e+01
      vertex   9.509952e+00 1.162783e+01 2.700000e+01
      vertex   9.925716e+00 1.129627e+01 2.700000e+01
    endloop
  endfacet
  facet normal 0.000000e+00 0.000000e+00 -1.000000e+00
    outer loop
      vertex   5.946787e+00 7.981985e+00 2.700000e+01
      vertex   9.925716e+00 1.129627e+01 2.700000e+01
      vertex   6.161746e+00 7.674991e+00 2.700000e+01
    endloop
  endfacet
  facet normal 0.000000e+00 0.000000e+00 -1.000000e+00
    outer loop
      vertex   6.161746e+00 7.674991e+00 2.700000e+01
      vertex   9.925716e+00 1.129627e+01 2.700000e+01
      vertex   1.038047e+01 1.102060e+01 2.700000e+01
    endloop
  endfacet
  facet normal 0.000000e+00 0.000000e+00 -1.000000e+00
    outer loop
      vertex   6.161746e+00 7.674991e+00 2.700000e+01
      vertex   1.038047e+01 1.102060e+01 2.700000e+01
      vertex   6.320130e+00 7.335334e+00 2.700000e+01
    endloop
  endfacet
  facet normal 0.000000e+00 0.000000e+00 -1.000000e+00
    outer loop
      vertex   6.320130e+00 7.335334e+00 2.700000e+01
      vertex   1.038047e+01 1.102060e+01 2.700000e+01
      vertex   1.086674e+01 1.080534e+01 2.700000e+01
    endloop
  endfacet
  facet normal 0.000000e+00 0.000000e+00 -1.000000e+00
    outer loop
      vertex   6.320130e+00 7.335334e+00 2.700000e+01
      vertex   1.086674e+01 1.080534e+01 2.700000e+01
      vertex   6.417128e+00 6.973335e+00 2.700000e+01
    endloop
  endfacet
  facet normal 0.000000e+00 0.000000e+00 -1.000000e+00
    outer loop
      vertex   6.417128e+00 6.973335e+00 2.700000e+01
      vertex   1.086674e+01 1.080534e+01 2.700000e+01
      vertex   1.137654e+01 1.065403e+01 2.700000e+01
    endloop
  endfacet
  facet normal 0.000000e+00 0.000000e+00 -1.000000e+00
    outer loop
      vertex   6.417128e+00 6.973335e+00 2.700000e+01
      vertex   1.137654e+01 1.065403e+01 2.700000e+01
      vertex   6.449791e+00 6.599991e+00 2.700000e+01
    endloop
  endfacet
  facet normal 0.000000e+00 0.000000e+00 -1.000000e+00
    outer loop
      vertex   6.449791e+00 6.599991e+00 2.700000e+01
      vertex   1.137654e+01 1.065403e+01 2.700000e+01
      vertex   1.190150e+01 1.056916e+01 2.700000e+01
    endloop
  endfacet
  facet normal 0.000000e+00 0.000000e+00 -1.000000e+00
    outer loop
      vertex   6.449791e+00 6.599991e+00 2.700000e+01
      vertex   1.190150e+01 1.056916e+01 2.700000e+01
      vertex   1.165627e+01 1.850000e+00 2.700000e+01
    endloop
  endfacet
  facet normal 0.000000e+00 0.000000e+00 -1.000000e+00
    outer loop
      vertex   1.165627e+01 1.850000e+00 2.700000e+01
      vertex   1.190150e+01 1.056916e+01 2.700000e+01
      vertex   1.243301e+01 1.055211e+01 2.700000e+01
    endloop
  endfacet
  facet normal 0.000000e+00 0.000000e+00 -1.000000e+00
    outer loop
      vertex   1.165627e+01 1.850000e+00 2.700000e+01
      vertex   1.243301e+01 1.055211e+01 2.700000e+01
      vertex   1.296234e+01 1.060318e+01 2.700000e+01
    endloop
  endfacet
  facet normal 0.000000e+00 0.000000e+00 -1.000000e+00
    outer loop
      vertex   -4.685726e+00 1.364732e+01 2.700000e+01
      vertex   -4.584071e+00 1.416929e+01 2.700000e+01
      vertex   1.385294e+00 1.380098e+01 2.700000e+01
    endloop
  endfacet
  facet normal 0.000000e+00 0.000000e+00 -1.000000e+00
    outer loop
      vertex   1.385294e+00 1.380098e+01 2.700000e+01
      vertex   -4.584071e+00 1.416929e+01 2.700000e+01
      vertex   1.283857e+00 1.424540e+01 2.700000e+01
    endloop
  endfacet
  facet normal -0.000000e+00 0.000000e+00 -1.000000e+00
    outer loop
      vertex   1.283857e+00 1.424540e+01 2.700000e+01
      vertex   -4.584071e+00 1.416929e+01 2.700000e+01
      vertex   -4.550000e+00 1.469998e+01 2.700000e+01
    endloop
  endfacet
  facet normal 0.000000e+00 0.000000e+00 -1.000000e+00
    outer loop
      vertex   7.315725e+00 1.515456e+01 2.700000e+01
      vertex   8.158527e+00 1.496587e+01 2.700000e+01
      vertex   7.349791e+00 1.469998e+01 2.700000e+01
    endloop
  endfacet
  facet normal 0.000000e+00 0.000000e+00 -1.000000e+00
    outer loop
      vertex   7.349791e+00 1.469998e+01 2.700000e+01
      vertex   8.158527e+00 1.496587e+01 2.700000e+01
      vertex   8.158527e+00 1.443409e+01 2.700000e+01
    endloop
  endfacet
  facet normal 0.000000e+00 -0.000000e+00 -1.000000e+00
    outer loop
      vertex   7.349791e+00 1.469998e+01 2.700000e+01
      vertex   8.158527e+00 1.443409e+01 2.700000e+01
      vertex   7.315725e+00 1.424540e+01 2.700000e+01
    endloop
  endfacet
  facet normal 0.000000e+00 0.000000e+00 -1.000000e+00
    outer loop
      vertex   7.315725e+00 1.424540e+01 2.700000e+01
      vertex   8.158527e+00 1.443409e+01 2.700000e+01
      vertex   8.226530e+00 1.390667e+01 2.700000e+01
    endloop
  endfacet
  facet normal 0.000000e+00 -0.000000e+00 -1.000000e+00
    outer loop
      vertex   7.315725e+00 1.424540e+01 2.700000e+01
      vertex   8.226530e+00 1.390667e+01 2.700000e+01
      vertex   7.214288e+00 1.380098e+01 2.700000e+01
    endloop
  endfacet
  facet normal 0.000000e+00 0.000000e+00 -1.000000e+00
    outer loop
      vertex   7.214288e+00 1.380098e+01 2.700000e+01
      vertex   8.226530e+00 1.390667e+01 2.700000e+01
      vertex   8.361419e+00 1.339228e+01 2.700000e+01
    endloop
  endfacet
  facet normal 0.000000e+00 -0.000000e+00 -1.000000e+00
    outer loop
      vertex   7.214288e+00 1.380098e+01 2.700000e+01
      vertex   8.361419e+00 1.339228e+01 2.700000e+01
      vertex   7.047746e+00 1.337664e+01 2.700000e+01
    endloop
  endfacet
  facet normal 0.000000e+00 0.000000e+00 -1.000000e+00
    outer loop
      vertex   7.047746e+00 1.337664e+01 2.700000e+01
      vertex   8.361419e+00 1.339228e+01 2.700000e+01
      vertex   8.560980e+00 1.289936e+01 2.700000e+01
    endloop
  endfacet
  facet normal 0.000000e+00 -0.000000e+00 -1.000000e+00
    outer loop
      vertex   7.047746e+00 1.337664e+01 2.700000e+01
      vertex   8.560980e+00 1.289936e+01 2.700000e+01
      vertex   6.819820e+00 1.298186e+01 2.700000e+01
    endloop
  endfacet
  facet normal 0.000000e+00 0.000000e+00 -1.000000e+00
    outer loop
      vertex   6.819820e+00 1.298186e+01 2.700000e+01
      vertex   8.560980e+00 1.289936e+01 2.700000e+01
      vertex   8.821935e+00 1.243601e+01 2.700000e+01
    endloop
  endfacet
  facet normal 0.000000e+00 -0.000000e+00 -1.000000e+00
    outer loop
      vertex   6.819820e+00 1.298186e+01 2.700000e+01
      vertex   8.821935e+00 1.243601e+01 2.700000e+01
      vertex   6.535599e+00 1.262546e+01 2.700000e+01
    endloop
  endfacet
  facet normal 0.000000e+00 0.000000e+00 -1.000000e+00
    outer loop
      vertex   6.535599e+00 1.262546e+01 2.700000e+01
      vertex   8.821935e+00 1.243601e+01 2.700000e+01
      vertex   9.140000e+00 1.200983e+01 2.700000e+01
    endloop
  endfacet
  facet normal 0.000000e+00 -0.000000e+00 -1.000000e+00
    outer loop
      vertex   6.535599e+00 1.262546e+01 2.700000e+01
      vertex   9.140000e+00 1.200983e+01 2.700000e+01
      vertex   6.201435e+00 1.231540e+01 2.700000e+01
    endloop
  endfacet
  facet normal 0.000000e+00 -0.000000e+00 -1.000000e+00
    outer loop
      vertex   6.201435e+00 1.231540e+01 2.700000e+01
      vertex   9.140000e+00 1.200983e+01 2.700000e+01
      vertex   5.824791e+00 1.205860e+01 2.700000e+01
    endloop
  endfacet
  facet normal 0.000000e+00 0.000000e+00 -1.000000e+00
    outer loop
      vertex   5.824791e+00 1.205860e+01 2.700000e+01
      vertex   9.140000e+00 1.200983e+01 2.700000e+01
      vertex   9.509952e+00 1.162783e+01 2.700000e+01
    endloop
  endfacet
  facet normal 0.000000e+00 0.000000e+00 -1.000000e+00
    outer loop
      vertex   8.158527e+00 1.496587e+01 2.700000e+01
      vertex   7.315725e+00 1.515456e+01 2.700000e+01
      vertex   8.226530e+00 1.549329e+01 2.700000e+01
    endloop
  endfacet
  facet normal -0.000000e+00 0.000000e+00 -1.000000e+00
    outer loop
      vertex   8.226530e+00 1.549329e+01 2.700000e+01
      vertex   7.315725e+00 1.515456e+01 2.700000e+01
      vertex   7.214288e+00 1.559899e+01 2.700000e+01
    endloop
  endfacet
  facet normal 0.000000e+00 0.000000e+00 -1.000000e+00
    outer loop
      vertex   8.226530e+00 1.549329e+01 2.700000e+01
      vertex   7.214288e+00 1.559899e+01 2.700000e+01
      vertex   8.361419e+00 1.600768e+01 2.700000e+01
    endloop
  endfacet
  facet normal -0.000000e+00 0.000000e+00 -1.000000e+00
    outer loop
      vertex   8.361419e+00 1.600768e+01 2.700000e+01
      vertex   7.214288e+00 1.559899e+01 2.700000e+01
      vertex   7.047746e+00 1.602333e+01 2.700000e+01
    endloop
  endfacet
  facet normal 0.000000e+00 0.000000e+00 -1.000000e+00
    outer loop
      vertex   8.361419e+00 1.600768e+01 2.700000e+01
      vertex   7.047746e+00 1.602333e+01 2.700000e+01
      vertex   8.560980e+00 1.650060e+01 2.700000e+01
    endloop
  endfacet
  facet normal 0.000000e+00 0.000000e+00 -1.000000e+00
    outer loop
      vertex   8.560980e+00 1.650060e+01 2.700000e+01
      vertex   7.047746e+00 1.602333e+01 2.700000e+01
      vertex   6.819820e+00 1.641811e+01 2.700000e+01
    endloop
  endfacet
  facet normal -0.000000e+00 0.000000e+00 -1.000000e+00
    outer loop
      vertex   8.560980e+00 1.650060e+01 2.700000e+01
      vertex   6.819820e+00 1.641811e+01 2.700000e+01
      vertex   8.821935e+00 1.696395e+01 2.700000e+01
    endloop
  endfacet
  facet normal 0.000000e+00 0.000000e+00 -1.000000e+00
    outer loop
      vertex   8.821935e+00 1.696395e+01 2.700000e+01
      vertex   6.819820e+00 1.641811e+01 2.700000e+01
      vertex   6.535599e+00 1.677451e+01 2.700000e+01
    endloop
  endfacet
  facet normal -0.000000e+00 0.000000e+00 -1.000000e+00
    outer loop
      vertex   8.821935e+00 1.696395e+01 2.700000e+01
      vertex   6.535599e+00 1.677451e+01 2.700000e+01
      vertex   9.140000e+00 1.739013e+01 2.700000e+01
    endloop
  endfacet
  facet normal 0.000000e+00 0.000000e+00 -1.000000e+00
    outer loop
      vertex   9.140000e+00 1.739013e+01 2.700000e+01
      vertex   6.535599e+00 1.677451e+01 2.700000e+01
      vertex   6.201435e+00 1.708457e+01 2.700000e+01
    endloop
  endfacet
  facet normal 0.000000e+00 0.000000e+00 -1.000000e+00
    outer loop
      vertex   9.140000e+00 1.739013e+01 2.700000e+01
      vertex   6.201435e+00 1.708457e+01 2.700000e+01
      vertex   5.824791e+00 1.734136e+01 2.700000e+01
    endloop
  endfacet
  facet normal -0.000000e+00 0.000000e+00 -1.000000e+00
    outer loop
      vertex   9.140000e+00 1.739013e+01 2.700000e+01
      vertex   5.824791e+00 1.734136e+01 2.700000e+01
      vertex   9.509952e+00 1.777214e+01 2.700000e+01
    endloop
  endfacet
  facet normal 0.000000e+00 0.000000e+00 -1.000000e+00
    outer loop
      vertex   9.509952e+00 1.777214e+01 2.700000e+01
      vertex   5.824791e+00 1.734136e+01 2.700000e+01
      vertex   5.414081e+00 1.753915e+01 2.700000e+01
    endloop
  endfacet
  facet normal -0.000000e+00 0.000000e+00 -1.000000e+00
    outer loop
      vertex   9.509952e+00 1.777214e+01 2.700000e+01
      vertex   5.414081e+00 1.753915e+01 2.700000e+01
      vertex   9.925716e+00 1.810370e+01 2.700000e+01
    endloop
  endfacet
  facet normal 0.000000e+00 0.000000e+00 -1.000000e+00
    outer loop
      vertex   9.925716e+00 1.810370e+01 2.700000e+01
      vertex   5.414081e+00 1.753915e+01 2.700000e+01
      vertex   4.978480e+00 1.767351e+01 2.700000e+01
    endloop
  endfacet
  facet normal -0.000000e+00 0.000000e+00 -1.000000e+00
    outer loop
      vertex   9.925716e+00 1.810370e+01 2.700000e+01
      vertex   4.978480e+00 1.767351e+01 2.700000e+01
      vertex   1.038047e+01 1.837937e+01 2.700000e+01
    endloop
  endfacet
  facet normal -0.000000e+00 0.000000e+00 -1.000000e+00
    outer loop
      vertex   1.038047e+01 1.837937e+01 2.700000e+01
      vertex   4.978480e+00 1.767351e+01 2.700000e+01
      vertex   1.086674e+01 1.859463e+01 2.700000e+01
    endloop
  endfacet
  facet normal 0.000000e+00 0.000000e+00 -1.000000e+00
    outer loop
      vertex   1.086674e+01 1.859463e+01 2.700000e+01
      vertex   4.978480e+00 1.767351e+01 2.700000e+01
      vertex   4.527718e+00 1.774145e+01 2.700000e+01
    endloop
  endfacet
  facet normal -0.000000e+00 0.000000e+00 -1.000000e+00
    outer loop
      vertex   1.086674e+01 1.859463e+01 2.700000e+01
      vertex   4.527718e+00 1.774145e+01 2.700000e+01
      vertex   1.137654e+01 1.874593e+01 2.700000e+01
    endloop
  endfacet
  facet normal 0.000000e+00 0.000000e+00 -1.000000e+00
    outer loop
      vertex   1.137654e+01 1.874593e+01 2.700000e+01
      vertex   4.527718e+00 1.774145e+01 2.700000e+01
      vertex   4.071865e+00 1.774145e+01 2.700000e+01
    endloop
  endfacet
  facet normal 0.000000e+00 -0.000000e+00 -1.000000e+00
    outer loop
      vertex   1.296234e+01 1.060318e+01 2.700000e+01
      vertex   1.348079e+01 1.072151e+01 2.700000e+01
      vertex   1.165627e+01 1.850000e+00 2.700000e+01
    endloop
  endfacet
  facet normal 0.000000e+00 0.000000e+00 -1.000000e+00
    outer loop
      vertex   1.165627e+01 1.850000e+00 2.700000e+01
      vertex   1.348079e+01 1.072151e+01 2.700000e+01
      vertex   1.397985e+01 1.090517e+01 2.700000e+01
    endloop
  endfacet
  facet normal 0.000000e+00 0.000000e+00 -1.000000e+00
    outer loop
      vertex   1.488748e+01 1.145538e+01 2.700000e+01
      vertex   1.528115e+01 1.181290e+01 2.700000e+01
      vertex   2.170000e+01 1.850000e+00 2.700000e+01
    endloop
  endfacet
  facet normal 0.000000e+00 0.000000e+00 -1.000000e+00
    outer loop
      vertex   2.170000e+01 1.850000e+00 2.700000e+01
      vertex   1.528115e+01 1.181290e+01 2.700000e+01
      vertex   1.562587e+01 1.221782e+01 2.700000e+01
    endloop
  endfacet
  facet normal 0.000000e+00 0.000000e+00 -1.000000e+00
    outer loop
      vertex   2.170000e+01 1.850000e+00 2.700000e+01
      vertex   1.562587e+01 1.221782e+01 2.700000e+01
      vertex   1.591597e+01 1.266350e+01 2.700000e+01
    endloop
  endfacet
  facet normal 0.000000e+00 0.000000e+00 -1.000000e+00
    outer loop
      vertex   1.591597e+01 1.266350e+01 2.700000e+01
      vertex   1.614670e+01 1.314262e+01 2.700000e+01
      vertex   2.170000e+01 1.850000e+00 2.700000e+01
    endloop
  endfacet
  facet normal 0.000000e+00 0.000000e+00 -1.000000e+00
    outer loop
      vertex   2.170000e+01 1.850000e+00 2.700000e+01
      vertex   1.614670e+01 1.314262e+01 2.700000e+01
      vertex   1.631427e+01 1.364732e+01 2.700000e+01
    endloop
  endfacet
  facet normal 0.000000e+00 0.000000e+00 -1.000000e+00
    outer loop
      vertex   2.170000e+01 1.850000e+00 2.700000e+01
      vertex   1.631427e+01 1.364732e+01 2.700000e+01
      vertex   1.641593e+01 1.416929e+01 2.700000e+01
    endloop
  endfacet
  facet normal 0.000000e+00 -0.000000e+00 -1.000000e+00
    outer loop
      vertex   -4.756530e+00 6.066869e+00 2.700000e+01
      vertex   -4.652473e+00 5.542839e+00 2.700000e+01
      vertex   -9.800000e+00 1.850000e+00 2.700000e+01
    endloop
  endfacet
  facet normal 0.000000e+00 0.000000e+00 -1.000000e+00
    outer loop
      vertex   -9.800000e+00 1.850000e+00 2.700000e+01
      vertex   -4.652473e+00 5.542839e+00 2.700000e+01
      vertex   -4.481017e+00 5.036837e+00 2.700000e+01
    endloop
  endfacet
  facet normal 0.000000e+00 0.000000e+00 -1.000000e+00
    outer loop
      vertex   -9.800000e+00 1.850000e+00 2.700000e+01
      vertex   -4.481017e+00 5.036837e+00 2.700000e+01
      vertex   -4.245086e+00 4.557491e+00 2.700000e+01
    endloop
  endfacet
  facet normal 0.000000e+00 -0.000000e+00 -1.000000e+00
    outer loop
      vertex   -4.245086e+00 4.557491e+00 2.700000e+01
      vertex   -3.948704e+00 4.112976e+00 2.700000e+01
      vertex   -9.800000e+00 1.850000e+00 2.700000e+01
    endloop
  endfacet
  facet normal 0.000000e+00 0.000000e+00 -1.000000e+00
    outer loop
      vertex   -9.800000e+00 1.850000e+00 2.700000e+01
      vertex   -3.948704e+00 4.112976e+00 2.700000e+01
      vertex   -3.596925e+00 3.710873e+00 2.700000e+01
    endloop
  endfacet
  facet normal 0.000000e+00 0.000000e+00 -1.000000e+00
    outer loop
      vertex   -9.800000e+00 1.850000e+00 2.700000e+01
      vertex   -3.596925e+00 3.710873e+00 2.700000e+01
      vertex   -3.195747e+00 3.358039e+00 2.700000e+01
    endloop
  endfacet
  facet normal 0.000000e+00 -0.000000e+00 -1.000000e+00
    outer loop
      vertex   -3.195747e+00 3.358039e+00 2.700000e+01
      vertex   -2.752012e+00 3.060490e+00 2.700000e+01
      vertex   -9.800000e+00 1.850000e+00 2.700000e+01
    endloop
  endfacet
  facet normal 0.000000e+00 0.000000e+00 -1.000000e+00
    outer loop
      vertex   2.490907e+00 3.958241e+00 2.700000e+01
      vertex   2.837616e+00 4.169392e+00 2.700000e+01
      vertex   3.496802e+00 1.496475e+00 2.700000e+01
    endloop
  endfacet
  facet normal 0.000000e+00 0.000000e+00 -1.000000e+00
    outer loop
      vertex   3.496802e+00 1.496475e+00 2.700000e+01
      vertex   2.837616e+00 4.169392e+00 2.700000e+01
      vertex   4.138737e+00 1.547856e+00 2.700000e+01
    endloop
  endfacet
  facet normal 0.000000e+00 0.000000e+00 -1.000000e+00
    outer loop
      vertex   4.138737e+00 1.547856e+00 2.700000e+01
      vertex   2.837616e+00 4.169392e+00 2.700000e+01
      vertex   3.212965e+00 4.324001e+00 2.700000e+01
    endloop
  endfacet
  facet normal 0.000000e+00 0.000000e+00 -1.000000e+00
    outer loop
      vertex   4.138737e+00 1.547856e+00 2.700000e+01
      vertex   3.212965e+00 4.324001e+00 2.700000e+01
      vertex   3.607806e+00 4.418301e+00 2.700000e+01
    endloop
  endfacet
  facet normal 0.000000e+00 0.000000e+00 -1.000000e+00
    outer loop
      vertex   3.607806e+00 4.418301e+00 2.700000e+01
      vertex   4.012512e+00 4.449991e+00 2.700000e+01
      vertex   4.138737e+00 1.547856e+00 2.700000e+01
    endloop
  endfacet
  facet normal 0.000000e+00 0.000000e+00 -1.000000e+00
    outer loop
      vertex   4.138737e+00 1.547856e+00 2.700000e+01
      vertex   4.012512e+00 4.449991e+00 2.700000e+01
      vertex   4.299791e+00 4.449991e+00 2.700000e+01
    endloop
  endfacet
  facet normal 0.000000e+00 0.000000e+00 -1.000000e+00
    outer loop
      vertex   4.138737e+00 1.547856e+00 2.700000e+01
      vertex   4.299791e+00 4.449991e+00 2.700000e+01
      vertex   4.782497e+00 1.530713e+00 2.700000e+01
    endloop
  endfacet
  facet normal 0.000000e+00 0.000000e+00 -1.000000e+00
    outer loop
      vertex   4.782497e+00 1.530713e+00 2.700000e+01
      vertex   4.299791e+00 4.449991e+00 2.700000e+01
      vertex   4.673135e+00 4.482654e+00 2.700000e+01
    endloop
  endfacet
  facet normal 0.000000e+00 0.000000e+00 -1.000000e+00
    outer loop
      vertex   4.782497e+00 1.530713e+00 2.700000e+01
      vertex   4.673135e+00 4.482654e+00 2.700000e+01
      vertex   5.420788e+00 1.445239e+00 2.700000e+01
    endloop
  endfacet
  facet normal 0.000000e+00 0.000000e+00 -1.000000e+00
    outer loop
      vertex   5.420788e+00 1.445239e+00 2.700000e+01
      vertex   4.673135e+00 4.482654e+00 2.700000e+01
      vertex   5.035135e+00 4.579652e+00 2.700000e+01
    endloop
  endfacet
  facet normal 0.000000e+00 0.000000e+00 -1.000000e+00
    outer loop
      vertex   5.420788e+00 1.445239e+00 2.700000e+01
      vertex   5.035135e+00 4.579652e+00 2.700000e+01
      vertex   5.374791e+00 4.738037e+00 2.700000e+01
    endloop
  endfacet
  facet normal 0.000000e+00 0.000000e+00 -1.000000e+00
    outer loop
      vertex   5.420788e+00 1.445239e+00 2.700000e+01
      vertex   5.374791e+00 4.738037e+00 2.700000e+01
      vertex   6.046378e+00 1.292403e+00 2.700000e+01
    endloop
  endfacet
  facet normal 0.000000e+00 0.000000e+00 -1.000000e+00
    outer loop
      vertex   6.046378e+00 1.292403e+00 2.700000e+01
      vertex   5.374791e+00 4.738037e+00 2.700000e+01
      vertex   5.681785e+00 4.952996e+00 2.700000e+01
    endloop
  endfacet
  facet normal 0.000000e+00 0.000000e+00 -1.000000e+00
    outer loop
      vertex   6.046378e+00 1.292403e+00 2.700000e+01
      vertex   5.681785e+00 4.952996e+00 2.700000e+01
      vertex   6.652178e+00 1.073938e+00 2.700000e+01
    endloop
  endfacet
  facet normal 0.000000e+00 0.000000e+00 -1.000000e+00
    outer loop
      vertex   6.652178e+00 1.073938e+00 2.700000e+01
      vertex   5.681785e+00 4.952996e+00 2.700000e+01
      vertex   5.946787e+00 5.217998e+00 2.700000e+01
    endloop
  endfacet
  facet normal 0.000000e+00 0.000000e+00 -1.000000e+00
    outer loop
      vertex   6.652178e+00 1.073938e+00 2.700000e+01
      vertex   5.946787e+00 5.217998e+00 2.700000e+01
      vertex   7.231324e+00 7.923167e-01 2.700000e+01
    endloop
  endfacet
  facet normal 0.000000e+00 0.000000e+00 -1.000000e+00
    outer loop
      vertex   7.231324e+00 7.923167e-01 2.700000e+01
      vertex   5.946787e+00 5.217998e+00 2.700000e+01
      vertex   1.165627e+01 1.850000e+00 2.700000e+01
    endloop
  endfacet
  facet normal 0.000000e+00 0.000000e+00 -1.000000e+00
    outer loop
      vertex   7.231324e+00 7.923167e-01 2.700000e+01
      vertex   1.165627e+01 1.850000e+00 2.700000e+01
      vertex   7.777255e+00 4.507319e-01 2.700000e+01
    endloop
  endfacet
  facet normal 0.000000e+00 0.000000e+00 -1.000000e+00
    outer loop
      vertex   7.777255e+00 4.507319e-01 2.700000e+01
      vertex   1.165627e+01 1.850000e+00 2.700000e+01
      vertex   8.283785e+00 5.305322e-02 2.700000e+01
    endloop
  endfacet
  facet normal 0.000000e+00 0.000000e+00 -1.000000e+00
    outer loop
      vertex   8.283785e+00 5.305322e-02 2.700000e+01
      vertex   1.165627e+01 1.850000e+00 2.700000e+01
      vertex   8.745175e+00 -3.962133e-01 2.700000e+01
    endloop
  endfacet
  facet normal 0.000000e+00 0.000000e+00 -1.000000e+00
    outer loop
      vertex   8.745175e+00 -3.962133e-01 2.700000e+01
      vertex   1.165627e+01 1.850000e+00 2.700000e+01
      vertex   9.156197e+00 -8.919774e-01 2.700000e+01
    endloop
  endfacet
  facet normal 0.000000e+00 0.000000e+00 -1.000000e+00
    outer loop
      vertex   5.946787e+00 5.217998e+00 2.700000e+01
      vertex   6.161746e+00 5.524991e+00 2.700000e+01
      vertex   1.165627e+01 1.850000e+00 2.700000e+01
    endloop
  endfacet
  facet normal 0.000000e+00 0.000000e+00 -1.000000e+00
    outer loop
      vertex   1.165627e+01 1.850000e+00 2.700000e+01
      vertex   6.161746e+00 5.524991e+00 2.700000e+01
      vertex   6.320130e+00 5.864648e+00 2.700000e+01
    endloop
  endfacet
  facet normal 0.000000e+00 0.000000e+00 -1.000000e+00
    outer loop
      vertex   1.165627e+01 1.850000e+00 2.700000e+01
      vertex   6.320130e+00 5.864648e+00 2.700000e+01
      vertex   6.417128e+00 6.226648e+00 2.700000e+01
    endloop
  endfacet
  facet normal 0.000000e+00 0.000000e+00 -1.000000e+00
    outer loop
      vertex   6.417128e+00 6.226648e+00 2.700000e+01
      vertex   6.449791e+00 6.599991e+00 2.700000e+01
      vertex   1.165627e+01 1.850000e+00 2.700000e+01
    endloop
  endfacet
  facet normal 0.000000e+00 0.000000e+00 -1.000000e+00
    outer loop
      vertex   1.004365e+01 -2.599836e+00 2.700000e+01
      vertex   9.809132e+00 -2.000066e+00 2.700000e+01
      vertex   1.165627e+01 -3.698613e+00 2.700000e+01
    endloop
  endfacet
  facet normal -7.071068e-01 0.000000e+00 -7.071068e-01
    outer loop
      vertex   -1.810000e+01 1.850000e+00 2.700000e+01
      vertex   -1.840000e+01 1.550000e+00 2.730000e+01
      vertex   -1.810000e+01 2.409998e+01 2.700000e+01
    endloop
  endfacet
  facet normal -7.071068e-01 1.668152e-16 -7.071068e-01
    outer loop
      vertex   -1.810000e+01 2.409998e+01 2.700000e+01
      vertex   -1.840000e+01 1.550000e+00 2.730000e+01
      vertex   -1.870000e+01 2.409998e+01 2.760000e+01
    endloop
  endfacet
  facet normal -7.071068e-01 -0.000000e+00 -7.071068e-01
    outer loop
      vertex   -1.870000e+01 2.409998e+01 2.760000e+01
      vertex   -1.840000e+01 1.550000e+00 2.730000e+01
      vertex   -1.870000e+01 1.850000e+00 2.760000e+01
    endloop
  endfacet
  facet normal -7.071068e-01 -7.071068e-01 -2.907579e-17
    outer loop
      vertex   -1.810000e+01 1.250000e+00 2.760000e+01
      vertex   -1.810000e+01 1.250000e+00 3.300000e+01
      vertex   -1.840000e+01 1.550000e+00 2.730000e+01
    endloop
  endfacet
  facet normal -7.071068e-01 -7.071068e-01 3.299719e-16
    outer loop
      vertex   -1.840000e+01 1.550000e+00 2.730000e+01
      vertex   -1.810000e+01 1.250000e+00 3.300000e+01
      vertex   -1.870000e+01 1.850000e+00 3.300000e+01
    endloop
  endfacet
  facet normal -7.071068e-01 -7.071068e-01 0.000000e+00
    outer loop
      vertex   -1.840000e+01 1.550000e+00 2.730000e+01
      vertex   -1.870000e+01 1.850000e+00 3.300000e+01
      vertex   -1.870000e+01 1.850000e+00 2.760000e+01
    endloop
  endfacet
  facet normal -6.019170e-15 -2.878739e-15 1.000000e+00
    outer loop
      vertex   1.225627e+01 1.250000e+00 3.300000e+01
      vertex   2.170000e+01 1.250000e+00 3.300000e+01
      vertex   1.730000e+01 1.044998e+01 3.300000e+01
    endloop
  endfacet
  facet normal -8.011016e-15 -3.831363e-15 1.000000e+00
    outer loop
      vertex   1.730000e+01 1.044998e+01 3.300000e+01
      vertex   2.170000e+01 1.250000e+00 3.300000e+01
      vertex   2.230000e+01 1.850000e+00 3.300000e+01
    endloop
  endfacet
  facet normal -2.935302e-31 8.262142e-16 1.000000e+00
    outer loop
      vertex   1.730000e+01 1.044998e+01 3.300000e+01
      vertex   2.230000e+01 1.850000e+00 3.300000e+01
      vertex   2.230000e+01 1.044998e+01 3.300000e+01
    endloop
  endfacet
  facet normal 0.000000e+00 0.000000e+00 1.000000e+00
    outer loop
      vertex   1.730000e+01 1.894998e+01 3.300000e+01
      vertex   1.445000e+01 1.469998e+01 3.300000e+01
      vertex   1.730000e+01 1.044998e+01 3.300000e+01
    endloop
  endfacet
  facet normal 0.000000e+00 0.000000e+00 1.000000e+00
    outer loop
      vertex   1.730000e+01 1.044998e+01 3.300000e+01
      vertex   1.445000e+01 1.469998e+01 3.300000e+01
      vertex   1.441545e+01 1.431608e+01 3.300000e+01
    endloop
  endfacet
  facet normal 0.000000e+00 0.000000e+00 1.000000e+00
    outer loop
      vertex   1.730000e+01 1.044998e+01 3.300000e+01
      vertex   1.441545e+01 1.431608e+01 3.300000e+01
      vertex   1.431291e+01 1.394453e+01 3.300000e+01
    endloop
  endfacet
  facet normal 0.000000e+00 -1.379695e-15 1.000000e+00
    outer loop
      vertex   2.230000e+01 1.894998e+01 3.300000e+01
      vertex   2.230000e+01 2.409998e+01 3.300000e+01
      vertex   1.730000e+01 1.894998e+01 3.300000e+01
    endloop
  endfacet
  facet normal -1.271743e-14 1.096733e-14 1.000000e+00
    outer loop
      vertex   1.730000e+01 1.894998e+01 3.300000e+01
      vertex   2.230000e+01 2.409998e+01 3.300000e+01
      vertex   2.170000e+01 2.469998e+01 3.300000e+01
    endloop
  endfacet
  facet normal 0.000000e+00 1.235726e-15 1.000000e+00
    outer loop
      vertex   1.730000e+01 1.894998e+01 3.300000e+01
      vertex   2.170000e+01 2.469998e+01 3.300000e+01
      vertex   7.300000e+00 1.894998e+01 3.300000e+01
    endloop
  endfacet
  facet normal 0.000000e+00 1.235726e-15 1.000000e+00
    outer loop
      vertex   7.300000e+00 1.894998e+01 3.300000e+01
      vertex   2.170000e+01 2.469998e+01 3.300000e+01
      vertex   -1.810000e+01 2.469998e+01 3.300000e+01
    endloop
  endfacet
  facet normal 0.000000e+00 1.235726e-15 1.000000e+00
    outer loop
      vertex   7.300000e+00 1.894998e+01 3.300000e+01
      vertex   -1.810000e+01 2.469998e+01 3.300000e+01
      vertex   -3.700000e+00 1.894998e+01 3.300000e+01
    endloop
  endfacet
  facet normal 0.000000e+00 1.235726e-15 1.000000e+00
    outer loop
      vertex   -3.700000e+00 1.894998e+01 3.300000e+01
      vertex   -1.810000e+01 2.469998e+01 3.300000e+01
      vertex   -1.370000e+01 1.894998e+01 3.300000e+01
    endloop
  endfacet
  facet normal 0.000000e+00 0.000000e+00 1.000000e+00
    outer loop
      vertex   -3.700000e+00 1.894998e+01 3.300000e+01
      vertex   -1.370000e+01 1.894998e+01 3.300000e+01
      vertex   -8.796459e+00 1.684782e+01 3.300000e+01
    endloop
  endfacet
  facet normal 0.000000e+00 0.000000e+00 1.000000e+00
    outer loop
      vertex   -8.796459e+00 1.684782e+01 3.300000e+01
      vertex   -1.370000e+01 1.894998e+01 3.300000e+01
      vertex   -9.178420e+00 1.679608e+01 3.300000e+01
    endloop
  endfacet
  facet normal 0.000000e+00 0.000000e+00 1.000000e+00
    outer loop
      vertex   -9.178420e+00 1.679608e+01 3.300000e+01
      vertex   -1.370000e+01 1.894998e+01 3.300000e+01
      vertex   -9.545004e+00 1.667697e+01 3.300000e+01
    endloop
  endfacet
  facet normal 0.000000e+00 0.000000e+00 1.000000e+00
    outer loop
      vertex   -9.545004e+00 1.667697e+01 3.300000e+01
      vertex   -1.370000e+01 1.894998e+01 3.300000e+01
      vertex   -9.884428e+00 1.649431e+01 3.300000e+01
    endloop
  endfacet
  facet normal 0.000000e+00 0.000000e+00 1.000000e+00
    outer loop
      vertex   -9.884428e+00 1.649431e+01 3.300000e+01
      vertex   -1.370000e+01 1.894998e+01 3.300000e+01
      vertex   -1.018578e+01 1.625399e+01 3.300000e+01
    endloop
  endfacet
  facet normal 0.000000e+00 0.000000e+00 1.000000e+00
    outer loop
      vertex   -1.018578e+01 1.625399e+01 3.300000e+01
      vertex   -1.370000e+01 1.894998e+01 3.300000e+01
      vertex   -1.043939e+01 1.596372e+01 3.300000e+01
    endloop
  endfacet
  facet normal 0.000000e+00 0.000000e+00 1.000000e+00
    outer loop
      vertex   -1.043939e+01 1.596372e+01 3.300000e+01
      vertex   -1.370000e+01 1.894998e+01 3.300000e+01
      vertex   -1.063708e+01 1.563283e+01 3.300000e+01
    endloop
  endfacet
  facet normal 0.000000e+00 0.000000e+00 1.000000e+00
    outer loop
      vertex   -1.063708e+01 1.563283e+01 3.300000e+01
      vertex   -1.370000e+01 1.894998e+01 3.300000e+01
      vertex   -1.077252e+01 1.527196e+01 3.300000e+01
    endloop
  endfacet
  facet normal 0.000000e+00 0.000000e+00 1.000000e+00
    outer loop
      vertex   -1.077252e+01 1.527196e+01 3.300000e+01
      vertex   -1.370000e+01 1.894998e+01 3.300000e+01
      vertex   -1.084134e+01 1.489271e+01 3.300000e+01
    endloop
  endfacet
  facet normal 0.000000e+00 0.000000e+00 1.000000e+00
    outer loop
      vertex   -1.084134e+01 1.489271e+01 3.300000e+01
      vertex   -1.370000e+01 1.894998e+01 3.300000e+01
      vertex   -1.084134e+01 1.450726e+01 3.300000e+01
    endloop
  endfacet
  facet normal 0.000000e+00 0.000000e+00 1.000000e+00
    outer loop
      vertex   -1.084134e+01 1.450726e+01 3.300000e+01
      vertex   -1.370000e+01 1.894998e+01 3.300000e+01
      vertex   -1.370000e+01 1.044998e+01 3.300000e+01
    endloop
  endfacet
  facet normal 0.000000e+00 0.000000e+00 1.000000e+00
    outer loop
      vertex   -1.084134e+01 1.450726e+01 3.300000e+01
      vertex   -1.370000e+01 1.044998e+01 3.300000e+01
      vertex   -1.077252e+01 1.412800e+01 3.300000e+01
    endloop
  endfacet
  facet normal 0.000000e+00 0.000000e+00 1.000000e+00
    outer loop
      vertex   -1.077252e+01 1.412800e+01 3.300000e+01
      vertex   -1.370000e+01 1.044998e+01 3.300000e+01
      vertex   -1.063708e+01 1.376713e+01 3.300000e+01
    endloop
  endfacet
  facet normal 0.000000e+00 0.000000e+00 1.000000e+00
    outer loop
      vertex   -1.063708e+01 1.376713e+01 3.300000e+01
      vertex   -1.370000e+01 1.044998e+01 3.300000e+01
      vertex   -1.043939e+01 1.343624e+01 3.300000e+01
    endloop
  endfacet
  facet normal 0.000000e+00 0.000000e+00 1.000000e+00
    outer loop
      vertex   -1.043939e+01 1.343624e+01 3.300000e+01
      vertex   -1.370000e+01 1.044998e+01 3.300000e+01
      vertex   -1.018578e+01 1.314597e+01 3.300000e+01
    endloop
  endfacet
  facet normal 0.000000e+00 0.000000e+00 1.000000e+00
    outer loop
      vertex   -1.018578e+01 1.314597e+01 3.300000e+01
      vertex   -1.370000e+01 1.044998e+01 3.300000e+01
      vertex   -9.884428e+00 1.290565e+01 3.300000e+01
    endloop
  endfacet
  facet normal 0.000000e+00 0.000000e+00 1.000000e+00
    outer loop
      vertex   -9.884428e+00 1.290565e+01 3.300000e+01
      vertex   -1.370000e+01 1.044998e+01 3.300000e+01
      vertex   -9.545004e+00 1.272300e+01 3.300000e+01
    endloop
  endfacet
  facet normal 0.000000e+00 0.000000e+00 1.000000e+00
    outer loop
      vertex   -9.545004e+00 1.272300e+01 3.300000e+01
      vertex   -1.370000e+01 1.044998e+01 3.300000e+01
      vertex   -9.178420e+00 1.260389e+01 3.300000e+01
    endloop
  endfacet
  facet normal 0.000000e+00 0.000000e+00 1.000000e+00
    outer loop
      vertex   -9.178420e+00 1.260389e+01 3.300000e+01
      vertex   -1.370000e+01 1.044998e+01 3.300000e+01
      vertex   -8.796459e+00 1.255215e+01 3.300000e+01
    endloop
  endfacet
  facet normal 0.000000e+00 0.000000e+00 1.000000e+00
    outer loop
      vertex   -8.796459e+00 1.255215e+01 3.300000e+01
      vertex   -1.370000e+01 1.044998e+01 3.300000e+01
      vertex   -4.889263e+00 7.530730e+00 3.300000e+01
    endloop
  endfacet
  facet normal 0.000000e+00 0.000000e+00 1.000000e+00
    outer loop
      vertex   -8.796459e+00 1.255215e+01 3.300000e+01
      vertex   -4.889263e+00 7.530730e+00 3.300000e+01
      vertex   -4.736451e+00 8.057110e+00 3.300000e+01
    endloop
  endfacet
  facet normal 6.008695e-15 5.833684e-15 1.000000e+00
    outer loop
      vertex   -1.810000e+01 2.469998e+01 3.300000e+01
      vertex   -1.870000e+01 2.409998e+01 3.300000e+01
      vertex   -1.370000e+01 1.894998e+01 3.300000e+01
    endloop
  endfacet
  facet normal 0.000000e+00 0.000000e+00 1.000000e+00
    outer loop
      vertex   -1.370000e+01 1.894998e+01 3.300000e+01
      vertex   -1.870000e+01 2.409998e+01 3.300000e+01
      vertex   -1.870000e+01 1.894998e+01 3.300000e+01
    endloop
  endfacet
  facet normal -0.000000e+00 0.000000e+00 1.000000e+00
    outer loop
      vertex   -1.870000e+01 1.044998e+01 3.300000e+01
      vertex   -1.870000e+01 1.850000e+00 3.300000e+01
      vertex   -1.370000e+01 1.044998e+01 3.300000e+01
    endloop
  endfacet
  facet normal 7.393924e-15 -4.298802e-15 1.000000e+00
    outer loop
      vertex   -1.370000e+01 1.044998e+01 3.300000e+01
      vertex   -1.870000e+01 1.850000e+00 3.300000e+01
      vertex   -1.040000e+01 1.250000e+00 3.300000e+01
    endloop
  endfacet
  facet normal -3.830919e-15 -8.325112e-15 1.000000e+00
    outer loop
      vertex   -1.370000e+01 1.044998e+01 3.300000e+01
      vertex   -1.040000e+01 1.250000e+00 3.300000e+01
      vertex   -4.988477e+00 6.441251e+00 3.300000e+01
    endloop
  endfacet
  facet normal -1.077097e-14 -1.090588e-15 1.000000e+00
    outer loop
      vertex   -4.988477e+00 6.441251e+00 3.300000e+01
      vertex   -1.040000e+01 1.250000e+00 3.300000e+01
      vertex   -4.933262e+00 5.895926e+00 3.300000e+01
    endloop
  endfacet
  facet normal -9.765711e-15 -2.273446e-15 1.000000e+00
    outer loop
      vertex   -4.933262e+00 5.895926e+00 3.300000e+01
      vertex   -1.040000e+01 1.250000e+00 3.300000e+01
      vertex   -4.808985e+00 5.362088e+00 3.300000e+01
    endloop
  endfacet
  facet normal -8.978301e-15 -3.344051e-15 1.000000e+00
    outer loop
      vertex   -4.808985e+00 5.362088e+00 3.300000e+01
      vertex   -1.040000e+01 1.250000e+00 3.300000e+01
      vertex   -4.617674e+00 4.848446e+00 3.300000e+01
    endloop
  endfacet
  facet normal -8.331346e-15 -4.383639e-15 1.000000e+00
    outer loop
      vertex   -4.617674e+00 4.848446e+00 3.300000e+01
      vertex   -1.040000e+01 1.250000e+00 3.300000e+01
      vertex   -4.362451e+00 4.363380e+00 3.300000e+01
    endloop
  endfacet
  facet normal -7.776222e-15 -5.460150e-15 1.000000e+00
    outer loop
      vertex   -4.362451e+00 4.363380e+00 3.300000e+01
      vertex   -1.040000e+01 1.250000e+00 3.300000e+01
      vertex   -4.047479e+00 3.914805e+00 3.300000e+01
    endloop
  endfacet
  facet normal -7.278760e-15 -6.646030e-15 1.000000e+00
    outer loop
      vertex   -4.047479e+00 3.914805e+00 3.300000e+01
      vertex   -1.040000e+01 1.250000e+00 3.300000e+01
      vertex   -3.677897e+00 3.510037e+00 3.300000e+01
    endloop
  endfacet
  facet normal -6.810974e-15 -8.037381e-15 1.000000e+00
    outer loop
      vertex   -3.677897e+00 3.510037e+00 3.300000e+01
      vertex   -1.040000e+01 1.250000e+00 3.300000e+01
      vertex   -3.259735e+00 3.155681e+00 3.300000e+01
    endloop
  endfacet
  facet normal -6.344253e-15 -9.786107e-15 1.000000e+00
    outer loop
      vertex   -3.259735e+00 3.155681e+00 3.300000e+01
      vertex   -1.040000e+01 1.250000e+00 3.300000e+01
      vertex   -2.799815e+00 2.857518e+00 3.300000e+01
    endloop
  endfacet
  facet normal -5.839768e-15 -1.217126e-14 1.000000e+00
    outer loop
      vertex   -2.799815e+00 2.857518e+00 3.300000e+01
      vertex   -1.040000e+01 1.250000e+00 3.300000e+01
      vertex   -2.305640e+00 2.620413e+00 3.300000e+01
    endloop
  endfacet
  facet normal -5.226250e-15 -1.579501e-14 1.000000e+00
    outer loop
      vertex   -2.305640e+00 2.620413e+00 3.300000e+01
      vertex   -1.040000e+01 1.250000e+00 3.300000e+01
      vertex   -1.785272e+00 2.448234e+00 3.300000e+01
    endloop
  endfacet
  facet normal -7.998213e-15 4.134067e-15 1.000000e+00
    outer loop
      vertex   -1.785272e+00 2.448234e+00 3.300000e+01
      vertex   -1.040000e+01 1.250000e+00 3.300000e+01
      vertex   -1.040000e+01 -1.250000e+01 3.300000e+01
    endloop
  endfacet
  facet normal -8.298374e-17 -4.275117e-16 1.000000e+00
    outer loop
      vertex   -1.785272e+00 2.448234e+00 3.300000e+01
      vertex   -1.040000e+01 -1.250000e+01 3.300000e+01
      vertex   -1.247203e+00 2.343790e+00 3.300000e+01
    endloop
  endfacet
  facet normal 5.784481e-32 -4.786801e-16 1.000000e+00
    outer loop
      vertex   -1.247203e+00 2.343790e+00 3.300000e+01
      vertex   -1.040000e+01 -1.250000e+01 3.300000e+01
      vertex   4.299791e+00 -1.250000e+01 3.300000e+01
    endloop
  endfacet
  facet normal -3.138381e-17 -4.904080e-16 1.000000e+00
    outer loop
      vertex   -1.247203e+00 2.343790e+00 3.300000e+01
      vertex   4.299791e+00 -1.250000e+01 3.300000e+01
      vertex   -7.002087e-01 2.308785e+00 3.300000e+01
    endloop
  endfacet
  facet normal -1.278475e-31 -4.798116e-16 1.000000e+00
    outer loop
      vertex   -7.002087e-01 2.308785e+00 3.300000e+01
      vertex   4.299791e+00 -1.250000e+01 3.300000e+01
      vertex   4.299791e+00 2.308785e+00 3.300000e+01
    endloop
  endfacet
  facet normal -8.665411e-16 -4.798116e-16 1.000000e+00
    outer loop
      vertex   4.299791e+00 2.308785e+00 3.300000e+01
      vertex   4.299791e+00 -1.250000e+01 3.300000e+01
      vertex   1.071581e+01 -9.278565e+00 3.300000e+01
    endloop
  endfacet
  facet normal 0.000000e+00 0.000000e+00 1.000000e+00
    outer loop
      vertex   4.299791e+00 2.308785e+00 3.300000e+01
      vertex   1.071581e+01 -9.278565e+00 3.300000e+01
      vertex   1.113212e+01 -8.661648e+00 3.300000e+01
    endloop
  endfacet
  facet normal 8.305045e-15 8.305045e-15 1.000000e+00
    outer loop
      vertex   -1.870000e+01 1.850000e+00 3.300000e+01
      vertex   -1.810000e+01 1.250000e+00 3.300000e+01
      vertex   -1.040000e+01 1.250000e+00 3.300000e+01
    endloop
  endfacet
  facet normal -1.429493e-14 1.017361e-13 1.000000e+00
    outer loop
      vertex   5.043229e+00 -1.246538e+01 3.300000e+01
      vertex   5.780233e+00 -1.236182e+01 3.300000e+01
      vertex   4.299791e+00 -1.250000e+01 3.300000e+01
    endloop
  endfacet
  facet normal -7.918638e-15 3.341888e-14 1.000000e+00
    outer loop
      vertex   4.299791e+00 -1.250000e+01 3.300000e+01
      vertex   5.780233e+00 -1.236182e+01 3.300000e+01
      vertex   6.504424e+00 -1.219023e+01 3.300000e+01
    endloop
  endfacet
  facet normal -5.518872e-15 1.633990e-14 1.000000e+00
    outer loop
      vertex   4.299791e+00 -1.250000e+01 3.300000e+01
      vertex   6.504424e+00 -1.219023e+01 3.300000e+01
      vertex   7.209535e+00 -1.195207e+01 3.300000e+01
    endloop
  endfacet
  facet normal -4.232499e-15 9.508675e-15 1.000000e+00
    outer loop
      vertex   7.209535e+00 -1.195207e+01 3.300000e+01
      vertex   7.889462e+00 -1.164942e+01 3.300000e+01
      vertex   4.299791e+00 -1.250000e+01 3.300000e+01
    endloop
  endfacet
  facet normal -3.423259e-15 6.093454e-15 1.000000e+00
    outer loop
      vertex   4.299791e+00 -1.250000e+01 3.300000e+01
      vertex   7.889462e+00 -1.164942e+01 3.300000e+01
      vertex   8.538323e+00 -1.128490e+01 3.300000e+01
    endloop
  endfacet
  facet normal -2.863907e-15 4.142315e-15 1.000000e+00
    outer loop
      vertex   4.299791e+00 -1.250000e+01 3.300000e+01
      vertex   8.538323e+00 -1.128490e+01 3.300000e+01
      vertex   9.150500e+00 -1.086165e+01 3.300000e+01
    endloop
  endfacet
  facet normal -2.452176e-15 2.923288e-15 1.000000e+00
    outer loop
      vertex   9.150500e+00 -1.086165e+01 3.300000e+01
      vertex   9.720696e+00 -1.038335e+01 3.300000e+01
      vertex   4.299791e+00 -1.250000e+01 3.300000e+01
    endloop
  endfacet
  facet normal -2.135031e-15 2.111057e-15 1.000000e+00
    outer loop
      vertex   4.299791e+00 -1.250000e+01 3.300000e+01
      vertex   9.720696e+00 -1.038335e+01 3.300000e+01
      vertex   1.024398e+01 -9.854126e+00 3.300000e+01
    endloop
  endfacet
  facet normal -1.882162e-15 1.542965e-15 1.000000e+00
    outer loop
      vertex   4.299791e+00 -1.250000e+01 3.300000e+01
      vertex   1.024398e+01 -9.854126e+00 3.300000e+01
      vertex   1.071581e+01 -9.278565e+00 3.300000e+01
    endloop
  endfacet
  facet normal 0.000000e+00 -0.000000e+00 1.000000e+00
    outer loop
      vertex   1.113212e+01 -8.661648e+00 3.300000e+01
      vertex   1.148929e+01 -8.008712e+00 3.300000e+01
      vertex   4.299791e+00 2.308785e+00 3.300000e+01
    endloop
  endfacet
  facet normal 0.000000e+00 0.000000e+00 1.000000e+00
    outer loop
      vertex   4.299791e+00 2.308785e+00 3.300000e+01
      vertex   1.148929e+01 -8.008712e+00 3.300000e+01
      vertex   1.178425e+01 -7.325410e+00 3.300000e+01
    endloop
  endfacet
  facet normal 0.000000e+00 0.000000e+00 1.000000e+00
    outer loop
      vertex   4.299791e+00 2.308785e+00 3.300000e+01
      vertex   1.178425e+01 -7.325410e+00 3.300000e+01
      vertex   1.201442e+01 -6.617656e+00 3.300000e+01
    endloop
  endfacet
  facet normal 0.000000e+00 -0.000000e+00 1.000000e+00
    outer loop
      vertex   1.201442e+01 -6.617656e+00 3.300000e+01
      vertex   1.217783e+01 -5.891573e+00 3.300000e+01
      vertex   4.299791e+00 2.308785e+00 3.300000e+01
    endloop
  endfacet
  facet normal 0.000000e+00 0.000000e+00 1.000000e+00
    outer loop
      vertex   4.299791e+00 2.308785e+00 3.300000e+01
      vertex   1.217783e+01 -5.891573e+00 3.300000e+01
      vertex   1.227306e+01 -5.153447e+00 3.300000e+01
    endloop
  endfacet
  facet normal 0.000000e+00 0.000000e+00 1.000000e+00
    outer loop
      vertex   4.299791e+00 2.308785e+00 3.300000e+01
      vertex   1.227306e+01 -5.153447e+00 3.300000e+01
      vertex   1.229928e+01 -4.409665e+00 3.300000e+01
    endloop
  endfacet
  facet normal 0.000000e+00 0.000000e+00 1.000000e+00
    outer loop
      vertex   1.229928e+01 -4.409665e+00 3.300000e+01
      vertex   1.225627e+01 -3.666666e+00 3.300000e+01
      vertex   4.299791e+00 2.308785e+00 3.300000e+01
    endloop
  endfacet
  facet normal -0.000000e+00 0.000000e+00 1.000000e+00
    outer loop
      vertex   4.299791e+00 2.308785e+00 3.300000e+01
      vertex   1.225627e+01 -3.666666e+00 3.300000e+01
      vertex   4.846785e+00 2.343790e+00 3.300000e+01
    endloop
  endfacet
  facet normal -0.000000e+00 0.000000e+00 1.000000e+00
    outer loop
      vertex   4.846785e+00 2.343790e+00 3.300000e+01
      vertex   1.225627e+01 -3.666666e+00 3.300000e+01
      vertex   5.384855e+00 2.448234e+00 3.300000e+01
    endloop
  endfacet
  facet normal -0.000000e+00 0.000000e+00 1.000000e+00
    outer loop
      vertex   5.384855e+00 2.448234e+00 3.300000e+01
      vertex   1.225627e+01 -3.666666e+00 3.300000e+01
      vertex   5.905222e+00 2.620413e+00 3.300000e+01
    endloop
  endfacet
  facet normal 1.144493e-14 1.156138e-14 1.000000e+00
    outer loop
      vertex   5.905222e+00 2.620413e+00 3.300000e+01
      vertex   1.225627e+01 -3.666666e+00 3.300000e+01
      vertex   1.225627e+01 1.250000e+00 3.300000e+01
    endloop
  endfacet
  facet normal 6.173755e-15 -1.286736e-14 1.000000e+00
    outer loop
      vertex   5.905222e+00 2.620413e+00 3.300000e+01
      vertex   1.225627e+01 1.250000e+00 3.300000e+01
      vertex   6.399397e+00 2.857518e+00 3.300000e+01
    endloop
  endfacet
  facet normal 6.818624e-15 -1.051783e-14 1.000000e+00
    outer loop
      vertex   6.399397e+00 2.857518e+00 3.300000e+01
      vertex   1.225627e+01 1.250000e+00 3.300000e+01
      vertex   6.859318e+00 3.155681e+00 3.300000e+01
    endloop
  endfacet
  facet normal 7.434616e-15 -8.773319e-15 1.000000e+00
    outer loop
      vertex   6.859318e+00 3.155681e+00 3.300000e+01
      vertex   1.225627e+01 1.250000e+00 3.300000e+01
      vertex   7.277480e+00 3.510037e+00 3.300000e+01
    endloop
  endfacet
  facet normal 8.071637e-15 -7.369983e-15 1.000000e+00
    outer loop
      vertex   7.277480e+00 3.510037e+00 3.300000e+01
      vertex   1.225627e+01 1.250000e+00 3.300000e+01
      vertex   7.647062e+00 3.914805e+00 3.300000e+01
    endloop
  endfacet
  facet normal 8.771690e-15 -6.159127e-15 1.000000e+00
    outer loop
      vertex   7.647062e+00 3.914805e+00 3.300000e+01
      vertex   1.225627e+01 1.250000e+00 3.300000e+01
      vertex   7.962034e+00 4.363380e+00 3.300000e+01
    endloop
  endfacet
  facet normal 9.581892e-15 -5.041629e-15 1.000000e+00
    outer loop
      vertex   7.962034e+00 4.363380e+00 3.300000e+01
      vertex   1.225627e+01 1.250000e+00 3.300000e+01
      vertex   8.217257e+00 4.848446e+00 3.300000e+01
    endloop
  endfacet
  facet normal 1.056709e-14 -3.935811e-15 1.000000e+00
    outer loop
      vertex   8.217257e+00 4.848446e+00 3.300000e+01
      vertex   1.225627e+01 1.250000e+00 3.300000e+01
      vertex   8.408568e+00 5.362088e+00 3.300000e+01
    endloop
  endfacet
  facet normal 1.183008e-14 -2.754028e-15 1.000000e+00
    outer loop
      vertex   8.408568e+00 5.362088e+00 3.300000e+01
      vertex   1.225627e+01 1.250000e+00 3.300000e+01
      vertex   8.532844e+00 5.895926e+00 3.300000e+01
    endloop
  endfacet
  facet normal 1.355403e-14 -1.372381e-15 1.000000e+00
    outer loop
      vertex   8.532844e+00 5.895926e+00 3.300000e+01
      vertex   1.225627e+01 1.250000e+00 3.300000e+01
      vertex   8.588060e+00 6.441251e+00 3.300000e+01
    endloop
  endfacet
  facet normal 3.802223e-15 -8.263147e-15 1.000000e+00
    outer loop
      vertex   8.588060e+00 6.441251e+00 3.300000e+01
      vertex   1.225627e+01 1.250000e+00 3.300000e+01
      vertex   1.730000e+01 1.044998e+01 3.300000e+01
    endloop
  endfacet
  facet normal 0.000000e+00 -0.000000e+00 1.000000e+00
    outer loop
      vertex   8.588060e+00 6.441251e+00 3.300000e+01
      vertex   1.730000e+01 1.044998e+01 3.300000e+01
      vertex   8.573313e+00 6.989165e+00 3.300000e+01
    endloop
  endfacet
  facet normal 0.000000e+00 -0.000000e+00 1.000000e+00
    outer loop
      vertex   8.573313e+00 6.989165e+00 3.300000e+01
      vertex   1.730000e+01 1.044998e+01 3.300000e+01
      vertex   8.488845e+00 7.530730e+00 3.300000e+01
    endloop
  endfacet
  facet normal 0.000000e+00 0.000000e+00 1.000000e+00
    outer loop
      vertex   8.488845e+00 7.530730e+00 3.300000e+01
      vertex   1.730000e+01 1.044998e+01 3.300000e+01
      vertex   1.258860e+01 1.256944e+01 3.300000e+01
    endloop
  endfacet
  facet normal 0.000000e+00 0.000000e+00 1.000000e+00
    outer loop
      vertex   8.488845e+00 7.530730e+00 3.300000e+01
      vertex   1.258860e+01 1.256944e+01 3.300000e+01
      vertex   1.220354e+01 1.255215e+01 3.300000e+01
    endloop
  endfacet
  facet normal -0.000000e+00 0.000000e+00 1.000000e+00
    outer loop
      vertex   -6.584551e+00 1.431608e+01 3.300000e+01
      vertex   -3.700000e+00 1.044998e+01 3.300000e+01
      vertex   -6.550000e+00 1.469998e+01 3.300000e+01
    endloop
  endfacet
  facet normal -0.000000e+00 0.000000e+00 1.000000e+00
    outer loop
      vertex   -6.550000e+00 1.469998e+01 3.300000e+01
      vertex   -3.700000e+00 1.044998e+01 3.300000e+01
      vertex   -3.700000e+00 1.894998e+01 3.300000e+01
    endloop
  endfacet
  facet normal 0.000000e+00 -0.000000e+00 1.000000e+00
    outer loop
      vertex   -6.550000e+00 1.469998e+01 3.300000e+01
      vertex   -3.700000e+00 1.894998e+01 3.300000e+01
      vertex   -6.584551e+00 1.508388e+01 3.300000e+01
    endloop
  endfacet
  facet normal 0.000000e+00 -0.000000e+00 1.000000e+00
    outer loop
      vertex   -6.584551e+00 1.508388e+01 3.300000e+01
      vertex   -3.700000e+00 1.894998e+01 3.300000e+01
      vertex   -6.687095e+00 1.545544e+01 3.300000e+01
    endloop
  endfacet
  facet normal 0.000000e+00 -0.000000e+00 1.000000e+00
    outer loop
      vertex   -6.687095e+00 1.545544e+01 3.300000e+01
      vertex   -3.700000e+00 1.894998e+01 3.300000e+01
      vertex   -6.854335e+00 1.580272e+01 3.300000e+01
    endloop
  endfacet
  facet normal 0.000000e+00 -0.000000e+00 1.000000e+00
    outer loop
      vertex   -6.854335e+00 1.580272e+01 3.300000e+01
      vertex   -3.700000e+00 1.894998e+01 3.300000e+01
      vertex   -7.080896e+00 1.611455e+01 3.300000e+01
    endloop
  endfacet
  facet normal 0.000000e+00 -0.000000e+00 1.000000e+00
    outer loop
      vertex   -7.080896e+00 1.611455e+01 3.300000e+01
      vertex   -3.700000e+00 1.894998e+01 3.300000e+01
      vertex   -7.359497e+00 1.638092e+01 3.300000e+01
    endloop
  endfacet
  facet normal 0.000000e+00 -0.000000e+00 1.000000e+00
    outer loop
      vertex   -7.359497e+00 1.638092e+01 3.300000e+01
      vertex   -3.700000e+00 1.894998e+01 3.300000e+01
      vertex   -7.681182e+00 1.659326e+01 3.300000e+01
    endloop
  endfacet
  facet normal 0.000000e+00 -0.000000e+00 1.000000e+00
    outer loop
      vertex   -7.681182e+00 1.659326e+01 3.300000e+01
      vertex   -3.700000e+00 1.894998e+01 3.300000e+01
      vertex   -8.035613e+00 1.674475e+01 3.300000e+01
    endloop
  endfacet
  facet normal 0.000000e+00 -0.000000e+00 1.000000e+00
    outer loop
      vertex   -8.035613e+00 1.674475e+01 3.300000e+01
      vertex   -3.700000e+00 1.894998e+01 3.300000e+01
      vertex   -8.411398e+00 1.683052e+01 3.300000e+01
    endloop
  endfacet
  facet normal 0.000000e+00 -0.000000e+00 1.000000e+00
    outer loop
      vertex   -8.411398e+00 1.683052e+01 3.300000e+01
      vertex   -3.700000e+00 1.894998e+01 3.300000e+01
      vertex   -8.796459e+00 1.684782e+01 3.300000e+01
    endloop
  endfacet
  facet normal 0.000000e+00 0.000000e+00 1.000000e+00
    outer loop
      vertex   -6.584551e+00 1.431608e+01 3.300000e+01
      vertex   -6.687095e+00 1.394453e+01 3.300000e+01
      vertex   -3.700000e+00 1.044998e+01 3.300000e+01
    endloop
  endfacet
  facet normal 0.000000e+00 0.000000e+00 1.000000e+00
    outer loop
      vertex   -3.700000e+00 1.044998e+01 3.300000e+01
      vertex   -6.687095e+00 1.394453e+01 3.300000e+01
      vertex   -6.854335e+00 1.359725e+01 3.300000e+01
    endloop
  endfacet
  facet normal 0.000000e+00 0.000000e+00 1.000000e+00
    outer loop
      vertex   -3.700000e+00 1.044998e+01 3.300000e+01
      vertex   -6.854335e+00 1.359725e+01 3.300000e+01
      vertex   -7.080896e+00 1.328541e+01 3.300000e+01
    endloop
  endfacet
  facet normal 0.000000e+00 0.000000e+00 1.000000e+00
    outer loop
      vertex   -7.080896e+00 1.328541e+01 3.300000e+01
      vertex   -7.359497e+00 1.301904e+01 3.300000e+01
      vertex   -3.700000e+00 1.044998e+01 3.300000e+01
    endloop
  endfacet
  facet normal 0.000000e+00 0.000000e+00 1.000000e+00
    outer loop
      vertex   -3.700000e+00 1.044998e+01 3.300000e+01
      vertex   -7.359497e+00 1.301904e+01 3.300000e+01
      vertex   -7.681182e+00 1.280670e+01 3.300000e+01
    endloop
  endfacet
  facet normal 0.000000e+00 0.000000e+00 1.000000e+00
    outer loop
      vertex   -3.700000e+00 1.044998e+01 3.300000e+01
      vertex   -7.681182e+00 1.280670e+01 3.300000e+01
      vertex   -4.236844e+00 9.030353e+00 3.300000e+01
    endloop
  endfacet
  facet normal 0.000000e+00 0.000000e+00 1.000000e+00
    outer loop
      vertex   -4.236844e+00 9.030353e+00 3.300000e+01
      vertex   -7.681182e+00 1.280670e+01 3.300000e+01
      vertex   -8.035613e+00 1.265521e+01 3.300000e+01
    endloop
  endfacet
  facet normal 0.000000e+00 0.000000e+00 1.000000e+00
    outer loop
      vertex   -4.236844e+00 9.030353e+00 3.300000e+01
      vertex   -8.035613e+00 1.265521e+01 3.300000e+01
      vertex   -4.517789e+00 8.559718e+00 3.300000e+01
    endloop
  endfacet
  facet normal 0.000000e+00 0.000000e+00 1.000000e+00
    outer loop
      vertex   -4.517789e+00 8.559718e+00 3.300000e+01
      vertex   -8.035613e+00 1.265521e+01 3.300000e+01
      vertex   -8.411398e+00 1.256944e+01 3.300000e+01
    endloop
  endfacet
  facet normal 0.000000e+00 0.000000e+00 1.000000e+00
    outer loop
      vertex   -4.517789e+00 8.559718e+00 3.300000e+01
      vertex   -8.411398e+00 1.256944e+01 3.300000e+01
      vertex   -4.736451e+00 8.057110e+00 3.300000e+01
    endloop
  endfacet
  facet normal 0.000000e+00 0.000000e+00 1.000000e+00
    outer loop
      vertex   -4.736451e+00 8.057110e+00 3.300000e+01
      vertex   -8.411398e+00 1.256944e+01 3.300000e+01
      vertex   -8.796459e+00 1.255215e+01 3.300000e+01
    endloop
  endfacet
  facet normal 0.000000e+00 0.000000e+00 1.000000e+00
    outer loop
      vertex   1.431291e+01 1.394453e+01 3.300000e+01
      vertex   1.414567e+01 1.359725e+01 3.300000e+01
      vertex   1.730000e+01 1.044998e+01 3.300000e+01
    endloop
  endfacet
  facet normal 0.000000e+00 0.000000e+00 1.000000e+00
    outer loop
      vertex   1.730000e+01 1.044998e+01 3.300000e+01
      vertex   1.414567e+01 1.359725e+01 3.300000e+01
      vertex   1.391910e+01 1.328541e+01 3.300000e+01
    endloop
  endfacet
  facet normal 0.000000e+00 0.000000e+00 1.000000e+00
    outer loop
      vertex   1.730000e+01 1.044998e+01 3.300000e+01
      vertex   1.391910e+01 1.328541e+01 3.300000e+01
      vertex   1.364050e+01 1.301904e+01 3.300000e+01
    endloop
  endfacet
  facet normal 0.000000e+00 0.000000e+00 1.000000e+00
    outer loop
      vertex   1.364050e+01 1.301904e+01 3.300000e+01
      vertex   1.331882e+01 1.280670e+01 3.300000e+01
      vertex   1.730000e+01 1.044998e+01 3.300000e+01
    endloop
  endfacet
  facet normal 0.000000e+00 0.000000e+00 1.000000e+00
    outer loop
      vertex   1.730000e+01 1.044998e+01 3.300000e+01
      vertex   1.331882e+01 1.280670e+01 3.300000e+01
      vertex   1.296439e+01 1.265521e+01 3.300000e+01
    endloop
  endfacet
  facet normal 0.000000e+00 0.000000e+00 1.000000e+00
    outer loop
      vertex   1.730000e+01 1.044998e+01 3.300000e+01
      vertex   1.296439e+01 1.265521e+01 3.300000e+01
      vertex   1.258860e+01 1.256944e+01 3.300000e+01
    endloop
  endfacet
  facet normal 0.000000e+00 -0.000000e+00 1.000000e+00
    outer loop
      vertex   8.488845e+00 7.530730e+00 3.300000e+01
      vertex   1.220354e+01 1.255215e+01 3.300000e+01
      vertex   8.336033e+00 8.057110e+00 3.300000e+01
    endloop
  endfacet
  facet normal 0.000000e+00 0.000000e+00 1.000000e+00
    outer loop
      vertex   8.336033e+00 8.057110e+00 3.300000e+01
      vertex   1.220354e+01 1.255215e+01 3.300000e+01
      vertex   1.182158e+01 1.260389e+01 3.300000e+01
    endloop
  endfacet
  facet normal 0.000000e+00 -0.000000e+00 1.000000e+00
    outer loop
      vertex   8.336033e+00 8.057110e+00 3.300000e+01
      vertex   1.182158e+01 1.260389e+01 3.300000e+01
      vertex   8.117371e+00 8.559718e+00 3.300000e+01
    endloop
  endfacet
  facet normal 0.000000e+00 0.000000e+00 1.000000e+00
    outer loop
      vertex   8.117371e+00 8.559718e+00 3.300000e+01
      vertex   1.182158e+01 1.260389e+01 3.300000e+01
      vertex   1.145500e+01 1.272300e+01 3.300000e+01
    endloop
  endfacet
  facet normal 0.000000e+00 -0.000000e+00 1.000000e+00
    outer loop
      vertex   8.117371e+00 8.559718e+00 3.300000e+01
      vertex   1.145500e+01 1.272300e+01 3.300000e+01
      vertex   7.836426e+00 9.030353e+00 3.300000e+01
    endloop
  endfacet
  facet normal 0.000000e+00 -0.000000e+00 1.000000e+00
    outer loop
      vertex   7.836426e+00 9.030353e+00 3.300000e+01
      vertex   1.145500e+01 1.272300e+01 3.300000e+01
      vertex   7.300000e+00 1.044998e+01 3.300000e+01
    endloop
  endfacet
  facet normal 0.000000e+00 0.000000e+00 1.000000e+00
    outer loop
      vertex   7.836426e+00 9.030353e+00 3.300000e+01
      vertex   7.300000e+00 1.044998e+01 3.300000e+01
      vertex   7.497782e+00 9.461338e+00 3.300000e+01
    endloop
  endfacet
  facet normal 0.000000e+00 0.000000e+00 1.000000e+00
    outer loop
      vertex   7.497782e+00 9.461338e+00 3.300000e+01
      vertex   7.300000e+00 1.044998e+01 3.300000e+01
      vertex   7.106963e+00 9.845640e+00 3.300000e+01
    endloop
  endfacet
  facet normal 0.000000e+00 -0.000000e+00 1.000000e+00
    outer loop
      vertex   7.106963e+00 9.845640e+00 3.300000e+01
      vertex   7.300000e+00 1.044998e+01 3.300000e+01
      vertex   6.670345e+00 1.017699e+01 3.300000e+01
    endloop
  endfacet
  facet normal 0.000000e+00 -0.000000e+00 1.000000e+00
    outer loop
      vertex   6.670345e+00 1.017699e+01 3.300000e+01
      vertex   7.300000e+00 1.044998e+01 3.300000e+01
      vertex   6.195053e+00 1.044998e+01 3.300000e+01
    endloop
  endfacet
  facet normal 0.000000e+00 0.000000e+00 1.000000e+00
    outer loop
      vertex   1.145500e+01 1.272300e+01 3.300000e+01
      vertex   1.111557e+01 1.290565e+01 3.300000e+01
      vertex   7.300000e+00 1.044998e+01 3.300000e+01
    endloop
  endfacet
  facet normal 0.000000e+00 0.000000e+00 1.000000e+00
    outer loop
      vertex   7.300000e+00 1.044998e+01 3.300000e+01
      vertex   1.111557e+01 1.290565e+01 3.300000e+01
      vertex   1.081422e+01 1.314597e+01 3.300000e+01
    endloop
  endfacet
  facet normal 0.000000e+00 0.000000e+00 1.000000e+00
    outer loop
      vertex   7.300000e+00 1.044998e+01 3.300000e+01
      vertex   1.081422e+01 1.314597e+01 3.300000e+01
      vertex   1.056061e+01 1.343624e+01 3.300000e+01
    endloop
  endfacet
  facet normal 0.000000e+00 0.000000e+00 1.000000e+00
    outer loop
      vertex   1.056061e+01 1.343624e+01 3.300000e+01
      vertex   1.036292e+01 1.376713e+01 3.300000e+01
      vertex   7.300000e+00 1.044998e+01 3.300000e+01
    endloop
  endfacet
  facet normal 0.000000e+00 0.000000e+00 1.000000e+00
    outer loop
      vertex   7.300000e+00 1.044998e+01 3.300000e+01
      vertex   1.036292e+01 1.376713e+01 3.300000e+01
      vertex   1.022748e+01 1.412800e+01 3.300000e+01
    endloop
  endfacet
  facet normal 0.000000e+00 0.000000e+00 1.000000e+00
    outer loop
      vertex   7.300000e+00 1.044998e+01 3.300000e+01
      vertex   1.022748e+01 1.412800e+01 3.300000e+01
      vertex   1.015866e+01 1.450726e+01 3.300000e+01
    endloop
  endfacet
  facet normal 0.000000e+00 0.000000e+00 1.000000e+00
    outer loop
      vertex   7.300000e+00 1.044998e+01 3.300000e+01
      vertex   1.015866e+01 1.450726e+01 3.300000e+01
      vertex   7.300000e+00 1.894998e+01 3.300000e+01
    endloop
  endfacet
  facet normal 0.000000e+00 0.000000e+00 1.000000e+00
    outer loop
      vertex   7.300000e+00 1.894998e+01 3.300000e+01
      vertex   1.015866e+01 1.450726e+01 3.300000e+01
      vertex   1.015866e+01 1.489271e+01 3.300000e+01
    endloop
  endfacet
  facet normal 0.000000e+00 0.000000e+00 1.000000e+00
    outer loop
      vertex   7.300000e+00 1.894998e+01 3.300000e+01
      vertex   1.015866e+01 1.489271e+01 3.300000e+01
      vertex   1.022748e+01 1.527196e+01 3.300000e+01
    endloop
  endfacet
  facet normal 0.000000e+00 -0.000000e+00 1.000000e+00
    outer loop
      vertex   1.022748e+01 1.527196e+01 3.300000e+01
      vertex   1.036292e+01 1.563283e+01 3.300000e+01
      vertex   7.300000e+00 1.894998e+01 3.300000e+01
    endloop
  endfacet
  facet normal 0.000000e+00 0.000000e+00 1.000000e+00
    outer loop
      vertex   7.300000e+00 1.894998e+01 3.300000e+01
      vertex   1.036292e+01 1.563283e+01 3.300000e+01
      vertex   1.056061e+01 1.596372e+01 3.300000e+01
    endloop
  endfacet
  facet normal 0.000000e+00 0.000000e+00 1.000000e+00
    outer loop
      vertex   7.300000e+00 1.894998e+01 3.300000e+01
      vertex   1.056061e+01 1.596372e+01 3.300000e+01
      vertex   1.081422e+01 1.625399e+01 3.300000e+01
    endloop
  endfacet
  facet normal 0.000000e+00 -0.000000e+00 1.000000e+00
    outer loop
      vertex   1.081422e+01 1.625399e+01 3.300000e+01
      vertex   1.111557e+01 1.649431e+01 3.300000e+01
      vertex   7.300000e+00 1.894998e+01 3.300000e+01
    endloop
  endfacet
  facet normal 0.000000e+00 0.000000e+00 1.000000e+00
    outer loop
      vertex   7.300000e+00 1.894998e+01 3.300000e+01
      vertex   1.111557e+01 1.649431e+01 3.300000e+01
      vertex   1.145500e+01 1.667697e+01 3.300000e+01
    endloop
  endfacet
  facet normal 0.000000e+00 0.000000e+00 1.000000e+00
    outer loop
      vertex   7.300000e+00 1.894998e+01 3.300000e+01
      vertex   1.145500e+01 1.667697e+01 3.300000e+01
      vertex   1.182158e+01 1.679608e+01 3.300000e+01
    endloop
  endfacet
  facet normal 0.000000e+00 -0.000000e+00 1.000000e+00
    outer loop
      vertex   1.182158e+01 1.679608e+01 3.300000e+01
      vertex   1.220354e+01 1.684782e+01 3.300000e+01
      vertex   7.300000e+00 1.894998e+01 3.300000e+01
    endloop
  endfacet
  facet normal -0.000000e+00 0.000000e+00 1.000000e+00
    outer loop
      vertex   7.300000e+00 1.894998e+01 3.300000e+01
      vertex   1.220354e+01 1.684782e+01 3.300000e+01
      vertex   1.730000e+01 1.894998e+01 3.300000e+01
    endloop
  endfacet
  facet normal -0.000000e+00 0.000000e+00 1.000000e+00
    outer loop
      vertex   1.220354e+01 1.684782e+01 3.300000e+01
      vertex   1.258860e+01 1.683052e+01 3.300000e+01
      vertex   1.730000e+01 1.894998e+01 3.300000e+01
    endloop
  endfacet
  facet normal 0.000000e+00 0.000000e+00 1.000000e+00
    outer loop
      vertex   1.730000e+01 1.894998e+01 3.300000e+01
      vertex   1.258860e+01 1.683052e+01 3.300000e+01
      vertex   1.296439e+01 1.674475e+01 3.300000e+01
    endloop
  endfacet
  facet normal 0.000000e+00 0.000000e+00 1.000000e+00
    outer loop
      vertex   1.730000e+01 1.894998e+01 3.300000e+01
      vertex   1.296439e+01 1.674475e+01 3.300000e+01
      vertex   1.331882e+01 1.659326e+01 3.300000e+01
    endloop
  endfacet
  facet normal -0.000000e+00 0.000000e+00 1.000000e+00
    outer loop
      vertex   1.331882e+01 1.659326e+01 3.300000e+01
      vertex   1.364050e+01 1.638092e+01 3.300000e+01
      vertex   1.730000e+01 1.894998e+01 3.300000e+01
    endloop
  endfacet
  facet normal 0.000000e+00 0.000000e+00 1.000000e+00
    outer loop
      vertex   1.730000e+01 1.894998e+01 3.300000e+01
      vertex   1.364050e+01 1.638092e+01 3.300000e+01
      vertex   1.391910e+01 1.611455e+01 3.300000e+01
    endloop
  endfacet
  facet normal 0.000000e+00 0.000000e+00 1.000000e+00
    outer loop
      vertex   1.730000e+01 1.894998e+01 3.300000e+01
      vertex   1.391910e+01 1.611455e+01 3.300000e+01
      vertex   1.414567e+01 1.580272e+01 3.300000e+01
    endloop
  endfacet
  facet normal -0.000000e+00 0.000000e+00 1.000000e+00
    outer loop
      vertex   1.414567e+01 1.580272e+01 3.300000e+01
      vertex   1.431291e+01 1.545544e+01 3.300000e+01
      vertex   1.730000e+01 1.894998e+01 3.300000e+01
    endloop
  endfacet
  facet normal 0.000000e+00 0.000000e+00 1.000000e+00
    outer loop
      vertex   1.730000e+01 1.894998e+01 3.300000e+01
      vertex   1.431291e+01 1.545544e+01 3.300000e+01
      vertex   1.441545e+01 1.508388e+01 3.300000e+01
    endloop
  endfacet
  facet normal 0.000000e+00 0.000000e+00 1.000000e+00
    outer loop
      vertex   1.730000e+01 1.894998e+01 3.300000e+01
      vertex   1.441545e+01 1.508388e+01 3.300000e+01
      vertex   1.445000e+01 1.469998e+01 3.300000e+01
    endloop
  endfacet
  facet normal 0.000000e+00 -0.000000e+00 1.000000e+00
    outer loop
      vertex   -4.988477e+00 6.441251e+00 3.300000e+01
      vertex   -4.973731e+00 6.989165e+00 3.300000e+01
      vertex   -1.370000e+01 1.044998e+01 3.300000e+01
    endloop
  endfacet
  facet normal 0.000000e+00 0.000000e+00 1.000000e+00
    outer loop
      vertex   -1.370000e+01 1.044998e+01 3.300000e+01
      vertex   -4.973731e+00 6.989165e+00 3.300000e+01
      vertex   -4.889263e+00 7.530730e+00 3.300000e+01
    endloop
  endfacet
  facet normal 0.000000e+00 0.000000e+00 1.000000e+00
    outer loop
      vertex   -4.236844e+00 9.030353e+00 3.300000e+01
      vertex   -3.898199e+00 9.461338e+00 3.300000e+01
      vertex   -3.700000e+00 1.044998e+01 3.300000e+01
    endloop
  endfacet
  facet normal 0.000000e+00 0.000000e+00 1.000000e+00
    outer loop
      vertex   -3.700000e+00 1.044998e+01 3.300000e+01
      vertex   -3.898199e+00 9.461338e+00 3.300000e+01
      vertex   -3.507380e+00 9.845640e+00 3.300000e+01
    endloop
  endfacet
  facet normal 0.000000e+00 0.000000e+00 1.000000e+00
    outer loop
      vertex   -3.700000e+00 1.044998e+01 3.300000e+01
      vertex   -3.507380e+00 9.845640e+00 3.300000e+01
      vertex   -3.070763e+00 1.017699e+01 3.300000e+01
    endloop
  endfacet
  facet normal 0.000000e+00 -0.000000e+00 1.000000e+00
    outer loop
      vertex   -3.070763e+00 1.017699e+01 3.300000e+01
      vertex   -2.595470e+00 1.044998e+01 3.300000e+01
      vertex   -3.700000e+00 1.044998e+01 3.300000e+01
    endloop
  endfacet
  facet normal -3.748805e-16 -1.000000e+00 -4.111937e-17
    outer loop
      vertex   -1.810000e+01 1.250000e+00 2.760000e+01
      vertex   -1.040000e+01 1.250000e+00 2.760000e+01
      vertex   -1.810000e+01 1.250000e+00 3.300000e+01
    endloop
  endfacet
  facet normal -2.883696e-16 -1.000000e+00 8.223874e-17
    outer loop
      vertex   -1.810000e+01 1.250000e+00 3.300000e+01
      vertex   -1.040000e+01 1.250000e+00 2.760000e+01
      vertex   -1.040000e+01 1.250000e+00 3.300000e+01
    endloop
  endfacet
  facet normal 7.071068e-01 0.000000e+00 -7.071068e-01
    outer loop
      vertex   1.225627e+01 -3.666666e+00 2.760000e+01
      vertex   1.165627e+01 -3.698613e+00 2.700000e+01
      vertex   1.225627e+01 1.250000e+00 2.760000e+01
    endloop
  endfacet
  facet normal 7.071068e-01 -2.358085e-16 -7.071068e-01
    outer loop
      vertex   1.225627e+01 1.250000e+00 2.760000e+01
      vertex   1.165627e+01 -3.698613e+00 2.700000e+01
      vertex   1.165627e+01 1.850000e+00 2.700000e+01
    endloop
  endfacet
  facet normal -7.071068e-01 -1.827017e-16 -7.071068e-01
    outer loop
      vertex   -9.800000e+00 1.850000e+00 2.700000e+01
      vertex   -9.800000e+00 -1.190000e+01 2.700000e+01
      vertex   -1.040000e+01 1.250000e+00 2.760000e+01
    endloop
  endfacet
  facet normal -7.071068e-01 -9.135083e-17 -7.071068e-01
    outer loop
      vertex   -1.040000e+01 1.250000e+00 2.760000e+01
      vertex   -9.800000e+00 -1.190000e+01 2.700000e+01
      vertex   -1.040000e+01 -1.250000e+01 2.760000e+01
    endloop
  endfacet
  facet normal -4.646838e-01 -5.339823e-01 -7.063511e-01
    outer loop
      vertex   2.181291e+00 9.504285e+00 2.700000e+01
      vertex   1.899565e+00 9.220330e+00 2.740000e+01
      vertex   1.778266e+00 9.855007e+00 2.700000e+01
    endloop
  endfacet
  facet normal -4.615016e-01 -5.344600e-01 -7.080740e-01
    outer loop
      vertex   1.778266e+00 9.855007e+00 2.700000e+01
      vertex   1.899565e+00 9.220330e+00 2.740000e+01
      vertex   1.513302e+00 9.553865e+00 2.740000e+01
    endloop
  endfacet
  facet normal -3.919923e-01 -5.912692e-01 -7.047997e-01
    outer loop
      vertex   1.778266e+00 9.855007e+00 2.700000e+01
      vertex   1.513302e+00 9.553865e+00 2.740000e+01
      vertex   1.332974e+00 1.015022e+01 2.700000e+01
    endloop
  endfacet
  facet normal -3.825070e-01 -5.916635e-01 -7.096638e-01
    outer loop
      vertex   1.332974e+00 1.015022e+01 2.700000e+01
      vertex   1.513302e+00 9.553865e+00 2.740000e+01
      vertex   1.084728e+00 9.830935e+00 2.740000e+01
    endloop
  endfacet
  facet normal -3.121971e-01 -6.385248e-01 -7.034337e-01
    outer loop
      vertex   1.332974e+00 1.015022e+01 2.700000e+01
      vertex   1.084728e+00 9.830935e+00 2.740000e+01
      vertex   8.530105e-01 1.038489e+01 2.700000e+01
    endloop
  endfacet
  facet normal -2.966618e-01 -6.375137e-01 -7.110330e-01
    outer loop
      vertex   8.530105e-01 1.038489e+01 2.700000e+01
      vertex   1.084728e+00 9.830935e+00 2.740000e+01
      vertex   6.220347e-01 1.004625e+01 2.740000e+01
    endloop
  endfacet
  facet normal -2.266999e-01 -6.748651e-01 -7.022565e-01
    outer loop
      vertex   8.530105e-01 1.038489e+01 2.700000e+01
      vertex   6.220347e-01 1.004625e+01 2.740000e+01
      vertex   3.465595e-01 1.055502e+01 2.700000e+01
    endloop
  endfacet
  facet normal -2.055544e-01 -6.712222e-01 -7.121855e-01
    outer loop
      vertex   3.465595e-01 1.055502e+01 2.700000e+01
      vertex   6.220347e-01 1.004625e+01 2.740000e+01
      vertex   1.340662e-01 1.019568e+01 2.740000e+01
    endloop
  endfacet
  facet normal -1.370124e-01 -6.996047e-01 -7.012709e-01
    outer loop
      vertex   3.465595e-01 1.055502e+01 2.700000e+01
      vertex   1.340662e-01 1.019568e+01 2.740000e+01
      vertex   -1.777423e-01 1.065770e+01 2.700000e+01
    endloop
  endfacet
  facet normal -1.108595e-01 -6.922167e-01 -7.131243e-01
    outer loop
      vertex   -1.777423e-01 1.065770e+01 2.700000e+01
      vertex   1.340662e-01 1.019568e+01 2.740000e+01
      vertex   -3.698496e-01 1.027638e+01 2.740000e+01
    endloop
  endfacet
  facet normal -4.472794e-02 -7.122695e-01 -7.004795e-01
    outer loop
      vertex   -1.777423e-01 1.065770e+01 2.700000e+01
      vertex   -3.698496e-01 1.027638e+01 2.740000e+01
      vertex   -7.109538e-01 1.069118e+01 2.700000e+01
    endloop
  endfacet
  facet normal -1.430952e-02 -7.001506e-01 -7.138518e-01
    outer loop
      vertex   -7.109538e-01 1.069118e+01 2.700000e+01
      vertex   -3.698496e-01 1.027638e+01 2.740000e+01
      vertex   -8.800802e-01 1.028681e+01 2.740000e+01
    endloop
  endfacet
  facet normal 4.850836e-02 -7.126072e-01 -6.998842e-01
    outer loop
      vertex   -7.109538e-01 1.069118e+01 2.700000e+01
      vertex   -8.800802e-01 1.028681e+01 2.740000e+01
      vertex   -1.243982e+00 1.065490e+01 2.700000e+01
    endloop
  endfacet
  facet normal 8.233459e-02 -6.949074e-01 -7.143701e-01
    outer loop
      vertex   -1.243982e+00 1.065490e+01 2.700000e+01
      vertex   -8.800802e-01 1.028681e+01 2.740000e+01
      vertex   -1.386873e+00 1.022677e+01 2.740000e+01
    endloop
  endfacet
  facet normal 1.410309e-01 -7.005918e-01 -6.994865e-01
    outer loop
      vertex   -1.243982e+00 1.065490e+01 2.700000e+01
      vertex   -1.386873e+00 1.022677e+01 2.740000e+01
      vertex   -1.767737e+00 1.054947e+01 2.700000e+01
    endloop
  endfacet
  facet normal 1.773137e-01 -6.766030e-01 -7.146806e-01
    outer loop
      vertex   -1.767737e+00 1.054947e+01 2.700000e+01
      vertex   -1.386873e+00 1.022677e+01 2.740000e+01
      vertex   -1.880539e+00 1.009739e+01 2.740000e+01
    endloop
  endfacet
  facet normal 2.311849e-01 -6.764249e-01 -6.992874e-01
    outer loop
      vertex   -1.767737e+00 1.054947e+01 2.700000e+01
      vertex   -1.880539e+00 1.009739e+01 2.740000e+01
      vertex   -2.273288e+00 1.037668e+01 2.700000e+01
    endloop
  endfacet
  facet normal 2.689001e-01 -6.455824e-01 -7.147839e-01
    outer loop
      vertex   -2.273288e+00 1.037668e+01 2.700000e+01
      vertex   -1.880539e+00 1.009739e+01 2.740000e+01
      vertex   -2.351644e+00 9.901167e+00 2.740000e+01
    endloop
  endfacet
  facet normal 3.173581e-01 -6.405318e-01 -6.992874e-01
    outer loop
      vertex   -2.273288e+00 1.037668e+01 2.700000e+01
      vertex   -2.351644e+00 9.901167e+00 2.740000e+01
      vertex   -2.752012e+00 1.013949e+01 2.700000e+01
    endloop
  endfacet
  facet normal 3.554269e-01 -6.024147e-01 -7.146806e-01
    outer loop
      vertex   -2.752012e+00 1.013949e+01 2.700000e+01
      vertex   -2.351644e+00 9.901167e+00 2.740000e+01
      vertex   -2.791181e+00 9.641839e+00 2.740000e+01
    endloop
  endfacet
  facet normal 3.980108e-01 -5.935537e-01 -6.994865e-01
    outer loop
      vertex   -2.752012e+00 1.013949e+01 2.700000e+01
      vertex   -2.791181e+00 9.641839e+00 2.740000e+01
      vertex   -3.195747e+00 9.841943e+00 2.700000e+01
    endloop
  endfacet
  facet normal 4.353162e-01 -5.478824e-01 -7.143701e-01
    outer loop
      vertex   -3.195747e+00 9.841943e+00 2.700000e+01
      vertex   -2.791181e+00 9.641839e+00 2.740000e+01
      vertex   -3.190748e+00 9.324365e+00 2.740000e+01
    endloop
  endfacet
  facet normal 4.717054e-01 -5.363358e-01 -6.998842e-01
    outer loop
      vertex   -3.195747e+00 9.841943e+00 2.700000e+01
      vertex   -3.190748e+00 9.324365e+00 2.740000e+01
      vertex   -3.596925e+00 9.489109e+00 2.700000e+01
    endloop
  endfacet
  facet normal 5.071062e-01 -4.829688e-01 -7.138518e-01
    outer loop
      vertex   -3.596925e+00 9.489109e+00 2.700000e+01
      vertex   -3.190748e+00 9.324365e+00 2.740000e+01
      vertex   -3.542709e+00 8.954814e+00 2.740000e+01
    endloop
  endfacet
  facet normal 5.371335e-01 -4.699107e-01 -7.004795e-01
    outer loop
      vertex   -3.596925e+00 9.489109e+00 2.700000e+01
      vertex   -3.542709e+00 8.954814e+00 2.740000e+01
      vertex   -3.948704e+00 9.087006e+00 2.700000e+01
    endloop
  endfacet
  facet normal 5.694757e-01 -4.088413e-01 -7.131243e-01
    outer loop
      vertex   -3.948704e+00 9.087006e+00 2.700000e+01
      vertex   -3.542709e+00 8.954814e+00 2.740000e+01
      vertex   -3.840335e+00 8.540251e+00 2.740000e+01
    endloop
  endfacet
  facet normal 5.931402e-01 -3.954792e-01 -7.012709e-01
    outer loop
      vertex   -3.948704e+00 9.087006e+00 2.700000e+01
      vertex   -3.840335e+00 8.540251e+00 2.740000e+01
      vertex   -4.245086e+00 8.642491e+00 2.700000e+01
    endloop
  endfacet
  facet normal 6.212671e-01 -3.268318e-01 -7.121855e-01
    outer loop
      vertex   -4.245086e+00 8.642491e+00 2.700000e+01
      vertex   -3.840335e+00 8.540251e+00 2.740000e+01
      vertex   -4.077937e+00 8.088599e+00 2.740000e+01
    endloop
  endfacet
  facet normal 6.387463e-01 -3.143867e-01 -7.022565e-01
    outer loop
      vertex   -4.245086e+00 8.642491e+00 2.700000e+01
      vertex   -4.077937e+00 8.088599e+00 2.740000e+01
      vertex   -4.481017e+00 8.163146e+00 2.700000e+01
    endloop
  endfacet
  facet normal 6.615063e-01 -2.384145e-01 -7.110330e-01
    outer loop
      vertex   -4.481017e+00 8.163146e+00 2.700000e+01
      vertex   -4.077937e+00 8.088599e+00 2.740000e+01
      vertex   -4.250973e+00 7.608492e+00 2.740000e+01
    endloop
  endfacet
  facet normal 6.731658e-01 -2.280983e-01 -7.034337e-01
    outer loop
      vertex   -4.481017e+00 8.163146e+00 2.700000e+01
      vertex   -4.250973e+00 7.608492e+00 2.740000e+01
      vertex   -4.652473e+00 7.657143e+00 2.700000e+01
    endloop
  endfacet
  facet normal 6.894199e-01 -1.451811e-01 -7.096638e-01
    outer loop
      vertex   -4.652473e+00 7.657143e+00 2.700000e+01
      vertex   -4.250973e+00 7.608492e+00 2.740000e+01
      vertex   -4.356135e+00 7.109107e+00 2.740000e+01
    endloop
  endfacet
  facet normal 6.958207e-01 -1.381699e-01 -7.047997e-01
    outer loop
      vertex   -4.652473e+00 7.657143e+00 2.700000e+01
      vertex   -4.356135e+00 7.109107e+00 2.740000e+01
      vertex   -4.756530e+00 7.133113e+00 2.700000e+01
    endloop
  endfacet
  facet normal 7.044490e-01 -4.881448e-02 -7.080740e-01
    outer loop
      vertex   -4.756530e+00 7.133113e+00 2.700000e+01
      vertex   -4.356135e+00 7.109107e+00 2.740000e+01
      vertex   -4.391414e+00 6.599991e+00 2.740000e+01
    endloop
  endfacet
  facet normal 7.063511e-01 -4.621907e-02 -7.063511e-01
    outer loop
      vertex   -4.756530e+00 7.133113e+00 2.700000e+01
      vertex   -4.391414e+00 6.599991e+00 2.740000e+01
      vertex   -4.791414e+00 6.599991e+00 2.700000e+01
    endloop
  endfacet
  facet normal 7.063511e-01 4.621907e-02 -7.063511e-01
    outer loop
      vertex   -4.791414e+00 6.599991e+00 2.700000e+01
      vertex   -4.391414e+00 6.599991e+00 2.740000e+01
      vertex   -4.756530e+00 6.066869e+00 2.700000e+01
    endloop
  endfacet
  facet normal 7.044490e-01 4.881448e-02 -7.080740e-01
    outer loop
      vertex   -4.756530e+00 6.066869e+00 2.700000e+01
      vertex   -4.391414e+00 6.599991e+00 2.740000e+01
      vertex   -4.356135e+00 6.090875e+00 2.740000e+01
    endloop
  endfacet
  facet normal 6.958207e-01 1.381699e-01 -7.047997e-01
    outer loop
      vertex   -4.756530e+00 6.066869e+00 2.700000e+01
      vertex   -4.356135e+00 6.090875e+00 2.740000e+01
      vertex   -4.652473e+00 5.542839e+00 2.700000e+01
    endloop
  endfacet
  facet normal 6.894199e-01 1.451811e-01 -7.096638e-01
    outer loop
      vertex   -4.652473e+00 5.542839e+00 2.700000e+01
      vertex   -4.356135e+00 6.090875e+00 2.740000e+01
      vertex   -4.250973e+00 5.591490e+00 2.740000e+01
    endloop
  endfacet
  facet normal 6.731658e-01 2.280983e-01 -7.034337e-01
    outer loop
      vertex   -4.652473e+00 5.542839e+00 2.700000e+01
      vertex   -4.250973e+00 5.591490e+00 2.740000e+01
      vertex   -4.481017e+00 5.036837e+00 2.700000e+01
    endloop
  endfacet
  facet normal 6.615063e-01 2.384145e-01 -7.110330e-01
    outer loop
      vertex   -4.481017e+00 5.036837e+00 2.700000e+01
      vertex   -4.250973e+00 5.591490e+00 2.740000e+01
      vertex   -4.077937e+00 5.111384e+00 2.740000e+01
    endloop
  endfacet
  facet normal 6.387463e-01 3.143867e-01 -7.022565e-01
    outer loop
      vertex   -4.481017e+00 5.036837e+00 2.700000e+01
      vertex   -4.077937e+00 5.111384e+00 2.740000e+01
      vertex   -4.245086e+00 4.557491e+00 2.700000e+01
    endloop
  endfacet
  facet normal 6.212671e-01 3.268318e-01 -7.121855e-01
    outer loop
      vertex   -4.245086e+00 4.557491e+00 2.700000e+01
      vertex   -4.077937e+00 5.111384e+00 2.740000e+01
      vertex   -3.840335e+00 4.659732e+00 2.740000e+01
    endloop
  endfacet
  facet normal 5.931402e-01 3.954792e-01 -7.012709e-01
    outer loop
      vertex   -4.245086e+00 4.557491e+00 2.700000e+01
      vertex   -3.840335e+00 4.659732e+00 2.740000e+01
      vertex   -3.948704e+00 4.112976e+00 2.700000e+01
    endloop
  endfacet
  facet normal 5.694757e-01 4.088413e-01 -7.131243e-01
    outer loop
      vertex   -3.948704e+00 4.112976e+00 2.700000e+01
      vertex   -3.840335e+00 4.659732e+00 2.740000e+01
      vertex   -3.542709e+00 4.245168e+00 2.740000e+01
    endloop
  endfacet
  facet normal 5.371335e-01 4.699107e-01 -7.004795e-01
    outer loop
      vertex   -3.948704e+00 4.112976e+00 2.700000e+01
      vertex   -3.542709e+00 4.245168e+00 2.740000e+01
      vertex   -3.596925e+00 3.710873e+00 2.700000e+01
    endloop
  endfacet
  facet normal 5.071062e-01 4.829688e-01 -7.138518e-01
    outer loop
      vertex   -3.596925e+00 3.710873e+00 2.700000e+01
      vertex   -3.542709e+00 4.245168e+00 2.740000e+01
      vertex   -3.190748e+00 3.875618e+00 2.740000e+01
    endloop
  endfacet
  facet normal 4.717054e-01 5.363358e-01 -6.998842e-01
    outer loop
      vertex   -3.596925e+00 3.710873e+00 2.700000e+01
      vertex   -3.190748e+00 3.875618e+00 2.740000e+01
      vertex   -3.195747e+00 3.358039e+00 2.700000e+01
    endloop
  endfacet
  facet normal 4.353162e-01 5.478824e-01 -7.143701e-01
    outer loop
      vertex   -3.195747e+00 3.358039e+00 2.700000e+01
      vertex   -3.190748e+00 3.875618e+00 2.740000e+01
      vertex   -2.791181e+00 3.558144e+00 2.740000e+01
    endloop
  endfacet
  facet normal 3.980108e-01 5.935537e-01 -6.994865e-01
    outer loop
      vertex   -3.195747e+00 3.358039e+00 2.700000e+01
      vertex   -2.791181e+00 3.558144e+00 2.740000e+01
      vertex   -2.752012e+00 3.060490e+00 2.700000e+01
    endloop
  endfacet
  facet normal 3.554269e-01 6.024147e-01 -7.146806e-01
    outer loop
      vertex   -2.752012e+00 3.060490e+00 2.700000e+01
      vertex   -2.791181e+00 3.558144e+00 2.740000e+01
      vertex   -2.351644e+00 3.298815e+00 2.740000e+01
    endloop
  endfacet
  facet normal 3.173581e-01 6.405318e-01 -6.992874e-01
    outer loop
      vertex   -2.752012e+00 3.060490e+00 2.700000e+01
      vertex   -2.351644e+00 3.298815e+00 2.740000e+01
      vertex   -2.273288e+00 2.823301e+00 2.700000e+01
    endloop
  endfacet
  facet normal 2.689001e-01 6.455824e-01 -7.147839e-01
    outer loop
      vertex   -2.273288e+00 2.823301e+00 2.700000e+01
      vertex   -2.351644e+00 3.298815e+00 2.740000e+01
      vertex   -1.880539e+00 3.102589e+00 2.740000e+01
    endloop
  endfacet
  facet normal 2.311849e-01 6.764249e-01 -6.992874e-01
    outer loop
      vertex   -2.273288e+00 2.823301e+00 2.700000e+01
      vertex   -1.880539e+00 3.102589e+00 2.740000e+01
      vertex   -1.767737e+00 2.650517e+00 2.700000e+01
    endloop
  endfacet
  facet normal 1.773137e-01 6.766030e-01 -7.146806e-01
    outer loop
      vertex   -1.767737e+00 2.650517e+00 2.700000e+01
      vertex   -1.880539e+00 3.102589e+00 2.740000e+01
      vertex   -1.386873e+00 2.973217e+00 2.740000e+01
    endloop
  endfacet
  facet normal 1.410309e-01 7.005918e-01 -6.994865e-01
    outer loop
      vertex   -1.767737e+00 2.650517e+00 2.700000e+01
      vertex   -1.386873e+00 2.973217e+00 2.740000e+01
      vertex   -1.243982e+00 2.545084e+00 2.700000e+01
    endloop
  endfacet
  facet normal 8.233459e-02 6.949074e-01 -7.143701e-01
    outer loop
      vertex   -1.243982e+00 2.545084e+00 2.700000e+01
      vertex   -1.386873e+00 2.973217e+00 2.740000e+01
      vertex   -8.800802e-01 2.913171e+00 2.740000e+01
    endloop
  endfacet
  facet normal 4.850836e-02 7.126072e-01 -6.998842e-01
    outer loop
      vertex   -1.243982e+00 2.545084e+00 2.700000e+01
      vertex   -8.800802e-01 2.913171e+00 2.740000e+01
      vertex   -7.109538e-01 2.508799e+00 2.700000e+01
    endloop
  endfacet
  facet normal -1.430952e-02 7.001506e-01 -7.138518e-01
    outer loop
      vertex   -7.109538e-01 2.508799e+00 2.700000e+01
      vertex   -8.800802e-01 2.913171e+00 2.740000e+01
      vertex   -3.698496e-01 2.923599e+00 2.740000e+01
    endloop
  endfacet
  facet normal -4.472794e-02 7.122695e-01 -7.004795e-01
    outer loop
      vertex   -7.109538e-01 2.508799e+00 2.700000e+01
      vertex   -3.698496e-01 2.923599e+00 2.740000e+01
      vertex   -1.777423e-01 2.542283e+00 2.700000e+01
    endloop
  endfacet
  facet normal -1.108595e-01 6.922167e-01 -7.131243e-01
    outer loop
      vertex   -1.777423e-01 2.542283e+00 2.700000e+01
      vertex   -3.698496e-01 2.923599e+00 2.740000e+01
      vertex   1.340662e-01 3.004301e+00 2.740000e+01
    endloop
  endfacet
  facet normal -1.370124e-01 6.996047e-01 -7.012709e-01
    outer loop
      vertex   -1.777423e-01 2.542283e+00 2.700000e+01
      vertex   1.340662e-01 3.004301e+00 2.740000e+01
      vertex   3.465595e-01 2.644964e+00 2.700000e+01
    endloop
  endfacet
  facet normal -2.055544e-01 6.712222e-01 -7.121855e-01
    outer loop
      vertex   3.465595e-01 2.644964e+00 2.700000e+01
      vertex   1.340662e-01 3.004301e+00 2.740000e+01
      vertex   6.220347e-01 3.153736e+00 2.740000e+01
    endloop
  endfacet
  facet normal -2.266999e-01 6.748651e-01 -7.022565e-01
    outer loop
      vertex   3.465595e-01 2.644964e+00 2.700000e+01
      vertex   6.220347e-01 3.153736e+00 2.740000e+01
      vertex   8.530105e-01 2.815090e+00 2.700000e+01
    endloop
  endfacet
  facet normal -2.966618e-01 6.375137e-01 -7.110330e-01
    outer loop
      vertex   8.530105e-01 2.815090e+00 2.700000e+01
      vertex   6.220347e-01 3.153736e+00 2.740000e+01
      vertex   1.084728e+00 3.369047e+00 2.740000e+01
    endloop
  endfacet
  facet normal -3.121971e-01 6.385248e-01 -7.034337e-01
    outer loop
      vertex   8.530105e-01 2.815090e+00 2.700000e+01
      vertex   1.084728e+00 3.369047e+00 2.740000e+01
      vertex   1.332974e+00 3.049761e+00 2.700000e+01
    endloop
  endfacet
  facet normal -3.825070e-01 5.916635e-01 -7.096638e-01
    outer loop
      vertex   1.332974e+00 3.049761e+00 2.700000e+01
      vertex   1.084728e+00 3.369047e+00 2.740000e+01
      vertex   1.513302e+00 3.646118e+00 2.740000e+01
    endloop
  endfacet
  facet normal -3.919923e-01 5.912692e-01 -7.047997e-01
    outer loop
      vertex   1.332974e+00 3.049761e+00 2.700000e+01
      vertex   1.513302e+00 3.646118e+00 2.740000e+01
      vertex   1.778266e+00 3.344975e+00 2.700000e+01
    endloop
  endfacet
  facet normal -4.615016e-01 5.344600e-01 -7.080740e-01
    outer loop
      vertex   1.778266e+00 3.344975e+00 2.700000e+01
      vertex   1.513302e+00 3.646118e+00 2.740000e+01
      vertex   1.899565e+00 3.979652e+00 2.740000e+01
    endloop
  endfacet
  facet normal -4.646838e-01 5.339823e-01 -7.063511e-01
    outer loop
      vertex   1.778266e+00 3.344975e+00 2.700000e+01
      vertex   1.899565e+00 3.979652e+00 2.740000e+01
      vertex   2.181291e+00 3.695697e+00 2.700000e+01
    endloop
  endfacet
  facet normal -4.606414e-02 -7.063562e-01 -7.063562e-01
    outer loop
      vertex   4.012512e+00 8.349991e+00 2.740000e+01
      vertex   3.622886e+00 8.375400e+00 2.740000e+01
      vertex   4.012512e+00 8.749991e+00 2.700000e+01
    endloop
  endfacet
  facet normal -5.493523e-02 -7.015517e-01 -7.104979e-01
    outer loop
      vertex   4.012512e+00 8.749991e+00 2.700000e+01
      vertex   3.622886e+00 8.375400e+00 2.740000e+01
      vertex   3.607806e+00 8.781682e+00 2.700000e+01
    endloop
  endfacet
  facet normal -1.380192e-01 -6.974588e-01 -7.032083e-01
    outer loop
      vertex   3.607806e+00 8.781682e+00 2.700000e+01
      vertex   3.622886e+00 8.375400e+00 2.740000e+01
      vertex   3.239861e+00 8.451197e+00 2.740000e+01
    endloop
  endfacet
  facet normal -1.628440e-01 -6.818433e-01 -7.131420e-01
    outer loop
      vertex   3.607806e+00 8.781682e+00 2.700000e+01
      vertex   3.239861e+00 8.451197e+00 2.740000e+01
      vertex   3.212965e+00 8.875981e+00 2.700000e+01
    endloop
  endfacet
  facet normal -2.279348e-01 -6.751131e-01 -7.016182e-01
    outer loop
      vertex   3.212965e+00 8.875981e+00 2.700000e+01
      vertex   3.239861e+00 8.451197e+00 2.740000e+01
      vertex   2.869923e+00 8.576097e+00 2.740000e+01
    endloop
  endfacet
  facet normal -2.666529e-01 -6.473609e-01 -7.140169e-01
    outer loop
      vertex   3.212965e+00 8.875981e+00 2.700000e+01
      vertex   2.869923e+00 8.576097e+00 2.740000e+01
      vertex   2.837616e+00 9.030591e+00 2.700000e+01
    endloop
  endfacet
  facet normal -3.136847e-01 -6.397920e-01 -7.016182e-01
    outer loop
      vertex   2.837616e+00 9.030591e+00 2.700000e+01
      vertex   2.869923e+00 8.576097e+00 2.740000e+01
      vertex   2.519341e+00 8.747984e+00 2.740000e+01
    endloop
  endfacet
  facet normal -3.646320e-01 -5.987253e-01 -7.131420e-01
    outer loop
      vertex   2.837616e+00 9.030591e+00 2.700000e+01
      vertex   2.519341e+00 8.747984e+00 2.740000e+01
      vertex   2.490907e+00 9.241741e+00 2.700000e+01
    endloop
  endfacet
  facet normal -3.932530e-01 -5.923260e-01 -7.032083e-01
    outer loop
      vertex   2.490907e+00 9.241741e+00 2.700000e+01
      vertex   2.519341e+00 8.747984e+00 2.740000e+01
      vertex   2.194051e+00 8.963948e+00 2.740000e+01
    endloop
  endfacet
  facet normal -4.551160e-01 -5.367142e-01 -7.104979e-01
    outer loop
      vertex   2.490907e+00 9.241741e+00 2.700000e+01
      vertex   2.194051e+00 8.963948e+00 2.740000e+01
      vertex   2.181291e+00 9.504285e+00 2.700000e+01
    endloop
  endfacet
  facet normal -4.647973e-01 -5.338768e-01 -7.063562e-01
    outer loop
      vertex   2.181291e+00 9.504285e+00 2.700000e+01
      vertex   2.194051e+00 8.963948e+00 2.740000e+01
      vertex   1.899565e+00 9.220330e+00 2.740000e+01
    endloop
  endfacet
  facet normal 1.311692e-14 -7.071068e-01 -7.071068e-01
    outer loop
      vertex   4.299791e+00 8.349991e+00 2.740000e+01
      vertex   4.012512e+00 8.349991e+00 2.740000e+01
      vertex   4.299791e+00 8.749991e+00 2.700000e+01
    endloop
  endfacet
  facet normal 8.744613e-15 -7.071068e-01 -7.071068e-01
    outer loop
      vertex   4.299791e+00 8.749991e+00 2.700000e+01
      vertex   4.012512e+00 8.349991e+00 2.740000e+01
      vertex   4.012512e+00 8.749991e+00 2.700000e+01
    endloop
  endfacet
  facet normal -6.174579e-02 7.057576e-01 -7.057576e-01
    outer loop
      vertex   4.299791e+00 4.449991e+00 2.700000e+01
      vertex   4.299791e+00 4.849991e+00 2.740000e+01
      vertex   4.673135e+00 4.482654e+00 2.700000e+01
    endloop
  endfacet
  facet normal -6.912154e-02 7.018028e-01 -7.090099e-01
    outer loop
      vertex   4.673135e+00 4.482654e+00 2.700000e+01
      vertex   4.299791e+00 4.849991e+00 2.740000e+01
      vertex   4.641199e+00 4.883617e+00 2.740000e+01
    endloop
  endfacet
  facet normal -1.840300e-01 6.868092e-01 -7.031544e-01
    outer loop
      vertex   4.673135e+00 4.482654e+00 2.700000e+01
      vertex   4.641199e+00 4.883617e+00 2.740000e+01
      vertex   5.035135e+00 4.579652e+00 2.700000e+01
    endloop
  endfacet
  facet normal -2.039249e-01 6.722502e-01 -7.116841e-01
    outer loop
      vertex   5.035135e+00 4.579652e+00 2.700000e+01
      vertex   4.641199e+00 4.883617e+00 2.740000e+01
      vertex   4.969487e+00 4.983202e+00 2.740000e+01
    endloop
  endfacet
  facet normal -3.012800e-01 6.460971e-01 -7.012766e-01
    outer loop
      vertex   5.035135e+00 4.579652e+00 2.700000e+01
      vertex   4.969487e+00 4.983202e+00 2.740000e+01
      vertex   5.374791e+00 4.738037e+00 2.700000e+01
    endloop
  endfacet
  facet normal -3.303103e-01 6.179671e-01 -7.134506e-01
    outer loop
      vertex   5.374791e+00 4.738037e+00 2.700000e+01
      vertex   4.969487e+00 4.983202e+00 2.740000e+01
      vertex   5.272039e+00 5.144919e+00 2.740000e+01
    endloop
  endfacet
  facet normal -4.095353e-01 5.848771e-01 -7.001426e-01
    outer loop
      vertex   5.374791e+00 4.738037e+00 2.700000e+01
      vertex   5.272039e+00 5.144919e+00 2.740000e+01
      vertex   5.681785e+00 4.952996e+00 2.700000e+01
    endloop
  endfacet
  facet normal -4.439548e-01 5.409605e-01 -7.143290e-01
    outer loop
      vertex   5.681785e+00 4.952996e+00 2.700000e+01
      vertex   5.272039e+00 5.144919e+00 2.740000e+01
      vertex   5.537228e+00 5.362554e+00 2.740000e+01
    endloop
  endfacet
  facet normal -5.051392e-01 5.051392e-01 -6.997633e-01
    outer loop
      vertex   5.681785e+00 4.952996e+00 2.700000e+01
      vertex   5.537228e+00 5.362554e+00 2.740000e+01
      vertex   5.946787e+00 5.217998e+00 2.700000e+01
    endloop
  endfacet
  facet normal -5.409605e-01 4.439548e-01 -7.143290e-01
    outer loop
      vertex   5.946787e+00 5.217998e+00 2.700000e+01
      vertex   5.537228e+00 5.362554e+00 2.740000e+01
      vertex   5.754863e+00 5.627743e+00 2.740000e+01
    endloop
  endfacet
  facet normal -5.848771e-01 4.095353e-01 -7.001426e-01
    outer loop
      vertex   5.946787e+00 5.217998e+00 2.700000e+01
      vertex   5.754863e+00 5.627743e+00 2.740000e+01
      vertex   6.161746e+00 5.524991e+00 2.700000e+01
    endloop
  endfacet
  facet normal -6.179671e-01 3.303103e-01 -7.134506e-01
    outer loop
      vertex   6.161746e+00 5.524991e+00 2.700000e+01
      vertex   5.754863e+00 5.627743e+00 2.740000e+01
      vertex   5.916580e+00 5.930295e+00 2.740000e+01
    endloop
  endfacet
  facet normal -6.460971e-01 3.012800e-01 -7.012766e-01
    outer loop
      vertex   6.161746e+00 5.524991e+00 2.700000e+01
      vertex   5.916580e+00 5.930295e+00 2.740000e+01
      vertex   6.320130e+00 5.864648e+00 2.700000e+01
    endloop
  endfacet
  facet normal -6.722502e-01 2.039249e-01 -7.116841e-01
    outer loop
      vertex   6.320130e+00 5.864648e+00 2.700000e+01
      vertex   5.916580e+00 5.930295e+00 2.740000e+01
      vertex   6.016166e+00 6.258583e+00 2.740000e+01
    endloop
  endfacet
  facet normal -6.868092e-01 1.840300e-01 -7.031544e-01
    outer loop
      vertex   6.320130e+00 5.864648e+00 2.700000e+01
      vertex   6.016166e+00 6.258583e+00 2.740000e+01
      vertex   6.417128e+00 6.226648e+00 2.700000e+01
    endloop
  endfacet
  facet normal -7.018028e-01 6.912154e-02 -7.090099e-01
    outer loop
      vertex   6.417128e+00 6.226648e+00 2.700000e+01
      vertex   6.016166e+00 6.258583e+00 2.740000e+01
      vertex   6.049791e+00 6.599991e+00 2.740000e+01
    endloop
  endfacet
  facet normal -7.057576e-01 6.174579e-02 -7.057576e-01
    outer loop
      vertex   6.417128e+00 6.226648e+00 2.700000e+01
      vertex   6.049791e+00 6.599991e+00 2.740000e+01
      vertex   6.449791e+00 6.599991e+00 2.700000e+01
    endloop
  endfacet
  facet normal -7.057576e-01 -6.174579e-02 -7.057576e-01
    outer loop
      vertex   6.449791e+00 6.599991e+00 2.700000e+01
      vertex   6.049791e+00 6.599991e+00 2.740000e+01
      vertex   6.417128e+00 6.973335e+00 2.700000e+01
    endloop
  endfacet
  facet normal -7.018028e-01 -6.912154e-02 -7.090099e-01
    outer loop
      vertex   6.417128e+00 6.973335e+00 2.700000e+01
      vertex   6.049791e+00 6.599991e+00 2.740000e+01
      vertex   6.016166e+00 6.941399e+00 2.740000e+01
    endloop
  endfacet
  facet normal -6.868092e-01 -1.840300e-01 -7.031544e-01
    outer loop
      vertex   6.417128e+00 6.973335e+00 2.700000e+01
      vertex   6.016166e+00 6.941399e+00 2.740000e+01
      vertex   6.320130e+00 7.335334e+00 2.700000e+01
    endloop
  endfacet
  facet normal -6.722502e-01 -2.039249e-01 -7.116841e-01
    outer loop
      vertex   6.320130e+00 7.335334e+00 2.700000e+01
      vertex   6.016166e+00 6.941399e+00 2.740000e+01
      vertex   5.916580e+00 7.269687e+00 2.740000e+01
    endloop
  endfacet
  facet normal -6.460971e-01 -3.012800e-01 -7.012766e-01
    outer loop
      vertex   6.320130e+00 7.335334e+00 2.700000e+01
      vertex   5.916580e+00 7.269687e+00 2.740000e+01
      vertex   6.161746e+00 7.674991e+00 2.700000e+01
    endloop
  endfacet
  facet normal -6.179671e-01 -3.303103e-01 -7.134506e-01
    outer loop
      vertex   6.161746e+00 7.674991e+00 2.700000e+01
      vertex   5.916580e+00 7.269687e+00 2.740000e+01
      vertex   5.754863e+00 7.572239e+00 2.740000e+01
    endloop
  endfacet
  facet normal -5.848771e-01 -4.095353e-01 -7.001426e-01
    outer loop
      vertex   6.161746e+00 7.674991e+00 2.700000e+01
      vertex   5.754863e+00 7.572239e+00 2.740000e+01
      vertex   5.946787e+00 7.981985e+00 2.700000e+01
    endloop
  endfacet
  facet normal -5.409605e-01 -4.439548e-01 -7.143290e-01
    outer loop
      vertex   5.946787e+00 7.981985e+00 2.700000e+01
      vertex   5.754863e+00 7.572239e+00 2.740000e+01
      vertex   5.537228e+00 7.837428e+00 2.740000e+01
    endloop
  endfacet
  facet normal -5.051392e-01 -5.051392e-01 -6.997633e-01
    outer loop
      vertex   5.946787e+00 7.981985e+00 2.700000e+01
      vertex   5.537228e+00 7.837428e+00 2.740000e+01
      vertex   5.681785e+00 8.246987e+00 2.700000e+01
    endloop
  endfacet
  facet normal -4.439548e-01 -5.409605e-01 -7.143290e-01
    outer loop
      vertex   5.681785e+00 8.246987e+00 2.700000e+01
      vertex   5.537228e+00 7.837428e+00 2.740000e+01
      vertex   5.272039e+00 8.055063e+00 2.740000e+01
    endloop
  endfacet
  facet normal -4.095353e-01 -5.848771e-01 -7.001426e-01
    outer loop
      vertex   5.681785e+00 8.246987e+00 2.700000e+01
      vertex   5.272039e+00 8.055063e+00 2.740000e+01
      vertex   5.374791e+00 8.461946e+00 2.700000e+01
    endloop
  endfacet
  facet normal -3.303103e-01 -6.179671e-01 -7.134506e-01
    outer loop
      vertex   5.374791e+00 8.461946e+00 2.700000e+01
      vertex   5.272039e+00 8.055063e+00 2.740000e+01
      vertex   4.969487e+00 8.216780e+00 2.740000e+01
    endloop
  endfacet
  facet normal -3.012800e-01 -6.460971e-01 -7.012766e-01
    outer loop
      vertex   5.374791e+00 8.461946e+00 2.700000e+01
      vertex   4.969487e+00 8.216780e+00 2.740000e+01
      vertex   5.035135e+00 8.620330e+00 2.700000e+01
    endloop
  endfacet
  facet normal -2.039249e-01 -6.722502e-01 -7.116841e-01
    outer loop
      vertex   5.035135e+00 8.620330e+00 2.700000e+01
      vertex   4.969487e+00 8.216780e+00 2.740000e+01
      vertex   4.641199e+00 8.316365e+00 2.740000e+01
    endloop
  endfacet
  facet normal -1.840300e-01 -6.868092e-01 -7.031544e-01
    outer loop
      vertex   5.035135e+00 8.620330e+00 2.700000e+01
      vertex   4.641199e+00 8.316365e+00 2.740000e+01
      vertex   4.673135e+00 8.717328e+00 2.700000e+01
    endloop
  endfacet
  facet normal -6.912154e-02 -7.018028e-01 -7.090099e-01
    outer loop
      vertex   4.673135e+00 8.717328e+00 2.700000e+01
      vertex   4.641199e+00 8.316365e+00 2.740000e+01
      vertex   4.299791e+00 8.349991e+00 2.740000e+01
    endloop
  endfacet
  facet normal -6.174579e-02 -7.057576e-01 -7.057576e-01
    outer loop
      vertex   4.673135e+00 8.717328e+00 2.700000e+01
      vertex   4.299791e+00 8.349991e+00 2.740000e+01
      vertex   4.299791e+00 8.749991e+00 2.700000e+01
    endloop
  endfacet
  facet normal 0.000000e+00 7.071068e-01 -7.071068e-01
    outer loop
      vertex   4.012512e+00 4.849991e+00 2.740000e+01
      vertex   4.299791e+00 4.849991e+00 2.740000e+01
      vertex   4.012512e+00 4.449991e+00 2.700000e+01
    endloop
  endfacet
  facet normal 0.000000e+00 7.071068e-01 -7.071068e-01
    outer loop
      vertex   4.012512e+00 4.449991e+00 2.700000e+01
      vertex   4.299791e+00 4.849991e+00 2.740000e+01
      vertex   4.299791e+00 4.449991e+00 2.700000e+01
    endloop
  endfacet
  facet normal -4.647973e-01 5.338768e-01 -7.063562e-01
    outer loop
      vertex   1.899565e+00 3.979652e+00 2.740000e+01
      vertex   2.194051e+00 4.236034e+00 2.740000e+01
      vertex   2.181291e+00 3.695697e+00 2.700000e+01
    endloop
  endfacet
  facet normal -4.551160e-01 5.367142e-01 -7.104979e-01
    outer loop
      vertex   2.181291e+00 3.695697e+00 2.700000e+01
      vertex   2.194051e+00 4.236034e+00 2.740000e+01
      vertex   2.490907e+00 3.958241e+00 2.700000e+01
    endloop
  endfacet
  facet normal -3.932530e-01 5.923260e-01 -7.032083e-01
    outer loop
      vertex   2.490907e+00 3.958241e+00 2.700000e+01
      vertex   2.194051e+00 4.236034e+00 2.740000e+01
      vertex   2.519341e+00 4.451998e+00 2.740000e+01
    endloop
  endfacet
  facet normal -3.646320e-01 5.987253e-01 -7.131420e-01
    outer loop
      vertex   2.490907e+00 3.958241e+00 2.700000e+01
      vertex   2.519341e+00 4.451998e+00 2.740000e+01
      vertex   2.837616e+00 4.169392e+00 2.700000e+01
    endloop
  endfacet
  facet normal -3.136847e-01 6.397920e-01 -7.016182e-01
    outer loop
      vertex   2.837616e+00 4.169392e+00 2.700000e+01
      vertex   2.519341e+00 4.451998e+00 2.740000e+01
      vertex   2.869923e+00 4.623886e+00 2.740000e+01
    endloop
  endfacet
  facet normal -2.666529e-01 6.473609e-01 -7.140169e-01
    outer loop
      vertex   2.837616e+00 4.169392e+00 2.700000e+01
      vertex   2.869923e+00 4.623886e+00 2.740000e+01
      vertex   3.212965e+00 4.324001e+00 2.700000e+01
    endloop
  endfacet
  facet normal -2.279348e-01 6.751131e-01 -7.016182e-01
    outer loop
      vertex   3.212965e+00 4.324001e+00 2.700000e+01
      vertex   2.869923e+00 4.623886e+00 2.740000e+01
      vertex   3.239861e+00 4.748786e+00 2.740000e+01
    endloop
  endfacet
  facet normal -1.628440e-01 6.818433e-01 -7.131420e-01
    outer loop
      vertex   3.212965e+00 4.324001e+00 2.700000e+01
      vertex   3.239861e+00 4.748786e+00 2.740000e+01
      vertex   3.607806e+00 4.418301e+00 2.700000e+01
    endloop
  endfacet
  facet normal -1.380192e-01 6.974588e-01 -7.032083e-01
    outer loop
      vertex   3.607806e+00 4.418301e+00 2.700000e+01
      vertex   3.239861e+00 4.748786e+00 2.740000e+01
      vertex   3.622886e+00 4.824582e+00 2.740000e+01
    endloop
  endfacet
  facet normal -5.493523e-02 7.015517e-01 -7.104979e-01
    outer loop
      vertex   3.607806e+00 4.418301e+00 2.700000e+01
      vertex   3.622886e+00 4.824582e+00 2.740000e+01
      vertex   4.012512e+00 4.449991e+00 2.700000e+01
    endloop
  endfacet
  facet normal -4.606414e-02 7.063562e-01 -7.063562e-01
    outer loop
      vertex   4.012512e+00 4.449991e+00 2.700000e+01
      vertex   3.622886e+00 4.824582e+00 2.740000e+01
      vertex   4.012512e+00 4.849991e+00 2.740000e+01
    endloop
  endfacet
  facet normal 0.000000e+00 1.000000e+00 -0.000000e+00
    outer loop
      vertex   4.299791e+00 4.849991e+00 2.740000e+01
      vertex   4.012512e+00 4.849991e+00 2.740000e+01
      vertex   4.299791e+00 4.849991e+00 2.900000e+01
    endloop
  endfacet
  facet normal 0.000000e+00 1.000000e+00 0.000000e+00
    outer loop
      vertex   4.299791e+00 4.849991e+00 2.900000e+01
      vertex   4.012512e+00 4.849991e+00 2.740000e+01
      vertex   4.012512e+00 4.849991e+00 2.900000e+01
    endloop
  endfacet
  facet normal -6.507553e-02 9.978803e-01 0.000000e+00
    outer loop
      vertex   4.012512e+00 4.849991e+00 2.900000e+01
      vertex   4.012512e+00 4.849991e+00 2.740000e+01
      vertex   3.622886e+00 4.824582e+00 2.900000e+01
    endloop
  endfacet
  facet normal -6.507553e-02 9.978803e-01 0.000000e+00
    outer loop
      vertex   3.622886e+00 4.824582e+00 2.900000e+01
      vertex   4.012512e+00 4.849991e+00 2.740000e+01
      vertex   3.622886e+00 4.824582e+00 2.740000e+01
    endloop
  endfacet
  facet normal -1.941243e-01 9.809769e-01 0.000000e+00
    outer loop
      vertex   3.622886e+00 4.824582e+00 2.900000e+01
      vertex   3.622886e+00 4.824582e+00 2.740000e+01
      vertex   3.239861e+00 4.748786e+00 2.740000e+01
    endloop
  endfacet
  facet normal -1.941243e-01 9.809769e-01 0.000000e+00
    outer loop
      vertex   3.622886e+00 4.824582e+00 2.900000e+01
      vertex   3.239861e+00 4.748786e+00 2.740000e+01
      vertex   3.239861e+00 4.748786e+00 2.900000e+01
    endloop
  endfacet
  facet normal -3.198846e-01 9.474565e-01 0.000000e+00
    outer loop
      vertex   3.239861e+00 4.748786e+00 2.900000e+01
      vertex   3.239861e+00 4.748786e+00 2.740000e+01
      vertex   2.869923e+00 4.623886e+00 2.740000e+01
    endloop
  endfacet
  facet normal -3.198846e-01 9.474565e-01 0.000000e+00
    outer loop
      vertex   3.239861e+00 4.748786e+00 2.900000e+01
      vertex   2.869923e+00 4.623886e+00 2.740000e+01
      vertex   2.869923e+00 4.623886e+00 2.900000e+01
    endloop
  endfacet
  facet normal -4.402264e-01 8.978868e-01 0.000000e+00
    outer loop
      vertex   2.869923e+00 4.623886e+00 2.900000e+01
      vertex   2.869923e+00 4.623886e+00 2.740000e+01
      vertex   2.519341e+00 4.451998e+00 2.740000e+01
    endloop
  endfacet
  facet normal -4.402264e-01 8.978868e-01 0.000000e+00
    outer loop
      vertex   2.869923e+00 4.623886e+00 2.900000e+01
      vertex   2.519341e+00 4.451998e+00 2.740000e+01
      vertex   2.519341e+00 4.451998e+00 2.900000e+01
    endloop
  endfacet
  facet normal -5.531111e-01 8.331075e-01 0.000000e+00
    outer loop
      vertex   2.519341e+00 4.451998e+00 2.900000e+01
      vertex   2.519341e+00 4.451998e+00 2.740000e+01
      vertex   2.194051e+00 4.236034e+00 2.740000e+01
    endloop
  endfacet
  facet normal -5.531111e-01 8.331075e-01 0.000000e+00
    outer loop
      vertex   2.519341e+00 4.451998e+00 2.900000e+01
      vertex   2.194051e+00 4.236034e+00 2.740000e+01
      vertex   2.194051e+00 4.236034e+00 2.900000e+01
    endloop
  endfacet
  facet normal -6.566264e-01 7.542160e-01 0.000000e+00
    outer loop
      vertex   2.194051e+00 4.236034e+00 2.900000e+01
      vertex   2.194051e+00 4.236034e+00 2.740000e+01
      vertex   1.899565e+00 3.979652e+00 2.900000e+01
    endloop
  endfacet
  facet normal -6.566264e-01 7.542160e-01 0.000000e+00
    outer loop
      vertex   1.899565e+00 3.979652e+00 2.900000e+01
      vertex   2.194051e+00 4.236034e+00 2.740000e+01
      vertex   1.899565e+00 3.979652e+00 2.740000e+01
    endloop
  endfacet
  facet normal -6.566264e-01 7.542160e-01 0.000000e+00
    outer loop
      vertex   1.899565e+00 3.979652e+00 2.900000e+01
      vertex   1.899565e+00 3.979652e+00 2.740000e+01
      vertex   1.537229e+00 3.664199e+00 2.900000e+01
    endloop
  endfacet
  facet normal -6.535566e-01 7.568767e-01 1.219774e-03
    outer loop
      vertex   1.537229e+00 3.664199e+00 2.900000e+01
      vertex   1.899565e+00 3.979652e+00 2.740000e+01
      vertex   1.513302e+00 3.646118e+00 2.740000e+01
    endloop
  endfacet
  facet normal -5.531107e-01 8.331070e-01 -1.143780e-03
    outer loop
      vertex   1.537229e+00 3.664199e+00 2.900000e+01
      vertex   1.513302e+00 3.646118e+00 2.740000e+01
      vertex   1.136992e+00 3.398477e+00 2.900000e+01
    endloop
  endfacet
  facet normal -5.429155e-01 8.397842e-01 2.287536e-03
    outer loop
      vertex   1.136992e+00 3.398477e+00 2.900000e+01
      vertex   1.513302e+00 3.646118e+00 2.740000e+01
      vertex   1.084728e+00 3.369047e+00 2.740000e+01
    endloop
  endfacet
  facet normal -4.402254e-01 8.978847e-01 -2.135512e-03
    outer loop
      vertex   1.136992e+00 3.398477e+00 2.900000e+01
      vertex   1.084728e+00 3.369047e+00 2.740000e+01
      vertex   7.056344e-01 3.186986e+00 2.900000e+01
    endloop
  endfacet
  facet normal -4.218967e-01 9.066382e-01 3.203214e-03
    outer loop
      vertex   7.056344e-01 3.186986e+00 2.900000e+01
      vertex   1.084728e+00 3.369047e+00 2.740000e+01
      vertex   6.220347e-01 3.153736e+00 2.740000e+01
    endloop
  endfacet
  facet normal -3.198832e-01 9.474523e-01 -2.975130e-03
    outer loop
      vertex   7.056344e-01 3.186986e+00 2.900000e+01
      vertex   6.220347e-01 3.153736e+00 2.740000e+01
      vertex   2.504627e-01 3.033309e+00 2.900000e+01
    endloop
  endfacet
  facet normal -2.928139e-01 9.561612e-01 3.966750e-03
    outer loop
      vertex   2.504627e-01 3.033309e+00 2.900000e+01
      vertex   6.220347e-01 3.153736e+00 2.740000e+01
      vertex   1.340662e-01 3.004301e+00 2.740000e+01
    endloop
  endfacet
  facet normal -1.941230e-01 9.809704e-01 -3.662580e-03
    outer loop
      vertex   2.504627e-01 3.033309e+00 2.900000e+01
      vertex   1.340662e-01 3.004301e+00 2.740000e+01
      vertex   -2.208127e-01 2.940049e+00 2.900000e+01
    endloop
  endfacet
  facet normal -1.581346e-01 9.874070e-01 4.578094e-03
    outer loop
      vertex   -2.208127e-01 2.940049e+00 2.900000e+01
      vertex   1.340662e-01 3.004301e+00 2.740000e+01
      vertex   -3.698496e-01 2.923599e+00 2.740000e+01
    endloop
  endfacet
  facet normal -6.507496e-02 9.978715e-01 -4.197819e-03
    outer loop
      vertex   -2.208127e-01 2.940049e+00 2.900000e+01
      vertex   -3.698496e-01 2.923599e+00 2.740000e+01
      vertex   -7.002087e-01 2.908785e+00 2.900000e+01
    endloop
  endfacet
  facet normal -2.043324e-02 9.997785e-01 5.037210e-03
    outer loop
      vertex   -7.002087e-01 2.908785e+00 2.900000e+01
      vertex   -3.698496e-01 2.923599e+00 2.740000e+01
      vertex   -8.800802e-01 2.913171e+00 2.740000e+01
    endloop
  endfacet
  facet normal 2.437211e-02 9.997030e-01 -0.000000e+00
    outer loop
      vertex   -7.002087e-01 2.908785e+00 2.900000e+01
      vertex   -8.800802e-01 2.913171e+00 2.740000e+01
      vertex   -7.002087e-01 2.908785e+00 3.240000e+01
    endloop
  endfacet
  facet normal 6.614276e-02 9.978090e-01 -1.504331e-03
    outer loop
      vertex   -7.002087e-01 2.908785e+00 3.240000e+01
      vertex   -8.800802e-01 2.913171e+00 2.740000e+01
      vertex   -1.187433e+00 2.941083e+00 3.240000e+01
    endloop
  endfacet
  facet normal 1.176597e-01 9.930525e-01 1.688995e-03
    outer loop
      vertex   -1.187433e+00 2.941083e+00 3.240000e+01
      vertex   -8.800802e-01 2.913171e+00 2.740000e+01
      vertex   -1.386873e+00 2.973217e+00 2.740000e+01
    endloop
  endfacet
  facet normal 1.972708e-01 9.803478e-01 -1.568177e-03
    outer loop
      vertex   -1.187433e+00 2.941083e+00 3.240000e+01
      vertex   -1.386873e+00 2.973217e+00 2.740000e+01
      vertex   -1.666131e+00 3.037409e+00 3.240000e+01
    endloop
  endfacet
  facet normal 2.535037e-01 9.673329e-01 1.739618e-03
    outer loop
      vertex   -1.666131e+00 3.037409e+00 3.240000e+01
      vertex   -1.386873e+00 2.973217e+00 2.740000e+01
      vertex   -1.880539e+00 3.102589e+00 2.740000e+01
    endloop
  endfacet
  facet normal 3.249467e-01 9.457310e-01 -1.605576e-03
    outer loop
      vertex   -1.666131e+00 3.037409e+00 3.240000e+01
      vertex   -1.880539e+00 3.102589e+00 2.740000e+01
      vertex   -2.127926e+00 3.196078e+00 3.240000e+01
    endloop
  endfacet
  facet normal 3.845019e-01 9.231225e-01 1.763793e-03
    outer loop
      vertex   -2.127926e+00 3.196078e+00 3.240000e+01
      vertex   -1.880539e+00 3.102589e+00 2.740000e+01
      vertex   -2.351644e+00 3.298815e+00 2.740000e+01
    endloop
  endfacet
  facet normal 4.469361e-01 8.945644e-01 -1.616526e-03
    outer loop
      vertex   -2.127926e+00 3.196078e+00 3.240000e+01
      vertex   -2.351644e+00 3.298815e+00 2.740000e+01
      vertex   -2.564737e+00 3.414315e+00 3.240000e+01
    endloop
  endfacet
  facet normal 5.081504e-01 8.612665e-01 1.761518e-03
    outer loop
      vertex   -2.564737e+00 3.414315e+00 3.240000e+01
      vertex   -2.351644e+00 3.298815e+00 2.740000e+01
      vertex   -2.791181e+00 3.558144e+00 2.740000e+01
    endloop
  endfacet
  facet normal 5.611045e-01 8.277434e-01 -1.601027e-03
    outer loop
      vertex   -2.564737e+00 3.414315e+00 3.240000e+01
      vertex   -2.791181e+00 3.558144e+00 2.740000e+01
      vertex   -2.968919e+00 3.688299e+00 3.240000e+01
    endloop
  endfacet
  facet normal 6.220855e-01 7.829474e-01 1.732794e-03
    outer loop
      vertex   -2.968919e+00 3.688299e+00 3.240000e+01
      vertex   -2.791181e+00 3.558144e+00 2.740000e+01
      vertex   -3.190748e+00 3.875618e+00 2.740000e+01
    endloop
  endfacet
  facet normal 6.654538e-01 7.464374e-01 -1.559079e-03
    outer loop
      vertex   -2.968919e+00 3.688299e+00 3.240000e+01
      vertex   -3.190748e+00 3.875618e+00 2.740000e+01
      vertex   -3.333400e+00 4.013236e+00 3.240000e+01
    endloop
  endfacet
  facet normal 7.241294e-01 6.896621e-01 1.677622e-03
    outer loop
      vertex   -3.333400e+00 4.013236e+00 3.240000e+01
      vertex   -3.190748e+00 3.875618e+00 2.740000e+01
      vertex   -3.542709e+00 4.245168e+00 2.740000e+01
    endloop
  endfacet
  facet normal 7.581581e-01 6.520691e-01 -1.490684e-03
    outer loop
      vertex   -3.333400e+00 4.013236e+00 3.240000e+01
      vertex   -3.542709e+00 4.245168e+00 2.740000e+01
      vertex   -3.651802e+00 4.383440e+00 3.240000e+01
    endloop
  endfacet
  facet normal 8.123315e-01 5.831938e-01 1.596004e-03
    outer loop
      vertex   -3.651802e+00 4.383440e+00 3.240000e+01
      vertex   -3.542709e+00 4.245168e+00 2.740000e+01
      vertex   -3.840335e+00 4.659732e+00 2.740000e+01
    endloop
  endfacet
  facet normal 8.375950e-01 5.462899e-01 -1.395843e-03
    outer loop
      vertex   -3.651802e+00 4.383440e+00 3.240000e+01
      vertex   -3.840335e+00 4.659732e+00 2.740000e+01
      vertex   -3.918552e+00 4.792433e+00 3.240000e+01
    endloop
  endfacet
  facet normal 8.850058e-01 4.655776e-01 1.487943e-03
    outer loop
      vertex   -3.918552e+00 4.792433e+00 3.240000e+01
      vertex   -3.840335e+00 4.659732e+00 2.740000e+01
      vertex   -4.077937e+00 5.111384e+00 2.740000e+01
    endloop
  endfacet
  facet normal 9.023745e-01 4.309509e-01 -1.274562e-03
    outer loop
      vertex   -3.918552e+00 4.792433e+00 3.240000e+01
      vertex   -4.077937e+00 5.111384e+00 2.740000e+01
      vertex   -4.128983e+00 5.233057e+00 3.240000e+01
    endloop
  endfacet
  facet normal 9.407631e-01 3.390619e-01 1.353442e-03
    outer loop
      vertex   -4.128983e+00 5.233057e+00 3.240000e+01
      vertex   -4.077937e+00 5.111384e+00 2.740000e+01
      vertex   -4.250973e+00 5.591490e+00 2.740000e+01
    endloop
  endfacet
  facet normal 9.513629e-01 3.080705e-01 -1.126843e-03
    outer loop
      vertex   -4.128983e+00 5.233057e+00 3.240000e+01
      vertex   -4.250973e+00 5.591490e+00 2.740000e+01
      vertex   -4.279412e+00 5.697602e+00 3.240000e+01
    endloop
  endfacet
  facet normal 9.785376e-01 2.060648e-01 1.192507e-03
    outer loop
      vertex   -4.279412e+00 5.697602e+00 3.240000e+01
      vertex   -4.250973e+00 5.591490e+00 2.740000e+01
      vertex   -4.356135e+00 6.090875e+00 2.740000e+01
    endloop
  endfacet
  facet normal 9.837029e-01 1.797989e-01 -9.526924e-04
    outer loop
      vertex   -4.279412e+00 5.697602e+00 3.240000e+01
      vertex   -4.356135e+00 6.090875e+00 2.740000e+01
      vertex   -4.367206e+00 6.177938e+00 3.240000e+01
    endloop
  endfacet
  facet normal 9.976072e-01 6.912876e-02 1.005143e-03
    outer loop
      vertex   -4.367206e+00 6.177938e+00 3.240000e+01
      vertex   -4.356135e+00 6.090875e+00 2.740000e+01
      vertex   -4.391414e+00 6.599991e+00 2.740000e+01
    endloop
  endfacet
  facet normal 9.988287e-01 4.838086e-02 -7.521161e-04
    outer loop
      vertex   -4.367206e+00 6.177938e+00 3.240000e+01
      vertex   -4.391414e+00 6.599991e+00 2.740000e+01
      vertex   -4.390830e+00 6.665659e+00 3.240000e+01
    endloop
  endfacet
  facet normal 9.976074e-01 -6.912877e-02 7.913562e-04
    outer loop
      vertex   -4.390830e+00 6.665659e+00 3.240000e+01
      vertex   -4.391414e+00 6.599991e+00 2.740000e+01
      vertex   -4.356135e+00 7.109107e+00 2.740000e+01
    endloop
  endfacet
  facet normal 9.964754e-01 -8.388385e-02 -5.251212e-04
    outer loop
      vertex   -4.390830e+00 6.665659e+00 3.240000e+01
      vertex   -4.356135e+00 7.109107e+00 2.740000e+01
      vertex   -4.349870e+00 7.152232e+00 3.240000e+01
    endloop
  endfacet
  facet normal 9.785382e-01 -2.060649e-01 5.511551e-04
    outer loop
      vertex   -4.349870e+00 7.152232e+00 3.240000e+01
      vertex   -4.356135e+00 7.109107e+00 2.740000e+01
      vertex   -4.250973e+00 7.608492e+00 2.740000e+01
    endloop
  endfacet
  facet normal 9.766843e-01 -2.146807e-01 -2.717160e-04
    outer loop
      vertex   -4.349870e+00 7.152232e+00 3.240000e+01
      vertex   -4.250973e+00 7.608492e+00 2.740000e+01
      vertex   -4.245043e+00 7.629141e+00 3.240000e+01
    endloop
  endfacet
  facet normal 9.407639e-01 -3.390622e-01 2.845481e-04
    outer loop
      vertex   -4.245043e+00 7.629141e+00 3.240000e+01
      vertex   -4.250973e+00 7.608492e+00 2.740000e+01
      vertex   -4.077937e+00 8.088599e+00 2.740000e+01
    endloop
  endfacet
  facet normal 9.398016e-01 -3.417207e-01 8.090579e-06
    outer loop
      vertex   -4.245043e+00 7.629141e+00 3.240000e+01
      vertex   -4.077937e+00 8.088599e+00 2.740000e+01
      vertex   -4.078183e+00 8.088040e+00 3.240000e+01
    endloop
  endfacet
  facet normal 8.864728e-01 -4.627807e-01 -8.070407e-06
    outer loop
      vertex   -4.078183e+00 8.088040e+00 3.240000e+01
      vertex   -4.077937e+00 8.088599e+00 2.740000e+01
      vertex   -3.852210e+00 8.520899e+00 3.240000e+01
    endloop
  endfacet
  facet normal 8.850067e-01 -4.655781e-01 2.999793e-04
    outer loop
      vertex   -3.852210e+00 8.520899e+00 3.240000e+01
      vertex   -4.077937e+00 8.088599e+00 2.740000e+01
      vertex   -3.840335e+00 8.540251e+00 2.740000e+01
    endloop
  endfacet
  facet normal 8.176311e-01 -5.757423e-01 -2.864174e-04
    outer loop
      vertex   -3.852210e+00 8.520899e+00 3.240000e+01
      vertex   -3.840335e+00 8.540251e+00 2.740000e+01
      vertex   -3.571079e+00 8.920143e+00 3.240000e+01
    endloop
  endfacet
  facet normal 8.123324e-01 -5.831944e-01 5.651265e-04
    outer loop
      vertex   -3.571079e+00 8.920143e+00 3.240000e+01
      vertex   -3.840335e+00 8.540251e+00 2.740000e+01
      vertex   -3.542709e+00 8.954814e+00 2.740000e+01
    endloop
  endfacet
  facet normal 7.344813e-01 -6.786287e-01 -5.383625e-04
    outer loop
      vertex   -3.571079e+00 8.920143e+00 3.240000e+01
      vertex   -3.542709e+00 8.954814e+00 2.740000e+01
      vertex   -3.239709e+00 9.278785e+00 3.240000e+01
    endloop
  endfacet
  facet normal 7.241302e-01 -6.896628e-01 8.038673e-04
    outer loop
      vertex   -3.239709e+00 9.278785e+00 3.240000e+01
      vertex   -3.542709e+00 8.954814e+00 2.740000e+01
      vertex   -3.190748e+00 9.324365e+00 2.740000e+01
    endloop
  endfacet
  facet normal 6.384785e-01 -7.696393e-01 -7.638968e-04
    outer loop
      vertex   -3.239709e+00 9.278785e+00 3.240000e+01
      vertex   -3.190748e+00 9.324365e+00 2.740000e+01
      vertex   -2.863899e+00 9.590550e+00 3.240000e+01
    endloop
  endfacet
  facet normal 6.220861e-01 -7.829482e-01 1.016193e-03
    outer loop
      vertex   -2.863899e+00 9.590550e+00 3.240000e+01
      vertex   -3.190748e+00 9.324365e+00 2.740000e+01
      vertex   -2.791181e+00 9.641839e+00 2.740000e+01
    endloop
  endfacet
  facet normal 5.313025e-01 -8.471816e-01 -9.630122e-04
    outer loop
      vertex   -2.863899e+00 9.590550e+00 3.240000e+01
      vertex   -2.791181e+00 9.641839e+00 2.740000e+01
      vertex   -2.450225e+00 9.849982e+00 3.240000e+01
    endloop
  endfacet
  facet normal 5.081508e-01 -8.612673e-01 1.202096e-03
    outer loop
      vertex   -2.450225e+00 9.849982e+00 3.240000e+01
      vertex   -2.791181e+00 9.641839e+00 2.740000e+01
      vertex   -2.351644e+00 9.901167e+00 2.740000e+01
    endloop
  endfacet
  facet normal 4.468403e-01 -8.946137e-01 -3.480884e-04
    outer loop
      vertex   -2.450225e+00 9.849982e+00 3.240000e+01
      vertex   -2.351644e+00 9.901167e+00 2.740000e+01
      vertex   -2.246353e+00 9.951773e+00 3.250179e+01
    endloop
  endfacet
  facet normal 3.902563e-01 -9.207056e-01 1.078503e-03
    outer loop
      vertex   -2.246353e+00 9.951773e+00 3.250179e+01
      vertex   -2.351644e+00 9.901167e+00 2.740000e+01
      vertex   -2.036588e+00 1.004079e+01 3.259081e+01
    endloop
  endfacet
  facet normal 3.845021e-01 -9.231229e-01 1.492771e-03
    outer loop
      vertex   -2.036588e+00 1.004079e+01 3.259081e+01
      vertex   -2.351644e+00 9.901167e+00 2.740000e+01
      vertex   -1.880539e+00 1.009739e+01 2.740000e+01
    endloop
  endfacet
  facet normal 3.331821e-01 -9.428624e-01 -2.652905e-04
    outer loop
      vertex   -2.036588e+00 1.004079e+01 3.259081e+01
      vertex   -1.880539e+00 1.009739e+01 2.740000e+01
      vertex   -1.821730e+00 1.011669e+01 3.266671e+01
    endloop
  endfacet
  facet normal 2.741617e-01 -9.616835e-01 4.627096e-04
    outer loop
      vertex   -1.821730e+00 1.011669e+01 3.266671e+01
      vertex   -1.880539e+00 1.009739e+01 2.740000e+01
      vertex   -1.602598e+00 1.017919e+01 3.272921e+01
    endloop
  endfacet
  facet normal 2.535037e-01 -9.673330e-01 1.626830e-03
    outer loop
      vertex   -1.602598e+00 1.017919e+01 3.272921e+01
      vertex   -1.880539e+00 1.009739e+01 2.740000e+01
      vertex   -1.386873e+00 1.022677e+01 2.740000e+01
    endloop
  endfacet
  facet normal 2.144316e-01 -9.767390e-01 -3.876694e-05
    outer loop
      vertex   -1.602598e+00 1.017919e+01 3.272921e+01
      vertex   -1.386873e+00 1.022677e+01 2.740000e+01
      vertex   -1.380027e+00 1.022805e+01 3.277807e+01
    endloop
  endfacet
  facet normal 1.537398e-01 -9.881114e-01 4.120727e-05
    outer loop
      vertex   -1.380027e+00 1.022805e+01 3.277807e+01
      vertex   -1.386873e+00 1.022677e+01 2.740000e+01
      vertex   -1.154866e+00 1.026309e+01 3.281311e+01
    endloop
  endfacet
  facet normal 1.176597e-01 -9.930527e-01 1.620765e-03
    outer loop
      vertex   -1.154866e+00 1.026309e+01 3.281311e+01
      vertex   -1.386873e+00 1.022677e+01 2.740000e+01
      vertex   -8.800802e-01 1.028681e+01 2.740000e+01
    endloop
  endfacet
  facet normal 9.245227e-02 -9.957171e-01 3.294857e-04
    outer loop
      vertex   -1.154866e+00 1.026309e+01 3.281311e+01
      vertex   -8.800802e-01 1.028681e+01 2.740000e+01
      vertex   -9.279712e-01 1.028416e+01 3.283418e+01
    endloop
  endfacet
  facet normal 3.087338e-02 -9.995233e-01 -2.150590e-04
    outer loop
      vertex   -9.279712e-01 1.028416e+01 3.283418e+01
      vertex   -8.800802e-01 1.028681e+01 2.740000e+01
      vertex   -7.002087e-01 1.029120e+01 3.284121e+01
    endloop
  endfacet
  facet normal 2.437211e-02 -9.997030e-01 0.000000e+00
    outer loop
      vertex   -7.002087e-01 1.029120e+01 3.284121e+01
      vertex   -8.800802e-01 1.028681e+01 2.740000e+01
      vertex   -7.002087e-01 1.029120e+01 2.900000e+01
    endloop
  endfacet
  facet normal -2.043324e-02 -9.997785e-01 5.037210e-03
    outer loop
      vertex   -7.002087e-01 1.029120e+01 2.900000e+01
      vertex   -8.800802e-01 1.028681e+01 2.740000e+01
      vertex   -3.698496e-01 1.027638e+01 2.740000e+01
    endloop
  endfacet
  facet normal -6.507496e-02 -9.978715e-01 -4.197819e-03
    outer loop
      vertex   -7.002087e-01 1.029120e+01 2.900000e+01
      vertex   -3.698496e-01 1.027638e+01 2.740000e+01
      vertex   -2.208127e-01 1.025993e+01 2.900000e+01
    endloop
  endfacet
  facet normal -1.581346e-01 -9.874070e-01 4.578094e-03
    outer loop
      vertex   -2.208127e-01 1.025993e+01 2.900000e+01
      vertex   -3.698496e-01 1.027638e+01 2.740000e+01
      vertex   1.340662e-01 1.019568e+01 2.740000e+01
    endloop
  endfacet
  facet normal -1.941230e-01 -9.809704e-01 -3.662580e-03
    outer loop
      vertex   -2.208127e-01 1.025993e+01 2.900000e+01
      vertex   1.340662e-01 1.019568e+01 2.740000e+01
      vertex   2.504627e-01 1.016667e+01 2.900000e+01
    endloop
  endfacet
  facet normal -2.928139e-01 -9.561612e-01 3.966750e-03
    outer loop
      vertex   2.504627e-01 1.016667e+01 2.900000e+01
      vertex   1.340662e-01 1.019568e+01 2.740000e+01
      vertex   6.220347e-01 1.004625e+01 2.740000e+01
    endloop
  endfacet
  facet normal -3.198832e-01 -9.474523e-01 -2.975130e-03
    outer loop
      vertex   2.504627e-01 1.016667e+01 2.900000e+01
      vertex   6.220347e-01 1.004625e+01 2.740000e+01
      vertex   7.056344e-01 1.001300e+01 2.900000e+01
    endloop
  endfacet
  facet normal -4.218967e-01 -9.066382e-01 3.203214e-03
    outer loop
      vertex   7.056344e-01 1.001300e+01 2.900000e+01
      vertex   6.220347e-01 1.004625e+01 2.740000e+01
      vertex   1.084728e+00 9.830935e+00 2.740000e+01
    endloop
  endfacet
  facet normal -4.402254e-01 -8.978847e-01 -2.135512e-03
    outer loop
      vertex   7.056344e-01 1.001300e+01 2.900000e+01
      vertex   1.084728e+00 9.830935e+00 2.740000e+01
      vertex   1.136992e+00 9.801505e+00 2.900000e+01
    endloop
  endfacet
  facet normal -5.429155e-01 -8.397842e-01 2.287536e-03
    outer loop
      vertex   1.136992e+00 9.801505e+00 2.900000e+01
      vertex   1.084728e+00 9.830935e+00 2.740000e+01
      vertex   1.513302e+00 9.553865e+00 2.740000e+01
    endloop
  endfacet
  facet normal -5.531107e-01 -8.331070e-01 -1.143780e-03
    outer loop
      vertex   1.136992e+00 9.801505e+00 2.900000e+01
      vertex   1.513302e+00 9.553865e+00 2.740000e+01
      vertex   1.537229e+00 9.535783e+00 2.900000e+01
    endloop
  endfacet
  facet normal -6.535566e-01 -7.568767e-01 1.219774e-03
    outer loop
      vertex   1.537229e+00 9.535783e+00 2.900000e+01
      vertex   1.513302e+00 9.553865e+00 2.740000e+01
      vertex   1.899565e+00 9.220330e+00 2.740000e+01
    endloop
  endfacet
  facet normal -6.566264e-01 -7.542160e-01 0.000000e+00
    outer loop
      vertex   1.537229e+00 9.535783e+00 2.900000e+01
      vertex   1.899565e+00 9.220330e+00 2.740000e+01
      vertex   1.899565e+00 9.220330e+00 2.900000e+01
    endloop
  endfacet
  facet normal -3.543510e-01 -6.169422e-01 7.027216e-01
    outer loop
      vertex   6.195053e+00 1.044998e+01 3.300000e+01
      vertex   6.049808e+00 9.849982e+00 3.240000e+01
      vertex   6.670345e+00 1.017699e+01 3.300000e+01
    endloop
  endfacet
  facet normal -3.735873e-01 -5.956988e-01 7.110383e-01
    outer loop
      vertex   6.670345e+00 1.017699e+01 3.300000e+01
      vertex   6.049808e+00 9.849982e+00 3.240000e+01
      vertex   6.463481e+00 9.590550e+00 3.240000e+01
    endloop
  endfacet
  facet normal -4.302530e-01 -5.669410e-01 7.024673e-01
    outer loop
      vertex   6.670345e+00 1.017699e+01 3.300000e+01
      vertex   6.463481e+00 9.590550e+00 3.240000e+01
      vertex   7.106963e+00 9.845640e+00 3.300000e+01
    endloop
  endfacet
  facet normal -4.487809e-01 -5.409727e-01 7.112975e-01
    outer loop
      vertex   7.106963e+00 9.845640e+00 3.300000e+01
      vertex   6.463481e+00 9.590550e+00 3.240000e+01
      vertex   6.839291e+00 9.278785e+00 3.240000e+01
    endloop
  endfacet
  facet normal -4.991545e-01 -5.076190e-01 7.022590e-01
    outer loop
      vertex   7.106963e+00 9.845640e+00 3.300000e+01
      vertex   6.839291e+00 9.278785e+00 3.240000e+01
      vertex   7.497782e+00 9.461338e+00 3.300000e+01
    endloop
  endfacet
  facet normal -5.161064e-01 -4.768597e-01 7.115047e-01
    outer loop
      vertex   7.497782e+00 9.461338e+00 3.300000e+01
      vertex   6.839291e+00 9.278785e+00 3.240000e+01
      vertex   7.170662e+00 8.920143e+00 3.240000e+01
    endloop
  endfacet
  facet normal -5.599140e-01 -4.399505e-01 7.020968e-01
    outer loop
      vertex   7.497782e+00 9.461338e+00 3.300000e+01
      vertex   7.170662e+00 8.920143e+00 3.240000e+01
      vertex   7.836426e+00 9.030353e+00 3.300000e+01
    endloop
  endfacet
  facet normal -5.744055e-01 -4.044728e-01 7.116601e-01
    outer loop
      vertex   7.836426e+00 9.030353e+00 3.300000e+01
      vertex   7.170662e+00 8.920143e+00 3.240000e+01
      vertex   7.451793e+00 8.520899e+00 3.240000e+01
    endloop
  endfacet
  facet normal -6.115245e-01 -3.650488e-01 7.019808e-01
    outer loop
      vertex   7.836426e+00 9.030353e+00 3.300000e+01
      vertex   7.451793e+00 8.520899e+00 3.240000e+01
      vertex   8.117371e+00 8.559718e+00 3.300000e+01
    endloop
  endfacet
  facet normal -6.226754e-01 -3.250660e-01 7.117636e-01
    outer loop
      vertex   8.117371e+00 8.559718e+00 3.300000e+01
      vertex   7.451793e+00 8.520899e+00 3.240000e+01
      vertex   7.677766e+00 8.088040e+00 3.240000e+01
    endloop
  endfacet
  facet normal -6.531313e-01 -2.841482e-01 7.019112e-01
    outer loop
      vertex   8.117371e+00 8.559718e+00 3.300000e+01
      vertex   7.677766e+00 8.088040e+00 3.240000e+01
      vertex   8.336033e+00 8.057110e+00 3.300000e+01
    endloop
  endfacet
  facet normal -6.600852e-01 -2.400132e-01 7.118155e-01
    outer loop
      vertex   8.336033e+00 8.057110e+00 3.300000e+01
      vertex   7.677766e+00 8.088040e+00 3.240000e+01
      vertex   7.844626e+00 7.629141e+00 3.240000e+01
    endloop
  endfacet
  facet normal -6.840455e-01 -1.985830e-01 7.018878e-01
    outer loop
      vertex   8.336033e+00 8.057110e+00 3.300000e+01
      vertex   7.844626e+00 7.629141e+00 3.240000e+01
      vertex   8.488845e+00 7.530730e+00 3.300000e+01
    endloop
  endfacet
  facet normal -6.859902e-01 -1.507845e-01 7.118156e-01
    outer loop
      vertex   8.488845e+00 7.530730e+00 3.300000e+01
      vertex   7.844626e+00 7.629141e+00 3.240000e+01
      vertex   7.949453e+00 7.152232e+00 3.240000e+01
    endloop
  endfacet
  facet normal -7.037562e-01 -1.097652e-01 7.019109e-01
    outer loop
      vertex   8.488845e+00 7.530730e+00 3.300000e+01
      vertex   7.949453e+00 7.152232e+00 3.240000e+01
      vertex   8.573313e+00 6.989165e+00 3.300000e+01
    endloop
  endfacet
  facet normal -6.999429e-01 -5.892158e-02 7.117641e-01
    outer loop
      vertex   8.573313e+00 6.989165e+00 3.300000e+01
      vertex   7.949453e+00 7.152232e+00 3.240000e+01
      vertex   7.990413e+00 6.665659e+00 3.240000e+01
    endloop
  endfacet
  facet normal -7.119386e-01 -1.916121e-02 7.019802e-01
    outer loop
      vertex   8.573313e+00 6.989165e+00 3.300000e+01
      vertex   7.990413e+00 6.665659e+00 3.240000e+01
      vertex   8.588060e+00 6.441251e+00 3.300000e+01
    endloop
  endfacet
  facet normal -7.017004e-01 3.398868e-02 7.116610e-01
    outer loop
      vertex   8.588060e+00 6.441251e+00 3.300000e+01
      vertex   7.990413e+00 6.665659e+00 3.240000e+01
      vertex   7.966789e+00 6.177938e+00 3.240000e+01
    endloop
  endfacet
  facet normal -7.084601e-01 7.173341e-02 7.020958e-01
    outer loop
      vertex   8.588060e+00 6.441251e+00 3.300000e+01
      vertex   7.966789e+00 6.177938e+00 3.240000e+01
      vertex   8.532844e+00 5.895926e+00 3.300000e+01
    endloop
  endfacet
  facet normal -6.912287e-01 1.263411e-01 7.115060e-01
    outer loop
      vertex   8.532844e+00 5.895926e+00 3.300000e+01
      vertex   7.966789e+00 6.177938e+00 3.240000e+01
      vertex   7.878994e+00 5.697602e+00 3.240000e+01
    endloop
  endfacet
  facet normal -6.933817e-01 1.614185e-01 7.022577e-01
    outer loop
      vertex   8.532844e+00 5.895926e+00 3.300000e+01
      vertex   7.878994e+00 5.697602e+00 3.240000e+01
      vertex   8.408568e+00 5.362088e+00 3.300000e+01
    endloop
  endfacet
  facet normal -6.687033e-01 2.165396e-01 7.112992e-01
    outer loop
      vertex   8.408568e+00 5.362088e+00 3.300000e+01
      vertex   7.878994e+00 5.697602e+00 3.240000e+01
      vertex   7.728565e+00 5.233057e+00 3.240000e+01
    endloop
  endfacet
  facet normal -6.669574e-01 2.484145e-01 7.024657e-01
    outer loop
      vertex   8.408568e+00 5.362088e+00 3.300000e+01
      vertex   7.728565e+00 5.233057e+00 3.240000e+01
      vertex   8.217257e+00 4.848446e+00 3.300000e+01
    endloop
  endfacet
  facet normal -6.345062e-01 3.030239e-01 7.110403e-01
    outer loop
      vertex   8.217257e+00 4.848446e+00 3.300000e+01
      vertex   7.728565e+00 5.233057e+00 3.240000e+01
      vertex   7.518134e+00 4.792433e+00 3.240000e+01
    endloop
  endfacet
  facet normal -6.296298e-01 3.312874e-01 7.027197e-01
    outer loop
      vertex   8.217257e+00 4.848446e+00 3.300000e+01
      vertex   7.518134e+00 4.792433e+00 3.240000e+01
      vertex   7.962034e+00 4.363380e+00 3.300000e+01
    endloop
  endfacet
  facet normal -5.892199e-01 3.842965e-01 7.107293e-01
    outer loop
      vertex   7.962034e+00 4.363380e+00 3.300000e+01
      vertex   7.518134e+00 4.792433e+00 3.240000e+01
      vertex   7.251384e+00 4.383440e+00 3.240000e+01
    endloop
  endfacet
  facet normal -5.820225e-01 4.086727e-01 7.030195e-01
    outer loop
      vertex   7.962034e+00 4.363380e+00 3.300000e+01
      vertex   7.251384e+00 4.383440e+00 3.240000e+01
      vertex   7.647062e+00 3.914805e+00 3.300000e+01
    endloop
  endfacet
  facet normal -5.336169e-01 4.589480e-01 7.103659e-01
    outer loop
      vertex   7.647062e+00 3.914805e+00 3.300000e+01
      vertex   7.251384e+00 4.383440e+00 3.240000e+01
      vertex   6.932983e+00 4.013236e+00 3.240000e+01
    endloop
  endfacet
  facet normal -5.249294e-01 4.792982e-01 7.033651e-01
    outer loop
      vertex   7.647062e+00 3.914805e+00 3.300000e+01
      vertex   6.932983e+00 4.013236e+00 3.240000e+01
      vertex   7.277480e+00 3.510037e+00 3.300000e+01
    endloop
  endfacet
  facet normal -4.686479e-01 5.256808e-01 7.099499e-01
    outer loop
      vertex   7.277480e+00 3.510037e+00 3.300000e+01
      vertex   6.932983e+00 4.013236e+00 3.240000e+01
      vertex   6.568502e+00 3.688299e+00 3.240000e+01
    endloop
  endfacet
  facet normal -4.593016e-01 5.420050e-01 7.037561e-01
    outer loop
      vertex   7.277480e+00 3.510037e+00 3.300000e+01
      vertex   6.568502e+00 3.688299e+00 3.240000e+01
      vertex   6.859318e+00 3.155681e+00 3.300000e+01
    endloop
  endfacet
  facet normal -3.954246e-01 5.833319e-01 7.094810e-01
    outer loop
      vertex   6.859318e+00 3.155681e+00 3.300000e+01
      vertex   6.568502e+00 3.688299e+00 3.240000e+01
      vertex   6.164319e+00 3.414315e+00 3.240000e+01
    endloop
  endfacet
  facet normal -3.862311e-01 5.957674e-01 7.041923e-01
    outer loop
      vertex   6.859318e+00 3.155681e+00 3.300000e+01
      vertex   6.164319e+00 3.414315e+00 3.240000e+01
      vertex   6.399397e+00 2.857518e+00 3.300000e+01
    endloop
  endfacet
  facet normal -3.152020e-01 6.308922e-01 7.089589e-01
    outer loop
      vertex   6.399397e+00 2.857518e+00 3.300000e+01
      vertex   6.164319e+00 3.414315e+00 3.240000e+01
      vertex   5.727509e+00 3.196078e+00 3.240000e+01
    endloop
  endfacet
  facet normal -3.069322e-01 6.397092e-01 7.046735e-01
    outer loop
      vertex   6.399397e+00 2.857518e+00 3.300000e+01
      vertex   5.727509e+00 3.196078e+00 3.240000e+01
      vertex   5.905222e+00 2.620413e+00 3.300000e+01
    endloop
  endfacet
  facet normal -2.293567e-01 6.675242e-01 7.083833e-01
    outer loop
      vertex   5.905222e+00 2.620413e+00 3.300000e+01
      vertex   5.727509e+00 3.196078e+00 3.240000e+01
      vertex   5.265714e+00 3.037409e+00 3.240000e+01
    endloop
  endfacet
  facet normal -2.227215e-01 6.731189e-01 7.051994e-01
    outer loop
      vertex   5.905222e+00 2.620413e+00 3.300000e+01
      vertex   5.265714e+00 3.037409e+00 3.240000e+01
      vertex   5.384855e+00 2.448234e+00 3.300000e+01
    endloop
  endfacet
  facet normal -1.393639e-01 6.925766e-01 7.077538e-01
    outer loop
      vertex   5.384855e+00 2.448234e+00 3.300000e+01
      vertex   5.265714e+00 3.037409e+00 3.240000e+01
      vertex   4.787016e+00 2.941083e+00 3.240000e+01
    endloop
  endfacet
  facet normal -1.349950e-01 6.954607e-01 7.057696e-01
    outer loop
      vertex   5.384855e+00 2.448234e+00 3.300000e+01
      vertex   4.787016e+00 2.941083e+00 3.240000e+01
      vertex   4.846785e+00 2.343790e+00 3.300000e+01
    endloop
  endfacet
  facet normal -4.677248e-02 7.055951e-01 7.070699e-01
    outer loop
      vertex   4.846785e+00 2.343790e+00 3.300000e+01
      vertex   4.787016e+00 2.941083e+00 3.240000e+01
      vertex   4.299791e+00 2.908785e+00 3.240000e+01
    endloop
  endfacet
  facet normal -4.520526e-02 7.063839e-01 7.063839e-01
    outer loop
      vertex   4.846785e+00 2.343790e+00 3.300000e+01
      vertex   4.299791e+00 2.908785e+00 3.240000e+01
      vertex   4.299791e+00 2.308785e+00 3.300000e+01
    endloop
  endfacet
  facet normal 1.884111e-16 7.071068e-01 7.071068e-01
    outer loop
      vertex   -7.002087e-01 2.308785e+00 3.300000e+01
      vertex   4.299791e+00 2.308785e+00 3.300000e+01
      vertex   -7.002087e-01 2.908785e+00 3.240000e+01
    endloop
  endfacet
  facet normal -0.000000e+00 7.071068e-01 7.071068e-01
    outer loop
      vertex   -7.002087e-01 2.908785e+00 3.240000e+01
      vertex   4.299791e+00 2.308785e+00 3.300000e+01
      vertex   4.299791e+00 2.908785e+00 3.240000e+01
    endloop
  endfacet
  facet normal 3.543510e-01 -6.169422e-01 7.027216e-01
    outer loop
      vertex   -2.595470e+00 1.044998e+01 3.300000e+01
      vertex   -3.070763e+00 1.017699e+01 3.300000e+01
      vertex   -2.450225e+00 9.849982e+00 3.240000e+01
    endloop
  endfacet
  facet normal 3.735873e-01 -5.956988e-01 7.110383e-01
    outer loop
      vertex   -2.450225e+00 9.849982e+00 3.240000e+01
      vertex   -3.070763e+00 1.017699e+01 3.300000e+01
      vertex   -2.863899e+00 9.590550e+00 3.240000e+01
    endloop
  endfacet
  facet normal 4.302530e-01 -5.669410e-01 7.024673e-01
    outer loop
      vertex   -2.863899e+00 9.590550e+00 3.240000e+01
      vertex   -3.070763e+00 1.017699e+01 3.300000e+01
      vertex   -3.507380e+00 9.845640e+00 3.300000e+01
    endloop
  endfacet
  facet normal 4.487809e-01 -5.409727e-01 7.112975e-01
    outer loop
      vertex   -2.863899e+00 9.590550e+00 3.240000e+01
      vertex   -3.507380e+00 9.845640e+00 3.300000e+01
      vertex   -3.239709e+00 9.278785e+00 3.240000e+01
    endloop
  endfacet
  facet normal 4.991545e-01 -5.076190e-01 7.022590e-01
    outer loop
      vertex   -3.239709e+00 9.278785e+00 3.240000e+01
      vertex   -3.507380e+00 9.845640e+00 3.300000e+01
      vertex   -3.898199e+00 9.461338e+00 3.300000e+01
    endloop
  endfacet
  facet normal 5.161064e-01 -4.768597e-01 7.115047e-01
    outer loop
      vertex   -3.239709e+00 9.278785e+00 3.240000e+01
      vertex   -3.898199e+00 9.461338e+00 3.300000e+01
      vertex   -3.571079e+00 8.920143e+00 3.240000e+01
    endloop
  endfacet
  facet normal 5.599140e-01 -4.399505e-01 7.020968e-01
    outer loop
      vertex   -3.571079e+00 8.920143e+00 3.240000e+01
      vertex   -3.898199e+00 9.461338e+00 3.300000e+01
      vertex   -4.236844e+00 9.030353e+00 3.300000e+01
    endloop
  endfacet
  facet normal 5.744055e-01 -4.044728e-01 7.116601e-01
    outer loop
      vertex   -3.571079e+00 8.920143e+00 3.240000e+01
      vertex   -4.236844e+00 9.030353e+00 3.300000e+01
      vertex   -3.852210e+00 8.520899e+00 3.240000e+01
    endloop
  endfacet
  facet normal 6.115245e-01 -3.650488e-01 7.019808e-01
    outer loop
      vertex   -3.852210e+00 8.520899e+00 3.240000e+01
      vertex   -4.236844e+00 9.030353e+00 3.300000e+01
      vertex   -4.517789e+00 8.559718e+00 3.300000e+01
    endloop
  endfacet
  facet normal 6.226754e-01 -3.250660e-01 7.117636e-01
    outer loop
      vertex   -3.852210e+00 8.520899e+00 3.240000e+01
      vertex   -4.517789e+00 8.559718e+00 3.300000e+01
      vertex   -4.078183e+00 8.088040e+00 3.240000e+01
    endloop
  endfacet
  facet normal 6.531313e-01 -2.841482e-01 7.019112e-01
    outer loop
      vertex   -4.078183e+00 8.088040e+00 3.240000e+01
      vertex   -4.517789e+00 8.559718e+00 3.300000e+01
      vertex   -4.736451e+00 8.057110e+00 3.300000e+01
    endloop
  endfacet
  facet normal 6.600852e-01 -2.400132e-01 7.118155e-01
    outer loop
      vertex   -4.078183e+00 8.088040e+00 3.240000e+01
      vertex   -4.736451e+00 8.057110e+00 3.300000e+01
      vertex   -4.245043e+00 7.629141e+00 3.240000e+01
    endloop
  endfacet
  facet normal 6.840455e-01 -1.985830e-01 7.018878e-01
    outer loop
      vertex   -4.245043e+00 7.629141e+00 3.240000e+01
      vertex   -4.736451e+00 8.057110e+00 3.300000e+01
      vertex   -4.889263e+00 7.530730e+00 3.300000e+01
    endloop
  endfacet
  facet normal 6.859902e-01 -1.507845e-01 7.118156e-01
    outer loop
      vertex   -4.245043e+00 7.629141e+00 3.240000e+01
      vertex   -4.889263e+00 7.530730e+00 3.300000e+01
      vertex   -4.349870e+00 7.152232e+00 3.240000e+01
    endloop
  endfacet
  facet normal 7.037562e-01 -1.097652e-01 7.019109e-01
    outer loop
      vertex   -4.349870e+00 7.152232e+00 3.240000e+01
      vertex   -4.889263e+00 7.530730e+00 3.300000e+01
      vertex   -4.973731e+00 6.989165e+00 3.300000e+01
    endloop
  endfacet
  facet normal 6.999429e-01 -5.892158e-02 7.117641e-01
    outer loop
      vertex   -4.349870e+00 7.152232e+00 3.240000e+01
      vertex   -4.973731e+00 6.989165e+00 3.300000e+01
      vertex   -4.390830e+00 6.665659e+00 3.240000e+01
    endloop
  endfacet
  facet normal 7.119386e-01 -1.916121e-02 7.019802e-01
    outer loop
      vertex   -4.390830e+00 6.665659e+00 3.240000e+01
      vertex   -4.973731e+00 6.989165e+00 3.300000e+01
      vertex   -4.988477e+00 6.441251e+00 3.300000e+01
    endloop
  endfacet
  facet normal 7.017004e-01 3.398868e-02 7.116610e-01
    outer loop
      vertex   -4.390830e+00 6.665659e+00 3.240000e+01
      vertex   -4.988477e+00 6.441251e+00 3.300000e+01
      vertex   -4.367206e+00 6.177938e+00 3.240000e+01
    endloop
  endfacet
  facet normal 7.084601e-01 7.173341e-02 7.020958e-01
    outer loop
      vertex   -4.367206e+00 6.177938e+00 3.240000e+01
      vertex   -4.988477e+00 6.441251e+00 3.300000e+01
      vertex   -4.933262e+00 5.895926e+00 3.300000e+01
    endloop
  endfacet
  facet normal 6.912287e-01 1.263411e-01 7.115060e-01
    outer loop
      vertex   -4.367206e+00 6.177938e+00 3.240000e+01
      vertex   -4.933262e+00 5.895926e+00 3.300000e+01
      vertex   -4.279412e+00 5.697602e+00 3.240000e+01
    endloop
  endfacet
  facet normal 6.933817e-01 1.614185e-01 7.022577e-01
    outer loop
      vertex   -4.279412e+00 5.697602e+00 3.240000e+01
      vertex   -4.933262e+00 5.895926e+00 3.300000e+01
      vertex   -4.808985e+00 5.362088e+00 3.300000e+01
    endloop
  endfacet
  facet normal 6.687033e-01 2.165396e-01 7.112992e-01
    outer loop
      vertex   -4.279412e+00 5.697602e+00 3.240000e+01
      vertex   -4.808985e+00 5.362088e+00 3.300000e+01
      vertex   -4.128983e+00 5.233057e+00 3.240000e+01
    endloop
  endfacet
  facet normal 6.669574e-01 2.484145e-01 7.024657e-01
    outer loop
      vertex   -4.128983e+00 5.233057e+00 3.240000e+01
      vertex   -4.808985e+00 5.362088e+00 3.300000e+01
      vertex   -4.617674e+00 4.848446e+00 3.300000e+01
    endloop
  endfacet
  facet normal 6.345062e-01 3.030239e-01 7.110403e-01
    outer loop
      vertex   -4.128983e+00 5.233057e+00 3.240000e+01
      vertex   -4.617674e+00 4.848446e+00 3.300000e+01
      vertex   -3.918552e+00 4.792433e+00 3.240000e+01
    endloop
  endfacet
  facet normal 6.296298e-01 3.312874e-01 7.027197e-01
    outer loop
      vertex   -3.918552e+00 4.792433e+00 3.240000e+01
      vertex   -4.617674e+00 4.848446e+00 3.300000e+01
      vertex   -4.362451e+00 4.363380e+00 3.300000e+01
    endloop
  endfacet
  facet normal 5.892199e-01 3.842965e-01 7.107293e-01
    outer loop
      vertex   -3.918552e+00 4.792433e+00 3.240000e+01
      vertex   -4.362451e+00 4.363380e+00 3.300000e+01
      vertex   -3.651802e+00 4.383440e+00 3.240000e+01
    endloop
  endfacet
  facet normal 5.820225e-01 4.086727e-01 7.030195e-01
    outer loop
      vertex   -3.651802e+00 4.383440e+00 3.240000e+01
      vertex   -4.362451e+00 4.363380e+00 3.300000e+01
      vertex   -4.047479e+00 3.914805e+00 3.300000e+01
    endloop
  endfacet
  facet normal 5.336169e-01 4.589480e-01 7.103659e-01
    outer loop
      vertex   -3.651802e+00 4.383440e+00 3.240000e+01
      vertex   -4.047479e+00 3.914805e+00 3.300000e+01
      vertex   -3.333400e+00 4.013236e+00 3.240000e+01
    endloop
  endfacet
  facet normal 5.249294e-01 4.792982e-01 7.033651e-01
    outer loop
      vertex   -3.333400e+00 4.013236e+00 3.240000e+01
      vertex   -4.047479e+00 3.914805e+00 3.300000e+01
      vertex   -3.677897e+00 3.510037e+00 3.300000e+01
    endloop
  endfacet
  facet normal 4.686479e-01 5.256808e-01 7.099499e-01
    outer loop
      vertex   -3.333400e+00 4.013236e+00 3.240000e+01
      vertex   -3.677897e+00 3.510037e+00 3.300000e+01
      vertex   -2.968919e+00 3.688299e+00 3.240000e+01
    endloop
  endfacet
  facet normal 4.593016e-01 5.420050e-01 7.037561e-01
    outer loop
      vertex   -2.968919e+00 3.688299e+00 3.240000e+01
      vertex   -3.677897e+00 3.510037e+00 3.300000e+01
      vertex   -3.259735e+00 3.155681e+00 3.300000e+01
    endloop
  endfacet
  facet normal 3.954246e-01 5.833319e-01 7.094810e-01
    outer loop
      vertex   -2.968919e+00 3.688299e+00 3.240000e+01
      vertex   -3.259735e+00 3.155681e+00 3.300000e+01
      vertex   -2.564737e+00 3.414315e+00 3.240000e+01
    endloop
  endfacet
  facet normal 3.862311e-01 5.957674e-01 7.041923e-01
    outer loop
      vertex   -2.564737e+00 3.414315e+00 3.240000e+01
      vertex   -3.259735e+00 3.155681e+00 3.300000e+01
      vertex   -2.799815e+00 2.857518e+00 3.300000e+01
    endloop
  endfacet
  facet normal 3.152020e-01 6.308922e-01 7.089589e-01
    outer loop
      vertex   -2.564737e+00 3.414315e+00 3.240000e+01
      vertex   -2.799815e+00 2.857518e+00 3.300000e+01
      vertex   -2.127926e+00 3.196078e+00 3.240000e+01
    endloop
  endfacet
  facet normal 3.069322e-01 6.397092e-01 7.046735e-01
    outer loop
      vertex   -2.127926e+00 3.196078e+00 3.240000e+01
      vertex   -2.799815e+00 2.857518e+00 3.300000e+01
      vertex   -2.305640e+00 2.620413e+00 3.300000e+01
    endloop
  endfacet
  facet normal 2.293567e-01 6.675242e-01 7.083833e-01
    outer loop
      vertex   -2.127926e+00 3.196078e+00 3.240000e+01
      vertex   -2.305640e+00 2.620413e+00 3.300000e+01
      vertex   -1.666131e+00 3.037409e+00 3.240000e+01
    endloop
  endfacet
  facet normal 2.227215e-01 6.731189e-01 7.051994e-01
    outer loop
      vertex   -1.666131e+00 3.037409e+00 3.240000e+01
      vertex   -2.305640e+00 2.620413e+00 3.300000e+01
      vertex   -1.785272e+00 2.448234e+00 3.300000e+01
    endloop
  endfacet
  facet normal 1.393639e-01 6.925766e-01 7.077538e-01
    outer loop
      vertex   -1.666131e+00 3.037409e+00 3.240000e+01
      vertex   -1.785272e+00 2.448234e+00 3.300000e+01
      vertex   -1.187433e+00 2.941083e+00 3.240000e+01
    endloop
  endfacet
  facet normal 1.349950e-01 6.954607e-01 7.057696e-01
    outer loop
      vertex   -1.187433e+00 2.941083e+00 3.240000e+01
      vertex   -1.785272e+00 2.448234e+00 3.300000e+01
      vertex   -1.247203e+00 2.343790e+00 3.300000e+01
    endloop
  endfacet
  facet normal 4.677248e-02 7.055951e-01 7.070699e-01
    outer loop
      vertex   -1.187433e+00 2.941083e+00 3.240000e+01
      vertex   -1.247203e+00 2.343790e+00 3.300000e+01
      vertex   -7.002087e-01 2.908785e+00 3.240000e+01
    endloop
  endfacet
  facet normal 4.520526e-02 7.063839e-01 7.063839e-01
    outer loop
      vertex   -7.002087e-01 2.908785e+00 3.240000e+01
      vertex   -1.247203e+00 2.343790e+00 3.300000e+01
      vertex   -7.002087e-01 2.308785e+00 3.300000e+01
    endloop
  endfacet
  facet normal -6.614283e-02 9.978102e-01 0.000000e+00
    outer loop
      vertex   4.299791e+00 2.908785e+00 3.240000e+01
      vertex   4.787016e+00 2.941083e+00 3.240000e+01
      vertex   4.299791e+00 2.908785e+00 2.900000e+01
    endloop
  endfacet
  facet normal -6.824241e-02 9.976687e-01 3.022158e-04
    outer loop
      vertex   4.299791e+00 2.908785e+00 2.900000e+01
      vertex   4.787016e+00 2.941083e+00 3.240000e+01
      vertex   4.802410e+00 2.943165e+00 2.900000e+01
    endloop
  endfacet
  facet normal -1.972710e-01 9.803489e-01 -2.926212e-04
    outer loop
      vertex   4.802410e+00 2.943165e+00 2.900000e+01
      vertex   4.787016e+00 2.941083e+00 3.240000e+01
      vertex   5.265714e+00 3.037409e+00 3.240000e+01
    endloop
  endfacet
  facet normal -2.034560e-01 9.790839e-01 5.852410e-04
    outer loop
      vertex   4.802410e+00 2.943165e+00 2.900000e+01
      vertex   5.265714e+00 3.037409e+00 3.240000e+01
      vertex   5.295667e+00 3.045665e+00 2.900000e+01
    endloop
  endfacet
  facet normal -3.249470e-01 9.457320e-01 -5.660492e-04
    outer loop
      vertex   5.295667e+00 3.045665e+00 2.900000e+01
      vertex   5.265714e+00 3.037409e+00 3.240000e+01
      vertex   5.727509e+00 3.196078e+00 3.240000e+01
    endloop
  endfacet
  facet normal -3.348795e-01 9.422606e-01 8.490706e-04
    outer loop
      vertex   5.295667e+00 3.045665e+00 2.900000e+01
      vertex   5.727509e+00 3.196078e+00 3.240000e+01
      vertex   5.770372e+00 3.214376e+00 2.900000e+01
    endloop
  endfacet
  facet normal -4.469366e-01 8.945653e-01 -8.202793e-04
    outer loop
      vertex   5.770372e+00 3.214376e+00 2.900000e+01
      vertex   5.727509e+00 3.196078e+00 3.240000e+01
      vertex   6.164319e+00 3.414315e+00 3.240000e+01
    endloop
  endfacet
  facet normal -4.600648e-01 8.878847e-01 1.093700e-03
    outer loop
      vertex   5.770372e+00 3.214376e+00 2.900000e+01
      vertex   6.164319e+00 3.414315e+00 3.240000e+01
      vertex   6.217683e+00 3.446153e+00 2.900000e+01
    endloop
  endfacet
  facet normal -5.611049e-01 8.277440e-01 -1.055307e-03
    outer loop
      vertex   6.217683e+00 3.446153e+00 2.900000e+01
      vertex   6.164319e+00 3.414315e+00 3.240000e+01
      vertex   6.568502e+00 3.688299e+00 3.240000e+01
    endloop
  endfacet
  facet normal -5.766798e-01 8.169692e-01 1.319124e-03
    outer loop
      vertex   6.217683e+00 3.446153e+00 2.900000e+01
      vertex   6.568502e+00 3.688299e+00 3.240000e+01
      vertex   6.629267e+00 3.736681e+00 2.900000e+01
    endloop
  endfacet
  facet normal -6.654541e-01 7.464377e-01 -1.271127e-03
    outer loop
      vertex   6.629267e+00 3.736681e+00 2.900000e+01
      vertex   6.568502e+00 3.688299e+00 3.240000e+01
      vertex   6.932983e+00 4.013236e+00 3.240000e+01
    endloop
  endfacet
  facet normal -6.825523e-01 7.308351e-01 1.525340e-03
    outer loop
      vertex   6.629267e+00 3.736681e+00 2.900000e+01
      vertex   6.932983e+00 4.013236e+00 3.240000e+01
      vertex   6.997457e+00 4.080547e+00 2.900000e+01
    endloop
  endfacet
  facet normal -7.581581e-01 6.520691e-01 -1.467738e-03
    outer loop
      vertex   6.997457e+00 4.080547e+00 2.900000e+01
      vertex   6.932983e+00 4.013236e+00 3.240000e+01
      vertex   7.251384e+00 4.383440e+00 3.240000e+01
    endloop
  endfacet
  facet normal -7.757102e-01 6.310870e-01 1.712344e-03
    outer loop
      vertex   6.997457e+00 4.080547e+00 2.900000e+01
      vertex   7.251384e+00 4.383440e+00 3.240000e+01
      vertex   7.315395e+00 4.471345e+00 2.900000e+01
    endloop
  endfacet
  facet normal -8.375947e-01 5.462897e-01 -1.645134e-03
    outer loop
      vertex   7.315395e+00 4.471345e+00 2.900000e+01
      vertex   7.251384e+00 4.383440e+00 3.240000e+01
      vertex   7.518134e+00 4.792433e+00 3.240000e+01
    endloop
  endfacet
  facet normal -8.544179e-01 5.195830e-01 1.880131e-03
    outer loop
      vertex   7.315395e+00 4.471345e+00 2.900000e+01
      vertex   7.518134e+00 4.792433e+00 3.240000e+01
      vertex   7.577158e+00 4.901796e+00 2.900000e+01
    endloop
  endfacet
  facet normal -9.023737e-01 4.309506e-01 -1.803313e-03
    outer loop
      vertex   7.577158e+00 4.901796e+00 2.900000e+01
      vertex   7.518134e+00 4.792433e+00 3.240000e+01
      vertex   7.728565e+00 5.233057e+00 3.240000e+01
    endloop
  endfacet
  facet normal -9.172094e-01 3.984003e-01 2.028701e-03
    outer loop
      vertex   7.577158e+00 4.901796e+00 2.900000e+01
      vertex   7.728565e+00 5.233057e+00 3.240000e+01
      vertex   7.777870e+00 5.363882e+00 2.900000e+01
    endloop
  endfacet
  facet normal -9.513617e-01 3.080701e-01 -1.942272e-03
    outer loop
      vertex   7.777870e+00 5.363882e+00 2.900000e+01
      vertex   7.728565e+00 5.233057e+00 3.240000e+01
      vertex   7.878994e+00 5.697602e+00 3.240000e+01
    endloop
  endfacet
  facet normal -9.629150e-01 2.697961e-01 2.158049e-03
    outer loop
      vertex   7.777870e+00 5.363882e+00 2.900000e+01
      vertex   7.878994e+00 5.697602e+00 3.240000e+01
      vertex   7.913792e+00 5.848993e+00 2.900000e+01
    endloop
  endfacet
  facet normal -9.837013e-01 1.797986e-01 -2.062009e-03
    outer loop
      vertex   7.913792e+00 5.848993e+00 2.900000e+01
      vertex   7.878994e+00 5.697602e+00 3.240000e+01
      vertex   7.966789e+00 6.177938e+00 3.240000e+01
    endloop
  endfacet
  facet normal -9.906834e-01 1.361663e-01 2.268174e-03
    outer loop
      vertex   7.913792e+00 5.848993e+00 2.900000e+01
      vertex   7.966789e+00 6.177938e+00 3.240000e+01
      vertex   7.982392e+00 6.348094e+00 2.900000e+01
    endloop
  endfacet
  facet normal -9.988266e-01 4.838076e-02 -2.162522e-03
    outer loop
      vertex   7.982392e+00 6.348094e+00 2.900000e+01
      vertex   7.966789e+00 6.177938e+00 3.240000e+01
      vertex   7.990413e+00 6.665659e+00 3.240000e+01
    endloop
  endfacet
  facet normal -9.999972e-01 0.000000e+00 2.359074e-03
    outer loop
      vertex   7.982392e+00 6.348094e+00 2.900000e+01
      vertex   7.990413e+00 6.665659e+00 3.240000e+01
      vertex   7.982392e+00 6.851888e+00 2.900000e+01
    endloop
  endfacet
  facet normal -9.964730e-01 -8.388365e-02 -2.243808e-03
    outer loop
      vertex   7.982392e+00 6.851888e+00 2.900000e+01
      vertex   7.990413e+00 6.665659e+00 3.240000e+01
      vertex   7.949453e+00 7.152232e+00 3.240000e+01
    endloop
  endfacet
  facet normal -9.906830e-01 -1.361662e-01 2.430746e-03
    outer loop
      vertex   7.982392e+00 6.851888e+00 2.900000e+01
      vertex   7.949453e+00 7.152232e+00 3.240000e+01
      vertex   7.913792e+00 7.350989e+00 2.900000e+01
    endloop
  endfacet
  facet normal -9.766817e-01 -2.146801e-01 -2.305867e-03
    outer loop
      vertex   7.913792e+00 7.350989e+00 2.900000e+01
      vertex   7.949453e+00 7.152232e+00 3.240000e+01
      vertex   7.844626e+00 7.629141e+00 3.240000e+01
    endloop
  endfacet
  facet normal -9.629143e-01 -2.697959e-01 2.483191e-03
    outer loop
      vertex   7.913792e+00 7.350989e+00 2.900000e+01
      vertex   7.844626e+00 7.629141e+00 3.240000e+01
      vertex   7.777870e+00 7.836101e+00 2.900000e+01
    endloop
  endfacet
  facet normal -9.397990e-01 -3.417197e-01 -2.348698e-03
    outer loop
      vertex   7.777870e+00 7.836101e+00 2.900000e+01
      vertex   7.844626e+00 7.629141e+00 3.240000e+01
      vertex   7.677766e+00 8.088040e+00 3.240000e+01
    endloop
  endfacet
  facet normal -9.172084e-01 -3.983998e-01 2.516407e-03
    outer loop
      vertex   7.777870e+00 7.836101e+00 2.900000e+01
      vertex   7.677766e+00 8.088040e+00 3.240000e+01
      vertex   7.577158e+00 8.298186e+00 2.900000e+01
    endloop
  endfacet
  facet normal -8.864703e-01 -4.627794e-01 -2.372299e-03
    outer loop
      vertex   7.577158e+00 8.298186e+00 2.900000e+01
      vertex   7.677766e+00 8.088040e+00 3.240000e+01
      vertex   7.451793e+00 8.520899e+00 3.240000e+01
    endloop
  endfacet
  facet normal -8.544167e-01 -5.195823e-01 2.530393e-03
    outer loop
      vertex   7.577158e+00 8.298186e+00 2.900000e+01
      vertex   7.451793e+00 8.520899e+00 3.240000e+01
      vertex   7.315395e+00 8.728637e+00 2.900000e+01
    endloop
  endfacet
  facet normal -8.176289e-01 -5.757407e-01 -2.376670e-03
    outer loop
      vertex   7.315395e+00 8.728637e+00 2.900000e+01
      vertex   7.451793e+00 8.520899e+00 3.240000e+01
      vertex   7.170662e+00 8.920143e+00 3.240000e+01
    endloop
  endfacet
  facet normal -7.757088e-01 -6.310859e-01 2.525149e-03
    outer loop
      vertex   7.315395e+00 8.728637e+00 2.900000e+01
      vertex   7.170662e+00 8.920143e+00 3.240000e+01
      vertex   6.997457e+00 9.119435e+00 2.900000e+01
    endloop
  endfacet
  facet normal -7.344794e-01 -6.786269e-01 -2.361811e-03
    outer loop
      vertex   6.997457e+00 9.119435e+00 2.900000e+01
      vertex   7.170662e+00 8.920143e+00 3.240000e+01
      vertex   6.839291e+00 9.278785e+00 3.240000e+01
    endloop
  endfacet
  facet normal -6.825510e-01 -7.308337e-01 2.500676e-03
    outer loop
      vertex   6.997457e+00 9.119435e+00 2.900000e+01
      vertex   6.839291e+00 9.278785e+00 3.240000e+01
      vertex   6.629267e+00 9.463301e+00 2.900000e+01
    endloop
  endfacet
  facet normal -6.384769e-01 -7.696375e-01 -2.327723e-03
    outer loop
      vertex   6.629267e+00 9.463301e+00 2.900000e+01
      vertex   6.839291e+00 9.278785e+00 3.240000e+01
      vertex   6.463481e+00 9.590550e+00 3.240000e+01
    endloop
  endfacet
  facet normal -5.766786e-01 -8.169674e-01 2.456973e-03
    outer loop
      vertex   6.629267e+00 9.463301e+00 2.900000e+01
      vertex   6.463481e+00 9.590550e+00 3.240000e+01
      vertex   6.217683e+00 9.753829e+00 2.900000e+01
    endloop
  endfacet
  facet normal -5.313014e-01 -8.471798e-01 -2.274406e-03
    outer loop
      vertex   6.217683e+00 9.753829e+00 2.900000e+01
      vertex   6.463481e+00 9.590550e+00 3.240000e+01
      vertex   6.049808e+00 9.849982e+00 3.240000e+01
    endloop
  endfacet
  facet normal -4.600637e-01 -8.878827e-01 2.394042e-03
    outer loop
      vertex   6.217683e+00 9.753829e+00 2.900000e+01
      vertex   6.049808e+00 9.849982e+00 3.240000e+01
      vertex   5.770372e+00 9.985607e+00 2.900000e+01
    endloop
  endfacet
  facet normal -4.463075e-01 -8.948791e-01 9.843745e-04
    outer loop
      vertex   5.770372e+00 9.985607e+00 2.900000e+01
      vertex   6.049808e+00 9.849982e+00 3.240000e+01
      vertex   5.845935e+00 9.951773e+00 3.250179e+01
    endloop
  endfacet
  facet normal -3.908099e-01 -9.204713e-01 -4.604575e-04
    outer loop
      vertex   5.770372e+00 9.985607e+00 2.900000e+01
      vertex   5.845935e+00 9.951773e+00 3.250179e+01
      vertex   5.636171e+00 1.004079e+01 3.259081e+01
    endloop
  endfacet
  facet normal -3.348790e-01 -9.422591e-01 1.964706e-03
    outer loop
      vertex   5.770372e+00 9.985607e+00 2.900000e+01
      vertex   5.636171e+00 1.004079e+01 3.259081e+01
      vertex   5.295667e+00 1.015432e+01 2.900000e+01
    endloop
  endfacet
  facet normal -3.325585e-01 -9.430811e-01 1.718676e-03
    outer loop
      vertex   5.295667e+00 1.015432e+01 2.900000e+01
      vertex   5.636171e+00 1.004079e+01 3.259081e+01
      vertex   5.421313e+00 1.011669e+01 3.266671e+01
    endloop
  endfacet
  facet normal -2.744062e-01 -9.616138e-01 -4.641771e-04
    outer loop
      vertex   5.295667e+00 1.015432e+01 2.900000e+01
      vertex   5.421313e+00 1.011669e+01 3.266671e+01
      vertex   5.202181e+00 1.017919e+01 3.272921e+01
    endloop
  endfacet
  facet normal -2.141832e-01 -9.767928e-01 1.146782e-03
    outer loop
      vertex   5.202181e+00 1.017919e+01 3.272921e+01
      vertex   4.979610e+00 1.022805e+01 3.277807e+01
      vertex   5.295667e+00 1.015432e+01 2.900000e+01
    endloop
  endfacet
  facet normal -2.034556e-01 -9.790820e-01 2.088884e-03
    outer loop
      vertex   5.295667e+00 1.015432e+01 2.900000e+01
      vertex   4.979610e+00 1.022805e+01 3.277807e+01
      vertex   4.802410e+00 1.025682e+01 2.900000e+01
    endloop
  endfacet
  facet normal -1.537930e-01 -9.881030e-01 -3.090731e-04
    outer loop
      vertex   4.802410e+00 1.025682e+01 2.900000e+01
      vertex   4.979610e+00 1.022805e+01 3.277807e+01
      vertex   4.754448e+00 1.026309e+01 3.281311e+01
    endloop
  endfacet
  facet normal -9.243885e-02 -9.957183e-01 4.751806e-04
    outer loop
      vertex   4.802410e+00 1.025682e+01 2.900000e+01
      vertex   4.754448e+00 1.026309e+01 3.281311e+01
      vertex   4.527554e+00 1.028416e+01 3.283418e+01
    endloop
  endfacet
  facet normal -3.086675e-02 -9.995235e-01 -0.000000e+00
    outer loop
      vertex   4.299791e+00 1.029120e+01 3.284121e+01
      vertex   4.299791e+00 1.029120e+01 2.900000e+01
      vertex   4.527554e+00 1.028416e+01 3.283418e+01
    endloop
  endfacet
  facet normal -6.824224e-02 -9.976663e-01 2.223629e-03
    outer loop
      vertex   4.527554e+00 1.028416e+01 3.283418e+01
      vertex   4.299791e+00 1.029120e+01 2.900000e+01
      vertex   4.802410e+00 1.025682e+01 2.900000e+01
    endloop
  endfacet
  facet normal 0.000000e+00 -1.000000e+00 -0.000000e+00
    outer loop
      vertex   4.299791e+00 1.029120e+01 3.284121e+01
      vertex   -7.002087e-01 1.029120e+01 3.284121e+01
      vertex   4.299791e+00 1.029120e+01 2.900000e+01
    endloop
  endfacet
  facet normal 0.000000e+00 -1.000000e+00 0.000000e+00
    outer loop
      vertex   4.299791e+00 1.029120e+01 2.900000e+01
      vertex   -7.002087e-01 1.029120e+01 3.284121e+01
      vertex   -7.002087e-01 1.029120e+01 2.900000e+01
    endloop
  endfacet
  facet normal 7.052678e-01 4.368425e-02 -7.075938e-01
    outer loop
      vertex   1.165627e+01 -3.698613e+00 2.700000e+01
      vertex   1.225627e+01 -3.666666e+00 2.760000e+01
      vertex   1.169893e+01 -4.387424e+00 2.700000e+01
    endloop
  endfacet
  facet normal 7.070686e-01 4.093120e-02 -7.059594e-01
    outer loop
      vertex   1.169893e+01 -4.387424e+00 2.700000e+01
      vertex   1.225627e+01 -3.666666e+00 2.760000e+01
      vertex   1.229928e+01 -4.409665e+00 2.760000e+01
    endloop
  endfacet
  facet normal 7.063166e-01 -2.220952e-02 -7.075476e-01
    outer loop
      vertex   1.169893e+01 -4.387424e+00 2.700000e+01
      vertex   1.229928e+01 -4.409665e+00 2.760000e+01
      vertex   1.167725e+01 -5.077213e+00 2.700000e+01
    endloop
  endfacet
  facet normal 7.077696e-01 -2.495210e-02 -7.060026e-01
    outer loop
      vertex   1.167725e+01 -5.077213e+00 2.700000e+01
      vertex   1.229928e+01 -4.409665e+00 2.760000e+01
      vertex   1.227306e+01 -5.153447e+00 2.760000e+01
    endloop
  endfacet
  facet normal 7.012221e-01 -8.791877e-02 -7.075011e-01
    outer loop
      vertex   1.167725e+01 -5.077213e+00 2.700000e+01
      vertex   1.227306e+01 -5.153447e+00 2.760000e+01
      vertex   1.159139e+01 -5.761983e+00 2.700000e+01
    endloop
  endfacet
  facet normal 7.023451e-01 -9.061144e-02 -7.060460e-01
    outer loop
      vertex   1.159139e+01 -5.761983e+00 2.700000e+01
      vertex   1.227306e+01 -5.153447e+00 2.760000e+01
      vertex   1.217783e+01 -5.891573e+00 2.760000e+01
    endloop
  endfacet
  facet normal 6.900279e-01 -1.528720e-01 -7.074543e-01
    outer loop
      vertex   1.159139e+01 -5.761983e+00 2.700000e+01
      vertex   1.217783e+01 -5.891573e+00 2.760000e+01
      vertex   1.144211e+01 -6.435775e+00 2.700000e+01
    endloop
  endfacet
  facet normal 6.908429e-01 -1.554785e-01 -7.060896e-01
    outer loop
      vertex   1.144211e+01 -6.435775e+00 2.700000e+01
      vertex   1.217783e+01 -5.891573e+00 2.760000e+01
      vertex   1.201442e+01 -6.617656e+00 2.760000e+01
    endloop
  endfacet
  facet normal 6.728304e-01 -2.165042e-01 -7.074073e-01
    outer loop
      vertex   1.144211e+01 -6.435775e+00 2.700000e+01
      vertex   1.201442e+01 -6.617656e+00 2.760000e+01
      vertex   1.123072e+01 -7.092732e+00 2.700000e+01
    endloop
  endfacet
  facet normal 6.733632e-01 -2.189921e-01 -7.061334e-01
    outer loop
      vertex   1.123072e+01 -7.092732e+00 2.700000e+01
      vertex   1.201442e+01 -6.617656e+00 2.760000e+01
      vertex   1.178425e+01 -7.325410e+00 2.760000e+01
    endloop
  endfacet
  facet normal 6.497785e-01 -2.782618e-01 -7.073601e-01
    outer loop
      vertex   1.123072e+01 -7.092732e+00 2.700000e+01
      vertex   1.178425e+01 -7.325410e+00 2.760000e+01
      vertex   1.095904e+01 -7.727138e+00 2.700000e+01
    endloop
  endfacet
  facet normal 6.500582e-01 -2.806025e-01 -7.061775e-01
    outer loop
      vertex   1.095904e+01 -7.727138e+00 2.700000e+01
      vertex   1.178425e+01 -7.325410e+00 2.760000e+01
      vertex   1.148929e+01 -8.008712e+00 2.760000e+01
    endloop
  endfacet
  facet normal 6.210718e-01 -3.376074e-01 -7.073125e-01
    outer loop
      vertex   1.095904e+01 -7.727138e+00 2.700000e+01
      vertex   1.148929e+01 -8.008712e+00 2.760000e+01
      vertex   1.062944e+01 -8.333475e+00 2.700000e+01
    endloop
  endfacet
  facet normal 6.211301e-01 -3.397767e-01 -7.062218e-01
    outer loop
      vertex   1.062944e+01 -8.333475e+00 2.700000e+01
      vertex   1.148929e+01 -8.008712e+00 2.760000e+01
      vertex   1.113212e+01 -8.661648e+00 2.760000e+01
    endloop
  endfacet
  facet normal 5.869593e-01 -3.940245e-01 -7.072648e-01
    outer loop
      vertex   1.062944e+01 -8.333475e+00 2.700000e+01
      vertex   1.113212e+01 -8.661648e+00 2.760000e+01
      vertex   1.024479e+01 -8.906471e+00 2.700000e+01
    endloop
  endfacet
  facet normal 5.868301e-01 -3.960030e-01 -7.062663e-01
    outer loop
      vertex   1.024479e+01 -8.906471e+00 2.700000e+01
      vertex   1.113212e+01 -8.661648e+00 2.760000e+01
      vertex   1.071581e+01 -9.278565e+00 2.760000e+01
    endloop
  endfacet
  facet normal 5.477369e-01 -4.470222e-01 -7.072167e-01
    outer loop
      vertex   1.024479e+01 -8.906471e+00 2.700000e+01
      vertex   1.071581e+01 -9.278565e+00 2.760000e+01
      vertex   9.808433e+00 -9.441141e+00 2.700000e+01
    endloop
  endfacet
  facet normal 5.474557e-01 -4.487951e-01 -7.063110e-01
    outer loop
      vertex   9.808433e+00 -9.441141e+00 2.700000e+01
      vertex   1.071581e+01 -9.278565e+00 2.760000e+01
      vertex   1.024398e+01 -9.854126e+00 2.760000e+01
    endloop
  endfacet
  facet normal 5.037450e-01 -4.961389e-01 -7.071684e-01
    outer loop
      vertex   9.808433e+00 -9.441141e+00 2.700000e+01
      vertex   1.024398e+01 -9.854126e+00 2.760000e+01
      vertex   9.324163e+00 -9.932834e+00 2.700000e+01
    endloop
  endfacet
  facet normal 5.033483e-01 -4.976963e-01 -7.063560e-01
    outer loop
      vertex   9.324163e+00 -9.932834e+00 2.700000e+01
      vertex   1.024398e+01 -9.854126e+00 2.760000e+01
      vertex   9.720696e+00 -1.038335e+01 2.760000e+01
    endloop
  endfacet
  facet normal 4.553656e-01 -5.409471e-01 -7.071198e-01
    outer loop
      vertex   9.324163e+00 -9.932834e+00 2.700000e+01
      vertex   9.720696e+00 -1.038335e+01 2.760000e+01
      vertex   8.796193e+00 -1.037728e+01 2.700000e+01
    endloop
  endfacet
  facet normal 4.548904e-01 -5.422841e-01 -7.064012e-01
    outer loop
      vertex   8.796193e+00 -1.037728e+01 2.700000e+01
      vertex   9.720696e+00 -1.038335e+01 2.760000e+01
      vertex   9.150500e+00 -1.086165e+01 2.760000e+01
    endloop
  endfacet
  facet normal 4.030188e-01 -5.810563e-01 -7.070710e-01
    outer loop
      vertex   8.796193e+00 -1.037728e+01 2.700000e+01
      vertex   9.150500e+00 -1.086165e+01 2.760000e+01
      vertex   8.229116e+00 -1.077060e+01 2.700000e+01
    endloop
  endfacet
  facet normal 4.025018e-01 -5.821731e-01 -7.064466e-01
    outer loop
      vertex   8.229116e+00 -1.077060e+01 2.700000e+01
      vertex   9.150500e+00 -1.086165e+01 2.760000e+01
      vertex   8.538323e+00 -1.128490e+01 2.760000e+01
    endloop
  endfacet
  facet normal 3.471594e-01 -6.161172e-01 -7.070219e-01
    outer loop
      vertex   8.229116e+00 -1.077060e+01 2.700000e+01
      vertex   8.538323e+00 -1.128490e+01 2.760000e+01
      vertex   7.627863e+00 -1.110938e+01 2.700000e+01
    endloop
  endfacet
  facet normal 3.466366e-01 -6.170185e-01 -7.064922e-01
    outer loop
      vertex   7.627863e+00 -1.110938e+01 2.700000e+01
      vertex   8.538323e+00 -1.128490e+01 2.760000e+01
      vertex   7.889462e+00 -1.164942e+01 2.760000e+01
    endloop
  endfacet
  facet normal 2.882726e-01 -6.458240e-01 -7.069726e-01
    outer loop
      vertex   7.627863e+00 -1.110938e+01 2.700000e+01
      vertex   7.889462e+00 -1.164942e+01 2.760000e+01
      vertex   6.997663e+00 -1.139068e+01 2.700000e+01
    endloop
  endfacet
  facet normal 2.877786e-01 -6.465195e-01 -7.065381e-01
    outer loop
      vertex   6.997663e+00 -1.139068e+01 2.700000e+01
      vertex   7.889462e+00 -1.164942e+01 2.760000e+01
      vertex   7.209535e+00 -1.195207e+01 2.760000e+01
    endloop
  endfacet
  facet normal 2.268703e-01 -6.699178e-01 -7.069229e-01
    outer loop
      vertex   6.997663e+00 -1.139068e+01 2.700000e+01
      vertex   7.209535e+00 -1.195207e+01 2.760000e+01
      vertex   6.343999e+00 -1.161205e+01 2.700000e+01
    endloop
  endfacet
  facet normal 2.264376e-01 -6.704213e-01 -7.065842e-01
    outer loop
      vertex   6.343999e+00 -1.161205e+01 2.700000e+01
      vertex   7.209535e+00 -1.195207e+01 2.760000e+01
      vertex   6.504424e+00 -1.219023e+01 2.760000e+01
    endloop
  endfacet
  facet normal 1.634861e-01 -6.881880e-01 -7.068731e-01
    outer loop
      vertex   6.343999e+00 -1.161205e+01 2.700000e+01
      vertex   6.504424e+00 -1.219023e+01 2.760000e+01
      vertex   5.672555e+00 -1.177156e+01 2.700000e+01
    endloop
  endfacet
  facet normal 1.631450e-01 -6.885180e-01 -7.066305e-01
    outer loop
      vertex   5.672555e+00 -1.177156e+01 2.700000e+01
      vertex   6.504424e+00 -1.219023e+01 2.760000e+01
      vertex   5.780233e+00 -1.236182e+01 2.760000e+01
    endloop
  endfacet
  facet normal 9.867088e-02 -7.004751e-01 -7.068229e-01
    outer loop
      vertex   5.672555e+00 -1.177156e+01 2.700000e+01
      vertex   5.780233e+00 -1.236182e+01 2.760000e+01
      vertex   4.989171e+00 -1.186782e+01 2.700000e+01
    endloop
  endfacet
  facet normal 9.844878e-02 -7.006536e-01 -7.066770e-01
    outer loop
      vertex   4.989171e+00 -1.186782e+01 2.700000e+01
      vertex   5.780233e+00 -1.236182e+01 2.760000e+01
      vertex   5.043229e+00 -1.246538e+01 2.760000e+01
    endloop
  endfacet
  facet normal 3.298828e-02 -7.066713e-01 -7.067725e-01
    outer loop
      vertex   4.989171e+00 -1.186782e+01 2.700000e+01
      vertex   5.043229e+00 -1.246538e+01 2.760000e+01
      vertex   4.299791e+00 -1.190000e+01 2.700000e+01
    endloop
  endfacet
  facet normal 3.290903e-02 -7.067238e-01 -7.067238e-01
    outer loop
      vertex   4.299791e+00 -1.190000e+01 2.700000e+01
      vertex   5.043229e+00 -1.246538e+01 2.760000e+01
      vertex   4.299791e+00 -1.250000e+01 2.760000e+01
    endloop
  endfacet
  facet normal -5.773503e-01 5.773503e-01 -5.773503e-01
    outer loop
      vertex   -1.810000e+01 2.469998e+01 2.760000e+01
      vertex   -1.810000e+01 2.409998e+01 2.700000e+01
      vertex   -1.870000e+01 2.409998e+01 2.760000e+01
    endloop
  endfacet
  facet normal -7.071068e-01 7.071068e-01 -4.652126e-16
    outer loop
      vertex   -1.810000e+01 2.469998e+01 3.300000e+01
      vertex   -1.810000e+01 2.469998e+01 2.760000e+01
      vertex   -1.870000e+01 2.409998e+01 3.300000e+01
    endloop
  endfacet
  facet normal -7.071068e-01 7.071068e-01 0.000000e+00
    outer loop
      vertex   -1.870000e+01 2.409998e+01 3.300000e+01
      vertex   -1.810000e+01 2.469998e+01 2.760000e+01
      vertex   -1.870000e+01 2.409998e+01 2.760000e+01
    endloop
  endfacet
  facet normal 5.773503e-01 5.773503e-01 -5.773503e-01
    outer loop
      vertex   2.230000e+01 2.409998e+01 2.760000e+01
      vertex   2.170000e+01 2.409998e+01 2.700000e+01
      vertex   2.170000e+01 2.469998e+01 2.760000e+01
    endloop
  endfacet
  facet normal 0.000000e+00 7.071068e-01 -7.071068e-01
    outer loop
      vertex   -1.810000e+01 2.469998e+01 2.760000e+01
      vertex   2.170000e+01 2.469998e+01 2.760000e+01
      vertex   -1.810000e+01 2.409998e+01 2.700000e+01
    endloop
  endfacet
  facet normal 0.000000e+00 7.071068e-01 -7.071068e-01
    outer loop
      vertex   -1.810000e+01 2.409998e+01 2.700000e+01
      vertex   2.170000e+01 2.469998e+01 2.760000e+01
      vertex   2.170000e+01 2.409998e+01 2.700000e+01
    endloop
  endfacet
  facet normal 7.071068e-01 7.071068e-01 0.000000e+00
    outer loop
      vertex   2.230000e+01 2.409998e+01 3.300000e+01
      vertex   2.230000e+01 2.409998e+01 2.760000e+01
      vertex   2.170000e+01 2.469998e+01 3.300000e+01
    endloop
  endfacet
  facet normal 7.071068e-01 7.071068e-01 0.000000e+00
    outer loop
      vertex   2.170000e+01 2.469998e+01 3.300000e+01
      vertex   2.230000e+01 2.409998e+01 2.760000e+01
      vertex   2.170000e+01 2.469998e+01 2.760000e+01
    endloop
  endfacet
  facet normal -0.000000e+00 -7.071068e-01 -7.071068e-01
    outer loop
      vertex   4.299791e+00 -1.190000e+01 2.700000e+01
      vertex   4.299791e+00 -1.250000e+01 2.760000e+01
      vertex   -9.800000e+00 -1.190000e+01 2.700000e+01
    endloop
  endfacet
  facet normal 0.000000e+00 -7.071068e-01 -7.071068e-01
    outer loop
      vertex   -9.800000e+00 -1.190000e+01 2.700000e+01
      vertex   4.299791e+00 -1.250000e+01 2.760000e+01
      vertex   -1.040000e+01 -1.250000e+01 2.760000e+01
    endloop
  endfacet
  facet normal -1.000000e+00 -1.291896e-16 1.062439e-32
    outer loop
      vertex   -1.040000e+01 1.250000e+00 2.760000e+01
      vertex   -1.040000e+01 -1.250000e+01 2.760000e+01
      vertex   -1.040000e+01 1.250000e+00 3.300000e+01
    endloop
  endfacet
  facet normal -1.000000e+00 -1.291896e-16 0.000000e+00
    outer loop
      vertex   -1.040000e+01 1.250000e+00 3.300000e+01
      vertex   -1.040000e+01 -1.250000e+01 2.760000e+01
      vertex   -1.040000e+01 -1.250000e+01 3.300000e+01
    endloop
  endfacet
  facet normal 0.000000e+00 -1.000000e+00 0.000000e+00
    outer loop
      vertex   -1.040000e+01 -1.250000e+01 2.760000e+01
      vertex   4.299791e+00 -1.250000e+01 2.760000e+01
      vertex   -1.040000e+01 -1.250000e+01 3.300000e+01
    endloop
  endfacet
  facet normal 1.208423e-16 -1.000000e+00 3.289550e-16
    outer loop
      vertex   -1.040000e+01 -1.250000e+01 3.300000e+01
      vertex   4.299791e+00 -1.250000e+01 2.760000e+01
      vertex   4.299791e+00 -1.250000e+01 3.300000e+01
    endloop
  endfacet
  facet normal 4.651522e-02 -9.989176e-01 3.439003e-16
    outer loop
      vertex   4.299791e+00 -1.250000e+01 3.300000e+01
      vertex   4.299791e+00 -1.250000e+01 2.760000e+01
      vertex   5.043229e+00 -1.246538e+01 3.300000e+01
    endloop
  endfacet
  facet normal 4.651522e-02 -9.989176e-01 6.418964e-16
    outer loop
      vertex   5.043229e+00 -1.246538e+01 3.300000e+01
      vertex   4.299791e+00 -1.250000e+01 2.760000e+01
      vertex   5.043229e+00 -1.246538e+01 2.760000e+01
    endloop
  endfacet
  facet normal 1.391431e-01 -9.902723e-01 6.057382e-16
    outer loop
      vertex   5.043229e+00 -1.246538e+01 3.300000e+01
      vertex   5.043229e+00 -1.246538e+01 2.760000e+01
      vertex   5.780233e+00 -1.236182e+01 3.300000e+01
    endloop
  endfacet
  facet normal 1.391431e-01 -9.902723e-01 3.257550e-16
    outer loop
      vertex   5.780233e+00 -1.236182e+01 3.300000e+01
      vertex   5.043229e+00 -1.246538e+01 2.760000e+01
      vertex   5.780233e+00 -1.236182e+01 2.760000e+01
    endloop
  endfacet
  facet normal 2.305667e-01 -9.730565e-01 3.200918e-16
    outer loop
      vertex   5.780233e+00 -1.236182e+01 3.300000e+01
      vertex   5.780233e+00 -1.236182e+01 2.760000e+01
      vertex   6.504424e+00 -1.219023e+01 3.300000e+01
    endloop
  endfacet
  facet normal 2.305667e-01 -9.730565e-01 1.516921e-16
    outer loop
      vertex   6.504424e+00 -1.219023e+01 3.300000e+01
      vertex   5.780233e+00 -1.236182e+01 2.760000e+01
      vertex   6.504424e+00 -1.219023e+01 2.760000e+01
    endloop
  endfacet
  facet normal 3.199949e-01 -9.474193e-01 2.105278e-16
    outer loop
      vertex   6.504424e+00 -1.219023e+01 3.300000e+01
      vertex   6.504424e+00 -1.219023e+01 2.760000e+01
      vertex   7.209535e+00 -1.195207e+01 3.300000e+01
    endloop
  endfacet
  facet normal 3.199949e-01 -9.474193e-01 0.000000e+00
    outer loop
      vertex   7.209535e+00 -1.195207e+01 3.300000e+01
      vertex   6.504424e+00 -1.219023e+01 2.760000e+01
      vertex   7.209535e+00 -1.195207e+01 2.760000e+01
    endloop
  endfacet
  facet normal 4.066536e-01 -9.135824e-01 0.000000e+00
    outer loop
      vertex   7.209535e+00 -1.195207e+01 3.300000e+01
      vertex   7.209535e+00 -1.195207e+01 2.760000e+01
      vertex   7.889462e+00 -1.164942e+01 3.300000e+01
    endloop
  endfacet
  facet normal 4.066536e-01 -9.135824e-01 4.672842e-16
    outer loop
      vertex   7.889462e+00 -1.164942e+01 3.300000e+01
      vertex   7.209535e+00 -1.195207e+01 2.760000e+01
      vertex   7.889462e+00 -1.164942e+01 2.760000e+01
    endloop
  endfacet
  facet normal 4.897928e-01 -8.718388e-01 4.124717e-16
    outer loop
      vertex   7.889462e+00 -1.164942e+01 3.300000e+01
      vertex   7.889462e+00 -1.164942e+01 2.760000e+01
      vertex   8.538323e+00 -1.128490e+01 3.300000e+01
    endloop
  endfacet
  facet normal 4.897928e-01 -8.718388e-01 1.611198e-16
    outer loop
      vertex   8.538323e+00 -1.128490e+01 3.300000e+01
      vertex   7.889462e+00 -1.164942e+01 2.760000e+01
      vertex   8.538323e+00 -1.128490e+01 2.760000e+01
    endloop
  endfacet
  facet normal 5.686931e-01 -8.225498e-01 1.870744e-16
    outer loop
      vertex   8.538323e+00 -1.128490e+01 3.300000e+01
      vertex   8.538323e+00 -1.128490e+01 2.760000e+01
      vertex   9.150500e+00 -1.086165e+01 3.300000e+01
    endloop
  endfacet
  facet normal 5.686931e-01 -8.225498e-01 2.705818e-16
    outer loop
      vertex   9.150500e+00 -1.086165e+01 3.300000e+01
      vertex   8.538323e+00 -1.128490e+01 2.760000e+01
      vertex   9.150500e+00 -1.086165e+01 2.760000e+01
    endloop
  endfacet
  facet normal 6.426715e-01 -7.661418e-01 2.520262e-16
    outer loop
      vertex   9.150500e+00 -1.086165e+01 3.300000e+01
      vertex   9.150500e+00 -1.086165e+01 2.760000e+01
      vertex   9.720696e+00 -1.038335e+01 3.300000e+01
    endloop
  endfacet
  facet normal 6.426715e-01 -7.661418e-01 4.061618e-17
    outer loop
      vertex   9.720696e+00 -1.038335e+01 3.300000e+01
      vertex   9.150500e+00 -1.086165e+01 2.760000e+01
      vertex   9.720696e+00 -1.038335e+01 2.760000e+01
    endloop
  endfacet
  facet normal 7.110878e-01 -7.031032e-01 -2.626587e-18
    outer loop
      vertex   9.720696e+00 -1.038335e+01 3.300000e+01
      vertex   9.720696e+00 -1.038335e+01 2.760000e+01
      vertex   1.024398e+01 -9.854126e+00 3.300000e+01
    endloop
  endfacet
  facet normal 7.110878e-01 -7.031032e-01 4.625786e-16
    outer loop
      vertex   1.024398e+01 -9.854126e+00 3.300000e+01
      vertex   9.720696e+00 -1.038335e+01 2.760000e+01
      vertex   1.024398e+01 -9.854126e+00 2.760000e+01
    endloop
  endfacet
  facet normal 7.733499e-01 -6.339794e-01 4.171014e-16
    outer loop
      vertex   1.024398e+01 -9.854126e+00 3.300000e+01
      vertex   1.024398e+01 -9.854126e+00 2.760000e+01
      vertex   1.071581e+01 -9.278565e+00 3.300000e+01
    endloop
  endfacet
  facet normal 7.733499e-01 -6.339794e-01 -4.584662e-17
    outer loop
      vertex   1.071581e+01 -9.278565e+00 3.300000e+01
      vertex   1.024398e+01 -9.854126e+00 2.760000e+01
      vertex   1.071581e+01 -9.278565e+00 2.760000e+01
    endloop
  endfacet
  facet normal 8.289189e-01 -5.593688e-01 -8.866986e-17
    outer loop
      vertex   1.071581e+01 -9.278565e+00 3.300000e+01
      vertex   1.071581e+01 -9.278565e+00 2.760000e+01
      vertex   1.113212e+01 -8.661648e+00 3.300000e+01
    endloop
  endfacet
  facet normal 8.289189e-01 -5.593688e-01 4.566841e-16
    outer loop
      vertex   1.113212e+01 -8.661648e+00 3.300000e+01
      vertex   1.071581e+01 -9.278565e+00 2.760000e+01
      vertex   1.113212e+01 -8.661648e+00 2.760000e+01
    endloop
  endfacet
  facet normal 8.773139e-01 -4.799170e-01 4.464678e-16
    outer loop
      vertex   1.113212e+01 -8.661648e+00 3.300000e+01
      vertex   1.113212e+01 -8.661648e+00 2.760000e+01
      vertex   1.148929e+01 -8.008712e+00 3.300000e+01
    endloop
  endfacet
  facet normal 8.773139e-01 -4.799170e-01 -2.885968e-16
    outer loop
      vertex   1.148929e+01 -8.008712e+00 3.300000e+01
      vertex   1.113212e+01 -8.661648e+00 2.760000e+01
      vertex   1.148929e+01 -8.008712e+00 2.760000e+01
    endloop
  endfacet
  facet normal 9.181160e-01 -3.963117e-01 -3.020188e-16
    outer loop
      vertex   1.148929e+01 -8.008712e+00 3.300000e+01
      vertex   1.148929e+01 -8.008712e+00 2.760000e+01
      vertex   1.178425e+01 -7.325410e+00 3.300000e+01
    endloop
  endfacet
  facet normal 9.181160e-01 -3.963117e-01 8.908723e-17
    outer loop
      vertex   1.178425e+01 -7.325410e+00 3.300000e+01
      vertex   1.148929e+01 -8.008712e+00 2.760000e+01
      vertex   1.178425e+01 -7.325410e+00 2.760000e+01
    endloop
  endfacet
  facet normal 9.509722e-01 -3.092764e-01 -7.613005e-18
    outer loop
      vertex   1.178425e+01 -7.325410e+00 3.300000e+01
      vertex   1.178425e+01 -7.325410e+00 2.760000e+01
      vertex   1.201442e+01 -6.617656e+00 3.300000e+01
    endloop
  endfacet
  facet normal 9.509722e-01 -3.092764e-01 1.526070e-16
    outer loop
      vertex   1.201442e+01 -6.617656e+00 3.300000e+01
      vertex   1.178425e+01 -7.325410e+00 2.760000e+01
      vertex   1.201442e+01 -6.617656e+00 2.760000e+01
    endloop
  endfacet
  facet normal 9.755980e-01 -2.195645e-01 1.083402e-16
    outer loop
      vertex   1.201442e+01 -6.617656e+00 3.300000e+01
      vertex   1.201442e+01 -6.617656e+00 2.760000e+01
      vertex   1.217783e+01 -5.891573e+00 3.300000e+01
    endloop
  endfacet
  facet normal 9.755980e-01 -2.195645e-01 7.222682e-17
    outer loop
      vertex   1.217783e+01 -5.891573e+00 3.300000e+01
      vertex   1.201442e+01 -6.617656e+00 2.760000e+01
      vertex   1.217783e+01 -5.891573e+00 2.760000e+01
    endloop
  endfacet
  facet normal 9.917803e-01 -1.279523e-01 4.209053e-17
    outer loop
      vertex   1.217783e+01 -5.891573e+00 3.300000e+01
      vertex   1.217783e+01 -5.891573e+00 2.760000e+01
      vertex   1.227306e+01 -5.153447e+00 3.300000e+01
    endloop
  endfacet
  facet normal 9.917803e-01 -1.279523e-01 6.735474e-16
    outer loop
      vertex   1.227306e+01 -5.153447e+00 3.300000e+01
      vertex   1.217783e+01 -5.891573e+00 2.760000e+01
      vertex   1.227306e+01 -5.153447e+00 2.760000e+01
    endloop
  endfacet
  facet normal 9.993791e-01 -3.523267e-02 6.632964e-16
    outer loop
      vertex   1.227306e+01 -5.153447e+00 3.300000e+01
      vertex   1.227306e+01 -5.153447e+00 2.760000e+01
      vertex   1.229928e+01 -4.409665e+00 3.300000e+01
    endloop
  endfacet
  facet normal 9.993791e-01 -3.523267e-02 3.476989e-17
    outer loop
      vertex   1.229928e+01 -4.409665e+00 3.300000e+01
      vertex   1.227306e+01 -5.153447e+00 2.760000e+01
      vertex   1.229928e+01 -4.409665e+00 2.760000e+01
    endloop
  endfacet
  facet normal 9.983287e-01 5.779184e-02 -5.703274e-17
    outer loop
      vertex   1.229928e+01 -4.409665e+00 3.300000e+01
      vertex   1.229928e+01 -4.409665e+00 2.760000e+01
      vertex   1.225627e+01 -3.666666e+00 3.300000e+01
    endloop
  endfacet
  facet normal 9.983287e-01 5.779184e-02 -5.228001e-17
    outer loop
      vertex   1.225627e+01 -3.666666e+00 3.300000e+01
      vertex   1.229928e+01 -4.409665e+00 2.760000e+01
      vertex   1.225627e+01 -3.666666e+00 2.760000e+01
    endloop
  endfacet
  facet normal 1.000000e+00 0.000000e+00 0.000000e+00
    outer loop
      vertex   1.225627e+01 -3.666666e+00 2.760000e+01
      vertex   1.225627e+01 1.250000e+00 2.760000e+01
      vertex   1.225627e+01 -3.666666e+00 3.300000e+01
    endloop
  endfacet
  facet normal 1.000000e+00 0.000000e+00 0.000000e+00
    outer loop
      vertex   1.225627e+01 -3.666666e+00 3.300000e+01
      vertex   1.225627e+01 1.250000e+00 2.760000e+01
      vertex   1.225627e+01 1.250000e+00 3.300000e+01
    endloop
  endfacet
  facet normal 0.000000e+00 -7.071068e-01 7.071068e-01
    outer loop
      vertex   2.230000e+01 1.144998e+01 3.400000e+01
      vertex   1.730000e+01 1.144998e+01 3.400000e+01
      vertex   2.230000e+01 1.044998e+01 3.300000e+01
    endloop
  endfacet
  facet normal 2.512148e-16 -7.071068e-01 7.071068e-01
    outer loop
      vertex   2.230000e+01 1.044998e+01 3.300000e+01
      vertex   1.730000e+01 1.144998e+01 3.400000e+01
      vertex   1.730000e+01 1.044998e+01 3.300000e+01
    endloop
  endfacet
  facet normal -1.000000e+00 1.093143e-15 -1.093143e-15
    outer loop
      vertex   1.730000e+01 1.144998e+01 3.400000e+01
      vertex   1.730000e+01 1.794998e+01 3.400000e+01
      vertex   1.730000e+01 1.044998e+01 3.300000e+01
    endloop
  endfacet
  facet normal -1.000000e+00 8.359326e-16 8.359326e-16
    outer loop
      vertex   1.730000e+01 1.044998e+01 3.300000e+01
      vertex   1.730000e+01 1.794998e+01 3.400000e+01
      vertex   1.730000e+01 1.894998e+01 3.300000e+01
    endloop
  endfacet
  facet normal 0.000000e+00 0.000000e+00 1.000000e+00
    outer loop
      vertex   1.730000e+01 1.144998e+01 3.400000e+01
      vertex   2.230000e+01 1.144998e+01 3.400000e+01
      vertex   1.730000e+01 1.794998e+01 3.400000e+01
    endloop
  endfacet
  facet normal -0.000000e+00 0.000000e+00 1.000000e+00
    outer loop
      vertex   1.730000e+01 1.794998e+01 3.400000e+01
      vertex   2.230000e+01 1.144998e+01 3.400000e+01
      vertex   2.230000e+01 1.794998e+01 3.400000e+01
    endloop
  endfacet
  facet normal -0.000000e+00 7.071068e-01 7.071068e-01
    outer loop
      vertex   1.730000e+01 1.794998e+01 3.400000e+01
      vertex   2.230000e+01 1.794998e+01 3.400000e+01
      vertex   1.730000e+01 1.894998e+01 3.300000e+01
    endloop
  endfacet
  facet normal -0.000000e+00 7.071068e-01 7.071068e-01
    outer loop
      vertex   1.730000e+01 1.894998e+01 3.300000e+01
      vertex   2.230000e+01 1.794998e+01 3.400000e+01
      vertex   2.230000e+01 1.894998e+01 3.300000e+01
    endloop
  endfacet
  facet normal -9.094179e-15 -7.071068e-01 7.071068e-01
    outer loop
      vertex   7.300000e+00 1.044998e+01 3.300000e+01
      vertex   7.300000e+00 1.144998e+01 3.400000e+01
      vertex   6.195053e+00 1.044998e+01 3.300000e+01
    endloop
  endfacet
  facet normal 1.346593e-15 -7.071068e-01 7.071068e-01
    outer loop
      vertex   6.195053e+00 1.044998e+01 3.300000e+01
      vertex   7.300000e+00 1.144998e+01 3.400000e+01
      vertex   4.299791e+00 1.029120e+01 3.284121e+01
    endloop
  endfacet
  facet normal -3.667816e-15 -7.071068e-01 7.071068e-01
    outer loop
      vertex   6.195053e+00 1.044998e+01 3.300000e+01
      vertex   4.299791e+00 1.029120e+01 3.284121e+01
      vertex   4.527554e+00 1.028416e+01 3.283418e+01
    endloop
  endfacet
  facet normal -1.141885e-16 -7.071068e-01 7.071068e-01
    outer loop
      vertex   7.300000e+00 1.144998e+01 3.400000e+01
      vertex   -3.700000e+00 1.144998e+01 3.400000e+01
      vertex   4.299791e+00 1.029120e+01 3.284121e+01
    endloop
  endfacet
  facet normal -1.004859e-15 -7.071068e-01 7.071068e-01
    outer loop
      vertex   4.299791e+00 1.029120e+01 3.284121e+01
      vertex   -3.700000e+00 1.144998e+01 3.400000e+01
      vertex   -7.002087e-01 1.029120e+01 3.284121e+01
    endloop
  endfacet
  facet normal 1.688882e-15 -7.071068e-01 7.071068e-01
    outer loop
      vertex   -7.002087e-01 1.029120e+01 3.284121e+01
      vertex   -3.700000e+00 1.144998e+01 3.400000e+01
      vertex   -2.595470e+00 1.044998e+01 3.300000e+01
    endloop
  endfacet
  facet normal 2.050445e-14 -7.071068e-01 7.071068e-01
    outer loop
      vertex   -7.002087e-01 1.029120e+01 3.284121e+01
      vertex   -2.595470e+00 1.044998e+01 3.300000e+01
      vertex   -9.279712e-01 1.028416e+01 3.283418e+01
    endloop
  endfacet
  facet normal 1.774263e-15 -7.071068e-01 7.071068e-01
    outer loop
      vertex   -9.279712e-01 1.028416e+01 3.283418e+01
      vertex   -2.595470e+00 1.044998e+01 3.300000e+01
      vertex   -1.154866e+00 1.026309e+01 3.281311e+01
    endloop
  endfacet
  facet normal -1.901879e-15 -7.071068e-01 7.071068e-01
    outer loop
      vertex   -1.154866e+00 1.026309e+01 3.281311e+01
      vertex   -2.595470e+00 1.044998e+01 3.300000e+01
      vertex   -1.380027e+00 1.022805e+01 3.277807e+01
    endloop
  endfacet
  facet normal -9.945485e-15 -7.071068e-01 7.071068e-01
    outer loop
      vertex   -1.380027e+00 1.022805e+01 3.277807e+01
      vertex   -2.595470e+00 1.044998e+01 3.300000e+01
      vertex   -1.602598e+00 1.017919e+01 3.272921e+01
    endloop
  endfacet
  facet normal 4.951235e-15 -7.071068e-01 7.071068e-01
    outer loop
      vertex   -1.602598e+00 1.017919e+01 3.272921e+01
      vertex   -2.595470e+00 1.044998e+01 3.300000e+01
      vertex   -1.821730e+00 1.011669e+01 3.266671e+01
    endloop
  endfacet
  facet normal -2.202192e-15 -7.071068e-01 7.071068e-01
    outer loop
      vertex   -1.821730e+00 1.011669e+01 3.266671e+01
      vertex   -2.595470e+00 1.044998e+01 3.300000e+01
      vertex   -2.036588e+00 1.004079e+01 3.259081e+01
    endloop
  endfacet
  facet normal -1.382388e-14 -7.071068e-01 7.071068e-01
    outer loop
      vertex   -2.036588e+00 1.004079e+01 3.259081e+01
      vertex   -2.595470e+00 1.044998e+01 3.300000e+01
      vertex   -2.246353e+00 9.951773e+00 3.250179e+01
    endloop
  endfacet
  facet normal 4.544816e-15 -7.071068e-01 7.071068e-01
    outer loop
      vertex   -2.246353e+00 9.951773e+00 3.250179e+01
      vertex   -2.595470e+00 1.044998e+01 3.300000e+01
      vertex   -2.450225e+00 9.849982e+00 3.240000e+01
    endloop
  endfacet
  facet normal -1.137203e-15 -7.071068e-01 7.071068e-01
    outer loop
      vertex   -3.700000e+00 1.144998e+01 3.400000e+01
      vertex   -3.700000e+00 1.044998e+01 3.300000e+01
      vertex   -2.595470e+00 1.044998e+01 3.300000e+01
    endloop
  endfacet
  facet normal -1.774263e-15 -7.071068e-01 7.071068e-01
    outer loop
      vertex   4.527554e+00 1.028416e+01 3.283418e+01
      vertex   4.754448e+00 1.026309e+01 3.281311e+01
      vertex   6.195053e+00 1.044998e+01 3.300000e+01
    endloop
  endfacet
  facet normal 1.908505e-15 -7.071068e-01 7.071068e-01
    outer loop
      vertex   6.195053e+00 1.044998e+01 3.300000e+01
      vertex   4.754448e+00 1.026309e+01 3.281311e+01
      vertex   4.979610e+00 1.022805e+01 3.277807e+01
    endloop
  endfacet
  facet normal 9.922932e-15 -7.071068e-01 7.071068e-01
    outer loop
      vertex   6.195053e+00 1.044998e+01 3.300000e+01
      vertex   4.979610e+00 1.022805e+01 3.277807e+01
      vertex   5.202181e+00 1.017919e+01 3.272921e+01
    endloop
  endfacet
  facet normal -7.760303e-15 -7.071068e-01 7.071068e-01
    outer loop
      vertex   5.202181e+00 1.017919e+01 3.272921e+01
      vertex   5.421313e+00 1.011669e+01 3.266671e+01
      vertex   6.195053e+00 1.044998e+01 3.300000e+01
    endloop
  endfacet
  facet normal 1.581061e-14 -7.071068e-01 7.071068e-01
    outer loop
      vertex   6.195053e+00 1.044998e+01 3.300000e+01
      vertex   5.421313e+00 1.011669e+01 3.266671e+01
      vertex   5.636171e+00 1.004079e+01 3.259081e+01
    endloop
  endfacet
  facet normal -3.763569e-15 -7.071068e-01 7.071068e-01
    outer loop
      vertex   6.195053e+00 1.044998e+01 3.300000e+01
      vertex   5.636171e+00 1.004079e+01 3.259081e+01
      vertex   5.845935e+00 9.951773e+00 3.250179e+01
    endloop
  endfacet
  facet normal -3.614382e-15 -7.071068e-01 7.071068e-01
    outer loop
      vertex   5.845935e+00 9.951773e+00 3.250179e+01
      vertex   6.049808e+00 9.849982e+00 3.240000e+01
      vertex   6.195053e+00 1.044998e+01 3.300000e+01
    endloop
  endfacet
  facet normal -1.000000e+00 1.366428e-16 -1.366428e-16
    outer loop
      vertex   -3.700000e+00 1.144998e+01 3.400000e+01
      vertex   -3.700000e+00 1.794998e+01 3.400000e+01
      vertex   -3.700000e+00 1.044998e+01 3.300000e+01
    endloop
  endfacet
  facet normal -1.000000e+00 1.044916e-16 1.044916e-16
    outer loop
      vertex   -3.700000e+00 1.044998e+01 3.300000e+01
      vertex   -3.700000e+00 1.794998e+01 3.400000e+01
      vertex   -3.700000e+00 1.894998e+01 3.300000e+01
    endloop
  endfacet
  facet normal -0.000000e+00 0.000000e+00 1.000000e+00
    outer loop
      vertex   -3.700000e+00 1.144998e+01 3.400000e+01
      vertex   7.300000e+00 1.144998e+01 3.400000e+01
      vertex   -3.700000e+00 1.794998e+01 3.400000e+01
    endloop
  endfacet
  facet normal -0.000000e+00 0.000000e+00 1.000000e+00
    outer loop
      vertex   -3.700000e+00 1.794998e+01 3.400000e+01
      vertex   7.300000e+00 1.144998e+01 3.400000e+01
      vertex   7.300000e+00 1.794998e+01 3.400000e+01
    endloop
  endfacet
  facet normal -0.000000e+00 7.071068e-01 7.071068e-01
    outer loop
      vertex   -3.700000e+00 1.794998e+01 3.400000e+01
      vertex   7.300000e+00 1.794998e+01 3.400000e+01
      vertex   -3.700000e+00 1.894998e+01 3.300000e+01
    endloop
  endfacet
  facet normal -0.000000e+00 7.071068e-01 7.071068e-01
    outer loop
      vertex   -3.700000e+00 1.894998e+01 3.300000e+01
      vertex   7.300000e+00 1.794998e+01 3.400000e+01
      vertex   7.300000e+00 1.894998e+01 3.300000e+01
    endloop
  endfacet
  facet normal -0.000000e+00 7.071068e-01 7.071068e-01
    outer loop
      vertex   -1.870000e+01 1.794998e+01 3.400000e+01
      vertex   -1.370000e+01 1.794998e+01 3.400000e+01
      vertex   -1.870000e+01 1.894998e+01 3.300000e+01
    endloop
  endfacet
  facet normal -0.000000e+00 7.071068e-01 7.071068e-01
    outer loop
      vertex   -1.870000e+01 1.894998e+01 3.300000e+01
      vertex   -1.370000e+01 1.794998e+01 3.400000e+01
      vertex   -1.370000e+01 1.894998e+01 3.300000e+01
    endloop
  endfacet
  facet normal 1.000000e+00 0.000000e+00 0.000000e+00
    outer loop
      vertex   -1.370000e+01 1.794998e+01 3.400000e+01
      vertex   -1.370000e+01 1.144998e+01 3.400000e+01
      vertex   -1.370000e+01 1.894998e+01 3.300000e+01
    endloop
  endfacet
  facet normal 1.000000e+00 0.000000e+00 0.000000e+00
    outer loop
      vertex   -1.370000e+01 1.894998e+01 3.300000e+01
      vertex   -1.370000e+01 1.144998e+01 3.400000e+01
      vertex   -1.370000e+01 1.044998e+01 3.300000e+01
    endloop
  endfacet
  facet normal 0.000000e+00 0.000000e+00 1.000000e+00
    outer loop
      vertex   -1.370000e+01 1.794998e+01 3.400000e+01
      vertex   -1.870000e+01 1.794998e+01 3.400000e+01
      vertex   -1.370000e+01 1.144998e+01 3.400000e+01
    endloop
  endfacet
  facet normal 0.000000e+00 0.000000e+00 1.000000e+00
    outer loop
      vertex   -1.370000e+01 1.144998e+01 3.400000e+01
      vertex   -1.870000e+01 1.794998e+01 3.400000e+01
      vertex   -1.870000e+01 1.144998e+01 3.400000e+01
    endloop
  endfacet
  facet normal -5.024296e-16 -7.071068e-01 7.071068e-01
    outer loop
      vertex   -1.370000e+01 1.144998e+01 3.400000e+01
      vertex   -1.870000e+01 1.144998e+01 3.400000e+01
      vertex   -1.370000e+01 1.044998e+01 3.300000e+01
    endloop
  endfacet
  facet normal 0.000000e+00 -7.071068e-01 7.071068e-01
    outer loop
      vertex   -1.370000e+01 1.044998e+01 3.300000e+01
      vertex   -1.870000e+01 1.144998e+01 3.400000e+01
      vertex   -1.870000e+01 1.044998e+01 3.300000e+01
    endloop
  endfacet
  facet normal -7.032775e-01 -6.329612e-02 -7.080920e-01
    outer loop
      vertex   1.441545e+01 1.508388e+01 2.900000e+01
      vertex   1.641593e+01 1.523067e+01 2.700000e+01
      vertex   1.445000e+01 1.469998e+01 2.900000e+01
    endloop
  endfacet
  facet normal -7.063792e-01 -4.535105e-02 -7.063792e-01
    outer loop
      vertex   1.445000e+01 1.469998e+01 2.900000e+01
      vertex   1.641593e+01 1.523067e+01 2.700000e+01
      vertex   1.645000e+01 1.469998e+01 2.700000e+01
    endloop
  endfacet
  facet normal -7.063792e-01 4.535105e-02 -7.063792e-01
    outer loop
      vertex   1.445000e+01 1.469998e+01 2.900000e+01
      vertex   1.645000e+01 1.469998e+01 2.700000e+01
      vertex   1.641593e+01 1.416929e+01 2.700000e+01
    endloop
  endfacet
  facet normal -6.955175e-01 -1.354520e-01 -7.056261e-01
    outer loop
      vertex   1.641593e+01 1.523067e+01 2.700000e+01
      vertex   1.441545e+01 1.508388e+01 2.900000e+01
      vertex   1.631427e+01 1.575265e+01 2.700000e+01
    endloop
  endfacet
  facet normal -6.802094e-01 -1.877259e-01 -7.085719e-01
    outer loop
      vertex   1.631427e+01 1.575265e+01 2.700000e+01
      vertex   1.441545e+01 1.508388e+01 2.900000e+01
      vertex   1.431291e+01 1.545544e+01 2.900000e+01
    endloop
  endfacet
  facet normal -6.722484e-01 -2.232019e-01 -7.058775e-01
    outer loop
      vertex   1.631427e+01 1.575265e+01 2.700000e+01
      vertex   1.431291e+01 1.545544e+01 2.900000e+01
      vertex   1.614670e+01 1.625734e+01 2.700000e+01
    endloop
  endfacet
  facet normal -6.370607e-01 -3.067923e-01 -7.071295e-01
    outer loop
      vertex   1.614670e+01 1.625734e+01 2.700000e+01
      vertex   1.431291e+01 1.545544e+01 2.900000e+01
      vertex   1.414567e+01 1.580272e+01 2.900000e+01
    endloop
  endfacet
  facet normal -6.370607e-01 -3.067923e-01 -7.071295e-01
    outer loop
      vertex   1.614670e+01 1.625734e+01 2.700000e+01
      vertex   1.414567e+01 1.580272e+01 2.900000e+01
      vertex   1.591597e+01 1.673646e+01 2.700000e+01
    endloop
  endfacet
  facet normal -5.936463e-01 -3.864209e-01 -7.058775e-01
    outer loop
      vertex   1.591597e+01 1.673646e+01 2.700000e+01
      vertex   1.414567e+01 1.580272e+01 2.900000e+01
      vertex   1.562587e+01 1.718214e+01 2.700000e+01
    endloop
  endfacet
  facet normal -5.708736e-01 -4.147639e-01 -7.085719e-01
    outer loop
      vertex   1.562587e+01 1.718214e+01 2.700000e+01
      vertex   1.414567e+01 1.580272e+01 2.900000e+01
      vertex   1.391910e+01 1.611455e+01 2.900000e+01
    endloop
  endfacet
  facet normal -5.395487e-01 -4.593245e-01 -7.056261e-01
    outer loop
      vertex   1.562587e+01 1.718214e+01 2.700000e+01
      vertex   1.391910e+01 1.611455e+01 2.900000e+01
      vertex   1.528115e+01 1.758706e+01 2.700000e+01
    endloop
  endfacet
  facet normal -4.879733e-01 -5.103800e-01 -7.080920e-01
    outer loop
      vertex   1.528115e+01 1.758706e+01 2.700000e+01
      vertex   1.391910e+01 1.611455e+01 2.900000e+01
      vertex   1.364050e+01 1.638092e+01 2.900000e+01
    endloop
  endfacet
  facet normal -4.758771e-01 -5.239936e-01 -7.063792e-01
    outer loop
      vertex   1.528115e+01 1.758706e+01 2.700000e+01
      vertex   1.364050e+01 1.638092e+01 2.900000e+01
      vertex   1.488748e+01 1.794458e+01 2.700000e+01
    endloop
  endfacet
  facet normal -4.049634e-01 -5.805455e-01 -7.063792e-01
    outer loop
      vertex   1.488748e+01 1.794458e+01 2.700000e+01
      vertex   1.364050e+01 1.638092e+01 2.900000e+01
      vertex   1.445133e+01 1.824882e+01 2.700000e+01
    endloop
  endfacet
  facet normal -3.889995e-01 -5.893090e-01 -7.080920e-01
    outer loop
      vertex   1.445133e+01 1.824882e+01 2.700000e+01
      vertex   1.364050e+01 1.638092e+01 2.900000e+01
      vertex   1.331882e+01 1.659326e+01 2.900000e+01
    endloop
  endfacet
  facet normal -3.277474e-01 -6.282304e-01 -7.056261e-01
    outer loop
      vertex   1.445133e+01 1.824882e+01 2.700000e+01
      vertex   1.331882e+01 1.659326e+01 2.900000e+01
      vertex   1.397985e+01 1.849479e+01 2.700000e+01
    endloop
  endfacet
  facet normal -2.773336e-01 -6.488543e-01 -7.085719e-01
    outer loop
      vertex   1.397985e+01 1.849479e+01 2.700000e+01
      vertex   1.331882e+01 1.659326e+01 2.900000e+01
      vertex   1.296439e+01 1.674475e+01 2.900000e+01
    endloop
  endfacet
  facet normal -2.446338e-01 -6.647491e-01 -7.058775e-01
    outer loop
      vertex   1.397985e+01 1.849479e+01 2.700000e+01
      vertex   1.296439e+01 1.674475e+01 2.900000e+01
      vertex   1.348079e+01 1.867845e+01 2.700000e+01
    endloop
  endfacet
  facet normal -1.573410e-01 -6.893560e-01 -7.071295e-01
    outer loop
      vertex   1.348079e+01 1.867845e+01 2.700000e+01
      vertex   1.296439e+01 1.674475e+01 2.900000e+01
      vertex   1.258860e+01 1.683052e+01 2.900000e+01
    endloop
  endfacet
  facet normal -1.573410e-01 -6.893560e-01 -7.071295e-01
    outer loop
      vertex   1.348079e+01 1.867845e+01 2.700000e+01
      vertex   1.258860e+01 1.683052e+01 2.900000e+01
      vertex   1.296234e+01 1.879679e+01 2.700000e+01
    endloop
  endfacet
  facet normal -6.801637e-02 -7.050608e-01 -7.058775e-01
    outer loop
      vertex   1.296234e+01 1.879679e+01 2.700000e+01
      vertex   1.258860e+01 1.683052e+01 2.900000e+01
      vertex   1.243301e+01 1.884785e+01 2.700000e+01
    endloop
  endfacet
  facet normal -3.165835e-02 -7.049280e-01 -7.085719e-01
    outer loop
      vertex   1.243301e+01 1.884785e+01 2.700000e+01
      vertex   1.258860e+01 1.683052e+01 2.900000e+01
      vertex   1.220354e+01 1.684782e+01 2.900000e+01
    endloop
  endfacet
  facet normal 2.271125e-02 -7.082203e-01 -7.056261e-01
    outer loop
      vertex   1.243301e+01 1.884785e+01 2.700000e+01
      vertex   1.220354e+01 1.684782e+01 2.900000e+01
      vertex   1.190150e+01 1.883081e+01 2.700000e+01
    endloop
  endfacet
  facet normal 9.478482e-02 -6.997296e-01 -7.080920e-01
    outer loop
      vertex   1.190150e+01 1.883081e+01 2.700000e+01
      vertex   1.220354e+01 1.684782e+01 2.900000e+01
      vertex   1.182158e+01 1.679608e+01 2.900000e+01
    endloop
  endfacet
  facet normal 1.129702e-01 -6.987604e-01 -7.063792e-01
    outer loop
      vertex   1.190150e+01 1.883081e+01 2.700000e+01
      vertex   1.182158e+01 1.679608e+01 2.900000e+01
      vertex   1.137654e+01 1.874593e+01 2.700000e+01
    endloop
  endfacet
  facet normal 2.013982e-01 -6.785773e-01 -7.063792e-01
    outer loop
      vertex   1.137654e+01 1.874593e+01 2.700000e+01
      vertex   1.182158e+01 1.679608e+01 2.900000e+01
      vertex   1.086674e+01 1.859463e+01 2.700000e+01
    endloop
  endfacet
  facet normal 2.182031e-01 -6.715602e-01 -7.080920e-01
    outer loop
      vertex   1.086674e+01 1.859463e+01 2.700000e+01
      vertex   1.182158e+01 1.679608e+01 2.900000e+01
      vertex   1.145500e+01 1.667697e+01 2.900000e+01
    endloop
  endfacet
  facet normal 2.868232e-01 -6.479385e-01 -7.056261e-01
    outer loop
      vertex   1.086674e+01 1.859463e+01 2.700000e+01
      vertex   1.145500e+01 1.667697e+01 2.900000e+01
      vertex   1.038047e+01 1.837937e+01 2.700000e+01
    endloop
  endfacet
  facet normal 3.343800e-01 -6.213822e-01 -7.085719e-01
    outer loop
      vertex   1.038047e+01 1.837937e+01 2.700000e+01
      vertex   1.145500e+01 1.667697e+01 2.900000e+01
      vertex   1.111557e+01 1.649431e+01 2.900000e+01
    endloop
  endfacet
  facet normal 3.671951e-01 -6.057267e-01 -7.058775e-01
    outer loop
      vertex   1.038047e+01 1.837937e+01 2.700000e+01
      vertex   1.111557e+01 1.649431e+01 2.900000e+01
      vertex   9.925716e+00 1.810370e+01 2.700000e+01
    endloop
  endfacet
  facet normal 4.408597e-01 -5.528206e-01 -7.071295e-01
    outer loop
      vertex   9.925716e+00 1.810370e+01 2.700000e+01
      vertex   1.111557e+01 1.649431e+01 2.900000e+01
      vertex   1.081422e+01 1.625399e+01 2.900000e+01
    endloop
  endfacet
  facet normal 4.408597e-01 -5.528206e-01 -7.071295e-01
    outer loop
      vertex   9.925716e+00 1.810370e+01 2.700000e+01
      vertex   1.081422e+01 1.625399e+01 2.900000e+01
      vertex   9.509952e+00 1.777214e+01 2.700000e+01
    endloop
  endfacet
  facet normal 5.088312e-01 -4.927756e-01 -7.058775e-01
    outer loop
      vertex   9.509952e+00 1.777214e+01 2.700000e+01
      vertex   1.081422e+01 1.625399e+01 2.900000e+01
      vertex   9.140000e+00 1.739013e+01 2.700000e+01
    endloop
  endfacet
  facet normal 5.313963e-01 -4.642669e-01 -7.085719e-01
    outer loop
      vertex   9.140000e+00 1.739013e+01 2.700000e+01
      vertex   1.081422e+01 1.625399e+01 2.900000e+01
      vertex   1.056061e+01 1.596372e+01 2.900000e+01
    endloop
  endfacet
  facet normal 5.678692e-01 -4.238118e-01 -7.056261e-01
    outer loop
      vertex   9.140000e+00 1.739013e+01 2.700000e+01
      vertex   1.056061e+01 1.596372e+01 2.900000e+01
      vertex   8.821935e+00 1.696395e+01 2.700000e+01
    endloop
  endfacet
  facet normal 6.061680e-01 -3.621685e-01 -7.080920e-01
    outer loop
      vertex   8.821935e+00 1.696395e+01 2.700000e+01
      vertex   1.056061e+01 1.596372e+01 2.900000e+01
      vertex   1.036292e+01 1.563283e+01 2.900000e+01
    endloop
  endfacet
  facet normal 6.167486e-01 -3.473464e-01 -7.063792e-01
    outer loop
      vertex   8.821935e+00 1.696395e+01 2.700000e+01
      vertex   1.036292e+01 1.563283e+01 2.900000e+01
      vertex   8.560980e+00 1.650060e+01 2.700000e+01
    endloop
  endfacet
  facet normal 6.561028e-01 -2.656266e-01 -7.063792e-01
    outer loop
      vertex   8.560980e+00 1.650060e+01 2.700000e+01
      vertex   1.036292e+01 1.563283e+01 2.900000e+01
      vertex   8.361419e+00 1.600768e+01 2.700000e+01
    endloop
  endfacet
  facet normal 6.610943e-01 -2.481129e-01 -7.080920e-01
    outer loop
      vertex   8.361419e+00 1.600768e+01 2.700000e+01
      vertex   1.036292e+01 1.563283e+01 2.900000e+01
      vertex   1.022748e+01 1.527196e+01 2.900000e+01
    endloop
  endfacet
  facet normal 6.854100e-01 -1.797357e-01 -7.056261e-01
    outer loop
      vertex   8.361419e+00 1.600768e+01 2.700000e+01
      vertex   1.022748e+01 1.527196e+01 2.900000e+01
      vertex   8.226530e+00 1.549329e+01 2.700000e+01
    endloop
  endfacet
  facet normal 6.942987e-01 -1.259966e-01 -7.085719e-01
    outer loop
      vertex   8.226530e+00 1.549329e+01 2.700000e+01
      vertex   1.022748e+01 1.527196e+01 2.900000e+01
      vertex   1.015866e+01 1.489271e+01 2.900000e+01
    endloop
  endfacet
  facet normal 7.025186e-01 -9.057974e-02 -7.058775e-01
    outer loop
      vertex   8.226530e+00 1.549329e+01 2.700000e+01
      vertex   1.015866e+01 1.489271e+01 2.900000e+01
      vertex   8.158527e+00 1.496587e+01 2.700000e+01
    endloop
  endfacet
  facet normal 7.070840e-01 0.000000e+00 -7.071295e-01
    outer loop
      vertex   8.158527e+00 1.496587e+01 2.700000e+01
      vertex   1.015866e+01 1.489271e+01 2.900000e+01
      vertex   1.015866e+01 1.450726e+01 2.900000e+01
    endloop
  endfacet
  facet normal 7.070840e-01 0.000000e+00 -7.071295e-01
    outer loop
      vertex   8.158527e+00 1.496587e+01 2.700000e+01
      vertex   1.015866e+01 1.450726e+01 2.900000e+01
      vertex   8.158527e+00 1.443409e+01 2.700000e+01
    endloop
  endfacet
  facet normal 7.025186e-01 9.057974e-02 -7.058775e-01
    outer loop
      vertex   8.158527e+00 1.443409e+01 2.700000e+01
      vertex   1.015866e+01 1.450726e+01 2.900000e+01
      vertex   8.226530e+00 1.390667e+01 2.700000e+01
    endloop
  endfacet
  facet normal 6.942987e-01 1.259966e-01 -7.085719e-01
    outer loop
      vertex   8.226530e+00 1.390667e+01 2.700000e+01
      vertex   1.015866e+01 1.450726e+01 2.900000e+01
      vertex   1.022748e+01 1.412800e+01 2.900000e+01
    endloop
  endfacet
  facet normal 6.854100e-01 1.797357e-01 -7.056261e-01
    outer loop
      vertex   8.226530e+00 1.390667e+01 2.700000e+01
      vertex   1.022748e+01 1.412800e+01 2.900000e+01
      vertex   8.361419e+00 1.339228e+01 2.700000e+01
    endloop
  endfacet
  facet normal 6.610943e-01 2.481129e-01 -7.080920e-01
    outer loop
      vertex   8.361419e+00 1.339228e+01 2.700000e+01
      vertex   1.022748e+01 1.412800e+01 2.900000e+01
      vertex   1.036292e+01 1.376713e+01 2.900000e+01
    endloop
  endfacet
  facet normal 6.561028e-01 2.656266e-01 -7.063792e-01
    outer loop
      vertex   8.361419e+00 1.339228e+01 2.700000e+01
      vertex   1.036292e+01 1.376713e+01 2.900000e+01
      vertex   8.560980e+00 1.289936e+01 2.700000e+01
    endloop
  endfacet
  facet normal 6.167486e-01 3.473464e-01 -7.063792e-01
    outer loop
      vertex   8.560980e+00 1.289936e+01 2.700000e+01
      vertex   1.036292e+01 1.376713e+01 2.900000e+01
      vertex   8.821935e+00 1.243601e+01 2.700000e+01
    endloop
  endfacet
  facet normal 6.061680e-01 3.621685e-01 -7.080920e-01
    outer loop
      vertex   8.821935e+00 1.243601e+01 2.700000e+01
      vertex   1.036292e+01 1.376713e+01 2.900000e+01
      vertex   1.056061e+01 1.343624e+01 2.900000e+01
    endloop
  endfacet
  facet normal 5.678692e-01 4.238118e-01 -7.056261e-01
    outer loop
      vertex   8.821935e+00 1.243601e+01 2.700000e+01
      vertex   1.056061e+01 1.343624e+01 2.900000e+01
      vertex   9.140000e+00 1.200983e+01 2.700000e+01
    endloop
  endfacet
  facet normal 5.313963e-01 4.642669e-01 -7.085719e-01
    outer loop
      vertex   9.140000e+00 1.200983e+01 2.700000e+01
      vertex   1.056061e+01 1.343624e+01 2.900000e+01
      vertex   1.081422e+01 1.314597e+01 2.900000e+01
    endloop
  endfacet
  facet normal 5.088312e-01 4.927756e-01 -7.058775e-01
    outer loop
      vertex   9.140000e+00 1.200983e+01 2.700000e+01
      vertex   1.081422e+01 1.314597e+01 2.900000e+01
      vertex   9.509952e+00 1.162783e+01 2.700000e+01
    endloop
  endfacet
  facet normal 4.408597e-01 5.528206e-01 -7.071295e-01
    outer loop
      vertex   9.509952e+00 1.162783e+01 2.700000e+01
      vertex   1.081422e+01 1.314597e+01 2.900000e+01
      vertex   1.111557e+01 1.290565e+01 2.900000e+01
    endloop
  endfacet
  facet normal 4.408597e-01 5.528206e-01 -7.071295e-01
    outer loop
      vertex   9.509952e+00 1.162783e+01 2.700000e+01
      vertex   1.111557e+01 1.290565e+01 2.900000e+01
      vertex   9.925716e+00 1.129627e+01 2.700000e+01
    endloop
  endfacet
  facet normal 3.671951e-01 6.057267e-01 -7.058775e-01
    outer loop
      vertex   9.925716e+00 1.129627e+01 2.700000e+01
      vertex   1.111557e+01 1.290565e+01 2.900000e+01
      vertex   1.038047e+01 1.102060e+01 2.700000e+01
    endloop
  endfacet
  facet normal 3.343800e-01 6.213822e-01 -7.085719e-01
    outer loop
      vertex   1.038047e+01 1.102060e+01 2.700000e+01
      vertex   1.111557e+01 1.290565e+01 2.900000e+01
      vertex   1.145500e+01 1.272300e+01 2.900000e+01
    endloop
  endfacet
  facet normal 2.868232e-01 6.479385e-01 -7.056261e-01
    outer loop
      vertex   1.038047e+01 1.102060e+01 2.700000e+01
      vertex   1.145500e+01 1.272300e+01 2.900000e+01
      vertex   1.086674e+01 1.080534e+01 2.700000e+01
    endloop
  endfacet
  facet normal 2.182031e-01 6.715602e-01 -7.080920e-01
    outer loop
      vertex   1.086674e+01 1.080534e+01 2.700000e+01
      vertex   1.145500e+01 1.272300e+01 2.900000e+01
      vertex   1.182158e+01 1.260389e+01 2.900000e+01
    endloop
  endfacet
  facet normal 2.013982e-01 6.785773e-01 -7.063792e-01
    outer loop
      vertex   1.086674e+01 1.080534e+01 2.700000e+01
      vertex   1.182158e+01 1.260389e+01 2.900000e+01
      vertex   1.137654e+01 1.065403e+01 2.700000e+01
    endloop
  endfacet
  facet normal 1.129702e-01 6.987604e-01 -7.063792e-01
    outer loop
      vertex   1.137654e+01 1.065403e+01 2.700000e+01
      vertex   1.182158e+01 1.260389e+01 2.900000e+01
      vertex   1.190150e+01 1.056916e+01 2.700000e+01
    endloop
  endfacet
  facet normal 9.478482e-02 6.997296e-01 -7.080920e-01
    outer loop
      vertex   1.190150e+01 1.056916e+01 2.700000e+01
      vertex   1.182158e+01 1.260389e+01 2.900000e+01
      vertex   1.220354e+01 1.255215e+01 2.900000e+01
    endloop
  endfacet
  facet normal 2.271125e-02 7.082203e-01 -7.056261e-01
    outer loop
      vertex   1.190150e+01 1.056916e+01 2.700000e+01
      vertex   1.220354e+01 1.255215e+01 2.900000e+01
      vertex   1.243301e+01 1.055211e+01 2.700000e+01
    endloop
  endfacet
  facet normal -3.165835e-02 7.049280e-01 -7.085719e-01
    outer loop
      vertex   1.243301e+01 1.055211e+01 2.700000e+01
      vertex   1.220354e+01 1.255215e+01 2.900000e+01
      vertex   1.258860e+01 1.256944e+01 2.900000e+01
    endloop
  endfacet
  facet normal -6.801637e-02 7.050608e-01 -7.058775e-01
    outer loop
      vertex   1.243301e+01 1.055211e+01 2.700000e+01
      vertex   1.258860e+01 1.256944e+01 2.900000e+01
      vertex   1.296234e+01 1.060318e+01 2.700000e+01
    endloop
  endfacet
  facet normal -1.573410e-01 6.893560e-01 -7.071295e-01
    outer loop
      vertex   1.296234e+01 1.060318e+01 2.700000e+01
      vertex   1.258860e+01 1.256944e+01 2.900000e+01
      vertex   1.296439e+01 1.265521e+01 2.900000e+01
    endloop
  endfacet
  facet normal -1.573410e-01 6.893560e-01 -7.071295e-01
    outer loop
      vertex   1.296234e+01 1.060318e+01 2.700000e+01
      vertex   1.296439e+01 1.265521e+01 2.900000e+01
      vertex   1.348079e+01 1.072151e+01 2.700000e+01
    endloop
  endfacet
  facet normal -2.446338e-01 6.647491e-01 -7.058775e-01
    outer loop
      vertex   1.348079e+01 1.072151e+01 2.700000e+01
      vertex   1.296439e+01 1.265521e+01 2.900000e+01
      vertex   1.397985e+01 1.090517e+01 2.700000e+01
    endloop
  endfacet
  facet normal -2.773336e-01 6.488543e-01 -7.085719e-01
    outer loop
      vertex   1.397985e+01 1.090517e+01 2.700000e+01
      vertex   1.296439e+01 1.265521e+01 2.900000e+01
      vertex   1.331882e+01 1.280670e+01 2.900000e+01
    endloop
  endfacet
  facet normal -3.277474e-01 6.282304e-01 -7.056261e-01
    outer loop
      vertex   1.397985e+01 1.090517e+01 2.700000e+01
      vertex   1.331882e+01 1.280670e+01 2.900000e+01
      vertex   1.445133e+01 1.115114e+01 2.700000e+01
    endloop
  endfacet
  facet normal -3.889995e-01 5.893090e-01 -7.080920e-01
    outer loop
      vertex   1.445133e+01 1.115114e+01 2.700000e+01
      vertex   1.331882e+01 1.280670e+01 2.900000e+01
      vertex   1.364050e+01 1.301904e+01 2.900000e+01
    endloop
  endfacet
  facet normal -4.049634e-01 5.805455e-01 -7.063792e-01
    outer loop
      vertex   1.445133e+01 1.115114e+01 2.700000e+01
      vertex   1.364050e+01 1.301904e+01 2.900000e+01
      vertex   1.488748e+01 1.145538e+01 2.700000e+01
    endloop
  endfacet
  facet normal -4.758771e-01 5.239936e-01 -7.063792e-01
    outer loop
      vertex   1.488748e+01 1.145538e+01 2.700000e+01
      vertex   1.364050e+01 1.301904e+01 2.900000e+01
      vertex   1.528115e+01 1.181290e+01 2.700000e+01
    endloop
  endfacet
  facet normal -4.879733e-01 5.103800e-01 -7.080920e-01
    outer loop
      vertex   1.528115e+01 1.181290e+01 2.700000e+01
      vertex   1.364050e+01 1.301904e+01 2.900000e+01
      vertex   1.391910e+01 1.328541e+01 2.900000e+01
    endloop
  endfacet
  facet normal -5.395487e-01 4.593245e-01 -7.056261e-01
    outer loop
      vertex   1.528115e+01 1.181290e+01 2.700000e+01
      vertex   1.391910e+01 1.328541e+01 2.900000e+01
      vertex   1.562587e+01 1.221782e+01 2.700000e+01
    endloop
  endfacet
  facet normal -5.708736e-01 4.147639e-01 -7.085719e-01
    outer loop
      vertex   1.562587e+01 1.221782e+01 2.700000e+01
      vertex   1.391910e+01 1.328541e+01 2.900000e+01
      vertex   1.414567e+01 1.359725e+01 2.900000e+01
    endloop
  endfacet
  facet normal -5.936463e-01 3.864209e-01 -7.058775e-01
    outer loop
      vertex   1.562587e+01 1.221782e+01 2.700000e+01
      vertex   1.414567e+01 1.359725e+01 2.900000e+01
      vertex   1.591597e+01 1.266350e+01 2.700000e+01
    endloop
  endfacet
  facet normal -6.370607e-01 3.067923e-01 -7.071295e-01
    outer loop
      vertex   1.591597e+01 1.266350e+01 2.700000e+01
      vertex   1.414567e+01 1.359725e+01 2.900000e+01
      vertex   1.431291e+01 1.394453e+01 2.900000e+01
    endloop
  endfacet
  facet normal -6.370607e-01 3.067923e-01 -7.071295e-01
    outer loop
      vertex   1.591597e+01 1.266350e+01 2.700000e+01
      vertex   1.431291e+01 1.394453e+01 2.900000e+01
      vertex   1.614670e+01 1.314262e+01 2.700000e+01
    endloop
  endfacet
  facet normal -6.722484e-01 2.232019e-01 -7.058775e-01
    outer loop
      vertex   1.614670e+01 1.314262e+01 2.700000e+01
      vertex   1.431291e+01 1.394453e+01 2.900000e+01
      vertex   1.631427e+01 1.364732e+01 2.700000e+01
    endloop
  endfacet
  facet normal -6.802094e-01 1.877259e-01 -7.085719e-01
    outer loop
      vertex   1.631427e+01 1.364732e+01 2.700000e+01
      vertex   1.431291e+01 1.394453e+01 2.900000e+01
      vertex   1.441545e+01 1.431608e+01 2.900000e+01
    endloop
  endfacet
  facet normal -6.955175e-01 1.354520e-01 -7.056261e-01
    outer loop
      vertex   1.631427e+01 1.364732e+01 2.700000e+01
      vertex   1.441545e+01 1.431608e+01 2.900000e+01
      vertex   1.641593e+01 1.416929e+01 2.700000e+01
    endloop
  endfacet
  facet normal -7.032775e-01 6.329612e-02 -7.080920e-01
    outer loop
      vertex   1.641593e+01 1.416929e+01 2.700000e+01
      vertex   1.441545e+01 1.431608e+01 2.900000e+01
      vertex   1.445000e+01 1.469998e+01 2.900000e+01
    endloop
  endfacet
  facet normal -9.959743e-01 -8.963931e-02 -0.000000e+00
    outer loop
      vertex   1.441545e+01 1.508388e+01 3.300000e+01
      vertex   1.441545e+01 1.508388e+01 2.900000e+01
      vertex   1.445000e+01 1.469998e+01 3.300000e+01
    endloop
  endfacet
  facet normal -9.959743e-01 -8.963931e-02 -0.000000e+00
    outer loop
      vertex   1.445000e+01 1.469998e+01 3.300000e+01
      vertex   1.441545e+01 1.508388e+01 2.900000e+01
      vertex   1.445000e+01 1.469998e+01 2.900000e+01
    endloop
  endfacet
  facet normal -9.959743e-01 8.963931e-02 0.000000e+00
    outer loop
      vertex   1.445000e+01 1.469998e+01 3.300000e+01
      vertex   1.445000e+01 1.469998e+01 2.900000e+01
      vertex   1.441545e+01 1.431608e+01 3.300000e+01
    endloop
  endfacet
  facet normal -9.959743e-01 8.963931e-02 0.000000e+00
    outer loop
      vertex   1.441545e+01 1.431608e+01 3.300000e+01
      vertex   1.445000e+01 1.469998e+01 2.900000e+01
      vertex   1.441545e+01 1.431608e+01 2.900000e+01
    endloop
  endfacet
  facet normal -9.639629e-01 2.660368e-01 0.000000e+00
    outer loop
      vertex   1.441545e+01 1.431608e+01 3.300000e+01
      vertex   1.441545e+01 1.431608e+01 2.900000e+01
      vertex   1.431291e+01 1.394453e+01 3.300000e+01
    endloop
  endfacet
  facet normal -9.639629e-01 2.660368e-01 0.000000e+00
    outer loop
      vertex   1.431291e+01 1.394453e+01 3.300000e+01
      vertex   1.441545e+01 1.431608e+01 2.900000e+01
      vertex   1.431291e+01 1.394453e+01 2.900000e+01
    endloop
  endfacet
  facet normal -9.009689e-01 4.338837e-01 0.000000e+00
    outer loop
      vertex   1.431291e+01 1.394453e+01 3.300000e+01
      vertex   1.431291e+01 1.394453e+01 2.900000e+01
      vertex   1.414567e+01 1.359725e+01 3.300000e+01
    endloop
  endfacet
  facet normal -9.009689e-01 4.338837e-01 0.000000e+00
    outer loop
      vertex   1.414567e+01 1.359725e+01 3.300000e+01
      vertex   1.431291e+01 1.394453e+01 2.900000e+01
      vertex   1.414567e+01 1.359725e+01 2.900000e+01
    endloop
  endfacet
  facet normal -8.090170e-01 5.877853e-01 0.000000e+00
    outer loop
      vertex   1.414567e+01 1.359725e+01 3.300000e+01
      vertex   1.414567e+01 1.359725e+01 2.900000e+01
      vertex   1.391910e+01 1.328541e+01 3.300000e+01
    endloop
  endfacet
  facet normal -8.090170e-01 5.877853e-01 0.000000e+00
    outer loop
      vertex   1.391910e+01 1.328541e+01 3.300000e+01
      vertex   1.414567e+01 1.359725e+01 2.900000e+01
      vertex   1.391910e+01 1.328541e+01 2.900000e+01
    endloop
  endfacet
  facet normal -6.910626e-01 7.227949e-01 0.000000e+00
    outer loop
      vertex   1.391910e+01 1.328541e+01 3.300000e+01
      vertex   1.391910e+01 1.328541e+01 2.900000e+01
      vertex   1.364050e+01 1.301904e+01 3.300000e+01
    endloop
  endfacet
  facet normal -6.910626e-01 7.227949e-01 0.000000e+00
    outer loop
      vertex   1.364050e+01 1.301904e+01 3.300000e+01
      vertex   1.391910e+01 1.328541e+01 2.900000e+01
      vertex   1.364050e+01 1.301904e+01 2.900000e+01
    endloop
  endfacet
  facet normal -5.508970e-01 8.345733e-01 0.000000e+00
    outer loop
      vertex   1.364050e+01 1.301904e+01 3.300000e+01
      vertex   1.364050e+01 1.301904e+01 2.900000e+01
      vertex   1.331882e+01 1.280670e+01 3.300000e+01
    endloop
  endfacet
  facet normal -5.508970e-01 8.345733e-01 0.000000e+00
    outer loop
      vertex   1.331882e+01 1.280670e+01 3.300000e+01
      vertex   1.364050e+01 1.301904e+01 2.900000e+01
      vertex   1.331882e+01 1.280670e+01 2.900000e+01
    endloop
  endfacet
  facet normal -3.930250e-01 9.195278e-01 0.000000e+00
    outer loop
      vertex   1.331882e+01 1.280670e+01 3.300000e+01
      vertex   1.331882e+01 1.280670e+01 2.900000e+01
      vertex   1.296439e+01 1.265521e+01 3.300000e+01
    endloop
  endfacet
  facet normal -3.930250e-01 9.195278e-01 0.000000e+00
    outer loop
      vertex   1.296439e+01 1.265521e+01 3.300000e+01
      vertex   1.331882e+01 1.280670e+01 2.900000e+01
      vertex   1.296439e+01 1.265521e+01 2.900000e+01
    endloop
  endfacet
  facet normal -2.225209e-01 9.749279e-01 0.000000e+00
    outer loop
      vertex   1.296439e+01 1.265521e+01 3.300000e+01
      vertex   1.296439e+01 1.265521e+01 2.900000e+01
      vertex   1.258860e+01 1.256944e+01 3.300000e+01
    endloop
  endfacet
  facet normal -2.225209e-01 9.749279e-01 0.000000e+00
    outer loop
      vertex   1.258860e+01 1.256944e+01 3.300000e+01
      vertex   1.296439e+01 1.265521e+01 2.900000e+01
      vertex   1.258860e+01 1.256944e+01 2.900000e+01
    endloop
  endfacet
  facet normal -4.486483e-02 9.989931e-01 0.000000e+00
    outer loop
      vertex   1.258860e+01 1.256944e+01 3.300000e+01
      vertex   1.258860e+01 1.256944e+01 2.900000e+01
      vertex   1.220354e+01 1.255215e+01 3.300000e+01
    endloop
  endfacet
  facet normal -4.486483e-02 9.989931e-01 0.000000e+00
    outer loop
      vertex   1.220354e+01 1.255215e+01 3.300000e+01
      vertex   1.258860e+01 1.256944e+01 2.900000e+01
      vertex   1.220354e+01 1.255215e+01 2.900000e+01
    endloop
  endfacet
  facet normal 1.342333e-01 9.909498e-01 0.000000e+00
    outer loop
      vertex   1.220354e+01 1.255215e+01 3.300000e+01
      vertex   1.220354e+01 1.255215e+01 2.900000e+01
      vertex   1.182158e+01 1.260389e+01 3.300000e+01
    endloop
  endfacet
  facet normal 1.342333e-01 9.909498e-01 0.000000e+00
    outer loop
      vertex   1.182158e+01 1.260389e+01 3.300000e+01
      vertex   1.220354e+01 1.255215e+01 2.900000e+01
      vertex   1.182158e+01 1.260389e+01 2.900000e+01
    endloop
  endfacet
  facet normal 3.090170e-01 9.510565e-01 0.000000e+00
    outer loop
      vertex   1.182158e+01 1.260389e+01 3.300000e+01
      vertex   1.182158e+01 1.260389e+01 2.900000e+01
      vertex   1.145500e+01 1.272300e+01 3.300000e+01
    endloop
  endfacet
  facet normal 3.090170e-01 9.510565e-01 0.000000e+00
    outer loop
      vertex   1.145500e+01 1.272300e+01 3.300000e+01
      vertex   1.182158e+01 1.260389e+01 2.900000e+01
      vertex   1.145500e+01 1.272300e+01 2.900000e+01
    endloop
  endfacet
  facet normal 4.738687e-01 8.805955e-01 0.000000e+00
    outer loop
      vertex   1.145500e+01 1.272300e+01 3.300000e+01
      vertex   1.145500e+01 1.272300e+01 2.900000e+01
      vertex   1.111557e+01 1.290565e+01 3.300000e+01
    endloop
  endfacet
  facet normal 4.738687e-01 8.805955e-01 0.000000e+00
    outer loop
      vertex   1.111557e+01 1.290565e+01 3.300000e+01
      vertex   1.145500e+01 1.272300e+01 2.900000e+01
      vertex   1.111557e+01 1.290565e+01 2.900000e+01
    endloop
  endfacet
  facet normal 6.234898e-01 7.818315e-01 0.000000e+00
    outer loop
      vertex   1.111557e+01 1.290565e+01 3.300000e+01
      vertex   1.111557e+01 1.290565e+01 2.900000e+01
      vertex   1.081422e+01 1.314597e+01 3.300000e+01
    endloop
  endfacet
  facet normal 6.234898e-01 7.818315e-01 0.000000e+00
    outer loop
      vertex   1.081422e+01 1.314597e+01 3.300000e+01
      vertex   1.111557e+01 1.290565e+01 2.900000e+01
      vertex   1.081422e+01 1.314597e+01 2.900000e+01
    endloop
  endfacet
  facet normal 7.530715e-01 6.579387e-01 0.000000e+00
    outer loop
      vertex   1.081422e+01 1.314597e+01 3.300000e+01
      vertex   1.081422e+01 1.314597e+01 2.900000e+01
      vertex   1.056061e+01 1.343624e+01 3.300000e+01
    endloop
  endfacet
  facet normal 7.530715e-01 6.579387e-01 0.000000e+00
    outer loop
      vertex   1.056061e+01 1.343624e+01 3.300000e+01
      vertex   1.081422e+01 1.314597e+01 2.900000e+01
      vertex   1.056061e+01 1.343624e+01 2.900000e+01
    endloop
  endfacet
  facet normal 8.584488e-01 5.128993e-01 0.000000e+00
    outer loop
      vertex   1.056061e+01 1.343624e+01 3.300000e+01
      vertex   1.056061e+01 1.343624e+01 2.900000e+01
      vertex   1.036292e+01 1.376713e+01 3.300000e+01
    endloop
  endfacet
  facet normal 8.584488e-01 5.128993e-01 0.000000e+00
    outer loop
      vertex   1.036292e+01 1.376713e+01 3.300000e+01
      vertex   1.056061e+01 1.343624e+01 2.900000e+01
      vertex   1.036292e+01 1.376713e+01 2.900000e+01
    endloop
  endfacet
  facet normal 9.362349e-01 3.513748e-01 0.000000e+00
    outer loop
      vertex   1.036292e+01 1.376713e+01 3.300000e+01
      vertex   1.036292e+01 1.376713e+01 2.900000e+01
      vertex   1.022748e+01 1.412800e+01 3.300000e+01
    endloop
  endfacet
  facet normal 9.362349e-01 3.513748e-01 0.000000e+00
    outer loop
      vertex   1.022748e+01 1.412800e+01 3.300000e+01
      vertex   1.036292e+01 1.376713e+01 2.900000e+01
      vertex   1.022748e+01 1.412800e+01 2.900000e+01
    endloop
  endfacet
  facet normal 9.839296e-01 1.785569e-01 0.000000e+00
    outer loop
      vertex   1.022748e+01 1.412800e+01 3.300000e+01
      vertex   1.022748e+01 1.412800e+01 2.900000e+01
      vertex   1.015866e+01 1.450726e+01 3.300000e+01
    endloop
  endfacet
  facet normal 9.839296e-01 1.785569e-01 0.000000e+00
    outer loop
      vertex   1.015866e+01 1.450726e+01 3.300000e+01
      vertex   1.022748e+01 1.412800e+01 2.900000e+01
      vertex   1.015866e+01 1.450726e+01 2.900000e+01
    endloop
  endfacet
  facet normal 1.000000e+00 -0.000000e+00 0.000000e+00
    outer loop
      vertex   1.015866e+01 1.450726e+01 3.300000e+01
      vertex   1.015866e+01 1.450726e+01 2.900000e+01
      vertex   1.015866e+01 1.489271e+01 3.300000e+01
    endloop
  endfacet
  facet normal 1.000000e+00 0.000000e+00 0.000000e+00
    outer loop
      vertex   1.015866e+01 1.489271e+01 3.300000e+01
      vertex   1.015866e+01 1.450726e+01 2.900000e+01
      vertex   1.015866e+01 1.489271e+01 2.900000e+01
    endloop
  endfacet
  facet normal 9.839296e-01 -1.785569e-01 0.000000e+00
    outer loop
      vertex   1.015866e+01 1.489271e+01 3.300000e+01
      vertex   1.015866e+01 1.489271e+01 2.900000e+01
      vertex   1.022748e+01 1.527196e+01 3.300000e+01
    endloop
  endfacet
  facet normal 9.839296e-01 -1.785569e-01 0.000000e+00
    outer loop
      vertex   1.022748e+01 1.527196e+01 3.300000e+01
      vertex   1.015866e+01 1.489271e+01 2.900000e+01
      vertex   1.022748e+01 1.527196e+01 2.900000e+01
    endloop
  endfacet
  facet normal 9.362349e-01 -3.513748e-01 0.000000e+00
    outer loop
      vertex   1.022748e+01 1.527196e+01 3.300000e+01
      vertex   1.022748e+01 1.527196e+01 2.900000e+01
      vertex   1.036292e+01 1.563283e+01 3.300000e+01
    endloop
  endfacet
  facet normal 9.362349e-01 -3.513748e-01 0.000000e+00
    outer loop
      vertex   1.036292e+01 1.563283e+01 3.300000e+01
      vertex   1.022748e+01 1.527196e+01 2.900000e+01
      vertex   1.036292e+01 1.563283e+01 2.900000e+01
    endloop
  endfacet
  facet normal 8.584488e-01 -5.128993e-01 0.000000e+00
    outer loop
      vertex   1.036292e+01 1.563283e+01 3.300000e+01
      vertex   1.036292e+01 1.563283e+01 2.900000e+01
      vertex   1.056061e+01 1.596372e+01 3.300000e+01
    endloop
  endfacet
  facet normal 8.584488e-01 -5.128993e-01 0.000000e+00
    outer loop
      vertex   1.056061e+01 1.596372e+01 3.300000e+01
      vertex   1.036292e+01 1.563283e+01 2.900000e+01
      vertex   1.056061e+01 1.596372e+01 2.900000e+01
    endloop
  endfacet
  facet normal 7.530715e-01 -6.579387e-01 0.000000e+00
    outer loop
      vertex   1.056061e+01 1.596372e+01 3.300000e+01
      vertex   1.056061e+01 1.596372e+01 2.900000e+01
      vertex   1.081422e+01 1.625399e+01 3.300000e+01
    endloop
  endfacet
  facet normal 7.530715e-01 -6.579387e-01 0.000000e+00
    outer loop
      vertex   1.081422e+01 1.625399e+01 3.300000e+01
      vertex   1.056061e+01 1.596372e+01 2.900000e+01
      vertex   1.081422e+01 1.625399e+01 2.900000e+01
    endloop
  endfacet
  facet normal 6.234898e-01 -7.818315e-01 0.000000e+00
    outer loop
      vertex   1.081422e+01 1.625399e+01 3.300000e+01
      vertex   1.081422e+01 1.625399e+01 2.900000e+01
      vertex   1.111557e+01 1.649431e+01 3.300000e+01
    endloop
  endfacet
  facet normal 6.234898e-01 -7.818315e-01 0.000000e+00
    outer loop
      vertex   1.111557e+01 1.649431e+01 3.300000e+01
      vertex   1.081422e+01 1.625399e+01 2.900000e+01
      vertex   1.111557e+01 1.649431e+01 2.900000e+01
    endloop
  endfacet
  facet normal 4.738687e-01 -8.805955e-01 0.000000e+00
    outer loop
      vertex   1.111557e+01 1.649431e+01 3.300000e+01
      vertex   1.111557e+01 1.649431e+01 2.900000e+01
      vertex   1.145500e+01 1.667697e+01 3.300000e+01
    endloop
  endfacet
  facet normal 4.738687e-01 -8.805955e-01 0.000000e+00
    outer loop
      vertex   1.145500e+01 1.667697e+01 3.300000e+01
      vertex   1.111557e+01 1.649431e+01 2.900000e+01
      vertex   1.145500e+01 1.667697e+01 2.900000e+01
    endloop
  endfacet
  facet normal 3.090170e-01 -9.510565e-01 0.000000e+00
    outer loop
      vertex   1.145500e+01 1.667697e+01 3.300000e+01
      vertex   1.145500e+01 1.667697e+01 2.900000e+01
      vertex   1.182158e+01 1.679608e+01 3.300000e+01
    endloop
  endfacet
  facet normal 3.090170e-01 -9.510565e-01 0.000000e+00
    outer loop
      vertex   1.182158e+01 1.679608e+01 3.300000e+01
      vertex   1.145500e+01 1.667697e+01 2.900000e+01
      vertex   1.182158e+01 1.679608e+01 2.900000e+01
    endloop
  endfacet
  facet normal 1.342333e-01 -9.909498e-01 0.000000e+00
    outer loop
      vertex   1.182158e+01 1.679608e+01 3.300000e+01
      vertex   1.182158e+01 1.679608e+01 2.900000e+01
      vertex   1.220354e+01 1.684782e+01 3.300000e+01
    endloop
  endfacet
  facet normal 1.342333e-01 -9.909498e-01 0.000000e+00
    outer loop
      vertex   1.220354e+01 1.684782e+01 3.300000e+01
      vertex   1.182158e+01 1.679608e+01 2.900000e+01
      vertex   1.220354e+01 1.684782e+01 2.900000e+01
    endloop
  endfacet
  facet normal -4.486483e-02 -9.989931e-01 -0.000000e+00
    outer loop
      vertex   1.220354e+01 1.684782e+01 3.300000e+01
      vertex   1.220354e+01 1.684782e+01 2.900000e+01
      vertex   1.258860e+01 1.683052e+01 3.300000e+01
    endloop
  endfacet
  facet normal -4.486483e-02 -9.989931e-01 -0.000000e+00
    outer loop
      vertex   1.258860e+01 1.683052e+01 3.300000e+01
      vertex   1.220354e+01 1.684782e+01 2.900000e+01
      vertex   1.258860e+01 1.683052e+01 2.900000e+01
    endloop
  endfacet
  facet normal -2.225209e-01 -9.749279e-01 -0.000000e+00
    outer loop
      vertex   1.258860e+01 1.683052e+01 3.300000e+01
      vertex   1.258860e+01 1.683052e+01 2.900000e+01
      vertex   1.296439e+01 1.674475e+01 3.300000e+01
    endloop
  endfacet
  facet normal -2.225209e-01 -9.749279e-01 -0.000000e+00
    outer loop
      vertex   1.296439e+01 1.674475e+01 3.300000e+01
      vertex   1.258860e+01 1.683052e+01 2.900000e+01
      vertex   1.296439e+01 1.674475e+01 2.900000e+01
    endloop
  endfacet
  facet normal -3.930250e-01 -9.195278e-01 -0.000000e+00
    outer loop
      vertex   1.296439e+01 1.674475e+01 3.300000e+01
      vertex   1.296439e+01 1.674475e+01 2.900000e+01
      vertex   1.331882e+01 1.659326e+01 3.300000e+01
    endloop
  endfacet
  facet normal -3.930250e-01 -9.195278e-01 -0.000000e+00
    outer loop
      vertex   1.331882e+01 1.659326e+01 3.300000e+01
      vertex   1.296439e+01 1.674475e+01 2.900000e+01
      vertex   1.331882e+01 1.659326e+01 2.900000e+01
    endloop
  endfacet
  facet normal -5.508970e-01 -8.345733e-01 -0.000000e+00
    outer loop
      vertex   1.331882e+01 1.659326e+01 3.300000e+01
      vertex   1.331882e+01 1.659326e+01 2.900000e+01
      vertex   1.364050e+01 1.638092e+01 3.300000e+01
    endloop
  endfacet
  facet normal -5.508970e-01 -8.345733e-01 -0.000000e+00
    outer loop
      vertex   1.364050e+01 1.638092e+01 3.300000e+01
      vertex   1.331882e+01 1.659326e+01 2.900000e+01
      vertex   1.364050e+01 1.638092e+01 2.900000e+01
    endloop
  endfacet
  facet normal -6.910626e-01 -7.227949e-01 -0.000000e+00
    outer loop
      vertex   1.364050e+01 1.638092e+01 3.300000e+01
      vertex   1.364050e+01 1.638092e+01 2.900000e+01
      vertex   1.391910e+01 1.611455e+01 3.300000e+01
    endloop
  endfacet
  facet normal -6.910626e-01 -7.227949e-01 -0.000000e+00
    outer loop
      vertex   1.391910e+01 1.611455e+01 3.300000e+01
      vertex   1.364050e+01 1.638092e+01 2.900000e+01
      vertex   1.391910e+01 1.611455e+01 2.900000e+01
    endloop
  endfacet
  facet normal -8.090170e-01 -5.877853e-01 -0.000000e+00
    outer loop
      vertex   1.391910e+01 1.611455e+01 3.300000e+01
      vertex   1.391910e+01 1.611455e+01 2.900000e+01
      vertex   1.414567e+01 1.580272e+01 3.300000e+01
    endloop
  endfacet
  facet normal -8.090170e-01 -5.877853e-01 -0.000000e+00
    outer loop
      vertex   1.414567e+01 1.580272e+01 3.300000e+01
      vertex   1.391910e+01 1.611455e+01 2.900000e+01
      vertex   1.414567e+01 1.580272e+01 2.900000e+01
    endloop
  endfacet
  facet normal -9.009689e-01 -4.338837e-01 -0.000000e+00
    outer loop
      vertex   1.414567e+01 1.580272e+01 3.300000e+01
      vertex   1.414567e+01 1.580272e+01 2.900000e+01
      vertex   1.431291e+01 1.545544e+01 3.300000e+01
    endloop
  endfacet
  facet normal -9.009689e-01 -4.338837e-01 -0.000000e+00
    outer loop
      vertex   1.431291e+01 1.545544e+01 3.300000e+01
      vertex   1.414567e+01 1.580272e+01 2.900000e+01
      vertex   1.431291e+01 1.545544e+01 2.900000e+01
    endloop
  endfacet
  facet normal -9.639629e-01 -2.660368e-01 -0.000000e+00
    outer loop
      vertex   1.431291e+01 1.545544e+01 3.300000e+01
      vertex   1.431291e+01 1.545544e+01 2.900000e+01
      vertex   1.441545e+01 1.508388e+01 3.300000e+01
    endloop
  endfacet
  facet normal -9.639629e-01 -2.660368e-01 -0.000000e+00
    outer loop
      vertex   1.441545e+01 1.508388e+01 3.300000e+01
      vertex   1.431291e+01 1.545544e+01 2.900000e+01
      vertex   1.441545e+01 1.508388e+01 2.900000e+01
    endloop
  endfacet
  facet normal -7.032775e-01 -6.329612e-02 -7.080920e-01
    outer loop
      vertex   -6.584551e+00 1.508388e+01 2.900000e+01
      vertex   -4.584071e+00 1.523067e+01 2.700000e+01
      vertex   -6.550000e+00 1.469998e+01 2.900000e+01
    endloop
  endfacet
  facet normal -7.063792e-01 -4.535105e-02 -7.063792e-01
    outer loop
      vertex   -6.550000e+00 1.469998e+01 2.900000e+01
      vertex   -4.584071e+00 1.523067e+01 2.700000e+01
      vertex   -4.550000e+00 1.469998e+01 2.700000e+01
    endloop
  endfacet
  facet normal -7.063792e-01 4.535105e-02 -7.063792e-01
    outer loop
      vertex   -6.550000e+00 1.469998e+01 2.900000e+01
      vertex   -4.550000e+00 1.469998e+01 2.700000e+01
      vertex   -4.584071e+00 1.416929e+01 2.700000e+01
    endloop
  endfacet
  facet normal -6.955175e-01 -1.354520e-01 -7.056261e-01
    outer loop
      vertex   -4.584071e+00 1.523067e+01 2.700000e+01
      vertex   -6.584551e+00 1.508388e+01 2.900000e+01
      vertex   -4.685726e+00 1.575265e+01 2.700000e+01
    endloop
  endfacet
  facet normal -6.802094e-01 -1.877259e-01 -7.085719e-01
    outer loop
      vertex   -4.685726e+00 1.575265e+01 2.700000e+01
      vertex   -6.584551e+00 1.508388e+01 2.900000e+01
      vertex   -6.687095e+00 1.545544e+01 2.900000e+01
    endloop
  endfacet
  facet normal -6.722484e-01 -2.232019e-01 -7.058775e-01
    outer loop
      vertex   -4.685726e+00 1.575265e+01 2.700000e+01
      vertex   -6.687095e+00 1.545544e+01 2.900000e+01
      vertex   -4.853295e+00 1.625734e+01 2.700000e+01
    endloop
  endfacet
  facet normal -6.370607e-01 -3.067923e-01 -7.071295e-01
    outer loop
      vertex   -4.853295e+00 1.625734e+01 2.700000e+01
      vertex   -6.687095e+00 1.545544e+01 2.900000e+01
      vertex   -6.854335e+00 1.580272e+01 2.900000e+01
    endloop
  endfacet
  facet normal -6.370607e-01 -3.067923e-01 -7.071295e-01
    outer loop
      vertex   -4.853295e+00 1.625734e+01 2.700000e+01
      vertex   -6.854335e+00 1.580272e+01 2.900000e+01
      vertex   -5.084027e+00 1.673646e+01 2.700000e+01
    endloop
  endfacet
  facet normal -5.936463e-01 -3.864209e-01 -7.058775e-01
    outer loop
      vertex   -5.084027e+00 1.673646e+01 2.700000e+01
      vertex   -6.854335e+00 1.580272e+01 2.900000e+01
      vertex   -5.374133e+00 1.718214e+01 2.700000e+01
    endloop
  endfacet
  facet normal -5.708736e-01 -4.147639e-01 -7.085719e-01
    outer loop
      vertex   -5.374133e+00 1.718214e+01 2.700000e+01
      vertex   -6.854335e+00 1.580272e+01 2.900000e+01
      vertex   -7.080896e+00 1.611455e+01 2.900000e+01
    endloop
  endfacet
  facet normal -5.395487e-01 -4.593245e-01 -7.056261e-01
    outer loop
      vertex   -5.374133e+00 1.718214e+01 2.700000e+01
      vertex   -7.080896e+00 1.611455e+01 2.900000e+01
      vertex   -5.718850e+00 1.758706e+01 2.700000e+01
    endloop
  endfacet
  facet normal -4.879733e-01 -5.103800e-01 -7.080920e-01
    outer loop
      vertex   -5.718850e+00 1.758706e+01 2.700000e+01
      vertex   -7.080896e+00 1.611455e+01 2.900000e+01
      vertex   -7.359497e+00 1.638092e+01 2.900000e+01
    endloop
  endfacet
  facet normal -4.758771e-01 -5.239936e-01 -7.063792e-01
    outer loop
      vertex   -5.718850e+00 1.758706e+01 2.700000e+01
      vertex   -7.359497e+00 1.638092e+01 2.900000e+01
      vertex   -6.112517e+00 1.794458e+01 2.700000e+01
    endloop
  endfacet
  facet normal -4.049634e-01 -5.805455e-01 -7.063792e-01
    outer loop
      vertex   -6.112517e+00 1.794458e+01 2.700000e+01
      vertex   -7.359497e+00 1.638092e+01 2.900000e+01
      vertex   -6.548671e+00 1.824882e+01 2.700000e+01
    endloop
  endfacet
  facet normal -3.889995e-01 -5.893090e-01 -7.080920e-01
    outer loop
      vertex   -6.548671e+00 1.824882e+01 2.700000e+01
      vertex   -7.359497e+00 1.638092e+01 2.900000e+01
      vertex   -7.681182e+00 1.659326e+01 2.900000e+01
    endloop
  endfacet
  facet normal -3.277474e-01 -6.282304e-01 -7.056261e-01
    outer loop
      vertex   -6.548671e+00 1.824882e+01 2.700000e+01
      vertex   -7.681182e+00 1.659326e+01 2.900000e+01
      vertex   -7.020149e+00 1.849479e+01 2.700000e+01
    endloop
  endfacet
  facet normal -2.773336e-01 -6.488543e-01 -7.085719e-01
    outer loop
      vertex   -7.020149e+00 1.849479e+01 2.700000e+01
      vertex   -7.681182e+00 1.659326e+01 2.900000e+01
      vertex   -8.035613e+00 1.674475e+01 2.900000e+01
    endloop
  endfacet
  facet normal -2.446338e-01 -6.647491e-01 -7.058775e-01
    outer loop
      vertex   -7.020149e+00 1.849479e+01 2.700000e+01
      vertex   -8.035613e+00 1.674475e+01 2.900000e+01
      vertex   -7.519210e+00 1.867845e+01 2.700000e+01
    endloop
  endfacet
  facet normal -1.573410e-01 -6.893560e-01 -7.071295e-01
    outer loop
      vertex   -7.519210e+00 1.867845e+01 2.700000e+01
      vertex   -8.035613e+00 1.674475e+01 2.900000e+01
      vertex   -8.411398e+00 1.683052e+01 2.900000e+01
    endloop
  endfacet
  facet normal -1.573410e-01 -6.893560e-01 -7.071295e-01
    outer loop
      vertex   -7.519210e+00 1.867845e+01 2.700000e+01
      vertex   -8.411398e+00 1.683052e+01 2.900000e+01
      vertex   -8.037660e+00 1.879679e+01 2.700000e+01
    endloop
  endfacet
  facet normal -6.801637e-02 -7.050608e-01 -7.058775e-01
    outer loop
      vertex   -8.037660e+00 1.879679e+01 2.700000e+01
      vertex   -8.411398e+00 1.683052e+01 2.900000e+01
      vertex   -8.566986e+00 1.884785e+01 2.700000e+01
    endloop
  endfacet
  facet normal -3.165835e-02 -7.049280e-01 -7.085719e-01
    outer loop
      vertex   -8.566986e+00 1.884785e+01 2.700000e+01
      vertex   -8.411398e+00 1.683052e+01 2.900000e+01
      vertex   -8.796459e+00 1.684782e+01 2.900000e+01
    endloop
  endfacet
  facet normal 2.271125e-02 -7.082203e-01 -7.056261e-01
    outer loop
      vertex   -8.566986e+00 1.884785e+01 2.700000e+01
      vertex   -8.796459e+00 1.684782e+01 2.900000e+01
      vertex   -9.098495e+00 1.883081e+01 2.700000e+01
    endloop
  endfacet
  facet normal 9.478482e-02 -6.997296e-01 -7.080920e-01
    outer loop
      vertex   -9.098495e+00 1.883081e+01 2.700000e+01
      vertex   -8.796459e+00 1.684782e+01 2.900000e+01
      vertex   -9.178420e+00 1.679608e+01 2.900000e+01
    endloop
  endfacet
  facet normal 1.129702e-01 -6.987604e-01 -7.063792e-01
    outer loop
      vertex   -9.098495e+00 1.883081e+01 2.700000e+01
      vertex   -9.178420e+00 1.679608e+01 2.900000e+01
      vertex   -9.623462e+00 1.874593e+01 2.700000e+01
    endloop
  endfacet
  facet normal 2.013982e-01 -6.785773e-01 -7.063792e-01
    outer loop
      vertex   -9.623462e+00 1.874593e+01 2.700000e+01
      vertex   -9.178420e+00 1.679608e+01 2.900000e+01
      vertex   -1.013326e+01 1.859463e+01 2.700000e+01
    endloop
  endfacet
  facet normal 2.182031e-01 -6.715602e-01 -7.080920e-01
    outer loop
      vertex   -1.013326e+01 1.859463e+01 2.700000e+01
      vertex   -9.178420e+00 1.679608e+01 2.900000e+01
      vertex   -9.545004e+00 1.667697e+01 2.900000e+01
    endloop
  endfacet
  facet normal 2.868232e-01 -6.479385e-01 -7.056261e-01
    outer loop
      vertex   -1.013326e+01 1.859463e+01 2.700000e+01
      vertex   -9.545004e+00 1.667697e+01 2.900000e+01
      vertex   -1.061953e+01 1.837937e+01 2.700000e+01
    endloop
  endfacet
  facet normal 3.343800e-01 -6.213822e-01 -7.085719e-01
    outer loop
      vertex   -1.061953e+01 1.837937e+01 2.700000e+01
      vertex   -9.545004e+00 1.667697e+01 2.900000e+01
      vertex   -9.884428e+00 1.649431e+01 2.900000e+01
    endloop
  endfacet
  facet normal 3.671951e-01 -6.057267e-01 -7.058775e-01
    outer loop
      vertex   -1.061953e+01 1.837937e+01 2.700000e+01
      vertex   -9.884428e+00 1.649431e+01 2.900000e+01
      vertex   -1.107428e+01 1.810370e+01 2.700000e+01
    endloop
  endfacet
  facet normal 4.408597e-01 -5.528206e-01 -7.071295e-01
    outer loop
      vertex   -1.107428e+01 1.810370e+01 2.700000e+01
      vertex   -9.884428e+00 1.649431e+01 2.900000e+01
      vertex   -1.018578e+01 1.625399e+01 2.900000e+01
    endloop
  endfacet
  facet normal 4.408597e-01 -5.528206e-01 -7.071295e-01
    outer loop
      vertex   -1.107428e+01 1.810370e+01 2.700000e+01
      vertex   -1.018578e+01 1.625399e+01 2.900000e+01
      vertex   -1.149005e+01 1.777214e+01 2.700000e+01
    endloop
  endfacet
  facet normal 5.088312e-01 -4.927756e-01 -7.058775e-01
    outer loop
      vertex   -1.149005e+01 1.777214e+01 2.700000e+01
      vertex   -1.018578e+01 1.625399e+01 2.900000e+01
      vertex   -1.186000e+01 1.739013e+01 2.700000e+01
    endloop
  endfacet
  facet normal 5.313963e-01 -4.642669e-01 -7.085719e-01
    outer loop
      vertex   -1.186000e+01 1.739013e+01 2.700000e+01
      vertex   -1.018578e+01 1.625399e+01 2.900000e+01
      vertex   -1.043939e+01 1.596372e+01 2.900000e+01
    endloop
  endfacet
  facet normal 5.678692e-01 -4.238118e-01 -7.056261e-01
    outer loop
      vertex   -1.186000e+01 1.739013e+01 2.700000e+01
      vertex   -1.043939e+01 1.596372e+01 2.900000e+01
      vertex   -1.217807e+01 1.696395e+01 2.700000e+01
    endloop
  endfacet
  facet normal 6.061680e-01 -3.621685e-01 -7.080920e-01
    outer loop
      vertex   -1.217807e+01 1.696395e+01 2.700000e+01
      vertex   -1.043939e+01 1.596372e+01 2.900000e+01
      vertex   -1.063708e+01 1.563283e+01 2.900000e+01
    endloop
  endfacet
  facet normal 6.167486e-01 -3.473464e-01 -7.063792e-01
    outer loop
      vertex   -1.217807e+01 1.696395e+01 2.700000e+01
      vertex   -1.063708e+01 1.563283e+01 2.900000e+01
      vertex   -1.243902e+01 1.650060e+01 2.700000e+01
    endloop
  endfacet
  facet normal 6.561028e-01 -2.656266e-01 -7.063792e-01
    outer loop
      vertex   -1.243902e+01 1.650060e+01 2.700000e+01
      vertex   -1.063708e+01 1.563283e+01 2.900000e+01
      vertex   -1.263858e+01 1.600768e+01 2.700000e+01
    endloop
  endfacet
  facet normal 6.610943e-01 -2.481129e-01 -7.080920e-01
    outer loop
      vertex   -1.263858e+01 1.600768e+01 2.700000e+01
      vertex   -1.063708e+01 1.563283e+01 2.900000e+01
      vertex   -1.077252e+01 1.527196e+01 2.900000e+01
    endloop
  endfacet
  facet normal 6.854100e-01 -1.797357e-01 -7.056261e-01
    outer loop
      vertex   -1.263858e+01 1.600768e+01 2.700000e+01
      vertex   -1.077252e+01 1.527196e+01 2.900000e+01
      vertex   -1.277347e+01 1.549329e+01 2.700000e+01
    endloop
  endfacet
  facet normal 6.942987e-01 -1.259966e-01 -7.085719e-01
    outer loop
      vertex   -1.277347e+01 1.549329e+01 2.700000e+01
      vertex   -1.077252e+01 1.527196e+01 2.900000e+01
      vertex   -1.084134e+01 1.489271e+01 2.900000e+01
    endloop
  endfacet
  facet normal 7.025186e-01 -9.057974e-02 -7.058775e-01
    outer loop
      vertex   -1.277347e+01 1.549329e+01 2.700000e+01
      vertex   -1.084134e+01 1.489271e+01 2.900000e+01
      vertex   -1.284147e+01 1.496587e+01 2.700000e+01
    endloop
  endfacet
  facet normal 7.070840e-01 0.000000e+00 -7.071295e-01
    outer loop
      vertex   -1.284147e+01 1.496587e+01 2.700000e+01
      vertex   -1.084134e+01 1.489271e+01 2.900000e+01
      vertex   -1.084134e+01 1.450726e+01 2.900000e+01
    endloop
  endfacet
  facet normal 7.070840e-01 0.000000e+00 -7.071295e-01
    outer loop
      vertex   -1.284147e+01 1.496587e+01 2.700000e+01
      vertex   -1.084134e+01 1.450726e+01 2.900000e+01
      vertex   -1.284147e+01 1.443409e+01 2.700000e+01
    endloop
  endfacet
  facet normal 7.025186e-01 9.057974e-02 -7.058775e-01
    outer loop
      vertex   -1.284147e+01 1.443409e+01 2.700000e+01
      vertex   -1.084134e+01 1.450726e+01 2.900000e+01
      vertex   -1.277347e+01 1.390667e+01 2.700000e+01
    endloop
  endfacet
  facet normal 6.942987e-01 1.259966e-01 -7.085719e-01
    outer loop
      vertex   -1.277347e+01 1.390667e+01 2.700000e+01
      vertex   -1.084134e+01 1.450726e+01 2.900000e+01
      vertex   -1.077252e+01 1.412800e+01 2.900000e+01
    endloop
  endfacet
  facet normal 6.854100e-01 1.797357e-01 -7.056261e-01
    outer loop
      vertex   -1.277347e+01 1.390667e+01 2.700000e+01
      vertex   -1.077252e+01 1.412800e+01 2.900000e+01
      vertex   -1.263858e+01 1.339228e+01 2.700000e+01
    endloop
  endfacet
  facet normal 6.610943e-01 2.481129e-01 -7.080920e-01
    outer loop
      vertex   -1.263858e+01 1.339228e+01 2.700000e+01
      vertex   -1.077252e+01 1.412800e+01 2.900000e+01
      vertex   -1.063708e+01 1.376713e+01 2.900000e+01
    endloop
  endfacet
  facet normal 6.561028e-01 2.656266e-01 -7.063792e-01
    outer loop
      vertex   -1.263858e+01 1.339228e+01 2.700000e+01
      vertex   -1.063708e+01 1.376713e+01 2.900000e+01
      vertex   -1.243902e+01 1.289936e+01 2.700000e+01
    endloop
  endfacet
  facet normal 6.167486e-01 3.473464e-01 -7.063792e-01
    outer loop
      vertex   -1.243902e+01 1.289936e+01 2.700000e+01
      vertex   -1.063708e+01 1.376713e+01 2.900000e+01
      vertex   -1.217807e+01 1.243601e+01 2.700000e+01
    endloop
  endfacet
  facet normal 6.061680e-01 3.621685e-01 -7.080920e-01
    outer loop
      vertex   -1.217807e+01 1.243601e+01 2.700000e+01
      vertex   -1.063708e+01 1.376713e+01 2.900000e+01
      vertex   -1.043939e+01 1.343624e+01 2.900000e+01
    endloop
  endfacet
  facet normal 5.678692e-01 4.238118e-01 -7.056261e-01
    outer loop
      vertex   -1.217807e+01 1.243601e+01 2.700000e+01
      vertex   -1.043939e+01 1.343624e+01 2.900000e+01
      vertex   -1.186000e+01 1.200983e+01 2.700000e+01
    endloop
  endfacet
  facet normal 5.313963e-01 4.642669e-01 -7.085719e-01
    outer loop
      vertex   -1.186000e+01 1.200983e+01 2.700000e+01
      vertex   -1.043939e+01 1.343624e+01 2.900000e+01
      vertex   -1.018578e+01 1.314597e+01 2.900000e+01
    endloop
  endfacet
  facet normal 5.088312e-01 4.927756e-01 -7.058775e-01
    outer loop
      vertex   -1.186000e+01 1.200983e+01 2.700000e+01
      vertex   -1.018578e+01 1.314597e+01 2.900000e+01
      vertex   -1.149005e+01 1.162783e+01 2.700000e+01
    endloop
  endfacet
  facet normal 4.408597e-01 5.528206e-01 -7.071295e-01
    outer loop
      vertex   -1.149005e+01 1.162783e+01 2.700000e+01
      vertex   -1.018578e+01 1.314597e+01 2.900000e+01
      vertex   -9.884428e+00 1.290565e+01 2.900000e+01
    endloop
  endfacet
  facet normal 4.408597e-01 5.528206e-01 -7.071295e-01
    outer loop
      vertex   -1.149005e+01 1.162783e+01 2.700000e+01
      vertex   -9.884428e+00 1.290565e+01 2.900000e+01
      vertex   -1.107428e+01 1.129627e+01 2.700000e+01
    endloop
  endfacet
  facet normal 3.671951e-01 6.057267e-01 -7.058775e-01
    outer loop
      vertex   -1.107428e+01 1.129627e+01 2.700000e+01
      vertex   -9.884428e+00 1.290565e+01 2.900000e+01
      vertex   -1.061953e+01 1.102060e+01 2.700000e+01
    endloop
  endfacet
  facet normal 3.343800e-01 6.213822e-01 -7.085719e-01
    outer loop
      vertex   -1.061953e+01 1.102060e+01 2.700000e+01
      vertex   -9.884428e+00 1.290565e+01 2.900000e+01
      vertex   -9.545004e+00 1.272300e+01 2.900000e+01
    endloop
  endfacet
  facet normal 2.868232e-01 6.479385e-01 -7.056261e-01
    outer loop
      vertex   -1.061953e+01 1.102060e+01 2.700000e+01
      vertex   -9.545004e+00 1.272300e+01 2.900000e+01
      vertex   -1.013326e+01 1.080534e+01 2.700000e+01
    endloop
  endfacet
  facet normal 2.182031e-01 6.715602e-01 -7.080920e-01
    outer loop
      vertex   -1.013326e+01 1.080534e+01 2.700000e+01
      vertex   -9.545004e+00 1.272300e+01 2.900000e+01
      vertex   -9.178420e+00 1.260389e+01 2.900000e+01
    endloop
  endfacet
  facet normal 2.013982e-01 6.785773e-01 -7.063792e-01
    outer loop
      vertex   -1.013326e+01 1.080534e+01 2.700000e+01
      vertex   -9.178420e+00 1.260389e+01 2.900000e+01
      vertex   -9.623462e+00 1.065403e+01 2.700000e+01
    endloop
  endfacet
  facet normal 1.129702e-01 6.987604e-01 -7.063792e-01
    outer loop
      vertex   -9.623462e+00 1.065403e+01 2.700000e+01
      vertex   -9.178420e+00 1.260389e+01 2.900000e+01
      vertex   -9.098495e+00 1.056916e+01 2.700000e+01
    endloop
  endfacet
  facet normal 9.478482e-02 6.997296e-01 -7.080920e-01
    outer loop
      vertex   -9.098495e+00 1.056916e+01 2.700000e+01
      vertex   -9.178420e+00 1.260389e+01 2.900000e+01
      vertex   -8.796459e+00 1.255215e+01 2.900000e+01
    endloop
  endfacet
  facet normal 2.271125e-02 7.082203e-01 -7.056261e-01
    outer loop
      vertex   -9.098495e+00 1.056916e+01 2.700000e+01
      vertex   -8.796459e+00 1.255215e+01 2.900000e+01
      vertex   -8.566986e+00 1.055211e+01 2.700000e+01
    endloop
  endfacet
  facet normal -3.165835e-02 7.049280e-01 -7.085719e-01
    outer loop
      vertex   -8.566986e+00 1.055211e+01 2.700000e+01
      vertex   -8.796459e+00 1.255215e+01 2.900000e+01
      vertex   -8.411398e+00 1.256944e+01 2.900000e+01
    endloop
  endfacet
  facet normal -6.801637e-02 7.050608e-01 -7.058775e-01
    outer loop
      vertex   -8.566986e+00 1.055211e+01 2.700000e+01
      vertex   -8.411398e+00 1.256944e+01 2.900000e+01
      vertex   -8.037660e+00 1.060318e+01 2.700000e+01
    endloop
  endfacet
  facet normal -1.573410e-01 6.893560e-01 -7.071295e-01
    outer loop
      vertex   -8.037660e+00 1.060318e+01 2.700000e+01
      vertex   -8.411398e+00 1.256944e+01 2.900000e+01
      vertex   -8.035613e+00 1.265521e+01 2.900000e+01
    endloop
  endfacet
  facet normal -1.573410e-01 6.893560e-01 -7.071295e-01
    outer loop
      vertex   -8.037660e+00 1.060318e+01 2.700000e+01
      vertex   -8.035613e+00 1.265521e+01 2.900000e+01
      vertex   -7.519210e+00 1.072151e+01 2.700000e+01
    endloop
  endfacet
  facet normal -2.446338e-01 6.647491e-01 -7.058775e-01
    outer loop
      vertex   -7.519210e+00 1.072151e+01 2.700000e+01
      vertex   -8.035613e+00 1.265521e+01 2.900000e+01
      vertex   -7.020149e+00 1.090517e+01 2.700000e+01
    endloop
  endfacet
  facet normal -2.773336e-01 6.488543e-01 -7.085719e-01
    outer loop
      vertex   -7.020149e+00 1.090517e+01 2.700000e+01
      vertex   -8.035613e+00 1.265521e+01 2.900000e+01
      vertex   -7.681182e+00 1.280670e+01 2.900000e+01
    endloop
  endfacet
  facet normal -3.277474e-01 6.282304e-01 -7.056261e-01
    outer loop
      vertex   -7.020149e+00 1.090517e+01 2.700000e+01
      vertex   -7.681182e+00 1.280670e+01 2.900000e+01
      vertex   -6.548671e+00 1.115114e+01 2.700000e+01
    endloop
  endfacet
  facet normal -3.889995e-01 5.893090e-01 -7.080920e-01
    outer loop
      vertex   -6.548671e+00 1.115114e+01 2.700000e+01
      vertex   -7.681182e+00 1.280670e+01 2.900000e+01
      vertex   -7.359497e+00 1.301904e+01 2.900000e+01
    endloop
  endfacet
  facet normal -4.049634e-01 5.805455e-01 -7.063792e-01
    outer loop
      vertex   -6.548671e+00 1.115114e+01 2.700000e+01
      vertex   -7.359497e+00 1.301904e+01 2.900000e+01
      vertex   -6.112517e+00 1.145538e+01 2.700000e+01
    endloop
  endfacet
  facet normal -4.758771e-01 5.239936e-01 -7.063792e-01
    outer loop
      vertex   -6.112517e+00 1.145538e+01 2.700000e+01
      vertex   -7.359497e+00 1.301904e+01 2.900000e+01
      vertex   -5.718850e+00 1.181290e+01 2.700000e+01
    endloop
  endfacet
  facet normal -4.879733e-01 5.103800e-01 -7.080920e-01
    outer loop
      vertex   -5.718850e+00 1.181290e+01 2.700000e+01
      vertex   -7.359497e+00 1.301904e+01 2.900000e+01
      vertex   -7.080896e+00 1.328541e+01 2.900000e+01
    endloop
  endfacet
  facet normal -5.395487e-01 4.593245e-01 -7.056261e-01
    outer loop
      vertex   -5.718850e+00 1.181290e+01 2.700000e+01
      vertex   -7.080896e+00 1.328541e+01 2.900000e+01
      vertex   -5.374133e+00 1.221782e+01 2.700000e+01
    endloop
  endfacet
  facet normal -5.708736e-01 4.147639e-01 -7.085719e-01
    outer loop
      vertex   -5.374133e+00 1.221782e+01 2.700000e+01
      vertex   -7.080896e+00 1.328541e+01 2.900000e+01
      vertex   -6.854335e+00 1.359725e+01 2.900000e+01
    endloop
  endfacet
  facet normal -5.936463e-01 3.864209e-01 -7.058775e-01
    outer loop
      vertex   -5.374133e+00 1.221782e+01 2.700000e+01
      vertex   -6.854335e+00 1.359725e+01 2.900000e+01
      vertex   -5.084027e+00 1.266350e+01 2.700000e+01
    endloop
  endfacet
  facet normal -6.370607e-01 3.067923e-01 -7.071295e-01
    outer loop
      vertex   -5.084027e+00 1.266350e+01 2.700000e+01
      vertex   -6.854335e+00 1.359725e+01 2.900000e+01
      vertex   -6.687095e+00 1.394453e+01 2.900000e+01
    endloop
  endfacet
  facet normal -6.370607e-01 3.067923e-01 -7.071295e-01
    outer loop
      vertex   -5.084027e+00 1.266350e+01 2.700000e+01
      vertex   -6.687095e+00 1.394453e+01 2.900000e+01
      vertex   -4.853295e+00 1.314262e+01 2.700000e+01
    endloop
  endfacet
  facet normal -6.722484e-01 2.232019e-01 -7.058775e-01
    outer loop
      vertex   -4.853295e+00 1.314262e+01 2.700000e+01
      vertex   -6.687095e+00 1.394453e+01 2.900000e+01
      vertex   -4.685726e+00 1.364732e+01 2.700000e+01
    endloop
  endfacet
  facet normal -6.802094e-01 1.877259e-01 -7.085719e-01
    outer loop
      vertex   -4.685726e+00 1.364732e+01 2.700000e+01
      vertex   -6.687095e+00 1.394453e+01 2.900000e+01
      vertex   -6.584551e+00 1.431608e+01 2.900000e+01
    endloop
  endfacet
  facet normal -6.955175e-01 1.354520e-01 -7.056261e-01
    outer loop
      vertex   -4.685726e+00 1.364732e+01 2.700000e+01
      vertex   -6.584551e+00 1.431608e+01 2.900000e+01
      vertex   -4.584071e+00 1.416929e+01 2.700000e+01
    endloop
  endfacet
  facet normal -7.032775e-01 6.329612e-02 -7.080920e-01
    outer loop
      vertex   -4.584071e+00 1.416929e+01 2.700000e+01
      vertex   -6.584551e+00 1.431608e+01 2.900000e+01
      vertex   -6.550000e+00 1.469998e+01 2.900000e+01
    endloop
  endfacet
  facet normal -9.959743e-01 -8.963931e-02 -0.000000e+00
    outer loop
      vertex   -6.584551e+00 1.508388e+01 3.300000e+01
      vertex   -6.584551e+00 1.508388e+01 2.900000e+01
      vertex   -6.550000e+00 1.469998e+01 3.300000e+01
    endloop
  endfacet
  facet normal -9.959743e-01 -8.963931e-02 -0.000000e+00
    outer loop
      vertex   -6.550000e+00 1.469998e+01 3.300000e+01
      vertex   -6.584551e+00 1.508388e+01 2.900000e+01
      vertex   -6.550000e+00 1.469998e+01 2.900000e+01
    endloop
  endfacet
  facet normal -9.959743e-01 8.963931e-02 0.000000e+00
    outer loop
      vertex   -6.550000e+00 1.469998e+01 3.300000e+01
      vertex   -6.550000e+00 1.469998e+01 2.900000e+01
      vertex   -6.584551e+00 1.431608e+01 3.300000e+01
    endloop
  endfacet
  facet normal -9.959743e-01 8.963931e-02 0.000000e+00
    outer loop
      vertex   -6.584551e+00 1.431608e+01 3.300000e+01
      vertex   -6.550000e+00 1.469998e+01 2.900000e+01
      vertex   -6.584551e+00 1.431608e+01 2.900000e+01
    endloop
  endfacet
  facet normal -9.639629e-01 2.660368e-01 0.000000e+00
    outer loop
      vertex   -6.584551e+00 1.431608e+01 3.300000e+01
      vertex   -6.584551e+00 1.431608e+01 2.900000e+01
      vertex   -6.687095e+00 1.394453e+01 3.300000e+01
    endloop
  endfacet
  facet normal -9.639629e-01 2.660368e-01 0.000000e+00
    outer loop
      vertex   -6.687095e+00 1.394453e+01 3.300000e+01
      vertex   -6.584551e+00 1.431608e+01 2.900000e+01
      vertex   -6.687095e+00 1.394453e+01 2.900000e+01
    endloop
  endfacet
  facet normal -9.009689e-01 4.338837e-01 0.000000e+00
    outer loop
      vertex   -6.687095e+00 1.394453e+01 3.300000e+01
      vertex   -6.687095e+00 1.394453e+01 2.900000e+01
      vertex   -6.854335e+00 1.359725e+01 3.300000e+01
    endloop
  endfacet
  facet normal -9.009689e-01 4.338837e-01 0.000000e+00
    outer loop
      vertex   -6.854335e+00 1.359725e+01 3.300000e+01
      vertex   -6.687095e+00 1.394453e+01 2.900000e+01
      vertex   -6.854335e+00 1.359725e+01 2.900000e+01
    endloop
  endfacet
  facet normal -8.090170e-01 5.877853e-01 0.000000e+00
    outer loop
      vertex   -6.854335e+00 1.359725e+01 3.300000e+01
      vertex   -6.854335e+00 1.359725e+01 2.900000e+01
      vertex   -7.080896e+00 1.328541e+01 3.300000e+01
    endloop
  endfacet
  facet normal -8.090170e-01 5.877853e-01 0.000000e+00
    outer loop
      vertex   -7.080896e+00 1.328541e+01 3.300000e+01
      vertex   -6.854335e+00 1.359725e+01 2.900000e+01
      vertex   -7.080896e+00 1.328541e+01 2.900000e+01
    endloop
  endfacet
  facet normal -6.910626e-01 7.227949e-01 0.000000e+00
    outer loop
      vertex   -7.080896e+00 1.328541e+01 3.300000e+01
      vertex   -7.080896e+00 1.328541e+01 2.900000e+01
      vertex   -7.359497e+00 1.301904e+01 3.300000e+01
    endloop
  endfacet
  facet normal -6.910626e-01 7.227949e-01 0.000000e+00
    outer loop
      vertex   -7.359497e+00 1.301904e+01 3.300000e+01
      vertex   -7.080896e+00 1.328541e+01 2.900000e+01
      vertex   -7.359497e+00 1.301904e+01 2.900000e+01
    endloop
  endfacet
  facet normal -5.508970e-01 8.345733e-01 0.000000e+00
    outer loop
      vertex   -7.359497e+00 1.301904e+01 3.300000e+01
      vertex   -7.359497e+00 1.301904e+01 2.900000e+01
      vertex   -7.681182e+00 1.280670e+01 3.300000e+01
    endloop
  endfacet
  facet normal -5.508970e-01 8.345733e-01 0.000000e+00
    outer loop
      vertex   -7.681182e+00 1.280670e+01 3.300000e+01
      vertex   -7.359497e+00 1.301904e+01 2.900000e+01
      vertex   -7.681182e+00 1.280670e+01 2.900000e+01
    endloop
  endfacet
  facet normal -3.930250e-01 9.195278e-01 0.000000e+00
    outer loop
      vertex   -7.681182e+00 1.280670e+01 3.300000e+01
      vertex   -7.681182e+00 1.280670e+01 2.900000e+01
      vertex   -8.035613e+00 1.265521e+01 3.300000e+01
    endloop
  endfacet
  facet normal -3.930250e-01 9.195278e-01 0.000000e+00
    outer loop
      vertex   -8.035613e+00 1.265521e+01 3.300000e+01
      vertex   -7.681182e+00 1.280670e+01 2.900000e+01
      vertex   -8.035613e+00 1.265521e+01 2.900000e+01
    endloop
  endfacet
  facet normal -2.225209e-01 9.749279e-01 0.000000e+00
    outer loop
      vertex   -8.035613e+00 1.265521e+01 3.300000e+01
      vertex   -8.035613e+00 1.265521e+01 2.900000e+01
      vertex   -8.411398e+00 1.256944e+01 3.300000e+01
    endloop
  endfacet
  facet normal -2.225209e-01 9.749279e-01 0.000000e+00
    outer loop
      vertex   -8.411398e+00 1.256944e+01 3.300000e+01
      vertex   -8.035613e+00 1.265521e+01 2.900000e+01
      vertex   -8.411398e+00 1.256944e+01 2.900000e+01
    endloop
  endfacet
  facet normal -4.486483e-02 9.989931e-01 0.000000e+00
    outer loop
      vertex   -8.411398e+00 1.256944e+01 3.300000e+01
      vertex   -8.411398e+00 1.256944e+01 2.900000e+01
      vertex   -8.796459e+00 1.255215e+01 3.300000e+01
    endloop
  endfacet
  facet normal -4.486483e-02 9.989931e-01 0.000000e+00
    outer loop
      vertex   -8.796459e+00 1.255215e+01 3.300000e+01
      vertex   -8.411398e+00 1.256944e+01 2.900000e+01
      vertex   -8.796459e+00 1.255215e+01 2.900000e+01
    endloop
  endfacet
  facet normal 1.342333e-01 9.909498e-01 0.000000e+00
    outer loop
      vertex   -8.796459e+00 1.255215e+01 3.300000e+01
      vertex   -8.796459e+00 1.255215e+01 2.900000e+01
      vertex   -9.178420e+00 1.260389e+01 3.300000e+01
    endloop
  endfacet
  facet normal 1.342333e-01 9.909498e-01 0.000000e+00
    outer loop
      vertex   -9.178420e+00 1.260389e+01 3.300000e+01
      vertex   -8.796459e+00 1.255215e+01 2.900000e+01
      vertex   -9.178420e+00 1.260389e+01 2.900000e+01
    endloop
  endfacet
  facet normal 3.090170e-01 9.510565e-01 0.000000e+00
    outer loop
      vertex   -9.178420e+00 1.260389e+01 3.300000e+01
      vertex   -9.178420e+00 1.260389e+01 2.900000e+01
      vertex   -9.545004e+00 1.272300e+01 3.300000e+01
    endloop
  endfacet
  facet normal 3.090170e-01 9.510565e-01 0.000000e+00
    outer loop
      vertex   -9.545004e+00 1.272300e+01 3.300000e+01
      vertex   -9.178420e+00 1.260389e+01 2.900000e+01
      vertex   -9.545004e+00 1.272300e+01 2.900000e+01
    endloop
  endfacet
  facet normal 4.738687e-01 8.805955e-01 0.000000e+00
    outer loop
      vertex   -9.545004e+00 1.272300e+01 3.300000e+01
      vertex   -9.545004e+00 1.272300e+01 2.900000e+01
      vertex   -9.884428e+00 1.290565e+01 3.300000e+01
    endloop
  endfacet
  facet normal 4.738687e-01 8.805955e-01 0.000000e+00
    outer loop
      vertex   -9.884428e+00 1.290565e+01 3.300000e+01
      vertex   -9.545004e+00 1.272300e+01 2.900000e+01
      vertex   -9.884428e+00 1.290565e+01 2.900000e+01
    endloop
  endfacet
  facet normal 6.234898e-01 7.818315e-01 0.000000e+00
    outer loop
      vertex   -9.884428e+00 1.290565e+01 3.300000e+01
      vertex   -9.884428e+00 1.290565e+01 2.900000e+01
      vertex   -1.018578e+01 1.314597e+01 3.300000e+01
    endloop
  endfacet
  facet normal 6.234898e-01 7.818315e-01 0.000000e+00
    outer loop
      vertex   -1.018578e+01 1.314597e+01 3.300000e+01
      vertex   -9.884428e+00 1.290565e+01 2.900000e+01
      vertex   -1.018578e+01 1.314597e+01 2.900000e+01
    endloop
  endfacet
  facet normal 7.530715e-01 6.579387e-01 0.000000e+00
    outer loop
      vertex   -1.018578e+01 1.314597e+01 3.300000e+01
      vertex   -1.018578e+01 1.314597e+01 2.900000e+01
      vertex   -1.043939e+01 1.343624e+01 3.300000e+01
    endloop
  endfacet
  facet normal 7.530715e-01 6.579387e-01 0.000000e+00
    outer loop
      vertex   -1.043939e+01 1.343624e+01 3.300000e+01
      vertex   -1.018578e+01 1.314597e+01 2.900000e+01
      vertex   -1.043939e+01 1.343624e+01 2.900000e+01
    endloop
  endfacet
  facet normal 8.584488e-01 5.128993e-01 0.000000e+00
    outer loop
      vertex   -1.043939e+01 1.343624e+01 3.300000e+01
      vertex   -1.043939e+01 1.343624e+01 2.900000e+01
      vertex   -1.063708e+01 1.376713e+01 3.300000e+01
    endloop
  endfacet
  facet normal 8.584488e-01 5.128993e-01 0.000000e+00
    outer loop
      vertex   -1.063708e+01 1.376713e+01 3.300000e+01
      vertex   -1.043939e+01 1.343624e+01 2.900000e+01
      vertex   -1.063708e+01 1.376713e+01 2.900000e+01
    endloop
  endfacet
  facet normal 9.362349e-01 3.513748e-01 0.000000e+00
    outer loop
      vertex   -1.063708e+01 1.376713e+01 3.300000e+01
      vertex   -1.063708e+01 1.376713e+01 2.900000e+01
      vertex   -1.077252e+01 1.412800e+01 3.300000e+01
    endloop
  endfacet
  facet normal 9.362349e-01 3.513748e-01 0.000000e+00
    outer loop
      vertex   -1.077252e+01 1.412800e+01 3.300000e+01
      vertex   -1.063708e+01 1.376713e+01 2.900000e+01
      vertex   -1.077252e+01 1.412800e+01 2.900000e+01
    endloop
  endfacet
  facet normal 9.839296e-01 1.785569e-01 0.000000e+00
    outer loop
      vertex   -1.077252e+01 1.412800e+01 3.300000e+01
      vertex   -1.077252e+01 1.412800e+01 2.900000e+01
      vertex   -1.084134e+01 1.450726e+01 3.300000e+01
    endloop
  endfacet
  facet normal 9.839296e-01 1.785569e-01 0.000000e+00
    outer loop
      vertex   -1.084134e+01 1.450726e+01 3.300000e+01
      vertex   -1.077252e+01 1.412800e+01 2.900000e+01
      vertex   -1.084134e+01 1.450726e+01 2.900000e+01
    endloop
  endfacet
  facet normal 1.000000e+00 -0.000000e+00 0.000000e+00
    outer loop
      vertex   -1.084134e+01 1.450726e+01 3.300000e+01
      vertex   -1.084134e+01 1.450726e+01 2.900000e+01
      vertex   -1.084134e+01 1.489271e+01 3.300000e+01
    endloop
  endfacet
  facet normal 1.000000e+00 0.000000e+00 0.000000e+00
    outer loop
      vertex   -1.084134e+01 1.489271e+01 3.300000e+01
      vertex   -1.084134e+01 1.450726e+01 2.900000e+01
      vertex   -1.084134e+01 1.489271e+01 2.900000e+01
    endloop
  endfacet
  facet normal 9.839296e-01 -1.785569e-01 0.000000e+00
    outer loop
      vertex   -1.084134e+01 1.489271e+01 3.300000e+01
      vertex   -1.084134e+01 1.489271e+01 2.900000e+01
      vertex   -1.077252e+01 1.527196e+01 3.300000e+01
    endloop
  endfacet
  facet normal 9.839296e-01 -1.785569e-01 0.000000e+00
    outer loop
      vertex   -1.077252e+01 1.527196e+01 3.300000e+01
      vertex   -1.084134e+01 1.489271e+01 2.900000e+01
      vertex   -1.077252e+01 1.527196e+01 2.900000e+01
    endloop
  endfacet
  facet normal 9.362349e-01 -3.513748e-01 0.000000e+00
    outer loop
      vertex   -1.077252e+01 1.527196e+01 3.300000e+01
      vertex   -1.077252e+01 1.527196e+01 2.900000e+01
      vertex   -1.063708e+01 1.563283e+01 3.300000e+01
    endloop
  endfacet
  facet normal 9.362349e-01 -3.513748e-01 0.000000e+00
    outer loop
      vertex   -1.063708e+01 1.563283e+01 3.300000e+01
      vertex   -1.077252e+01 1.527196e+01 2.900000e+01
      vertex   -1.063708e+01 1.563283e+01 2.900000e+01
    endloop
  endfacet
  facet normal 8.584488e-01 -5.128993e-01 0.000000e+00
    outer loop
      vertex   -1.063708e+01 1.563283e+01 3.300000e+01
      vertex   -1.063708e+01 1.563283e+01 2.900000e+01
      vertex   -1.043939e+01 1.596372e+01 3.300000e+01
    endloop
  endfacet
  facet normal 8.584488e-01 -5.128993e-01 0.000000e+00
    outer loop
      vertex   -1.043939e+01 1.596372e+01 3.300000e+01
      vertex   -1.063708e+01 1.563283e+01 2.900000e+01
      vertex   -1.043939e+01 1.596372e+01 2.900000e+01
    endloop
  endfacet
  facet normal 7.530715e-01 -6.579387e-01 0.000000e+00
    outer loop
      vertex   -1.043939e+01 1.596372e+01 3.300000e+01
      vertex   -1.043939e+01 1.596372e+01 2.900000e+01
      vertex   -1.018578e+01 1.625399e+01 3.300000e+01
    endloop
  endfacet
  facet normal 7.530715e-01 -6.579387e-01 0.000000e+00
    outer loop
      vertex   -1.018578e+01 1.625399e+01 3.300000e+01
      vertex   -1.043939e+01 1.596372e+01 2.900000e+01
      vertex   -1.018578e+01 1.625399e+01 2.900000e+01
    endloop
  endfacet
  facet normal 6.234898e-01 -7.818315e-01 0.000000e+00
    outer loop
      vertex   -1.018578e+01 1.625399e+01 3.300000e+01
      vertex   -1.018578e+01 1.625399e+01 2.900000e+01
      vertex   -9.884428e+00 1.649431e+01 3.300000e+01
    endloop
  endfacet
  facet normal 6.234898e-01 -7.818315e-01 0.000000e+00
    outer loop
      vertex   -9.884428e+00 1.649431e+01 3.300000e+01
      vertex   -1.018578e+01 1.625399e+01 2.900000e+01
      vertex   -9.884428e+00 1.649431e+01 2.900000e+01
    endloop
  endfacet
  facet normal 4.738687e-01 -8.805955e-01 0.000000e+00
    outer loop
      vertex   -9.884428e+00 1.649431e+01 3.300000e+01
      vertex   -9.884428e+00 1.649431e+01 2.900000e+01
      vertex   -9.545004e+00 1.667697e+01 3.300000e+01
    endloop
  endfacet
  facet normal 4.738687e-01 -8.805955e-01 0.000000e+00
    outer loop
      vertex   -9.545004e+00 1.667697e+01 3.300000e+01
      vertex   -9.884428e+00 1.649431e+01 2.900000e+01
      vertex   -9.545004e+00 1.667697e+01 2.900000e+01
    endloop
  endfacet
  facet normal 3.090170e-01 -9.510565e-01 0.000000e+00
    outer loop
      vertex   -9.545004e+00 1.667697e+01 3.300000e+01
      vertex   -9.545004e+00 1.667697e+01 2.900000e+01
      vertex   -9.178420e+00 1.679608e+01 3.300000e+01
    endloop
  endfacet
  facet normal 3.090170e-01 -9.510565e-01 0.000000e+00
    outer loop
      vertex   -9.178420e+00 1.679608e+01 3.300000e+01
      vertex   -9.545004e+00 1.667697e+01 2.900000e+01
      vertex   -9.178420e+00 1.679608e+01 2.900000e+01
    endloop
  endfacet
  facet normal 1.342333e-01 -9.909498e-01 0.000000e+00
    outer loop
      vertex   -9.178420e+00 1.679608e+01 3.300000e+01
      vertex   -9.178420e+00 1.679608e+01 2.900000e+01
      vertex   -8.796459e+00 1.684782e+01 3.300000e+01
    endloop
  endfacet
  facet normal 1.342333e-01 -9.909498e-01 0.000000e+00
    outer loop
      vertex   -8.796459e+00 1.684782e+01 3.300000e+01
      vertex   -9.178420e+00 1.679608e+01 2.900000e+01
      vertex   -8.796459e+00 1.684782e+01 2.900000e+01
    endloop
  endfacet
  facet normal -4.486483e-02 -9.989931e-01 -0.000000e+00
    outer loop
      vertex   -8.796459e+00 1.684782e+01 3.300000e+01
      vertex   -8.796459e+00 1.684782e+01 2.900000e+01
      vertex   -8.411398e+00 1.683052e+01 3.300000e+01
    endloop
  endfacet
  facet normal -4.486483e-02 -9.989931e-01 -0.000000e+00
    outer loop
      vertex   -8.411398e+00 1.683052e+01 3.300000e+01
      vertex   -8.796459e+00 1.684782e+01 2.900000e+01
      vertex   -8.411398e+00 1.683052e+01 2.900000e+01
    endloop
  endfacet
  facet normal -2.225209e-01 -9.749279e-01 -0.000000e+00
    outer loop
      vertex   -8.411398e+00 1.683052e+01 3.300000e+01
      vertex   -8.411398e+00 1.683052e+01 2.900000e+01
      vertex   -8.035613e+00 1.674475e+01 3.300000e+01
    endloop
  endfacet
  facet normal -2.225209e-01 -9.749279e-01 -0.000000e+00
    outer loop
      vertex   -8.035613e+00 1.674475e+01 3.300000e+01
      vertex   -8.411398e+00 1.683052e+01 2.900000e+01
      vertex   -8.035613e+00 1.674475e+01 2.900000e+01
    endloop
  endfacet
  facet normal -3.930250e-01 -9.195278e-01 -0.000000e+00
    outer loop
      vertex   -8.035613e+00 1.674475e+01 3.300000e+01
      vertex   -8.035613e+00 1.674475e+01 2.900000e+01
      vertex   -7.681182e+00 1.659326e+01 3.300000e+01
    endloop
  endfacet
  facet normal -3.930250e-01 -9.195278e-01 -0.000000e+00
    outer loop
      vertex   -7.681182e+00 1.659326e+01 3.300000e+01
      vertex   -8.035613e+00 1.674475e+01 2.900000e+01
      vertex   -7.681182e+00 1.659326e+01 2.900000e+01
    endloop
  endfacet
  facet normal -5.508970e-01 -8.345733e-01 -0.000000e+00
    outer loop
      vertex   -7.681182e+00 1.659326e+01 3.300000e+01
      vertex   -7.681182e+00 1.659326e+01 2.900000e+01
      vertex   -7.359497e+00 1.638092e+01 3.300000e+01
    endloop
  endfacet
  facet normal -5.508970e-01 -8.345733e-01 -0.000000e+00
    outer loop
      vertex   -7.359497e+00 1.638092e+01 3.300000e+01
      vertex   -7.681182e+00 1.659326e+01 2.900000e+01
      vertex   -7.359497e+00 1.638092e+01 2.900000e+01
    endloop
  endfacet
  facet normal -6.910626e-01 -7.227949e-01 -0.000000e+00
    outer loop
      vertex   -7.359497e+00 1.638092e+01 3.300000e+01
      vertex   -7.359497e+00 1.638092e+01 2.900000e+01
      vertex   -7.080896e+00 1.611455e+01 3.300000e+01
    endloop
  endfacet
  facet normal -6.910626e-01 -7.227949e-01 -0.000000e+00
    outer loop
      vertex   -7.080896e+00 1.611455e+01 3.300000e+01
      vertex   -7.359497e+00 1.638092e+01 2.900000e+01
      vertex   -7.080896e+00 1.611455e+01 2.900000e+01
    endloop
  endfacet
  facet normal -8.090170e-01 -5.877853e-01 -0.000000e+00
    outer loop
      vertex   -7.080896e+00 1.611455e+01 3.300000e+01
      vertex   -7.080896e+00 1.611455e+01 2.900000e+01
      vertex   -6.854335e+00 1.580272e+01 3.300000e+01
    endloop
  endfacet
  facet normal -8.090170e-01 -5.877853e-01 -0.000000e+00
    outer loop
      vertex   -6.854335e+00 1.580272e+01 3.300000e+01
      vertex   -7.080896e+00 1.611455e+01 2.900000e+01
      vertex   -6.854335e+00 1.580272e+01 2.900000e+01
    endloop
  endfacet
  facet normal -9.009689e-01 -4.338837e-01 -0.000000e+00
    outer loop
      vertex   -6.854335e+00 1.580272e+01 3.300000e+01
      vertex   -6.854335e+00 1.580272e+01 2.900000e+01
      vertex   -6.687095e+00 1.545544e+01 3.300000e+01
    endloop
  endfacet
  facet normal -9.009689e-01 -4.338837e-01 -0.000000e+00
    outer loop
      vertex   -6.687095e+00 1.545544e+01 3.300000e+01
      vertex   -6.854335e+00 1.580272e+01 2.900000e+01
      vertex   -6.687095e+00 1.545544e+01 2.900000e+01
    endloop
  endfacet
  facet normal -9.639629e-01 -2.660368e-01 -0.000000e+00
    outer loop
      vertex   -6.687095e+00 1.545544e+01 3.300000e+01
      vertex   -6.687095e+00 1.545544e+01 2.900000e+01
      vertex   -6.584551e+00 1.508388e+01 3.300000e+01
    endloop
  endfacet
  facet normal -9.639629e-01 -2.660368e-01 -0.000000e+00
    outer loop
      vertex   -6.584551e+00 1.508388e+01 3.300000e+01
      vertex   -6.687095e+00 1.545544e+01 2.900000e+01
      vertex   -6.584551e+00 1.508388e+01 2.900000e+01
    endloop
  endfacet
  facet normal 1.000000e+00 0.000000e+00 0.000000e+00
    outer loop
      vertex   7.300000e+00 1.044998e+01 3.300000e+01
      vertex   7.300000e+00 1.894998e+01 3.300000e+01
      vertex   7.300000e+00 1.144998e+01 3.400000e+01
    endloop
  endfacet
  facet normal 1.000000e+00 -0.000000e+00 0.000000e+00
    outer loop
      vertex   7.300000e+00 1.144998e+01 3.400000e+01
      vertex   7.300000e+00 1.894998e+01 3.300000e+01
      vertex   7.300000e+00 1.794998e+01 3.400000e+01
    endloop
  endfacet
  facet normal -0.000000e+00 0.000000e+00 1.000000e+00
    outer loop
      vertex   -7.002087e-01 1.029120e+01 2.900000e+01
      vertex   -2.208127e-01 1.025993e+01 2.900000e+01
      vertex   4.299791e+00 1.029120e+01 2.900000e+01
    endloop
  endfacet
  facet normal 0.000000e+00 0.000000e+00 1.000000e+00
    outer loop
      vertex   4.299791e+00 1.029120e+01 2.900000e+01
      vertex   -2.208127e-01 1.025993e+01 2.900000e+01
      vertex   2.504627e-01 1.016667e+01 2.900000e+01
    endloop
  endfacet
  facet normal 0.000000e+00 0.000000e+00 1.000000e+00
    outer loop
      vertex   4.299791e+00 1.029120e+01 2.900000e+01
      vertex   2.504627e-01 1.016667e+01 2.900000e+01
      vertex   7.056344e-01 1.001300e+01 2.900000e+01
    endloop
  endfacet
  facet normal -0.000000e+00 0.000000e+00 1.000000e+00
    outer loop
      vertex   7.056344e-01 1.001300e+01 2.900000e+01
      vertex   1.136992e+00 9.801505e+00 2.900000e+01
      vertex   4.299791e+00 1.029120e+01 2.900000e+01
    endloop
  endfacet
  facet normal 0.000000e+00 0.000000e+00 1.000000e+00
    outer loop
      vertex   4.299791e+00 1.029120e+01 2.900000e+01
      vertex   1.136992e+00 9.801505e+00 2.900000e+01
      vertex   1.537229e+00 9.535783e+00 2.900000e+01
    endloop
  endfacet
  facet normal 0.000000e+00 0.000000e+00 1.000000e+00
    outer loop
      vertex   4.299791e+00 1.029120e+01 2.900000e+01
      vertex   1.537229e+00 9.535783e+00 2.900000e+01
      vertex   1.899565e+00 9.220330e+00 2.900000e+01
    endloop
  endfacet
  facet normal -0.000000e+00 0.000000e+00 1.000000e+00
    outer loop
      vertex   1.899565e+00 9.220330e+00 2.900000e+01
      vertex   2.194051e+00 8.963948e+00 2.900000e+01
      vertex   4.299791e+00 1.029120e+01 2.900000e+01
    endloop
  endfacet
  facet normal 0.000000e+00 0.000000e+00 1.000000e+00
    outer loop
      vertex   4.299791e+00 1.029120e+01 2.900000e+01
      vertex   2.194051e+00 8.963948e+00 2.900000e+01
      vertex   2.519341e+00 8.747984e+00 2.900000e+01
    endloop
  endfacet
  facet normal 0.000000e+00 0.000000e+00 1.000000e+00
    outer loop
      vertex   4.299791e+00 1.029120e+01 2.900000e+01
      vertex   2.519341e+00 8.747984e+00 2.900000e+01
      vertex   2.869923e+00 8.576097e+00 2.900000e+01
    endloop
  endfacet
  facet normal -0.000000e+00 0.000000e+00 1.000000e+00
    outer loop
      vertex   2.869923e+00 8.576097e+00 2.900000e+01
      vertex   3.239861e+00 8.451197e+00 2.900000e+01
      vertex   4.299791e+00 1.029120e+01 2.900000e+01
    endloop
  endfacet
  facet normal 0.000000e+00 0.000000e+00 1.000000e+00
    outer loop
      vertex   4.299791e+00 1.029120e+01 2.900000e+01
      vertex   3.239861e+00 8.451197e+00 2.900000e+01
      vertex   3.622886e+00 8.375400e+00 2.900000e+01
    endloop
  endfacet
  facet normal 0.000000e+00 0.000000e+00 1.000000e+00
    outer loop
      vertex   4.299791e+00 1.029120e+01 2.900000e+01
      vertex   3.622886e+00 8.375400e+00 2.900000e+01
      vertex   4.012512e+00 8.349991e+00 2.900000e+01
    endloop
  endfacet
  facet normal 0.000000e+00 0.000000e+00 1.000000e+00
    outer loop
      vertex   4.012512e+00 8.349991e+00 2.900000e+01
      vertex   4.299791e+00 8.349991e+00 2.900000e+01
      vertex   4.299791e+00 1.029120e+01 2.900000e+01
    endloop
  endfacet
  facet normal 0.000000e+00 0.000000e+00 1.000000e+00
    outer loop
      vertex   4.299791e+00 1.029120e+01 2.900000e+01
      vertex   4.299791e+00 8.349991e+00 2.900000e+01
      vertex   4.802410e+00 1.025682e+01 2.900000e+01
    endloop
  endfacet
  facet normal 0.000000e+00 0.000000e+00 1.000000e+00
    outer loop
      vertex   4.802410e+00 1.025682e+01 2.900000e+01
      vertex   4.299791e+00 8.349991e+00 2.900000e+01
      vertex   4.641199e+00 8.316365e+00 2.900000e+01
    endloop
  endfacet
  facet normal 0.000000e+00 0.000000e+00 1.000000e+00
    outer loop
      vertex   4.802410e+00 1.025682e+01 2.900000e+01
      vertex   4.641199e+00 8.316365e+00 2.900000e+01
      vertex   5.295667e+00 1.015432e+01 2.900000e+01
    endloop
  endfacet
  facet normal 0.000000e+00 0.000000e+00 1.000000e+00
    outer loop
      vertex   5.295667e+00 1.015432e+01 2.900000e+01
      vertex   4.641199e+00 8.316365e+00 2.900000e+01
      vertex   5.770372e+00 9.985607e+00 2.900000e+01
    endloop
  endfacet
  facet normal 0.000000e+00 0.000000e+00 1.000000e+00
    outer loop
      vertex   5.770372e+00 9.985607e+00 2.900000e+01
      vertex   4.641199e+00 8.316365e+00 2.900000e+01
      vertex   4.969487e+00 8.216780e+00 2.900000e+01
    endloop
  endfacet
  facet normal 0.000000e+00 0.000000e+00 1.000000e+00
    outer loop
      vertex   5.770372e+00 9.985607e+00 2.900000e+01
      vertex   4.969487e+00 8.216780e+00 2.900000e+01
      vertex   6.217683e+00 9.753829e+00 2.900000e+01
    endloop
  endfacet
  facet normal 0.000000e+00 0.000000e+00 1.000000e+00
    outer loop
      vertex   6.217683e+00 9.753829e+00 2.900000e+01
      vertex   4.969487e+00 8.216780e+00 2.900000e+01
      vertex   5.272039e+00 8.055063e+00 2.900000e+01
    endloop
  endfacet
  facet normal 0.000000e+00 0.000000e+00 1.000000e+00
    outer loop
      vertex   6.217683e+00 9.753829e+00 2.900000e+01
      vertex   5.272039e+00 8.055063e+00 2.900000e+01
      vertex   6.629267e+00 9.463301e+00 2.900000e+01
    endloop
  endfacet
  facet normal 0.000000e+00 0.000000e+00 1.000000e+00
    outer loop
      vertex   6.629267e+00 9.463301e+00 2.900000e+01
      vertex   5.272039e+00 8.055063e+00 2.900000e+01
      vertex   6.997457e+00 9.119435e+00 2.900000e+01
    endloop
  endfacet
  facet normal 0.000000e+00 0.000000e+00 1.000000e+00
    outer loop
      vertex   6.997457e+00 9.119435e+00 2.900000e+01
      vertex   5.272039e+00 8.055063e+00 2.900000e+01
      vertex   5.537228e+00 7.837428e+00 2.900000e+01
    endloop
  endfacet
  facet normal 0.000000e+00 0.000000e+00 1.000000e+00
    outer loop
      vertex   6.997457e+00 9.119435e+00 2.900000e+01
      vertex   5.537228e+00 7.837428e+00 2.900000e+01
      vertex   7.315395e+00 8.728637e+00 2.900000e+01
    endloop
  endfacet
  facet normal 0.000000e+00 0.000000e+00 1.000000e+00
    outer loop
      vertex   7.315395e+00 8.728637e+00 2.900000e+01
      vertex   5.537228e+00 7.837428e+00 2.900000e+01
      vertex   5.754863e+00 7.572239e+00 2.900000e+01
    endloop
  endfacet
  facet normal 0.000000e+00 0.000000e+00 1.000000e+00
    outer loop
      vertex   7.315395e+00 8.728637e+00 2.900000e+01
      vertex   5.754863e+00 7.572239e+00 2.900000e+01
      vertex   7.577158e+00 8.298186e+00 2.900000e+01
    endloop
  endfacet
  facet normal 0.000000e+00 0.000000e+00 1.000000e+00
    outer loop
      vertex   7.577158e+00 8.298186e+00 2.900000e+01
      vertex   5.754863e+00 7.572239e+00 2.900000e+01
      vertex   5.916580e+00 7.269687e+00 2.900000e+01
    endloop
  endfacet
  facet normal 0.000000e+00 0.000000e+00 1.000000e+00
    outer loop
      vertex   7.577158e+00 8.298186e+00 2.900000e+01
      vertex   5.916580e+00 7.269687e+00 2.900000e+01
      vertex   7.777870e+00 7.836101e+00 2.900000e+01
    endloop
  endfacet
  facet normal 0.000000e+00 0.000000e+00 1.000000e+00
    outer loop
      vertex   7.777870e+00 7.836101e+00 2.900000e+01
      vertex   5.916580e+00 7.269687e+00 2.900000e+01
      vertex   7.913792e+00 7.350989e+00 2.900000e+01
    endloop
  endfacet
  facet normal 0.000000e+00 0.000000e+00 1.000000e+00
    outer loop
      vertex   7.913792e+00 7.350989e+00 2.900000e+01
      vertex   5.916580e+00 7.269687e+00 2.900000e+01
      vertex   6.016166e+00 6.941399e+00 2.900000e+01
    endloop
  endfacet
  facet normal 0.000000e+00 0.000000e+00 1.000000e+00
    outer loop
      vertex   7.913792e+00 7.350989e+00 2.900000e+01
      vertex   6.016166e+00 6.941399e+00 2.900000e+01
      vertex   7.982392e+00 6.851888e+00 2.900000e+01
    endloop
  endfacet
  facet normal 0.000000e+00 0.000000e+00 1.000000e+00
    outer loop
      vertex   7.982392e+00 6.851888e+00 2.900000e+01
      vertex   6.016166e+00 6.941399e+00 2.900000e+01
      vertex   6.049791e+00 6.599991e+00 2.900000e+01
    endloop
  endfacet
  facet normal 0.000000e+00 0.000000e+00 1.000000e+00
    outer loop
      vertex   7.982392e+00 6.851888e+00 2.900000e+01
      vertex   6.049791e+00 6.599991e+00 2.900000e+01
      vertex   7.982392e+00 6.348094e+00 2.900000e+01
    endloop
  endfacet
  facet normal 0.000000e+00 0.000000e+00 1.000000e+00
    outer loop
      vertex   7.982392e+00 6.348094e+00 2.900000e+01
      vertex   6.049791e+00 6.599991e+00 2.900000e+01
      vertex   6.016166e+00 6.258583e+00 2.900000e+01
    endloop
  endfacet
  facet normal 0.000000e+00 0.000000e+00 1.000000e+00
    outer loop
      vertex   7.982392e+00 6.348094e+00 2.900000e+01
      vertex   6.016166e+00 6.258583e+00 2.900000e+01
      vertex   7.913792e+00 5.848993e+00 2.900000e+01
    endloop
  endfacet
  facet normal 0.000000e+00 0.000000e+00 1.000000e+00
    outer loop
      vertex   7.913792e+00 5.848993e+00 2.900000e+01
      vertex   6.016166e+00 6.258583e+00 2.900000e+01
      vertex   5.916580e+00 5.930295e+00 2.900000e+01
    endloop
  endfacet
  facet normal 0.000000e+00 0.000000e+00 1.000000e+00
    outer loop
      vertex   7.913792e+00 5.848993e+00 2.900000e+01
      vertex   5.916580e+00 5.930295e+00 2.900000e+01
      vertex   7.777870e+00 5.363882e+00 2.900000e+01
    endloop
  endfacet
  facet normal 0.000000e+00 0.000000e+00 1.000000e+00
    outer loop
      vertex   7.777870e+00 5.363882e+00 2.900000e+01
      vertex   5.916580e+00 5.930295e+00 2.900000e+01
      vertex   7.577158e+00 4.901796e+00 2.900000e+01
    endloop
  endfacet
  facet normal 0.000000e+00 0.000000e+00 1.000000e+00
    outer loop
      vertex   7.577158e+00 4.901796e+00 2.900000e+01
      vertex   5.916580e+00 5.930295e+00 2.900000e+01
      vertex   5.754863e+00 5.627743e+00 2.900000e+01
    endloop
  endfacet
  facet normal 0.000000e+00 0.000000e+00 1.000000e+00
    outer loop
      vertex   7.577158e+00 4.901796e+00 2.900000e+01
      vertex   5.754863e+00 5.627743e+00 2.900000e+01
      vertex   7.315395e+00 4.471345e+00 2.900000e+01
    endloop
  endfacet
  facet normal 0.000000e+00 0.000000e+00 1.000000e+00
    outer loop
      vertex   7.315395e+00 4.471345e+00 2.900000e+01
      vertex   5.754863e+00 5.627743e+00 2.900000e+01
      vertex   5.537228e+00 5.362554e+00 2.900000e+01
    endloop
  endfacet
  facet normal 0.000000e+00 0.000000e+00 1.000000e+00
    outer loop
      vertex   7.315395e+00 4.471345e+00 2.900000e+01
      vertex   5.537228e+00 5.362554e+00 2.900000e+01
      vertex   6.997457e+00 4.080547e+00 2.900000e+01
    endloop
  endfacet
  facet normal 0.000000e+00 0.000000e+00 1.000000e+00
    outer loop
      vertex   6.997457e+00 4.080547e+00 2.900000e+01
      vertex   5.537228e+00 5.362554e+00 2.900000e+01
      vertex   5.272039e+00 5.144919e+00 2.900000e+01
    endloop
  endfacet
  facet normal 0.000000e+00 0.000000e+00 1.000000e+00
    outer loop
      vertex   6.997457e+00 4.080547e+00 2.900000e+01
      vertex   5.272039e+00 5.144919e+00 2.900000e+01
      vertex   6.629267e+00 3.736681e+00 2.900000e+01
    endloop
  endfacet
  facet normal 0.000000e+00 0.000000e+00 1.000000e+00
    outer loop
      vertex   6.629267e+00 3.736681e+00 2.900000e+01
      vertex   5.272039e+00 5.144919e+00 2.900000e+01
      vertex   6.217683e+00 3.446153e+00 2.900000e+01
    endloop
  endfacet
  facet normal 0.000000e+00 0.000000e+00 1.000000e+00
    outer loop
      vertex   6.217683e+00 3.446153e+00 2.900000e+01
      vertex   5.272039e+00 5.144919e+00 2.900000e+01
      vertex   4.969487e+00 4.983202e+00 2.900000e+01
    endloop
  endfacet
  facet normal 0.000000e+00 0.000000e+00 1.000000e+00
    outer loop
      vertex   6.217683e+00 3.446153e+00 2.900000e+01
      vertex   4.969487e+00 4.983202e+00 2.900000e+01
      vertex   5.770372e+00 3.214376e+00 2.900000e+01
    endloop
  endfacet
  facet normal 0.000000e+00 0.000000e+00 1.000000e+00
    outer loop
      vertex   5.770372e+00 3.214376e+00 2.900000e+01
      vertex   4.969487e+00 4.983202e+00 2.900000e+01
      vertex   4.641199e+00 4.883617e+00 2.900000e+01
    endloop
  endfacet
  facet normal 0.000000e+00 0.000000e+00 1.000000e+00
    outer loop
      vertex   5.770372e+00 3.214376e+00 2.900000e+01
      vertex   4.641199e+00 4.883617e+00 2.900000e+01
      vertex   5.295667e+00 3.045665e+00 2.900000e+01
    endloop
  endfacet
  facet normal 0.000000e+00 0.000000e+00 1.000000e+00
    outer loop
      vertex   5.295667e+00 3.045665e+00 2.900000e+01
      vertex   4.641199e+00 4.883617e+00 2.900000e+01
      vertex   4.802410e+00 2.943165e+00 2.900000e+01
    endloop
  endfacet
  facet normal 0.000000e+00 0.000000e+00 1.000000e+00
    outer loop
      vertex   4.802410e+00 2.943165e+00 2.900000e+01
      vertex   4.641199e+00 4.883617e+00 2.900000e+01
      vertex   4.299791e+00 4.849991e+00 2.900000e+01
    endloop
  endfacet
  facet normal 0.000000e+00 0.000000e+00 1.000000e+00
    outer loop
      vertex   4.802410e+00 2.943165e+00 2.900000e+01
      vertex   4.299791e+00 4.849991e+00 2.900000e+01
      vertex   4.299791e+00 2.908785e+00 2.900000e+01
    endloop
  endfacet
  facet normal 0.000000e+00 -0.000000e+00 1.000000e+00
    outer loop
      vertex   4.299791e+00 2.908785e+00 2.900000e+01
      vertex   4.299791e+00 4.849991e+00 2.900000e+01
      vertex   4.012512e+00 4.849991e+00 2.900000e+01
    endloop
  endfacet
  facet normal 0.000000e+00 0.000000e+00 1.000000e+00
    outer loop
      vertex   4.299791e+00 2.908785e+00 2.900000e+01
      vertex   4.012512e+00 4.849991e+00 2.900000e+01
      vertex   3.622886e+00 4.824582e+00 2.900000e+01
    endloop
  endfacet
  facet normal 0.000000e+00 0.000000e+00 1.000000e+00
    outer loop
      vertex   3.622886e+00 4.824582e+00 2.900000e+01
      vertex   3.239861e+00 4.748786e+00 2.900000e+01
      vertex   4.299791e+00 2.908785e+00 2.900000e+01
    endloop
  endfacet
  facet normal 0.000000e+00 0.000000e+00 1.000000e+00
    outer loop
      vertex   4.299791e+00 2.908785e+00 2.900000e+01
      vertex   3.239861e+00 4.748786e+00 2.900000e+01
      vertex   2.869923e+00 4.623886e+00 2.900000e+01
    endloop
  endfacet
  facet normal 0.000000e+00 0.000000e+00 1.000000e+00
    outer loop
      vertex   4.299791e+00 2.908785e+00 2.900000e+01
      vertex   2.869923e+00 4.623886e+00 2.900000e+01
      vertex   2.519341e+00 4.451998e+00 2.900000e+01
    endloop
  endfacet
  facet normal 0.000000e+00 0.000000e+00 1.000000e+00
    outer loop
      vertex   2.519341e+00 4.451998e+00 2.900000e+01
      vertex   2.194051e+00 4.236034e+00 2.900000e+01
      vertex   4.299791e+00 2.908785e+00 2.900000e+01
    endloop
  endfacet
  facet normal 0.000000e+00 0.000000e+00 1.000000e+00
    outer loop
      vertex   4.299791e+00 2.908785e+00 2.900000e+01
      vertex   2.194051e+00 4.236034e+00 2.900000e+01
      vertex   1.899565e+00 3.979652e+00 2.900000e+01
    endloop
  endfacet
  facet normal 0.000000e+00 0.000000e+00 1.000000e+00
    outer loop
      vertex   4.299791e+00 2.908785e+00 2.900000e+01
      vertex   1.899565e+00 3.979652e+00 2.900000e+01
      vertex   1.537229e+00 3.664199e+00 2.900000e+01
    endloop
  endfacet
  facet normal 0.000000e+00 0.000000e+00 1.000000e+00
    outer loop
      vertex   1.537229e+00 3.664199e+00 2.900000e+01
      vertex   1.136992e+00 3.398477e+00 2.900000e+01
      vertex   4.299791e+00 2.908785e+00 2.900000e+01
    endloop
  endfacet
  facet normal 0.000000e+00 0.000000e+00 1.000000e+00
    outer loop
      vertex   4.299791e+00 2.908785e+00 2.900000e+01
      vertex   1.136992e+00 3.398477e+00 2.900000e+01
      vertex   7.056344e-01 3.186986e+00 2.900000e+01
    endloop
  endfacet
  facet normal 0.000000e+00 0.000000e+00 1.000000e+00
    outer loop
      vertex   4.299791e+00 2.908785e+00 2.900000e+01
      vertex   7.056344e-01 3.186986e+00 2.900000e+01
      vertex   2.504627e-01 3.033309e+00 2.900000e+01
    endloop
  endfacet
  facet normal 0.000000e+00 0.000000e+00 1.000000e+00
    outer loop
      vertex   2.504627e-01 3.033309e+00 2.900000e+01
      vertex   -2.208127e-01 2.940049e+00 2.900000e+01
      vertex   4.299791e+00 2.908785e+00 2.900000e+01
    endloop
  endfacet
  facet normal 0.000000e+00 0.000000e+00 1.000000e+00
    outer loop
      vertex   4.299791e+00 2.908785e+00 2.900000e+01
      vertex   -2.208127e-01 2.940049e+00 2.900000e+01
      vertex   -7.002087e-01 2.908785e+00 2.900000e+01
    endloop
  endfacet
  facet normal -9.801714e-02 -9.951847e-01 -0.000000e+00
    outer loop
      vertex   4.299791e+00 8.349991e+00 2.900000e+01
      vertex   4.299791e+00 8.349991e+00 2.740000e+01
      vertex   4.641199e+00 8.316365e+00 2.900000e+01
    endloop
  endfacet
  facet normal -9.801714e-02 -9.951847e-01 -0.000000e+00
    outer loop
      vertex   4.641199e+00 8.316365e+00 2.900000e+01
      vertex   4.299791e+00 8.349991e+00 2.740000e+01
      vertex   4.641199e+00 8.316365e+00 2.740000e+01
    endloop
  endfacet
  facet normal -2.902847e-01 -9.569403e-01 -0.000000e+00
    outer loop
      vertex   4.641199e+00 8.316365e+00 2.900000e+01
      vertex   4.641199e+00 8.316365e+00 2.740000e+01
      vertex   4.969487e+00 8.216780e+00 2.900000e+01
    endloop
  endfacet
  facet normal -2.902847e-01 -9.569403e-01 1.611404e-16
    outer loop
      vertex   4.969487e+00 8.216780e+00 2.900000e+01
      vertex   4.641199e+00 8.316365e+00 2.740000e+01
      vertex   4.969487e+00 8.216780e+00 2.740000e+01
    endloop
  endfacet
  facet normal -4.713967e-01 -8.819213e-01 2.616778e-16
    outer loop
      vertex   4.969487e+00 8.216780e+00 2.900000e+01
      vertex   4.969487e+00 8.216780e+00 2.740000e+01
      vertex   5.272039e+00 8.055063e+00 2.900000e+01
    endloop
  endfacet
  facet normal -4.713967e-01 -8.819213e-01 -0.000000e+00
    outer loop
      vertex   5.272039e+00 8.055063e+00 2.900000e+01
      vertex   4.969487e+00 8.216780e+00 2.740000e+01
      vertex   5.272039e+00 8.055063e+00 2.740000e+01
    endloop
  endfacet
  facet normal -6.343933e-01 -7.730105e-01 -0.000000e+00
    outer loop
      vertex   5.272039e+00 8.055063e+00 2.900000e+01
      vertex   5.272039e+00 8.055063e+00 2.740000e+01
      vertex   5.537228e+00 7.837428e+00 2.900000e+01
    endloop
  endfacet
  facet normal -6.343933e-01 -7.730105e-01 -4.291070e-16
    outer loop
      vertex   5.537228e+00 7.837428e+00 2.900000e+01
      vertex   5.272039e+00 8.055063e+00 2.740000e+01
      vertex   5.537228e+00 7.837428e+00 2.740000e+01
    endloop
  endfacet
  facet normal -7.730105e-01 -6.343933e-01 -3.521590e-16
    outer loop
      vertex   5.537228e+00 7.837428e+00 2.900000e+01
      vertex   5.537228e+00 7.837428e+00 2.740000e+01
      vertex   5.754863e+00 7.572239e+00 2.900000e+01
    endloop
  endfacet
  facet normal -7.730105e-01 -6.343933e-01 -0.000000e+00
    outer loop
      vertex   5.754863e+00 7.572239e+00 2.900000e+01
      vertex   5.537228e+00 7.837428e+00 2.740000e+01
      vertex   5.754863e+00 7.572239e+00 2.740000e+01
    endloop
  endfacet
  facet normal -8.819213e-01 -4.713967e-01 -0.000000e+00
    outer loop
      vertex   5.754863e+00 7.572239e+00 2.900000e+01
      vertex   5.754863e+00 7.572239e+00 2.740000e+01
      vertex   5.916580e+00 7.269687e+00 2.900000e+01
    endloop
  endfacet
  facet normal -8.819213e-01 -4.713967e-01 -2.616778e-16
    outer loop
      vertex   5.916580e+00 7.269687e+00 2.900000e+01
      vertex   5.754863e+00 7.572239e+00 2.740000e+01
      vertex   5.916580e+00 7.269687e+00 2.740000e+01
    endloop
  endfacet
  facet normal -9.569403e-01 -2.902847e-01 -1.611404e-16
    outer loop
      vertex   5.916580e+00 7.269687e+00 2.900000e+01
      vertex   5.916580e+00 7.269687e+00 2.740000e+01
      vertex   6.016166e+00 6.941399e+00 2.900000e+01
    endloop
  endfacet
  facet normal -9.569403e-01 -2.902847e-01 -3.222807e-16
    outer loop
      vertex   6.016166e+00 6.941399e+00 2.900000e+01
      vertex   5.916580e+00 7.269687e+00 2.740000e+01
      vertex   6.016166e+00 6.941399e+00 2.740000e+01
    endloop
  endfacet
  facet normal -9.951847e-01 -9.801714e-02 -1.088209e-16
    outer loop
      vertex   6.016166e+00 6.941399e+00 2.900000e+01
      vertex   6.016166e+00 6.941399e+00 2.740000e+01
      vertex   6.049791e+00 6.599991e+00 2.900000e+01
    endloop
  endfacet
  facet normal -9.951847e-01 -9.801714e-02 -0.000000e+00
    outer loop
      vertex   6.049791e+00 6.599991e+00 2.900000e+01
      vertex   6.016166e+00 6.941399e+00 2.740000e+01
      vertex   6.049791e+00 6.599991e+00 2.740000e+01
    endloop
  endfacet
  facet normal -9.951847e-01 9.801714e-02 0.000000e+00
    outer loop
      vertex   6.049791e+00 6.599991e+00 2.900000e+01
      vertex   6.049791e+00 6.599991e+00 2.740000e+01
      vertex   6.016166e+00 6.258583e+00 2.900000e+01
    endloop
  endfacet
  facet normal -9.951847e-01 9.801714e-02 0.000000e+00
    outer loop
      vertex   6.016166e+00 6.258583e+00 2.900000e+01
      vertex   6.049791e+00 6.599991e+00 2.740000e+01
      vertex   6.016166e+00 6.258583e+00 2.740000e+01
    endloop
  endfacet
  facet normal -9.569403e-01 2.902847e-01 0.000000e+00
    outer loop
      vertex   6.016166e+00 6.258583e+00 2.900000e+01
      vertex   6.016166e+00 6.258583e+00 2.740000e+01
      vertex   5.916580e+00 5.930295e+00 2.900000e+01
    endloop
  endfacet
  facet normal -9.569403e-01 2.902847e-01 -1.611404e-16
    outer loop
      vertex   5.916580e+00 5.930295e+00 2.900000e+01
      vertex   6.016166e+00 6.258583e+00 2.740000e+01
      vertex   5.916580e+00 5.930295e+00 2.740000e+01
    endloop
  endfacet
  facet normal -8.819213e-01 4.713967e-01 -2.616778e-16
    outer loop
      vertex   5.916580e+00 5.930295e+00 2.900000e+01
      vertex   5.916580e+00 5.930295e+00 2.740000e+01
      vertex   5.754863e+00 5.627743e+00 2.900000e+01
    endloop
  endfacet
  facet normal -8.819213e-01 4.713967e-01 0.000000e+00
    outer loop
      vertex   5.754863e+00 5.627743e+00 2.900000e+01
      vertex   5.916580e+00 5.930295e+00 2.740000e+01
      vertex   5.754863e+00 5.627743e+00 2.740000e+01
    endloop
  endfacet
  facet normal -7.730105e-01 6.343933e-01 0.000000e+00
    outer loop
      vertex   5.754863e+00 5.627743e+00 2.900000e+01
      vertex   5.754863e+00 5.627743e+00 2.740000e+01
      vertex   5.537228e+00 5.362554e+00 2.900000e+01
    endloop
  endfacet
  facet normal -7.730105e-01 6.343933e-01 -8.582140e-16
    outer loop
      vertex   5.537228e+00 5.362554e+00 2.900000e+01
      vertex   5.754863e+00 5.627743e+00 2.740000e+01
      vertex   5.537228e+00 5.362554e+00 2.740000e+01
    endloop
  endfacet
  facet normal -6.343933e-01 7.730105e-01 -7.043180e-16
    outer loop
      vertex   5.537228e+00 5.362554e+00 2.900000e+01
      vertex   5.537228e+00 5.362554e+00 2.740000e+01
      vertex   5.272039e+00 5.144919e+00 2.900000e+01
    endloop
  endfacet
  facet normal -6.343933e-01 7.730105e-01 0.000000e+00
    outer loop
      vertex   5.272039e+00 5.144919e+00 2.900000e+01
      vertex   5.537228e+00 5.362554e+00 2.740000e+01
      vertex   5.272039e+00 5.144919e+00 2.740000e+01
    endloop
  endfacet
  facet normal -4.713967e-01 8.819213e-01 0.000000e+00
    outer loop
      vertex   5.272039e+00 5.144919e+00 2.900000e+01
      vertex   5.272039e+00 5.144919e+00 2.740000e+01
      vertex   4.969487e+00 4.983202e+00 2.900000e+01
    endloop
  endfacet
  facet normal -4.713967e-01 8.819213e-01 -2.616778e-16
    outer loop
      vertex   4.969487e+00 4.983202e+00 2.900000e+01
      vertex   5.272039e+00 5.144919e+00 2.740000e+01
      vertex   4.969487e+00 4.983202e+00 2.740000e+01
    endloop
  endfacet
  facet normal -2.902847e-01 9.569403e-01 -1.611404e-16
    outer loop
      vertex   4.969487e+00 4.983202e+00 2.900000e+01
      vertex   4.969487e+00 4.983202e+00 2.740000e+01
      vertex   4.641199e+00 4.883617e+00 2.900000e+01
    endloop
  endfacet
  facet normal -2.902847e-01 9.569403e-01 0.000000e+00
    outer loop
      vertex   4.641199e+00 4.883617e+00 2.900000e+01
      vertex   4.969487e+00 4.983202e+00 2.740000e+01
      vertex   4.641199e+00 4.883617e+00 2.740000e+01
    endloop
  endfacet
  facet normal -9.801714e-02 9.951847e-01 0.000000e+00
    outer loop
      vertex   4.641199e+00 4.883617e+00 2.900000e+01
      vertex   4.641199e+00 4.883617e+00 2.740000e+01
      vertex   4.299791e+00 4.849991e+00 2.900000e+01
    endloop
  endfacet
  facet normal -9.801714e-02 9.951847e-01 0.000000e+00
    outer loop
      vertex   4.299791e+00 4.849991e+00 2.900000e+01
      vertex   4.641199e+00 4.883617e+00 2.740000e+01
      vertex   4.299791e+00 4.849991e+00 2.740000e+01
    endloop
  endfacet
  facet normal -6.566264e-01 -7.542160e-01 -0.000000e+00
    outer loop
      vertex   1.899565e+00 9.220330e+00 2.900000e+01
      vertex   1.899565e+00 9.220330e+00 2.740000e+01
      vertex   2.194051e+00 8.963948e+00 2.900000e+01
    endloop
  endfacet
  facet normal -6.566264e-01 -7.542160e-01 -0.000000e+00
    outer loop
      vertex   2.194051e+00 8.963948e+00 2.900000e+01
      vertex   1.899565e+00 9.220330e+00 2.740000e+01
      vertex   2.194051e+00 8.963948e+00 2.740000e+01
    endloop
  endfacet
  facet normal -5.531111e-01 -8.331075e-01 -0.000000e+00
    outer loop
      vertex   2.194051e+00 8.963948e+00 2.900000e+01
      vertex   2.194051e+00 8.963948e+00 2.740000e+01
      vertex   2.519341e+00 8.747984e+00 2.740000e+01
    endloop
  endfacet
  facet normal -5.531111e-01 -8.331075e-01 0.000000e+00
    outer loop
      vertex   2.194051e+00 8.963948e+00 2.900000e+01
      vertex   2.519341e+00 8.747984e+00 2.740000e+01
      vertex   2.519341e+00 8.747984e+00 2.900000e+01
    endloop
  endfacet
  facet normal -4.402264e-01 -8.978868e-01 -0.000000e+00
    outer loop
      vertex   2.519341e+00 8.747984e+00 2.900000e+01
      vertex   2.519341e+00 8.747984e+00 2.740000e+01
      vertex   2.869923e+00 8.576097e+00 2.740000e+01
    endloop
  endfacet
  facet normal -4.402264e-01 -8.978868e-01 0.000000e+00
    outer loop
      vertex   2.519341e+00 8.747984e+00 2.900000e+01
      vertex   2.869923e+00 8.576097e+00 2.740000e+01
      vertex   2.869923e+00 8.576097e+00 2.900000e+01
    endloop
  endfacet
  facet normal -3.198846e-01 -9.474565e-01 -0.000000e+00
    outer loop
      vertex   2.869923e+00 8.576097e+00 2.900000e+01
      vertex   2.869923e+00 8.576097e+00 2.740000e+01
      vertex   3.239861e+00 8.451197e+00 2.740000e+01
    endloop
  endfacet
  facet normal -3.198846e-01 -9.474565e-01 0.000000e+00
    outer loop
      vertex   2.869923e+00 8.576097e+00 2.900000e+01
      vertex   3.239861e+00 8.451197e+00 2.740000e+01
      vertex   3.239861e+00 8.451197e+00 2.900000e+01
    endloop
  endfacet
  facet normal -1.941243e-01 -9.809769e-01 -0.000000e+00
    outer loop
      vertex   3.239861e+00 8.451197e+00 2.900000e+01
      vertex   3.239861e+00 8.451197e+00 2.740000e+01
      vertex   3.622886e+00 8.375400e+00 2.740000e+01
    endloop
  endfacet
  facet normal -1.941243e-01 -9.809769e-01 0.000000e+00
    outer loop
      vertex   3.239861e+00 8.451197e+00 2.900000e+01
      vertex   3.622886e+00 8.375400e+00 2.740000e+01
      vertex   3.622886e+00 8.375400e+00 2.900000e+01
    endloop
  endfacet
  facet normal -6.507553e-02 -9.978803e-01 -0.000000e+00
    outer loop
      vertex   3.622886e+00 8.375400e+00 2.900000e+01
      vertex   3.622886e+00 8.375400e+00 2.740000e+01
      vertex   4.012512e+00 8.349991e+00 2.900000e+01
    endloop
  endfacet
  facet normal -6.507553e-02 -9.978803e-01 -0.000000e+00
    outer loop
      vertex   4.012512e+00 8.349991e+00 2.900000e+01
      vertex   3.622886e+00 8.375400e+00 2.740000e+01
      vertex   4.012512e+00 8.349991e+00 2.740000e+01
    endloop
  endfacet
  facet normal 1.855013e-14 -1.000000e+00 0.000000e+00
    outer loop
      vertex   4.012512e+00 8.349991e+00 2.740000e+01
      vertex   4.299791e+00 8.349991e+00 2.740000e+01
      vertex   4.012512e+00 8.349991e+00 2.900000e+01
    endloop
  endfacet
  facet normal 1.855013e-14 -1.000000e+00 0.000000e+00
    outer loop
      vertex   4.012512e+00 8.349991e+00 2.900000e+01
      vertex   4.299791e+00 8.349991e+00 2.740000e+01
      vertex   4.299791e+00 8.349991e+00 2.900000e+01
    endloop
  endfacet
  facet normal -9.972038e-01 -7.473009e-02 4.424910e-17
    outer loop
      vertex   7.315725e+00 1.515456e+01 3.000000e+01
      vertex   7.315725e+00 1.515456e+01 2.700000e+01
      vertex   7.349791e+00 1.469998e+01 3.000000e+01
    endloop
  endfacet
  facet normal -9.972038e-01 -7.473009e-02 -0.000000e+00
    outer loop
      vertex   7.349791e+00 1.469998e+01 3.000000e+01
      vertex   7.315725e+00 1.515456e+01 2.700000e+01
      vertex   7.349791e+00 1.469998e+01 2.700000e+01
    endloop
  endfacet
  facet normal -9.972038e-01 7.473009e-02 0.000000e+00
    outer loop
      vertex   7.349791e+00 1.469998e+01 3.000000e+01
      vertex   7.349791e+00 1.469998e+01 2.700000e+01
      vertex   7.315725e+00 1.424540e+01 3.000000e+01
    endloop
  endfacet
  facet normal -9.972038e-01 7.473009e-02 -4.424910e-17
    outer loop
      vertex   7.315725e+00 1.424540e+01 3.000000e+01
      vertex   7.349791e+00 1.469998e+01 2.700000e+01
      vertex   7.315725e+00 1.424540e+01 2.700000e+01
    endloop
  endfacet
  facet normal -9.749279e-01 2.225209e-01 -1.317589e-16
    outer loop
      vertex   7.315725e+00 1.424540e+01 3.000000e+01
      vertex   7.315725e+00 1.424540e+01 2.700000e+01
      vertex   7.214288e+00 1.380098e+01 3.000000e+01
    endloop
  endfacet
  facet normal -9.749279e-01 2.225209e-01 0.000000e+00
    outer loop
      vertex   7.214288e+00 1.380098e+01 3.000000e+01
      vertex   7.315725e+00 1.424540e+01 2.700000e+01
      vertex   7.214288e+00 1.380098e+01 2.700000e+01
    endloop
  endfacet
  facet normal -9.308737e-01 3.653410e-01 0.000000e+00
    outer loop
      vertex   7.214288e+00 1.380098e+01 3.000000e+01
      vertex   7.214288e+00 1.380098e+01 2.700000e+01
      vertex   7.047746e+00 1.337664e+01 3.000000e+01
    endloop
  endfacet
  facet normal -9.308737e-01 3.653410e-01 0.000000e+00
    outer loop
      vertex   7.047746e+00 1.337664e+01 3.000000e+01
      vertex   7.214288e+00 1.380098e+01 2.700000e+01
      vertex   7.047746e+00 1.337664e+01 2.700000e+01
    endloop
  endfacet
  facet normal -8.660254e-01 5.000000e-01 0.000000e+00
    outer loop
      vertex   7.047746e+00 1.337664e+01 3.000000e+01
      vertex   7.047746e+00 1.337664e+01 2.700000e+01
      vertex   6.819820e+00 1.298186e+01 3.000000e+01
    endloop
  endfacet
  facet normal -8.660254e-01 5.000000e-01 -3.966445e-17
    outer loop
      vertex   6.819820e+00 1.298186e+01 3.000000e+01
      vertex   7.047746e+00 1.337664e+01 2.700000e+01
      vertex   6.819820e+00 1.298186e+01 2.700000e+01
    endloop
  endfacet
  facet normal -7.818315e-01 6.234898e-01 -1.377115e-16
    outer loop
      vertex   6.819820e+00 1.298186e+01 3.000000e+01
      vertex   6.819820e+00 1.298186e+01 2.700000e+01
      vertex   6.535599e+00 1.262546e+01 3.000000e+01
    endloop
  endfacet
  facet normal -7.818315e-01 6.234898e-01 9.375711e-17
    outer loop
      vertex   6.535599e+00 1.262546e+01 3.000000e+01
      vertex   6.819820e+00 1.298186e+01 2.700000e+01
      vertex   6.535599e+00 1.262546e+01 2.700000e+01
    endloop
  endfacet
  facet normal -6.801727e-01 7.330519e-01 -3.131074e-17
    outer loop
      vertex   6.535599e+00 1.262546e+01 3.000000e+01
      vertex   6.535599e+00 1.262546e+01 2.700000e+01
      vertex   6.201435e+00 1.231540e+01 3.000000e+01
    endloop
  endfacet
  facet normal -6.801727e-01 7.330519e-01 0.000000e+00
    outer loop
      vertex   6.201435e+00 1.231540e+01 3.000000e+01
      vertex   6.535599e+00 1.262546e+01 2.700000e+01
      vertex   6.201435e+00 1.231540e+01 2.700000e+01
    endloop
  endfacet
  facet normal -5.633201e-01 8.262388e-01 0.000000e+00
    outer loop
      vertex   6.201435e+00 1.231540e+01 3.000000e+01
      vertex   6.201435e+00 1.231540e+01 2.700000e+01
      vertex   5.824791e+00 1.205860e+01 3.000000e+01
    endloop
  endfacet
  facet normal -5.633201e-01 8.262388e-01 1.667762e-16
    outer loop
      vertex   5.824791e+00 1.205860e+01 3.000000e+01
      vertex   6.201435e+00 1.231540e+01 2.700000e+01
      vertex   5.824791e+00 1.205860e+01 2.700000e+01
    endloop
  endfacet
  facet normal -4.338837e-01 9.009689e-01 1.284554e-16
    outer loop
      vertex   5.824791e+00 1.205860e+01 3.000000e+01
      vertex   5.824791e+00 1.205860e+01 2.700000e+01
      vertex   5.414081e+00 1.186082e+01 3.000000e+01
    endloop
  endfacet
  facet normal -4.338837e-01 9.009689e-01 -2.765700e-16
    outer loop
      vertex   5.414081e+00 1.186082e+01 3.000000e+01
      vertex   5.824791e+00 1.205860e+01 2.700000e+01
      vertex   5.414081e+00 1.186082e+01 2.700000e+01
    endloop
  endfacet
  facet normal -2.947552e-01 9.555728e-01 -3.912826e-16
    outer loop
      vertex   5.414081e+00 1.186082e+01 3.000000e+01
      vertex   5.414081e+00 1.186082e+01 2.700000e+01
      vertex   4.978480e+00 1.172645e+01 3.000000e+01
    endloop
  endfacet
  facet normal -2.947552e-01 9.555728e-01 0.000000e+00
    outer loop
      vertex   4.978480e+00 1.172645e+01 3.000000e+01
      vertex   5.414081e+00 1.186082e+01 2.700000e+01
      vertex   4.978480e+00 1.172645e+01 2.700000e+01
    endloop
  endfacet
  facet normal -1.490423e-01 9.888308e-01 0.000000e+00
    outer loop
      vertex   4.978480e+00 1.172645e+01 3.000000e+01
      vertex   4.978480e+00 1.172645e+01 2.700000e+01
      vertex   4.527718e+00 1.165851e+01 3.000000e+01
    endloop
  endfacet
  facet normal -1.490423e-01 9.888308e-01 4.412537e-17
    outer loop
      vertex   4.527718e+00 1.165851e+01 3.000000e+01
      vertex   4.978480e+00 1.172645e+01 2.700000e+01
      vertex   4.527718e+00 1.165851e+01 2.700000e+01
    endloop
  endfacet
  facet normal 0.000000e+00 1.000000e+00 0.000000e+00
    outer loop
      vertex   4.527718e+00 1.165851e+01 3.000000e+01
      vertex   4.527718e+00 1.165851e+01 2.700000e+01
      vertex   4.071865e+00 1.165851e+01 3.000000e+01
    endloop
  endfacet
  facet normal 0.000000e+00 1.000000e+00 0.000000e+00
    outer loop
      vertex   4.071865e+00 1.165851e+01 3.000000e+01
      vertex   4.527718e+00 1.165851e+01 2.700000e+01
      vertex   4.071865e+00 1.165851e+01 2.700000e+01
    endloop
  endfacet
  facet normal 1.490423e-01 9.888308e-01 -8.825075e-17
    outer loop
      vertex   4.071865e+00 1.165851e+01 3.000000e+01
      vertex   4.071865e+00 1.165851e+01 2.700000e+01
      vertex   3.621102e+00 1.172645e+01 3.000000e+01
    endloop
  endfacet
  facet normal 1.490423e-01 9.888308e-01 0.000000e+00
    outer loop
      vertex   3.621102e+00 1.172645e+01 3.000000e+01
      vertex   4.071865e+00 1.165851e+01 2.700000e+01
      vertex   3.621102e+00 1.172645e+01 2.700000e+01
    endloop
  endfacet
  facet normal 2.947552e-01 9.555728e-01 0.000000e+00
    outer loop
      vertex   3.621102e+00 1.172645e+01 3.000000e+01
      vertex   3.621102e+00 1.172645e+01 2.700000e+01
      vertex   3.185501e+00 1.186082e+01 3.000000e+01
    endloop
  endfacet
  facet normal 2.947552e-01 9.555728e-01 -8.726506e-17
    outer loop
      vertex   3.185501e+00 1.186082e+01 3.000000e+01
      vertex   3.621102e+00 1.172645e+01 2.700000e+01
      vertex   3.185501e+00 1.186082e+01 2.700000e+01
    endloop
  endfacet
  facet normal 4.338837e-01 9.009689e-01 -1.284554e-16
    outer loop
      vertex   3.185501e+00 1.186082e+01 3.000000e+01
      vertex   3.185501e+00 1.186082e+01 2.700000e+01
      vertex   2.774791e+00 1.205860e+01 3.000000e+01
    endloop
  endfacet
  facet normal 4.338837e-01 9.009689e-01 2.123423e-16
    outer loop
      vertex   2.774791e+00 1.205860e+01 3.000000e+01
      vertex   3.185501e+00 1.186082e+01 2.700000e+01
      vertex   2.774791e+00 1.205860e+01 2.700000e+01
    endloop
  endfacet
  facet normal 5.633201e-01 8.262388e-01 7.229103e-17
    outer loop
      vertex   2.774791e+00 1.205860e+01 3.000000e+01
      vertex   2.774791e+00 1.205860e+01 2.700000e+01
      vertex   2.398147e+00 1.231540e+01 3.000000e+01
    endloop
  endfacet
  facet normal 5.633201e-01 8.262388e-01 0.000000e+00
    outer loop
      vertex   2.398147e+00 1.231540e+01 3.000000e+01
      vertex   2.774791e+00 1.205860e+01 2.700000e+01
      vertex   2.398147e+00 1.231540e+01 2.700000e+01
    endloop
  endfacet
  facet normal 6.801727e-01 7.330519e-01 0.000000e+00
    outer loop
      vertex   2.398147e+00 1.231540e+01 3.000000e+01
      vertex   2.398147e+00 1.231540e+01 2.700000e+01
      vertex   2.063983e+00 1.262546e+01 3.000000e+01
    endloop
  endfacet
  facet normal 6.801727e-01 7.330519e-01 -2.013716e-16
    outer loop
      vertex   2.063983e+00 1.262546e+01 3.000000e+01
      vertex   2.398147e+00 1.231540e+01 2.700000e+01
      vertex   2.063983e+00 1.262546e+01 2.700000e+01
    endloop
  endfacet
  facet normal 7.818315e-01 6.234898e-01 -2.314686e-16
    outer loop
      vertex   2.063983e+00 1.262546e+01 3.000000e+01
      vertex   2.063983e+00 1.262546e+01 2.700000e+01
      vertex   1.779763e+00 1.298186e+01 3.000000e+01
    endloop
  endfacet
  facet normal 7.818315e-01 6.234898e-01 2.534458e-16
    outer loop
      vertex   1.779763e+00 1.298186e+01 3.000000e+01
      vertex   2.063983e+00 1.262546e+01 2.700000e+01
      vertex   1.779763e+00 1.298186e+01 2.700000e+01
    endloop
  endfacet
  facet normal 8.660254e-01 5.000000e-01 1.678620e-16
    outer loop
      vertex   1.779763e+00 1.298186e+01 3.000000e+01
      vertex   1.779763e+00 1.298186e+01 2.700000e+01
      vertex   1.551836e+00 1.337664e+01 3.000000e+01
    endloop
  endfacet
  facet normal 8.660254e-01 5.000000e-01 0.000000e+00
    outer loop
      vertex   1.551836e+00 1.337664e+01 3.000000e+01
      vertex   1.779763e+00 1.298186e+01 2.700000e+01
      vertex   1.551836e+00 1.337664e+01 2.700000e+01
    endloop
  endfacet
  facet normal 9.308737e-01 3.653410e-01 0.000000e+00
    outer loop
      vertex   1.551836e+00 1.337664e+01 3.000000e+01
      vertex   1.551836e+00 1.337664e+01 2.700000e+01
      vertex   1.385294e+00 1.380098e+01 3.000000e+01
    endloop
  endfacet
  facet normal 9.308737e-01 3.653410e-01 2.163253e-16
    outer loop
      vertex   1.385294e+00 1.380098e+01 3.000000e+01
      vertex   1.551836e+00 1.337664e+01 2.700000e+01
      vertex   1.385294e+00 1.380098e+01 2.700000e+01
    endloop
  endfacet
  facet normal 9.749279e-01 2.225209e-01 1.317589e-16
    outer loop
      vertex   1.385294e+00 1.380098e+01 3.000000e+01
      vertex   1.385294e+00 1.380098e+01 2.700000e+01
      vertex   1.283857e+00 1.424540e+01 3.000000e+01
    endloop
  endfacet
  facet normal 9.749279e-01 2.225209e-01 -8.471862e-17
    outer loop
      vertex   1.283857e+00 1.424540e+01 3.000000e+01
      vertex   1.385294e+00 1.380098e+01 2.700000e+01
      vertex   1.283857e+00 1.424540e+01 2.700000e+01
    endloop
  endfacet
  facet normal 9.972038e-01 7.473009e-02 -1.771746e-16
    outer loop
      vertex   1.283857e+00 1.424540e+01 3.000000e+01
      vertex   1.283857e+00 1.424540e+01 2.700000e+01
      vertex   1.249791e+00 1.469998e+01 3.000000e+01
    endloop
  endfacet
  facet normal 9.972038e-01 7.473009e-02 0.000000e+00
    outer loop
      vertex   1.249791e+00 1.469998e+01 3.000000e+01
      vertex   1.283857e+00 1.424540e+01 2.700000e+01
      vertex   1.249791e+00 1.469998e+01 2.700000e+01
    endloop
  endfacet
  facet normal 9.972038e-01 -7.473009e-02 0.000000e+00
    outer loop
      vertex   1.249791e+00 1.469998e+01 3.000000e+01
      vertex   1.249791e+00 1.469998e+01 2.700000e+01
      vertex   1.283857e+00 1.515456e+01 3.000000e+01
    endloop
  endfacet
  facet normal 9.972038e-01 -7.473009e-02 1.771746e-16
    outer loop
      vertex   1.283857e+00 1.515456e+01 3.000000e+01
      vertex   1.249791e+00 1.469998e+01 2.700000e+01
      vertex   1.283857e+00 1.515456e+01 2.700000e+01
    endloop
  endfacet
  facet normal 9.749279e-01 -2.225209e-01 8.471862e-17
    outer loop
      vertex   1.283857e+00 1.515456e+01 3.000000e+01
      vertex   1.283857e+00 1.515456e+01 2.700000e+01
      vertex   1.385294e+00 1.559899e+01 3.000000e+01
    endloop
  endfacet
  facet normal 9.749279e-01 -2.225209e-01 -1.317589e-16
    outer loop
      vertex   1.385294e+00 1.559899e+01 3.000000e+01
      vertex   1.283857e+00 1.515456e+01 2.700000e+01
      vertex   1.385294e+00 1.559899e+01 2.700000e+01
    endloop
  endfacet
  facet normal 9.308737e-01 -3.653410e-01 -2.163253e-16
    outer loop
      vertex   1.385294e+00 1.559899e+01 3.000000e+01
      vertex   1.385294e+00 1.559899e+01 2.700000e+01
      vertex   1.551836e+00 1.602333e+01 3.000000e+01
    endloop
  endfacet
  facet normal 9.308737e-01 -3.653410e-01 0.000000e+00
    outer loop
      vertex   1.551836e+00 1.602333e+01 3.000000e+01
      vertex   1.385294e+00 1.559899e+01 2.700000e+01
      vertex   1.551836e+00 1.602333e+01 2.700000e+01
    endloop
  endfacet
  facet normal 8.660254e-01 -5.000000e-01 0.000000e+00
    outer loop
      vertex   1.551836e+00 1.602333e+01 3.000000e+01
      vertex   1.551836e+00 1.602333e+01 2.700000e+01
      vertex   1.779763e+00 1.641811e+01 3.000000e+01
    endloop
  endfacet
  facet normal 8.660254e-01 -5.000000e-01 1.281975e-16
    outer loop
      vertex   1.779763e+00 1.641811e+01 3.000000e+01
      vertex   1.551836e+00 1.602333e+01 2.700000e+01
      vertex   1.779763e+00 1.641811e+01 2.700000e+01
    endloop
  endfacet
  facet normal 7.818315e-01 -6.234898e-01 1.157343e-16
    outer loop
      vertex   1.779763e+00 1.641811e+01 3.000000e+01
      vertex   1.779763e+00 1.641811e+01 2.700000e+01
      vertex   2.063983e+00 1.677451e+01 3.000000e+01
    endloop
  endfacet
  facet normal 7.818315e-01 -6.234898e-01 2.314686e-16
    outer loop
      vertex   2.063983e+00 1.677451e+01 3.000000e+01
      vertex   1.779763e+00 1.641811e+01 2.700000e+01
      vertex   2.063983e+00 1.677451e+01 2.700000e+01
    endloop
  endfacet
  facet normal 6.801727e-01 -7.330519e-01 2.013716e-16
    outer loop
      vertex   2.063983e+00 1.677451e+01 3.000000e+01
      vertex   2.063983e+00 1.677451e+01 2.700000e+01
      vertex   2.398147e+00 1.708457e+01 3.000000e+01
    endloop
  endfacet
  facet normal 6.801727e-01 -7.330519e-01 0.000000e+00
    outer loop
      vertex   2.398147e+00 1.708457e+01 3.000000e+01
      vertex   2.063983e+00 1.677451e+01 2.700000e+01
      vertex   2.398147e+00 1.708457e+01 2.700000e+01
    endloop
  endfacet
  facet normal 5.633201e-01 -8.262388e-01 0.000000e+00
    outer loop
      vertex   2.398147e+00 1.708457e+01 3.000000e+01
      vertex   2.398147e+00 1.708457e+01 2.700000e+01
      vertex   2.774791e+00 1.734136e+01 3.000000e+01
    endloop
  endfacet
  facet normal 5.633201e-01 -8.262388e-01 -5.615227e-16
    outer loop
      vertex   2.774791e+00 1.734136e+01 3.000000e+01
      vertex   2.398147e+00 1.708457e+01 2.700000e+01
      vertex   2.774791e+00 1.734136e+01 2.700000e+01
    endloop
  endfacet
  facet normal 4.338837e-01 -9.009689e-01 -7.458230e-16
    outer loop
      vertex   2.774791e+00 1.734136e+01 3.000000e+01
      vertex   2.774791e+00 1.734136e+01 2.700000e+01
      vertex   3.185501e+00 1.753915e+01 3.000000e+01
    endloop
  endfacet
  facet normal 4.338837e-01 -9.009689e-01 1.284554e-16
    outer loop
      vertex   3.185501e+00 1.753915e+01 3.000000e+01
      vertex   2.774791e+00 1.734136e+01 2.700000e+01
      vertex   3.185501e+00 1.753915e+01 2.700000e+01
    endloop
  endfacet
  facet normal 2.947552e-01 -9.555728e-01 8.726506e-17
    outer loop
      vertex   3.185501e+00 1.753915e+01 3.000000e+01
      vertex   3.185501e+00 1.753915e+01 2.700000e+01
      vertex   3.621102e+00 1.767351e+01 3.000000e+01
    endloop
  endfacet
  facet normal 2.947552e-01 -9.555728e-01 0.000000e+00
    outer loop
      vertex   3.621102e+00 1.767351e+01 3.000000e+01
      vertex   3.185501e+00 1.753915e+01 2.700000e+01
      vertex   3.621102e+00 1.767351e+01 2.700000e+01
    endloop
  endfacet
  facet normal 1.490423e-01 -9.888308e-01 0.000000e+00
    outer loop
      vertex   3.621102e+00 1.767351e+01 3.000000e+01
      vertex   3.621102e+00 1.767351e+01 2.700000e+01
      vertex   4.071865e+00 1.774145e+01 3.000000e+01
    endloop
  endfacet
  facet normal 1.490423e-01 -9.888308e-01 8.825075e-17
    outer loop
      vertex   4.071865e+00 1.774145e+01 3.000000e+01
      vertex   3.621102e+00 1.767351e+01 2.700000e+01
      vertex   4.071865e+00 1.774145e+01 2.700000e+01
    endloop
  endfacet
  facet normal 0.000000e+00 -1.000000e+00 0.000000e+00
    outer loop
      vertex   4.071865e+00 1.774145e+01 3.000000e+01
      vertex   4.071865e+00 1.774145e+01 2.700000e+01
      vertex   4.527718e+00 1.774145e+01 3.000000e+01
    endloop
  endfacet
  facet normal 0.000000e+00 -1.000000e+00 -0.000000e+00
    outer loop
      vertex   4.527718e+00 1.774145e+01 3.000000e+01
      vertex   4.071865e+00 1.774145e+01 2.700000e+01
      vertex   4.527718e+00 1.774145e+01 2.700000e+01
    endloop
  endfacet
  facet normal -1.490423e-01 -9.888308e-01 -4.412537e-17
    outer loop
      vertex   4.527718e+00 1.774145e+01 3.000000e+01
      vertex   4.527718e+00 1.774145e+01 2.700000e+01
      vertex   4.978480e+00 1.767351e+01 3.000000e+01
    endloop
  endfacet
  facet normal -1.490423e-01 -9.888308e-01 -0.000000e+00
    outer loop
      vertex   4.978480e+00 1.767351e+01 3.000000e+01
      vertex   4.527718e+00 1.774145e+01 2.700000e+01
      vertex   4.978480e+00 1.767351e+01 2.700000e+01
    endloop
  endfacet
  facet normal -2.947552e-01 -9.555728e-01 -0.000000e+00
    outer loop
      vertex   4.978480e+00 1.767351e+01 3.000000e+01
      vertex   4.978480e+00 1.767351e+01 2.700000e+01
      vertex   5.414081e+00 1.753915e+01 3.000000e+01
    endloop
  endfacet
  facet normal -2.947552e-01 -9.555728e-01 9.570954e-16
    outer loop
      vertex   5.414081e+00 1.753915e+01 3.000000e+01
      vertex   4.978480e+00 1.767351e+01 2.700000e+01
      vertex   5.414081e+00 1.753915e+01 2.700000e+01
    endloop
  endfacet
  facet normal -4.338837e-01 -9.009689e-01 8.100507e-16
    outer loop
      vertex   5.414081e+00 1.753915e+01 3.000000e+01
      vertex   5.414081e+00 1.753915e+01 2.700000e+01
      vertex   5.824791e+00 1.734136e+01 3.000000e+01
    endloop
  endfacet
  facet normal -4.338837e-01 -9.009689e-01 -1.284554e-16
    outer loop
      vertex   5.824791e+00 1.734136e+01 3.000000e+01
      vertex   5.414081e+00 1.753915e+01 2.700000e+01
      vertex   5.824791e+00 1.734136e+01 2.700000e+01
    endloop
  endfacet
  facet normal -5.633201e-01 -8.262388e-01 -1.667762e-16
    outer loop
      vertex   5.824791e+00 1.734136e+01 3.000000e+01
      vertex   5.824791e+00 1.734136e+01 2.700000e+01
      vertex   6.201435e+00 1.708457e+01 3.000000e+01
    endloop
  endfacet
  facet normal -5.633201e-01 -8.262388e-01 -0.000000e+00
    outer loop
      vertex   6.201435e+00 1.708457e+01 3.000000e+01
      vertex   5.824791e+00 1.734136e+01 2.700000e+01
      vertex   6.201435e+00 1.708457e+01 2.700000e+01
    endloop
  endfacet
  facet normal -6.801727e-01 -7.330519e-01 -0.000000e+00
    outer loop
      vertex   6.201435e+00 1.708457e+01 3.000000e+01
      vertex   6.201435e+00 1.708457e+01 2.700000e+01
      vertex   6.535599e+00 1.677451e+01 3.000000e+01
    endloop
  endfacet
  facet normal -6.801727e-01 -7.330519e-01 4.653646e-16
    outer loop
      vertex   6.535599e+00 1.677451e+01 3.000000e+01
      vertex   6.201435e+00 1.708457e+01 2.700000e+01
      vertex   6.535599e+00 1.677451e+01 2.700000e+01
    endloop
  endfacet
  facet normal -7.818315e-01 -6.234898e-01 2.754230e-16
    outer loop
      vertex   6.535599e+00 1.677451e+01 3.000000e+01
      vertex   6.535599e+00 1.677451e+01 2.700000e+01
      vertex   6.819820e+00 1.641811e+01 3.000000e+01
    endloop
  endfacet
  facet normal -7.818315e-01 -6.234898e-01 -2.314686e-16
    outer loop
      vertex   6.819820e+00 1.641811e+01 3.000000e+01
      vertex   6.535599e+00 1.677451e+01 2.700000e+01
      vertex   6.819820e+00 1.641811e+01 2.700000e+01
    endloop
  endfacet
  facet normal -8.660254e-01 -5.000000e-01 -2.563950e-16
    outer loop
      vertex   6.819820e+00 1.641811e+01 3.000000e+01
      vertex   6.819820e+00 1.641811e+01 2.700000e+01
      vertex   7.047746e+00 1.602333e+01 3.000000e+01
    endloop
  endfacet
  facet normal -8.660254e-01 -5.000000e-01 -0.000000e+00
    outer loop
      vertex   7.047746e+00 1.602333e+01 3.000000e+01
      vertex   6.819820e+00 1.641811e+01 2.700000e+01
      vertex   7.047746e+00 1.602333e+01 2.700000e+01
    endloop
  endfacet
  facet normal -9.308737e-01 -3.653410e-01 -0.000000e+00
    outer loop
      vertex   7.047746e+00 1.602333e+01 3.000000e+01
      vertex   7.047746e+00 1.602333e+01 2.700000e+01
      vertex   7.214288e+00 1.559899e+01 3.000000e+01
    endloop
  endfacet
  facet normal -9.308737e-01 -3.653410e-01 -0.000000e+00
    outer loop
      vertex   7.214288e+00 1.559899e+01 3.000000e+01
      vertex   7.047746e+00 1.602333e+01 2.700000e+01
      vertex   7.214288e+00 1.559899e+01 2.700000e+01
    endloop
  endfacet
  facet normal -9.749279e-01 -2.225209e-01 -0.000000e+00
    outer loop
      vertex   7.214288e+00 1.559899e+01 3.000000e+01
      vertex   7.214288e+00 1.559899e+01 2.700000e+01
      vertex   7.315725e+00 1.515456e+01 3.000000e+01
    endloop
  endfacet
  facet normal -9.749279e-01 -2.225209e-01 1.317589e-16
    outer loop
      vertex   7.315725e+00 1.515456e+01 3.000000e+01
      vertex   7.214288e+00 1.559899e+01 2.700000e+01
      vertex   7.315725e+00 1.515456e+01 2.700000e+01
    endloop
  endfacet
  facet normal -9.985827e-01 -5.322217e-02 -0.000000e+00
    outer loop
      vertex   1.031552e+01 -3.856924e+00 3.000000e+01
      vertex   1.031552e+01 -3.856924e+00 2.700000e+01
      vertex   1.034979e+01 -4.500000e+00 3.000000e+01
    endloop
  endfacet
  facet normal -9.985827e-01 -5.322217e-02 -0.000000e+00
    outer loop
      vertex   1.034979e+01 -4.500000e+00 3.000000e+01
      vertex   1.031552e+01 -3.856924e+00 2.700000e+01
      vertex   1.034979e+01 -4.500000e+00 2.700000e+01
    endloop
  endfacet
  facet normal -9.985827e-01 5.322217e-02 0.000000e+00
    outer loop
      vertex   1.034979e+01 -4.500000e+00 3.000000e+01
      vertex   1.034979e+01 -4.500000e+00 2.700000e+01
      vertex   1.031552e+01 -5.143076e+00 3.000000e+01
    endloop
  endfacet
  facet normal -9.985827e-01 5.322217e-02 0.000000e+00
    outer loop
      vertex   1.031552e+01 -5.143076e+00 3.000000e+01
      vertex   1.034979e+01 -4.500000e+00 2.700000e+01
      vertex   1.031552e+01 -5.143076e+00 2.700000e+01
    endloop
  endfacet
  facet normal -9.872684e-01 1.590635e-01 0.000000e+00
    outer loop
      vertex   1.031552e+01 -5.143076e+00 3.000000e+01
      vertex   1.031552e+01 -5.143076e+00 2.700000e+01
      vertex   1.021308e+01 -5.778865e+00 2.700000e+01
    endloop
  endfacet
  facet normal -9.872684e-01 -1.590635e-01 -0.000000e+00
    outer loop
      vertex   1.031552e+01 -3.856924e+00 3.000000e+01
      vertex   1.021308e+01 -3.221135e+00 3.000000e+01
      vertex   1.031552e+01 -3.856924e+00 2.700000e+01
    endloop
  endfacet
  facet normal -9.872684e-01 -1.590635e-01 0.000000e+00
    outer loop
      vertex   1.031552e+01 -3.856924e+00 2.700000e+01
      vertex   1.021308e+01 -3.221135e+00 3.000000e+01
      vertex   1.021308e+01 -3.221135e+00 2.700000e+01
    endloop
  endfacet
  facet normal -9.647679e-01 -2.631026e-01 0.000000e+00
    outer loop
      vertex   1.021308e+01 -3.221135e+00 2.700000e+01
      vertex   1.021308e+01 -3.221135e+00 3.000000e+01
      vertex   1.004365e+01 -2.599836e+00 3.000000e+01
    endloop
  endfacet
  facet normal -9.647679e-01 -2.631026e-01 0.000000e+00
    outer loop
      vertex   1.021308e+01 -3.221135e+00 2.700000e+01
      vertex   1.004365e+01 -2.599836e+00 3.000000e+01
      vertex   1.004365e+01 -2.599836e+00 2.700000e+01
    endloop
  endfacet
  facet normal -9.313362e-01 -3.641606e-01 0.000000e+00
    outer loop
      vertex   1.004365e+01 -2.599836e+00 2.700000e+01
      vertex   1.004365e+01 -2.599836e+00 3.000000e+01
      vertex   9.809132e+00 -2.000066e+00 3.000000e+01
    endloop
  endfacet
  facet normal -9.313362e-01 -3.641606e-01 0.000000e+00
    outer loop
      vertex   1.004365e+01 -2.599836e+00 2.700000e+01
      vertex   9.809132e+00 -2.000066e+00 3.000000e+01
      vertex   9.809132e+00 -2.000066e+00 2.700000e+01
    endloop
  endfacet
  facet normal -8.873521e-01 -4.610925e-01 0.000000e+00
    outer loop
      vertex   9.809132e+00 -2.000066e+00 2.700000e+01
      vertex   9.809132e+00 -2.000066e+00 3.000000e+01
      vertex   9.512193e+00 -1.428622e+00 3.000000e+01
    endloop
  endfacet
  facet normal -8.873521e-01 -4.610925e-01 0.000000e+00
    outer loop
      vertex   9.809132e+00 -2.000066e+00 2.700000e+01
      vertex   9.512193e+00 -1.428622e+00 3.000000e+01
      vertex   9.512193e+00 -1.428622e+00 2.700000e+01
    endloop
  endfacet
  facet normal -8.333139e-01 -5.528001e-01 0.000000e+00
    outer loop
      vertex   9.512193e+00 -1.428622e+00 2.700000e+01
      vertex   9.512193e+00 -1.428622e+00 3.000000e+01
      vertex   9.156197e+00 -8.919774e-01 3.000000e+01
    endloop
  endfacet
  facet normal -8.333139e-01 -5.528001e-01 2.729635e-16
    outer loop
      vertex   9.512193e+00 -1.428622e+00 2.700000e+01
      vertex   9.156197e+00 -8.919774e-01 3.000000e+01
      vertex   9.156197e+00 -8.919774e-01 2.700000e+01
    endloop
  endfacet
  facet normal -7.698340e-01 -6.382442e-01 8.497429e-17
    outer loop
      vertex   9.156197e+00 -8.919774e-01 2.700000e+01
      vertex   9.156197e+00 -8.919774e-01 3.000000e+01
      vertex   8.745175e+00 -3.962133e-01 3.000000e+01
    endloop
  endfacet
  facet normal -7.698340e-01 -6.382442e-01 5.602935e-16
    outer loop
      vertex   9.156197e+00 -8.919774e-01 2.700000e+01
      vertex   8.745175e+00 -3.962133e-01 3.000000e+01
      vertex   8.745175e+00 -3.962133e-01 2.700000e+01
    endloop
  endfacet
  facet normal -6.976315e-01 -7.164567e-01 4.284483e-16
    outer loop
      vertex   8.745175e+00 -3.962133e-01 2.700000e+01
      vertex   8.745175e+00 -3.962133e-01 3.000000e+01
      vertex   8.283785e+00 5.305322e-02 3.000000e+01
    endloop
  endfacet
  facet normal -6.976315e-01 -7.164567e-01 4.309950e-16
    outer loop
      vertex   8.745175e+00 -3.962133e-01 2.700000e+01
      vertex   8.283785e+00 5.305322e-02 3.000000e+01
      vertex   8.283785e+00 5.305322e-02 2.700000e+01
    endloop
  endfacet
  facet normal -6.175246e-01 -7.865516e-01 2.946722e-16
    outer loop
      vertex   8.283785e+00 5.305322e-02 2.700000e+01
      vertex   8.283785e+00 5.305322e-02 3.000000e+01
      vertex   7.777255e+00 4.507319e-01 3.000000e+01
    endloop
  endfacet
  facet normal -6.175246e-01 -7.865516e-01 1.149320e-16
    outer loop
      vertex   8.283785e+00 5.305322e-02 2.700000e+01
      vertex   7.777255e+00 4.507319e-01 3.000000e+01
      vertex   7.777255e+00 4.507319e-01 2.700000e+01
    endloop
  endfacet
  facet normal -5.304209e-01 -8.477344e-01 5.212636e-19
    outer loop
      vertex   7.777255e+00 4.507319e-01 2.700000e+01
      vertex   7.777255e+00 4.507319e-01 3.000000e+01
      vertex   7.231324e+00 7.923167e-01 3.000000e+01
    endloop
  endfacet
  facet normal -5.304209e-01 -8.477344e-01 0.000000e+00
    outer loop
      vertex   7.777255e+00 4.507319e-01 2.700000e+01
      vertex   7.231324e+00 7.923167e-01 3.000000e+01
      vertex   7.231324e+00 7.923167e-01 2.700000e+01
    endloop
  endfacet
  facet normal -4.373073e-01 -8.993121e-01 -7.387439e-17
    outer loop
      vertex   7.231324e+00 7.923167e-01 2.700000e+01
      vertex   7.231324e+00 7.923167e-01 3.000000e+01
      vertex   6.652178e+00 1.073938e+00 3.000000e+01
    endloop
  endfacet
  facet normal -4.373073e-01 -8.993121e-01 -2.873300e-16
    outer loop
      vertex   7.231324e+00 7.923167e-01 2.700000e+01
      vertex   6.652178e+00 1.073938e+00 3.000000e+01
      vertex   6.652178e+00 1.073938e+00 2.700000e+01
    endloop
  endfacet
  facet normal -3.392389e-01 -9.407003e-01 -3.949534e-16
    outer loop
      vertex   6.652178e+00 1.073938e+00 2.700000e+01
      vertex   6.652178e+00 1.073938e+00 3.000000e+01
      vertex   6.046378e+00 1.292403e+00 3.000000e+01
    endloop
  endfacet
  facet normal -3.392389e-01 -9.407003e-01 -4.309950e-17
    outer loop
      vertex   6.652178e+00 1.073938e+00 2.700000e+01
      vertex   6.046378e+00 1.292403e+00 3.000000e+01
      vertex   6.046378e+00 1.292403e+00 2.700000e+01
    endloop
  endfacet
  facet normal -2.373267e-01 -9.714299e-01 -1.487128e-16
    outer loop
      vertex   6.046378e+00 1.292403e+00 2.700000e+01
      vertex   6.046378e+00 1.292403e+00 3.000000e+01
      vertex   5.420788e+00 1.445239e+00 3.000000e+01
    endloop
  endfacet
  facet normal -2.373267e-01 -9.714299e-01 2.083143e-16
    outer loop
      vertex   6.046378e+00 1.292403e+00 2.700000e+01
      vertex   5.420788e+00 1.445239e+00 3.000000e+01
      vertex   5.420788e+00 1.445239e+00 2.700000e+01
    endloop
  endfacet
  facet normal -1.327255e-01 -9.911528e-01 1.178839e-16
    outer loop
      vertex   5.420788e+00 1.445239e+00 2.700000e+01
      vertex   5.420788e+00 1.445239e+00 3.000000e+01
      vertex   4.782497e+00 1.530713e+00 3.000000e+01
    endloop
  endfacet
  facet normal -1.327255e-01 -9.911528e-01 3.950788e-17
    outer loop
      vertex   5.420788e+00 1.445239e+00 2.700000e+01
      vertex   4.782497e+00 1.530713e+00 3.000000e+01
      vertex   4.782497e+00 1.530713e+00 2.700000e+01
    endloop
  endfacet
  facet normal -2.662052e-02 -9.996456e-01 7.881258e-18
    outer loop
      vertex   4.782497e+00 1.530713e+00 2.700000e+01
      vertex   4.782497e+00 1.530713e+00 3.000000e+01
      vertex   4.138737e+00 1.547856e+00 3.000000e+01
    endloop
  endfacet
  facet normal -2.662052e-02 -9.996456e-01 3.780185e-16
    outer loop
      vertex   4.782497e+00 1.530713e+00 2.700000e+01
      vertex   4.138737e+00 1.547856e+00 3.000000e+01
      vertex   4.138737e+00 1.547856e+00 2.700000e+01
    endloop
  endfacet
  facet normal 7.978611e-02 -9.968120e-01 3.452731e-16
    outer loop
      vertex   4.138737e+00 1.547856e+00 2.700000e+01
      vertex   4.138737e+00 1.547856e+00 3.000000e+01
      vertex   3.496802e+00 1.496475e+00 3.000000e+01
    endloop
  endfacet
  facet normal 7.978611e-02 -9.968120e-01 -4.669113e-17
    outer loop
      vertex   4.138737e+00 1.547856e+00 2.700000e+01
      vertex   3.496802e+00 1.496475e+00 3.000000e+01
      vertex   3.496802e+00 1.496475e+00 2.700000e+01
    endloop
  endfacet
  facet normal 1.852887e-01 -9.826841e-01 -1.097130e-16
    outer loop
      vertex   3.496802e+00 1.496475e+00 2.700000e+01
      vertex   3.496802e+00 1.496475e+00 3.000000e+01
      vertex   2.863965e+00 1.377151e+00 3.000000e+01
    endloop
  endfacet
  facet normal 1.852887e-01 -9.826841e-01 -1.077488e-16
    outer loop
      vertex   3.496802e+00 1.496475e+00 2.700000e+01
      vertex   2.863965e+00 1.377151e+00 3.000000e+01
      vertex   2.863965e+00 1.377151e+00 2.700000e+01
    endloop
  endfacet
  facet normal 2.886919e-01 -9.574220e-01 -1.709400e-16
    outer loop
      vertex   2.863965e+00 1.377151e+00 2.700000e+01
      vertex   2.863965e+00 1.377151e+00 3.000000e+01
      vertex   2.247396e+00 1.191237e+00 3.000000e+01
    endloop
  endfacet
  facet normal 2.886919e-01 -9.574220e-01 -1.292985e-16
    outer loop
      vertex   2.863965e+00 1.377151e+00 2.700000e+01
      vertex   2.247396e+00 1.191237e+00 3.000000e+01
      vertex   2.247396e+00 1.191237e+00 2.700000e+01
    endloop
  endfacet
  facet normal 3.888242e-01 -9.213120e-01 -1.726726e-16
    outer loop
      vertex   2.247396e+00 1.191237e+00 2.700000e+01
      vertex   2.247396e+00 1.191237e+00 3.000000e+01
      vertex   1.654082e+00 9.408384e-01 3.000000e+01
    endloop
  endfacet
  facet normal 3.888242e-01 -9.213120e-01 0.000000e+00
    outer loop
      vertex   2.247396e+00 1.191237e+00 2.700000e+01
      vertex   1.654082e+00 9.408384e-01 3.000000e+01
      vertex   1.654082e+00 9.408384e-01 2.700000e+01
    endloop
  endfacet
  facet normal 4.845509e-01 -8.747631e-01 0.000000e+00
    outer loop
      vertex   1.654082e+00 9.408384e-01 2.700000e+01
      vertex   1.654082e+00 9.408384e-01 3.000000e+01
      vertex   1.090745e+00 6.287933e-01 3.000000e+01
    endloop
  endfacet
  facet normal 4.845509e-01 -8.747631e-01 0.000000e+00
    outer loop
      vertex   1.654082e+00 9.408384e-01 2.700000e+01
      vertex   1.090745e+00 6.287933e-01 3.000000e+01
      vertex   1.090745e+00 6.287933e-01 2.700000e+01
    endloop
  endfacet
  facet normal 5.747874e-01 -8.183028e-01 0.000000e+00
    outer loop
      vertex   1.090745e+00 6.287933e-01 2.700000e+01
      vertex   1.090745e+00 6.287933e-01 3.000000e+01
      vertex   5.637674e-01 2.586370e-01 3.000000e+01
    endloop
  endfacet
  facet normal 5.747874e-01 -8.183028e-01 0.000000e+00
    outer loop
      vertex   1.090745e+00 6.287933e-01 2.700000e+01
      vertex   5.637674e-01 2.586370e-01 3.000000e+01
      vertex   5.637674e-01 2.586370e-01 2.700000e+01
    endloop
  endfacet
  facet normal 6.585114e-01 -7.525708e-01 0.000000e+00
    outer loop
      vertex   5.637674e-01 2.586370e-01 2.700000e+01
      vertex   5.637674e-01 2.586370e-01 3.000000e+01
      vertex   7.912059e-02 -1.654367e-01 3.000000e+01
    endloop
  endfacet
  facet normal 6.585114e-01 -7.525708e-01 -7.183250e-17
    outer loop
      vertex   5.637674e-01 2.586370e-01 2.700000e+01
      vertex   7.912059e-02 -1.654367e-01 3.000000e+01
      vertex   7.912059e-02 -1.654367e-01 2.700000e+01
    endloop
  endfacet
  facet normal 7.347742e-01 -6.783118e-01 -1.673034e-16
    outer loop
      vertex   7.912059e-02 -1.654367e-01 2.700000e+01
      vertex   7.912059e-02 -1.654367e-01 3.000000e+01
      vertex   -3.577043e-01 -6.386226e-01 3.000000e+01
    endloop
  endfacet
  facet normal 7.347742e-01 -6.783118e-01 -2.873300e-17
    outer loop
      vertex   7.912059e-02 -1.654367e-01 2.700000e+01
      vertex   -3.577043e-01 -6.386226e-01 3.000000e+01
      vertex   -3.577043e-01 -6.386226e-01 2.700000e+01
    endloop
  endfacet
  facet normal 8.027116e-01 -5.963674e-01 -1.145441e-16
    outer loop
      vertex   -3.577043e-01 -6.386226e-01 2.700000e+01
      vertex   -3.577043e-01 -6.386226e-01 3.000000e+01
      vertex   -7.417579e-01 -1.155560e+00 3.000000e+01
    endloop
  endfacet
  facet normal 8.027116e-01 -5.963674e-01 -1.436650e-16
    outer loop
      vertex   -3.577043e-01 -6.386226e-01 2.700000e+01
      vertex   -7.417579e-01 -1.155560e+00 3.000000e+01
      vertex   -7.417579e-01 -1.155560e+00 2.700000e+01
    endloop
  endfacet
  facet normal 8.615541e-01 -5.076658e-01 -2.619299e-16
    outer loop
      vertex   -7.417579e-01 -1.155560e+00 2.700000e+01
      vertex   -7.417579e-01 -1.155560e+00 3.000000e+01
      vertex   -1.068689e+00 -1.710390e+00 3.000000e+01
    endloop
  endfacet
  facet normal 8.615541e-01 -5.076658e-01 1.292985e-16
    outer loop
      vertex   -7.417579e-01 -1.155560e+00 2.700000e+01
      vertex   -1.068689e+00 -1.710390e+00 3.000000e+01
      vertex   -1.068689e+00 -1.710390e+00 2.700000e+01
    endloop
  endfacet
  facet normal 9.106348e-01 -4.132122e-01 3.000358e-17
    outer loop
      vertex   -1.068689e+00 -1.710390e+00 2.700000e+01
      vertex   -1.068689e+00 -1.710390e+00 3.000000e+01
      vertex   -1.334793e+00 -2.296828e+00 3.000000e+01
    endloop
  endfacet
  facet normal 9.106348e-01 -4.132122e-01 -8.619900e-17
    outer loop
      vertex   -1.068689e+00 -1.710390e+00 2.700000e+01
      vertex   -1.334793e+00 -2.296828e+00 3.000000e+01
      vertex   -1.334793e+00 -2.296828e+00 2.700000e+01
    endloop
  endfacet
  facet normal 9.493976e-01 -3.140767e-01 -1.653769e-16
    outer loop
      vertex   -1.334793e+00 -2.296828e+00 2.700000e+01
      vertex   -1.334793e+00 -2.296828e+00 3.000000e+01
      vertex   -1.537054e+00 -2.908229e+00 3.000000e+01
    endloop
  endfacet
  facet normal 9.493976e-01 -3.140767e-01 0.000000e+00
    outer loop
      vertex   -1.334793e+00 -2.296828e+00 2.700000e+01
      vertex   -1.537054e+00 -2.908229e+00 3.000000e+01
      vertex   -1.537054e+00 -2.908229e+00 2.700000e+01
    endloop
  endfacet
  facet normal 9.774034e-01 -2.113826e-01 0.000000e+00
    outer loop
      vertex   -1.537054e+00 -2.908229e+00 2.700000e+01
      vertex   -1.537054e+00 -2.908229e+00 3.000000e+01
      vertex   -1.673182e+00 -3.537666e+00 3.000000e+01
    endloop
  endfacet
  facet normal 9.774034e-01 -2.113826e-01 0.000000e+00
    outer loop
      vertex   -1.537054e+00 -2.908229e+00 2.700000e+01
      vertex   -1.673182e+00 -3.537666e+00 3.000000e+01
      vertex   -1.673182e+00 -3.537666e+00 2.700000e+01
    endloop
  endfacet
  facet normal 9.943348e-01 -1.062935e-01 0.000000e+00
    outer loop
      vertex   -1.673182e+00 -3.537666e+00 2.700000e+01
      vertex   -1.673182e+00 -3.537666e+00 3.000000e+01
      vertex   -1.741634e+00 -4.178006e+00 3.000000e+01
    endloop
  endfacet
  facet normal 9.943348e-01 -1.062935e-01 0.000000e+00
    outer loop
      vertex   -1.673182e+00 -3.537666e+00 2.700000e+01
      vertex   -1.741634e+00 -4.178006e+00 3.000000e+01
      vertex   -1.741634e+00 -4.178006e+00 2.700000e+01
    endloop
  endfacet
  facet normal 1.000000e+00 0.000000e+00 -0.000000e+00
    outer loop
      vertex   -1.741634e+00 -4.178006e+00 2.700000e+01
      vertex   -1.741634e+00 -4.178006e+00 3.000000e+01
      vertex   -1.741634e+00 -4.821994e+00 3.000000e+01
    endloop
  endfacet
  facet normal 1.000000e+00 0.000000e+00 0.000000e+00
    outer loop
      vertex   -1.741634e+00 -4.178006e+00 2.700000e+01
      vertex   -1.741634e+00 -4.821994e+00 3.000000e+01
      vertex   -1.741634e+00 -4.821994e+00 2.700000e+01
    endloop
  endfacet
  facet normal 9.943348e-01 1.062935e-01 -0.000000e+00
    outer loop
      vertex   -1.741634e+00 -4.821994e+00 2.700000e+01
      vertex   -1.741634e+00 -4.821994e+00 3.000000e+01
      vertex   -1.673182e+00 -5.462334e+00 3.000000e+01
    endloop
  endfacet
  facet normal 9.943348e-01 1.062935e-01 0.000000e+00
    outer loop
      vertex   -1.741634e+00 -4.821994e+00 2.700000e+01
      vertex   -1.673182e+00 -5.462334e+00 3.000000e+01
      vertex   -1.673182e+00 -5.462334e+00 2.700000e+01
    endloop
  endfacet
  facet normal 9.774034e-01 2.113826e-01 -0.000000e+00
    outer loop
      vertex   -1.673182e+00 -5.462334e+00 2.700000e+01
      vertex   -1.673182e+00 -5.462334e+00 3.000000e+01
      vertex   -1.537054e+00 -6.091770e+00 3.000000e+01
    endloop
  endfacet
  facet normal 9.774034e-01 2.113826e-01 0.000000e+00
    outer loop
      vertex   -1.673182e+00 -5.462334e+00 2.700000e+01
      vertex   -1.537054e+00 -6.091770e+00 3.000000e+01
      vertex   -1.537054e+00 -6.091770e+00 2.700000e+01
    endloop
  endfacet
  facet normal 9.493976e-01 3.140767e-01 -0.000000e+00
    outer loop
      vertex   -1.537054e+00 -6.091770e+00 2.700000e+01
      vertex   -1.537054e+00 -6.091770e+00 3.000000e+01
      vertex   -1.334793e+00 -6.703171e+00 3.000000e+01
    endloop
  endfacet
  facet normal 9.493976e-01 3.140767e-01 7.183250e-17
    outer loop
      vertex   -1.537054e+00 -6.091770e+00 2.700000e+01
      vertex   -1.334793e+00 -6.703171e+00 3.000000e+01
      vertex   -1.334793e+00 -6.703171e+00 2.700000e+01
    endloop
  endfacet
  facet normal 9.106348e-01 4.132122e-01 -3.000358e-17
    outer loop
      vertex   -1.334793e+00 -6.703171e+00 2.700000e+01
      vertex   -1.334793e+00 -6.703171e+00 3.000000e+01
      vertex   -1.068689e+00 -7.289610e+00 3.000000e+01
    endloop
  endfacet
  facet normal 9.106348e-01 4.132122e-01 8.619900e-17
    outer loop
      vertex   -1.334793e+00 -6.703171e+00 2.700000e+01
      vertex   -1.068689e+00 -7.289610e+00 3.000000e+01
      vertex   -1.068689e+00 -7.289610e+00 2.700000e+01
    endloop
  endfacet
  facet normal 8.615541e-01 5.076658e-01 1.824052e-17
    outer loop
      vertex   -1.068689e+00 -7.289610e+00 2.700000e+01
      vertex   -1.068689e+00 -7.289610e+00 3.000000e+01
      vertex   -7.417579e-01 -7.844440e+00 3.000000e+01
    endloop
  endfacet
  facet normal 8.615541e-01 5.076658e-01 3.447960e-16
    outer loop
      vertex   -1.068689e+00 -7.289610e+00 2.700000e+01
      vertex   -7.417579e-01 -7.844440e+00 3.000000e+01
      vertex   -7.417579e-01 -7.844440e+00 2.700000e+01
    endloop
  endfacet
  facet normal 8.027116e-01 5.963674e-01 2.410055e-16
    outer loop
      vertex   -7.417579e-01 -7.844440e+00 2.700000e+01
      vertex   -7.417579e-01 -7.844440e+00 3.000000e+01
      vertex   -3.577043e-01 -8.361377e+00 3.000000e+01
    endloop
  endfacet
  facet normal 8.027116e-01 5.963674e-01 1.005655e-16
    outer loop
      vertex   -7.417579e-01 -7.844440e+00 2.700000e+01
      vertex   -3.577043e-01 -8.361377e+00 3.000000e+01
      vertex   -3.577043e-01 -8.361377e+00 2.700000e+01
    endloop
  endfacet
  facet normal 7.347742e-01 6.783118e-01 6.240300e-18
    outer loop
      vertex   -3.577043e-01 -8.361377e+00 2.700000e+01
      vertex   -3.577043e-01 -8.361377e+00 3.000000e+01
      vertex   7.912059e-02 -8.834563e+00 3.000000e+01
    endloop
  endfacet
  facet normal 7.347742e-01 6.783118e-01 1.436650e-16
    outer loop
      vertex   -3.577043e-01 -8.361377e+00 2.700000e+01
      vertex   7.912059e-02 -8.834563e+00 3.000000e+01
      vertex   7.912059e-02 -8.834563e+00 2.700000e+01
    endloop
  endfacet
  facet normal 6.585114e-01 7.525708e-01 4.178492e-17
    outer loop
      vertex   7.912059e-02 -8.834563e+00 2.700000e+01
      vertex   7.912059e-02 -8.834563e+00 3.000000e+01
      vertex   5.637674e-01 -9.258637e+00 3.000000e+01
    endloop
  endfacet
  facet normal 6.585114e-01 7.525708e-01 0.000000e+00
    outer loop
      vertex   7.912059e-02 -8.834563e+00 2.700000e+01
      vertex   5.637674e-01 -9.258637e+00 3.000000e+01
      vertex   5.637674e-01 -9.258637e+00 2.700000e+01
    endloop
  endfacet
  facet normal 5.747874e-01 8.183028e-01 -0.000000e+00
    outer loop
      vertex   5.637674e-01 -9.258637e+00 2.700000e+01
      vertex   5.637674e-01 -9.258637e+00 3.000000e+01
      vertex   1.090745e+00 -9.628793e+00 3.000000e+01
    endloop
  endfacet
  facet normal 5.747874e-01 8.183028e-01 0.000000e+00
    outer loop
      vertex   5.637674e-01 -9.258637e+00 2.700000e+01
      vertex   1.090745e+00 -9.628793e+00 3.000000e+01
      vertex   1.090745e+00 -9.628793e+00 2.700000e+01
    endloop
  endfacet
  facet normal 4.845509e-01 8.747631e-01 -0.000000e+00
    outer loop
      vertex   1.090745e+00 -9.628793e+00 2.700000e+01
      vertex   1.090745e+00 -9.628793e+00 3.000000e+01
      vertex   1.654082e+00 -9.940838e+00 3.000000e+01
    endloop
  endfacet
  facet normal 4.845509e-01 8.747631e-01 0.000000e+00
    outer loop
      vertex   1.090745e+00 -9.628793e+00 2.700000e+01
      vertex   1.654082e+00 -9.940838e+00 3.000000e+01
      vertex   1.654082e+00 -9.940838e+00 2.700000e+01
    endloop
  endfacet
  facet normal 3.888242e-01 9.213120e-01 -0.000000e+00
    outer loop
      vertex   1.654082e+00 -9.940838e+00 2.700000e+01
      vertex   1.654082e+00 -9.940838e+00 3.000000e+01
      vertex   2.247396e+00 -1.019124e+01 3.000000e+01
    endloop
  endfacet
  facet normal 3.888242e-01 9.213120e-01 1.723980e-16
    outer loop
      vertex   1.654082e+00 -9.940838e+00 2.700000e+01
      vertex   2.247396e+00 -1.019124e+01 3.000000e+01
      vertex   2.247396e+00 -1.019124e+01 2.700000e+01
    endloop
  endfacet
  facet normal 2.886919e-01 9.574220e-01 1.282050e-16
    outer loop
      vertex   2.247396e+00 -1.019124e+01 2.700000e+01
      vertex   2.247396e+00 -1.019124e+01 3.000000e+01
      vertex   2.863965e+00 -1.037715e+01 3.000000e+01
    endloop
  endfacet
  facet normal 2.886919e-01 9.574220e-01 1.723980e-16
    outer loop
      vertex   2.247396e+00 -1.019124e+01 2.700000e+01
      vertex   2.863965e+00 -1.037715e+01 3.000000e+01
      vertex   2.863965e+00 -1.037715e+01 2.700000e+01
    endloop
  endfacet
  facet normal 1.852887e-01 9.826841e-01 1.097130e-16
    outer loop
      vertex   2.863965e+00 -1.037715e+01 2.700000e+01
      vertex   2.863965e+00 -1.037715e+01 3.000000e+01
      vertex   3.496802e+00 -1.049647e+01 3.000000e+01
    endloop
  endfacet
  facet normal 1.852887e-01 9.826841e-01 1.149320e-16
    outer loop
      vertex   2.863965e+00 -1.037715e+01 2.700000e+01
      vertex   3.496802e+00 -1.049647e+01 3.000000e+01
      vertex   3.496802e+00 -1.049647e+01 2.700000e+01
    endloop
  endfacet
  facet normal 7.978611e-02 9.968120e-01 4.724286e-17
    outer loop
      vertex   3.496802e+00 -1.049647e+01 2.700000e+01
      vertex   3.496802e+00 -1.049647e+01 3.000000e+01
      vertex   4.138737e+00 -1.054786e+01 3.000000e+01
    endloop
  endfacet
  facet normal 7.978611e-02 9.968120e-01 2.514138e-17
    outer loop
      vertex   3.496802e+00 -1.049647e+01 2.700000e+01
      vertex   4.138737e+00 -1.054786e+01 3.000000e+01
      vertex   4.138737e+00 -1.054786e+01 2.700000e+01
    endloop
  endfacet
  facet normal -2.662052e-02 9.996456e-01 -7.881258e-18
    outer loop
      vertex   4.138737e+00 -1.054786e+01 2.700000e+01
      vertex   4.138737e+00 -1.054786e+01 3.000000e+01
      vertex   4.782497e+00 -1.053071e+01 3.000000e+01
    endloop
  endfacet
  facet normal -2.662052e-02 9.996456e-01 -8.081157e-18
    outer loop
      vertex   4.138737e+00 -1.054786e+01 2.700000e+01
      vertex   4.782497e+00 -1.053071e+01 3.000000e+01
      vertex   4.782497e+00 -1.053071e+01 2.700000e+01
    endloop
  endfacet
  facet normal -1.327255e-01 9.911528e-01 -3.929465e-17
    outer loop
      vertex   4.782497e+00 -1.053071e+01 2.700000e+01
      vertex   4.782497e+00 -1.053071e+01 3.000000e+01
      vertex   5.420788e+00 -1.044524e+01 3.000000e+01
    endloop
  endfacet
  facet normal -1.327255e-01 9.911528e-01 -1.185236e-16
    outer loop
      vertex   4.782497e+00 -1.053071e+01 2.700000e+01
      vertex   5.420788e+00 -1.044524e+01 3.000000e+01
      vertex   5.420788e+00 -1.044524e+01 2.700000e+01
    endloop
  endfacet
  facet normal -2.373267e-01 9.714299e-01 -2.107885e-16
    outer loop
      vertex   5.420788e+00 -1.044524e+01 2.700000e+01
      vertex   5.420788e+00 -1.044524e+01 3.000000e+01
      vertex   6.046378e+00 -1.029240e+01 3.000000e+01
    endloop
  endfacet
  facet normal -2.373267e-01 9.714299e-01 -2.083143e-16
    outer loop
      vertex   5.420788e+00 -1.044524e+01 2.700000e+01
      vertex   6.046378e+00 -1.029240e+01 3.000000e+01
      vertex   6.046378e+00 -1.029240e+01 2.700000e+01
    endloop
  endfacet
  facet normal -3.392389e-01 9.407003e-01 -3.013046e-16
    outer loop
      vertex   6.046378e+00 -1.029240e+01 2.700000e+01
      vertex   6.046378e+00 -1.029240e+01 3.000000e+01
      vertex   6.652178e+00 -1.007394e+01 3.000000e+01
    endloop
  endfacet
  facet normal -3.392389e-01 9.407003e-01 2.585970e-16
    outer loop
      vertex   6.046378e+00 -1.029240e+01 2.700000e+01
      vertex   6.652178e+00 -1.007394e+01 3.000000e+01
      vertex   6.652178e+00 -1.007394e+01 2.700000e+01
    endloop
  endfacet
  facet normal -4.373073e-01 8.993121e-01 1.440928e-16
    outer loop
      vertex   6.652178e+00 -1.007394e+01 2.700000e+01
      vertex   6.652178e+00 -1.007394e+01 3.000000e+01
      vertex   7.231324e+00 -9.792317e+00 3.000000e+01
    endloop
  endfacet
  facet normal -4.373073e-01 8.993121e-01 2.729635e-16
    outer loop
      vertex   6.652178e+00 -1.007394e+01 2.700000e+01
      vertex   7.231324e+00 -9.792317e+00 3.000000e+01
      vertex   7.231324e+00 -9.792317e+00 2.700000e+01
    endloop
  endfacet
  facet normal -5.304209e-01 8.477344e-01 1.878873e-16
    outer loop
      vertex   7.231324e+00 -9.792317e+00 2.700000e+01
      vertex   7.231324e+00 -9.792317e+00 3.000000e+01
      vertex   7.777255e+00 -9.450732e+00 3.000000e+01
    endloop
  endfacet
  facet normal -5.304209e-01 8.477344e-01 -4.740945e-16
    outer loop
      vertex   7.231324e+00 -9.792317e+00 2.700000e+01
      vertex   7.777255e+00 -9.450732e+00 3.000000e+01
      vertex   7.777255e+00 -9.450732e+00 2.700000e+01
    endloop
  endfacet
  facet normal -6.175246e-01 7.865516e-01 -5.484720e-16
    outer loop
      vertex   7.777255e+00 -9.450732e+00 2.700000e+01
      vertex   7.777255e+00 -9.450732e+00 3.000000e+01
      vertex   8.283785e+00 -9.053053e+00 3.000000e+01
    endloop
  endfacet
  facet normal -6.175246e-01 7.865516e-01 -2.729635e-16
    outer loop
      vertex   7.777255e+00 -9.450732e+00 2.700000e+01
      vertex   8.283785e+00 -9.053053e+00 3.000000e+01
      vertex   8.283785e+00 -9.053053e+00 2.700000e+01
    endloop
  endfacet
  facet normal -6.976315e-01 7.164567e-01 -4.019341e-16
    outer loop
      vertex   8.283785e+00 -9.053053e+00 2.700000e+01
      vertex   8.283785e+00 -9.053053e+00 3.000000e+01
      vertex   8.745175e+00 -8.603787e+00 3.000000e+01
    endloop
  endfacet
  facet normal -6.976315e-01 7.164567e-01 -4.022620e-16
    outer loop
      vertex   8.283785e+00 -9.053053e+00 2.700000e+01
      vertex   8.745175e+00 -8.603787e+00 3.000000e+01
      vertex   8.745175e+00 -8.603787e+00 2.700000e+01
    endloop
  endfacet
  facet normal -7.698340e-01 6.382442e-01 -5.337501e-16
    outer loop
      vertex   8.745175e+00 -8.603787e+00 2.700000e+01
      vertex   8.745175e+00 -8.603787e+00 3.000000e+01
      vertex   9.156197e+00 -8.108022e+00 3.000000e+01
    endloop
  endfacet
  facet normal -7.698340e-01 6.382442e-01 -1.436650e-16
    outer loop
      vertex   8.745175e+00 -8.603787e+00 2.700000e+01
      vertex   9.156197e+00 -8.108022e+00 3.000000e+01
      vertex   9.156197e+00 -8.108022e+00 2.700000e+01
    endloop
  endfacet
  facet normal -8.333139e-01 5.528001e-01 -3.321951e-16
    outer loop
      vertex   9.156197e+00 -8.108022e+00 2.700000e+01
      vertex   9.156197e+00 -8.108022e+00 3.000000e+01
      vertex   9.512193e+00 -7.571378e+00 3.000000e+01
    endloop
  endfacet
  facet normal -8.333139e-01 5.528001e-01 0.000000e+00
    outer loop
      vertex   9.156197e+00 -8.108022e+00 2.700000e+01
      vertex   9.512193e+00 -7.571378e+00 3.000000e+01
      vertex   9.512193e+00 -7.571378e+00 2.700000e+01
    endloop
  endfacet
  facet normal -8.873521e-01 4.610925e-01 0.000000e+00
    outer loop
      vertex   9.512193e+00 -7.571378e+00 2.700000e+01
      vertex   9.512193e+00 -7.571378e+00 3.000000e+01
      vertex   9.809132e+00 -6.999934e+00 3.000000e+01
    endloop
  endfacet
  facet normal -8.873521e-01 4.610925e-01 0.000000e+00
    outer loop
      vertex   9.512193e+00 -7.571378e+00 2.700000e+01
      vertex   9.809132e+00 -6.999934e+00 3.000000e+01
      vertex   9.809132e+00 -6.999934e+00 2.700000e+01
    endloop
  endfacet
  facet normal -9.313362e-01 3.641606e-01 0.000000e+00
    outer loop
      vertex   9.809132e+00 -6.999934e+00 2.700000e+01
      vertex   9.809132e+00 -6.999934e+00 3.000000e+01
      vertex   1.004365e+01 -6.400164e+00 3.000000e+01
    endloop
  endfacet
  facet normal -9.313362e-01 3.641606e-01 0.000000e+00
    outer loop
      vertex   9.809132e+00 -6.999934e+00 2.700000e+01
      vertex   1.004365e+01 -6.400164e+00 3.000000e+01
      vertex   1.004365e+01 -6.400164e+00 2.700000e+01
    endloop
  endfacet
  facet normal -9.647679e-01 2.631026e-01 0.000000e+00
    outer loop
      vertex   1.004365e+01 -6.400164e+00 2.700000e+01
      vertex   1.004365e+01 -6.400164e+00 3.000000e+01
      vertex   1.021308e+01 -5.778865e+00 3.000000e+01
    endloop
  endfacet
  facet normal -9.647679e-01 2.631026e-01 0.000000e+00
    outer loop
      vertex   1.004365e+01 -6.400164e+00 2.700000e+01
      vertex   1.021308e+01 -5.778865e+00 3.000000e+01
      vertex   1.021308e+01 -5.778865e+00 2.700000e+01
    endloop
  endfacet
  facet normal -9.872684e-01 1.590635e-01 0.000000e+00
    outer loop
      vertex   1.021308e+01 -5.778865e+00 2.700000e+01
      vertex   1.021308e+01 -5.778865e+00 3.000000e+01
      vertex   1.031552e+01 -5.143076e+00 3.000000e+01
    endloop
  endfacet
  facet normal -0.000000e+00 1.000000e+00 0.000000e+00
    outer loop
      vertex   -7.002087e-01 2.908785e+00 3.240000e+01
      vertex   4.299791e+00 2.908785e+00 3.240000e+01
      vertex   -7.002087e-01 2.908785e+00 2.900000e+01
    endloop
  endfacet
  facet normal 0.000000e+00 1.000000e+00 0.000000e+00
    outer loop
      vertex   -7.002087e-01 2.908785e+00 2.900000e+01
      vertex   4.299791e+00 2.908785e+00 3.240000e+01
      vertex   4.299791e+00 2.908785e+00 2.900000e+01
    endloop
  endfacet
  facet normal -0.000000e+00 0.000000e+00 -1.000000e+00
    outer loop
      vertex   7.315725e+00 1.424540e+01 3.000000e+01
      vertex   1.283857e+00 1.424540e+01 3.000000e+01
      vertex   7.349791e+00 1.469998e+01 3.000000e+01
    endloop
  endfacet
  facet normal -0.000000e+00 0.000000e+00 -1.000000e+00
    outer loop
      vertex   7.349791e+00 1.469998e+01 3.000000e+01
      vertex   1.283857e+00 1.424540e+01 3.000000e+01
      vertex   1.249791e+00 1.469998e+01 3.000000e+01
    endloop
  endfacet
  facet normal 0.000000e+00 0.000000e+00 -1.000000e+00
    outer loop
      vertex   7.349791e+00 1.469998e+01 3.000000e+01
      vertex   1.249791e+00 1.469998e+01 3.000000e+01
      vertex   7.315725e+00 1.515456e+01 3.000000e+01
    endloop
  endfacet
  facet normal 0.000000e+00 0.000000e+00 -1.000000e+00
    outer loop
      vertex   7.315725e+00 1.515456e+01 3.000000e+01
      vertex   1.249791e+00 1.469998e+01 3.000000e+01
      vertex   1.283857e+00 1.515456e+01 3.000000e+01
    endloop
  endfacet
  facet normal -0.000000e+00 0.000000e+00 -1.000000e+00
    outer loop
      vertex   7.315725e+00 1.515456e+01 3.000000e+01
      vertex   1.283857e+00 1.515456e+01 3.000000e+01
      vertex   7.214288e+00 1.559899e+01 3.000000e+01
    endloop
  endfacet
  facet normal -0.000000e+00 0.000000e+00 -1.000000e+00
    outer loop
      vertex   7.214288e+00 1.559899e+01 3.000000e+01
      vertex   1.283857e+00 1.515456e+01 3.000000e+01
      vertex   1.385294e+00 1.559899e+01 3.000000e+01
    endloop
  endfacet
  facet normal 0.000000e+00 0.000000e+00 -1.000000e+00
    outer loop
      vertex   7.214288e+00 1.559899e+01 3.000000e+01
      vertex   1.385294e+00 1.559899e+01 3.000000e+01
      vertex   7.047746e+00 1.602333e+01 3.000000e+01
    endloop
  endfacet
  facet normal -0.000000e+00 0.000000e+00 -1.000000e+00
    outer loop
      vertex   7.047746e+00 1.602333e+01 3.000000e+01
      vertex   1.385294e+00 1.559899e+01 3.000000e+01
      vertex   1.551836e+00 1.602333e+01 3.000000e+01
    endloop
  endfacet
  facet normal 0.000000e+00 0.000000e+00 -1.000000e+00
    outer loop
      vertex   7.047746e+00 1.602333e+01 3.000000e+01
      vertex   1.551836e+00 1.602333e+01 3.000000e+01
      vertex   6.819820e+00 1.641811e+01 3.000000e+01
    endloop
  endfacet
  facet normal -0.000000e+00 0.000000e+00 -1.000000e+00
    outer loop
      vertex   6.819820e+00 1.641811e+01 3.000000e+01
      vertex   1.551836e+00 1.602333e+01 3.000000e+01
      vertex   1.779763e+00 1.641811e+01 3.000000e+01
    endloop
  endfacet
  facet normal 0.000000e+00 0.000000e+00 -1.000000e+00
    outer loop
      vertex   6.819820e+00 1.641811e+01 3.000000e+01
      vertex   1.779763e+00 1.641811e+01 3.000000e+01
      vertex   6.535599e+00 1.677451e+01 3.000000e+01
    endloop
  endfacet
  facet normal 0.000000e+00 0.000000e+00 -1.000000e+00
    outer loop
      vertex   6.535599e+00 1.677451e+01 3.000000e+01
      vertex   1.779763e+00 1.641811e+01 3.000000e+01
      vertex   2.063983e+00 1.677451e+01 3.000000e+01
    endloop
  endfacet
  facet normal -0.000000e+00 0.000000e+00 -1.000000e+00
    outer loop
      vertex   6.535599e+00 1.677451e+01 3.000000e+01
      vertex   2.063983e+00 1.677451e+01 3.000000e+01
      vertex   6.201435e+00 1.708457e+01 3.000000e+01
    endloop
  endfacet
  facet normal -0.000000e+00 0.000000e+00 -1.000000e+00
    outer loop
      vertex   6.201435e+00 1.708457e+01 3.000000e+01
      vertex   2.063983e+00 1.677451e+01 3.000000e+01
      vertex   2.398147e+00 1.708457e+01 3.000000e+01
    endloop
  endfacet
  facet normal 0.000000e+00 0.000000e+00 -1.000000e+00
    outer loop
      vertex   6.201435e+00 1.708457e+01 3.000000e+01
      vertex   2.398147e+00 1.708457e+01 3.000000e+01
      vertex   5.824791e+00 1.734136e+01 3.000000e+01
    endloop
  endfacet
  facet normal -0.000000e+00 0.000000e+00 -1.000000e+00
    outer loop
      vertex   5.824791e+00 1.734136e+01 3.000000e+01
      vertex   2.398147e+00 1.708457e+01 3.000000e+01
      vertex   2.774791e+00 1.734136e+01 3.000000e+01
    endloop
  endfacet
  facet normal 0.000000e+00 0.000000e+00 -1.000000e+00
    outer loop
      vertex   5.824791e+00 1.734136e+01 3.000000e+01
      vertex   2.774791e+00 1.734136e+01 3.000000e+01
      vertex   5.414081e+00 1.753915e+01 3.000000e+01
    endloop
  endfacet
  facet normal -0.000000e+00 0.000000e+00 -1.000000e+00
    outer loop
      vertex   5.414081e+00 1.753915e+01 3.000000e+01
      vertex   2.774791e+00 1.734136e+01 3.000000e+01
      vertex   3.185501e+00 1.753915e+01 3.000000e+01
    endloop
  endfacet
  facet normal 0.000000e+00 0.000000e+00 -1.000000e+00
    outer loop
      vertex   5.414081e+00 1.753915e+01 3.000000e+01
      vertex   3.185501e+00 1.753915e+01 3.000000e+01
      vertex   4.978480e+00 1.767351e+01 3.000000e+01
    endloop
  endfacet
  facet normal -0.000000e+00 0.000000e+00 -1.000000e+00
    outer loop
      vertex   4.978480e+00 1.767351e+01 3.000000e+01
      vertex   3.185501e+00 1.753915e+01 3.000000e+01
      vertex   3.621102e+00 1.767351e+01 3.000000e+01
    endloop
  endfacet
  facet normal 0.000000e+00 0.000000e+00 -1.000000e+00
    outer loop
      vertex   4.978480e+00 1.767351e+01 3.000000e+01
      vertex   3.621102e+00 1.767351e+01 3.000000e+01
      vertex   4.527718e+00 1.774145e+01 3.000000e+01
    endloop
  endfacet
  facet normal -0.000000e+00 0.000000e+00 -1.000000e+00
    outer loop
      vertex   4.527718e+00 1.774145e+01 3.000000e+01
      vertex   3.621102e+00 1.767351e+01 3.000000e+01
      vertex   4.071865e+00 1.774145e+01 3.000000e+01
    endloop
  endfacet
  facet normal 0.000000e+00 0.000000e+00 -1.000000e+00
    outer loop
      vertex   1.283857e+00 1.424540e+01 3.000000e+01
      vertex   7.315725e+00 1.424540e+01 3.000000e+01
      vertex   1.385294e+00 1.380098e+01 3.000000e+01
    endloop
  endfacet
  facet normal 0.000000e+00 0.000000e+00 -1.000000e+00
    outer loop
      vertex   1.385294e+00 1.380098e+01 3.000000e+01
      vertex   7.315725e+00 1.424540e+01 3.000000e+01
      vertex   7.214288e+00 1.380098e+01 3.000000e+01
    endloop
  endfacet
  facet normal 0.000000e+00 0.000000e+00 -1.000000e+00
    outer loop
      vertex   1.385294e+00 1.380098e+01 3.000000e+01
      vertex   7.214288e+00 1.380098e+01 3.000000e+01
      vertex   1.551836e+00 1.337664e+01 3.000000e+01
    endloop
  endfacet
  facet normal 0.000000e+00 0.000000e+00 -1.000000e+00
    outer loop
      vertex   1.551836e+00 1.337664e+01 3.000000e+01
      vertex   7.214288e+00 1.380098e+01 3.000000e+01
      vertex   7.047746e+00 1.337664e+01 3.000000e+01
    endloop
  endfacet
  facet normal 0.000000e+00 0.000000e+00 -1.000000e+00
    outer loop
      vertex   1.551836e+00 1.337664e+01 3.000000e+01
      vertex   7.047746e+00 1.337664e+01 3.000000e+01
      vertex   1.779763e+00 1.298186e+01 3.000000e+01
    endloop
  endfacet
  facet normal 0.000000e+00 0.000000e+00 -1.000000e+00
    outer loop
      vertex   1.779763e+00 1.298186e+01 3.000000e+01
      vertex   7.047746e+00 1.337664e+01 3.000000e+01
      vertex   6.819820e+00 1.298186e+01 3.000000e+01
    endloop
  endfacet
  facet normal 0.000000e+00 0.000000e+00 -1.000000e+00
    outer loop
      vertex   1.779763e+00 1.298186e+01 3.000000e+01
      vertex   6.819820e+00 1.298186e+01 3.000000e+01
      vertex   2.063983e+00 1.262546e+01 3.000000e+01
    endloop
  endfacet
  facet normal 0.000000e+00 0.000000e+00 -1.000000e+00
    outer loop
      vertex   2.063983e+00 1.262546e+01 3.000000e+01
      vertex   6.819820e+00 1.298186e+01 3.000000e+01
      vertex   6.535599e+00 1.262546e+01 3.000000e+01
    endloop
  endfacet
  facet normal 0.000000e+00 0.000000e+00 -1.000000e+00
    outer loop
      vertex   2.063983e+00 1.262546e+01 3.000000e+01
      vertex   6.535599e+00 1.262546e+01 3.000000e+01
      vertex   2.398147e+00 1.231540e+01 3.000000e+01
    endloop
  endfacet
  facet normal 0.000000e+00 0.000000e+00 -1.000000e+00
    outer loop
      vertex   2.398147e+00 1.231540e+01 3.000000e+01
      vertex   6.535599e+00 1.262546e+01 3.000000e+01
      vertex   6.201435e+00 1.231540e+01 3.000000e+01
    endloop
  endfacet
  facet normal 0.000000e+00 0.000000e+00 -1.000000e+00
    outer loop
      vertex   2.398147e+00 1.231540e+01 3.000000e+01
      vertex   6.201435e+00 1.231540e+01 3.000000e+01
      vertex   2.774791e+00 1.205860e+01 3.000000e+01
    endloop
  endfacet
  facet normal 0.000000e+00 0.000000e+00 -1.000000e+00
    outer loop
      vertex   2.774791e+00 1.205860e+01 3.000000e+01
      vertex   6.201435e+00 1.231540e+01 3.000000e+01
      vertex   5.824791e+00 1.205860e+01 3.000000e+01
    endloop
  endfacet
  facet normal 0.000000e+00 0.000000e+00 -1.000000e+00
    outer loop
      vertex   2.774791e+00 1.205860e+01 3.000000e+01
      vertex   5.824791e+00 1.205860e+01 3.000000e+01
      vertex   3.185501e+00 1.186082e+01 3.000000e+01
    endloop
  endfacet
  facet normal 0.000000e+00 0.000000e+00 -1.000000e+00
    outer loop
      vertex   3.185501e+00 1.186082e+01 3.000000e+01
      vertex   5.824791e+00 1.205860e+01 3.000000e+01
      vertex   5.414081e+00 1.186082e+01 3.000000e+01
    endloop
  endfacet
  facet normal 0.000000e+00 0.000000e+00 -1.000000e+00
    outer loop
      vertex   3.185501e+00 1.186082e+01 3.000000e+01
      vertex   5.414081e+00 1.186082e+01 3.000000e+01
      vertex   3.621102e+00 1.172645e+01 3.000000e+01
    endloop
  endfacet
  facet normal 0.000000e+00 0.000000e+00 -1.000000e+00
    outer loop
      vertex   3.621102e+00 1.172645e+01 3.000000e+01
      vertex   5.414081e+00 1.186082e+01 3.000000e+01
      vertex   4.978480e+00 1.172645e+01 3.000000e+01
    endloop
  endfacet
  facet normal 0.000000e+00 0.000000e+00 -1.000000e+00
    outer loop
      vertex   3.621102e+00 1.172645e+01 3.000000e+01
      vertex   4.978480e+00 1.172645e+01 3.000000e+01
      vertex   4.071865e+00 1.165851e+01 3.000000e+01
    endloop
  endfacet
  facet normal 0.000000e+00 0.000000e+00 -1.000000e+00
    outer loop
      vertex   4.071865e+00 1.165851e+01 3.000000e+01
      vertex   4.978480e+00 1.172645e+01 3.000000e+01
      vertex   4.527718e+00 1.165851e+01 3.000000e+01
    endloop
  endfacet
  facet normal -0.000000e+00 0.000000e+00 -1.000000e+00
    outer loop
      vertex   1.034979e+01 -4.500000e+00 3.000000e+01
      vertex   1.031552e+01 -5.143076e+00 3.000000e+01
      vertex   1.031552e+01 -3.856924e+00 3.000000e+01
    endloop
  endfacet
  facet normal 0.000000e+00 -0.000000e+00 -1.000000e+00
    outer loop
      vertex   1.031552e+01 -3.856924e+00 3.000000e+01
      vertex   1.031552e+01 -5.143076e+00 3.000000e+01
      vertex   1.021308e+01 -5.778865e+00 3.000000e+01
    endloop
  endfacet
  facet normal 0.000000e+00 0.000000e+00 -1.000000e+00
    outer loop
      vertex   1.031552e+01 -3.856924e+00 3.000000e+01
      vertex   1.021308e+01 -5.778865e+00 3.000000e+01
      vertex   1.004365e+01 -6.400164e+00 3.000000e+01
    endloop
  endfacet
  facet normal -0.000000e+00 0.000000e+00 -1.000000e+00
    outer loop
      vertex   1.004365e+01 -6.400164e+00 3.000000e+01
      vertex   9.809132e+00 -6.999934e+00 3.000000e+01
      vertex   1.031552e+01 -3.856924e+00 3.000000e+01
    endloop
  endfacet
  facet normal 0.000000e+00 0.000000e+00 -1.000000e+00
    outer loop
      vertex   1.031552e+01 -3.856924e+00 3.000000e+01
      vertex   9.809132e+00 -6.999934e+00 3.000000e+01
      vertex   9.512193e+00 -7.571378e+00 3.000000e+01
    endloop
  endfacet
  facet normal 0.000000e+00 0.000000e+00 -1.000000e+00
    outer loop
      vertex   1.031552e+01 -3.856924e+00 3.000000e+01
      vertex   9.512193e+00 -7.571378e+00 3.000000e+01
      vertex   9.156197e+00 -8.108022e+00 3.000000e+01
    endloop
  endfacet
  facet normal -0.000000e+00 0.000000e+00 -1.000000e+00
    outer loop
      vertex   9.156197e+00 -8.108022e+00 3.000000e+01
      vertex   8.745175e+00 -8.603787e+00 3.000000e+01
      vertex   1.031552e+01 -3.856924e+00 3.000000e+01
    endloop
  endfacet
  facet normal 0.000000e+00 0.000000e+00 -1.000000e+00
    outer loop
      vertex   1.031552e+01 -3.856924e+00 3.000000e+01
      vertex   8.745175e+00 -8.603787e+00 3.000000e+01
      vertex   8.283785e+00 -9.053053e+00 3.000000e+01
    endloop
  endfacet
  facet normal 0.000000e+00 0.000000e+00 -1.000000e+00
    outer loop
      vertex   1.031552e+01 -3.856924e+00 3.000000e+01
      vertex   8.283785e+00 -9.053053e+00 3.000000e+01
      vertex   7.777255e+00 -9.450732e+00 3.000000e+01
    endloop
  endfacet
  facet normal -0.000000e+00 0.000000e+00 -1.000000e+00
    outer loop
      vertex   7.777255e+00 -9.450732e+00 3.000000e+01
      vertex   7.231324e+00 -9.792317e+00 3.000000e+01
      vertex   1.031552e+01 -3.856924e+00 3.000000e+01
    endloop
  endfacet
  facet normal 0.000000e+00 0.000000e+00 -1.000000e+00
    outer loop
      vertex   1.031552e+01 -3.856924e+00 3.000000e+01
      vertex   7.231324e+00 -9.792317e+00 3.000000e+01
      vertex   6.652178e+00 -1.007394e+01 3.000000e+01
    endloop
  endfacet
  facet normal 0.000000e+00 0.000000e+00 -1.000000e+00
    outer loop
      vertex   1.031552e+01 -3.856924e+00 3.000000e+01
      vertex   6.652178e+00 -1.007394e+01 3.000000e+01
      vertex   6.046378e+00 -1.029240e+01 3.000000e+01
    endloop
  endfacet
  facet normal -0.000000e+00 0.000000e+00 -1.000000e+00
    outer loop
      vertex   6.046378e+00 -1.029240e+01 3.000000e+01
      vertex   5.420788e+00 -1.044524e+01 3.000000e+01
      vertex   1.031552e+01 -3.856924e+00 3.000000e+01
    endloop
  endfacet
  facet normal 0.000000e+00 0.000000e+00 -1.000000e+00
    outer loop
      vertex   1.031552e+01 -3.856924e+00 3.000000e+01
      vertex   5.420788e+00 -1.044524e+01 3.000000e+01
      vertex   4.782497e+00 -1.053071e+01 3.000000e+01
    endloop
  endfacet
  facet normal 0.000000e+00 0.000000e+00 -1.000000e+00
    outer loop
      vertex   1.031552e+01 -3.856924e+00 3.000000e+01
      vertex   4.782497e+00 -1.053071e+01 3.000000e+01
      vertex   4.138737e+00 -1.054786e+01 3.000000e+01
    endloop
  endfacet
  facet normal 0.000000e+00 0.000000e+00 -1.000000e+00
    outer loop
      vertex   4.138737e+00 -1.054786e+01 3.000000e+01
      vertex   3.496802e+00 -1.049647e+01 3.000000e+01
      vertex   1.031552e+01 -3.856924e+00 3.000000e+01
    endloop
  endfacet
  facet normal 0.000000e+00 0.000000e+00 -1.000000e+00
    outer loop
      vertex   1.031552e+01 -3.856924e+00 3.000000e+01
      vertex   3.496802e+00 -1.049647e+01 3.000000e+01
      vertex   2.863965e+00 -1.037715e+01 3.000000e+01
    endloop
  endfacet
  facet normal 0.000000e+00 0.000000e+00 -1.000000e+00
    outer loop
      vertex   1.031552e+01 -3.856924e+00 3.000000e+01
      vertex   2.863965e+00 -1.037715e+01 3.000000e+01
      vertex   2.247396e+00 -1.019124e+01 3.000000e+01
    endloop
  endfacet
  facet normal 0.000000e+00 0.000000e+00 -1.000000e+00
    outer loop
      vertex   2.247396e+00 -1.019124e+01 3.000000e+01
      vertex   1.654082e+00 -9.940838e+00 3.000000e+01
      vertex   1.031552e+01 -3.856924e+00 3.000000e+01
    endloop
  endfacet
  facet normal 0.000000e+00 0.000000e+00 -1.000000e+00
    outer loop
      vertex   1.031552e+01 -3.856924e+00 3.000000e+01
      vertex   1.654082e+00 -9.940838e+00 3.000000e+01
      vertex   1.090745e+00 -9.628793e+00 3.000000e+01
    endloop
  endfacet
  facet normal 0.000000e+00 0.000000e+00 -1.000000e+00
    outer loop
      vertex   1.031552e+01 -3.856924e+00 3.000000e+01
      vertex   1.090745e+00 -9.628793e+00 3.000000e+01
      vertex   5.637674e-01 -9.258637e+00 3.000000e+01
    endloop
  endfacet
  facet normal 0.000000e+00 0.000000e+00 -1.000000e+00
    outer loop
      vertex   5.637674e-01 -9.258637e+00 3.000000e+01
      vertex   7.912059e-02 -8.834563e+00 3.000000e+01
      vertex   1.031552e+01 -3.856924e+00 3.000000e+01
    endloop
  endfacet
  facet normal 0.000000e+00 0.000000e+00 -1.000000e+00
    outer loop
      vertex   1.031552e+01 -3.856924e+00 3.000000e+01
      vertex   7.912059e-02 -8.834563e+00 3.000000e+01
      vertex   -3.577043e-01 -8.361377e+00 3.000000e+01
    endloop
  endfacet
  facet normal 0.000000e+00 0.000000e+00 -1.000000e+00
    outer loop
      vertex   1.031552e+01 -3.856924e+00 3.000000e+01
      vertex   -3.577043e-01 -8.361377e+00 3.000000e+01
      vertex   -7.417579e-01 -7.844440e+00 3.000000e+01
    endloop
  endfacet
  facet normal 0.000000e+00 0.000000e+00 -1.000000e+00
    outer loop
      vertex   -7.417579e-01 -7.844440e+00 3.000000e+01
      vertex   -1.068689e+00 -7.289610e+00 3.000000e+01
      vertex   1.031552e+01 -3.856924e+00 3.000000e+01
    endloop
  endfacet
  facet normal 0.000000e+00 0.000000e+00 -1.000000e+00
    outer loop
      vertex   1.031552e+01 -3.856924e+00 3.000000e+01
      vertex   -1.068689e+00 -7.289610e+00 3.000000e+01
      vertex   -1.334793e+00 -6.703171e+00 3.000000e+01
    endloop
  endfacet
  facet normal 0.000000e+00 0.000000e+00 -1.000000e+00
    outer loop
      vertex   1.031552e+01 -3.856924e+00 3.000000e+01
      vertex   -1.334793e+00 -6.703171e+00 3.000000e+01
      vertex   -1.537054e+00 -6.091770e+00 3.000000e+01
    endloop
  endfacet
  facet normal 0.000000e+00 0.000000e+00 -1.000000e+00
    outer loop
      vertex   -1.537054e+00 -6.091770e+00 3.000000e+01
      vertex   -1.673182e+00 -5.462334e+00 3.000000e+01
      vertex   1.031552e+01 -3.856924e+00 3.000000e+01
    endloop
  endfacet
  facet normal 0.000000e+00 0.000000e+00 -1.000000e+00
    outer loop
      vertex   1.031552e+01 -3.856924e+00 3.000000e+01
      vertex   -1.673182e+00 -5.462334e+00 3.000000e+01
      vertex   -1.741634e+00 -4.821994e+00 3.000000e+01
    endloop
  endfacet
  facet normal 0.000000e+00 0.000000e+00 -1.000000e+00
    outer loop
      vertex   1.031552e+01 -3.856924e+00 3.000000e+01
      vertex   -1.741634e+00 -4.821994e+00 3.000000e+01
      vertex   -1.741634e+00 -4.178006e+00 3.000000e+01
    endloop
  endfacet
  facet normal 0.000000e+00 0.000000e+00 -1.000000e+00
    outer loop
      vertex   -1.741634e+00 -4.178006e+00 3.000000e+01
      vertex   -1.673182e+00 -3.537666e+00 3.000000e+01
      vertex   1.031552e+01 -3.856924e+00 3.000000e+01
    endloop
  endfacet
  facet normal 0.000000e+00 0.000000e+00 -1.000000e+00
    outer loop
      vertex   1.031552e+01 -3.856924e+00 3.000000e+01
      vertex   -1.673182e+00 -3.537666e+00 3.000000e+01
      vertex   1.021308e+01 -3.221135e+00 3.000000e+01
    endloop
  endfacet
  facet normal -0.000000e+00 0.000000e+00 -1.000000e+00
    outer loop
      vertex   1.021308e+01 -3.221135e+00 3.000000e+01
      vertex   -1.673182e+00 -3.537666e+00 3.000000e+01
      vertex   -1.537054e+00 -2.908229e+00 3.000000e+01
    endloop
  endfacet
  facet normal 0.000000e+00 0.000000e+00 -1.000000e+00
    outer loop
      vertex   1.021308e+01 -3.221135e+00 3.000000e+01
      vertex   -1.537054e+00 -2.908229e+00 3.000000e+01
      vertex   1.004365e+01 -2.599836e+00 3.000000e+01
    endloop
  endfacet
  facet normal -0.000000e+00 0.000000e+00 -1.000000e+00
    outer loop
      vertex   1.004365e+01 -2.599836e+00 3.000000e+01
      vertex   -1.537054e+00 -2.908229e+00 3.000000e+01
      vertex   -1.334793e+00 -2.296828e+00 3.000000e+01
    endloop
  endfacet
  facet normal 0.000000e+00 0.000000e+00 -1.000000e+00
    outer loop
      vertex   1.004365e+01 -2.599836e+00 3.000000e+01
      vertex   -1.334793e+00 -2.296828e+00 3.000000e+01
      vertex   9.809132e+00 -2.000066e+00 3.000000e+01
    endloop
  endfacet
  facet normal -0.000000e+00 0.000000e+00 -1.000000e+00
    outer loop
      vertex   9.809132e+00 -2.000066e+00 3.000000e+01
      vertex   -1.334793e+00 -2.296828e+00 3.000000e+01
      vertex   -1.068689e+00 -1.710390e+00 3.000000e+01
    endloop
  endfacet
  facet normal 0.000000e+00 0.000000e+00 -1.000000e+00
    outer loop
      vertex   9.809132e+00 -2.000066e+00 3.000000e+01
      vertex   -1.068689e+00 -1.710390e+00 3.000000e+01
      vertex   9.512193e+00 -1.428622e+00 3.000000e+01
    endloop
  endfacet
  facet normal -0.000000e+00 0.000000e+00 -1.000000e+00
    outer loop
      vertex   9.512193e+00 -1.428622e+00 3.000000e+01
      vertex   -1.068689e+00 -1.710390e+00 3.000000e+01
      vertex   -7.417579e-01 -1.155560e+00 3.000000e+01
    endloop
  endfacet
  facet normal 0.000000e+00 0.000000e+00 -1.000000e+00
    outer loop
      vertex   9.512193e+00 -1.428622e+00 3.000000e+01
      vertex   -7.417579e-01 -1.155560e+00 3.000000e+01
      vertex   9.156197e+00 -8.919774e-01 3.000000e+01
    endloop
  endfacet
  facet normal -0.000000e+00 0.000000e+00 -1.000000e+00
    outer loop
      vertex   9.156197e+00 -8.919774e-01 3.000000e+01
      vertex   -7.417579e-01 -1.155560e+00 3.000000e+01
      vertex   -3.577043e-01 -6.386226e-01 3.000000e+01
    endloop
  endfacet
  facet normal 0.000000e+00 0.000000e+00 -1.000000e+00
    outer loop
      vertex   9.156197e+00 -8.919774e-01 3.000000e+01
      vertex   -3.577043e-01 -6.386226e-01 3.000000e+01
      vertex   8.745175e+00 -3.962133e-01 3.000000e+01
    endloop
  endfacet
  facet normal -0.000000e+00 0.000000e+00 -1.000000e+00
    outer loop
      vertex   8.745175e+00 -3.962133e-01 3.000000e+01
      vertex   -3.577043e-01 -6.386226e-01 3.000000e+01
      vertex   7.912059e-02 -1.654367e-01 3.000000e+01
    endloop
  endfacet
  facet normal 0.000000e+00 0.000000e+00 -1.000000e+00
    outer loop
      vertex   8.745175e+00 -3.962133e-01 3.000000e+01
      vertex   7.912059e-02 -1.654367e-01 3.000000e+01
      vertex   8.283785e+00 5.305322e-02 3.000000e+01
    endloop
  endfacet
  facet normal -0.000000e+00 0.000000e+00 -1.000000e+00
    outer loop
      vertex   8.283785e+00 5.305322e-02 3.000000e+01
      vertex   7.912059e-02 -1.654367e-01 3.000000e+01
      vertex   5.637674e-01 2.586370e-01 3.000000e+01
    endloop
  endfacet
  facet normal 0.000000e+00 0.000000e+00 -1.000000e+00
    outer loop
      vertex   8.283785e+00 5.305322e-02 3.000000e+01
      vertex   5.637674e-01 2.586370e-01 3.000000e+01
      vertex   7.777255e+00 4.507319e-01 3.000000e+01
    endloop
  endfacet
  facet normal -0.000000e+00 0.000000e+00 -1.000000e+00
    outer loop
      vertex   7.777255e+00 4.507319e-01 3.000000e+01
      vertex   5.637674e-01 2.586370e-01 3.000000e+01
      vertex   1.090745e+00 6.287933e-01 3.000000e+01
    endloop
  endfacet
  facet normal 0.000000e+00 0.000000e+00 -1.000000e+00
    outer loop
      vertex   7.777255e+00 4.507319e-01 3.000000e+01
      vertex   1.090745e+00 6.287933e-01 3.000000e+01
      vertex   7.231324e+00 7.923167e-01 3.000000e+01
    endloop
  endfacet
  facet normal -0.000000e+00 0.000000e+00 -1.000000e+00
    outer loop
      vertex   7.231324e+00 7.923167e-01 3.000000e+01
      vertex   1.090745e+00 6.287933e-01 3.000000e+01
      vertex   1.654082e+00 9.408384e-01 3.000000e+01
    endloop
  endfacet
  facet normal 0.000000e+00 0.000000e+00 -1.000000e+00
    outer loop
      vertex   7.231324e+00 7.923167e-01 3.000000e+01
      vertex   1.654082e+00 9.408384e-01 3.000000e+01
      vertex   6.652178e+00 1.073938e+00 3.000000e+01
    endloop
  endfacet
  facet normal -0.000000e+00 0.000000e+00 -1.000000e+00
    outer loop
      vertex   6.652178e+00 1.073938e+00 3.000000e+01
      vertex   1.654082e+00 9.408384e-01 3.000000e+01
      vertex   2.247396e+00 1.191237e+00 3.000000e+01
    endloop
  endfacet
  facet normal 0.000000e+00 0.000000e+00 -1.000000e+00
    outer loop
      vertex   6.652178e+00 1.073938e+00 3.000000e+01
      vertex   2.247396e+00 1.191237e+00 3.000000e+01
      vertex   6.046378e+00 1.292403e+00 3.000000e+01
    endloop
  endfacet
  facet normal -0.000000e+00 0.000000e+00 -1.000000e+00
    outer loop
      vertex   6.046378e+00 1.292403e+00 3.000000e+01
      vertex   2.247396e+00 1.191237e+00 3.000000e+01
      vertex   2.863965e+00 1.377151e+00 3.000000e+01
    endloop
  endfacet
  facet normal 0.000000e+00 0.000000e+00 -1.000000e+00
    outer loop
      vertex   6.046378e+00 1.292403e+00 3.000000e+01
      vertex   2.863965e+00 1.377151e+00 3.000000e+01
      vertex   5.420788e+00 1.445239e+00 3.000000e+01
    endloop
  endfacet
  facet normal -0.000000e+00 0.000000e+00 -1.000000e+00
    outer loop
      vertex   5.420788e+00 1.445239e+00 3.000000e+01
      vertex   2.863965e+00 1.377151e+00 3.000000e+01
      vertex   3.496802e+00 1.496475e+00 3.000000e+01
    endloop
  endfacet
  facet normal 0.000000e+00 0.000000e+00 -1.000000e+00
    outer loop
      vertex   5.420788e+00 1.445239e+00 3.000000e+01
      vertex   3.496802e+00 1.496475e+00 3.000000e+01
      vertex   4.782497e+00 1.530713e+00 3.000000e+01
    endloop
  endfacet
  facet normal -0.000000e+00 0.000000e+00 -1.000000e+00
    outer loop
      vertex   4.782497e+00 1.530713e+00 3.000000e+01
      vertex   3.496802e+00 1.496475e+00 3.000000e+01
      vertex   4.138737e+00 1.547856e+00 3.000000e+01
    endloop
  endfacet
  facet normal -0.000000e+00 1.000000e+00 0.000000e+00
    outer loop
      vertex   -1.810000e+01 2.469998e+01 3.300000e+01
      vertex   2.170000e+01 2.469998e+01 3.300000e+01
      vertex   -1.810000e+01 2.469998e+01 2.760000e+01
    endloop
  endfacet
  facet normal 0.000000e+00 1.000000e+00 0.000000e+00
    outer loop
      vertex   -1.810000e+01 2.469998e+01 2.760000e+01
      vertex   2.170000e+01 2.469998e+01 3.300000e+01
      vertex   2.170000e+01 2.469998e+01 2.760000e+01
    endloop
  endfacet
  facet normal -1.000000e+00 0.000000e+00 0.000000e+00
    outer loop
      vertex   -1.870000e+01 1.850000e+00 3.300000e+01
      vertex   -1.870000e+01 1.044998e+01 3.300000e+01
      vertex   -1.870000e+01 1.850000e+00 2.760000e+01
    endloop
  endfacet
  facet normal -1.000000e+00 0.000000e+00 0.000000e+00
    outer loop
      vertex   -1.870000e+01 1.850000e+00 2.760000e+01
      vertex   -1.870000e+01 1.044998e+01 3.300000e+01
      vertex   -1.870000e+01 2.409998e+01 2.760000e+01
    endloop
  endfacet
  facet normal -1.000000e+00 0.000000e+00 0.000000e+00
    outer loop
      vertex   -1.870000e+01 2.409998e+01 2.760000e+01
      vertex   -1.870000e+01 1.044998e+01 3.300000e+01
      vertex   -1.870000e+01 1.894998e+01 3.300000e+01
    endloop
  endfacet
  facet normal -1.000000e+00 0.000000e+00 0.000000e+00
    outer loop
      vertex   -1.870000e+01 2.409998e+01 2.760000e+01
      vertex   -1.870000e+01 1.894998e+01 3.300000e+01
      vertex   -1.870000e+01 2.409998e+01 3.300000e+01
    endloop
  endfacet
  facet normal -1.000000e+00 0.000000e+00 -0.000000e+00
    outer loop
      vertex   -1.870000e+01 1.144998e+01 3.400000e+01
      vertex   -1.870000e+01 1.794998e+01 3.400000e+01
      vertex   -1.870000e+01 1.044998e+01 3.300000e+01
    endloop
  endfacet
  facet normal -1.000000e+00 0.000000e+00 0.000000e+00
    outer loop
      vertex   -1.870000e+01 1.044998e+01 3.300000e+01
      vertex   -1.870000e+01 1.794998e+01 3.400000e+01
      vertex   -1.870000e+01 1.894998e+01 3.300000e+01
    endloop
  endfacet
endsolid
