solid ASCII
  facet normal -5.000000e-01 7.071068e-01 5.000000e-01
    outer loop
      vertex   9.953842e+01 -1.131626e+02 1.668811e+02
      vertex   9.995264e+01 -1.121626e+02 1.658811e+02
      vertex   8.953842e+01 -1.131626e+02 1.568811e+02
    endloop
  endfacet
  facet normal -5.000000e-01 7.071068e-01 5.000000e-01
    outer loop
      vertex   8.953842e+01 -1.131626e+02 1.568811e+02
      vertex   9.995264e+01 -1.121626e+02 1.658811e+02
      vertex   8.995264e+01 -1.121626e+02 1.558811e+02
    endloop
  endfacet
  facet normal -6.519043e-16 7.071068e-01 7.071068e-01
    outer loop
      vertex   8.995264e+01 -1.121626e+02 1.558811e+02
      vertex   5.912421e+01 -1.121626e+02 1.558811e+02
      vertex   8.953842e+01 -1.131626e+02 1.568811e+02
    endloop
  endfacet
  facet normal 3.349531e-16 7.071068e-01 7.071068e-01
    outer loop
      vertex   8.953842e+01 -1.131626e+02 1.568811e+02
      vertex   5.912421e+01 -1.121626e+02 1.558811e+02
      vertex   5.953842e+01 -1.131626e+02 1.568811e+02
    endloop
  endfacet
  facet normal 5.000000e-01 7.071068e-01 5.000000e-01
    outer loop
      vertex   5.912421e+01 -1.121626e+02 1.558811e+02
      vertex   4.912421e+01 -1.121626e+02 1.658811e+02
      vertex   5.953842e+01 -1.131626e+02 1.568811e+02
    endloop
  endfacet
  facet normal 5.000000e-01 7.071068e-01 5.000000e-01
    outer loop
      vertex   5.953842e+01 -1.131626e+02 1.568811e+02
      vertex   4.912421e+01 -1.121626e+02 1.658811e+02
      vertex   4.953842e+01 -1.131626e+02 1.668811e+02
    endloop
  endfacet
  facet normal -7.071068e-01 0.000000e+00 7.071068e-01
    outer loop
      vertex   9.953842e+01 -1.131626e+02 1.668811e+02
      vertex   8.953842e+01 -1.131626e+02 1.568811e+02
      vertex   9.953842e+01 -1.141626e+02 1.668811e+02
    endloop
  endfacet
  facet normal -7.071068e-01 0.000000e+00 7.071068e-01
    outer loop
      vertex   9.953842e+01 -1.141626e+02 1.668811e+02
      vertex   8.953842e+01 -1.131626e+02 1.568811e+02
      vertex   8.953842e+01 -1.141626e+02 1.568811e+02
    endloop
  endfacet
  facet normal 0.000000e+00 0.000000e+00 1.000000e+00
    outer loop
      vertex   8.953842e+01 -1.131626e+02 1.568811e+02
      vertex   5.953842e+01 -1.131626e+02 1.568811e+02
      vertex   8.953842e+01 -1.141626e+02 1.568811e+02
    endloop
  endfacet
  facet normal 0.000000e+00 0.000000e+00 1.000000e+00
    outer loop
      vertex   8.953842e+01 -1.141626e+02 1.568811e+02
      vertex   5.953842e+01 -1.131626e+02 1.568811e+02
      vertex   5.953842e+01 -1.141626e+02 1.568811e+02
    endloop
  endfacet
  facet normal 7.071068e-01 0.000000e+00 7.071068e-01
    outer loop
      vertex   5.953842e+01 -1.131626e+02 1.568811e+02
      vertex   4.953842e+01 -1.131626e+02 1.668811e+02
      vertex   5.953842e+01 -1.141626e+02 1.568811e+02
    endloop
  endfacet
  facet normal 7.071068e-01 5.024296e-15 7.071068e-01
    outer loop
      vertex   5.953842e+01 -1.141626e+02 1.568811e+02
      vertex   4.953842e+01 -1.131626e+02 1.668811e+02
      vertex   4.953842e+01 -1.141626e+02 1.668811e+02
    endloop
  endfacet
  facet normal 0.000000e+00 7.071068e-01 7.071068e-01
    outer loop
      vertex   4.953842e+01 -1.131626e+02 1.668811e+02
      vertex   4.912421e+01 -1.121626e+02 1.658811e+02
      vertex   2.368842e+01 -1.131626e+02 1.668811e+02
    endloop
  endfacet
  facet normal 0.000000e+00 7.071068e-01 7.071068e-01
    outer loop
      vertex   2.368842e+01 -1.131626e+02 1.668811e+02
      vertex   4.912421e+01 -1.121626e+02 1.658811e+02
      vertex   2.368842e+01 -1.121626e+02 1.658811e+02
    endloop
  endfacet
  facet normal -0.000000e+00 7.071068e-01 7.071068e-01
    outer loop
      vertex   9.953842e+01 -1.131626e+02 1.668811e+02
      vertex   1.253884e+02 -1.131626e+02 1.668811e+02
      vertex   9.995264e+01 -1.121626e+02 1.658811e+02
    endloop
  endfacet
  facet normal -0.000000e+00 7.071068e-01 7.071068e-01
    outer loop
      vertex   9.995264e+01 -1.121626e+02 1.658811e+02
      vertex   1.253884e+02 -1.131626e+02 1.668811e+02
      vertex   1.253884e+02 -1.121626e+02 1.658811e+02
    endloop
  endfacet
  facet normal -0.000000e+00 0.000000e+00 1.000000e+00
    outer loop
      vertex   9.953842e+01 -1.131626e+02 1.668811e+02
      vertex   9.953842e+01 -1.141626e+02 1.668811e+02
      vertex   1.253884e+02 -1.131626e+02 1.668811e+02
    endloop
  endfacet
  facet normal 0.000000e+00 0.000000e+00 1.000000e+00
    outer loop
      vertex   1.253884e+02 -1.131626e+02 1.668811e+02
      vertex   9.953842e+01 -1.141626e+02 1.668811e+02
      vertex   1.253884e+02 -1.141626e+02 1.668811e+02
    endloop
  endfacet
  facet normal 0.000000e+00 0.000000e+00 1.000000e+00
    outer loop
      vertex   1.253884e+02 -1.131626e+02 1.668811e+02
      vertex   1.253884e+02 -1.141626e+02 1.668811e+02
      vertex   1.262785e+02 -1.140623e+02 1.668811e+02
    endloop
  endfacet
  facet normal -0.000000e+00 0.000000e+00 1.000000e+00
    outer loop
      vertex   1.253884e+02 -1.131626e+02 1.668811e+02
      vertex   1.262785e+02 -1.140623e+02 1.668811e+02
      vertex   1.261649e+02 -1.130604e+02 1.668811e+02
    endloop
  endfacet
  facet normal 0.000000e+00 0.000000e+00 1.000000e+00
    outer loop
      vertex   1.261649e+02 -1.130604e+02 1.668811e+02
      vertex   1.262785e+02 -1.140623e+02 1.668811e+02
      vertex   1.271240e+02 -1.137665e+02 1.668811e+02
    endloop
  endfacet
  facet normal -0.000000e+00 0.000000e+00 1.000000e+00
    outer loop
      vertex   1.261649e+02 -1.130604e+02 1.668811e+02
      vertex   1.271240e+02 -1.137665e+02 1.668811e+02
      vertex   1.268884e+02 -1.127607e+02 1.668811e+02
    endloop
  endfacet
  facet normal 0.000000e+00 0.000000e+00 1.000000e+00
    outer loop
      vertex   1.268884e+02 -1.127607e+02 1.668811e+02
      vertex   1.271240e+02 -1.137665e+02 1.668811e+02
      vertex   1.278824e+02 -1.132899e+02 1.668811e+02
    endloop
  endfacet
  facet normal -0.000000e+00 0.000000e+00 1.000000e+00
    outer loop
      vertex   1.268884e+02 -1.127607e+02 1.668811e+02
      vertex   1.278824e+02 -1.132899e+02 1.668811e+02
      vertex   1.285157e+02 -1.126565e+02 1.668811e+02
    endloop
  endfacet
  facet normal 0.000000e+00 0.000000e+00 1.000000e+00
    outer loop
      vertex   1.268884e+02 -1.127607e+02 1.668811e+02
      vertex   1.285157e+02 -1.126565e+02 1.668811e+02
      vertex   1.275097e+02 -1.122839e+02 1.668811e+02
    endloop
  endfacet
  facet normal -0.000000e+00 0.000000e+00 1.000000e+00
    outer loop
      vertex   1.275097e+02 -1.122839e+02 1.668811e+02
      vertex   1.285157e+02 -1.126565e+02 1.668811e+02
      vertex   1.289923e+02 -1.118981e+02 1.668811e+02
    endloop
  endfacet
  facet normal 0.000000e+00 0.000000e+00 1.000000e+00
    outer loop
      vertex   1.275097e+02 -1.122839e+02 1.668811e+02
      vertex   1.289923e+02 -1.118981e+02 1.668811e+02
      vertex   1.279865e+02 -1.116626e+02 1.668811e+02
    endloop
  endfacet
  facet normal -0.000000e+00 0.000000e+00 1.000000e+00
    outer loop
      vertex   1.279865e+02 -1.116626e+02 1.668811e+02
      vertex   1.289923e+02 -1.118981e+02 1.668811e+02
      vertex   1.292881e+02 -1.110527e+02 1.668811e+02
    endloop
  endfacet
  facet normal 0.000000e+00 0.000000e+00 1.000000e+00
    outer loop
      vertex   1.279865e+02 -1.116626e+02 1.668811e+02
      vertex   1.292881e+02 -1.110527e+02 1.668811e+02
      vertex   1.282862e+02 -1.109390e+02 1.668811e+02
    endloop
  endfacet
  facet normal -0.000000e+00 0.000000e+00 1.000000e+00
    outer loop
      vertex   1.282862e+02 -1.109390e+02 1.668811e+02
      vertex   1.292881e+02 -1.110527e+02 1.668811e+02
      vertex   1.293884e+02 -1.101626e+02 1.668811e+02
    endloop
  endfacet
  facet normal 0.000000e+00 0.000000e+00 1.000000e+00
    outer loop
      vertex   1.282862e+02 -1.109390e+02 1.668811e+02
      vertex   1.293884e+02 -1.101626e+02 1.668811e+02
      vertex   1.283884e+02 -1.101626e+02 1.668811e+02
    endloop
  endfacet
  facet normal 0.000000e+00 0.000000e+00 1.000000e+00
    outer loop
      vertex   1.283884e+02 -1.101626e+02 1.668811e+02
      vertex   1.293884e+02 -1.101626e+02 1.668811e+02
      vertex   1.293884e+02 -5.516258e+01 1.668811e+02
    endloop
  endfacet
  facet normal 0.000000e+00 0.000000e+00 1.000000e+00
    outer loop
      vertex   1.283884e+02 -1.101626e+02 1.668811e+02
      vertex   1.293884e+02 -5.516258e+01 1.668811e+02
      vertex   1.283884e+02 -5.516258e+01 1.668811e+02
    endloop
  endfacet
  facet normal 0.000000e+00 -0.000000e+00 1.000000e+00
    outer loop
      vertex   1.283884e+02 -5.516258e+01 1.668811e+02
      vertex   1.293884e+02 -5.516258e+01 1.668811e+02
      vertex   1.282862e+02 -5.438613e+01 1.668811e+02
    endloop
  endfacet
  facet normal -0.000000e+00 0.000000e+00 1.000000e+00
    outer loop
      vertex   1.282862e+02 -5.438613e+01 1.668811e+02
      vertex   1.293884e+02 -5.516258e+01 1.668811e+02
      vertex   1.292881e+02 -5.427250e+01 1.668811e+02
    endloop
  endfacet
  facet normal 0.000000e+00 -0.000000e+00 1.000000e+00
    outer loop
      vertex   1.282862e+02 -5.438613e+01 1.668811e+02
      vertex   1.292881e+02 -5.427250e+01 1.668811e+02
      vertex   1.279865e+02 -5.366258e+01 1.668811e+02
    endloop
  endfacet
  facet normal -0.000000e+00 0.000000e+00 1.000000e+00
    outer loop
      vertex   1.279865e+02 -5.366258e+01 1.668811e+02
      vertex   1.292881e+02 -5.427250e+01 1.668811e+02
      vertex   1.289923e+02 -5.342705e+01 1.668811e+02
    endloop
  endfacet
  facet normal 0.000000e+00 -0.000000e+00 1.000000e+00
    outer loop
      vertex   1.279865e+02 -5.366258e+01 1.668811e+02
      vertex   1.289923e+02 -5.342705e+01 1.668811e+02
      vertex   1.275097e+02 -5.304126e+01 1.668811e+02
    endloop
  endfacet
  facet normal -0.000000e+00 0.000000e+00 1.000000e+00
    outer loop
      vertex   1.275097e+02 -5.304126e+01 1.668811e+02
      vertex   1.289923e+02 -5.342705e+01 1.668811e+02
      vertex   1.285157e+02 -5.266863e+01 1.668811e+02
    endloop
  endfacet
  facet normal 0.000000e+00 -0.000000e+00 1.000000e+00
    outer loop
      vertex   1.275097e+02 -5.304126e+01 1.668811e+02
      vertex   1.285157e+02 -5.266863e+01 1.668811e+02
      vertex   1.268884e+02 -5.256451e+01 1.668811e+02
    endloop
  endfacet
  facet normal -0.000000e+00 0.000000e+00 1.000000e+00
    outer loop
      vertex   1.268884e+02 -5.256451e+01 1.668811e+02
      vertex   1.285157e+02 -5.266863e+01 1.668811e+02
      vertex   1.278824e+02 -5.203526e+01 1.668811e+02
    endloop
  endfacet
  facet normal 0.000000e+00 0.000000e+00 1.000000e+00
    outer loop
      vertex   1.268884e+02 -5.256451e+01 1.668811e+02
      vertex   1.278824e+02 -5.203526e+01 1.668811e+02
      vertex   1.271240e+02 -5.155871e+01 1.668811e+02
    endloop
  endfacet
  facet normal 0.000000e+00 -0.000000e+00 1.000000e+00
    outer loop
      vertex   1.268884e+02 -5.256451e+01 1.668811e+02
      vertex   1.271240e+02 -5.155871e+01 1.668811e+02
      vertex   1.261649e+02 -5.226481e+01 1.668811e+02
    endloop
  endfacet
  facet normal 0.000000e+00 0.000000e+00 1.000000e+00
    outer loop
      vertex   1.261649e+02 -5.226481e+01 1.668811e+02
      vertex   1.271240e+02 -5.155871e+01 1.668811e+02
      vertex   1.262785e+02 -5.126287e+01 1.668811e+02
    endloop
  endfacet
  facet normal 0.000000e+00 -0.000000e+00 1.000000e+00
    outer loop
      vertex   1.261649e+02 -5.226481e+01 1.668811e+02
      vertex   1.262785e+02 -5.126287e+01 1.668811e+02
      vertex   1.253884e+02 -5.216258e+01 1.668811e+02
    endloop
  endfacet
  facet normal 0.000000e+00 0.000000e+00 1.000000e+00
    outer loop
      vertex   1.253884e+02 -5.216258e+01 1.668811e+02
      vertex   1.262785e+02 -5.126287e+01 1.668811e+02
      vertex   1.253884e+02 -5.116258e+01 1.668811e+02
    endloop
  endfacet
  facet normal 0.000000e+00 -0.000000e+00 1.000000e+00
    outer loop
      vertex   1.253884e+02 -5.216258e+01 1.668811e+02
      vertex   1.253884e+02 -5.116258e+01 1.668811e+02
      vertex   2.368842e+01 -5.216258e+01 1.668811e+02
    endloop
  endfacet
  facet normal 0.000000e+00 0.000000e+00 1.000000e+00
    outer loop
      vertex   2.368842e+01 -5.216258e+01 1.668811e+02
      vertex   1.253884e+02 -5.116258e+01 1.668811e+02
      vertex   2.368842e+01 -5.116258e+01 1.668811e+02
    endloop
  endfacet
  facet normal 0.000000e+00 -0.000000e+00 1.000000e+00
    outer loop
      vertex   2.368842e+01 -5.216258e+01 1.668811e+02
      vertex   2.368842e+01 -5.116258e+01 1.668811e+02
      vertex   2.279834e+01 -5.126287e+01 1.668811e+02
    endloop
  endfacet
  facet normal 0.000000e+00 0.000000e+00 1.000000e+00
    outer loop
      vertex   2.368842e+01 -5.216258e+01 1.668811e+02
      vertex   2.279834e+01 -5.126287e+01 1.668811e+02
      vertex   2.291197e+01 -5.226481e+01 1.668811e+02
    endloop
  endfacet
  facet normal 0.000000e+00 0.000000e+00 1.000000e+00
    outer loop
      vertex   2.291197e+01 -5.226481e+01 1.668811e+02
      vertex   2.279834e+01 -5.126287e+01 1.668811e+02
      vertex   2.195289e+01 -5.155871e+01 1.668811e+02
    endloop
  endfacet
  facet normal 0.000000e+00 0.000000e+00 1.000000e+00
    outer loop
      vertex   2.291197e+01 -5.226481e+01 1.668811e+02
      vertex   2.195289e+01 -5.155871e+01 1.668811e+02
      vertex   2.218842e+01 -5.256451e+01 1.668811e+02
    endloop
  endfacet
  facet normal 0.000000e+00 0.000000e+00 1.000000e+00
    outer loop
      vertex   2.218842e+01 -5.256451e+01 1.668811e+02
      vertex   2.195289e+01 -5.155871e+01 1.668811e+02
      vertex   2.119446e+01 -5.203526e+01 1.668811e+02
    endloop
  endfacet
  facet normal 0.000000e+00 0.000000e+00 1.000000e+00
    outer loop
      vertex   2.218842e+01 -5.256451e+01 1.668811e+02
      vertex   2.119446e+01 -5.203526e+01 1.668811e+02
      vertex   2.056110e+01 -5.266863e+01 1.668811e+02
    endloop
  endfacet
  facet normal 0.000000e+00 0.000000e+00 1.000000e+00
    outer loop
      vertex   2.218842e+01 -5.256451e+01 1.668811e+02
      vertex   2.056110e+01 -5.266863e+01 1.668811e+02
      vertex   2.156710e+01 -5.304126e+01 1.668811e+02
    endloop
  endfacet
  facet normal 0.000000e+00 0.000000e+00 1.000000e+00
    outer loop
      vertex   2.156710e+01 -5.304126e+01 1.668811e+02
      vertex   2.056110e+01 -5.266863e+01 1.668811e+02
      vertex   2.008455e+01 -5.342705e+01 1.668811e+02
    endloop
  endfacet
  facet normal 0.000000e+00 0.000000e+00 1.000000e+00
    outer loop
      vertex   2.156710e+01 -5.304126e+01 1.668811e+02
      vertex   2.008455e+01 -5.342705e+01 1.668811e+02
      vertex   2.109035e+01 -5.366258e+01 1.668811e+02
    endloop
  endfacet
  facet normal 0.000000e+00 0.000000e+00 1.000000e+00
    outer loop
      vertex   2.109035e+01 -5.366258e+01 1.668811e+02
      vertex   2.008455e+01 -5.342705e+01 1.668811e+02
      vertex   1.978871e+01 -5.427250e+01 1.668811e+02
    endloop
  endfacet
  facet normal 0.000000e+00 0.000000e+00 1.000000e+00
    outer loop
      vertex   2.109035e+01 -5.366258e+01 1.668811e+02
      vertex   1.978871e+01 -5.427250e+01 1.668811e+02
      vertex   2.079064e+01 -5.438613e+01 1.668811e+02
    endloop
  endfacet
  facet normal 0.000000e+00 0.000000e+00 1.000000e+00
    outer loop
      vertex   2.079064e+01 -5.438613e+01 1.668811e+02
      vertex   1.978871e+01 -5.427250e+01 1.668811e+02
      vertex   1.968842e+01 -5.516258e+01 1.668811e+02
    endloop
  endfacet
  facet normal 0.000000e+00 0.000000e+00 1.000000e+00
    outer loop
      vertex   2.079064e+01 -5.438613e+01 1.668811e+02
      vertex   1.968842e+01 -5.516258e+01 1.668811e+02
      vertex   2.068842e+01 -5.516258e+01 1.668811e+02
    endloop
  endfacet
  facet normal 0.000000e+00 0.000000e+00 1.000000e+00
    outer loop
      vertex   2.068842e+01 -5.516258e+01 1.668811e+02
      vertex   1.968842e+01 -5.516258e+01 1.668811e+02
      vertex   1.968842e+01 -1.101626e+02 1.668811e+02
    endloop
  endfacet
  facet normal 0.000000e+00 0.000000e+00 1.000000e+00
    outer loop
      vertex   2.068842e+01 -5.516258e+01 1.668811e+02
      vertex   1.968842e+01 -1.101626e+02 1.668811e+02
      vertex   2.068842e+01 -1.101626e+02 1.668811e+02
    endloop
  endfacet
  facet normal 0.000000e+00 0.000000e+00 1.000000e+00
    outer loop
      vertex   2.068842e+01 -1.101626e+02 1.668811e+02
      vertex   1.968842e+01 -1.101626e+02 1.668811e+02
      vertex   2.079064e+01 -1.109390e+02 1.668811e+02
    endloop
  endfacet
  facet normal 0.000000e+00 0.000000e+00 1.000000e+00
    outer loop
      vertex   2.079064e+01 -1.109390e+02 1.668811e+02
      vertex   1.968842e+01 -1.101626e+02 1.668811e+02
      vertex   1.978871e+01 -1.110527e+02 1.668811e+02
    endloop
  endfacet
  facet normal 0.000000e+00 0.000000e+00 1.000000e+00
    outer loop
      vertex   2.079064e+01 -1.109390e+02 1.668811e+02
      vertex   1.978871e+01 -1.110527e+02 1.668811e+02
      vertex   2.109035e+01 -1.116626e+02 1.668811e+02
    endloop
  endfacet
  facet normal 0.000000e+00 0.000000e+00 1.000000e+00
    outer loop
      vertex   2.109035e+01 -1.116626e+02 1.668811e+02
      vertex   1.978871e+01 -1.110527e+02 1.668811e+02
      vertex   2.008455e+01 -1.118981e+02 1.668811e+02
    endloop
  endfacet
  facet normal 0.000000e+00 0.000000e+00 1.000000e+00
    outer loop
      vertex   2.109035e+01 -1.116626e+02 1.668811e+02
      vertex   2.008455e+01 -1.118981e+02 1.668811e+02
      vertex   2.156710e+01 -1.122839e+02 1.668811e+02
    endloop
  endfacet
  facet normal 0.000000e+00 0.000000e+00 1.000000e+00
    outer loop
      vertex   2.156710e+01 -1.122839e+02 1.668811e+02
      vertex   2.008455e+01 -1.118981e+02 1.668811e+02
      vertex   2.056110e+01 -1.126565e+02 1.668811e+02
    endloop
  endfacet
  facet normal 0.000000e+00 0.000000e+00 1.000000e+00
    outer loop
      vertex   2.156710e+01 -1.122839e+02 1.668811e+02
      vertex   2.056110e+01 -1.126565e+02 1.668811e+02
      vertex   2.218842e+01 -1.127607e+02 1.668811e+02
    endloop
  endfacet
  facet normal 0.000000e+00 0.000000e+00 1.000000e+00
    outer loop
      vertex   2.218842e+01 -1.127607e+02 1.668811e+02
      vertex   2.056110e+01 -1.126565e+02 1.668811e+02
      vertex   2.119446e+01 -1.132899e+02 1.668811e+02
    endloop
  endfacet
  facet normal 0.000000e+00 0.000000e+00 1.000000e+00
    outer loop
      vertex   2.218842e+01 -1.127607e+02 1.668811e+02
      vertex   2.119446e+01 -1.132899e+02 1.668811e+02
      vertex   2.195289e+01 -1.137665e+02 1.668811e+02
    endloop
  endfacet
  facet normal 0.000000e+00 0.000000e+00 1.000000e+00
    outer loop
      vertex   2.218842e+01 -1.127607e+02 1.668811e+02
      vertex   2.195289e+01 -1.137665e+02 1.668811e+02
      vertex   2.291197e+01 -1.130604e+02 1.668811e+02
    endloop
  endfacet
  facet normal 0.000000e+00 0.000000e+00 1.000000e+00
    outer loop
      vertex   2.291197e+01 -1.130604e+02 1.668811e+02
      vertex   2.195289e+01 -1.137665e+02 1.668811e+02
      vertex   2.279834e+01 -1.140623e+02 1.668811e+02
    endloop
  endfacet
  facet normal 0.000000e+00 0.000000e+00 1.000000e+00
    outer loop
      vertex   2.291197e+01 -1.130604e+02 1.668811e+02
      vertex   2.279834e+01 -1.140623e+02 1.668811e+02
      vertex   2.368842e+01 -1.131626e+02 1.668811e+02
    endloop
  endfacet
  facet normal 0.000000e+00 0.000000e+00 1.000000e+00
    outer loop
      vertex   2.368842e+01 -1.131626e+02 1.668811e+02
      vertex   2.279834e+01 -1.140623e+02 1.668811e+02
      vertex   2.368842e+01 -1.141626e+02 1.668811e+02
    endloop
  endfacet
  facet normal -0.000000e+00 0.000000e+00 1.000000e+00
    outer loop
      vertex   2.368842e+01 -1.131626e+02 1.668811e+02
      vertex   2.368842e+01 -1.141626e+02 1.668811e+02
      vertex   4.953842e+01 -1.131626e+02 1.668811e+02
    endloop
  endfacet
  facet normal 0.000000e+00 0.000000e+00 1.000000e+00
    outer loop
      vertex   4.953842e+01 -1.131626e+02 1.668811e+02
      vertex   2.368842e+01 -1.141626e+02 1.668811e+02
      vertex   4.953842e+01 -1.141626e+02 1.668811e+02
    endloop
  endfacet
  facet normal 0.000000e+00 -1.000000e+00 -0.000000e+00
    outer loop
      vertex   9.953842e+01 -1.141626e+02 1.668811e+02
      vertex   8.953842e+01 -1.141626e+02 1.568811e+02
      vertex   1.253884e+02 -1.141626e+02 1.668811e+02
    endloop
  endfacet
  facet normal 0.000000e+00 -1.000000e+00 -0.000000e+00
    outer loop
      vertex   1.253884e+02 -1.141626e+02 1.668811e+02
      vertex   8.953842e+01 -1.141626e+02 1.568811e+02
      vertex   1.253884e+02 -1.141626e+02 1.988107e+01
    endloop
  endfacet
  facet normal 0.000000e+00 -1.000000e+00 0.000000e+00
    outer loop
      vertex   1.253884e+02 -1.141626e+02 1.988107e+01
      vertex   8.953842e+01 -1.141626e+02 1.568811e+02
      vertex   5.953842e+01 -1.141626e+02 1.568811e+02
    endloop
  endfacet
  facet normal 0.000000e+00 -1.000000e+00 0.000000e+00
    outer loop
      vertex   1.253884e+02 -1.141626e+02 1.988107e+01
      vertex   5.953842e+01 -1.141626e+02 1.568811e+02
      vertex   2.368842e+01 -1.141626e+02 1.988107e+01
    endloop
  endfacet
  facet normal 0.000000e+00 -1.000000e+00 0.000000e+00
    outer loop
      vertex   2.368842e+01 -1.141626e+02 1.988107e+01
      vertex   5.953842e+01 -1.141626e+02 1.568811e+02
      vertex   2.368842e+01 -1.141626e+02 1.668811e+02
    endloop
  endfacet
  facet normal 0.000000e+00 -1.000000e+00 0.000000e+00
    outer loop
      vertex   2.368842e+01 -1.141626e+02 1.668811e+02
      vertex   5.953842e+01 -1.141626e+02 1.568811e+02
      vertex   4.953842e+01 -1.141626e+02 1.668811e+02
    endloop
  endfacet
  facet normal -0.000000e+00 -9.976532e-01 -6.846937e-02
    outer loop
      vertex   1.132884e+02 -5.516258e+01 1.424040e+02
      vertex   5.328842e+01 -5.516258e+01 1.424040e+02
      vertex   8.328842e+01 -5.505007e+01 1.407646e+02
    endloop
  endfacet
  facet normal -2.362917e-16 -9.976532e-01 -6.846937e-02
    outer loop
      vertex   8.328842e+01 -5.505007e+01 1.407646e+02
      vertex   5.328842e+01 -5.516258e+01 1.424040e+02
      vertex   5.328842e+01 -5.505007e+01 1.407646e+02
    endloop
  endfacet
  facet normal -2.318608e-16 -9.789450e-01 -2.041241e-01
    outer loop
      vertex   8.328842e+01 -5.505007e+01 1.407646e+02
      vertex   5.328842e+01 -5.505007e+01 1.407646e+02
      vertex   8.328842e+01 -5.471464e+01 1.391559e+02
    endloop
  endfacet
  facet normal -1.933852e-16 -9.789450e-01 -2.041241e-01
    outer loop
      vertex   8.328842e+01 -5.471464e+01 1.391559e+02
      vertex   5.328842e+01 -5.505007e+01 1.407646e+02
      vertex   5.328842e+01 -5.471464e+01 1.391559e+02
    endloop
  endfacet
  facet normal -3.182769e-16 -9.418794e-01 -3.359511e-01
    outer loop
      vertex   8.328842e+01 -5.471464e+01 1.391559e+02
      vertex   5.328842e+01 -5.471464e+01 1.391559e+02
      vertex   5.328842e+01 -5.416258e+01 1.376082e+02
    endloop
  endfacet
  facet normal 0.000000e+00 -9.418794e-01 -3.359511e-01
    outer loop
      vertex   5.328842e+01 -5.416258e+01 1.376082e+02
      vertex   1.132884e+02 -5.416258e+01 1.376082e+02
      vertex   8.328842e+01 -5.471464e+01 1.391559e+02
    endloop
  endfacet
  facet normal -2.230819e-16 -9.418794e-01 -3.359511e-01
    outer loop
      vertex   8.328842e+01 -5.471464e+01 1.391559e+02
      vertex   1.132884e+02 -5.416258e+01 1.376082e+02
      vertex   1.132884e+02 -5.471464e+01 1.391559e+02
    endloop
  endfacet
  facet normal -2.318608e-16 -9.789450e-01 -2.041241e-01
    outer loop
      vertex   8.328842e+01 -5.471464e+01 1.391559e+02
      vertex   1.132884e+02 -5.471464e+01 1.391559e+02
      vertex   8.328842e+01 -5.505007e+01 1.407646e+02
    endloop
  endfacet
  facet normal 0.000000e+00 -9.789450e-01 -2.041241e-01
    outer loop
      vertex   8.328842e+01 -5.505007e+01 1.407646e+02
      vertex   1.132884e+02 -5.471464e+01 1.391559e+02
      vertex   1.132884e+02 -5.505007e+01 1.407646e+02
    endloop
  endfacet
  facet normal 0.000000e+00 -9.976532e-01 -6.846937e-02
    outer loop
      vertex   8.328842e+01 -5.505007e+01 1.407646e+02
      vertex   1.132884e+02 -5.505007e+01 1.407646e+02
      vertex   1.132884e+02 -5.516258e+01 1.424040e+02
    endloop
  endfacet
  facet normal 2.543020e-02 -9.403191e-01 3.393425e-01
    outer loop
      vertex   1.149037e+02 -5.416258e+01 1.591619e+02
      vertex   1.132884e+02 -5.416258e+01 1.592830e+02
      vertex   1.143669e+02 -5.471464e+01 1.576724e+02
    endloop
  endfacet
  facet normal 1.956318e-02 -9.416992e-01 3.358869e-01
    outer loop
      vertex   1.143669e+02 -5.471464e+01 1.576724e+02
      vertex   1.132884e+02 -5.416258e+01 1.592830e+02
      vertex   1.132884e+02 -5.471464e+01 1.577352e+02
    endloop
  endfacet
  facet normal 1.188804e-02 -9.788758e-01 2.041097e-01
    outer loop
      vertex   1.143669e+02 -5.471464e+01 1.576724e+02
      vertex   1.132884e+02 -5.471464e+01 1.577352e+02
      vertex   1.132884e+02 -5.505007e+01 1.561266e+02
    endloop
  endfacet
  facet normal 1.188804e-02 -9.788758e-01 2.041097e-01
    outer loop
      vertex   1.143669e+02 -5.471464e+01 1.576724e+02
      vertex   1.132884e+02 -5.505007e+01 1.561266e+02
      vertex   1.141801e+02 -5.505007e+01 1.560746e+02
    endloop
  endfacet
  facet normal 3.987855e-03 -9.976453e-01 6.846882e-02
    outer loop
      vertex   1.141801e+02 -5.505007e+01 1.560746e+02
      vertex   1.132884e+02 -5.505007e+01 1.561266e+02
      vertex   1.132884e+02 -5.516258e+01 1.544872e+02
    endloop
  endfacet
  facet normal 6.599688e-03 -9.977306e-01 6.700776e-02
    outer loop
      vertex   1.141801e+02 -5.505007e+01 1.560746e+02
      vertex   1.132884e+02 -5.516258e+01 1.544872e+02
      vertex   1.144671e+02 -5.516258e+01 1.543711e+02
    endloop
  endfacet
  facet normal 1.966464e-02 -9.977028e-01 6.482564e-02
    outer loop
      vertex   1.156004e+02 -5.516258e+01 1.540273e+02
      vertex   1.159155e+02 -5.505007e+01 1.556633e+02
      vertex   1.144671e+02 -5.516258e+01 1.543711e+02
    endloop
  endfacet
  facet normal 1.947192e-02 -9.976926e-01 6.504076e-02
    outer loop
      vertex   1.144671e+02 -5.516258e+01 1.543711e+02
      vertex   1.159155e+02 -5.505007e+01 1.556633e+02
      vertex   1.150598e+02 -5.505007e+01 1.559195e+02
    endloop
  endfacet
  facet normal 1.197359e-02 -9.976199e-01 6.790562e-02
    outer loop
      vertex   1.144671e+02 -5.516258e+01 1.543711e+02
      vertex   1.150598e+02 -5.505007e+01 1.559195e+02
      vertex   1.141801e+02 -5.505007e+01 1.560746e+02
    endloop
  endfacet
  facet normal 3.550335e-02 -9.788758e-01 2.013495e-01
    outer loop
      vertex   1.141801e+02 -5.505007e+01 1.560746e+02
      vertex   1.150598e+02 -5.505007e+01 1.559195e+02
      vertex   1.154308e+02 -5.471464e+01 1.574848e+02
    endloop
  endfacet
  facet normal 3.550335e-02 -9.788758e-01 2.013495e-01
    outer loop
      vertex   1.141801e+02 -5.505007e+01 1.560746e+02
      vertex   1.154308e+02 -5.471464e+01 1.574848e+02
      vertex   1.143669e+02 -5.471464e+01 1.576724e+02
    endloop
  endfacet
  facet normal 5.792713e-02 -9.427186e-01 3.285211e-01
    outer loop
      vertex   1.143669e+02 -5.471464e+01 1.576724e+02
      vertex   1.154308e+02 -5.471464e+01 1.574848e+02
      vertex   1.149037e+02 -5.416258e+01 1.591619e+02
    endloop
  endfacet
  facet normal 2.732430e-02 -9.976176e-01 6.334485e-02
    outer loop
      vertex   1.159155e+02 -5.505007e+01 1.556633e+02
      vertex   1.156004e+02 -5.516258e+01 1.540273e+02
      vertex   1.167356e+02 -5.505007e+01 1.553096e+02
    endloop
  endfacet
  facet normal 3.176319e-02 -9.977273e-01 5.942474e-02
    outer loop
      vertex   1.167356e+02 -5.505007e+01 1.553096e+02
      vertex   1.156004e+02 -5.516258e+01 1.540273e+02
      vertex   1.166449e+02 -5.516258e+01 1.534690e+02
    endloop
  endfacet
  facet normal 3.423592e-02 -9.976530e-01 5.929835e-02
    outer loop
      vertex   1.167356e+02 -5.505007e+01 1.553096e+02
      vertex   1.166449e+02 -5.516258e+01 1.534690e+02
      vertex   1.175092e+02 -5.505007e+01 1.548630e+02
    endloop
  endfacet
  facet normal 4.101578e-02 -9.976384e-01 5.509375e-02
    outer loop
      vertex   1.175092e+02 -5.505007e+01 1.548630e+02
      vertex   1.166449e+02 -5.516258e+01 1.534690e+02
      vertex   1.182257e+02 -5.505007e+01 1.543296e+02
    endloop
  endfacet
  facet normal 1.220924e-01 -9.788758e-01 1.639986e-01
    outer loop
      vertex   1.175092e+02 -5.505007e+01 1.548630e+02
      vertex   1.182257e+02 -5.505007e+01 1.543296e+02
      vertex   1.192597e+02 -5.471464e+01 1.555619e+02
    endloop
  endfacet
  facet normal 1.403060e-01 -9.788758e-01 1.487156e-01
    outer loop
      vertex   1.192597e+02 -5.471464e+01 1.555619e+02
      vertex   1.182257e+02 -5.505007e+01 1.543296e+02
      vertex   1.200455e+02 -5.471464e+01 1.548205e+02
    endloop
  endfacet
  facet normal 2.285329e-01 -9.429194e-01 2.422307e-01
    outer loop
      vertex   1.192597e+02 -5.471464e+01 1.555619e+02
      vertex   1.200455e+02 -5.471464e+01 1.548205e+02
      vertex   1.206597e+02 -5.416258e+01 1.563900e+02
    endloop
  endfacet
  facet normal 2.505710e-01 -9.397658e-01 2.324959e-01
    outer loop
      vertex   1.206597e+02 -5.416258e+01 1.563900e+02
      vertex   1.200455e+02 -5.471464e+01 1.548205e+02
      vertex   1.217615e+02 -5.416258e+01 1.552026e+02
    endloop
  endfacet
  facet normal 2.555440e-01 -9.427186e-01 2.144269e-01
    outer loop
      vertex   1.217615e+02 -5.416258e+01 1.552026e+02
      vertex   1.200455e+02 -5.471464e+01 1.548205e+02
      vertex   1.207399e+02 -5.471464e+01 1.539930e+02
    endloop
  endfacet
  facet normal 2.811641e-01 -9.403191e-01 1.916944e-01
    outer loop
      vertex   1.217615e+02 -5.416258e+01 1.552026e+02
      vertex   1.207399e+02 -5.471464e+01 1.539930e+02
      vertex   1.226739e+02 -5.416258e+01 1.538643e+02
    endloop
  endfacet
  facet normal 2.811050e-01 -9.416992e-01 1.848856e-01
    outer loop
      vertex   1.226739e+02 -5.416258e+01 1.538643e+02
      vertex   1.207399e+02 -5.471464e+01 1.539930e+02
      vertex   1.213335e+02 -5.471464e+01 1.530904e+02
    endloop
  endfacet
  facet normal 3.006681e-01 -9.416992e-01 1.510012e-01
    outer loop
      vertex   1.226739e+02 -5.416258e+01 1.538643e+02
      vertex   1.213335e+02 -5.471464e+01 1.530904e+02
      vertex   1.218183e+02 -5.471464e+01 1.521250e+02
    endloop
  endfacet
  facet normal 1.827082e-01 -9.788758e-01 9.175952e-02
    outer loop
      vertex   1.218183e+02 -5.471464e+01 1.521250e+02
      vertex   1.213335e+02 -5.471464e+01 1.530904e+02
      vertex   1.199404e+02 -5.505007e+01 1.522861e+02
    endloop
  endfacet
  facet normal 1.827082e-01 -9.788758e-01 9.175952e-02
    outer loop
      vertex   1.218183e+02 -5.471464e+01 1.521250e+02
      vertex   1.199404e+02 -5.505007e+01 1.522861e+02
      vertex   1.203412e+02 -5.505007e+01 1.514879e+02
    endloop
  endfacet
  facet normal 6.107621e-02 -9.976617e-01 3.067362e-02
    outer loop
      vertex   1.203412e+02 -5.505007e+01 1.514879e+02
      vertex   1.199404e+02 -5.505007e+01 1.522861e+02
      vertex   1.188701e+02 -5.516258e+01 1.507576e+02
    endloop
  endfacet
  facet normal 6.462440e-02 -9.976324e-01 2.352136e-02
    outer loop
      vertex   1.203412e+02 -5.505007e+01 1.514879e+02
      vertex   1.188701e+02 -5.516258e+01 1.507576e+02
      vertex   1.206467e+02 -5.505007e+01 1.506485e+02
    endloop
  endfacet
  facet normal 6.438584e-02 -9.977339e-01 1.953123e-02
    outer loop
      vertex   1.206467e+02 -5.505007e+01 1.506485e+02
      vertex   1.188701e+02 -5.516258e+01 1.507576e+02
      vertex   1.192139e+02 -5.516258e+01 1.496242e+02
    endloop
  endfacet
  facet normal 6.698986e-02 -9.976273e-01 1.587689e-02
    outer loop
      vertex   1.206467e+02 -5.505007e+01 1.506485e+02
      vertex   1.192139e+02 -5.516258e+01 1.496242e+02
      vertex   1.208527e+02 -5.505007e+01 1.497794e+02
    endloop
  endfacet
  facet normal 6.774625e-02 -9.976712e-01 7.918401e-03
    outer loop
      vertex   1.208527e+02 -5.505007e+01 1.497794e+02
      vertex   1.192139e+02 -5.516258e+01 1.496242e+02
      vertex   1.209564e+02 -5.505007e+01 1.488922e+02
    endloop
  endfacet
  facet normal 2.030732e-01 -9.788758e-01 2.373585e-02
    outer loop
      vertex   1.208527e+02 -5.505007e+01 1.497794e+02
      vertex   1.209564e+02 -5.505007e+01 1.488922e+02
      vertex   1.225624e+02 -5.471464e+01 1.489857e+02
    endloop
  endfacet
  facet normal 2.044556e-01 -9.788758e-01 0.000000e+00
    outer loop
      vertex   1.225624e+02 -5.471464e+01 1.489857e+02
      vertex   1.209564e+02 -5.505007e+01 1.488922e+02
      vertex   1.225624e+02 -5.471464e+01 1.479054e+02
    endloop
  endfacet
  facet normal 3.387822e-01 -9.408648e-01 0.000000e+00
    outer loop
      vertex   1.225624e+02 -5.471464e+01 1.489857e+02
      vertex   1.225624e+02 -5.471464e+01 1.479054e+02
      vertex   1.240955e+02 -5.416258e+01 1.492555e+02
    endloop
  endfacet
  facet normal 3.387822e-01 -9.408648e-01 0.000000e+00
    outer loop
      vertex   1.240955e+02 -5.416258e+01 1.492555e+02
      vertex   1.225624e+02 -5.471464e+01 1.479054e+02
      vertex   1.240955e+02 -5.416258e+01 1.476357e+02
    endloop
  endfacet
  facet normal 3.324672e-01 -9.423139e-01 -3.885984e-02
    outer loop
      vertex   1.240955e+02 -5.416258e+01 1.476357e+02
      vertex   1.225624e+02 -5.471464e+01 1.479054e+02
      vertex   1.224370e+02 -5.471464e+01 1.468324e+02
    endloop
  endfacet
  facet normal 3.374970e-01 -9.399511e-01 -5.086949e-02
    outer loop
      vertex   1.240955e+02 -5.416258e+01 1.476357e+02
      vertex   1.224370e+02 -5.471464e+01 1.468324e+02
      vertex   1.238541e+02 -5.416258e+01 1.460340e+02
    endloop
  endfacet
  facet normal 3.240444e-01 -9.429194e-01 -7.679992e-02
    outer loop
      vertex   1.238541e+02 -5.416258e+01 1.460340e+02
      vertex   1.224370e+02 -5.471464e+01 1.468324e+02
      vertex   1.221878e+02 -5.471464e+01 1.457813e+02
    endloop
  endfacet
  facet normal 3.266329e-01 -9.397658e-01 -1.007529e-01
    outer loop
      vertex   1.238541e+02 -5.416258e+01 1.460340e+02
      vertex   1.221878e+02 -5.471464e+01 1.457813e+02
      vertex   1.233767e+02 -5.416258e+01 1.444862e+02
    endloop
  endfacet
  facet normal 3.134712e-01 -9.427186e-01 -1.140942e-01
    outer loop
      vertex   1.233767e+02 -5.416258e+01 1.444862e+02
      vertex   1.221878e+02 -5.471464e+01 1.457813e+02
      vertex   1.218183e+02 -5.471464e+01 1.447661e+02
    endloop
  endfacet
  facet normal 3.065943e-01 -9.403191e-01 -1.476480e-01
    outer loop
      vertex   1.233767e+02 -5.416258e+01 1.444862e+02
      vertex   1.218183e+02 -5.471464e+01 1.447661e+02
      vertex   1.226739e+02 -5.416258e+01 1.430269e+02
    endloop
  endfacet
  facet normal 3.006681e-01 -9.416992e-01 -1.510012e-01
    outer loop
      vertex   1.226739e+02 -5.416258e+01 1.430269e+02
      vertex   1.218183e+02 -5.471464e+01 1.447661e+02
      vertex   1.213335e+02 -5.471464e+01 1.438007e+02
    endloop
  endfacet
  facet normal 2.811050e-01 -9.416992e-01 -1.848856e-01
    outer loop
      vertex   1.226739e+02 -5.416258e+01 1.430269e+02
      vertex   1.213335e+02 -5.471464e+01 1.438007e+02
      vertex   1.207399e+02 -5.471464e+01 1.428982e+02
    endloop
  endfacet
  facet normal 1.708202e-01 -9.788758e-01 -1.123502e-01
    outer loop
      vertex   1.207399e+02 -5.471464e+01 1.428982e+02
      vertex   1.213335e+02 -5.471464e+01 1.438007e+02
      vertex   1.199404e+02 -5.505007e+01 1.446051e+02
    endloop
  endfacet
  facet normal 1.708202e-01 -9.788758e-01 -1.123502e-01
    outer loop
      vertex   1.207399e+02 -5.471464e+01 1.428982e+02
      vertex   1.199404e+02 -5.505007e+01 1.446051e+02
      vertex   1.194495e+02 -5.505007e+01 1.438588e+02
    endloop
  endfacet
  facet normal 5.765459e-02 -9.976162e-01 -3.792002e-02
    outer loop
      vertex   1.194495e+02 -5.505007e+01 1.438588e+02
      vertex   1.199404e+02 -5.505007e+01 1.446051e+02
      vertex   1.183118e+02 -5.516258e+01 1.450890e+02
    endloop
  endfacet
  facet normal 5.227650e-02 -9.977107e-01 -4.290221e-02
    outer loop
      vertex   1.194495e+02 -5.505007e+01 1.438588e+02
      vertex   1.183118e+02 -5.516258e+01 1.450890e+02
      vertex   1.175605e+02 -5.516258e+01 1.441735e+02
    endloop
  endfacet
  facet normal 4.269425e-02 -9.977328e-01 5.202309e-02
    outer loop
      vertex   1.166449e+02 -5.516258e+01 1.534690e+02
      vertex   1.175605e+02 -5.516258e+01 1.527176e+02
      vertex   1.182257e+02 -5.505007e+01 1.543296e+02
    endloop
  endfacet
  facet normal 4.728621e-02 -9.976232e-01 5.012046e-02
    outer loop
      vertex   1.182257e+02 -5.505007e+01 1.543296e+02
      vertex   1.175605e+02 -5.516258e+01 1.527176e+02
      vertex   1.188754e+02 -5.505007e+01 1.537166e+02
    endloop
  endfacet
  facet normal 1.403060e-01 -9.788758e-01 1.487156e-01
    outer loop
      vertex   1.182257e+02 -5.505007e+01 1.543296e+02
      vertex   1.188754e+02 -5.505007e+01 1.537166e+02
      vertex   1.200455e+02 -5.471464e+01 1.548205e+02
    endloop
  endfacet
  facet normal 1.566221e-01 -9.788758e-01 1.314215e-01
    outer loop
      vertex   1.200455e+02 -5.471464e+01 1.548205e+02
      vertex   1.188754e+02 -5.505007e+01 1.537166e+02
      vertex   1.207399e+02 -5.471464e+01 1.539930e+02
    endloop
  endfacet
  facet normal 5.213421e-02 -9.976815e-01 4.374580e-02
    outer loop
      vertex   1.188754e+02 -5.505007e+01 1.537166e+02
      vertex   1.175605e+02 -5.516258e+01 1.527176e+02
      vertex   1.194495e+02 -5.505007e+01 1.530323e+02
    endloop
  endfacet
  facet normal 5.227650e-02 -9.977107e-01 4.290221e-02
    outer loop
      vertex   1.194495e+02 -5.505007e+01 1.530323e+02
      vertex   1.175605e+02 -5.516258e+01 1.527176e+02
      vertex   1.183118e+02 -5.516258e+01 1.518021e+02
    endloop
  endfacet
  facet normal 5.765459e-02 -9.976162e-01 3.792002e-02
    outer loop
      vertex   1.194495e+02 -5.505007e+01 1.530323e+02
      vertex   1.183118e+02 -5.516258e+01 1.518021e+02
      vertex   1.199404e+02 -5.505007e+01 1.522861e+02
    endloop
  endfacet
  facet normal 5.948248e-02 -9.977229e-01 3.179405e-02
    outer loop
      vertex   1.199404e+02 -5.505007e+01 1.522861e+02
      vertex   1.183118e+02 -5.516258e+01 1.518021e+02
      vertex   1.188701e+02 -5.516258e+01 1.507576e+02
    endloop
  endfacet
  facet normal 6.720332e-02 -9.977173e-01 6.618949e-03
    outer loop
      vertex   1.192139e+02 -5.516258e+01 1.496242e+02
      vertex   1.193300e+02 -5.516258e+01 1.484456e+02
      vertex   1.209564e+02 -5.505007e+01 1.488922e+02
    endloop
  endfacet
  facet normal 6.901384e-02 -9.976157e-01 0.000000e+00
    outer loop
      vertex   1.209564e+02 -5.505007e+01 1.488922e+02
      vertex   1.193300e+02 -5.516258e+01 1.484456e+02
      vertex   1.209564e+02 -5.505007e+01 1.479990e+02
    endloop
  endfacet
  facet normal 2.044556e-01 -9.788758e-01 0.000000e+00
    outer loop
      vertex   1.209564e+02 -5.505007e+01 1.488922e+02
      vertex   1.209564e+02 -5.505007e+01 1.479990e+02
      vertex   1.225624e+02 -5.471464e+01 1.479054e+02
    endloop
  endfacet
  facet normal 2.030732e-01 -9.788758e-01 -2.373585e-02
    outer loop
      vertex   1.225624e+02 -5.471464e+01 1.479054e+02
      vertex   1.209564e+02 -5.505007e+01 1.479990e+02
      vertex   1.224370e+02 -5.471464e+01 1.468324e+02
    endloop
  endfacet
  facet normal 6.720332e-02 -9.977173e-01 -6.618949e-03
    outer loop
      vertex   1.193300e+02 -5.516258e+01 1.484456e+02
      vertex   1.192139e+02 -5.516258e+01 1.472669e+02
      vertex   1.209564e+02 -5.505007e+01 1.479990e+02
    endloop
  endfacet
  facet normal 6.774625e-02 -9.976712e-01 -7.918401e-03
    outer loop
      vertex   1.209564e+02 -5.505007e+01 1.479990e+02
      vertex   1.192139e+02 -5.516258e+01 1.472669e+02
      vertex   1.208527e+02 -5.505007e+01 1.471118e+02
    endloop
  endfacet
  facet normal 2.030732e-01 -9.788758e-01 -2.373585e-02
    outer loop
      vertex   1.209564e+02 -5.505007e+01 1.479990e+02
      vertex   1.208527e+02 -5.505007e+01 1.471118e+02
      vertex   1.224370e+02 -5.471464e+01 1.468324e+02
    endloop
  endfacet
  facet normal 1.989445e-01 -9.788758e-01 -4.715071e-02
    outer loop
      vertex   1.224370e+02 -5.471464e+01 1.468324e+02
      vertex   1.208527e+02 -5.505007e+01 1.471118e+02
      vertex   1.221878e+02 -5.471464e+01 1.457813e+02
    endloop
  endfacet
  facet normal 6.698986e-02 -9.976273e-01 -1.587689e-02
    outer loop
      vertex   1.208527e+02 -5.505007e+01 1.471118e+02
      vertex   1.192139e+02 -5.516258e+01 1.472669e+02
      vertex   1.206467e+02 -5.505007e+01 1.462426e+02
    endloop
  endfacet
  facet normal 6.438584e-02 -9.977339e-01 -1.953123e-02
    outer loop
      vertex   1.206467e+02 -5.505007e+01 1.462426e+02
      vertex   1.192139e+02 -5.516258e+01 1.472669e+02
      vertex   1.188701e+02 -5.516258e+01 1.461336e+02
    endloop
  endfacet
  facet normal 6.462440e-02 -9.976324e-01 -2.352136e-02
    outer loop
      vertex   1.206467e+02 -5.505007e+01 1.462426e+02
      vertex   1.188701e+02 -5.516258e+01 1.461336e+02
      vertex   1.203412e+02 -5.505007e+01 1.454033e+02
    endloop
  endfacet
  facet normal 6.107621e-02 -9.976617e-01 -3.067362e-02
    outer loop
      vertex   1.203412e+02 -5.505007e+01 1.454033e+02
      vertex   1.188701e+02 -5.516258e+01 1.461336e+02
      vertex   1.199404e+02 -5.505007e+01 1.446051e+02
    endloop
  endfacet
  facet normal 1.827082e-01 -9.788758e-01 -9.175952e-02
    outer loop
      vertex   1.203412e+02 -5.505007e+01 1.454033e+02
      vertex   1.199404e+02 -5.505007e+01 1.446051e+02
      vertex   1.213335e+02 -5.471464e+01 1.438007e+02
    endloop
  endfacet
  facet normal 5.948248e-02 -9.977229e-01 -3.179405e-02
    outer loop
      vertex   1.188701e+02 -5.516258e+01 1.461336e+02
      vertex   1.183118e+02 -5.516258e+01 1.450890e+02
      vertex   1.199404e+02 -5.505007e+01 1.446051e+02
    endloop
  endfacet
  facet normal 4.269425e-02 -9.977328e-01 -5.202309e-02
    outer loop
      vertex   1.166449e+02 -5.516258e+01 1.434222e+02
      vertex   1.182257e+02 -5.505007e+01 1.425616e+02
      vertex   1.175605e+02 -5.516258e+01 1.441735e+02
    endloop
  endfacet
  facet normal 4.728621e-02 -9.976232e-01 -5.012046e-02
    outer loop
      vertex   1.175605e+02 -5.516258e+01 1.441735e+02
      vertex   1.182257e+02 -5.505007e+01 1.425616e+02
      vertex   1.188754e+02 -5.505007e+01 1.431746e+02
    endloop
  endfacet
  facet normal 5.213421e-02 -9.976815e-01 -4.374580e-02
    outer loop
      vertex   1.175605e+02 -5.516258e+01 1.441735e+02
      vertex   1.188754e+02 -5.505007e+01 1.431746e+02
      vertex   1.194495e+02 -5.505007e+01 1.438588e+02
    endloop
  endfacet
  facet normal 1.566221e-01 -9.788758e-01 -1.314215e-01
    outer loop
      vertex   1.194495e+02 -5.505007e+01 1.438588e+02
      vertex   1.188754e+02 -5.505007e+01 1.431746e+02
      vertex   1.200455e+02 -5.471464e+01 1.420706e+02
    endloop
  endfacet
  facet normal 1.566221e-01 -9.788758e-01 -1.314215e-01
    outer loop
      vertex   1.194495e+02 -5.505007e+01 1.438588e+02
      vertex   1.200455e+02 -5.471464e+01 1.420706e+02
      vertex   1.207399e+02 -5.471464e+01 1.428982e+02
    endloop
  endfacet
  facet normal 2.555440e-01 -9.427186e-01 -2.144269e-01
    outer loop
      vertex   1.207399e+02 -5.471464e+01 1.428982e+02
      vertex   1.200455e+02 -5.471464e+01 1.420706e+02
      vertex   1.217615e+02 -5.416258e+01 1.416886e+02
    endloop
  endfacet
  facet normal 2.811641e-01 -9.403191e-01 -1.916944e-01
    outer loop
      vertex   1.207399e+02 -5.471464e+01 1.428982e+02
      vertex   1.217615e+02 -5.416258e+01 1.416886e+02
      vertex   1.226739e+02 -5.416258e+01 1.430269e+02
    endloop
  endfacet
  facet normal 3.176319e-02 -9.977273e-01 -5.942474e-02
    outer loop
      vertex   1.156004e+02 -5.516258e+01 1.428639e+02
      vertex   1.167356e+02 -5.505007e+01 1.415816e+02
      vertex   1.166449e+02 -5.516258e+01 1.434222e+02
    endloop
  endfacet
  facet normal 3.423592e-02 -9.976530e-01 -5.929835e-02
    outer loop
      vertex   1.166449e+02 -5.516258e+01 1.434222e+02
      vertex   1.167356e+02 -5.505007e+01 1.415816e+02
      vertex   1.175092e+02 -5.505007e+01 1.420282e+02
    endloop
  endfacet
  facet normal 4.101578e-02 -9.976384e-01 -5.509375e-02
    outer loop
      vertex   1.166449e+02 -5.516258e+01 1.434222e+02
      vertex   1.175092e+02 -5.505007e+01 1.420282e+02
      vertex   1.182257e+02 -5.505007e+01 1.425616e+02
    endloop
  endfacet
  facet normal 1.220924e-01 -9.788758e-01 -1.639986e-01
    outer loop
      vertex   1.182257e+02 -5.505007e+01 1.425616e+02
      vertex   1.175092e+02 -5.505007e+01 1.420282e+02
      vertex   1.183932e+02 -5.471464e+01 1.406842e+02
    endloop
  endfacet
  facet normal 1.220924e-01 -9.788758e-01 -1.639986e-01
    outer loop
      vertex   1.182257e+02 -5.505007e+01 1.425616e+02
      vertex   1.183932e+02 -5.471464e+01 1.406842e+02
      vertex   1.192597e+02 -5.471464e+01 1.413293e+02
    endloop
  endfacet
  facet normal 1.998872e-01 -9.423139e-01 -2.684951e-01
    outer loop
      vertex   1.192597e+02 -5.471464e+01 1.413293e+02
      vertex   1.183932e+02 -5.471464e+01 1.406842e+02
      vertex   1.193934e+02 -5.416258e+01 1.394913e+02
    endloop
  endfacet
  facet normal 2.128028e-01 -9.399511e-01 -2.668462e-01
    outer loop
      vertex   1.192597e+02 -5.471464e+01 1.413293e+02
      vertex   1.193934e+02 -5.416258e+01 1.394913e+02
      vertex   1.206597e+02 -5.416258e+01 1.405012e+02
    endloop
  endfacet
  facet normal 2.732430e-02 -9.976176e-01 -6.334485e-02
    outer loop
      vertex   1.167356e+02 -5.505007e+01 1.415816e+02
      vertex   1.156004e+02 -5.516258e+01 1.428639e+02
      vertex   1.159155e+02 -5.505007e+01 1.412278e+02
    endloop
  endfacet
  facet normal 1.966464e-02 -9.977028e-01 -6.482564e-02
    outer loop
      vertex   1.159155e+02 -5.505007e+01 1.412278e+02
      vertex   1.156004e+02 -5.516258e+01 1.428639e+02
      vertex   1.144671e+02 -5.516258e+01 1.425201e+02
    endloop
  endfacet
  facet normal 1.947192e-02 -9.976926e-01 -6.504076e-02
    outer loop
      vertex   1.159155e+02 -5.505007e+01 1.412278e+02
      vertex   1.144671e+02 -5.516258e+01 1.425201e+02
      vertex   1.150598e+02 -5.505007e+01 1.409716e+02
    endloop
  endfacet
  facet normal 1.197359e-02 -9.976199e-01 -6.790562e-02
    outer loop
      vertex   1.150598e+02 -5.505007e+01 1.409716e+02
      vertex   1.144671e+02 -5.516258e+01 1.425201e+02
      vertex   1.141801e+02 -5.505007e+01 1.408165e+02
    endloop
  endfacet
  facet normal 3.550335e-02 -9.788758e-01 -2.013495e-01
    outer loop
      vertex   1.150598e+02 -5.505007e+01 1.409716e+02
      vertex   1.141801e+02 -5.505007e+01 1.408165e+02
      vertex   1.143669e+02 -5.471464e+01 1.392187e+02
    endloop
  endfacet
  facet normal 1.188804e-02 -9.788758e-01 -2.041097e-01
    outer loop
      vertex   1.143669e+02 -5.471464e+01 1.392187e+02
      vertex   1.141801e+02 -5.505007e+01 1.408165e+02
      vertex   1.132884e+02 -5.471464e+01 1.391559e+02
    endloop
  endfacet
  facet normal 1.956318e-02 -9.416992e-01 -3.358869e-01
    outer loop
      vertex   1.143669e+02 -5.471464e+01 1.392187e+02
      vertex   1.132884e+02 -5.471464e+01 1.391559e+02
      vertex   1.132884e+02 -5.416258e+01 1.376082e+02
    endloop
  endfacet
  facet normal 6.599688e-03 -9.977306e-01 -6.700776e-02
    outer loop
      vertex   1.144671e+02 -5.516258e+01 1.425201e+02
      vertex   1.132884e+02 -5.516258e+01 1.424040e+02
      vertex   1.141801e+02 -5.505007e+01 1.408165e+02
    endloop
  endfacet
  facet normal 3.987855e-03 -9.976453e-01 -6.846882e-02
    outer loop
      vertex   1.141801e+02 -5.505007e+01 1.408165e+02
      vertex   1.132884e+02 -5.516258e+01 1.424040e+02
      vertex   1.132884e+02 -5.505007e+01 1.407646e+02
    endloop
  endfacet
  facet normal 1.188804e-02 -9.788758e-01 -2.041097e-01
    outer loop
      vertex   1.141801e+02 -5.505007e+01 1.408165e+02
      vertex   1.132884e+02 -5.505007e+01 1.407646e+02
      vertex   1.132884e+02 -5.471464e+01 1.391559e+02
    endloop
  endfacet
  facet normal 2.543020e-02 -9.403191e-01 -3.393425e-01
    outer loop
      vertex   1.132884e+02 -5.416258e+01 1.376082e+02
      vertex   1.149037e+02 -5.416258e+01 1.377292e+02
      vertex   1.143669e+02 -5.471464e+01 1.392187e+02
    endloop
  endfacet
  facet normal 5.792713e-02 -9.427186e-01 -3.285211e-01
    outer loop
      vertex   1.143669e+02 -5.471464e+01 1.392187e+02
      vertex   1.149037e+02 -5.416258e+01 1.377292e+02
      vertex   1.154308e+02 -5.471464e+01 1.394063e+02
    endloop
  endfacet
  facet normal 3.550335e-02 -9.788758e-01 -2.013495e-01
    outer loop
      vertex   1.143669e+02 -5.471464e+01 1.392187e+02
      vertex   1.154308e+02 -5.471464e+01 1.394063e+02
      vertex   1.150598e+02 -5.505007e+01 1.409716e+02
    endloop
  endfacet
  facet normal 5.863853e-02 -9.788758e-01 -1.958663e-01
    outer loop
      vertex   1.150598e+02 -5.505007e+01 1.409716e+02
      vertex   1.154308e+02 -5.471464e+01 1.394063e+02
      vertex   1.159155e+02 -5.505007e+01 1.412278e+02
    endloop
  endfacet
  facet normal 7.606186e-02 -9.397658e-01 -3.332488e-01
    outer loop
      vertex   1.149037e+02 -5.416258e+01 1.377292e+02
      vertex   1.164828e+02 -5.416258e+01 1.380896e+02
      vertex   1.154308e+02 -5.471464e+01 1.394063e+02
    endloop
  endfacet
  facet normal 9.551149e-02 -9.429194e-01 -3.190306e-01
    outer loop
      vertex   1.154308e+02 -5.471464e+01 1.394063e+02
      vertex   1.164828e+02 -5.416258e+01 1.380896e+02
      vertex   1.164657e+02 -5.471464e+01 1.397161e+02
    endloop
  endfacet
  facet normal 5.863853e-02 -9.788758e-01 -1.958663e-01
    outer loop
      vertex   1.154308e+02 -5.471464e+01 1.394063e+02
      vertex   1.164657e+02 -5.471464e+01 1.397161e+02
      vertex   1.159155e+02 -5.505007e+01 1.412278e+02
    endloop
  endfacet
  facet normal 8.098074e-02 -9.788758e-01 -1.877345e-01
    outer loop
      vertex   1.159155e+02 -5.505007e+01 1.412278e+02
      vertex   1.164657e+02 -5.471464e+01 1.397161e+02
      vertex   1.167356e+02 -5.505007e+01 1.415816e+02
    endloop
  endfacet
  facet normal 1.246942e-01 -9.399511e-01 -3.177157e-01
    outer loop
      vertex   1.164828e+02 -5.416258e+01 1.380896e+02
      vertex   1.179906e+02 -5.416258e+01 1.386814e+02
      vertex   1.164657e+02 -5.471464e+01 1.397161e+02
    endloop
  endfacet
  facet normal 1.325800e-01 -9.423139e-01 -3.073549e-01
    outer loop
      vertex   1.164657e+02 -5.471464e+01 1.397161e+02
      vertex   1.179906e+02 -5.416258e+01 1.386814e+02
      vertex   1.174576e+02 -5.471464e+01 1.401440e+02
    endloop
  endfacet
  facet normal 8.098074e-02 -9.788758e-01 -1.877345e-01
    outer loop
      vertex   1.164657e+02 -5.471464e+01 1.397161e+02
      vertex   1.174576e+02 -5.471464e+01 1.401440e+02
      vertex   1.167356e+02 -5.505007e+01 1.415816e+02
    endloop
  endfacet
  facet normal 1.022278e-01 -9.788758e-01 -1.770638e-01
    outer loop
      vertex   1.167356e+02 -5.505007e+01 1.415816e+02
      vertex   1.174576e+02 -5.471464e+01 1.401440e+02
      vertex   1.175092e+02 -5.505007e+01 1.420282e+02
    endloop
  endfacet
  facet normal 1.693911e-01 -9.408648e-01 -2.933939e-01
    outer loop
      vertex   1.179906e+02 -5.416258e+01 1.386814e+02
      vertex   1.193934e+02 -5.416258e+01 1.394913e+02
      vertex   1.174576e+02 -5.471464e+01 1.401440e+02
    endloop
  endfacet
  facet normal 1.693911e-01 -9.408648e-01 -2.933939e-01
    outer loop
      vertex   1.174576e+02 -5.471464e+01 1.401440e+02
      vertex   1.193934e+02 -5.416258e+01 1.394913e+02
      vertex   1.183932e+02 -5.471464e+01 1.406842e+02
    endloop
  endfacet
  facet normal 1.022278e-01 -9.788758e-01 -1.770638e-01
    outer loop
      vertex   1.174576e+02 -5.471464e+01 1.401440e+02
      vertex   1.183932e+02 -5.471464e+01 1.406842e+02
      vertex   1.175092e+02 -5.505007e+01 1.420282e+02
    endloop
  endfacet
  facet normal 2.285329e-01 -9.429194e-01 -2.422307e-01
    outer loop
      vertex   1.192597e+02 -5.471464e+01 1.413293e+02
      vertex   1.206597e+02 -5.416258e+01 1.405012e+02
      vertex   1.200455e+02 -5.471464e+01 1.420706e+02
    endloop
  endfacet
  facet normal 2.505710e-01 -9.397658e-01 -2.324959e-01
    outer loop
      vertex   1.200455e+02 -5.471464e+01 1.420706e+02
      vertex   1.206597e+02 -5.416258e+01 1.405012e+02
      vertex   1.217615e+02 -5.416258e+01 1.416886e+02
    endloop
  endfacet
  facet normal 3.324672e-01 -9.423139e-01 3.885984e-02
    outer loop
      vertex   1.225624e+02 -5.471464e+01 1.489857e+02
      vertex   1.240955e+02 -5.416258e+01 1.492555e+02
      vertex   1.224370e+02 -5.471464e+01 1.500587e+02
    endloop
  endfacet
  facet normal 3.374970e-01 -9.399511e-01 5.086949e-02
    outer loop
      vertex   1.224370e+02 -5.471464e+01 1.500587e+02
      vertex   1.240955e+02 -5.416258e+01 1.492555e+02
      vertex   1.238541e+02 -5.416258e+01 1.508571e+02
    endloop
  endfacet
  facet normal 3.240444e-01 -9.429194e-01 7.679992e-02
    outer loop
      vertex   1.224370e+02 -5.471464e+01 1.500587e+02
      vertex   1.238541e+02 -5.416258e+01 1.508571e+02
      vertex   1.221878e+02 -5.471464e+01 1.511099e+02
    endloop
  endfacet
  facet normal 3.266329e-01 -9.397658e-01 1.007529e-01
    outer loop
      vertex   1.221878e+02 -5.471464e+01 1.511099e+02
      vertex   1.238541e+02 -5.416258e+01 1.508571e+02
      vertex   1.233767e+02 -5.416258e+01 1.524049e+02
    endloop
  endfacet
  facet normal 3.134712e-01 -9.427186e-01 1.140942e-01
    outer loop
      vertex   1.221878e+02 -5.471464e+01 1.511099e+02
      vertex   1.233767e+02 -5.416258e+01 1.524049e+02
      vertex   1.218183e+02 -5.471464e+01 1.521250e+02
    endloop
  endfacet
  facet normal 3.065943e-01 -9.403191e-01 1.476480e-01
    outer loop
      vertex   1.218183e+02 -5.471464e+01 1.521250e+02
      vertex   1.233767e+02 -5.416258e+01 1.524049e+02
      vertex   1.226739e+02 -5.416258e+01 1.538643e+02
    endloop
  endfacet
  facet normal 2.128028e-01 -9.399511e-01 2.668462e-01
    outer loop
      vertex   1.206597e+02 -5.416258e+01 1.563900e+02
      vertex   1.193934e+02 -5.416258e+01 1.573999e+02
      vertex   1.192597e+02 -5.471464e+01 1.555619e+02
    endloop
  endfacet
  facet normal 1.998872e-01 -9.423139e-01 2.684951e-01
    outer loop
      vertex   1.192597e+02 -5.471464e+01 1.555619e+02
      vertex   1.193934e+02 -5.416258e+01 1.573999e+02
      vertex   1.183932e+02 -5.471464e+01 1.562070e+02
    endloop
  endfacet
  facet normal 1.220924e-01 -9.788758e-01 1.639986e-01
    outer loop
      vertex   1.192597e+02 -5.471464e+01 1.555619e+02
      vertex   1.183932e+02 -5.471464e+01 1.562070e+02
      vertex   1.175092e+02 -5.505007e+01 1.548630e+02
    endloop
  endfacet
  facet normal 1.022278e-01 -9.788758e-01 1.770638e-01
    outer loop
      vertex   1.175092e+02 -5.505007e+01 1.548630e+02
      vertex   1.183932e+02 -5.471464e+01 1.562070e+02
      vertex   1.167356e+02 -5.505007e+01 1.553096e+02
    endloop
  endfacet
  facet normal 1.693911e-01 -9.408648e-01 2.933939e-01
    outer loop
      vertex   1.193934e+02 -5.416258e+01 1.573999e+02
      vertex   1.179906e+02 -5.416258e+01 1.582097e+02
      vertex   1.183932e+02 -5.471464e+01 1.562070e+02
    endloop
  endfacet
  facet normal 1.693911e-01 -9.408648e-01 2.933939e-01
    outer loop
      vertex   1.183932e+02 -5.471464e+01 1.562070e+02
      vertex   1.179906e+02 -5.416258e+01 1.582097e+02
      vertex   1.174576e+02 -5.471464e+01 1.567471e+02
    endloop
  endfacet
  facet normal 1.022278e-01 -9.788758e-01 1.770638e-01
    outer loop
      vertex   1.183932e+02 -5.471464e+01 1.562070e+02
      vertex   1.174576e+02 -5.471464e+01 1.567471e+02
      vertex   1.167356e+02 -5.505007e+01 1.553096e+02
    endloop
  endfacet
  facet normal 8.098074e-02 -9.788758e-01 1.877345e-01
    outer loop
      vertex   1.167356e+02 -5.505007e+01 1.553096e+02
      vertex   1.174576e+02 -5.471464e+01 1.567471e+02
      vertex   1.159155e+02 -5.505007e+01 1.556633e+02
    endloop
  endfacet
  facet normal 1.325800e-01 -9.423139e-01 3.073549e-01
    outer loop
      vertex   1.174576e+02 -5.471464e+01 1.567471e+02
      vertex   1.179906e+02 -5.416258e+01 1.582097e+02
      vertex   1.164657e+02 -5.471464e+01 1.571750e+02
    endloop
  endfacet
  facet normal 1.246942e-01 -9.399511e-01 3.177157e-01
    outer loop
      vertex   1.164657e+02 -5.471464e+01 1.571750e+02
      vertex   1.179906e+02 -5.416258e+01 1.582097e+02
      vertex   1.164828e+02 -5.416258e+01 1.588015e+02
    endloop
  endfacet
  facet normal 9.551149e-02 -9.429194e-01 3.190306e-01
    outer loop
      vertex   1.164657e+02 -5.471464e+01 1.571750e+02
      vertex   1.164828e+02 -5.416258e+01 1.588015e+02
      vertex   1.154308e+02 -5.471464e+01 1.574848e+02
    endloop
  endfacet
  facet normal 7.606186e-02 -9.397658e-01 3.332488e-01
    outer loop
      vertex   1.154308e+02 -5.471464e+01 1.574848e+02
      vertex   1.164828e+02 -5.416258e+01 1.588015e+02
      vertex   1.149037e+02 -5.416258e+01 1.591619e+02
    endloop
  endfacet
  facet normal 5.863853e-02 -9.788758e-01 1.958663e-01
    outer loop
      vertex   1.164657e+02 -5.471464e+01 1.571750e+02
      vertex   1.154308e+02 -5.471464e+01 1.574848e+02
      vertex   1.150598e+02 -5.505007e+01 1.559195e+02
    endloop
  endfacet
  facet normal 5.863853e-02 -9.788758e-01 1.958663e-01
    outer loop
      vertex   1.150598e+02 -5.505007e+01 1.559195e+02
      vertex   1.159155e+02 -5.505007e+01 1.556633e+02
      vertex   1.164657e+02 -5.471464e+01 1.571750e+02
    endloop
  endfacet
  facet normal 8.098074e-02 -9.788758e-01 1.877345e-01
    outer loop
      vertex   1.164657e+02 -5.471464e+01 1.571750e+02
      vertex   1.159155e+02 -5.505007e+01 1.556633e+02
      vertex   1.174576e+02 -5.471464e+01 1.567471e+02
    endloop
  endfacet
  facet normal 1.708202e-01 -9.788758e-01 1.123502e-01
    outer loop
      vertex   1.199404e+02 -5.505007e+01 1.522861e+02
      vertex   1.213335e+02 -5.471464e+01 1.530904e+02
      vertex   1.194495e+02 -5.505007e+01 1.530323e+02
    endloop
  endfacet
  facet normal 1.708202e-01 -9.788758e-01 1.123502e-01
    outer loop
      vertex   1.194495e+02 -5.505007e+01 1.530323e+02
      vertex   1.213335e+02 -5.471464e+01 1.530904e+02
      vertex   1.207399e+02 -5.471464e+01 1.539930e+02
    endloop
  endfacet
  facet normal 1.566221e-01 -9.788758e-01 1.314215e-01
    outer loop
      vertex   1.194495e+02 -5.505007e+01 1.530323e+02
      vertex   1.207399e+02 -5.471464e+01 1.539930e+02
      vertex   1.188754e+02 -5.505007e+01 1.537166e+02
    endloop
  endfacet
  facet normal 1.921254e-01 -9.788758e-01 6.992794e-02
    outer loop
      vertex   1.218183e+02 -5.471464e+01 1.521250e+02
      vertex   1.203412e+02 -5.505007e+01 1.514879e+02
      vertex   1.221878e+02 -5.471464e+01 1.511099e+02
    endloop
  endfacet
  facet normal 1.921254e-01 -9.788758e-01 6.992794e-02
    outer loop
      vertex   1.221878e+02 -5.471464e+01 1.511099e+02
      vertex   1.203412e+02 -5.505007e+01 1.514879e+02
      vertex   1.206467e+02 -5.505007e+01 1.506485e+02
    endloop
  endfacet
  facet normal 1.989445e-01 -9.788758e-01 4.715071e-02
    outer loop
      vertex   1.221878e+02 -5.471464e+01 1.511099e+02
      vertex   1.206467e+02 -5.505007e+01 1.506485e+02
      vertex   1.224370e+02 -5.471464e+01 1.500587e+02
    endloop
  endfacet
  facet normal 1.989445e-01 -9.788758e-01 4.715071e-02
    outer loop
      vertex   1.224370e+02 -5.471464e+01 1.500587e+02
      vertex   1.206467e+02 -5.505007e+01 1.506485e+02
      vertex   1.208527e+02 -5.505007e+01 1.497794e+02
    endloop
  endfacet
  facet normal 2.030732e-01 -9.788758e-01 2.373585e-02
    outer loop
      vertex   1.224370e+02 -5.471464e+01 1.500587e+02
      vertex   1.208527e+02 -5.505007e+01 1.497794e+02
      vertex   1.225624e+02 -5.471464e+01 1.489857e+02
    endloop
  endfacet
  facet normal 1.921254e-01 -9.788758e-01 -6.992794e-02
    outer loop
      vertex   1.218183e+02 -5.471464e+01 1.447661e+02
      vertex   1.221878e+02 -5.471464e+01 1.457813e+02
      vertex   1.206467e+02 -5.505007e+01 1.462426e+02
    endloop
  endfacet
  facet normal 1.989445e-01 -9.788758e-01 -4.715071e-02
    outer loop
      vertex   1.206467e+02 -5.505007e+01 1.462426e+02
      vertex   1.221878e+02 -5.471464e+01 1.457813e+02
      vertex   1.208527e+02 -5.505007e+01 1.471118e+02
    endloop
  endfacet
  facet normal 1.827082e-01 -9.788758e-01 -9.175952e-02
    outer loop
      vertex   1.213335e+02 -5.471464e+01 1.438007e+02
      vertex   1.218183e+02 -5.471464e+01 1.447661e+02
      vertex   1.203412e+02 -5.505007e+01 1.454033e+02
    endloop
  endfacet
  facet normal 1.921254e-01 -9.788758e-01 -6.992794e-02
    outer loop
      vertex   1.203412e+02 -5.505007e+01 1.454033e+02
      vertex   1.218183e+02 -5.471464e+01 1.447661e+02
      vertex   1.206467e+02 -5.505007e+01 1.462426e+02
    endloop
  endfacet
  facet normal 1.403060e-01 -9.788758e-01 -1.487156e-01
    outer loop
      vertex   1.200455e+02 -5.471464e+01 1.420706e+02
      vertex   1.188754e+02 -5.505007e+01 1.431746e+02
      vertex   1.192597e+02 -5.471464e+01 1.413293e+02
    endloop
  endfacet
  facet normal 1.403060e-01 -9.788758e-01 -1.487156e-01
    outer loop
      vertex   1.192597e+02 -5.471464e+01 1.413293e+02
      vertex   1.188754e+02 -5.505007e+01 1.431746e+02
      vertex   1.182257e+02 -5.505007e+01 1.425616e+02
    endloop
  endfacet
  facet normal 0.000000e+00 -9.418794e-01 3.359511e-01
    outer loop
      vertex   1.132884e+02 -5.416258e+01 1.592830e+02
      vertex   5.328842e+01 -5.416258e+01 1.592830e+02
      vertex   8.328842e+01 -5.471464e+01 1.577352e+02
    endloop
  endfacet
  facet normal 2.230819e-16 -9.418794e-01 3.359511e-01
    outer loop
      vertex   8.328842e+01 -5.471464e+01 1.577352e+02
      vertex   5.328842e+01 -5.416258e+01 1.592830e+02
      vertex   5.328842e+01 -5.471464e+01 1.577352e+02
    endloop
  endfacet
  facet normal 2.318608e-16 -9.789450e-01 2.041241e-01
    outer loop
      vertex   8.328842e+01 -5.471464e+01 1.577352e+02
      vertex   5.328842e+01 -5.471464e+01 1.577352e+02
      vertex   8.328842e+01 -5.505007e+01 1.561266e+02
    endloop
  endfacet
  facet normal 2.318608e-16 -9.789450e-01 2.041241e-01
    outer loop
      vertex   8.328842e+01 -5.505007e+01 1.561266e+02
      vertex   5.328842e+01 -5.471464e+01 1.577352e+02
      vertex   5.328842e+01 -5.505007e+01 1.561266e+02
    endloop
  endfacet
  facet normal 2.362917e-16 -9.976532e-01 6.846937e-02
    outer loop
      vertex   8.328842e+01 -5.505007e+01 1.561266e+02
      vertex   5.328842e+01 -5.505007e+01 1.561266e+02
      vertex   5.328842e+01 -5.516258e+01 1.544872e+02
    endloop
  endfacet
  facet normal 0.000000e+00 -9.976532e-01 6.846937e-02
    outer loop
      vertex   5.328842e+01 -5.516258e+01 1.544872e+02
      vertex   1.132884e+02 -5.516258e+01 1.544872e+02
      vertex   8.328842e+01 -5.505007e+01 1.561266e+02
    endloop
  endfacet
  facet normal -2.362917e-16 -9.976532e-01 6.846937e-02
    outer loop
      vertex   8.328842e+01 -5.505007e+01 1.561266e+02
      vertex   1.132884e+02 -5.516258e+01 1.544872e+02
      vertex   1.132884e+02 -5.505007e+01 1.561266e+02
    endloop
  endfacet
  facet normal -2.318608e-16 -9.789450e-01 2.041241e-01
    outer loop
      vertex   8.328842e+01 -5.505007e+01 1.561266e+02
      vertex   1.132884e+02 -5.505007e+01 1.561266e+02
      vertex   8.328842e+01 -5.471464e+01 1.577352e+02
    endloop
  endfacet
  facet normal -2.318608e-16 -9.789450e-01 2.041241e-01
    outer loop
      vertex   8.328842e+01 -5.471464e+01 1.577352e+02
      vertex   1.132884e+02 -5.505007e+01 1.561266e+02
      vertex   1.132884e+02 -5.471464e+01 1.577352e+02
    endloop
  endfacet
  facet normal -2.230819e-16 -9.418794e-01 3.359511e-01
    outer loop
      vertex   8.328842e+01 -5.471464e+01 1.577352e+02
      vertex   1.132884e+02 -5.471464e+01 1.577352e+02
      vertex   1.132884e+02 -5.416258e+01 1.592830e+02
    endloop
  endfacet
  facet normal -2.543020e-02 -9.403191e-01 -3.393425e-01
    outer loop
      vertex   5.167319e+01 -5.416258e+01 1.377292e+02
      vertex   5.328842e+01 -5.416258e+01 1.376082e+02
      vertex   5.220996e+01 -5.471464e+01 1.392187e+02
    endloop
  endfacet
  facet normal -1.956318e-02 -9.416992e-01 -3.358869e-01
    outer loop
      vertex   5.220996e+01 -5.471464e+01 1.392187e+02
      vertex   5.328842e+01 -5.416258e+01 1.376082e+02
      vertex   5.328842e+01 -5.471464e+01 1.391559e+02
    endloop
  endfacet
  facet normal -1.188804e-02 -9.788758e-01 -2.041097e-01
    outer loop
      vertex   5.220996e+01 -5.471464e+01 1.392187e+02
      vertex   5.328842e+01 -5.471464e+01 1.391559e+02
      vertex   5.328842e+01 -5.505007e+01 1.407646e+02
    endloop
  endfacet
  facet normal -1.188804e-02 -9.788758e-01 -2.041097e-01
    outer loop
      vertex   5.220996e+01 -5.471464e+01 1.392187e+02
      vertex   5.328842e+01 -5.505007e+01 1.407646e+02
      vertex   5.239671e+01 -5.505007e+01 1.408165e+02
    endloop
  endfacet
  facet normal -3.987855e-03 -9.976453e-01 -6.846882e-02
    outer loop
      vertex   5.239671e+01 -5.505007e+01 1.408165e+02
      vertex   5.328842e+01 -5.505007e+01 1.407646e+02
      vertex   5.328842e+01 -5.516258e+01 1.424040e+02
    endloop
  endfacet
  facet normal -6.599688e-03 -9.977306e-01 -6.700776e-02
    outer loop
      vertex   5.239671e+01 -5.505007e+01 1.408165e+02
      vertex   5.328842e+01 -5.516258e+01 1.424040e+02
      vertex   5.210977e+01 -5.516258e+01 1.425201e+02
    endloop
  endfacet
  facet normal -1.966464e-02 -9.977028e-01 -6.482564e-02
    outer loop
      vertex   5.097641e+01 -5.516258e+01 1.428639e+02
      vertex   5.066137e+01 -5.505007e+01 1.412278e+02
      vertex   5.210977e+01 -5.516258e+01 1.425201e+02
    endloop
  endfacet
  facet normal -1.947192e-02 -9.976926e-01 -6.504076e-02
    outer loop
      vertex   5.210977e+01 -5.516258e+01 1.425201e+02
      vertex   5.066137e+01 -5.505007e+01 1.412278e+02
      vertex   5.151706e+01 -5.505007e+01 1.409716e+02
    endloop
  endfacet
  facet normal -1.197359e-02 -9.976199e-01 -6.790562e-02
    outer loop
      vertex   5.210977e+01 -5.516258e+01 1.425201e+02
      vertex   5.151706e+01 -5.505007e+01 1.409716e+02
      vertex   5.239671e+01 -5.505007e+01 1.408165e+02
    endloop
  endfacet
  facet normal -3.550335e-02 -9.788758e-01 -2.013495e-01
    outer loop
      vertex   5.239671e+01 -5.505007e+01 1.408165e+02
      vertex   5.151706e+01 -5.505007e+01 1.409716e+02
      vertex   5.114608e+01 -5.471464e+01 1.394063e+02
    endloop
  endfacet
  facet normal -3.550335e-02 -9.788758e-01 -2.013495e-01
    outer loop
      vertex   5.239671e+01 -5.505007e+01 1.408165e+02
      vertex   5.114608e+01 -5.471464e+01 1.394063e+02
      vertex   5.220996e+01 -5.471464e+01 1.392187e+02
    endloop
  endfacet
  facet normal -5.792713e-02 -9.427186e-01 -3.285211e-01
    outer loop
      vertex   5.220996e+01 -5.471464e+01 1.392187e+02
      vertex   5.114608e+01 -5.471464e+01 1.394063e+02
      vertex   5.167319e+01 -5.416258e+01 1.377292e+02
    endloop
  endfacet
  facet normal -2.732430e-02 -9.976176e-01 -6.334485e-02
    outer loop
      vertex   5.066137e+01 -5.505007e+01 1.412278e+02
      vertex   5.097641e+01 -5.516258e+01 1.428639e+02
      vertex   4.984120e+01 -5.505007e+01 1.415816e+02
    endloop
  endfacet
  facet normal -3.176319e-02 -9.977273e-01 -5.942474e-02
    outer loop
      vertex   4.984120e+01 -5.505007e+01 1.415816e+02
      vertex   5.097641e+01 -5.516258e+01 1.428639e+02
      vertex   4.993190e+01 -5.516258e+01 1.434222e+02
    endloop
  endfacet
  facet normal -3.423592e-02 -9.976530e-01 -5.929835e-02
    outer loop
      vertex   4.984120e+01 -5.505007e+01 1.415816e+02
      vertex   4.993190e+01 -5.516258e+01 1.434222e+02
      vertex   4.906765e+01 -5.505007e+01 1.420282e+02
    endloop
  endfacet
  facet normal -4.101578e-02 -9.976384e-01 -5.509375e-02
    outer loop
      vertex   4.906765e+01 -5.505007e+01 1.420282e+02
      vertex   4.993190e+01 -5.516258e+01 1.434222e+02
      vertex   4.835117e+01 -5.505007e+01 1.425616e+02
    endloop
  endfacet
  facet normal -1.220924e-01 -9.788758e-01 -1.639986e-01
    outer loop
      vertex   4.906765e+01 -5.505007e+01 1.420282e+02
      vertex   4.835117e+01 -5.505007e+01 1.425616e+02
      vertex   4.731714e+01 -5.471464e+01 1.413293e+02
    endloop
  endfacet
  facet normal -1.403060e-01 -9.788758e-01 -1.487156e-01
    outer loop
      vertex   4.731714e+01 -5.471464e+01 1.413293e+02
      vertex   4.835117e+01 -5.505007e+01 1.425616e+02
      vertex   4.653137e+01 -5.471464e+01 1.420706e+02
    endloop
  endfacet
  facet normal -2.285329e-01 -9.429194e-01 -2.422307e-01
    outer loop
      vertex   4.731714e+01 -5.471464e+01 1.413293e+02
      vertex   4.653137e+01 -5.471464e+01 1.420706e+02
      vertex   4.591711e+01 -5.416258e+01 1.405012e+02
    endloop
  endfacet
  facet normal -2.505710e-01 -9.397658e-01 -2.324959e-01
    outer loop
      vertex   4.591711e+01 -5.416258e+01 1.405012e+02
      vertex   4.653137e+01 -5.471464e+01 1.420706e+02
      vertex   4.481539e+01 -5.416258e+01 1.416886e+02
    endloop
  endfacet
  facet normal -2.555440e-01 -9.427186e-01 -2.144269e-01
    outer loop
      vertex   4.481539e+01 -5.416258e+01 1.416886e+02
      vertex   4.653137e+01 -5.471464e+01 1.420706e+02
      vertex   4.583697e+01 -5.471464e+01 1.428982e+02
    endloop
  endfacet
  facet normal -2.811641e-01 -9.403191e-01 -1.916944e-01
    outer loop
      vertex   4.481539e+01 -5.416258e+01 1.416886e+02
      vertex   4.583697e+01 -5.471464e+01 1.428982e+02
      vertex   4.390294e+01 -5.416258e+01 1.430269e+02
    endloop
  endfacet
  facet normal -2.811050e-01 -9.416992e-01 -1.848856e-01
    outer loop
      vertex   4.390294e+01 -5.416258e+01 1.430269e+02
      vertex   4.583697e+01 -5.471464e+01 1.428982e+02
      vertex   4.524334e+01 -5.471464e+01 1.438007e+02
    endloop
  endfacet
  facet normal -3.006681e-01 -9.416992e-01 -1.510012e-01
    outer loop
      vertex   4.390294e+01 -5.416258e+01 1.430269e+02
      vertex   4.524334e+01 -5.471464e+01 1.438007e+02
      vertex   4.475851e+01 -5.471464e+01 1.447661e+02
    endloop
  endfacet
  facet normal -1.827082e-01 -9.788758e-01 -9.175952e-02
    outer loop
      vertex   4.475851e+01 -5.471464e+01 1.447661e+02
      vertex   4.524334e+01 -5.471464e+01 1.438007e+02
      vertex   4.663649e+01 -5.505007e+01 1.446051e+02
    endloop
  endfacet
  facet normal -1.827082e-01 -9.788758e-01 -9.175952e-02
    outer loop
      vertex   4.475851e+01 -5.471464e+01 1.447661e+02
      vertex   4.663649e+01 -5.505007e+01 1.446051e+02
      vertex   4.623561e+01 -5.505007e+01 1.454033e+02
    endloop
  endfacet
  facet normal -6.107621e-02 -9.976617e-01 -3.067362e-02
    outer loop
      vertex   4.623561e+01 -5.505007e+01 1.454033e+02
      vertex   4.663649e+01 -5.505007e+01 1.446051e+02
      vertex   4.770672e+01 -5.516258e+01 1.461336e+02
    endloop
  endfacet
  facet normal -6.462440e-02 -9.976324e-01 -2.352136e-02
    outer loop
      vertex   4.623561e+01 -5.505007e+01 1.454033e+02
      vertex   4.770672e+01 -5.516258e+01 1.461336e+02
      vertex   4.593011e+01 -5.505007e+01 1.462426e+02
    endloop
  endfacet
  facet normal -6.438584e-02 -9.977339e-01 -1.953123e-02
    outer loop
      vertex   4.593011e+01 -5.505007e+01 1.462426e+02
      vertex   4.770672e+01 -5.516258e+01 1.461336e+02
      vertex   4.736292e+01 -5.516258e+01 1.472669e+02
    endloop
  endfacet
  facet normal -6.698986e-02 -9.976273e-01 -1.587689e-02
    outer loop
      vertex   4.593011e+01 -5.505007e+01 1.462426e+02
      vertex   4.736292e+01 -5.516258e+01 1.472669e+02
      vertex   4.572412e+01 -5.505007e+01 1.471118e+02
    endloop
  endfacet
  facet normal -6.774625e-02 -9.976712e-01 -7.918401e-03
    outer loop
      vertex   4.572412e+01 -5.505007e+01 1.471118e+02
      vertex   4.736292e+01 -5.516258e+01 1.472669e+02
      vertex   4.562042e+01 -5.505007e+01 1.479990e+02
    endloop
  endfacet
  facet normal -2.030732e-01 -9.788758e-01 -2.373585e-02
    outer loop
      vertex   4.572412e+01 -5.505007e+01 1.471118e+02
      vertex   4.562042e+01 -5.505007e+01 1.479990e+02
      vertex   4.401448e+01 -5.471464e+01 1.479054e+02
    endloop
  endfacet
  facet normal -2.044556e-01 -9.788758e-01 0.000000e+00
    outer loop
      vertex   4.401448e+01 -5.471464e+01 1.479054e+02
      vertex   4.562042e+01 -5.505007e+01 1.479990e+02
      vertex   4.401448e+01 -5.471464e+01 1.489857e+02
    endloop
  endfacet
  facet normal -3.387822e-01 -9.408648e-01 0.000000e+00
    outer loop
      vertex   4.401448e+01 -5.471464e+01 1.479054e+02
      vertex   4.401448e+01 -5.471464e+01 1.489857e+02
      vertex   4.248131e+01 -5.416258e+01 1.476357e+02
    endloop
  endfacet
  facet normal -3.387822e-01 -9.408648e-01 0.000000e+00
    outer loop
      vertex   4.248131e+01 -5.416258e+01 1.476357e+02
      vertex   4.401448e+01 -5.471464e+01 1.489857e+02
      vertex   4.248131e+01 -5.416258e+01 1.492555e+02
    endloop
  endfacet
  facet normal -3.324672e-01 -9.423139e-01 3.885984e-02
    outer loop
      vertex   4.248131e+01 -5.416258e+01 1.492555e+02
      vertex   4.401448e+01 -5.471464e+01 1.489857e+02
      vertex   4.413989e+01 -5.471464e+01 1.500587e+02
    endloop
  endfacet
  facet normal -3.374970e-01 -9.399511e-01 5.086949e-02
    outer loop
      vertex   4.248131e+01 -5.416258e+01 1.492555e+02
      vertex   4.413989e+01 -5.471464e+01 1.500587e+02
      vertex   4.272272e+01 -5.416258e+01 1.508571e+02
    endloop
  endfacet
  facet normal -3.240444e-01 -9.429194e-01 7.679992e-02
    outer loop
      vertex   4.272272e+01 -5.416258e+01 1.508571e+02
      vertex   4.413989e+01 -5.471464e+01 1.500587e+02
      vertex   4.438902e+01 -5.471464e+01 1.511099e+02
    endloop
  endfacet
  facet normal -3.266329e-01 -9.397658e-01 1.007529e-01
    outer loop
      vertex   4.272272e+01 -5.416258e+01 1.508571e+02
      vertex   4.438902e+01 -5.471464e+01 1.511099e+02
      vertex   4.320015e+01 -5.416258e+01 1.524049e+02
    endloop
  endfacet
  facet normal -3.134712e-01 -9.427186e-01 1.140942e-01
    outer loop
      vertex   4.320015e+01 -5.416258e+01 1.524049e+02
      vertex   4.438902e+01 -5.471464e+01 1.511099e+02
      vertex   4.475851e+01 -5.471464e+01 1.521250e+02
    endloop
  endfacet
  facet normal -3.065943e-01 -9.403191e-01 1.476480e-01
    outer loop
      vertex   4.320015e+01 -5.416258e+01 1.524049e+02
      vertex   4.475851e+01 -5.471464e+01 1.521250e+02
      vertex   4.390294e+01 -5.416258e+01 1.538643e+02
    endloop
  endfacet
  facet normal -3.006681e-01 -9.416992e-01 1.510012e-01
    outer loop
      vertex   4.390294e+01 -5.416258e+01 1.538643e+02
      vertex   4.475851e+01 -5.471464e+01 1.521250e+02
      vertex   4.524334e+01 -5.471464e+01 1.530904e+02
    endloop
  endfacet
  facet normal -2.811050e-01 -9.416992e-01 1.848856e-01
    outer loop
      vertex   4.390294e+01 -5.416258e+01 1.538643e+02
      vertex   4.524334e+01 -5.471464e+01 1.530904e+02
      vertex   4.583697e+01 -5.471464e+01 1.539930e+02
    endloop
  endfacet
  facet normal -1.708202e-01 -9.788758e-01 1.123502e-01
    outer loop
      vertex   4.583697e+01 -5.471464e+01 1.539930e+02
      vertex   4.524334e+01 -5.471464e+01 1.530904e+02
      vertex   4.663649e+01 -5.505007e+01 1.522861e+02
    endloop
  endfacet
  facet normal -1.708202e-01 -9.788758e-01 1.123502e-01
    outer loop
      vertex   4.583697e+01 -5.471464e+01 1.539930e+02
      vertex   4.663649e+01 -5.505007e+01 1.522861e+02
      vertex   4.712732e+01 -5.505007e+01 1.530323e+02
    endloop
  endfacet
  facet normal -5.765459e-02 -9.976162e-01 3.792002e-02
    outer loop
      vertex   4.712732e+01 -5.505007e+01 1.530323e+02
      vertex   4.663649e+01 -5.505007e+01 1.522861e+02
      vertex   4.826503e+01 -5.516258e+01 1.518021e+02
    endloop
  endfacet
  facet normal -5.227650e-02 -9.977107e-01 4.290221e-02
    outer loop
      vertex   4.712732e+01 -5.505007e+01 1.530323e+02
      vertex   4.826503e+01 -5.516258e+01 1.518021e+02
      vertex   4.901638e+01 -5.516258e+01 1.527176e+02
    endloop
  endfacet
  facet normal -4.269425e-02 -9.977328e-01 -5.202309e-02
    outer loop
      vertex   4.993190e+01 -5.516258e+01 1.434222e+02
      vertex   4.901638e+01 -5.516258e+01 1.441735e+02
      vertex   4.835117e+01 -5.505007e+01 1.425616e+02
    endloop
  endfacet
  facet normal -4.728621e-02 -9.976232e-01 -5.012046e-02
    outer loop
      vertex   4.835117e+01 -5.505007e+01 1.425616e+02
      vertex   4.901638e+01 -5.516258e+01 1.441735e+02
      vertex   4.770147e+01 -5.505007e+01 1.431746e+02
    endloop
  endfacet
  facet normal -1.403060e-01 -9.788758e-01 -1.487156e-01
    outer loop
      vertex   4.835117e+01 -5.505007e+01 1.425616e+02
      vertex   4.770147e+01 -5.505007e+01 1.431746e+02
      vertex   4.653137e+01 -5.471464e+01 1.420706e+02
    endloop
  endfacet
  facet normal -1.566221e-01 -9.788758e-01 -1.314215e-01
    outer loop
      vertex   4.653137e+01 -5.471464e+01 1.420706e+02
      vertex   4.770147e+01 -5.505007e+01 1.431746e+02
      vertex   4.583697e+01 -5.471464e+01 1.428982e+02
    endloop
  endfacet
  facet normal -5.213421e-02 -9.976815e-01 -4.374580e-02
    outer loop
      vertex   4.770147e+01 -5.505007e+01 1.431746e+02
      vertex   4.901638e+01 -5.516258e+01 1.441735e+02
      vertex   4.712732e+01 -5.505007e+01 1.438588e+02
    endloop
  endfacet
  facet normal -5.227650e-02 -9.977107e-01 -4.290221e-02
    outer loop
      vertex   4.712732e+01 -5.505007e+01 1.438588e+02
      vertex   4.901638e+01 -5.516258e+01 1.441735e+02
      vertex   4.826503e+01 -5.516258e+01 1.450890e+02
    endloop
  endfacet
  facet normal -5.765459e-02 -9.976162e-01 -3.792002e-02
    outer loop
      vertex   4.712732e+01 -5.505007e+01 1.438588e+02
      vertex   4.826503e+01 -5.516258e+01 1.450890e+02
      vertex   4.663649e+01 -5.505007e+01 1.446051e+02
    endloop
  endfacet
  facet normal -5.948248e-02 -9.977229e-01 -3.179405e-02
    outer loop
      vertex   4.663649e+01 -5.505007e+01 1.446051e+02
      vertex   4.826503e+01 -5.516258e+01 1.450890e+02
      vertex   4.770672e+01 -5.516258e+01 1.461336e+02
    endloop
  endfacet
  facet normal -6.720332e-02 -9.977173e-01 -6.618949e-03
    outer loop
      vertex   4.736292e+01 -5.516258e+01 1.472669e+02
      vertex   4.724684e+01 -5.516258e+01 1.484456e+02
      vertex   4.562042e+01 -5.505007e+01 1.479990e+02
    endloop
  endfacet
  facet normal -6.901384e-02 -9.976157e-01 0.000000e+00
    outer loop
      vertex   4.562042e+01 -5.505007e+01 1.479990e+02
      vertex   4.724684e+01 -5.516258e+01 1.484456e+02
      vertex   4.562042e+01 -5.505007e+01 1.488922e+02
    endloop
  endfacet
  facet normal -2.044556e-01 -9.788758e-01 0.000000e+00
    outer loop
      vertex   4.562042e+01 -5.505007e+01 1.479990e+02
      vertex   4.562042e+01 -5.505007e+01 1.488922e+02
      vertex   4.401448e+01 -5.471464e+01 1.489857e+02
    endloop
  endfacet
  facet normal -2.030732e-01 -9.788758e-01 2.373585e-02
    outer loop
      vertex   4.401448e+01 -5.471464e+01 1.489857e+02
      vertex   4.562042e+01 -5.505007e+01 1.488922e+02
      vertex   4.413989e+01 -5.471464e+01 1.500587e+02
    endloop
  endfacet
  facet normal -6.720332e-02 -9.977173e-01 6.618949e-03
    outer loop
      vertex   4.724684e+01 -5.516258e+01 1.484456e+02
      vertex   4.736292e+01 -5.516258e+01 1.496242e+02
      vertex   4.562042e+01 -5.505007e+01 1.488922e+02
    endloop
  endfacet
  facet normal -6.774625e-02 -9.976712e-01 7.918401e-03
    outer loop
      vertex   4.562042e+01 -5.505007e+01 1.488922e+02
      vertex   4.736292e+01 -5.516258e+01 1.496242e+02
      vertex   4.572412e+01 -5.505007e+01 1.497794e+02
    endloop
  endfacet
  facet normal -2.030732e-01 -9.788758e-01 2.373585e-02
    outer loop
      vertex   4.562042e+01 -5.505007e+01 1.488922e+02
      vertex   4.572412e+01 -5.505007e+01 1.497794e+02
      vertex   4.413989e+01 -5.471464e+01 1.500587e+02
    endloop
  endfacet
  facet normal -1.989445e-01 -9.788758e-01 4.715071e-02
    outer loop
      vertex   4.413989e+01 -5.471464e+01 1.500587e+02
      vertex   4.572412e+01 -5.505007e+01 1.497794e+02
      vertex   4.438902e+01 -5.471464e+01 1.511099e+02
    endloop
  endfacet
  facet normal -6.698986e-02 -9.976273e-01 1.587689e-02
    outer loop
      vertex   4.572412e+01 -5.505007e+01 1.497794e+02
      vertex   4.736292e+01 -5.516258e+01 1.496242e+02
      vertex   4.593011e+01 -5.505007e+01 1.506485e+02
    endloop
  endfacet
  facet normal -6.438584e-02 -9.977339e-01 1.953123e-02
    outer loop
      vertex   4.593011e+01 -5.505007e+01 1.506485e+02
      vertex   4.736292e+01 -5.516258e+01 1.496242e+02
      vertex   4.770672e+01 -5.516258e+01 1.507576e+02
    endloop
  endfacet
  facet normal -6.462440e-02 -9.976324e-01 2.352136e-02
    outer loop
      vertex   4.593011e+01 -5.505007e+01 1.506485e+02
      vertex   4.770672e+01 -5.516258e+01 1.507576e+02
      vertex   4.623561e+01 -5.505007e+01 1.514879e+02
    endloop
  endfacet
  facet normal -6.107621e-02 -9.976617e-01 3.067362e-02
    outer loop
      vertex   4.623561e+01 -5.505007e+01 1.514879e+02
      vertex   4.770672e+01 -5.516258e+01 1.507576e+02
      vertex   4.663649e+01 -5.505007e+01 1.522861e+02
    endloop
  endfacet
  facet normal -1.827082e-01 -9.788758e-01 9.175952e-02
    outer loop
      vertex   4.623561e+01 -5.505007e+01 1.514879e+02
      vertex   4.663649e+01 -5.505007e+01 1.522861e+02
      vertex   4.524334e+01 -5.471464e+01 1.530904e+02
    endloop
  endfacet
  facet normal -5.948248e-02 -9.977229e-01 3.179405e-02
    outer loop
      vertex   4.770672e+01 -5.516258e+01 1.507576e+02
      vertex   4.826503e+01 -5.516258e+01 1.518021e+02
      vertex   4.663649e+01 -5.505007e+01 1.522861e+02
    endloop
  endfacet
  facet normal -4.269425e-02 -9.977328e-01 5.202309e-02
    outer loop
      vertex   4.993190e+01 -5.516258e+01 1.534690e+02
      vertex   4.835117e+01 -5.505007e+01 1.543296e+02
      vertex   4.901638e+01 -5.516258e+01 1.527176e+02
    endloop
  endfacet
  facet normal -4.728621e-02 -9.976232e-01 5.012046e-02
    outer loop
      vertex   4.901638e+01 -5.516258e+01 1.527176e+02
      vertex   4.835117e+01 -5.505007e+01 1.543296e+02
      vertex   4.770147e+01 -5.505007e+01 1.537166e+02
    endloop
  endfacet
  facet normal -5.213421e-02 -9.976815e-01 4.374580e-02
    outer loop
      vertex   4.901638e+01 -5.516258e+01 1.527176e+02
      vertex   4.770147e+01 -5.505007e+01 1.537166e+02
      vertex   4.712732e+01 -5.505007e+01 1.530323e+02
    endloop
  endfacet
  facet normal -1.566221e-01 -9.788758e-01 1.314215e-01
    outer loop
      vertex   4.712732e+01 -5.505007e+01 1.530323e+02
      vertex   4.770147e+01 -5.505007e+01 1.537166e+02
      vertex   4.653137e+01 -5.471464e+01 1.548205e+02
    endloop
  endfacet
  facet normal -1.566221e-01 -9.788758e-01 1.314215e-01
    outer loop
      vertex   4.712732e+01 -5.505007e+01 1.530323e+02
      vertex   4.653137e+01 -5.471464e+01 1.548205e+02
      vertex   4.583697e+01 -5.471464e+01 1.539930e+02
    endloop
  endfacet
  facet normal -2.555440e-01 -9.427186e-01 2.144269e-01
    outer loop
      vertex   4.583697e+01 -5.471464e+01 1.539930e+02
      vertex   4.653137e+01 -5.471464e+01 1.548205e+02
      vertex   4.481539e+01 -5.416258e+01 1.552026e+02
    endloop
  endfacet
  facet normal -2.811641e-01 -9.403191e-01 1.916944e-01
    outer loop
      vertex   4.583697e+01 -5.471464e+01 1.539930e+02
      vertex   4.481539e+01 -5.416258e+01 1.552026e+02
      vertex   4.390294e+01 -5.416258e+01 1.538643e+02
    endloop
  endfacet
  facet normal -3.176319e-02 -9.977273e-01 5.942474e-02
    outer loop
      vertex   5.097641e+01 -5.516258e+01 1.540273e+02
      vertex   4.984120e+01 -5.505007e+01 1.553096e+02
      vertex   4.993190e+01 -5.516258e+01 1.534690e+02
    endloop
  endfacet
  facet normal -3.423592e-02 -9.976530e-01 5.929835e-02
    outer loop
      vertex   4.993190e+01 -5.516258e+01 1.534690e+02
      vertex   4.984120e+01 -5.505007e+01 1.553096e+02
      vertex   4.906765e+01 -5.505007e+01 1.548630e+02
    endloop
  endfacet
  facet normal -4.101578e-02 -9.976384e-01 5.509375e-02
    outer loop
      vertex   4.993190e+01 -5.516258e+01 1.534690e+02
      vertex   4.906765e+01 -5.505007e+01 1.548630e+02
      vertex   4.835117e+01 -5.505007e+01 1.543296e+02
    endloop
  endfacet
  facet normal -1.220924e-01 -9.788758e-01 1.639986e-01
    outer loop
      vertex   4.835117e+01 -5.505007e+01 1.543296e+02
      vertex   4.906765e+01 -5.505007e+01 1.548630e+02
      vertex   4.818367e+01 -5.471464e+01 1.562070e+02
    endloop
  endfacet
  facet normal -1.220924e-01 -9.788758e-01 1.639986e-01
    outer loop
      vertex   4.835117e+01 -5.505007e+01 1.543296e+02
      vertex   4.818367e+01 -5.471464e+01 1.562070e+02
      vertex   4.731714e+01 -5.471464e+01 1.555619e+02
    endloop
  endfacet
  facet normal -1.998872e-01 -9.423139e-01 2.684951e-01
    outer loop
      vertex   4.731714e+01 -5.471464e+01 1.555619e+02
      vertex   4.818367e+01 -5.471464e+01 1.562070e+02
      vertex   4.718349e+01 -5.416258e+01 1.573999e+02
    endloop
  endfacet
  facet normal -2.128028e-01 -9.399511e-01 2.668462e-01
    outer loop
      vertex   4.731714e+01 -5.471464e+01 1.555619e+02
      vertex   4.718349e+01 -5.416258e+01 1.573999e+02
      vertex   4.591711e+01 -5.416258e+01 1.563900e+02
    endloop
  endfacet
  facet normal -2.732430e-02 -9.976176e-01 6.334485e-02
    outer loop
      vertex   4.984120e+01 -5.505007e+01 1.553096e+02
      vertex   5.097641e+01 -5.516258e+01 1.540273e+02
      vertex   5.066137e+01 -5.505007e+01 1.556633e+02
    endloop
  endfacet
  facet normal -1.966464e-02 -9.977028e-01 6.482564e-02
    outer loop
      vertex   5.066137e+01 -5.505007e+01 1.556633e+02
      vertex   5.097641e+01 -5.516258e+01 1.540273e+02
      vertex   5.210977e+01 -5.516258e+01 1.543711e+02
    endloop
  endfacet
  facet normal -1.947192e-02 -9.976926e-01 6.504076e-02
    outer loop
      vertex   5.066137e+01 -5.505007e+01 1.556633e+02
      vertex   5.210977e+01 -5.516258e+01 1.543711e+02
      vertex   5.151706e+01 -5.505007e+01 1.559195e+02
    endloop
  endfacet
  facet normal -1.197359e-02 -9.976199e-01 6.790562e-02
    outer loop
      vertex   5.151706e+01 -5.505007e+01 1.559195e+02
      vertex   5.210977e+01 -5.516258e+01 1.543711e+02
      vertex   5.239671e+01 -5.505007e+01 1.560746e+02
    endloop
  endfacet
  facet normal -3.550335e-02 -9.788758e-01 2.013495e-01
    outer loop
      vertex   5.151706e+01 -5.505007e+01 1.559195e+02
      vertex   5.239671e+01 -5.505007e+01 1.560746e+02
      vertex   5.220996e+01 -5.471464e+01 1.576724e+02
    endloop
  endfacet
  facet normal -1.188804e-02 -9.788758e-01 2.041097e-01
    outer loop
      vertex   5.220996e+01 -5.471464e+01 1.576724e+02
      vertex   5.239671e+01 -5.505007e+01 1.560746e+02
      vertex   5.328842e+01 -5.471464e+01 1.577352e+02
    endloop
  endfacet
  facet normal -1.956318e-02 -9.416992e-01 3.358869e-01
    outer loop
      vertex   5.220996e+01 -5.471464e+01 1.576724e+02
      vertex   5.328842e+01 -5.471464e+01 1.577352e+02
      vertex   5.328842e+01 -5.416258e+01 1.592830e+02
    endloop
  endfacet
  facet normal -6.599688e-03 -9.977306e-01 6.700776e-02
    outer loop
      vertex   5.210977e+01 -5.516258e+01 1.543711e+02
      vertex   5.328842e+01 -5.516258e+01 1.544872e+02
      vertex   5.239671e+01 -5.505007e+01 1.560746e+02
    endloop
  endfacet
  facet normal -3.987855e-03 -9.976453e-01 6.846882e-02
    outer loop
      vertex   5.239671e+01 -5.505007e+01 1.560746e+02
      vertex   5.328842e+01 -5.516258e+01 1.544872e+02
      vertex   5.328842e+01 -5.505007e+01 1.561266e+02
    endloop
  endfacet
  facet normal -1.188804e-02 -9.788758e-01 2.041097e-01
    outer loop
      vertex   5.239671e+01 -5.505007e+01 1.560746e+02
      vertex   5.328842e+01 -5.505007e+01 1.561266e+02
      vertex   5.328842e+01 -5.471464e+01 1.577352e+02
    endloop
  endfacet
  facet normal -2.543020e-02 -9.403191e-01 3.393425e-01
    outer loop
      vertex   5.328842e+01 -5.416258e+01 1.592830e+02
      vertex   5.167319e+01 -5.416258e+01 1.591619e+02
      vertex   5.220996e+01 -5.471464e+01 1.576724e+02
    endloop
  endfacet
  facet normal -5.792713e-02 -9.427186e-01 3.285211e-01
    outer loop
      vertex   5.220996e+01 -5.471464e+01 1.576724e+02
      vertex   5.167319e+01 -5.416258e+01 1.591619e+02
      vertex   5.114608e+01 -5.471464e+01 1.574848e+02
    endloop
  endfacet
  facet normal -3.550335e-02 -9.788758e-01 2.013495e-01
    outer loop
      vertex   5.220996e+01 -5.471464e+01 1.576724e+02
      vertex   5.114608e+01 -5.471464e+01 1.574848e+02
      vertex   5.151706e+01 -5.505007e+01 1.559195e+02
    endloop
  endfacet
  facet normal -5.863853e-02 -9.788758e-01 1.958663e-01
    outer loop
      vertex   5.151706e+01 -5.505007e+01 1.559195e+02
      vertex   5.114608e+01 -5.471464e+01 1.574848e+02
      vertex   5.066137e+01 -5.505007e+01 1.556633e+02
    endloop
  endfacet
  facet normal -7.606186e-02 -9.397658e-01 3.332488e-01
    outer loop
      vertex   5.167319e+01 -5.416258e+01 1.591619e+02
      vertex   5.009404e+01 -5.416258e+01 1.588015e+02
      vertex   5.114608e+01 -5.471464e+01 1.574848e+02
    endloop
  endfacet
  facet normal -9.551149e-02 -9.429194e-01 3.190306e-01
    outer loop
      vertex   5.114608e+01 -5.471464e+01 1.574848e+02
      vertex   5.009404e+01 -5.416258e+01 1.588015e+02
      vertex   5.011117e+01 -5.471464e+01 1.571750e+02
    endloop
  endfacet
  facet normal -5.863853e-02 -9.788758e-01 1.958663e-01
    outer loop
      vertex   5.114608e+01 -5.471464e+01 1.574848e+02
      vertex   5.011117e+01 -5.471464e+01 1.571750e+02
      vertex   5.066137e+01 -5.505007e+01 1.556633e+02
    endloop
  endfacet
  facet normal -8.098074e-02 -9.788758e-01 1.877345e-01
    outer loop
      vertex   5.066137e+01 -5.505007e+01 1.556633e+02
      vertex   5.011117e+01 -5.471464e+01 1.571750e+02
      vertex   4.984120e+01 -5.505007e+01 1.553096e+02
    endloop
  endfacet
  facet normal -1.246942e-01 -9.399511e-01 3.177157e-01
    outer loop
      vertex   5.009404e+01 -5.416258e+01 1.588015e+02
      vertex   4.858624e+01 -5.416258e+01 1.582097e+02
      vertex   5.011117e+01 -5.471464e+01 1.571750e+02
    endloop
  endfacet
  facet normal -1.325800e-01 -9.423139e-01 3.073549e-01
    outer loop
      vertex   5.011117e+01 -5.471464e+01 1.571750e+02
      vertex   4.858624e+01 -5.416258e+01 1.582097e+02
      vertex   4.911923e+01 -5.471464e+01 1.567471e+02
    endloop
  endfacet
  facet normal -8.098074e-02 -9.788758e-01 1.877345e-01
    outer loop
      vertex   5.011117e+01 -5.471464e+01 1.571750e+02
      vertex   4.911923e+01 -5.471464e+01 1.567471e+02
      vertex   4.984120e+01 -5.505007e+01 1.553096e+02
    endloop
  endfacet
  facet normal -1.022278e-01 -9.788758e-01 1.770638e-01
    outer loop
      vertex   4.984120e+01 -5.505007e+01 1.553096e+02
      vertex   4.911923e+01 -5.471464e+01 1.567471e+02
      vertex   4.906765e+01 -5.505007e+01 1.548630e+02
    endloop
  endfacet
  facet normal -1.693911e-01 -9.408648e-01 2.933939e-01
    outer loop
      vertex   4.858624e+01 -5.416258e+01 1.582097e+02
      vertex   4.718349e+01 -5.416258e+01 1.573999e+02
      vertex   4.911923e+01 -5.471464e+01 1.567471e+02
    endloop
  endfacet
  facet normal -1.693911e-01 -9.408648e-01 2.933939e-01
    outer loop
      vertex   4.911923e+01 -5.471464e+01 1.567471e+02
      vertex   4.718349e+01 -5.416258e+01 1.573999e+02
      vertex   4.818367e+01 -5.471464e+01 1.562070e+02
    endloop
  endfacet
  facet normal -1.022278e-01 -9.788758e-01 1.770638e-01
    outer loop
      vertex   4.911923e+01 -5.471464e+01 1.567471e+02
      vertex   4.818367e+01 -5.471464e+01 1.562070e+02
      vertex   4.906765e+01 -5.505007e+01 1.548630e+02
    endloop
  endfacet
  facet normal -2.285329e-01 -9.429194e-01 2.422307e-01
    outer loop
      vertex   4.731714e+01 -5.471464e+01 1.555619e+02
      vertex   4.591711e+01 -5.416258e+01 1.563900e+02
      vertex   4.653137e+01 -5.471464e+01 1.548205e+02
    endloop
  endfacet
  facet normal -2.505710e-01 -9.397658e-01 2.324959e-01
    outer loop
      vertex   4.653137e+01 -5.471464e+01 1.548205e+02
      vertex   4.591711e+01 -5.416258e+01 1.563900e+02
      vertex   4.481539e+01 -5.416258e+01 1.552026e+02
    endloop
  endfacet
  facet normal -3.324672e-01 -9.423139e-01 -3.885984e-02
    outer loop
      vertex   4.401448e+01 -5.471464e+01 1.479054e+02
      vertex   4.248131e+01 -5.416258e+01 1.476357e+02
      vertex   4.413989e+01 -5.471464e+01 1.468324e+02
    endloop
  endfacet
  facet normal -3.374970e-01 -9.399511e-01 -5.086949e-02
    outer loop
      vertex   4.413989e+01 -5.471464e+01 1.468324e+02
      vertex   4.248131e+01 -5.416258e+01 1.476357e+02
      vertex   4.272272e+01 -5.416258e+01 1.460340e+02
    endloop
  endfacet
  facet normal -3.240444e-01 -9.429194e-01 -7.679992e-02
    outer loop
      vertex   4.413989e+01 -5.471464e+01 1.468324e+02
      vertex   4.272272e+01 -5.416258e+01 1.460340e+02
      vertex   4.438902e+01 -5.471464e+01 1.457813e+02
    endloop
  endfacet
  facet normal -3.266329e-01 -9.397658e-01 -1.007529e-01
    outer loop
      vertex   4.438902e+01 -5.471464e+01 1.457813e+02
      vertex   4.272272e+01 -5.416258e+01 1.460340e+02
      vertex   4.320015e+01 -5.416258e+01 1.444862e+02
    endloop
  endfacet
  facet normal -3.134712e-01 -9.427186e-01 -1.140942e-01
    outer loop
      vertex   4.438902e+01 -5.471464e+01 1.457813e+02
      vertex   4.320015e+01 -5.416258e+01 1.444862e+02
      vertex   4.475851e+01 -5.471464e+01 1.447661e+02
    endloop
  endfacet
  facet normal -3.065943e-01 -9.403191e-01 -1.476480e-01
    outer loop
      vertex   4.475851e+01 -5.471464e+01 1.447661e+02
      vertex   4.320015e+01 -5.416258e+01 1.444862e+02
      vertex   4.390294e+01 -5.416258e+01 1.430269e+02
    endloop
  endfacet
  facet normal -2.128028e-01 -9.399511e-01 -2.668462e-01
    outer loop
      vertex   4.591711e+01 -5.416258e+01 1.405012e+02
      vertex   4.718349e+01 -5.416258e+01 1.394913e+02
      vertex   4.731714e+01 -5.471464e+01 1.413293e+02
    endloop
  endfacet
  facet normal -1.998872e-01 -9.423139e-01 -2.684951e-01
    outer loop
      vertex   4.731714e+01 -5.471464e+01 1.413293e+02
      vertex   4.718349e+01 -5.416258e+01 1.394913e+02
      vertex   4.818367e+01 -5.471464e+01 1.406842e+02
    endloop
  endfacet
  facet normal -1.220924e-01 -9.788758e-01 -1.639986e-01
    outer loop
      vertex   4.731714e+01 -5.471464e+01 1.413293e+02
      vertex   4.818367e+01 -5.471464e+01 1.406842e+02
      vertex   4.906765e+01 -5.505007e+01 1.420282e+02
    endloop
  endfacet
  facet normal -1.022278e-01 -9.788758e-01 -1.770638e-01
    outer loop
      vertex   4.906765e+01 -5.505007e+01 1.420282e+02
      vertex   4.818367e+01 -5.471464e+01 1.406842e+02
      vertex   4.984120e+01 -5.505007e+01 1.415816e+02
    endloop
  endfacet
  facet normal -1.693911e-01 -9.408648e-01 -2.933939e-01
    outer loop
      vertex   4.718349e+01 -5.416258e+01 1.394913e+02
      vertex   4.858624e+01 -5.416258e+01 1.386814e+02
      vertex   4.818367e+01 -5.471464e+01 1.406842e+02
    endloop
  endfacet
  facet normal -1.693911e-01 -9.408648e-01 -2.933939e-01
    outer loop
      vertex   4.818367e+01 -5.471464e+01 1.406842e+02
      vertex   4.858624e+01 -5.416258e+01 1.386814e+02
      vertex   4.911923e+01 -5.471464e+01 1.401440e+02
    endloop
  endfacet
  facet normal -1.022278e-01 -9.788758e-01 -1.770638e-01
    outer loop
      vertex   4.818367e+01 -5.471464e+01 1.406842e+02
      vertex   4.911923e+01 -5.471464e+01 1.401440e+02
      vertex   4.984120e+01 -5.505007e+01 1.415816e+02
    endloop
  endfacet
  facet normal -8.098074e-02 -9.788758e-01 -1.877345e-01
    outer loop
      vertex   4.984120e+01 -5.505007e+01 1.415816e+02
      vertex   4.911923e+01 -5.471464e+01 1.401440e+02
      vertex   5.066137e+01 -5.505007e+01 1.412278e+02
    endloop
  endfacet
  facet normal -1.325800e-01 -9.423139e-01 -3.073549e-01
    outer loop
      vertex   4.911923e+01 -5.471464e+01 1.401440e+02
      vertex   4.858624e+01 -5.416258e+01 1.386814e+02
      vertex   5.011117e+01 -5.471464e+01 1.397161e+02
    endloop
  endfacet
  facet normal -1.246942e-01 -9.399511e-01 -3.177157e-01
    outer loop
      vertex   5.011117e+01 -5.471464e+01 1.397161e+02
      vertex   4.858624e+01 -5.416258e+01 1.386814e+02
      vertex   5.009404e+01 -5.416258e+01 1.380896e+02
    endloop
  endfacet
  facet normal -9.551149e-02 -9.429194e-01 -3.190306e-01
    outer loop
      vertex   5.011117e+01 -5.471464e+01 1.397161e+02
      vertex   5.009404e+01 -5.416258e+01 1.380896e+02
      vertex   5.114608e+01 -5.471464e+01 1.394063e+02
    endloop
  endfacet
  facet normal -7.606186e-02 -9.397658e-01 -3.332488e-01
    outer loop
      vertex   5.114608e+01 -5.471464e+01 1.394063e+02
      vertex   5.009404e+01 -5.416258e+01 1.380896e+02
      vertex   5.167319e+01 -5.416258e+01 1.377292e+02
    endloop
  endfacet
  facet normal -5.863853e-02 -9.788758e-01 -1.958663e-01
    outer loop
      vertex   5.011117e+01 -5.471464e+01 1.397161e+02
      vertex   5.114608e+01 -5.471464e+01 1.394063e+02
      vertex   5.151706e+01 -5.505007e+01 1.409716e+02
    endloop
  endfacet
  facet normal -5.863853e-02 -9.788758e-01 -1.958663e-01
    outer loop
      vertex   5.151706e+01 -5.505007e+01 1.409716e+02
      vertex   5.066137e+01 -5.505007e+01 1.412278e+02
      vertex   5.011117e+01 -5.471464e+01 1.397161e+02
    endloop
  endfacet
  facet normal -8.098074e-02 -9.788758e-01 -1.877345e-01
    outer loop
      vertex   5.011117e+01 -5.471464e+01 1.397161e+02
      vertex   5.066137e+01 -5.505007e+01 1.412278e+02
      vertex   4.911923e+01 -5.471464e+01 1.401440e+02
    endloop
  endfacet
  facet normal -1.708202e-01 -9.788758e-01 -1.123502e-01
    outer loop
      vertex   4.663649e+01 -5.505007e+01 1.446051e+02
      vertex   4.524334e+01 -5.471464e+01 1.438007e+02
      vertex   4.712732e+01 -5.505007e+01 1.438588e+02
    endloop
  endfacet
  facet normal -1.708202e-01 -9.788758e-01 -1.123502e-01
    outer loop
      vertex   4.712732e+01 -5.505007e+01 1.438588e+02
      vertex   4.524334e+01 -5.471464e+01 1.438007e+02
      vertex   4.583697e+01 -5.471464e+01 1.428982e+02
    endloop
  endfacet
  facet normal -1.566221e-01 -9.788758e-01 -1.314215e-01
    outer loop
      vertex   4.712732e+01 -5.505007e+01 1.438588e+02
      vertex   4.583697e+01 -5.471464e+01 1.428982e+02
      vertex   4.770147e+01 -5.505007e+01 1.431746e+02
    endloop
  endfacet
  facet normal -1.921254e-01 -9.788758e-01 -6.992794e-02
    outer loop
      vertex   4.475851e+01 -5.471464e+01 1.447661e+02
      vertex   4.623561e+01 -5.505007e+01 1.454033e+02
      vertex   4.438902e+01 -5.471464e+01 1.457813e+02
    endloop
  endfacet
  facet normal -1.921254e-01 -9.788758e-01 -6.992794e-02
    outer loop
      vertex   4.438902e+01 -5.471464e+01 1.457813e+02
      vertex   4.623561e+01 -5.505007e+01 1.454033e+02
      vertex   4.593011e+01 -5.505007e+01 1.462426e+02
    endloop
  endfacet
  facet normal -1.989445e-01 -9.788758e-01 -4.715071e-02
    outer loop
      vertex   4.438902e+01 -5.471464e+01 1.457813e+02
      vertex   4.593011e+01 -5.505007e+01 1.462426e+02
      vertex   4.413989e+01 -5.471464e+01 1.468324e+02
    endloop
  endfacet
  facet normal -1.989445e-01 -9.788758e-01 -4.715071e-02
    outer loop
      vertex   4.413989e+01 -5.471464e+01 1.468324e+02
      vertex   4.593011e+01 -5.505007e+01 1.462426e+02
      vertex   4.572412e+01 -5.505007e+01 1.471118e+02
    endloop
  endfacet
  facet normal -2.030732e-01 -9.788758e-01 -2.373585e-02
    outer loop
      vertex   4.413989e+01 -5.471464e+01 1.468324e+02
      vertex   4.572412e+01 -5.505007e+01 1.471118e+02
      vertex   4.401448e+01 -5.471464e+01 1.479054e+02
    endloop
  endfacet
  facet normal -1.921254e-01 -9.788758e-01 6.992794e-02
    outer loop
      vertex   4.475851e+01 -5.471464e+01 1.521250e+02
      vertex   4.438902e+01 -5.471464e+01 1.511099e+02
      vertex   4.593011e+01 -5.505007e+01 1.506485e+02
    endloop
  endfacet
  facet normal -1.989445e-01 -9.788758e-01 4.715071e-02
    outer loop
      vertex   4.593011e+01 -5.505007e+01 1.506485e+02
      vertex   4.438902e+01 -5.471464e+01 1.511099e+02
      vertex   4.572412e+01 -5.505007e+01 1.497794e+02
    endloop
  endfacet
  facet normal -1.827082e-01 -9.788758e-01 9.175952e-02
    outer loop
      vertex   4.524334e+01 -5.471464e+01 1.530904e+02
      vertex   4.475851e+01 -5.471464e+01 1.521250e+02
      vertex   4.623561e+01 -5.505007e+01 1.514879e+02
    endloop
  endfacet
  facet normal -1.921254e-01 -9.788758e-01 6.992794e-02
    outer loop
      vertex   4.623561e+01 -5.505007e+01 1.514879e+02
      vertex   4.475851e+01 -5.471464e+01 1.521250e+02
      vertex   4.593011e+01 -5.505007e+01 1.506485e+02
    endloop
  endfacet
  facet normal -1.403060e-01 -9.788758e-01 1.487156e-01
    outer loop
      vertex   4.653137e+01 -5.471464e+01 1.548205e+02
      vertex   4.770147e+01 -5.505007e+01 1.537166e+02
      vertex   4.731714e+01 -5.471464e+01 1.555619e+02
    endloop
  endfacet
  facet normal -1.403060e-01 -9.788758e-01 1.487156e-01
    outer loop
      vertex   4.731714e+01 -5.471464e+01 1.555619e+02
      vertex   4.770147e+01 -5.505007e+01 1.537166e+02
      vertex   4.835117e+01 -5.505007e+01 1.543296e+02
    endloop
  endfacet
  facet normal 1.600128e-02 -9.417588e-01 3.359081e-01
    outer loop
      vertex   1.132884e+02 -5.361053e+01 1.608307e+02
      vertex   1.132884e+02 -5.416258e+01 1.592830e+02
      vertex   1.144657e+02 -5.361053e+01 1.607747e+02
    endloop
  endfacet
  facet normal 2.471253e-02 -9.437393e-01 3.297658e-01
    outer loop
      vertex   1.144657e+02 -5.361053e+01 1.607747e+02
      vertex   1.132884e+02 -5.416258e+01 1.592830e+02
      vertex   1.149037e+02 -5.416258e+01 1.591619e+02
    endloop
  endfacet
  facet normal 4.819121e-02 -9.409218e-01 3.351772e-01
    outer loop
      vertex   1.144657e+02 -5.361053e+01 1.607747e+02
      vertex   1.149037e+02 -5.416258e+01 1.591619e+02
      vertex   1.156323e+02 -5.361053e+01 1.606069e+02
    endloop
  endfacet
  facet normal 7.377659e-02 -9.434380e-01 3.232363e-01
    outer loop
      vertex   1.156323e+02 -5.361053e+01 1.606069e+02
      vertex   1.149037e+02 -5.416258e+01 1.591619e+02
      vertex   1.164828e+02 -5.416258e+01 1.588015e+02
    endloop
  endfacet
  facet normal 7.892021e-02 -9.423071e-01 3.253135e-01
    outer loop
      vertex   1.156323e+02 -5.361053e+01 1.606069e+02
      vertex   1.164828e+02 -5.416258e+01 1.588015e+02
      vertex   1.167777e+02 -5.361053e+01 1.603291e+02
    endloop
  endfacet
  facet normal 1.103699e-01 -9.413425e-01 3.188930e-01
    outer loop
      vertex   1.167777e+02 -5.361053e+01 1.603291e+02
      vertex   1.164828e+02 -5.416258e+01 1.588015e+02
      vertex   1.178915e+02 -5.361053e+01 1.599436e+02
    endloop
  endfacet
  facet normal 6.683501e-02 -9.788987e-01 1.931071e-01
    outer loop
      vertex   1.167777e+02 -5.361053e+01 1.603291e+02
      vertex   1.178915e+02 -5.361053e+01 1.599436e+02
      vertex   1.184894e+02 -5.327510e+01 1.614370e+02
    endloop
  endfacet
  facet normal 8.488838e-02 -9.788987e-01 1.858796e-01
    outer loop
      vertex   1.184894e+02 -5.327510e+01 1.614370e+02
      vertex   1.178915e+02 -5.361053e+01 1.599436e+02
      vertex   1.197008e+02 -5.327510e+01 1.608838e+02
    endloop
  endfacet
  facet normal 2.849442e-02 -9.976447e-01 6.239409e-02
    outer loop
      vertex   1.184894e+02 -5.327510e+01 1.614370e+02
      vertex   1.197008e+02 -5.327510e+01 1.608838e+02
      vertex   1.190775e+02 -5.316258e+01 1.629675e+02
    endloop
  endfacet
  facet normal 2.974507e-02 -9.975850e-01 6.276496e-02
    outer loop
      vertex   1.190775e+02 -5.316258e+01 1.629675e+02
      vertex   1.197008e+02 -5.327510e+01 1.608838e+02
      vertex   1.208626e+02 -5.316258e+01 1.621215e+02
    endloop
  endfacet
  facet normal 3.395904e-02 -9.976909e-01 5.881878e-02
    outer loop
      vertex   1.208626e+02 -5.316258e+01 1.621215e+02
      vertex   1.197008e+02 -5.327510e+01 1.608838e+02
      vertex   1.208541e+02 -5.327510e+01 1.602179e+02
    endloop
  endfacet
  facet normal 3.760320e-02 -9.975616e-01 5.879476e-02
    outer loop
      vertex   1.208626e+02 -5.316258e+01 1.621215e+02
      vertex   1.208541e+02 -5.327510e+01 1.602179e+02
      vertex   1.225268e+02 -5.316258e+01 1.610571e+02
    endloop
  endfacet
  facet normal 3.937096e-02 -9.976939e-01 5.528877e-02
    outer loop
      vertex   1.225268e+02 -5.316258e+01 1.610571e+02
      vertex   1.208541e+02 -5.327510e+01 1.602179e+02
      vertex   1.219388e+02 -5.327510e+01 1.594455e+02
    endloop
  endfacet
  facet normal 4.455565e-02 -9.975793e-01 5.338927e-02
    outer loop
      vertex   1.225268e+02 -5.316258e+01 1.610571e+02
      vertex   1.219388e+02 -5.327510e+01 1.594455e+02
      vertex   1.240435e+02 -5.316258e+01 1.597914e+02
    endloop
  endfacet
  facet normal 4.483107e-02 -9.976539e-01 5.173781e-02
    outer loop
      vertex   1.240435e+02 -5.316258e+01 1.597914e+02
      vertex   1.219388e+02 -5.327510e+01 1.594455e+02
      vertex   1.229453e+02 -5.327510e+01 1.585734e+02
    endloop
  endfacet
  facet normal 4.967721e-02 -9.976415e-01 4.736713e-02
    outer loop
      vertex   1.240435e+02 -5.316258e+01 1.597914e+02
      vertex   1.229453e+02 -5.327510e+01 1.585734e+02
      vertex   1.238643e+02 -5.327510e+01 1.576096e+02
    endloop
  endfacet
  facet normal 1.478921e-01 -9.788987e-01 1.410149e-01
    outer loop
      vertex   1.238643e+02 -5.327510e+01 1.576096e+02
      vertex   1.229453e+02 -5.327510e+01 1.585734e+02
      vertex   1.218352e+02 -5.361053e+01 1.574091e+02
    endloop
  endfacet
  facet normal 1.478921e-01 -9.788987e-01 1.410149e-01
    outer loop
      vertex   1.238643e+02 -5.327510e+01 1.576096e+02
      vertex   1.218352e+02 -5.361053e+01 1.574091e+02
      vertex   1.226485e+02 -5.361053e+01 1.565561e+02
    endloop
  endfacet
  facet normal 2.392559e-01 -9.437761e-01 2.281301e-01
    outer loop
      vertex   1.226485e+02 -5.361053e+01 1.565561e+02
      vertex   1.218352e+02 -5.361053e+01 1.574091e+02
      vertex   1.217615e+02 -5.416258e+01 1.552026e+02
    endloop
  endfacet
  facet normal 2.661764e-01 -9.409218e-01 2.093234e-01
    outer loop
      vertex   1.226485e+02 -5.361053e+01 1.565561e+02
      vertex   1.217615e+02 -5.416258e+01 1.552026e+02
      vertex   1.233771e+02 -5.361053e+01 1.556297e+02
    endloop
  endfacet
  facet normal 2.732293e-01 -9.437393e-01 1.862846e-01
    outer loop
      vertex   1.233771e+02 -5.361053e+01 1.556297e+02
      vertex   1.217615e+02 -5.416258e+01 1.552026e+02
      vertex   1.226739e+02 -5.416258e+01 1.538643e+02
    endloop
  endfacet
  facet normal 2.829043e-01 -9.417588e-01 1.818116e-01
    outer loop
      vertex   1.233771e+02 -5.361053e+01 1.556297e+02
      vertex   1.226739e+02 -5.416258e+01 1.538643e+02
      vertex   1.240143e+02 -5.361053e+01 1.546382e+02
    endloop
  endfacet
  facet normal 2.989056e-01 -9.417588e-01 1.540966e-01
    outer loop
      vertex   1.240143e+02 -5.361053e+01 1.546382e+02
      vertex   1.226739e+02 -5.416258e+01 1.538643e+02
      vertex   1.245544e+02 -5.361053e+01 1.535906e+02
    endloop
  endfacet
  facet normal 1.816299e-01 -9.788987e-01 9.363673e-02
    outer loop
      vertex   1.240143e+02 -5.361053e+01 1.546382e+02
      vertex   1.245544e+02 -5.361053e+01 1.535906e+02
      vertex   1.260177e+02 -5.327510e+01 1.542588e+02
    endloop
  endfacet
  facet normal 1.948436e-01 -9.787043e-01 6.460527e-02
    outer loop
      vertex   1.260177e+02 -5.327510e+01 1.542588e+02
      vertex   1.245544e+02 -5.361053e+01 1.535906e+02
      vertex   1.261338e+02 -5.330655e+01 1.534320e+02
    endloop
  endfacet
  facet normal 1.272753e-01 -9.903104e-01 5.555517e-02
    outer loop
      vertex   1.260177e+02 -5.327510e+01 1.542588e+02
      vertex   1.261338e+02 -5.330655e+01 1.534320e+02
      vertex   1.258203e+02 -5.320963e+01 1.558781e+02
    endloop
  endfacet
  facet normal 1.206586e-01 -9.438890e-01 3.074330e-01
    outer loop
      vertex   1.164828e+02 -5.416258e+01 1.588015e+02
      vertex   1.179906e+02 -5.416258e+01 1.582097e+02
      vertex   1.178915e+02 -5.361053e+01 1.599436e+02
    endloop
  endfacet
  facet normal 1.405069e-01 -9.410625e-01 3.076672e-01
    outer loop
      vertex   1.178915e+02 -5.361053e+01 1.599436e+02
      vertex   1.179906e+02 -5.416258e+01 1.582097e+02
      vertex   1.189636e+02 -5.361053e+01 1.594540e+02
    endloop
  endfacet
  facet normal 8.488838e-02 -9.788987e-01 1.858796e-01
    outer loop
      vertex   1.178915e+02 -5.361053e+01 1.599436e+02
      vertex   1.189636e+02 -5.361053e+01 1.594540e+02
      vertex   1.197008e+02 -5.327510e+01 1.608838e+02
    endloop
  endfacet
  facet normal 1.021730e-01 -9.788987e-01 1.769688e-01
    outer loop
      vertex   1.197008e+02 -5.327510e+01 1.608838e+02
      vertex   1.189636e+02 -5.361053e+01 1.594540e+02
      vertex   1.208541e+02 -5.327510e+01 1.602179e+02
    endloop
  endfacet
  facet normal 1.664222e-01 -9.429818e-01 2.882516e-01
    outer loop
      vertex   1.179906e+02 -5.416258e+01 1.582097e+02
      vertex   1.193934e+02 -5.416258e+01 1.573999e+02
      vertex   1.189636e+02 -5.361053e+01 1.594540e+02
    endloop
  endfacet
  facet normal 1.664222e-01 -9.429818e-01 2.882516e-01
    outer loop
      vertex   1.189636e+02 -5.361053e+01 1.594540e+02
      vertex   1.193934e+02 -5.416258e+01 1.573999e+02
      vertex   1.199844e+02 -5.361053e+01 1.588646e+02
    endloop
  endfacet
  facet normal 1.021730e-01 -9.788987e-01 1.769688e-01
    outer loop
      vertex   1.189636e+02 -5.361053e+01 1.594540e+02
      vertex   1.199844e+02 -5.361053e+01 1.588646e+02
      vertex   1.208541e+02 -5.327510e+01 1.602179e+02
    endloop
  endfacet
  facet normal 1.185323e-01 -9.788987e-01 1.664553e-01
    outer loop
      vertex   1.208541e+02 -5.327510e+01 1.602179e+02
      vertex   1.199844e+02 -5.361053e+01 1.588646e+02
      vertex   1.219388e+02 -5.327510e+01 1.594455e+02
    endloop
  endfacet
  facet normal 1.961942e-01 -9.410625e-01 2.755161e-01
    outer loop
      vertex   1.199844e+02 -5.361053e+01 1.588646e+02
      vertex   1.193934e+02 -5.416258e+01 1.573999e+02
      vertex   1.209444e+02 -5.361053e+01 1.581810e+02
    endloop
  endfacet
  facet normal 2.059155e-01 -9.438890e-01 2.582099e-01
    outer loop
      vertex   1.209444e+02 -5.361053e+01 1.581810e+02
      vertex   1.193934e+02 -5.416258e+01 1.573999e+02
      vertex   1.206597e+02 -5.416258e+01 1.563900e+02
    endloop
  endfacet
  facet normal 2.209844e-01 -9.413425e-01 2.550296e-01
    outer loop
      vertex   1.209444e+02 -5.361053e+01 1.581810e+02
      vertex   1.206597e+02 -5.416258e+01 1.563900e+02
      vertex   1.218352e+02 -5.361053e+01 1.574091e+02
    endloop
  endfacet
  facet normal 2.452688e-01 -9.423652e-01 2.275762e-01
    outer loop
      vertex   1.218352e+02 -5.361053e+01 1.574091e+02
      vertex   1.206597e+02 -5.416258e+01 1.563900e+02
      vertex   1.217615e+02 -5.416258e+01 1.552026e+02
    endloop
  endfacet
  facet normal 2.979419e-01 -9.437393e-01 1.434812e-01
    outer loop
      vertex   1.226739e+02 -5.416258e+01 1.538643e+02
      vertex   1.233767e+02 -5.416258e+01 1.524049e+02
      vertex   1.245544e+02 -5.361053e+01 1.535906e+02
    endloop
  endfacet
  facet normal 3.143676e-01 -9.409218e-01 1.258538e-01
    outer loop
      vertex   1.245544e+02 -5.361053e+01 1.535906e+02
      vertex   1.233767e+02 -5.416258e+01 1.524049e+02
      vertex   1.249924e+02 -5.361053e+01 1.524964e+02
    endloop
  endfacet
  facet normal 1.959954e-01 -9.774605e-01 7.846470e-02
    outer loop
      vertex   1.245544e+02 -5.361053e+01 1.535906e+02
      vertex   1.249924e+02 -5.361053e+01 1.524964e+02
      vertex   1.261338e+02 -5.330655e+01 1.534320e+02
    endloop
  endfacet
  facet normal 2.094747e-01 -9.758777e-01 6.150731e-02
    outer loop
      vertex   1.261338e+02 -5.330655e+01 1.534320e+02
      vertex   1.249924e+02 -5.361053e+01 1.524964e+02
      vertex   1.253245e+02 -5.361053e+01 1.513655e+02
    endloop
  endfacet
  facet normal 2.297957e-01 -9.717975e-01 5.294868e-02
    outer loop
      vertex   1.261338e+02 -5.330655e+01 1.534320e+02
      vertex   1.253245e+02 -5.361053e+01 1.513655e+02
      vertex   1.263268e+02 -5.339633e+01 1.509468e+02
    endloop
  endfacet
  facet normal 2.261676e-01 -9.731126e-01 4.359023e-02
    outer loop
      vertex   1.263268e+02 -5.339633e+01 1.509468e+02
      vertex   1.253245e+02 -5.361053e+01 1.513655e+02
      vertex   1.255475e+02 -5.361053e+01 1.502082e+02
    endloop
  endfacet
  facet normal 2.443512e-01 -9.694060e-01 2.333271e-02
    outer loop
      vertex   1.263268e+02 -5.339633e+01 1.509468e+02
      vertex   1.255475e+02 -5.361053e+01 1.502082e+02
      vertex   1.256596e+02 -5.361053e+01 1.490349e+02
    endloop
  endfacet
  facet normal 3.367011e-01 -9.410625e-01 3.215105e-02
    outer loop
      vertex   1.256596e+02 -5.361053e+01 1.490349e+02
      vertex   1.255475e+02 -5.361053e+01 1.502082e+02
      vertex   1.240955e+02 -5.416258e+01 1.492555e+02
    endloop
  endfacet
  facet normal 3.328443e-01 -9.429818e-01 0.000000e+00
    outer loop
      vertex   1.256596e+02 -5.361053e+01 1.490349e+02
      vertex   1.240955e+02 -5.416258e+01 1.492555e+02
      vertex   1.240955e+02 -5.416258e+01 1.476357e+02
    endloop
  endfacet
  facet normal 3.168192e-01 -9.434380e-01 9.772577e-02
    outer loop
      vertex   1.233767e+02 -5.416258e+01 1.524049e+02
      vertex   1.238541e+02 -5.416258e+01 1.508571e+02
      vertex   1.249924e+02 -5.361053e+01 1.524964e+02
    endloop
  endfacet
  facet normal 3.211899e-01 -9.423071e-01 9.430986e-02
    outer loop
      vertex   1.249924e+02 -5.361053e+01 1.524964e+02
      vertex   1.238541e+02 -5.416258e+01 1.508571e+02
      vertex   1.253245e+02 -5.361053e+01 1.513655e+02
    endloop
  endfacet
  facet normal 3.313544e-01 -9.413425e-01 6.386332e-02
    outer loop
      vertex   1.253245e+02 -5.361053e+01 1.513655e+02
      vertex   1.238541e+02 -5.416258e+01 1.508571e+02
      vertex   1.255475e+02 -5.361053e+01 1.502082e+02
    endloop
  endfacet
  facet normal 3.265740e-01 -9.438890e-01 4.922312e-02
    outer loop
      vertex   1.255475e+02 -5.361053e+01 1.502082e+02
      vertex   1.238541e+02 -5.416258e+01 1.508571e+02
      vertex   1.240955e+02 -5.416258e+01 1.492555e+02
    endloop
  endfacet
  facet normal 3.265740e-01 -9.438890e-01 -4.922312e-02
    outer loop
      vertex   1.238541e+02 -5.416258e+01 1.460340e+02
      vertex   1.255475e+02 -5.361053e+01 1.466830e+02
      vertex   1.240955e+02 -5.416258e+01 1.476357e+02
    endloop
  endfacet
  facet normal 3.367011e-01 -9.410625e-01 -3.215105e-02
    outer loop
      vertex   1.240955e+02 -5.416258e+01 1.476357e+02
      vertex   1.255475e+02 -5.361053e+01 1.466830e+02
      vertex   1.256596e+02 -5.361053e+01 1.478563e+02
    endloop
  endfacet
  facet normal 3.328443e-01 -9.429818e-01 -3.975499e-15
    outer loop
      vertex   1.240955e+02 -5.416258e+01 1.476357e+02
      vertex   1.256596e+02 -5.361053e+01 1.478563e+02
      vertex   1.256596e+02 -5.361053e+01 1.490349e+02
    endloop
  endfacet
  facet normal 2.365168e-01 -9.716274e-01 -2.851728e-15
    outer loop
      vertex   1.256596e+02 -5.361053e+01 1.490349e+02
      vertex   1.256596e+02 -5.361053e+01 1.478563e+02
      vertex   1.263916e+02 -5.343235e+01 1.484456e+02
    endloop
  endfacet
  facet normal 2.519852e-01 -9.675148e-01 2.045682e-02
    outer loop
      vertex   1.256596e+02 -5.361053e+01 1.490349e+02
      vertex   1.263916e+02 -5.343235e+01 1.484456e+02
      vertex   1.263268e+02 -5.339633e+01 1.509468e+02
    endloop
  endfacet
  facet normal 3.313544e-01 -9.413425e-01 -6.386332e-02
    outer loop
      vertex   1.255475e+02 -5.361053e+01 1.466830e+02
      vertex   1.238541e+02 -5.416258e+01 1.460340e+02
      vertex   1.253245e+02 -5.361053e+01 1.455257e+02
    endloop
  endfacet
  facet normal 3.197212e-01 -9.423652e-01 -9.862093e-02
    outer loop
      vertex   1.253245e+02 -5.361053e+01 1.455257e+02
      vertex   1.238541e+02 -5.416258e+01 1.460340e+02
      vertex   1.233767e+02 -5.416258e+01 1.444862e+02
    endloop
  endfacet
  facet normal 3.171944e-01 -9.437761e-01 -9.313668e-02
    outer loop
      vertex   1.253245e+02 -5.361053e+01 1.455257e+02
      vertex   1.233767e+02 -5.416258e+01 1.444862e+02
      vertex   1.249924e+02 -5.361053e+01 1.443948e+02
    endloop
  endfacet
  facet normal 3.143676e-01 -9.409218e-01 -1.258538e-01
    outer loop
      vertex   1.249924e+02 -5.361053e+01 1.443948e+02
      vertex   1.233767e+02 -5.416258e+01 1.444862e+02
      vertex   1.245544e+02 -5.361053e+01 1.433006e+02
    endloop
  endfacet
  facet normal 1.959954e-01 -9.774605e-01 -7.846470e-02
    outer loop
      vertex   1.249924e+02 -5.361053e+01 1.443948e+02
      vertex   1.245544e+02 -5.361053e+01 1.433006e+02
      vertex   1.261338e+02 -5.330655e+01 1.434591e+02
    endloop
  endfacet
  facet normal 1.948436e-01 -9.787043e-01 -6.460527e-02
    outer loop
      vertex   1.261338e+02 -5.330655e+01 1.434591e+02
      vertex   1.245544e+02 -5.361053e+01 1.433006e+02
      vertex   1.260177e+02 -5.327510e+01 1.426323e+02
    endloop
  endfacet
  facet normal 1.272753e-01 -9.903104e-01 -5.555517e-02
    outer loop
      vertex   1.261338e+02 -5.330655e+01 1.434591e+02
      vertex   1.260177e+02 -5.327510e+01 1.426323e+02
      vertex   1.258203e+02 -5.320963e+01 1.410131e+02
    endloop
  endfacet
  facet normal 1.020356e-01 -9.933890e-01 -5.260300e-02
    outer loop
      vertex   1.258203e+02 -5.320963e+01 1.410131e+02
      vertex   1.260177e+02 -5.327510e+01 1.426323e+02
      vertex   1.254074e+02 -5.327510e+01 1.414487e+02
    endloop
  endfacet
  facet normal 9.391373e-02 -9.937492e-01 -6.035469e-02
    outer loop
      vertex   1.258203e+02 -5.320963e+01 1.410131e+02
      vertex   1.254074e+02 -5.327510e+01 1.414487e+02
      vertex   1.246875e+02 -5.327510e+01 1.403283e+02
    endloop
  endfacet
  facet normal 1.719068e-01 -9.788987e-01 -1.104778e-01
    outer loop
      vertex   1.246875e+02 -5.327510e+01 1.403283e+02
      vertex   1.254074e+02 -5.327510e+01 1.414487e+02
      vertex   1.240143e+02 -5.361053e+01 1.422530e+02
    endloop
  endfacet
  facet normal 1.719068e-01 -9.788987e-01 -1.104778e-01
    outer loop
      vertex   1.246875e+02 -5.327510e+01 1.403283e+02
      vertex   1.240143e+02 -5.361053e+01 1.422530e+02
      vertex   1.233771e+02 -5.361053e+01 1.412615e+02
    endloop
  endfacet
  facet normal 2.829043e-01 -9.417588e-01 -1.818116e-01
    outer loop
      vertex   1.233771e+02 -5.361053e+01 1.412615e+02
      vertex   1.240143e+02 -5.361053e+01 1.422530e+02
      vertex   1.226739e+02 -5.416258e+01 1.430269e+02
    endloop
  endfacet
  facet normal 2.732293e-01 -9.437393e-01 -1.862846e-01
    outer loop
      vertex   1.233771e+02 -5.361053e+01 1.412615e+02
      vertex   1.226739e+02 -5.416258e+01 1.430269e+02
      vertex   1.217615e+02 -5.416258e+01 1.416886e+02
    endloop
  endfacet
  facet normal 2.979419e-01 -9.437393e-01 -1.434812e-01
    outer loop
      vertex   1.233767e+02 -5.416258e+01 1.444862e+02
      vertex   1.226739e+02 -5.416258e+01 1.430269e+02
      vertex   1.245544e+02 -5.361053e+01 1.433006e+02
    endloop
  endfacet
  facet normal 2.989056e-01 -9.417588e-01 -1.540966e-01
    outer loop
      vertex   1.245544e+02 -5.361053e+01 1.433006e+02
      vertex   1.226739e+02 -5.416258e+01 1.430269e+02
      vertex   1.240143e+02 -5.361053e+01 1.422530e+02
    endloop
  endfacet
  facet normal 1.816299e-01 -9.788987e-01 -9.363673e-02
    outer loop
      vertex   1.245544e+02 -5.361053e+01 1.433006e+02
      vertex   1.240143e+02 -5.361053e+01 1.422530e+02
      vertex   1.254074e+02 -5.327510e+01 1.414487e+02
    endloop
  endfacet
  facet normal 2.661764e-01 -9.409218e-01 -2.093234e-01
    outer loop
      vertex   1.233771e+02 -5.361053e+01 1.412615e+02
      vertex   1.217615e+02 -5.416258e+01 1.416886e+02
      vertex   1.226485e+02 -5.361053e+01 1.403350e+02
    endloop
  endfacet
  facet normal 2.430426e-01 -9.434380e-01 -2.255106e-01
    outer loop
      vertex   1.226485e+02 -5.361053e+01 1.403350e+02
      vertex   1.217615e+02 -5.416258e+01 1.416886e+02
      vertex   1.206597e+02 -5.416258e+01 1.405012e+02
    endloop
  endfacet
  facet normal 2.422697e-01 -9.423071e-01 -2.310037e-01
    outer loop
      vertex   1.226485e+02 -5.361053e+01 1.403350e+02
      vertex   1.206597e+02 -5.416258e+01 1.405012e+02
      vertex   1.218352e+02 -5.361053e+01 1.394820e+02
    endloop
  endfacet
  facet normal 2.209844e-01 -9.413425e-01 -2.550296e-01
    outer loop
      vertex   1.218352e+02 -5.361053e+01 1.394820e+02
      vertex   1.206597e+02 -5.416258e+01 1.405012e+02
      vertex   1.209444e+02 -5.361053e+01 1.387102e+02
    endloop
  endfacet
  facet normal 1.338181e-01 -9.788987e-01 -1.544344e-01
    outer loop
      vertex   1.218352e+02 -5.361053e+01 1.394820e+02
      vertex   1.209444e+02 -5.361053e+01 1.387102e+02
      vertex   1.219388e+02 -5.327510e+01 1.374457e+02
    endloop
  endfacet
  facet normal 1.185323e-01 -9.788987e-01 -1.664553e-01
    outer loop
      vertex   1.219388e+02 -5.327510e+01 1.374457e+02
      vertex   1.209444e+02 -5.361053e+01 1.387102e+02
      vertex   1.208541e+02 -5.327510e+01 1.366732e+02
    endloop
  endfacet
  facet normal 3.937096e-02 -9.976939e-01 -5.528877e-02
    outer loop
      vertex   1.219388e+02 -5.327510e+01 1.374457e+02
      vertex   1.208541e+02 -5.327510e+01 1.366732e+02
      vertex   1.225268e+02 -5.316258e+01 1.358340e+02
    endloop
  endfacet
  facet normal 3.760320e-02 -9.975616e-01 -5.879476e-02
    outer loop
      vertex   1.225268e+02 -5.316258e+01 1.358340e+02
      vertex   1.208541e+02 -5.327510e+01 1.366732e+02
      vertex   1.208626e+02 -5.316258e+01 1.347697e+02
    endloop
  endfacet
  facet normal 3.395904e-02 -9.976909e-01 -5.881878e-02
    outer loop
      vertex   1.208626e+02 -5.316258e+01 1.347697e+02
      vertex   1.208541e+02 -5.327510e+01 1.366732e+02
      vertex   1.197008e+02 -5.327510e+01 1.360074e+02
    endloop
  endfacet
  facet normal 2.974507e-02 -9.975850e-01 -6.276496e-02
    outer loop
      vertex   1.208626e+02 -5.316258e+01 1.347697e+02
      vertex   1.197008e+02 -5.327510e+01 1.360074e+02
      vertex   1.190775e+02 -5.316258e+01 1.339237e+02
    endloop
  endfacet
  facet normal 2.849442e-02 -9.976447e-01 -6.239409e-02
    outer loop
      vertex   1.190775e+02 -5.316258e+01 1.339237e+02
      vertex   1.197008e+02 -5.327510e+01 1.360074e+02
      vertex   1.184894e+02 -5.327510e+01 1.354541e+02
    endloop
  endfacet
  facet normal 2.240483e-02 -9.976510e-01 -6.473451e-02
    outer loop
      vertex   1.190775e+02 -5.316258e+01 1.339237e+02
      vertex   1.184894e+02 -5.327510e+01 1.354541e+02
      vertex   1.172309e+02 -5.327510e+01 1.350186e+02
    endloop
  endfacet
  facet normal 6.683501e-02 -9.788987e-01 -1.931071e-01
    outer loop
      vertex   1.172309e+02 -5.327510e+01 1.350186e+02
      vertex   1.184894e+02 -5.327510e+01 1.354541e+02
      vertex   1.178915e+02 -5.361053e+01 1.369476e+02
    endloop
  endfacet
  facet normal 6.683501e-02 -9.788987e-01 -1.931071e-01
    outer loop
      vertex   1.172309e+02 -5.327510e+01 1.350186e+02
      vertex   1.178915e+02 -5.361053e+01 1.369476e+02
      vertex   1.167777e+02 -5.361053e+01 1.365621e+02
    endloop
  endfacet
  facet normal 1.103699e-01 -9.413425e-01 -3.188930e-01
    outer loop
      vertex   1.167777e+02 -5.361053e+01 1.365621e+02
      vertex   1.178915e+02 -5.361053e+01 1.369476e+02
      vertex   1.164828e+02 -5.416258e+01 1.380896e+02
    endloop
  endfacet
  facet normal 7.445237e-02 -9.423652e-01 -3.261972e-01
    outer loop
      vertex   1.167777e+02 -5.361053e+01 1.365621e+02
      vertex   1.164828e+02 -5.416258e+01 1.380896e+02
      vertex   1.149037e+02 -5.416258e+01 1.377292e+02
    endloop
  endfacet
  facet normal 2.059155e-01 -9.438890e-01 -2.582099e-01
    outer loop
      vertex   1.206597e+02 -5.416258e+01 1.405012e+02
      vertex   1.193934e+02 -5.416258e+01 1.394913e+02
      vertex   1.209444e+02 -5.361053e+01 1.387102e+02
    endloop
  endfacet
  facet normal 1.961942e-01 -9.410625e-01 -2.755161e-01
    outer loop
      vertex   1.209444e+02 -5.361053e+01 1.387102e+02
      vertex   1.193934e+02 -5.416258e+01 1.394913e+02
      vertex   1.199844e+02 -5.361053e+01 1.380265e+02
    endloop
  endfacet
  facet normal 1.185323e-01 -9.788987e-01 -1.664553e-01
    outer loop
      vertex   1.209444e+02 -5.361053e+01 1.387102e+02
      vertex   1.199844e+02 -5.361053e+01 1.380265e+02
      vertex   1.208541e+02 -5.327510e+01 1.366732e+02
    endloop
  endfacet
  facet normal 1.021730e-01 -9.788987e-01 -1.769688e-01
    outer loop
      vertex   1.208541e+02 -5.327510e+01 1.366732e+02
      vertex   1.199844e+02 -5.361053e+01 1.380265e+02
      vertex   1.197008e+02 -5.327510e+01 1.360074e+02
    endloop
  endfacet
  facet normal 1.664222e-01 -9.429818e-01 -2.882516e-01
    outer loop
      vertex   1.193934e+02 -5.416258e+01 1.394913e+02
      vertex   1.179906e+02 -5.416258e+01 1.386814e+02
      vertex   1.199844e+02 -5.361053e+01 1.380265e+02
    endloop
  endfacet
  facet normal 1.664222e-01 -9.429818e-01 -2.882516e-01
    outer loop
      vertex   1.199844e+02 -5.361053e+01 1.380265e+02
      vertex   1.179906e+02 -5.416258e+01 1.386814e+02
      vertex   1.189636e+02 -5.361053e+01 1.374372e+02
    endloop
  endfacet
  facet normal 1.021730e-01 -9.788987e-01 -1.769688e-01
    outer loop
      vertex   1.199844e+02 -5.361053e+01 1.380265e+02
      vertex   1.189636e+02 -5.361053e+01 1.374372e+02
      vertex   1.197008e+02 -5.327510e+01 1.360074e+02
    endloop
  endfacet
  facet normal 8.488838e-02 -9.788987e-01 -1.858796e-01
    outer loop
      vertex   1.197008e+02 -5.327510e+01 1.360074e+02
      vertex   1.189636e+02 -5.361053e+01 1.374372e+02
      vertex   1.184894e+02 -5.327510e+01 1.354541e+02
    endloop
  endfacet
  facet normal 1.405069e-01 -9.410625e-01 -3.076672e-01
    outer loop
      vertex   1.189636e+02 -5.361053e+01 1.374372e+02
      vertex   1.179906e+02 -5.416258e+01 1.386814e+02
      vertex   1.178915e+02 -5.361053e+01 1.369476e+02
    endloop
  endfacet
  facet normal 1.206586e-01 -9.438890e-01 -3.074330e-01
    outer loop
      vertex   1.178915e+02 -5.361053e+01 1.369476e+02
      vertex   1.179906e+02 -5.416258e+01 1.386814e+02
      vertex   1.164828e+02 -5.416258e+01 1.380896e+02
    endloop
  endfacet
  facet normal 2.471253e-02 -9.437393e-01 -3.297658e-01
    outer loop
      vertex   1.132884e+02 -5.416258e+01 1.376082e+02
      vertex   1.144657e+02 -5.361053e+01 1.361165e+02
      vertex   1.149037e+02 -5.416258e+01 1.377292e+02
    endloop
  endfacet
  facet normal 4.819121e-02 -9.409218e-01 -3.351772e-01
    outer loop
      vertex   1.149037e+02 -5.416258e+01 1.377292e+02
      vertex   1.144657e+02 -5.361053e+01 1.361165e+02
      vertex   1.156323e+02 -5.361053e+01 1.362842e+02
    endloop
  endfacet
  facet normal 7.793847e-02 -9.437761e-01 -3.212667e-01
    outer loop
      vertex   1.149037e+02 -5.416258e+01 1.377292e+02
      vertex   1.156323e+02 -5.361053e+01 1.362842e+02
      vertex   1.167777e+02 -5.361053e+01 1.365621e+02
    endloop
  endfacet
  facet normal 4.817638e-02 -9.788987e-01 -1.985858e-01
    outer loop
      vertex   1.167777e+02 -5.361053e+01 1.365621e+02
      vertex   1.156323e+02 -5.361053e+01 1.362842e+02
      vertex   1.159368e+02 -5.327510e+01 1.347046e+02
    endloop
  endfacet
  facet normal 4.817638e-02 -9.788987e-01 -1.985858e-01
    outer loop
      vertex   1.167777e+02 -5.361053e+01 1.365621e+02
      vertex   1.159368e+02 -5.327510e+01 1.347046e+02
      vertex   1.172309e+02 -5.327510e+01 1.350186e+02
    endloop
  endfacet
  facet normal 1.600509e-02 -9.976930e-01 -6.597388e-02
    outer loop
      vertex   1.172309e+02 -5.327510e+01 1.350186e+02
      vertex   1.159368e+02 -5.327510e+01 1.347046e+02
      vertex   1.171999e+02 -5.316258e+01 1.333096e+02
    endloop
  endfacet
  facet normal 2.160977e-02 -9.975811e-01 -6.606821e-02
    outer loop
      vertex   1.172309e+02 -5.327510e+01 1.350186e+02
      vertex   1.171999e+02 -5.316258e+01 1.333096e+02
      vertex   1.190775e+02 -5.316258e+01 1.339237e+02
    endloop
  endfacet
  facet normal 1.600128e-02 -9.417588e-01 -3.359081e-01
    outer loop
      vertex   1.132884e+02 -5.416258e+01 1.376082e+02
      vertex   1.132884e+02 -5.361053e+01 1.360604e+02
      vertex   1.144657e+02 -5.361053e+01 1.361165e+02
    endloop
  endfacet
  facet normal 9.723172e-03 -9.788987e-01 -2.041145e-01
    outer loop
      vertex   1.144657e+02 -5.361053e+01 1.361165e+02
      vertex   1.132884e+02 -5.361053e+01 1.360604e+02
      vertex   1.132884e+02 -5.327510e+01 1.344517e+02
    endloop
  endfacet
  facet normal 9.723172e-03 -9.788987e-01 -2.041145e-01
    outer loop
      vertex   1.144657e+02 -5.361053e+01 1.361165e+02
      vertex   1.132884e+02 -5.327510e+01 1.344517e+02
      vertex   1.146186e+02 -5.327510e+01 1.345151e+02
    endloop
  endfacet
  facet normal 3.261581e-03 -9.976479e-01 -6.846900e-02
    outer loop
      vertex   1.146186e+02 -5.327510e+01 1.345151e+02
      vertex   1.132884e+02 -5.327510e+01 1.344517e+02
      vertex   1.132884e+02 -5.316258e+01 1.328123e+02
    endloop
  endfacet
  facet normal 4.390127e-03 -9.975830e-01 -6.934633e-02
    outer loop
      vertex   1.146186e+02 -5.327510e+01 1.345151e+02
      vertex   1.132884e+02 -5.316258e+01 1.328123e+02
      vertex   1.152599e+02 -5.316258e+01 1.329371e+02
    endloop
  endfacet
  facet normal 9.663479e-03 -9.976920e-01 -6.721097e-02
    outer loop
      vertex   1.146186e+02 -5.327510e+01 1.345151e+02
      vertex   1.152599e+02 -5.316258e+01 1.329371e+02
      vertex   1.159368e+02 -5.327510e+01 1.347046e+02
    endloop
  endfacet
  facet normal 1.315824e-02 -9.975615e-01 -6.854098e-02
    outer loop
      vertex   1.159368e+02 -5.327510e+01 1.347046e+02
      vertex   1.152599e+02 -5.316258e+01 1.329371e+02
      vertex   1.171999e+02 -5.316258e+01 1.333096e+02
    endloop
  endfacet
  facet normal 4.455565e-02 -9.975793e-01 -5.338927e-02
    outer loop
      vertex   1.225268e+02 -5.316258e+01 1.358340e+02
      vertex   1.240435e+02 -5.316258e+01 1.370998e+02
      vertex   1.219388e+02 -5.327510e+01 1.374457e+02
    endloop
  endfacet
  facet normal 4.483107e-02 -9.976539e-01 -5.173781e-02
    outer loop
      vertex   1.219388e+02 -5.327510e+01 1.374457e+02
      vertex   1.240435e+02 -5.316258e+01 1.370998e+02
      vertex   1.229453e+02 -5.327510e+01 1.383178e+02
    endloop
  endfacet
  facet normal 1.338181e-01 -9.788987e-01 -1.544344e-01
    outer loop
      vertex   1.219388e+02 -5.327510e+01 1.374457e+02
      vertex   1.229453e+02 -5.327510e+01 1.383178e+02
      vertex   1.218352e+02 -5.361053e+01 1.394820e+02
    endloop
  endfacet
  facet normal 1.478921e-01 -9.788987e-01 -1.410149e-01
    outer loop
      vertex   1.218352e+02 -5.361053e+01 1.394820e+02
      vertex   1.229453e+02 -5.327510e+01 1.383178e+02
      vertex   1.226485e+02 -5.361053e+01 1.403350e+02
    endloop
  endfacet
  facet normal 4.967721e-02 -9.976415e-01 -4.736713e-02
    outer loop
      vertex   1.229453e+02 -5.327510e+01 1.383178e+02
      vertex   1.240435e+02 -5.316258e+01 1.370998e+02
      vertex   1.238643e+02 -5.327510e+01 1.392816e+02
    endloop
  endfacet
  facet normal 5.085080e-02 -9.975871e-01 -4.726792e-02
    outer loop
      vertex   1.238643e+02 -5.327510e+01 1.392816e+02
      vertex   1.240435e+02 -5.316258e+01 1.370998e+02
      vertex   1.253884e+02 -5.316258e+01 1.385467e+02
    endloop
  endfacet
  facet normal 6.715011e-02 -9.976519e-01 -1.347341e-02
    outer loop
      vertex   1.238643e+02 -5.327510e+01 1.392816e+02
      vertex   1.253884e+02 -5.316258e+01 1.385467e+02
      vertex   1.253945e+02 -5.316259e+01 1.385779e+02
    endloop
  endfacet
  facet normal 5.386654e-02 -9.976492e-01 -4.236112e-02
    outer loop
      vertex   1.238643e+02 -5.327510e+01 1.392816e+02
      vertex   1.253945e+02 -5.316259e+01 1.385779e+02
      vertex   1.246875e+02 -5.327510e+01 1.403283e+02
    endloop
  endfacet
  facet normal 7.740218e-02 -9.964610e-01 -3.277778e-02
    outer loop
      vertex   1.246875e+02 -5.327510e+01 1.403283e+02
      vertex   1.253945e+02 -5.316259e+01 1.385779e+02
      vertex   1.258203e+02 -5.320963e+01 1.410131e+02
    endloop
  endfacet
  facet normal 2.169328e-01 -9.747975e-01 -5.205832e-02
    outer loop
      vertex   1.261338e+02 -5.330655e+01 1.434591e+02
      vertex   1.263268e+02 -5.339633e+01 1.459443e+02
      vertex   1.249924e+02 -5.361053e+01 1.443948e+02
    endloop
  endfacet
  facet normal 2.360919e-01 -9.692548e-01 -6.932284e-02
    outer loop
      vertex   1.249924e+02 -5.361053e+01 1.443948e+02
      vertex   1.263268e+02 -5.339633e+01 1.459443e+02
      vertex   1.253245e+02 -5.361053e+01 1.455257e+02
    endloop
  endfacet
  facet normal 2.519852e-01 -9.675148e-01 -2.045682e-02
    outer loop
      vertex   1.263916e+02 -5.343235e+01 1.484456e+02
      vertex   1.256596e+02 -5.361053e+01 1.478563e+02
      vertex   1.263268e+02 -5.339633e+01 1.459443e+02
    endloop
  endfacet
  facet normal 2.443512e-01 -9.694060e-01 -2.333271e-02
    outer loop
      vertex   1.263268e+02 -5.339633e+01 1.459443e+02
      vertex   1.256596e+02 -5.361053e+01 1.478563e+02
      vertex   1.255475e+02 -5.361053e+01 1.466830e+02
    endloop
  endfacet
  facet normal 2.261676e-01 -9.731126e-01 -4.359023e-02
    outer loop
      vertex   1.263268e+02 -5.339633e+01 1.459443e+02
      vertex   1.255475e+02 -5.361053e+01 1.466830e+02
      vertex   1.253245e+02 -5.361053e+01 1.455257e+02
    endloop
  endfacet
  facet normal 7.740218e-02 -9.964610e-01 3.277778e-02
    outer loop
      vertex   1.253945e+02 -5.316259e+01 1.583133e+02
      vertex   1.246875e+02 -5.327510e+01 1.565628e+02
      vertex   1.258203e+02 -5.320963e+01 1.558781e+02
    endloop
  endfacet
  facet normal 9.391373e-02 -9.937492e-01 6.035469e-02
    outer loop
      vertex   1.258203e+02 -5.320963e+01 1.558781e+02
      vertex   1.246875e+02 -5.327510e+01 1.565628e+02
      vertex   1.254074e+02 -5.327510e+01 1.554425e+02
    endloop
  endfacet
  facet normal 1.020356e-01 -9.933890e-01 5.260300e-02
    outer loop
      vertex   1.258203e+02 -5.320963e+01 1.558781e+02
      vertex   1.254074e+02 -5.327510e+01 1.554425e+02
      vertex   1.260177e+02 -5.327510e+01 1.542588e+02
    endloop
  endfacet
  facet normal 1.816299e-01 -9.788987e-01 9.363673e-02
    outer loop
      vertex   1.260177e+02 -5.327510e+01 1.542588e+02
      vertex   1.254074e+02 -5.327510e+01 1.554425e+02
      vertex   1.240143e+02 -5.361053e+01 1.546382e+02
    endloop
  endfacet
  facet normal 5.386654e-02 -9.976492e-01 4.236112e-02
    outer loop
      vertex   1.246875e+02 -5.327510e+01 1.565628e+02
      vertex   1.253945e+02 -5.316259e+01 1.583133e+02
      vertex   1.238643e+02 -5.327510e+01 1.576096e+02
    endloop
  endfacet
  facet normal 6.715011e-02 -9.976519e-01 1.347341e-02
    outer loop
      vertex   1.238643e+02 -5.327510e+01 1.576096e+02
      vertex   1.253945e+02 -5.316259e+01 1.583133e+02
      vertex   1.253884e+02 -5.316258e+01 1.583445e+02
    endloop
  endfacet
  facet normal 5.085080e-02 -9.975871e-01 4.726792e-02
    outer loop
      vertex   1.238643e+02 -5.327510e+01 1.576096e+02
      vertex   1.253884e+02 -5.316258e+01 1.583445e+02
      vertex   1.240435e+02 -5.316258e+01 1.597914e+02
    endloop
  endfacet
  facet normal 2.240483e-02 -9.976510e-01 6.473451e-02
    outer loop
      vertex   1.184894e+02 -5.327510e+01 1.614370e+02
      vertex   1.190775e+02 -5.316258e+01 1.629675e+02
      vertex   1.172309e+02 -5.327510e+01 1.618726e+02
    endloop
  endfacet
  facet normal 2.160977e-02 -9.975811e-01 6.606821e-02
    outer loop
      vertex   1.172309e+02 -5.327510e+01 1.618726e+02
      vertex   1.190775e+02 -5.316258e+01 1.629675e+02
      vertex   1.171999e+02 -5.316258e+01 1.635816e+02
    endloop
  endfacet
  facet normal 1.600509e-02 -9.976930e-01 6.597388e-02
    outer loop
      vertex   1.172309e+02 -5.327510e+01 1.618726e+02
      vertex   1.171999e+02 -5.316258e+01 1.635816e+02
      vertex   1.159368e+02 -5.327510e+01 1.621865e+02
    endloop
  endfacet
  facet normal 1.315824e-02 -9.975615e-01 6.854098e-02
    outer loop
      vertex   1.159368e+02 -5.327510e+01 1.621865e+02
      vertex   1.171999e+02 -5.316258e+01 1.635816e+02
      vertex   1.152599e+02 -5.316258e+01 1.639540e+02
    endloop
  endfacet
  facet normal 9.663479e-03 -9.976920e-01 6.721097e-02
    outer loop
      vertex   1.159368e+02 -5.327510e+01 1.621865e+02
      vertex   1.152599e+02 -5.316258e+01 1.639540e+02
      vertex   1.146186e+02 -5.327510e+01 1.623760e+02
    endloop
  endfacet
  facet normal 4.390127e-03 -9.975830e-01 6.934633e-02
    outer loop
      vertex   1.146186e+02 -5.327510e+01 1.623760e+02
      vertex   1.152599e+02 -5.316258e+01 1.639540e+02
      vertex   1.132884e+02 -5.316258e+01 1.640788e+02
    endloop
  endfacet
  facet normal 3.261581e-03 -9.976479e-01 6.846900e-02
    outer loop
      vertex   1.146186e+02 -5.327510e+01 1.623760e+02
      vertex   1.132884e+02 -5.316258e+01 1.640788e+02
      vertex   1.132884e+02 -5.327510e+01 1.624394e+02
    endloop
  endfacet
  facet normal 9.723172e-03 -9.788987e-01 2.041145e-01
    outer loop
      vertex   1.132884e+02 -5.327510e+01 1.624394e+02
      vertex   1.132884e+02 -5.361053e+01 1.608307e+02
      vertex   1.146186e+02 -5.327510e+01 1.623760e+02
    endloop
  endfacet
  facet normal 9.723172e-03 -9.788987e-01 2.041145e-01
    outer loop
      vertex   1.146186e+02 -5.327510e+01 1.623760e+02
      vertex   1.132884e+02 -5.361053e+01 1.608307e+02
      vertex   1.144657e+02 -5.361053e+01 1.607747e+02
    endloop
  endfacet
  facet normal 2.908146e-02 -9.788987e-01 2.022660e-01
    outer loop
      vertex   1.146186e+02 -5.327510e+01 1.623760e+02
      vertex   1.144657e+02 -5.361053e+01 1.607747e+02
      vertex   1.159368e+02 -5.327510e+01 1.621865e+02
    endloop
  endfacet
  facet normal 2.908146e-02 -9.788987e-01 2.022660e-01
    outer loop
      vertex   1.159368e+02 -5.327510e+01 1.621865e+02
      vertex   1.144657e+02 -5.361053e+01 1.607747e+02
      vertex   1.156323e+02 -5.361053e+01 1.606069e+02
    endloop
  endfacet
  facet normal 4.817638e-02 -9.788987e-01 1.985858e-01
    outer loop
      vertex   1.159368e+02 -5.327510e+01 1.621865e+02
      vertex   1.156323e+02 -5.361053e+01 1.606069e+02
      vertex   1.172309e+02 -5.327510e+01 1.618726e+02
    endloop
  endfacet
  facet normal 4.817638e-02 -9.788987e-01 1.985858e-01
    outer loop
      vertex   1.172309e+02 -5.327510e+01 1.618726e+02
      vertex   1.156323e+02 -5.361053e+01 1.606069e+02
      vertex   1.167777e+02 -5.361053e+01 1.603291e+02
    endloop
  endfacet
  facet normal 6.683501e-02 -9.788987e-01 1.931071e-01
    outer loop
      vertex   1.172309e+02 -5.327510e+01 1.618726e+02
      vertex   1.167777e+02 -5.361053e+01 1.603291e+02
      vertex   1.184894e+02 -5.327510e+01 1.614370e+02
    endloop
  endfacet
  facet normal 1.338181e-01 -9.788987e-01 1.544344e-01
    outer loop
      vertex   1.229453e+02 -5.327510e+01 1.585734e+02
      vertex   1.219388e+02 -5.327510e+01 1.594455e+02
      vertex   1.209444e+02 -5.361053e+01 1.581810e+02
    endloop
  endfacet
  facet normal 1.185323e-01 -9.788987e-01 1.664553e-01
    outer loop
      vertex   1.209444e+02 -5.361053e+01 1.581810e+02
      vertex   1.219388e+02 -5.327510e+01 1.594455e+02
      vertex   1.199844e+02 -5.361053e+01 1.588646e+02
    endloop
  endfacet
  facet normal 1.338181e-01 -9.788987e-01 1.544344e-01
    outer loop
      vertex   1.218352e+02 -5.361053e+01 1.574091e+02
      vertex   1.229453e+02 -5.327510e+01 1.585734e+02
      vertex   1.209444e+02 -5.361053e+01 1.581810e+02
    endloop
  endfacet
  facet normal 1.606268e-01 -9.788987e-01 1.263183e-01
    outer loop
      vertex   1.238643e+02 -5.327510e+01 1.576096e+02
      vertex   1.226485e+02 -5.361053e+01 1.565561e+02
      vertex   1.246875e+02 -5.327510e+01 1.565628e+02
    endloop
  endfacet
  facet normal 1.606268e-01 -9.788987e-01 1.263183e-01
    outer loop
      vertex   1.246875e+02 -5.327510e+01 1.565628e+02
      vertex   1.226485e+02 -5.361053e+01 1.565561e+02
      vertex   1.233771e+02 -5.361053e+01 1.556297e+02
    endloop
  endfacet
  facet normal 1.719068e-01 -9.788987e-01 1.104778e-01
    outer loop
      vertex   1.246875e+02 -5.327510e+01 1.565628e+02
      vertex   1.233771e+02 -5.361053e+01 1.556297e+02
      vertex   1.254074e+02 -5.327510e+01 1.554425e+02
    endloop
  endfacet
  facet normal 1.719068e-01 -9.788987e-01 1.104778e-01
    outer loop
      vertex   1.254074e+02 -5.327510e+01 1.554425e+02
      vertex   1.233771e+02 -5.361053e+01 1.556297e+02
      vertex   1.240143e+02 -5.361053e+01 1.546382e+02
    endloop
  endfacet
  facet normal 1.816299e-01 -9.788987e-01 -9.363673e-02
    outer loop
      vertex   1.254074e+02 -5.327510e+01 1.414487e+02
      vertex   1.260177e+02 -5.327510e+01 1.426323e+02
      vertex   1.245544e+02 -5.361053e+01 1.433006e+02
    endloop
  endfacet
  facet normal 1.606268e-01 -9.788987e-01 -1.263183e-01
    outer loop
      vertex   1.238643e+02 -5.327510e+01 1.392816e+02
      vertex   1.246875e+02 -5.327510e+01 1.403283e+02
      vertex   1.233771e+02 -5.361053e+01 1.412615e+02
    endloop
  endfacet
  facet normal 1.478921e-01 -9.788987e-01 -1.410149e-01
    outer loop
      vertex   1.229453e+02 -5.327510e+01 1.383178e+02
      vertex   1.238643e+02 -5.327510e+01 1.392816e+02
      vertex   1.226485e+02 -5.361053e+01 1.403350e+02
    endloop
  endfacet
  facet normal 1.606268e-01 -9.788987e-01 -1.263183e-01
    outer loop
      vertex   1.226485e+02 -5.361053e+01 1.403350e+02
      vertex   1.238643e+02 -5.327510e+01 1.392816e+02
      vertex   1.233771e+02 -5.361053e+01 1.412615e+02
    endloop
  endfacet
  facet normal 8.488838e-02 -9.788987e-01 -1.858796e-01
    outer loop
      vertex   1.178915e+02 -5.361053e+01 1.369476e+02
      vertex   1.184894e+02 -5.327510e+01 1.354541e+02
      vertex   1.189636e+02 -5.361053e+01 1.374372e+02
    endloop
  endfacet
  facet normal 2.908146e-02 -9.788987e-01 -2.022660e-01
    outer loop
      vertex   1.159368e+02 -5.327510e+01 1.347046e+02
      vertex   1.156323e+02 -5.361053e+01 1.362842e+02
      vertex   1.146186e+02 -5.327510e+01 1.345151e+02
    endloop
  endfacet
  facet normal 2.908146e-02 -9.788987e-01 -2.022660e-01
    outer loop
      vertex   1.146186e+02 -5.327510e+01 1.345151e+02
      vertex   1.156323e+02 -5.361053e+01 1.362842e+02
      vertex   1.144657e+02 -5.361053e+01 1.361165e+02
    endloop
  endfacet
  facet normal -0.000000e+00 -9.418794e-01 -3.359511e-01
    outer loop
      vertex   1.132884e+02 -5.361053e+01 1.360604e+02
      vertex   1.132884e+02 -5.416258e+01 1.376082e+02
      vertex   8.328842e+01 -5.361053e+01 1.360604e+02
    endloop
  endfacet
  facet normal 0.000000e+00 -9.418794e-01 -3.359511e-01
    outer loop
      vertex   8.328842e+01 -5.361053e+01 1.360604e+02
      vertex   1.132884e+02 -5.416258e+01 1.376082e+02
      vertex   5.328842e+01 -5.416258e+01 1.376082e+02
    endloop
  endfacet
  facet normal -2.230819e-16 -9.418794e-01 -3.359511e-01
    outer loop
      vertex   8.328842e+01 -5.361053e+01 1.360604e+02
      vertex   5.328842e+01 -5.416258e+01 1.376082e+02
      vertex   5.328842e+01 -5.361053e+01 1.360604e+02
    endloop
  endfacet
  facet normal -2.318608e-16 -9.789450e-01 -2.041241e-01
    outer loop
      vertex   8.328842e+01 -5.361053e+01 1.360604e+02
      vertex   5.328842e+01 -5.361053e+01 1.360604e+02
      vertex   8.328842e+01 -5.327510e+01 1.344517e+02
    endloop
  endfacet
  facet normal -0.000000e+00 -9.789450e-01 -2.041241e-01
    outer loop
      vertex   8.328842e+01 -5.327510e+01 1.344517e+02
      vertex   5.328842e+01 -5.361053e+01 1.360604e+02
      vertex   5.328842e+01 -5.327510e+01 1.344517e+02
    endloop
  endfacet
  facet normal -0.000000e+00 -9.976532e-01 -6.846937e-02
    outer loop
      vertex   8.328842e+01 -5.327510e+01 1.344517e+02
      vertex   5.328842e+01 -5.327510e+01 1.344517e+02
      vertex   5.328842e+01 -5.316258e+01 1.328123e+02
    endloop
  endfacet
  facet normal 0.000000e+00 -9.976532e-01 -6.846937e-02
    outer loop
      vertex   5.328842e+01 -5.316258e+01 1.328123e+02
      vertex   1.132884e+02 -5.316258e+01 1.328123e+02
      vertex   8.328842e+01 -5.327510e+01 1.344517e+02
    endloop
  endfacet
  facet normal -2.362917e-16 -9.976532e-01 -6.846937e-02
    outer loop
      vertex   8.328842e+01 -5.327510e+01 1.344517e+02
      vertex   1.132884e+02 -5.316258e+01 1.328123e+02
      vertex   1.132884e+02 -5.327510e+01 1.344517e+02
    endloop
  endfacet
  facet normal -2.318608e-16 -9.789450e-01 -2.041241e-01
    outer loop
      vertex   8.328842e+01 -5.327510e+01 1.344517e+02
      vertex   1.132884e+02 -5.327510e+01 1.344517e+02
      vertex   8.328842e+01 -5.361053e+01 1.360604e+02
    endloop
  endfacet
  facet normal 0.000000e+00 -9.789450e-01 -2.041241e-01
    outer loop
      vertex   8.328842e+01 -5.361053e+01 1.360604e+02
      vertex   1.132884e+02 -5.327510e+01 1.344517e+02
      vertex   1.132884e+02 -5.361053e+01 1.360604e+02
    endloop
  endfacet
  facet normal 0.000000e+00 -1.000000e+00 0.000000e+00
    outer loop
      vertex   1.132884e+02 -5.516258e+01 1.424040e+02
      vertex   4.901638e+01 -5.516258e+01 1.441735e+02
      vertex   5.328842e+01 -5.516258e+01 1.424040e+02
    endloop
  endfacet
  facet normal 0.000000e+00 -1.000000e+00 0.000000e+00
    outer loop
      vertex   5.328842e+01 -5.516258e+01 1.424040e+02
      vertex   4.901638e+01 -5.516258e+01 1.441735e+02
      vertex   4.993190e+01 -5.516258e+01 1.434222e+02
    endloop
  endfacet
  facet normal 0.000000e+00 -1.000000e+00 0.000000e+00
    outer loop
      vertex   5.328842e+01 -5.516258e+01 1.424040e+02
      vertex   4.993190e+01 -5.516258e+01 1.434222e+02
      vertex   5.097641e+01 -5.516258e+01 1.428639e+02
    endloop
  endfacet
  facet normal -0.000000e+00 -1.000000e+00 0.000000e+00
    outer loop
      vertex   1.144671e+02 -5.516258e+01 1.425201e+02
      vertex   1.156004e+02 -5.516258e+01 1.428639e+02
      vertex   1.132884e+02 -5.516258e+01 1.424040e+02
    endloop
  endfacet
  facet normal 0.000000e+00 -1.000000e+00 0.000000e+00
    outer loop
      vertex   1.132884e+02 -5.516258e+01 1.424040e+02
      vertex   1.156004e+02 -5.516258e+01 1.428639e+02
      vertex   1.166449e+02 -5.516258e+01 1.434222e+02
    endloop
  endfacet
  facet normal 0.000000e+00 -1.000000e+00 0.000000e+00
    outer loop
      vertex   1.132884e+02 -5.516258e+01 1.424040e+02
      vertex   1.166449e+02 -5.516258e+01 1.434222e+02
      vertex   1.175605e+02 -5.516258e+01 1.441735e+02
    endloop
  endfacet
  facet normal 0.000000e+00 -1.000000e+00 0.000000e+00
    outer loop
      vertex   1.132884e+02 -5.516258e+01 1.424040e+02
      vertex   1.175605e+02 -5.516258e+01 1.441735e+02
      vertex   4.826503e+01 -5.516258e+01 1.450890e+02
    endloop
  endfacet
  facet normal 0.000000e+00 -1.000000e+00 0.000000e+00
    outer loop
      vertex   4.826503e+01 -5.516258e+01 1.450890e+02
      vertex   1.175605e+02 -5.516258e+01 1.441735e+02
      vertex   1.183118e+02 -5.516258e+01 1.450890e+02
    endloop
  endfacet
  facet normal 0.000000e+00 -1.000000e+00 0.000000e+00
    outer loop
      vertex   4.826503e+01 -5.516258e+01 1.450890e+02
      vertex   1.183118e+02 -5.516258e+01 1.450890e+02
      vertex   4.770672e+01 -5.516258e+01 1.461336e+02
    endloop
  endfacet
  facet normal 0.000000e+00 -1.000000e+00 0.000000e+00
    outer loop
      vertex   4.770672e+01 -5.516258e+01 1.461336e+02
      vertex   1.183118e+02 -5.516258e+01 1.450890e+02
      vertex   1.188701e+02 -5.516258e+01 1.461336e+02
    endloop
  endfacet
  facet normal 0.000000e+00 -1.000000e+00 0.000000e+00
    outer loop
      vertex   4.770672e+01 -5.516258e+01 1.461336e+02
      vertex   1.188701e+02 -5.516258e+01 1.461336e+02
      vertex   4.736292e+01 -5.516258e+01 1.472669e+02
    endloop
  endfacet
  facet normal 0.000000e+00 -1.000000e+00 0.000000e+00
    outer loop
      vertex   4.736292e+01 -5.516258e+01 1.472669e+02
      vertex   1.188701e+02 -5.516258e+01 1.461336e+02
      vertex   1.192139e+02 -5.516258e+01 1.472669e+02
    endloop
  endfacet
  facet normal 0.000000e+00 -1.000000e+00 0.000000e+00
    outer loop
      vertex   4.736292e+01 -5.516258e+01 1.472669e+02
      vertex   1.192139e+02 -5.516258e+01 1.472669e+02
      vertex   4.724684e+01 -5.516258e+01 1.484456e+02
    endloop
  endfacet
  facet normal 0.000000e+00 -1.000000e+00 0.000000e+00
    outer loop
      vertex   4.724684e+01 -5.516258e+01 1.484456e+02
      vertex   1.192139e+02 -5.516258e+01 1.472669e+02
      vertex   1.193300e+02 -5.516258e+01 1.484456e+02
    endloop
  endfacet
  facet normal 0.000000e+00 -1.000000e+00 0.000000e+00
    outer loop
      vertex   4.724684e+01 -5.516258e+01 1.484456e+02
      vertex   1.193300e+02 -5.516258e+01 1.484456e+02
      vertex   4.736292e+01 -5.516258e+01 1.496242e+02
    endloop
  endfacet
  facet normal 0.000000e+00 -1.000000e+00 0.000000e+00
    outer loop
      vertex   4.736292e+01 -5.516258e+01 1.496242e+02
      vertex   1.193300e+02 -5.516258e+01 1.484456e+02
      vertex   1.192139e+02 -5.516258e+01 1.496242e+02
    endloop
  endfacet
  facet normal 0.000000e+00 -1.000000e+00 0.000000e+00
    outer loop
      vertex   4.736292e+01 -5.516258e+01 1.496242e+02
      vertex   1.192139e+02 -5.516258e+01 1.496242e+02
      vertex   4.770672e+01 -5.516258e+01 1.507576e+02
    endloop
  endfacet
  facet normal 0.000000e+00 -1.000000e+00 0.000000e+00
    outer loop
      vertex   4.770672e+01 -5.516258e+01 1.507576e+02
      vertex   1.192139e+02 -5.516258e+01 1.496242e+02
      vertex   1.188701e+02 -5.516258e+01 1.507576e+02
    endloop
  endfacet
  facet normal 0.000000e+00 -1.000000e+00 0.000000e+00
    outer loop
      vertex   4.770672e+01 -5.516258e+01 1.507576e+02
      vertex   1.188701e+02 -5.516258e+01 1.507576e+02
      vertex   4.826503e+01 -5.516258e+01 1.518021e+02
    endloop
  endfacet
  facet normal 0.000000e+00 -1.000000e+00 0.000000e+00
    outer loop
      vertex   4.826503e+01 -5.516258e+01 1.518021e+02
      vertex   1.188701e+02 -5.516258e+01 1.507576e+02
      vertex   1.183118e+02 -5.516258e+01 1.518021e+02
    endloop
  endfacet
  facet normal 0.000000e+00 -1.000000e+00 0.000000e+00
    outer loop
      vertex   4.826503e+01 -5.516258e+01 1.518021e+02
      vertex   1.183118e+02 -5.516258e+01 1.518021e+02
      vertex   4.901638e+01 -5.516258e+01 1.527176e+02
    endloop
  endfacet
  facet normal 0.000000e+00 -1.000000e+00 0.000000e+00
    outer loop
      vertex   4.901638e+01 -5.516258e+01 1.527176e+02
      vertex   1.183118e+02 -5.516258e+01 1.518021e+02
      vertex   5.328842e+01 -5.516258e+01 1.544872e+02
    endloop
  endfacet
  facet normal 0.000000e+00 -1.000000e+00 0.000000e+00
    outer loop
      vertex   4.901638e+01 -5.516258e+01 1.527176e+02
      vertex   5.328842e+01 -5.516258e+01 1.544872e+02
      vertex   4.993190e+01 -5.516258e+01 1.534690e+02
    endloop
  endfacet
  facet normal 0.000000e+00 -1.000000e+00 0.000000e+00
    outer loop
      vertex   4.993190e+01 -5.516258e+01 1.534690e+02
      vertex   5.328842e+01 -5.516258e+01 1.544872e+02
      vertex   5.097641e+01 -5.516258e+01 1.540273e+02
    endloop
  endfacet
  facet normal 0.000000e+00 -1.000000e+00 0.000000e+00
    outer loop
      vertex   5.097641e+01 -5.516258e+01 1.540273e+02
      vertex   5.328842e+01 -5.516258e+01 1.544872e+02
      vertex   5.210977e+01 -5.516258e+01 1.543711e+02
    endloop
  endfacet
  facet normal 0.000000e+00 -1.000000e+00 0.000000e+00
    outer loop
      vertex   1.183118e+02 -5.516258e+01 1.518021e+02
      vertex   1.175605e+02 -5.516258e+01 1.527176e+02
      vertex   5.328842e+01 -5.516258e+01 1.544872e+02
    endloop
  endfacet
  facet normal 0.000000e+00 -1.000000e+00 0.000000e+00
    outer loop
      vertex   5.328842e+01 -5.516258e+01 1.544872e+02
      vertex   1.175605e+02 -5.516258e+01 1.527176e+02
      vertex   1.132884e+02 -5.516258e+01 1.544872e+02
    endloop
  endfacet
  facet normal 0.000000e+00 -1.000000e+00 0.000000e+00
    outer loop
      vertex   1.132884e+02 -5.516258e+01 1.544872e+02
      vertex   1.175605e+02 -5.516258e+01 1.527176e+02
      vertex   1.166449e+02 -5.516258e+01 1.534690e+02
    endloop
  endfacet
  facet normal 0.000000e+00 -1.000000e+00 0.000000e+00
    outer loop
      vertex   1.132884e+02 -5.516258e+01 1.544872e+02
      vertex   1.166449e+02 -5.516258e+01 1.534690e+02
      vertex   1.156004e+02 -5.516258e+01 1.540273e+02
    endloop
  endfacet
  facet normal 0.000000e+00 -1.000000e+00 0.000000e+00
    outer loop
      vertex   1.156004e+02 -5.516258e+01 1.540273e+02
      vertex   1.144671e+02 -5.516258e+01 1.543711e+02
      vertex   1.132884e+02 -5.516258e+01 1.544872e+02
    endloop
  endfacet
  facet normal 0.000000e+00 -1.000000e+00 0.000000e+00
    outer loop
      vertex   4.826503e+01 -5.516258e+01 1.450890e+02
      vertex   4.901638e+01 -5.516258e+01 1.441735e+02
      vertex   1.132884e+02 -5.516258e+01 1.424040e+02
    endloop
  endfacet
  facet normal 0.000000e+00 -1.000000e+00 0.000000e+00
    outer loop
      vertex   5.097641e+01 -5.516258e+01 1.428639e+02
      vertex   5.210977e+01 -5.516258e+01 1.425201e+02
      vertex   5.328842e+01 -5.516258e+01 1.424040e+02
    endloop
  endfacet
  facet normal 0.000000e+00 -9.418794e-01 3.359511e-01
    outer loop
      vertex   5.328842e+01 -5.361053e+01 1.608307e+02
      vertex   5.328842e+01 -5.416258e+01 1.592830e+02
      vertex   8.328842e+01 -5.361053e+01 1.608307e+02
    endloop
  endfacet
  facet normal 0.000000e+00 -9.418794e-01 3.359511e-01
    outer loop
      vertex   8.328842e+01 -5.361053e+01 1.608307e+02
      vertex   5.328842e+01 -5.416258e+01 1.592830e+02
      vertex   1.132884e+02 -5.416258e+01 1.592830e+02
    endloop
  endfacet
  facet normal 1.082717e-15 -9.418794e-01 3.359511e-01
    outer loop
      vertex   8.328842e+01 -5.361053e+01 1.608307e+02
      vertex   1.132884e+02 -5.416258e+01 1.592830e+02
      vertex   1.132884e+02 -5.361053e+01 1.608307e+02
    endloop
  endfacet
  facet normal 8.504920e-16 -9.789450e-01 2.041241e-01
    outer loop
      vertex   8.328842e+01 -5.361053e+01 1.608307e+02
      vertex   1.132884e+02 -5.361053e+01 1.608307e+02
      vertex   8.328842e+01 -5.327510e+01 1.624394e+02
    endloop
  endfacet
  facet normal 0.000000e+00 -9.789450e-01 2.041241e-01
    outer loop
      vertex   8.328842e+01 -5.327510e+01 1.624394e+02
      vertex   1.132884e+02 -5.361053e+01 1.608307e+02
      vertex   1.132884e+02 -5.327510e+01 1.624394e+02
    endloop
  endfacet
  facet normal 0.000000e+00 -9.976532e-01 6.846937e-02
    outer loop
      vertex   8.328842e+01 -5.327510e+01 1.624394e+02
      vertex   1.132884e+02 -5.327510e+01 1.624394e+02
      vertex   1.132884e+02 -5.316258e+01 1.640788e+02
    endloop
  endfacet
  facet normal 0.000000e+00 -9.976532e-01 6.846937e-02
    outer loop
      vertex   1.132884e+02 -5.316258e+01 1.640788e+02
      vertex   5.328842e+01 -5.316258e+01 1.640788e+02
      vertex   8.328842e+01 -5.327510e+01 1.624394e+02
    endloop
  endfacet
  facet normal 2.362917e-16 -9.976532e-01 6.846937e-02
    outer loop
      vertex   8.328842e+01 -5.327510e+01 1.624394e+02
      vertex   5.328842e+01 -5.316258e+01 1.640788e+02
      vertex   5.328842e+01 -5.327510e+01 1.624394e+02
    endloop
  endfacet
  facet normal 2.318608e-16 -9.789450e-01 2.041241e-01
    outer loop
      vertex   8.328842e+01 -5.327510e+01 1.624394e+02
      vertex   5.328842e+01 -5.327510e+01 1.624394e+02
      vertex   8.328842e+01 -5.361053e+01 1.608307e+02
    endloop
  endfacet
  facet normal 0.000000e+00 -9.789450e-01 2.041241e-01
    outer loop
      vertex   8.328842e+01 -5.361053e+01 1.608307e+02
      vertex   5.328842e+01 -5.327510e+01 1.624394e+02
      vertex   5.328842e+01 -5.361053e+01 1.608307e+02
    endloop
  endfacet
  facet normal -1.600128e-02 -9.417588e-01 -3.359081e-01
    outer loop
      vertex   5.328842e+01 -5.361053e+01 1.360604e+02
      vertex   5.328842e+01 -5.416258e+01 1.376082e+02
      vertex   5.211114e+01 -5.361053e+01 1.361165e+02
    endloop
  endfacet
  facet normal -2.471253e-02 -9.437393e-01 -3.297658e-01
    outer loop
      vertex   5.211114e+01 -5.361053e+01 1.361165e+02
      vertex   5.328842e+01 -5.416258e+01 1.376082e+02
      vertex   5.167319e+01 -5.416258e+01 1.377292e+02
    endloop
  endfacet
  facet normal -4.819121e-02 -9.409218e-01 -3.351772e-01
    outer loop
      vertex   5.211114e+01 -5.361053e+01 1.361165e+02
      vertex   5.167319e+01 -5.416258e+01 1.377292e+02
      vertex   5.094451e+01 -5.361053e+01 1.362842e+02
    endloop
  endfacet
  facet normal -7.377659e-02 -9.434380e-01 -3.232363e-01
    outer loop
      vertex   5.094451e+01 -5.361053e+01 1.362842e+02
      vertex   5.167319e+01 -5.416258e+01 1.377292e+02
      vertex   5.009404e+01 -5.416258e+01 1.380896e+02
    endloop
  endfacet
  facet normal -7.892021e-02 -9.423071e-01 -3.253135e-01
    outer loop
      vertex   5.094451e+01 -5.361053e+01 1.362842e+02
      vertex   5.009404e+01 -5.416258e+01 1.380896e+02
      vertex   4.979912e+01 -5.361053e+01 1.365621e+02
    endloop
  endfacet
  facet normal -1.103699e-01 -9.413425e-01 -3.188930e-01
    outer loop
      vertex   4.979912e+01 -5.361053e+01 1.365621e+02
      vertex   5.009404e+01 -5.416258e+01 1.380896e+02
      vertex   4.868532e+01 -5.361053e+01 1.369476e+02
    endloop
  endfacet
  facet normal -6.683501e-02 -9.788987e-01 -1.931071e-01
    outer loop
      vertex   4.979912e+01 -5.361053e+01 1.365621e+02
      vertex   4.868532e+01 -5.361053e+01 1.369476e+02
      vertex   4.808744e+01 -5.327510e+01 1.354541e+02
    endloop
  endfacet
  facet normal -8.488838e-02 -9.788987e-01 -1.858796e-01
    outer loop
      vertex   4.808744e+01 -5.327510e+01 1.354541e+02
      vertex   4.868532e+01 -5.361053e+01 1.369476e+02
      vertex   4.687607e+01 -5.327510e+01 1.360074e+02
    endloop
  endfacet
  facet normal -2.852638e-02 -9.976395e-01 -6.246406e-02
    outer loop
      vertex   4.808744e+01 -5.327510e+01 1.354541e+02
      vertex   4.687607e+01 -5.327510e+01 1.360074e+02
      vertex   4.753344e+01 -5.316258e+01 1.339101e+02
    endloop
  endfacet
  facet normal -2.954189e-02 -9.975901e-01 -6.277972e-02
    outer loop
      vertex   4.753344e+01 -5.316258e+01 1.339101e+02
      vertex   4.687607e+01 -5.327510e+01 1.360074e+02
      vertex   4.575705e+01 -5.316258e+01 1.347461e+02
    endloop
  endfacet
  facet normal -3.397843e-02 -9.976883e-01 -5.885237e-02
    outer loop
      vertex   4.575705e+01 -5.316258e+01 1.347461e+02
      vertex   4.687607e+01 -5.327510e+01 1.360074e+02
      vertex   4.572278e+01 -5.327510e+01 1.366732e+02
    endloop
  endfacet
  facet normal -3.738264e-02 -9.975634e-01 -5.890561e-02
    outer loop
      vertex   4.575705e+01 -5.316258e+01 1.347461e+02
      vertex   4.572278e+01 -5.327510e+01 1.366732e+02
      vertex   4.409943e+01 -5.316258e+01 1.357980e+02
    endloop
  endfacet
  facet normal -3.935434e-02 -9.976958e-01 -5.526544e-02
    outer loop
      vertex   4.409943e+01 -5.316258e+01 1.357980e+02
      vertex   4.572278e+01 -5.327510e+01 1.366732e+02
      vertex   4.463800e+01 -5.327510e+01 1.374457e+02
    endloop
  endfacet
  facet normal -4.435934e-02 -9.975756e-01 -5.362123e-02
    outer loop
      vertex   4.409943e+01 -5.316258e+01 1.357980e+02
      vertex   4.463800e+01 -5.327510e+01 1.374457e+02
      vertex   4.258673e+01 -5.316258e+01 1.370494e+02
    endloop
  endfacet
  facet normal -4.474674e-02 -9.976628e-01 -5.164050e-02
    outer loop
      vertex   4.258673e+01 -5.316258e+01 1.370494e+02
      vertex   4.463800e+01 -5.327510e+01 1.374457e+02
      vertex   4.363157e+01 -5.327510e+01 1.383178e+02
    endloop
  endfacet
  facet normal -4.979470e-02 -9.976303e-01 -4.747915e-02
    outer loop
      vertex   4.258673e+01 -5.316258e+01 1.370494e+02
      vertex   4.363157e+01 -5.327510e+01 1.383178e+02
      vertex   4.271258e+01 -5.327510e+01 1.392816e+02
    endloop
  endfacet
  facet normal -1.478921e-01 -9.788987e-01 -1.410149e-01
    outer loop
      vertex   4.271258e+01 -5.327510e+01 1.392816e+02
      vertex   4.363157e+01 -5.327510e+01 1.383178e+02
      vertex   4.474167e+01 -5.361053e+01 1.394820e+02
    endloop
  endfacet
  facet normal -1.478921e-01 -9.788987e-01 -1.410149e-01
    outer loop
      vertex   4.271258e+01 -5.327510e+01 1.392816e+02
      vertex   4.474167e+01 -5.361053e+01 1.394820e+02
      vertex   4.392833e+01 -5.361053e+01 1.403350e+02
    endloop
  endfacet
  facet normal -2.392559e-01 -9.437761e-01 -2.281301e-01
    outer loop
      vertex   4.392833e+01 -5.361053e+01 1.403350e+02
      vertex   4.474167e+01 -5.361053e+01 1.394820e+02
      vertex   4.481539e+01 -5.416258e+01 1.416886e+02
    endloop
  endfacet
  facet normal -2.661764e-01 -9.409218e-01 -2.093234e-01
    outer loop
      vertex   4.392833e+01 -5.361053e+01 1.403350e+02
      vertex   4.481539e+01 -5.416258e+01 1.416886e+02
      vertex   4.319976e+01 -5.361053e+01 1.412615e+02
    endloop
  endfacet
  facet normal -2.732293e-01 -9.437393e-01 -1.862846e-01
    outer loop
      vertex   4.319976e+01 -5.361053e+01 1.412615e+02
      vertex   4.481539e+01 -5.416258e+01 1.416886e+02
      vertex   4.390294e+01 -5.416258e+01 1.430269e+02
    endloop
  endfacet
  facet normal -2.829043e-01 -9.417588e-01 -1.818116e-01
    outer loop
      vertex   4.319976e+01 -5.361053e+01 1.412615e+02
      vertex   4.390294e+01 -5.416258e+01 1.430269e+02
      vertex   4.256255e+01 -5.361053e+01 1.422530e+02
    endloop
  endfacet
  facet normal -2.989056e-01 -9.417588e-01 -1.540966e-01
    outer loop
      vertex   4.256255e+01 -5.361053e+01 1.422530e+02
      vertex   4.390294e+01 -5.416258e+01 1.430269e+02
      vertex   4.202247e+01 -5.361053e+01 1.433006e+02
    endloop
  endfacet
  facet normal -1.816299e-01 -9.788987e-01 -9.363673e-02
    outer loop
      vertex   4.256255e+01 -5.361053e+01 1.422530e+02
      vertex   4.202247e+01 -5.361053e+01 1.433006e+02
      vertex   4.055918e+01 -5.327510e+01 1.426323e+02
    endloop
  endfacet
  facet normal -1.897082e-01 -9.788987e-01 -7.594772e-02
    outer loop
      vertex   4.055918e+01 -5.327510e+01 1.426323e+02
      vertex   4.202247e+01 -5.361053e+01 1.433006e+02
      vertex   4.006423e+01 -5.327510e+01 1.438686e+02
    endloop
  endfacet
  facet normal -6.400673e-02 -9.976204e-01 -2.562443e-02
    outer loop
      vertex   4.055918e+01 -5.327510e+01 1.426323e+02
      vertex   4.006423e+01 -5.327510e+01 1.438686e+02
      vertex   3.914304e+01 -5.316258e+01 1.417893e+02
    endloop
  endfacet
  facet normal -6.434216e-02 -9.976027e-01 -2.547486e-02
    outer loop
      vertex   3.914304e+01 -5.316258e+01 1.417893e+02
      vertex   4.006423e+01 -5.327510e+01 1.438686e+02
      vertex   3.842032e+01 -5.316258e+01 1.436146e+02
    endloop
  endfacet
  facet normal -6.532012e-02 -9.976800e-01 -1.917972e-02
    outer loop
      vertex   3.842032e+01 -5.316258e+01 1.436146e+02
      vertex   4.006423e+01 -5.327510e+01 1.438686e+02
      vertex   3.968905e+01 -5.327510e+01 1.451464e+02
    endloop
  endfacet
  facet normal -6.753205e-02 -9.975664e-01 -1.733928e-02
    outer loop
      vertex   3.842032e+01 -5.316258e+01 1.436146e+02
      vertex   3.968905e+01 -5.327510e+01 1.451464e+02
      vertex   3.793208e+01 -5.316258e+01 1.455162e+02
    endloop
  endfacet
  facet normal -6.659235e-02 -9.976977e-01 -1.283462e-02
    outer loop
      vertex   3.793208e+01 -5.316258e+01 1.455162e+02
      vertex   3.968905e+01 -5.327510e+01 1.451464e+02
      vertex   3.943702e+01 -5.327510e+01 1.464540e+02
    endloop
  endfacet
  facet normal -6.913804e-02 -9.975689e-01 -8.734166e-03
    outer loop
      vertex   3.793208e+01 -5.316258e+01 1.455162e+02
      vertex   3.943702e+01 -5.327510e+01 1.464540e+02
      vertex   3.768602e+01 -5.316258e+01 1.474640e+02
    endloop
  endfacet
  facet normal -6.784375e-02 -9.976749e-01 -6.478293e-03
    outer loop
      vertex   3.768602e+01 -5.316258e+01 1.474640e+02
      vertex   3.943702e+01 -5.327510e+01 1.464540e+02
      vertex   3.931043e+01 -5.327510e+01 1.477797e+02
    endloop
  endfacet
  facet normal -6.909855e-02 -9.976098e-01 0.000000e+00
    outer loop
      vertex   3.768602e+01 -5.316258e+01 1.474640e+02
      vertex   3.931043e+01 -5.327510e+01 1.477797e+02
      vertex   3.931043e+01 -5.327510e+01 1.491114e+02
    endloop
  endfacet
  facet normal -2.043460e-01 -9.788987e-01 -0.000000e+00
    outer loop
      vertex   3.931043e+01 -5.327510e+01 1.491114e+02
      vertex   3.931043e+01 -5.327510e+01 1.477797e+02
      vertex   4.091728e+01 -5.361053e+01 1.478563e+02
    endloop
  endfacet
  facet normal -2.043460e-01 -9.788987e-01 0.000000e+00
    outer loop
      vertex   3.931043e+01 -5.327510e+01 1.491114e+02
      vertex   4.091728e+01 -5.361053e+01 1.478563e+02
      vertex   4.091728e+01 -5.361053e+01 1.490349e+02
    endloop
  endfacet
  facet normal -3.328443e-01 -9.429818e-01 -0.000000e+00
    outer loop
      vertex   4.091728e+01 -5.361053e+01 1.490349e+02
      vertex   4.091728e+01 -5.361053e+01 1.478563e+02
      vertex   4.248131e+01 -5.416258e+01 1.492555e+02
    endloop
  endfacet
  facet normal -3.367011e-01 -9.410625e-01 3.215105e-02
    outer loop
      vertex   4.091728e+01 -5.361053e+01 1.490349e+02
      vertex   4.248131e+01 -5.416258e+01 1.492555e+02
      vertex   4.102931e+01 -5.361053e+01 1.502082e+02
    endloop
  endfacet
  facet normal -3.265740e-01 -9.438890e-01 4.922312e-02
    outer loop
      vertex   4.102931e+01 -5.361053e+01 1.502082e+02
      vertex   4.248131e+01 -5.416258e+01 1.492555e+02
      vertex   4.272272e+01 -5.416258e+01 1.508571e+02
    endloop
  endfacet
  facet normal -3.313544e-01 -9.413425e-01 6.386332e-02
    outer loop
      vertex   4.102931e+01 -5.361053e+01 1.502082e+02
      vertex   4.272272e+01 -5.416258e+01 1.508571e+02
      vertex   4.125237e+01 -5.361053e+01 1.513655e+02
    endloop
  endfacet
  facet normal -3.197212e-01 -9.423652e-01 9.862093e-02
    outer loop
      vertex   4.125237e+01 -5.361053e+01 1.513655e+02
      vertex   4.272272e+01 -5.416258e+01 1.508571e+02
      vertex   4.320015e+01 -5.416258e+01 1.524049e+02
    endloop
  endfacet
  facet normal -3.171944e-01 -9.437761e-01 9.313668e-02
    outer loop
      vertex   4.125237e+01 -5.361053e+01 1.513655e+02
      vertex   4.320015e+01 -5.416258e+01 1.524049e+02
      vertex   4.158442e+01 -5.361053e+01 1.524964e+02
    endloop
  endfacet
  facet normal -3.143676e-01 -9.409218e-01 1.258538e-01
    outer loop
      vertex   4.158442e+01 -5.361053e+01 1.524964e+02
      vertex   4.320015e+01 -5.416258e+01 1.524049e+02
      vertex   4.202247e+01 -5.361053e+01 1.535906e+02
    endloop
  endfacet
  facet normal -1.897082e-01 -9.788987e-01 7.594772e-02
    outer loop
      vertex   4.158442e+01 -5.361053e+01 1.524964e+02
      vertex   4.202247e+01 -5.361053e+01 1.535906e+02
      vertex   4.055918e+01 -5.327510e+01 1.542588e+02
    endloop
  endfacet
  facet normal -1.816299e-01 -9.788987e-01 9.363673e-02
    outer loop
      vertex   4.055918e+01 -5.327510e+01 1.542588e+02
      vertex   4.202247e+01 -5.361053e+01 1.535906e+02
      vertex   4.116940e+01 -5.327510e+01 1.554425e+02
    endloop
  endfacet
  facet normal -6.065099e-02 -9.976692e-01 3.126776e-02
    outer loop
      vertex   4.055918e+01 -5.327510e+01 1.542588e+02
      vertex   4.116940e+01 -5.327510e+01 1.554425e+02
      vertex   3.914304e+01 -5.316258e+01 1.551019e+02
    endloop
  endfacet
  facet normal -6.102941e-02 -9.975719e-01 3.355120e-02
    outer loop
      vertex   3.914304e+01 -5.316258e+01 1.551019e+02
      vertex   4.116940e+01 -5.327510e+01 1.554425e+02
      vertex   4.008883e+01 -5.316258e+01 1.568223e+02
    endloop
  endfacet
  facet normal -5.705983e-02 -9.976971e-01 3.667013e-02
    outer loop
      vertex   4.008883e+01 -5.316258e+01 1.568223e+02
      vertex   4.116940e+01 -5.327510e+01 1.554425e+02
      vertex   4.188938e+01 -5.327510e+01 1.565628e+02
    endloop
  endfacet
  facet normal -5.642793e-02 -9.975646e-01 4.099729e-02
    outer loop
      vertex   4.008883e+01 -5.316258e+01 1.568223e+02
      vertex   4.188938e+01 -5.327510e+01 1.565628e+02
      vertex   4.124280e+01 -5.316258e+01 1.584106e+02
    endloop
  endfacet
  facet normal -5.346152e-02 -9.976845e-01 4.204260e-02
    outer loop
      vertex   4.124280e+01 -5.316258e+01 1.584106e+02
      vertex   4.188938e+01 -5.327510e+01 1.565628e+02
      vertex   4.271258e+01 -5.327510e+01 1.576096e+02
    endloop
  endfacet
  facet normal -5.051507e-02 -9.975961e-01 4.743681e-02
    outer loop
      vertex   4.124280e+01 -5.316258e+01 1.584106e+02
      vertex   4.271258e+01 -5.327510e+01 1.576096e+02
      vertex   4.258673e+01 -5.316258e+01 1.598417e+02
    endloop
  endfacet
  facet normal -4.979470e-02 -9.976303e-01 4.747915e-02
    outer loop
      vertex   4.258673e+01 -5.316258e+01 1.598417e+02
      vertex   4.271258e+01 -5.327510e+01 1.576096e+02
      vertex   4.363157e+01 -5.327510e+01 1.585734e+02
    endloop
  endfacet
  facet normal -4.474674e-02 -9.976628e-01 5.164050e-02
    outer loop
      vertex   4.258673e+01 -5.316258e+01 1.598417e+02
      vertex   4.363157e+01 -5.327510e+01 1.585734e+02
      vertex   4.463800e+01 -5.327510e+01 1.594455e+02
    endloop
  endfacet
  facet normal -1.338181e-01 -9.788987e-01 1.544344e-01
    outer loop
      vertex   4.463800e+01 -5.327510e+01 1.594455e+02
      vertex   4.363157e+01 -5.327510e+01 1.585734e+02
      vertex   4.474167e+01 -5.361053e+01 1.574091e+02
    endloop
  endfacet
  facet normal -1.338181e-01 -9.788987e-01 1.544344e-01
    outer loop
      vertex   4.463800e+01 -5.327510e+01 1.594455e+02
      vertex   4.474167e+01 -5.361053e+01 1.574091e+02
      vertex   4.563241e+01 -5.361053e+01 1.581810e+02
    endloop
  endfacet
  facet normal -2.209844e-01 -9.413425e-01 2.550296e-01
    outer loop
      vertex   4.563241e+01 -5.361053e+01 1.581810e+02
      vertex   4.474167e+01 -5.361053e+01 1.574091e+02
      vertex   4.591711e+01 -5.416258e+01 1.563900e+02
    endloop
  endfacet
  facet normal -2.059155e-01 -9.438890e-01 2.582099e-01
    outer loop
      vertex   4.563241e+01 -5.361053e+01 1.581810e+02
      vertex   4.591711e+01 -5.416258e+01 1.563900e+02
      vertex   4.718349e+01 -5.416258e+01 1.573999e+02
    endloop
  endfacet
  facet normal -1.206586e-01 -9.438890e-01 -3.074330e-01
    outer loop
      vertex   5.009404e+01 -5.416258e+01 1.380896e+02
      vertex   4.858624e+01 -5.416258e+01 1.386814e+02
      vertex   4.868532e+01 -5.361053e+01 1.369476e+02
    endloop
  endfacet
  facet normal -1.405069e-01 -9.410625e-01 -3.076672e-01
    outer loop
      vertex   4.868532e+01 -5.361053e+01 1.369476e+02
      vertex   4.858624e+01 -5.416258e+01 1.386814e+02
      vertex   4.761321e+01 -5.361053e+01 1.374372e+02
    endloop
  endfacet
  facet normal -8.488838e-02 -9.788987e-01 -1.858796e-01
    outer loop
      vertex   4.868532e+01 -5.361053e+01 1.369476e+02
      vertex   4.761321e+01 -5.361053e+01 1.374372e+02
      vertex   4.687607e+01 -5.327510e+01 1.360074e+02
    endloop
  endfacet
  facet normal -1.021730e-01 -9.788987e-01 -1.769688e-01
    outer loop
      vertex   4.687607e+01 -5.327510e+01 1.360074e+02
      vertex   4.761321e+01 -5.361053e+01 1.374372e+02
      vertex   4.572278e+01 -5.327510e+01 1.366732e+02
    endloop
  endfacet
  facet normal -1.664222e-01 -9.429818e-01 -2.882516e-01
    outer loop
      vertex   4.858624e+01 -5.416258e+01 1.386814e+02
      vertex   4.718349e+01 -5.416258e+01 1.394913e+02
      vertex   4.761321e+01 -5.361053e+01 1.374372e+02
    endloop
  endfacet
  facet normal -1.664222e-01 -9.429818e-01 -2.882516e-01
    outer loop
      vertex   4.761321e+01 -5.361053e+01 1.374372e+02
      vertex   4.718349e+01 -5.416258e+01 1.394913e+02
      vertex   4.659249e+01 -5.361053e+01 1.380265e+02
    endloop
  endfacet
  facet normal -1.021730e-01 -9.788987e-01 -1.769688e-01
    outer loop
      vertex   4.761321e+01 -5.361053e+01 1.374372e+02
      vertex   4.659249e+01 -5.361053e+01 1.380265e+02
      vertex   4.572278e+01 -5.327510e+01 1.366732e+02
    endloop
  endfacet
  facet normal -1.185323e-01 -9.788987e-01 -1.664553e-01
    outer loop
      vertex   4.572278e+01 -5.327510e+01 1.366732e+02
      vertex   4.659249e+01 -5.361053e+01 1.380265e+02
      vertex   4.463800e+01 -5.327510e+01 1.374457e+02
    endloop
  endfacet
  facet normal -1.961942e-01 -9.410625e-01 -2.755161e-01
    outer loop
      vertex   4.659249e+01 -5.361053e+01 1.380265e+02
      vertex   4.718349e+01 -5.416258e+01 1.394913e+02
      vertex   4.563241e+01 -5.361053e+01 1.387102e+02
    endloop
  endfacet
  facet normal -2.059155e-01 -9.438890e-01 -2.582099e-01
    outer loop
      vertex   4.563241e+01 -5.361053e+01 1.387102e+02
      vertex   4.718349e+01 -5.416258e+01 1.394913e+02
      vertex   4.591711e+01 -5.416258e+01 1.405012e+02
    endloop
  endfacet
  facet normal -2.209844e-01 -9.413425e-01 -2.550296e-01
    outer loop
      vertex   4.563241e+01 -5.361053e+01 1.387102e+02
      vertex   4.591711e+01 -5.416258e+01 1.405012e+02
      vertex   4.474167e+01 -5.361053e+01 1.394820e+02
    endloop
  endfacet
  facet normal -2.452688e-01 -9.423652e-01 -2.275762e-01
    outer loop
      vertex   4.474167e+01 -5.361053e+01 1.394820e+02
      vertex   4.591711e+01 -5.416258e+01 1.405012e+02
      vertex   4.481539e+01 -5.416258e+01 1.416886e+02
    endloop
  endfacet
  facet normal -2.979419e-01 -9.437393e-01 -1.434812e-01
    outer loop
      vertex   4.390294e+01 -5.416258e+01 1.430269e+02
      vertex   4.320015e+01 -5.416258e+01 1.444862e+02
      vertex   4.202247e+01 -5.361053e+01 1.433006e+02
    endloop
  endfacet
  facet normal -3.143676e-01 -9.409218e-01 -1.258538e-01
    outer loop
      vertex   4.202247e+01 -5.361053e+01 1.433006e+02
      vertex   4.320015e+01 -5.416258e+01 1.444862e+02
      vertex   4.158442e+01 -5.361053e+01 1.443948e+02
    endloop
  endfacet
  facet normal -1.897082e-01 -9.788987e-01 -7.594772e-02
    outer loop
      vertex   4.202247e+01 -5.361053e+01 1.433006e+02
      vertex   4.158442e+01 -5.361053e+01 1.443948e+02
      vertex   4.006423e+01 -5.327510e+01 1.438686e+02
    endloop
  endfacet
  facet normal -1.960685e-01 -9.788987e-01 -5.757091e-02
    outer loop
      vertex   4.006423e+01 -5.327510e+01 1.438686e+02
      vertex   4.158442e+01 -5.361053e+01 1.443948e+02
      vertex   3.968905e+01 -5.327510e+01 1.451464e+02
    endloop
  endfacet
  facet normal -3.168192e-01 -9.434380e-01 -9.772577e-02
    outer loop
      vertex   4.320015e+01 -5.416258e+01 1.444862e+02
      vertex   4.272272e+01 -5.416258e+01 1.460340e+02
      vertex   4.158442e+01 -5.361053e+01 1.443948e+02
    endloop
  endfacet
  facet normal -3.211899e-01 -9.423071e-01 -9.430986e-02
    outer loop
      vertex   4.158442e+01 -5.361053e+01 1.443948e+02
      vertex   4.272272e+01 -5.416258e+01 1.460340e+02
      vertex   4.125237e+01 -5.361053e+01 1.455257e+02
    endloop
  endfacet
  facet normal -1.960685e-01 -9.788987e-01 -5.757091e-02
    outer loop
      vertex   4.158442e+01 -5.361053e+01 1.443948e+02
      vertex   4.125237e+01 -5.361053e+01 1.455257e+02
      vertex   3.968905e+01 -5.327510e+01 1.451464e+02
    endloop
  endfacet
  facet normal -2.006532e-01 -9.788987e-01 -3.867273e-02
    outer loop
      vertex   3.968905e+01 -5.327510e+01 1.451464e+02
      vertex   4.125237e+01 -5.361053e+01 1.455257e+02
      vertex   3.943702e+01 -5.327510e+01 1.464540e+02
    endloop
  endfacet
  facet normal -3.313544e-01 -9.413425e-01 -6.386332e-02
    outer loop
      vertex   4.125237e+01 -5.361053e+01 1.455257e+02
      vertex   4.272272e+01 -5.416258e+01 1.460340e+02
      vertex   4.102931e+01 -5.361053e+01 1.466830e+02
    endloop
  endfacet
  facet normal -3.265740e-01 -9.438890e-01 -4.922312e-02
    outer loop
      vertex   4.102931e+01 -5.361053e+01 1.466830e+02
      vertex   4.272272e+01 -5.416258e+01 1.460340e+02
      vertex   4.248131e+01 -5.416258e+01 1.476357e+02
    endloop
  endfacet
  facet normal -3.367011e-01 -9.410625e-01 -3.215105e-02
    outer loop
      vertex   4.102931e+01 -5.361053e+01 1.466830e+02
      vertex   4.248131e+01 -5.416258e+01 1.476357e+02
      vertex   4.091728e+01 -5.361053e+01 1.478563e+02
    endloop
  endfacet
  facet normal -3.328443e-01 -9.429818e-01 0.000000e+00
    outer loop
      vertex   4.091728e+01 -5.361053e+01 1.478563e+02
      vertex   4.248131e+01 -5.416258e+01 1.476357e+02
      vertex   4.248131e+01 -5.416258e+01 1.492555e+02
    endloop
  endfacet
  facet normal -2.979419e-01 -9.437393e-01 1.434812e-01
    outer loop
      vertex   4.320015e+01 -5.416258e+01 1.524049e+02
      vertex   4.390294e+01 -5.416258e+01 1.538643e+02
      vertex   4.202247e+01 -5.361053e+01 1.535906e+02
    endloop
  endfacet
  facet normal -2.989056e-01 -9.417588e-01 1.540966e-01
    outer loop
      vertex   4.202247e+01 -5.361053e+01 1.535906e+02
      vertex   4.390294e+01 -5.416258e+01 1.538643e+02
      vertex   4.256255e+01 -5.361053e+01 1.546382e+02
    endloop
  endfacet
  facet normal -1.816299e-01 -9.788987e-01 9.363673e-02
    outer loop
      vertex   4.202247e+01 -5.361053e+01 1.535906e+02
      vertex   4.256255e+01 -5.361053e+01 1.546382e+02
      vertex   4.116940e+01 -5.327510e+01 1.554425e+02
    endloop
  endfacet
  facet normal -1.719068e-01 -9.788987e-01 1.104778e-01
    outer loop
      vertex   4.116940e+01 -5.327510e+01 1.554425e+02
      vertex   4.256255e+01 -5.361053e+01 1.546382e+02
      vertex   4.188938e+01 -5.327510e+01 1.565628e+02
    endloop
  endfacet
  facet normal -2.829043e-01 -9.417588e-01 1.818116e-01
    outer loop
      vertex   4.256255e+01 -5.361053e+01 1.546382e+02
      vertex   4.390294e+01 -5.416258e+01 1.538643e+02
      vertex   4.319976e+01 -5.361053e+01 1.556297e+02
    endloop
  endfacet
  facet normal -2.732293e-01 -9.437393e-01 1.862846e-01
    outer loop
      vertex   4.319976e+01 -5.361053e+01 1.556297e+02
      vertex   4.390294e+01 -5.416258e+01 1.538643e+02
      vertex   4.481539e+01 -5.416258e+01 1.552026e+02
    endloop
  endfacet
  facet normal -2.661764e-01 -9.409218e-01 2.093234e-01
    outer loop
      vertex   4.319976e+01 -5.361053e+01 1.556297e+02
      vertex   4.481539e+01 -5.416258e+01 1.552026e+02
      vertex   4.392833e+01 -5.361053e+01 1.565561e+02
    endloop
  endfacet
  facet normal -2.430426e-01 -9.434380e-01 2.255106e-01
    outer loop
      vertex   4.392833e+01 -5.361053e+01 1.565561e+02
      vertex   4.481539e+01 -5.416258e+01 1.552026e+02
      vertex   4.591711e+01 -5.416258e+01 1.563900e+02
    endloop
  endfacet
  facet normal -2.422697e-01 -9.423071e-01 2.310037e-01
    outer loop
      vertex   4.392833e+01 -5.361053e+01 1.565561e+02
      vertex   4.591711e+01 -5.416258e+01 1.563900e+02
      vertex   4.474167e+01 -5.361053e+01 1.574091e+02
    endloop
  endfacet
  facet normal -1.961942e-01 -9.410625e-01 2.755161e-01
    outer loop
      vertex   4.563241e+01 -5.361053e+01 1.581810e+02
      vertex   4.718349e+01 -5.416258e+01 1.573999e+02
      vertex   4.659249e+01 -5.361053e+01 1.588646e+02
    endloop
  endfacet
  facet normal -1.664222e-01 -9.429818e-01 2.882516e-01
    outer loop
      vertex   4.659249e+01 -5.361053e+01 1.588646e+02
      vertex   4.718349e+01 -5.416258e+01 1.573999e+02
      vertex   4.858624e+01 -5.416258e+01 1.582097e+02
    endloop
  endfacet
  facet normal -1.664222e-01 -9.429818e-01 2.882516e-01
    outer loop
      vertex   4.659249e+01 -5.361053e+01 1.588646e+02
      vertex   4.858624e+01 -5.416258e+01 1.582097e+02
      vertex   4.761321e+01 -5.361053e+01 1.594540e+02
    endloop
  endfacet
  facet normal -1.405069e-01 -9.410625e-01 3.076672e-01
    outer loop
      vertex   4.761321e+01 -5.361053e+01 1.594540e+02
      vertex   4.858624e+01 -5.416258e+01 1.582097e+02
      vertex   4.868532e+01 -5.361053e+01 1.599436e+02
    endloop
  endfacet
  facet normal -8.488838e-02 -9.788987e-01 1.858796e-01
    outer loop
      vertex   4.761321e+01 -5.361053e+01 1.594540e+02
      vertex   4.868532e+01 -5.361053e+01 1.599436e+02
      vertex   4.808744e+01 -5.327510e+01 1.614370e+02
    endloop
  endfacet
  facet normal -6.683501e-02 -9.788987e-01 1.931071e-01
    outer loop
      vertex   4.808744e+01 -5.327510e+01 1.614370e+02
      vertex   4.868532e+01 -5.361053e+01 1.599436e+02
      vertex   4.934590e+01 -5.327510e+01 1.618726e+02
    endloop
  endfacet
  facet normal -2.238242e-02 -9.976557e-01 6.466974e-02
    outer loop
      vertex   4.808744e+01 -5.327510e+01 1.614370e+02
      vertex   4.934590e+01 -5.327510e+01 1.618726e+02
      vertex   4.753344e+01 -5.316258e+01 1.629810e+02
    endloop
  endfacet
  facet normal -2.148615e-02 -9.975798e-01 6.612757e-02
    outer loop
      vertex   4.753344e+01 -5.316258e+01 1.629810e+02
      vertex   4.934590e+01 -5.327510e+01 1.618726e+02
      vertex   4.940059e+01 -5.316258e+01 1.635877e+02
    endloop
  endfacet
  facet normal -1.600177e-02 -9.976939e-01 6.596018e-02
    outer loop
      vertex   4.940059e+01 -5.316258e+01 1.635877e+02
      vertex   4.934590e+01 -5.327510e+01 1.618726e+02
      vertex   5.064007e+01 -5.327510e+01 1.621865e+02
    endloop
  endfacet
  facet normal -1.307454e-02 -9.975628e-01 6.853912e-02
    outer loop
      vertex   4.940059e+01 -5.316258e+01 1.635877e+02
      vertex   5.064007e+01 -5.327510e+01 1.621865e+02
      vertex   5.132906e+01 -5.316258e+01 1.639556e+02
    endloop
  endfacet
  facet normal -9.664670e-03 -9.976914e-01 6.721926e-02
    outer loop
      vertex   5.132906e+01 -5.316258e+01 1.639556e+02
      vertex   5.064007e+01 -5.327510e+01 1.621865e+02
      vertex   5.195822e+01 -5.327510e+01 1.623760e+02
    endloop
  endfacet
  facet normal -4.361501e-03 -9.975847e-01 6.932408e-02
    outer loop
      vertex   5.132906e+01 -5.316258e+01 1.639556e+02
      vertex   5.195822e+01 -5.327510e+01 1.623760e+02
      vertex   5.328842e+01 -5.316258e+01 1.640788e+02
    endloop
  endfacet
  facet normal -3.261581e-03 -9.976479e-01 6.846900e-02
    outer loop
      vertex   5.328842e+01 -5.316258e+01 1.640788e+02
      vertex   5.195822e+01 -5.327510e+01 1.623760e+02
      vertex   5.328842e+01 -5.327510e+01 1.624394e+02
    endloop
  endfacet
  facet normal -9.723172e-03 -9.788987e-01 2.041145e-01
    outer loop
      vertex   5.328842e+01 -5.327510e+01 1.624394e+02
      vertex   5.195822e+01 -5.327510e+01 1.623760e+02
      vertex   5.211114e+01 -5.361053e+01 1.607747e+02
    endloop
  endfacet
  facet normal -9.723172e-03 -9.788987e-01 2.041145e-01
    outer loop
      vertex   5.328842e+01 -5.327510e+01 1.624394e+02
      vertex   5.211114e+01 -5.361053e+01 1.607747e+02
      vertex   5.328842e+01 -5.361053e+01 1.608307e+02
    endloop
  endfacet
  facet normal -1.600128e-02 -9.417588e-01 3.359081e-01
    outer loop
      vertex   5.328842e+01 -5.361053e+01 1.608307e+02
      vertex   5.211114e+01 -5.361053e+01 1.607747e+02
      vertex   5.328842e+01 -5.416258e+01 1.592830e+02
    endloop
  endfacet
  facet normal -2.471253e-02 -9.437393e-01 3.297658e-01
    outer loop
      vertex   5.328842e+01 -5.416258e+01 1.592830e+02
      vertex   5.211114e+01 -5.361053e+01 1.607747e+02
      vertex   5.167319e+01 -5.416258e+01 1.591619e+02
    endloop
  endfacet
  facet normal -4.819121e-02 -9.409218e-01 3.351772e-01
    outer loop
      vertex   5.167319e+01 -5.416258e+01 1.591619e+02
      vertex   5.211114e+01 -5.361053e+01 1.607747e+02
      vertex   5.094451e+01 -5.361053e+01 1.606069e+02
    endloop
  endfacet
  facet normal -7.793847e-02 -9.437761e-01 3.212667e-01
    outer loop
      vertex   5.167319e+01 -5.416258e+01 1.591619e+02
      vertex   5.094451e+01 -5.361053e+01 1.606069e+02
      vertex   4.979912e+01 -5.361053e+01 1.603291e+02
    endloop
  endfacet
  facet normal -4.817638e-02 -9.788987e-01 1.985858e-01
    outer loop
      vertex   4.979912e+01 -5.361053e+01 1.603291e+02
      vertex   5.094451e+01 -5.361053e+01 1.606069e+02
      vertex   5.064007e+01 -5.327510e+01 1.621865e+02
    endloop
  endfacet
  facet normal -4.817638e-02 -9.788987e-01 1.985858e-01
    outer loop
      vertex   4.979912e+01 -5.361053e+01 1.603291e+02
      vertex   5.064007e+01 -5.327510e+01 1.621865e+02
      vertex   4.934590e+01 -5.327510e+01 1.618726e+02
    endloop
  endfacet
  facet normal -1.206586e-01 -9.438890e-01 3.074330e-01
    outer loop
      vertex   4.858624e+01 -5.416258e+01 1.582097e+02
      vertex   5.009404e+01 -5.416258e+01 1.588015e+02
      vertex   4.868532e+01 -5.361053e+01 1.599436e+02
    endloop
  endfacet
  facet normal -1.103699e-01 -9.413425e-01 3.188930e-01
    outer loop
      vertex   4.868532e+01 -5.361053e+01 1.599436e+02
      vertex   5.009404e+01 -5.416258e+01 1.588015e+02
      vertex   4.979912e+01 -5.361053e+01 1.603291e+02
    endloop
  endfacet
  facet normal -6.683501e-02 -9.788987e-01 1.931071e-01
    outer loop
      vertex   4.868532e+01 -5.361053e+01 1.599436e+02
      vertex   4.979912e+01 -5.361053e+01 1.603291e+02
      vertex   4.934590e+01 -5.327510e+01 1.618726e+02
    endloop
  endfacet
  facet normal -7.445237e-02 -9.423652e-01 3.261972e-01
    outer loop
      vertex   5.009404e+01 -5.416258e+01 1.588015e+02
      vertex   5.167319e+01 -5.416258e+01 1.591619e+02
      vertex   4.979912e+01 -5.361053e+01 1.603291e+02
    endloop
  endfacet
  facet normal -2.852638e-02 -9.976395e-01 6.246406e-02
    outer loop
      vertex   4.808744e+01 -5.327510e+01 1.614370e+02
      vertex   4.753344e+01 -5.316258e+01 1.629810e+02
      vertex   4.687607e+01 -5.327510e+01 1.608838e+02
    endloop
  endfacet
  facet normal -2.954189e-02 -9.975901e-01 6.277972e-02
    outer loop
      vertex   4.687607e+01 -5.327510e+01 1.608838e+02
      vertex   4.753344e+01 -5.316258e+01 1.629810e+02
      vertex   4.575705e+01 -5.316258e+01 1.621451e+02
    endloop
  endfacet
  facet normal -3.397843e-02 -9.976883e-01 5.885237e-02
    outer loop
      vertex   4.687607e+01 -5.327510e+01 1.608838e+02
      vertex   4.575705e+01 -5.316258e+01 1.621451e+02
      vertex   4.572278e+01 -5.327510e+01 1.602179e+02
    endloop
  endfacet
  facet normal -3.738264e-02 -9.975634e-01 5.890561e-02
    outer loop
      vertex   4.572278e+01 -5.327510e+01 1.602179e+02
      vertex   4.575705e+01 -5.316258e+01 1.621451e+02
      vertex   4.409943e+01 -5.316258e+01 1.610931e+02
    endloop
  endfacet
  facet normal -3.935434e-02 -9.976958e-01 5.526544e-02
    outer loop
      vertex   4.572278e+01 -5.327510e+01 1.602179e+02
      vertex   4.409943e+01 -5.316258e+01 1.610931e+02
      vertex   4.463800e+01 -5.327510e+01 1.594455e+02
    endloop
  endfacet
  facet normal -4.435934e-02 -9.975756e-01 5.362123e-02
    outer loop
      vertex   4.463800e+01 -5.327510e+01 1.594455e+02
      vertex   4.409943e+01 -5.316258e+01 1.610931e+02
      vertex   4.258673e+01 -5.316258e+01 1.598417e+02
    endloop
  endfacet
  facet normal -6.400673e-02 -9.976204e-01 2.562443e-02
    outer loop
      vertex   4.055918e+01 -5.327510e+01 1.542588e+02
      vertex   3.914304e+01 -5.316258e+01 1.551019e+02
      vertex   4.006423e+01 -5.327510e+01 1.530225e+02
    endloop
  endfacet
  facet normal -6.434216e-02 -9.976027e-01 2.547486e-02
    outer loop
      vertex   4.006423e+01 -5.327510e+01 1.530225e+02
      vertex   3.914304e+01 -5.316258e+01 1.551019e+02
      vertex   3.842032e+01 -5.316258e+01 1.532765e+02
    endloop
  endfacet
  facet normal -6.532012e-02 -9.976800e-01 1.917972e-02
    outer loop
      vertex   4.006423e+01 -5.327510e+01 1.530225e+02
      vertex   3.842032e+01 -5.316258e+01 1.532765e+02
      vertex   3.968905e+01 -5.327510e+01 1.517447e+02
    endloop
  endfacet
  facet normal -6.753205e-02 -9.975664e-01 1.733928e-02
    outer loop
      vertex   3.968905e+01 -5.327510e+01 1.517447e+02
      vertex   3.842032e+01 -5.316258e+01 1.532765e+02
      vertex   3.793208e+01 -5.316258e+01 1.513750e+02
    endloop
  endfacet
  facet normal -6.659235e-02 -9.976977e-01 1.283462e-02
    outer loop
      vertex   3.968905e+01 -5.327510e+01 1.517447e+02
      vertex   3.793208e+01 -5.316258e+01 1.513750e+02
      vertex   3.943702e+01 -5.327510e+01 1.504371e+02
    endloop
  endfacet
  facet normal -6.913804e-02 -9.975689e-01 8.734166e-03
    outer loop
      vertex   3.943702e+01 -5.327510e+01 1.504371e+02
      vertex   3.793208e+01 -5.316258e+01 1.513750e+02
      vertex   3.768602e+01 -5.316258e+01 1.494272e+02
    endloop
  endfacet
  facet normal -6.784375e-02 -9.976749e-01 6.478293e-03
    outer loop
      vertex   3.943702e+01 -5.327510e+01 1.504371e+02
      vertex   3.768602e+01 -5.316258e+01 1.494272e+02
      vertex   3.931043e+01 -5.327510e+01 1.491114e+02
    endloop
  endfacet
  facet normal -6.909855e-02 -9.976098e-01 0.000000e+00
    outer loop
      vertex   3.931043e+01 -5.327510e+01 1.491114e+02
      vertex   3.768602e+01 -5.316258e+01 1.494272e+02
      vertex   3.768602e+01 -5.316258e+01 1.474640e+02
    endloop
  endfacet
  facet normal -6.065099e-02 -9.976692e-01 -3.126776e-02
    outer loop
      vertex   4.055918e+01 -5.327510e+01 1.426323e+02
      vertex   3.914304e+01 -5.316258e+01 1.417893e+02
      vertex   4.116940e+01 -5.327510e+01 1.414487e+02
    endloop
  endfacet
  facet normal -6.102941e-02 -9.975719e-01 -3.355120e-02
    outer loop
      vertex   4.116940e+01 -5.327510e+01 1.414487e+02
      vertex   3.914304e+01 -5.316258e+01 1.417893e+02
      vertex   4.008883e+01 -5.316258e+01 1.400689e+02
    endloop
  endfacet
  facet normal -5.705983e-02 -9.976971e-01 -3.667013e-02
    outer loop
      vertex   4.116940e+01 -5.327510e+01 1.414487e+02
      vertex   4.008883e+01 -5.316258e+01 1.400689e+02
      vertex   4.188938e+01 -5.327510e+01 1.403283e+02
    endloop
  endfacet
  facet normal -5.642793e-02 -9.975646e-01 -4.099729e-02
    outer loop
      vertex   4.188938e+01 -5.327510e+01 1.403283e+02
      vertex   4.008883e+01 -5.316258e+01 1.400689e+02
      vertex   4.124280e+01 -5.316258e+01 1.384806e+02
    endloop
  endfacet
  facet normal -5.346152e-02 -9.976845e-01 -4.204260e-02
    outer loop
      vertex   4.188938e+01 -5.327510e+01 1.403283e+02
      vertex   4.124280e+01 -5.316258e+01 1.384806e+02
      vertex   4.271258e+01 -5.327510e+01 1.392816e+02
    endloop
  endfacet
  facet normal -5.051507e-02 -9.975961e-01 -4.743681e-02
    outer loop
      vertex   4.271258e+01 -5.327510e+01 1.392816e+02
      vertex   4.124280e+01 -5.316258e+01 1.384806e+02
      vertex   4.258673e+01 -5.316258e+01 1.370494e+02
    endloop
  endfacet
  facet normal -2.238242e-02 -9.976557e-01 -6.466974e-02
    outer loop
      vertex   4.808744e+01 -5.327510e+01 1.354541e+02
      vertex   4.753344e+01 -5.316258e+01 1.339101e+02
      vertex   4.934590e+01 -5.327510e+01 1.350186e+02
    endloop
  endfacet
  facet normal -2.148615e-02 -9.975798e-01 -6.612757e-02
    outer loop
      vertex   4.934590e+01 -5.327510e+01 1.350186e+02
      vertex   4.753344e+01 -5.316258e+01 1.339101e+02
      vertex   4.940059e+01 -5.316258e+01 1.333035e+02
    endloop
  endfacet
  facet normal -1.600177e-02 -9.976939e-01 -6.596018e-02
    outer loop
      vertex   4.934590e+01 -5.327510e+01 1.350186e+02
      vertex   4.940059e+01 -5.316258e+01 1.333035e+02
      vertex   5.064007e+01 -5.327510e+01 1.347046e+02
    endloop
  endfacet
  facet normal -1.307454e-02 -9.975628e-01 -6.853912e-02
    outer loop
      vertex   5.064007e+01 -5.327510e+01 1.347046e+02
      vertex   4.940059e+01 -5.316258e+01 1.333035e+02
      vertex   5.132906e+01 -5.316258e+01 1.329356e+02
    endloop
  endfacet
  facet normal -9.664670e-03 -9.976914e-01 -6.721926e-02
    outer loop
      vertex   5.064007e+01 -5.327510e+01 1.347046e+02
      vertex   5.132906e+01 -5.316258e+01 1.329356e+02
      vertex   5.195822e+01 -5.327510e+01 1.345151e+02
    endloop
  endfacet
  facet normal -4.361501e-03 -9.975847e-01 -6.932408e-02
    outer loop
      vertex   5.195822e+01 -5.327510e+01 1.345151e+02
      vertex   5.132906e+01 -5.316258e+01 1.329356e+02
      vertex   5.328842e+01 -5.316258e+01 1.328123e+02
    endloop
  endfacet
  facet normal -3.261581e-03 -9.976479e-01 -6.846900e-02
    outer loop
      vertex   5.195822e+01 -5.327510e+01 1.345151e+02
      vertex   5.328842e+01 -5.316258e+01 1.328123e+02
      vertex   5.328842e+01 -5.327510e+01 1.344517e+02
    endloop
  endfacet
  facet normal -9.723172e-03 -9.788987e-01 -2.041145e-01
    outer loop
      vertex   5.328842e+01 -5.327510e+01 1.344517e+02
      vertex   5.328842e+01 -5.361053e+01 1.360604e+02
      vertex   5.195822e+01 -5.327510e+01 1.345151e+02
    endloop
  endfacet
  facet normal -9.723172e-03 -9.788987e-01 -2.041145e-01
    outer loop
      vertex   5.195822e+01 -5.327510e+01 1.345151e+02
      vertex   5.328842e+01 -5.361053e+01 1.360604e+02
      vertex   5.211114e+01 -5.361053e+01 1.361165e+02
    endloop
  endfacet
  facet normal -2.908146e-02 -9.788987e-01 -2.022660e-01
    outer loop
      vertex   5.195822e+01 -5.327510e+01 1.345151e+02
      vertex   5.211114e+01 -5.361053e+01 1.361165e+02
      vertex   5.064007e+01 -5.327510e+01 1.347046e+02
    endloop
  endfacet
  facet normal -2.908146e-02 -9.788987e-01 -2.022660e-01
    outer loop
      vertex   5.064007e+01 -5.327510e+01 1.347046e+02
      vertex   5.211114e+01 -5.361053e+01 1.361165e+02
      vertex   5.094451e+01 -5.361053e+01 1.362842e+02
    endloop
  endfacet
  facet normal -4.817638e-02 -9.788987e-01 -1.985858e-01
    outer loop
      vertex   5.064007e+01 -5.327510e+01 1.347046e+02
      vertex   5.094451e+01 -5.361053e+01 1.362842e+02
      vertex   4.934590e+01 -5.327510e+01 1.350186e+02
    endloop
  endfacet
  facet normal -4.817638e-02 -9.788987e-01 -1.985858e-01
    outer loop
      vertex   4.934590e+01 -5.327510e+01 1.350186e+02
      vertex   5.094451e+01 -5.361053e+01 1.362842e+02
      vertex   4.979912e+01 -5.361053e+01 1.365621e+02
    endloop
  endfacet
  facet normal -6.683501e-02 -9.788987e-01 -1.931071e-01
    outer loop
      vertex   4.934590e+01 -5.327510e+01 1.350186e+02
      vertex   4.979912e+01 -5.361053e+01 1.365621e+02
      vertex   4.808744e+01 -5.327510e+01 1.354541e+02
    endloop
  endfacet
  facet normal -1.338181e-01 -9.788987e-01 -1.544344e-01
    outer loop
      vertex   4.363157e+01 -5.327510e+01 1.383178e+02
      vertex   4.463800e+01 -5.327510e+01 1.374457e+02
      vertex   4.563241e+01 -5.361053e+01 1.387102e+02
    endloop
  endfacet
  facet normal -1.185323e-01 -9.788987e-01 -1.664553e-01
    outer loop
      vertex   4.563241e+01 -5.361053e+01 1.387102e+02
      vertex   4.463800e+01 -5.327510e+01 1.374457e+02
      vertex   4.659249e+01 -5.361053e+01 1.380265e+02
    endloop
  endfacet
  facet normal -1.338181e-01 -9.788987e-01 -1.544344e-01
    outer loop
      vertex   4.474167e+01 -5.361053e+01 1.394820e+02
      vertex   4.363157e+01 -5.327510e+01 1.383178e+02
      vertex   4.563241e+01 -5.361053e+01 1.387102e+02
    endloop
  endfacet
  facet normal -1.606268e-01 -9.788987e-01 -1.263183e-01
    outer loop
      vertex   4.271258e+01 -5.327510e+01 1.392816e+02
      vertex   4.392833e+01 -5.361053e+01 1.403350e+02
      vertex   4.188938e+01 -5.327510e+01 1.403283e+02
    endloop
  endfacet
  facet normal -1.606268e-01 -9.788987e-01 -1.263183e-01
    outer loop
      vertex   4.188938e+01 -5.327510e+01 1.403283e+02
      vertex   4.392833e+01 -5.361053e+01 1.403350e+02
      vertex   4.319976e+01 -5.361053e+01 1.412615e+02
    endloop
  endfacet
  facet normal -1.719068e-01 -9.788987e-01 -1.104778e-01
    outer loop
      vertex   4.188938e+01 -5.327510e+01 1.403283e+02
      vertex   4.319976e+01 -5.361053e+01 1.412615e+02
      vertex   4.116940e+01 -5.327510e+01 1.414487e+02
    endloop
  endfacet
  facet normal -1.719068e-01 -9.788987e-01 -1.104778e-01
    outer loop
      vertex   4.116940e+01 -5.327510e+01 1.414487e+02
      vertex   4.319976e+01 -5.361053e+01 1.412615e+02
      vertex   4.256255e+01 -5.361053e+01 1.422530e+02
    endloop
  endfacet
  facet normal -1.816299e-01 -9.788987e-01 -9.363673e-02
    outer loop
      vertex   4.116940e+01 -5.327510e+01 1.414487e+02
      vertex   4.256255e+01 -5.361053e+01 1.422530e+02
      vertex   4.055918e+01 -5.327510e+01 1.426323e+02
    endloop
  endfacet
  facet normal -2.034207e-01 -9.788987e-01 -1.942432e-02
    outer loop
      vertex   3.931043e+01 -5.327510e+01 1.477797e+02
      vertex   3.943702e+01 -5.327510e+01 1.464540e+02
      vertex   4.102931e+01 -5.361053e+01 1.466830e+02
    endloop
  endfacet
  facet normal -2.006532e-01 -9.788987e-01 -3.867273e-02
    outer loop
      vertex   4.102931e+01 -5.361053e+01 1.466830e+02
      vertex   3.943702e+01 -5.327510e+01 1.464540e+02
      vertex   4.125237e+01 -5.361053e+01 1.455257e+02
    endloop
  endfacet
  facet normal -2.034207e-01 -9.788987e-01 -1.942432e-02
    outer loop
      vertex   4.091728e+01 -5.361053e+01 1.478563e+02
      vertex   3.931043e+01 -5.327510e+01 1.477797e+02
      vertex   4.102931e+01 -5.361053e+01 1.466830e+02
    endloop
  endfacet
  facet normal -2.034207e-01 -9.788987e-01 1.942432e-02
    outer loop
      vertex   3.931043e+01 -5.327510e+01 1.491114e+02
      vertex   4.091728e+01 -5.361053e+01 1.490349e+02
      vertex   3.943702e+01 -5.327510e+01 1.504371e+02
    endloop
  endfacet
  facet normal -2.034207e-01 -9.788987e-01 1.942432e-02
    outer loop
      vertex   3.943702e+01 -5.327510e+01 1.504371e+02
      vertex   4.091728e+01 -5.361053e+01 1.490349e+02
      vertex   4.102931e+01 -5.361053e+01 1.502082e+02
    endloop
  endfacet
  facet normal -2.006532e-01 -9.788987e-01 3.867273e-02
    outer loop
      vertex   3.943702e+01 -5.327510e+01 1.504371e+02
      vertex   4.102931e+01 -5.361053e+01 1.502082e+02
      vertex   3.968905e+01 -5.327510e+01 1.517447e+02
    endloop
  endfacet
  facet normal -2.006532e-01 -9.788987e-01 3.867273e-02
    outer loop
      vertex   3.968905e+01 -5.327510e+01 1.517447e+02
      vertex   4.102931e+01 -5.361053e+01 1.502082e+02
      vertex   4.125237e+01 -5.361053e+01 1.513655e+02
    endloop
  endfacet
  facet normal -1.960685e-01 -9.788987e-01 5.757091e-02
    outer loop
      vertex   3.968905e+01 -5.327510e+01 1.517447e+02
      vertex   4.125237e+01 -5.361053e+01 1.513655e+02
      vertex   4.006423e+01 -5.327510e+01 1.530225e+02
    endloop
  endfacet
  facet normal -1.960685e-01 -9.788987e-01 5.757091e-02
    outer loop
      vertex   4.006423e+01 -5.327510e+01 1.530225e+02
      vertex   4.125237e+01 -5.361053e+01 1.513655e+02
      vertex   4.158442e+01 -5.361053e+01 1.524964e+02
    endloop
  endfacet
  facet normal -1.897082e-01 -9.788987e-01 7.594772e-02
    outer loop
      vertex   4.006423e+01 -5.327510e+01 1.530225e+02
      vertex   4.158442e+01 -5.361053e+01 1.524964e+02
      vertex   4.055918e+01 -5.327510e+01 1.542588e+02
    endloop
  endfacet
  facet normal -1.606268e-01 -9.788987e-01 1.263183e-01
    outer loop
      vertex   4.271258e+01 -5.327510e+01 1.576096e+02
      vertex   4.188938e+01 -5.327510e+01 1.565628e+02
      vertex   4.319976e+01 -5.361053e+01 1.556297e+02
    endloop
  endfacet
  facet normal -1.719068e-01 -9.788987e-01 1.104778e-01
    outer loop
      vertex   4.319976e+01 -5.361053e+01 1.556297e+02
      vertex   4.188938e+01 -5.327510e+01 1.565628e+02
      vertex   4.256255e+01 -5.361053e+01 1.546382e+02
    endloop
  endfacet
  facet normal -1.478921e-01 -9.788987e-01 1.410149e-01
    outer loop
      vertex   4.363157e+01 -5.327510e+01 1.585734e+02
      vertex   4.271258e+01 -5.327510e+01 1.576096e+02
      vertex   4.392833e+01 -5.361053e+01 1.565561e+02
    endloop
  endfacet
  facet normal -1.606268e-01 -9.788987e-01 1.263183e-01
    outer loop
      vertex   4.392833e+01 -5.361053e+01 1.565561e+02
      vertex   4.271258e+01 -5.327510e+01 1.576096e+02
      vertex   4.319976e+01 -5.361053e+01 1.556297e+02
    endloop
  endfacet
  facet normal -1.478921e-01 -9.788987e-01 1.410149e-01
    outer loop
      vertex   4.474167e+01 -5.361053e+01 1.574091e+02
      vertex   4.363157e+01 -5.327510e+01 1.585734e+02
      vertex   4.392833e+01 -5.361053e+01 1.565561e+02
    endloop
  endfacet
  facet normal -1.185323e-01 -9.788987e-01 1.664553e-01
    outer loop
      vertex   4.572278e+01 -5.327510e+01 1.602179e+02
      vertex   4.463800e+01 -5.327510e+01 1.594455e+02
      vertex   4.563241e+01 -5.361053e+01 1.581810e+02
    endloop
  endfacet
  facet normal -1.021730e-01 -9.788987e-01 1.769688e-01
    outer loop
      vertex   4.687607e+01 -5.327510e+01 1.608838e+02
      vertex   4.572278e+01 -5.327510e+01 1.602179e+02
      vertex   4.659249e+01 -5.361053e+01 1.588646e+02
    endloop
  endfacet
  facet normal -1.185323e-01 -9.788987e-01 1.664553e-01
    outer loop
      vertex   4.659249e+01 -5.361053e+01 1.588646e+02
      vertex   4.572278e+01 -5.327510e+01 1.602179e+02
      vertex   4.563241e+01 -5.361053e+01 1.581810e+02
    endloop
  endfacet
  facet normal -1.021730e-01 -9.788987e-01 1.769688e-01
    outer loop
      vertex   4.659249e+01 -5.361053e+01 1.588646e+02
      vertex   4.761321e+01 -5.361053e+01 1.594540e+02
      vertex   4.687607e+01 -5.327510e+01 1.608838e+02
    endloop
  endfacet
  facet normal -8.488838e-02 -9.788987e-01 1.858796e-01
    outer loop
      vertex   4.687607e+01 -5.327510e+01 1.608838e+02
      vertex   4.761321e+01 -5.361053e+01 1.594540e+02
      vertex   4.808744e+01 -5.327510e+01 1.614370e+02
    endloop
  endfacet
  facet normal -2.908146e-02 -9.788987e-01 2.022660e-01
    outer loop
      vertex   5.064007e+01 -5.327510e+01 1.621865e+02
      vertex   5.094451e+01 -5.361053e+01 1.606069e+02
      vertex   5.195822e+01 -5.327510e+01 1.623760e+02
    endloop
  endfacet
  facet normal -2.908146e-02 -9.788987e-01 2.022660e-01
    outer loop
      vertex   5.195822e+01 -5.327510e+01 1.623760e+02
      vertex   5.094451e+01 -5.361053e+01 1.606069e+02
      vertex   5.211114e+01 -5.361053e+01 1.607747e+02
    endloop
  endfacet
  facet normal 0.000000e+00 -1.000000e+00 -0.000000e+00
    outer loop
      vertex   1.253884e+02 -5.316258e+01 1.385467e+02
      vertex   1.240435e+02 -5.316258e+01 1.370998e+02
      vertex   1.253884e+02 -5.316258e+01 2.688107e+01
    endloop
  endfacet
  facet normal 0.000000e+00 -1.000000e+00 0.000000e+00
    outer loop
      vertex   1.253884e+02 -5.316258e+01 2.688107e+01
      vertex   1.240435e+02 -5.316258e+01 1.370998e+02
      vertex   1.225268e+02 -5.316258e+01 1.358340e+02
    endloop
  endfacet
  facet normal 0.000000e+00 -1.000000e+00 0.000000e+00
    outer loop
      vertex   1.253884e+02 -5.316258e+01 2.688107e+01
      vertex   1.225268e+02 -5.316258e+01 1.358340e+02
      vertex   1.208626e+02 -5.316258e+01 1.347697e+02
    endloop
  endfacet
  facet normal 0.000000e+00 -1.000000e+00 -0.000000e+00
    outer loop
      vertex   1.208626e+02 -5.316258e+01 1.347697e+02
      vertex   1.190775e+02 -5.316258e+01 1.339237e+02
      vertex   1.253884e+02 -5.316258e+01 2.688107e+01
    endloop
  endfacet
  facet normal 0.000000e+00 -1.000000e+00 0.000000e+00
    outer loop
      vertex   1.253884e+02 -5.316258e+01 2.688107e+01
      vertex   1.190775e+02 -5.316258e+01 1.339237e+02
      vertex   1.171999e+02 -5.316258e+01 1.333096e+02
    endloop
  endfacet
  facet normal 0.000000e+00 -1.000000e+00 0.000000e+00
    outer loop
      vertex   1.253884e+02 -5.316258e+01 2.688107e+01
      vertex   1.171999e+02 -5.316258e+01 1.333096e+02
      vertex   1.152599e+02 -5.316258e+01 1.329371e+02
    endloop
  endfacet
  facet normal 0.000000e+00 -1.000000e+00 -0.000000e+00
    outer loop
      vertex   1.152599e+02 -5.316258e+01 1.329371e+02
      vertex   1.132884e+02 -5.316258e+01 1.328123e+02
      vertex   1.253884e+02 -5.316258e+01 2.688107e+01
    endloop
  endfacet
  facet normal 0.000000e+00 -1.000000e+00 0.000000e+00
    outer loop
      vertex   1.253884e+02 -5.316258e+01 2.688107e+01
      vertex   1.132884e+02 -5.316258e+01 1.328123e+02
      vertex   5.328842e+01 -5.316258e+01 1.328123e+02
    endloop
  endfacet
  facet normal 0.000000e+00 -1.000000e+00 0.000000e+00
    outer loop
      vertex   1.253884e+02 -5.316258e+01 2.688107e+01
      vertex   5.328842e+01 -5.316258e+01 1.328123e+02
      vertex   2.368842e+01 -5.316258e+01 2.688107e+01
    endloop
  endfacet
  facet normal 0.000000e+00 -1.000000e+00 0.000000e+00
    outer loop
      vertex   2.368842e+01 -5.316258e+01 2.688107e+01
      vertex   5.328842e+01 -5.316258e+01 1.328123e+02
      vertex   5.132906e+01 -5.316258e+01 1.329356e+02
    endloop
  endfacet
  facet normal 0.000000e+00 -1.000000e+00 0.000000e+00
    outer loop
      vertex   2.368842e+01 -5.316258e+01 2.688107e+01
      vertex   5.132906e+01 -5.316258e+01 1.329356e+02
      vertex   4.940059e+01 -5.316258e+01 1.333035e+02
    endloop
  endfacet
  facet normal -0.000000e+00 -1.000000e+00 0.000000e+00
    outer loop
      vertex   4.940059e+01 -5.316258e+01 1.333035e+02
      vertex   4.753344e+01 -5.316258e+01 1.339101e+02
      vertex   2.368842e+01 -5.316258e+01 2.688107e+01
    endloop
  endfacet
  facet normal 0.000000e+00 -1.000000e+00 0.000000e+00
    outer loop
      vertex   2.368842e+01 -5.316258e+01 2.688107e+01
      vertex   4.753344e+01 -5.316258e+01 1.339101e+02
      vertex   4.575705e+01 -5.316258e+01 1.347461e+02
    endloop
  endfacet
  facet normal 0.000000e+00 -1.000000e+00 0.000000e+00
    outer loop
      vertex   2.368842e+01 -5.316258e+01 2.688107e+01
      vertex   4.575705e+01 -5.316258e+01 1.347461e+02
      vertex   4.409943e+01 -5.316258e+01 1.357980e+02
    endloop
  endfacet
  facet normal -0.000000e+00 -1.000000e+00 0.000000e+00
    outer loop
      vertex   4.409943e+01 -5.316258e+01 1.357980e+02
      vertex   4.258673e+01 -5.316258e+01 1.370494e+02
      vertex   2.368842e+01 -5.316258e+01 2.688107e+01
    endloop
  endfacet
  facet normal 0.000000e+00 -1.000000e+00 0.000000e+00
    outer loop
      vertex   2.368842e+01 -5.316258e+01 2.688107e+01
      vertex   4.258673e+01 -5.316258e+01 1.370494e+02
      vertex   4.124280e+01 -5.316258e+01 1.384806e+02
    endloop
  endfacet
  facet normal 0.000000e+00 -1.000000e+00 0.000000e+00
    outer loop
      vertex   2.368842e+01 -5.316258e+01 2.688107e+01
      vertex   4.124280e+01 -5.316258e+01 1.384806e+02
      vertex   4.008883e+01 -5.316258e+01 1.400689e+02
    endloop
  endfacet
  facet normal -0.000000e+00 -1.000000e+00 0.000000e+00
    outer loop
      vertex   4.008883e+01 -5.316258e+01 1.400689e+02
      vertex   3.914304e+01 -5.316258e+01 1.417893e+02
      vertex   2.368842e+01 -5.316258e+01 2.688107e+01
    endloop
  endfacet
  facet normal 0.000000e+00 -1.000000e+00 0.000000e+00
    outer loop
      vertex   2.368842e+01 -5.316258e+01 2.688107e+01
      vertex   3.914304e+01 -5.316258e+01 1.417893e+02
      vertex   2.368842e+01 -5.316258e+01 1.658811e+02
    endloop
  endfacet
  facet normal 0.000000e+00 -1.000000e+00 0.000000e+00
    outer loop
      vertex   2.368842e+01 -5.316258e+01 1.658811e+02
      vertex   3.914304e+01 -5.316258e+01 1.417893e+02
      vertex   3.842032e+01 -5.316258e+01 1.436146e+02
    endloop
  endfacet
  facet normal 0.000000e+00 -1.000000e+00 0.000000e+00
    outer loop
      vertex   2.368842e+01 -5.316258e+01 1.658811e+02
      vertex   3.842032e+01 -5.316258e+01 1.436146e+02
      vertex   3.793208e+01 -5.316258e+01 1.455162e+02
    endloop
  endfacet
  facet normal 0.000000e+00 -1.000000e+00 0.000000e+00
    outer loop
      vertex   3.793208e+01 -5.316258e+01 1.455162e+02
      vertex   3.768602e+01 -5.316258e+01 1.474640e+02
      vertex   2.368842e+01 -5.316258e+01 1.658811e+02
    endloop
  endfacet
  facet normal 0.000000e+00 -1.000000e+00 0.000000e+00
    outer loop
      vertex   2.368842e+01 -5.316258e+01 1.658811e+02
      vertex   3.768602e+01 -5.316258e+01 1.474640e+02
      vertex   3.768602e+01 -5.316258e+01 1.494272e+02
    endloop
  endfacet
  facet normal 0.000000e+00 -1.000000e+00 0.000000e+00
    outer loop
      vertex   2.368842e+01 -5.316258e+01 1.658811e+02
      vertex   3.768602e+01 -5.316258e+01 1.494272e+02
      vertex   3.793208e+01 -5.316258e+01 1.513750e+02
    endloop
  endfacet
  facet normal 0.000000e+00 -1.000000e+00 0.000000e+00
    outer loop
      vertex   3.793208e+01 -5.316258e+01 1.513750e+02
      vertex   3.842032e+01 -5.316258e+01 1.532765e+02
      vertex   2.368842e+01 -5.316258e+01 1.658811e+02
    endloop
  endfacet
  facet normal 0.000000e+00 -1.000000e+00 0.000000e+00
    outer loop
      vertex   2.368842e+01 -5.316258e+01 1.658811e+02
      vertex   3.842032e+01 -5.316258e+01 1.532765e+02
      vertex   3.914304e+01 -5.316258e+01 1.551019e+02
    endloop
  endfacet
  facet normal 0.000000e+00 -1.000000e+00 0.000000e+00
    outer loop
      vertex   2.368842e+01 -5.316258e+01 1.658811e+02
      vertex   3.914304e+01 -5.316258e+01 1.551019e+02
      vertex   4.008883e+01 -5.316258e+01 1.568223e+02
    endloop
  endfacet
  facet normal 0.000000e+00 -1.000000e+00 0.000000e+00
    outer loop
      vertex   4.008883e+01 -5.316258e+01 1.568223e+02
      vertex   4.124280e+01 -5.316258e+01 1.584106e+02
      vertex   2.368842e+01 -5.316258e+01 1.658811e+02
    endloop
  endfacet
  facet normal 0.000000e+00 -1.000000e+00 0.000000e+00
    outer loop
      vertex   2.368842e+01 -5.316258e+01 1.658811e+02
      vertex   4.124280e+01 -5.316258e+01 1.584106e+02
      vertex   4.258673e+01 -5.316258e+01 1.598417e+02
    endloop
  endfacet
  facet normal 0.000000e+00 -1.000000e+00 0.000000e+00
    outer loop
      vertex   2.368842e+01 -5.316258e+01 1.658811e+02
      vertex   4.258673e+01 -5.316258e+01 1.598417e+02
      vertex   4.409943e+01 -5.316258e+01 1.610931e+02
    endloop
  endfacet
  facet normal 0.000000e+00 -1.000000e+00 0.000000e+00
    outer loop
      vertex   4.409943e+01 -5.316258e+01 1.610931e+02
      vertex   4.575705e+01 -5.316258e+01 1.621451e+02
      vertex   2.368842e+01 -5.316258e+01 1.658811e+02
    endloop
  endfacet
  facet normal 0.000000e+00 -1.000000e+00 0.000000e+00
    outer loop
      vertex   2.368842e+01 -5.316258e+01 1.658811e+02
      vertex   4.575705e+01 -5.316258e+01 1.621451e+02
      vertex   4.753344e+01 -5.316258e+01 1.629810e+02
    endloop
  endfacet
  facet normal 0.000000e+00 -1.000000e+00 0.000000e+00
    outer loop
      vertex   2.368842e+01 -5.316258e+01 1.658811e+02
      vertex   4.753344e+01 -5.316258e+01 1.629810e+02
      vertex   4.940059e+01 -5.316258e+01 1.635877e+02
    endloop
  endfacet
  facet normal 0.000000e+00 -1.000000e+00 0.000000e+00
    outer loop
      vertex   4.940059e+01 -5.316258e+01 1.635877e+02
      vertex   5.132906e+01 -5.316258e+01 1.639556e+02
      vertex   2.368842e+01 -5.316258e+01 1.658811e+02
    endloop
  endfacet
  facet normal 0.000000e+00 -1.000000e+00 0.000000e+00
    outer loop
      vertex   2.368842e+01 -5.316258e+01 1.658811e+02
      vertex   5.132906e+01 -5.316258e+01 1.639556e+02
      vertex   5.328842e+01 -5.316258e+01 1.640788e+02
    endloop
  endfacet
  facet normal 0.000000e+00 -1.000000e+00 0.000000e+00
    outer loop
      vertex   2.368842e+01 -5.316258e+01 1.658811e+02
      vertex   5.328842e+01 -5.316258e+01 1.640788e+02
      vertex   1.253884e+02 -5.316258e+01 1.658811e+02
    endloop
  endfacet
  facet normal 0.000000e+00 -1.000000e+00 0.000000e+00
    outer loop
      vertex   1.253884e+02 -5.316258e+01 1.658811e+02
      vertex   5.328842e+01 -5.316258e+01 1.640788e+02
      vertex   1.132884e+02 -5.316258e+01 1.640788e+02
    endloop
  endfacet
  facet normal 0.000000e+00 -1.000000e+00 0.000000e+00
    outer loop
      vertex   1.253884e+02 -5.316258e+01 1.658811e+02
      vertex   1.132884e+02 -5.316258e+01 1.640788e+02
      vertex   1.152599e+02 -5.316258e+01 1.639540e+02
    endloop
  endfacet
  facet normal 0.000000e+00 -1.000000e+00 0.000000e+00
    outer loop
      vertex   1.152599e+02 -5.316258e+01 1.639540e+02
      vertex   1.171999e+02 -5.316258e+01 1.635816e+02
      vertex   1.253884e+02 -5.316258e+01 1.658811e+02
    endloop
  endfacet
  facet normal 0.000000e+00 -1.000000e+00 0.000000e+00
    outer loop
      vertex   1.253884e+02 -5.316258e+01 1.658811e+02
      vertex   1.171999e+02 -5.316258e+01 1.635816e+02
      vertex   1.190775e+02 -5.316258e+01 1.629675e+02
    endloop
  endfacet
  facet normal 0.000000e+00 -1.000000e+00 0.000000e+00
    outer loop
      vertex   1.253884e+02 -5.316258e+01 1.658811e+02
      vertex   1.190775e+02 -5.316258e+01 1.629675e+02
      vertex   1.208626e+02 -5.316258e+01 1.621215e+02
    endloop
  endfacet
  facet normal 0.000000e+00 -1.000000e+00 0.000000e+00
    outer loop
      vertex   1.208626e+02 -5.316258e+01 1.621215e+02
      vertex   1.225268e+02 -5.316258e+01 1.610571e+02
      vertex   1.253884e+02 -5.316258e+01 1.658811e+02
    endloop
  endfacet
  facet normal 0.000000e+00 -1.000000e+00 0.000000e+00
    outer loop
      vertex   1.253884e+02 -5.316258e+01 1.658811e+02
      vertex   1.225268e+02 -5.316258e+01 1.610571e+02
      vertex   1.240435e+02 -5.316258e+01 1.597914e+02
    endloop
  endfacet
  facet normal 0.000000e+00 -1.000000e+00 -0.000000e+00
    outer loop
      vertex   1.253884e+02 -5.316258e+01 1.658811e+02
      vertex   1.240435e+02 -5.316258e+01 1.597914e+02
      vertex   1.253884e+02 -5.316258e+01 1.583445e+02
    endloop
  endfacet
  facet normal -9.948693e-01 0.000000e+00 -1.011683e-01
    outer loop
      vertex   1.191656e+02 -5.416258e+01 1.496534e+02
      vertex   1.191656e+02 -5.116258e+01 1.496534e+02
      vertex   1.192884e+02 -5.416258e+01 1.484456e+02
    endloop
  endfacet
  facet normal -9.948693e-01 0.000000e+00 -1.011683e-01
    outer loop
      vertex   1.192884e+02 -5.416258e+01 1.484456e+02
      vertex   1.191656e+02 -5.116258e+01 1.496534e+02
      vertex   1.192884e+02 -5.116258e+01 1.484456e+02
    endloop
  endfacet
  facet normal -9.948693e-01 0.000000e+00 1.011683e-01
    outer loop
      vertex   1.192884e+02 -5.416258e+01 1.484456e+02
      vertex   1.192884e+02 -5.116258e+01 1.484456e+02
      vertex   1.191656e+02 -5.416258e+01 1.472378e+02
    endloop
  endfacet
  facet normal -9.948693e-01 0.000000e+00 1.011683e-01
    outer loop
      vertex   1.191656e+02 -5.416258e+01 1.472378e+02
      vertex   1.192884e+02 -5.116258e+01 1.484456e+02
      vertex   1.191656e+02 -5.116258e+01 1.472378e+02
    endloop
  endfacet
  facet normal -9.541393e-01 0.000000e+00 2.993631e-01
    outer loop
      vertex   1.191656e+02 -5.416258e+01 1.472378e+02
      vertex   1.191656e+02 -5.116258e+01 1.472378e+02
      vertex   1.188022e+02 -5.416258e+01 1.460794e+02
    endloop
  endfacet
  facet normal -9.541393e-01 0.000000e+00 2.993631e-01
    outer loop
      vertex   1.188022e+02 -5.416258e+01 1.460794e+02
      vertex   1.191656e+02 -5.116258e+01 1.472378e+02
      vertex   1.188022e+02 -5.116258e+01 1.460794e+02
    endloop
  endfacet
  facet normal -8.743466e-01 0.000000e+00 4.853020e-01
    outer loop
      vertex   1.188022e+02 -5.416258e+01 1.460794e+02
      vertex   1.188022e+02 -5.116258e+01 1.460794e+02
      vertex   1.182130e+02 -5.416258e+01 1.450180e+02
    endloop
  endfacet
  facet normal -8.743466e-01 0.000000e+00 4.853020e-01
    outer loop
      vertex   1.182130e+02 -5.416258e+01 1.450180e+02
      vertex   1.188022e+02 -5.116258e+01 1.460794e+02
      vertex   1.182130e+02 -5.116258e+01 1.450180e+02
    endloop
  endfacet
  facet normal -7.587581e-01 0.000000e+00 6.513725e-01
    outer loop
      vertex   1.182130e+02 -5.416258e+01 1.450180e+02
      vertex   1.182130e+02 -5.116258e+01 1.450180e+02
      vertex   1.174222e+02 -5.416258e+01 1.440968e+02
    endloop
  endfacet
  facet normal -7.587581e-01 0.000000e+00 6.513725e-01
    outer loop
      vertex   1.174222e+02 -5.416258e+01 1.440968e+02
      vertex   1.182130e+02 -5.116258e+01 1.450180e+02
      vertex   1.174222e+02 -5.116258e+01 1.440968e+02
    endloop
  endfacet
  facet normal -6.121060e-01 0.000000e+00 7.907757e-01
    outer loop
      vertex   1.174222e+02 -5.416258e+01 1.440968e+02
      vertex   1.174222e+02 -5.116258e+01 1.440968e+02
      vertex   1.164622e+02 -5.416258e+01 1.433537e+02
    endloop
  endfacet
  facet normal -6.121060e-01 0.000000e+00 7.907757e-01
    outer loop
      vertex   1.164622e+02 -5.416258e+01 1.433537e+02
      vertex   1.174222e+02 -5.116258e+01 1.440968e+02
      vertex   1.164622e+02 -5.116258e+01 1.433537e+02
    endloop
  endfacet
  facet normal -4.403942e-01 0.000000e+00 8.978045e-01
    outer loop
      vertex   1.164622e+02 -5.416258e+01 1.433537e+02
      vertex   1.164622e+02 -5.116258e+01 1.433537e+02
      vertex   1.153723e+02 -5.416258e+01 1.428191e+02
    endloop
  endfacet
  facet normal -4.403942e-01 0.000000e+00 8.978045e-01
    outer loop
      vertex   1.153723e+02 -5.416258e+01 1.428191e+02
      vertex   1.164622e+02 -5.116258e+01 1.433537e+02
      vertex   1.153723e+02 -5.116258e+01 1.428191e+02
    endloop
  endfacet
  facet normal -2.506525e-01 0.000000e+00 9.680771e-01
    outer loop
      vertex   1.153723e+02 -5.416258e+01 1.428191e+02
      vertex   1.153723e+02 -5.116258e+01 1.428191e+02
      vertex   1.141970e+02 -5.416258e+01 1.425148e+02
    endloop
  endfacet
  facet normal -2.506525e-01 0.000000e+00 9.680771e-01
    outer loop
      vertex   1.141970e+02 -5.416258e+01 1.425148e+02
      vertex   1.153723e+02 -5.116258e+01 1.428191e+02
      vertex   1.141970e+02 -5.116258e+01 1.425148e+02
    endloop
  endfacet
  facet normal -5.064917e-02 0.000000e+00 9.987165e-01
    outer loop
      vertex   1.141970e+02 -5.416258e+01 1.425148e+02
      vertex   1.141970e+02 -5.116258e+01 1.425148e+02
      vertex   1.129845e+02 -5.416258e+01 1.424533e+02
    endloop
  endfacet
  facet normal -5.064917e-02 0.000000e+00 9.987165e-01
    outer loop
      vertex   1.129845e+02 -5.416258e+01 1.424533e+02
      vertex   1.141970e+02 -5.116258e+01 1.425148e+02
      vertex   1.129845e+02 -5.116258e+01 1.424533e+02
    endloop
  endfacet
  facet normal 1.514278e-01 -0.000000e+00 9.884683e-01
    outer loop
      vertex   1.129845e+02 -5.416258e+01 1.424533e+02
      vertex   1.129845e+02 -5.116258e+01 1.424533e+02
      vertex   1.117845e+02 -5.416258e+01 1.426371e+02
    endloop
  endfacet
  facet normal 1.514278e-01 -0.000000e+00 9.884683e-01
    outer loop
      vertex   1.117845e+02 -5.416258e+01 1.426371e+02
      vertex   1.129845e+02 -5.116258e+01 1.424533e+02
      vertex   1.117845e+02 -5.116258e+01 1.426371e+02
    endloop
  endfacet
  facet normal 3.473053e-01 -0.000000e+00 9.377521e-01
    outer loop
      vertex   1.117845e+02 -5.416258e+01 1.426371e+02
      vertex   1.117845e+02 -5.116258e+01 1.426371e+02
      vertex   1.106461e+02 -5.416258e+01 1.430587e+02
    endloop
  endfacet
  facet normal 3.473053e-01 -0.000000e+00 9.377521e-01
    outer loop
      vertex   1.106461e+02 -5.416258e+01 1.430587e+02
      vertex   1.117845e+02 -5.116258e+01 1.426371e+02
      vertex   1.106461e+02 -5.116258e+01 1.430587e+02
    endloop
  endfacet
  facet normal 5.289640e-01 -0.000000e+00 8.486443e-01
    outer loop
      vertex   1.106461e+02 -5.416258e+01 1.430587e+02
      vertex   1.106461e+02 -5.116258e+01 1.430587e+02
      vertex   1.096158e+02 -5.416258e+01 1.437009e+02
    endloop
  endfacet
  facet normal 5.289640e-01 -0.000000e+00 8.486443e-01
    outer loop
      vertex   1.096158e+02 -5.416258e+01 1.437009e+02
      vertex   1.106461e+02 -5.116258e+01 1.430587e+02
      vertex   1.096158e+02 -5.116258e+01 1.437009e+02
    endloop
  endfacet
  facet normal 6.889669e-01 -0.000000e+00 7.247928e-01
    outer loop
      vertex   1.096158e+02 -5.416258e+01 1.437009e+02
      vertex   1.096158e+02 -5.116258e+01 1.437009e+02
      vertex   1.087359e+02 -5.416258e+01 1.445373e+02
    endloop
  endfacet
  facet normal 6.889669e-01 -0.000000e+00 7.247928e-01
    outer loop
      vertex   1.087359e+02 -5.416258e+01 1.445373e+02
      vertex   1.096158e+02 -5.116258e+01 1.437009e+02
      vertex   1.087359e+02 -5.116258e+01 1.445373e+02
    endloop
  endfacet
  facet normal 8.207634e-01 -0.000000e+00 5.712682e-01
    outer loop
      vertex   1.087359e+02 -5.416258e+01 1.445373e+02
      vertex   1.087359e+02 -5.116258e+01 1.445373e+02
      vertex   1.080423e+02 -5.416258e+01 1.455338e+02
    endloop
  endfacet
  facet normal 8.207634e-01 -0.000000e+00 5.712682e-01
    outer loop
      vertex   1.080423e+02 -5.416258e+01 1.455338e+02
      vertex   1.087359e+02 -5.116258e+01 1.445373e+02
      vertex   1.080423e+02 -5.116258e+01 1.455338e+02
    endloop
  endfacet
  facet normal 9.189578e-01 -0.000000e+00 3.943559e-01
    outer loop
      vertex   1.080423e+02 -5.416258e+01 1.455338e+02
      vertex   1.080423e+02 -5.116258e+01 1.455338e+02
      vertex   1.075636e+02 -5.416258e+01 1.466494e+02
    endloop
  endfacet
  facet normal 9.189578e-01 -0.000000e+00 3.943559e-01
    outer loop
      vertex   1.075636e+02 -5.416258e+01 1.466494e+02
      vertex   1.080423e+02 -5.116258e+01 1.455338e+02
      vertex   1.075636e+02 -5.116258e+01 1.466494e+02
    endloop
  endfacet
  facet normal 9.795299e-01 -0.000000e+00 2.012985e-01
    outer loop
      vertex   1.075636e+02 -5.416258e+01 1.466494e+02
      vertex   1.075636e+02 -5.116258e+01 1.466494e+02
      vertex   1.073192e+02 -5.416258e+01 1.478386e+02
    endloop
  endfacet
  facet normal 9.795299e-01 -0.000000e+00 2.012985e-01
    outer loop
      vertex   1.073192e+02 -5.416258e+01 1.478386e+02
      vertex   1.075636e+02 -5.116258e+01 1.466494e+02
      vertex   1.073192e+02 -5.116258e+01 1.478386e+02
    endloop
  endfacet
  facet normal 1.000000e+00 0.000000e+00 0.000000e+00
    outer loop
      vertex   1.073192e+02 -5.416258e+01 1.478386e+02
      vertex   1.073192e+02 -5.116258e+01 1.478386e+02
      vertex   1.073192e+02 -5.416258e+01 1.490526e+02
    endloop
  endfacet
  facet normal 1.000000e+00 -0.000000e+00 0.000000e+00
    outer loop
      vertex   1.073192e+02 -5.416258e+01 1.490526e+02
      vertex   1.073192e+02 -5.116258e+01 1.478386e+02
      vertex   1.073192e+02 -5.116258e+01 1.490526e+02
    endloop
  endfacet
  facet normal 9.795299e-01 0.000000e+00 -2.012985e-01
    outer loop
      vertex   1.073192e+02 -5.416258e+01 1.490526e+02
      vertex   1.073192e+02 -5.116258e+01 1.490526e+02
      vertex   1.075636e+02 -5.416258e+01 1.502418e+02
    endloop
  endfacet
  facet normal 9.795299e-01 0.000000e+00 -2.012985e-01
    outer loop
      vertex   1.075636e+02 -5.416258e+01 1.502418e+02
      vertex   1.073192e+02 -5.116258e+01 1.490526e+02
      vertex   1.075636e+02 -5.116258e+01 1.502418e+02
    endloop
  endfacet
  facet normal 9.189578e-01 0.000000e+00 -3.943559e-01
    outer loop
      vertex   1.075636e+02 -5.416258e+01 1.502418e+02
      vertex   1.075636e+02 -5.116258e+01 1.502418e+02
      vertex   1.080423e+02 -5.416258e+01 1.513574e+02
    endloop
  endfacet
  facet normal 9.189578e-01 0.000000e+00 -3.943559e-01
    outer loop
      vertex   1.080423e+02 -5.416258e+01 1.513574e+02
      vertex   1.075636e+02 -5.116258e+01 1.502418e+02
      vertex   1.080423e+02 -5.116258e+01 1.513574e+02
    endloop
  endfacet
  facet normal 8.207634e-01 0.000000e+00 -5.712682e-01
    outer loop
      vertex   1.080423e+02 -5.416258e+01 1.513574e+02
      vertex   1.080423e+02 -5.116258e+01 1.513574e+02
      vertex   1.087359e+02 -5.416258e+01 1.523538e+02
    endloop
  endfacet
  facet normal 8.207634e-01 0.000000e+00 -5.712682e-01
    outer loop
      vertex   1.087359e+02 -5.416258e+01 1.523538e+02
      vertex   1.080423e+02 -5.116258e+01 1.513574e+02
      vertex   1.087359e+02 -5.116258e+01 1.523538e+02
    endloop
  endfacet
  facet normal 6.889669e-01 0.000000e+00 -7.247928e-01
    outer loop
      vertex   1.087359e+02 -5.416258e+01 1.523538e+02
      vertex   1.087359e+02 -5.116258e+01 1.523538e+02
      vertex   1.096158e+02 -5.416258e+01 1.531902e+02
    endloop
  endfacet
  facet normal 6.889669e-01 0.000000e+00 -7.247928e-01
    outer loop
      vertex   1.096158e+02 -5.416258e+01 1.531902e+02
      vertex   1.087359e+02 -5.116258e+01 1.523538e+02
      vertex   1.096158e+02 -5.116258e+01 1.531902e+02
    endloop
  endfacet
  facet normal 5.289640e-01 0.000000e+00 -8.486443e-01
    outer loop
      vertex   1.096158e+02 -5.416258e+01 1.531902e+02
      vertex   1.096158e+02 -5.116258e+01 1.531902e+02
      vertex   1.106461e+02 -5.416258e+01 1.538324e+02
    endloop
  endfacet
  facet normal 5.289640e-01 0.000000e+00 -8.486443e-01
    outer loop
      vertex   1.106461e+02 -5.416258e+01 1.538324e+02
      vertex   1.096158e+02 -5.116258e+01 1.531902e+02
      vertex   1.106461e+02 -5.116258e+01 1.538324e+02
    endloop
  endfacet
  facet normal 3.473053e-01 0.000000e+00 -9.377521e-01
    outer loop
      vertex   1.106461e+02 -5.416258e+01 1.538324e+02
      vertex   1.106461e+02 -5.116258e+01 1.538324e+02
      vertex   1.117845e+02 -5.416258e+01 1.542540e+02
    endloop
  endfacet
  facet normal 3.473053e-01 0.000000e+00 -9.377521e-01
    outer loop
      vertex   1.117845e+02 -5.416258e+01 1.542540e+02
      vertex   1.106461e+02 -5.116258e+01 1.538324e+02
      vertex   1.117845e+02 -5.116258e+01 1.542540e+02
    endloop
  endfacet
  facet normal 1.514278e-01 0.000000e+00 -9.884683e-01
    outer loop
      vertex   1.117845e+02 -5.416258e+01 1.542540e+02
      vertex   1.117845e+02 -5.116258e+01 1.542540e+02
      vertex   1.129845e+02 -5.416258e+01 1.544379e+02
    endloop
  endfacet
  facet normal 1.514278e-01 0.000000e+00 -9.884683e-01
    outer loop
      vertex   1.129845e+02 -5.416258e+01 1.544379e+02
      vertex   1.117845e+02 -5.116258e+01 1.542540e+02
      vertex   1.129845e+02 -5.116258e+01 1.544379e+02
    endloop
  endfacet
  facet normal -5.064917e-02 0.000000e+00 -9.987165e-01
    outer loop
      vertex   1.129845e+02 -5.416258e+01 1.544379e+02
      vertex   1.129845e+02 -5.116258e+01 1.544379e+02
      vertex   1.141970e+02 -5.416258e+01 1.543764e+02
    endloop
  endfacet
  facet normal -5.064917e-02 0.000000e+00 -9.987165e-01
    outer loop
      vertex   1.141970e+02 -5.416258e+01 1.543764e+02
      vertex   1.129845e+02 -5.116258e+01 1.544379e+02
      vertex   1.141970e+02 -5.116258e+01 1.543764e+02
    endloop
  endfacet
  facet normal -2.506525e-01 0.000000e+00 -9.680771e-01
    outer loop
      vertex   1.141970e+02 -5.416258e+01 1.543764e+02
      vertex   1.141970e+02 -5.116258e+01 1.543764e+02
      vertex   1.153723e+02 -5.416258e+01 1.540721e+02
    endloop
  endfacet
  facet normal -2.506525e-01 0.000000e+00 -9.680771e-01
    outer loop
      vertex   1.153723e+02 -5.416258e+01 1.540721e+02
      vertex   1.141970e+02 -5.116258e+01 1.543764e+02
      vertex   1.153723e+02 -5.116258e+01 1.540721e+02
    endloop
  endfacet
  facet normal -4.403942e-01 0.000000e+00 -8.978045e-01
    outer loop
      vertex   1.153723e+02 -5.416258e+01 1.540721e+02
      vertex   1.153723e+02 -5.116258e+01 1.540721e+02
      vertex   1.164622e+02 -5.416258e+01 1.535374e+02
    endloop
  endfacet
  facet normal -4.403942e-01 0.000000e+00 -8.978045e-01
    outer loop
      vertex   1.164622e+02 -5.416258e+01 1.535374e+02
      vertex   1.153723e+02 -5.116258e+01 1.540721e+02
      vertex   1.164622e+02 -5.116258e+01 1.535374e+02
    endloop
  endfacet
  facet normal -6.121060e-01 0.000000e+00 -7.907757e-01
    outer loop
      vertex   1.164622e+02 -5.416258e+01 1.535374e+02
      vertex   1.164622e+02 -5.116258e+01 1.535374e+02
      vertex   1.174222e+02 -5.416258e+01 1.527943e+02
    endloop
  endfacet
  facet normal -6.121060e-01 0.000000e+00 -7.907757e-01
    outer loop
      vertex   1.174222e+02 -5.416258e+01 1.527943e+02
      vertex   1.164622e+02 -5.116258e+01 1.535374e+02
      vertex   1.174222e+02 -5.116258e+01 1.527943e+02
    endloop
  endfacet
  facet normal -7.587581e-01 0.000000e+00 -6.513725e-01
    outer loop
      vertex   1.174222e+02 -5.416258e+01 1.527943e+02
      vertex   1.174222e+02 -5.116258e+01 1.527943e+02
      vertex   1.182130e+02 -5.416258e+01 1.518732e+02
    endloop
  endfacet
  facet normal -7.587581e-01 0.000000e+00 -6.513725e-01
    outer loop
      vertex   1.182130e+02 -5.416258e+01 1.518732e+02
      vertex   1.174222e+02 -5.116258e+01 1.527943e+02
      vertex   1.182130e+02 -5.116258e+01 1.518732e+02
    endloop
  endfacet
  facet normal -8.743466e-01 0.000000e+00 -4.853020e-01
    outer loop
      vertex   1.182130e+02 -5.416258e+01 1.518732e+02
      vertex   1.182130e+02 -5.116258e+01 1.518732e+02
      vertex   1.188022e+02 -5.416258e+01 1.508117e+02
    endloop
  endfacet
  facet normal -8.743466e-01 0.000000e+00 -4.853020e-01
    outer loop
      vertex   1.188022e+02 -5.416258e+01 1.508117e+02
      vertex   1.182130e+02 -5.116258e+01 1.518732e+02
      vertex   1.188022e+02 -5.116258e+01 1.508117e+02
    endloop
  endfacet
  facet normal -9.541393e-01 0.000000e+00 -2.993631e-01
    outer loop
      vertex   1.188022e+02 -5.416258e+01 1.508117e+02
      vertex   1.188022e+02 -5.116258e+01 1.508117e+02
      vertex   1.191656e+02 -5.416258e+01 1.496534e+02
    endloop
  endfacet
  facet normal -9.541393e-01 0.000000e+00 -2.993631e-01
    outer loop
      vertex   1.191656e+02 -5.416258e+01 1.496534e+02
      vertex   1.188022e+02 -5.116258e+01 1.508117e+02
      vertex   1.191656e+02 -5.116258e+01 1.496534e+02
    endloop
  endfacet
  facet normal 0.000000e+00 1.000000e+00 0.000000e+00
    outer loop
      vertex   1.192884e+02 -5.416258e+01 1.484456e+02
      vertex   1.191656e+02 -5.416258e+01 1.472378e+02
      vertex   1.191656e+02 -5.416258e+01 1.496534e+02
    endloop
  endfacet
  facet normal 0.000000e+00 1.000000e+00 0.000000e+00
    outer loop
      vertex   1.191656e+02 -5.416258e+01 1.496534e+02
      vertex   1.191656e+02 -5.416258e+01 1.472378e+02
      vertex   1.188022e+02 -5.416258e+01 1.508117e+02
    endloop
  endfacet
  facet normal 0.000000e+00 1.000000e+00 0.000000e+00
    outer loop
      vertex   1.188022e+02 -5.416258e+01 1.508117e+02
      vertex   1.191656e+02 -5.416258e+01 1.472378e+02
      vertex   1.188022e+02 -5.416258e+01 1.460794e+02
    endloop
  endfacet
  facet normal 0.000000e+00 1.000000e+00 0.000000e+00
    outer loop
      vertex   1.188022e+02 -5.416258e+01 1.508117e+02
      vertex   1.188022e+02 -5.416258e+01 1.460794e+02
      vertex   1.182130e+02 -5.416258e+01 1.518732e+02
    endloop
  endfacet
  facet normal 0.000000e+00 1.000000e+00 0.000000e+00
    outer loop
      vertex   1.182130e+02 -5.416258e+01 1.518732e+02
      vertex   1.188022e+02 -5.416258e+01 1.460794e+02
      vertex   1.182130e+02 -5.416258e+01 1.450180e+02
    endloop
  endfacet
  facet normal 0.000000e+00 1.000000e+00 0.000000e+00
    outer loop
      vertex   1.182130e+02 -5.416258e+01 1.518732e+02
      vertex   1.182130e+02 -5.416258e+01 1.450180e+02
      vertex   1.174222e+02 -5.416258e+01 1.527943e+02
    endloop
  endfacet
  facet normal 0.000000e+00 1.000000e+00 0.000000e+00
    outer loop
      vertex   1.174222e+02 -5.416258e+01 1.527943e+02
      vertex   1.182130e+02 -5.416258e+01 1.450180e+02
      vertex   1.174222e+02 -5.416258e+01 1.440968e+02
    endloop
  endfacet
  facet normal 0.000000e+00 1.000000e+00 0.000000e+00
    outer loop
      vertex   1.174222e+02 -5.416258e+01 1.527943e+02
      vertex   1.174222e+02 -5.416258e+01 1.440968e+02
      vertex   1.164622e+02 -5.416258e+01 1.535374e+02
    endloop
  endfacet
  facet normal 0.000000e+00 1.000000e+00 0.000000e+00
    outer loop
      vertex   1.164622e+02 -5.416258e+01 1.535374e+02
      vertex   1.174222e+02 -5.416258e+01 1.440968e+02
      vertex   1.153723e+02 -5.416258e+01 1.540721e+02
    endloop
  endfacet
  facet normal 0.000000e+00 1.000000e+00 0.000000e+00
    outer loop
      vertex   1.153723e+02 -5.416258e+01 1.540721e+02
      vertex   1.174222e+02 -5.416258e+01 1.440968e+02
      vertex   1.141970e+02 -5.416258e+01 1.543764e+02
    endloop
  endfacet
  facet normal 0.000000e+00 1.000000e+00 0.000000e+00
    outer loop
      vertex   1.141970e+02 -5.416258e+01 1.543764e+02
      vertex   1.174222e+02 -5.416258e+01 1.440968e+02
      vertex   1.129845e+02 -5.416258e+01 1.544379e+02
    endloop
  endfacet
  facet normal 0.000000e+00 1.000000e+00 0.000000e+00
    outer loop
      vertex   1.129845e+02 -5.416258e+01 1.544379e+02
      vertex   1.174222e+02 -5.416258e+01 1.440968e+02
      vertex   1.117845e+02 -5.416258e+01 1.542540e+02
    endloop
  endfacet
  facet normal 0.000000e+00 1.000000e+00 0.000000e+00
    outer loop
      vertex   1.117845e+02 -5.416258e+01 1.542540e+02
      vertex   1.174222e+02 -5.416258e+01 1.440968e+02
      vertex   1.106461e+02 -5.416258e+01 1.538324e+02
    endloop
  endfacet
  facet normal 0.000000e+00 1.000000e+00 0.000000e+00
    outer loop
      vertex   1.106461e+02 -5.416258e+01 1.538324e+02
      vertex   1.174222e+02 -5.416258e+01 1.440968e+02
      vertex   1.096158e+02 -5.416258e+01 1.531902e+02
    endloop
  endfacet
  facet normal 0.000000e+00 1.000000e+00 0.000000e+00
    outer loop
      vertex   1.096158e+02 -5.416258e+01 1.531902e+02
      vertex   1.174222e+02 -5.416258e+01 1.440968e+02
      vertex   1.087359e+02 -5.416258e+01 1.523538e+02
    endloop
  endfacet
  facet normal 0.000000e+00 1.000000e+00 0.000000e+00
    outer loop
      vertex   1.087359e+02 -5.416258e+01 1.523538e+02
      vertex   1.174222e+02 -5.416258e+01 1.440968e+02
      vertex   1.080423e+02 -5.416258e+01 1.513574e+02
    endloop
  endfacet
  facet normal 0.000000e+00 1.000000e+00 0.000000e+00
    outer loop
      vertex   1.080423e+02 -5.416258e+01 1.513574e+02
      vertex   1.174222e+02 -5.416258e+01 1.440968e+02
      vertex   1.075636e+02 -5.416258e+01 1.502418e+02
    endloop
  endfacet
  facet normal 0.000000e+00 1.000000e+00 0.000000e+00
    outer loop
      vertex   1.075636e+02 -5.416258e+01 1.502418e+02
      vertex   1.174222e+02 -5.416258e+01 1.440968e+02
      vertex   1.073192e+02 -5.416258e+01 1.490526e+02
    endloop
  endfacet
  facet normal 0.000000e+00 1.000000e+00 0.000000e+00
    outer loop
      vertex   1.073192e+02 -5.416258e+01 1.490526e+02
      vertex   1.174222e+02 -5.416258e+01 1.440968e+02
      vertex   1.073192e+02 -5.416258e+01 1.478386e+02
    endloop
  endfacet
  facet normal 0.000000e+00 1.000000e+00 0.000000e+00
    outer loop
      vertex   1.073192e+02 -5.416258e+01 1.478386e+02
      vertex   1.174222e+02 -5.416258e+01 1.440968e+02
      vertex   1.075636e+02 -5.416258e+01 1.466494e+02
    endloop
  endfacet
  facet normal 0.000000e+00 1.000000e+00 0.000000e+00
    outer loop
      vertex   1.075636e+02 -5.416258e+01 1.466494e+02
      vertex   1.174222e+02 -5.416258e+01 1.440968e+02
      vertex   1.164622e+02 -5.416258e+01 1.433537e+02
    endloop
  endfacet
  facet normal 0.000000e+00 1.000000e+00 0.000000e+00
    outer loop
      vertex   1.075636e+02 -5.416258e+01 1.466494e+02
      vertex   1.164622e+02 -5.416258e+01 1.433537e+02
      vertex   1.080423e+02 -5.416258e+01 1.455338e+02
    endloop
  endfacet
  facet normal 0.000000e+00 1.000000e+00 0.000000e+00
    outer loop
      vertex   1.080423e+02 -5.416258e+01 1.455338e+02
      vertex   1.164622e+02 -5.416258e+01 1.433537e+02
      vertex   1.087359e+02 -5.416258e+01 1.445373e+02
    endloop
  endfacet
  facet normal 0.000000e+00 1.000000e+00 0.000000e+00
    outer loop
      vertex   1.087359e+02 -5.416258e+01 1.445373e+02
      vertex   1.164622e+02 -5.416258e+01 1.433537e+02
      vertex   1.096158e+02 -5.416258e+01 1.437009e+02
    endloop
  endfacet
  facet normal 0.000000e+00 1.000000e+00 0.000000e+00
    outer loop
      vertex   1.096158e+02 -5.416258e+01 1.437009e+02
      vertex   1.164622e+02 -5.416258e+01 1.433537e+02
      vertex   1.106461e+02 -5.416258e+01 1.430587e+02
    endloop
  endfacet
  facet normal -0.000000e+00 1.000000e+00 0.000000e+00
    outer loop
      vertex   1.106461e+02 -5.416258e+01 1.430587e+02
      vertex   1.164622e+02 -5.416258e+01 1.433537e+02
      vertex   1.153723e+02 -5.416258e+01 1.428191e+02
    endloop
  endfacet
  facet normal 0.000000e+00 1.000000e+00 0.000000e+00
    outer loop
      vertex   1.106461e+02 -5.416258e+01 1.430587e+02
      vertex   1.153723e+02 -5.416258e+01 1.428191e+02
      vertex   1.117845e+02 -5.416258e+01 1.426371e+02
    endloop
  endfacet
  facet normal -0.000000e+00 1.000000e+00 0.000000e+00
    outer loop
      vertex   1.117845e+02 -5.416258e+01 1.426371e+02
      vertex   1.153723e+02 -5.416258e+01 1.428191e+02
      vertex   1.141970e+02 -5.416258e+01 1.425148e+02
    endloop
  endfacet
  facet normal 0.000000e+00 1.000000e+00 0.000000e+00
    outer loop
      vertex   1.117845e+02 -5.416258e+01 1.426371e+02
      vertex   1.141970e+02 -5.416258e+01 1.425148e+02
      vertex   1.129845e+02 -5.416258e+01 1.424533e+02
    endloop
  endfacet
  facet normal -9.948693e-01 0.000000e+00 -1.011683e-01
    outer loop
      vertex   5.916560e+01 -5.416258e+01 1.496534e+02
      vertex   5.916560e+01 -5.116258e+01 1.496534e+02
      vertex   5.928842e+01 -5.416258e+01 1.484456e+02
    endloop
  endfacet
  facet normal -9.948693e-01 0.000000e+00 -1.011683e-01
    outer loop
      vertex   5.928842e+01 -5.416258e+01 1.484456e+02
      vertex   5.916560e+01 -5.116258e+01 1.496534e+02
      vertex   5.928842e+01 -5.116258e+01 1.484456e+02
    endloop
  endfacet
  facet normal -9.948693e-01 0.000000e+00 1.011683e-01
    outer loop
      vertex   5.928842e+01 -5.416258e+01 1.484456e+02
      vertex   5.928842e+01 -5.116258e+01 1.484456e+02
      vertex   5.916560e+01 -5.416258e+01 1.472378e+02
    endloop
  endfacet
  facet normal -9.948693e-01 0.000000e+00 1.011683e-01
    outer loop
      vertex   5.916560e+01 -5.416258e+01 1.472378e+02
      vertex   5.928842e+01 -5.116258e+01 1.484456e+02
      vertex   5.916560e+01 -5.116258e+01 1.472378e+02
    endloop
  endfacet
  facet normal -9.541393e-01 0.000000e+00 2.993631e-01
    outer loop
      vertex   5.916560e+01 -5.416258e+01 1.472378e+02
      vertex   5.916560e+01 -5.116258e+01 1.472378e+02
      vertex   5.880217e+01 -5.416258e+01 1.460794e+02
    endloop
  endfacet
  facet normal -9.541393e-01 0.000000e+00 2.993631e-01
    outer loop
      vertex   5.880217e+01 -5.416258e+01 1.460794e+02
      vertex   5.916560e+01 -5.116258e+01 1.472378e+02
      vertex   5.880217e+01 -5.116258e+01 1.460794e+02
    endloop
  endfacet
  facet normal -8.743466e-01 0.000000e+00 4.853020e-01
    outer loop
      vertex   5.880217e+01 -5.416258e+01 1.460794e+02
      vertex   5.880217e+01 -5.116258e+01 1.460794e+02
      vertex   5.821300e+01 -5.416258e+01 1.450180e+02
    endloop
  endfacet
  facet normal -8.743466e-01 0.000000e+00 4.853020e-01
    outer loop
      vertex   5.821300e+01 -5.416258e+01 1.450180e+02
      vertex   5.880217e+01 -5.116258e+01 1.460794e+02
      vertex   5.821300e+01 -5.116258e+01 1.450180e+02
    endloop
  endfacet
  facet normal -7.587581e-01 0.000000e+00 6.513725e-01
    outer loop
      vertex   5.821300e+01 -5.416258e+01 1.450180e+02
      vertex   5.821300e+01 -5.116258e+01 1.450180e+02
      vertex   5.742222e+01 -5.416258e+01 1.440968e+02
    endloop
  endfacet
  facet normal -7.587581e-01 0.000000e+00 6.513725e-01
    outer loop
      vertex   5.742222e+01 -5.416258e+01 1.440968e+02
      vertex   5.821300e+01 -5.116258e+01 1.450180e+02
      vertex   5.742222e+01 -5.116258e+01 1.440968e+02
    endloop
  endfacet
  facet normal -6.121060e-01 0.000000e+00 7.907757e-01
    outer loop
      vertex   5.742222e+01 -5.416258e+01 1.440968e+02
      vertex   5.742222e+01 -5.116258e+01 1.440968e+02
      vertex   5.646221e+01 -5.416258e+01 1.433537e+02
    endloop
  endfacet
  facet normal -6.121060e-01 0.000000e+00 7.907757e-01
    outer loop
      vertex   5.646221e+01 -5.416258e+01 1.433537e+02
      vertex   5.742222e+01 -5.116258e+01 1.440968e+02
      vertex   5.646221e+01 -5.116258e+01 1.433537e+02
    endloop
  endfacet
  facet normal -4.403942e-01 0.000000e+00 8.978045e-01
    outer loop
      vertex   5.646221e+01 -5.416258e+01 1.433537e+02
      vertex   5.646221e+01 -5.116258e+01 1.433537e+02
      vertex   5.537225e+01 -5.416258e+01 1.428191e+02
    endloop
  endfacet
  facet normal -4.403942e-01 0.000000e+00 8.978045e-01
    outer loop
      vertex   5.537225e+01 -5.416258e+01 1.428191e+02
      vertex   5.646221e+01 -5.116258e+01 1.433537e+02
      vertex   5.537225e+01 -5.116258e+01 1.428191e+02
    endloop
  endfacet
  facet normal -2.506525e-01 0.000000e+00 9.680771e-01
    outer loop
      vertex   5.537225e+01 -5.416258e+01 1.428191e+02
      vertex   5.537225e+01 -5.116258e+01 1.428191e+02
      vertex   5.419699e+01 -5.416258e+01 1.425148e+02
    endloop
  endfacet
  facet normal -2.506525e-01 0.000000e+00 9.680771e-01
    outer loop
      vertex   5.419699e+01 -5.416258e+01 1.425148e+02
      vertex   5.537225e+01 -5.116258e+01 1.428191e+02
      vertex   5.419699e+01 -5.116258e+01 1.425148e+02
    endloop
  endfacet
  facet normal -5.064917e-02 0.000000e+00 9.987165e-01
    outer loop
      vertex   5.419699e+01 -5.416258e+01 1.425148e+02
      vertex   5.419699e+01 -5.116258e+01 1.425148e+02
      vertex   5.298453e+01 -5.416258e+01 1.424533e+02
    endloop
  endfacet
  facet normal -5.064917e-02 0.000000e+00 9.987165e-01
    outer loop
      vertex   5.298453e+01 -5.416258e+01 1.424533e+02
      vertex   5.419699e+01 -5.116258e+01 1.425148e+02
      vertex   5.298453e+01 -5.116258e+01 1.424533e+02
    endloop
  endfacet
  facet normal 1.514278e-01 -0.000000e+00 9.884683e-01
    outer loop
      vertex   5.298453e+01 -5.416258e+01 1.424533e+02
      vertex   5.298453e+01 -5.116258e+01 1.424533e+02
      vertex   5.178451e+01 -5.416258e+01 1.426371e+02
    endloop
  endfacet
  facet normal 1.514278e-01 -0.000000e+00 9.884683e-01
    outer loop
      vertex   5.178451e+01 -5.416258e+01 1.426371e+02
      vertex   5.298453e+01 -5.116258e+01 1.424533e+02
      vertex   5.178451e+01 -5.116258e+01 1.426371e+02
    endloop
  endfacet
  facet normal 3.473053e-01 -0.000000e+00 9.377521e-01
    outer loop
      vertex   5.178451e+01 -5.416258e+01 1.426371e+02
      vertex   5.178451e+01 -5.116258e+01 1.426371e+02
      vertex   5.064606e+01 -5.416258e+01 1.430587e+02
    endloop
  endfacet
  facet normal 3.473053e-01 -0.000000e+00 9.377521e-01
    outer loop
      vertex   5.064606e+01 -5.416258e+01 1.430587e+02
      vertex   5.178451e+01 -5.116258e+01 1.426371e+02
      vertex   5.064606e+01 -5.116258e+01 1.430587e+02
    endloop
  endfacet
  facet normal 5.289640e-01 -0.000000e+00 8.486443e-01
    outer loop
      vertex   5.064606e+01 -5.416258e+01 1.430587e+02
      vertex   5.064606e+01 -5.116258e+01 1.430587e+02
      vertex   4.961579e+01 -5.416258e+01 1.437009e+02
    endloop
  endfacet
  facet normal 5.289640e-01 -0.000000e+00 8.486443e-01
    outer loop
      vertex   4.961579e+01 -5.416258e+01 1.437009e+02
      vertex   5.064606e+01 -5.116258e+01 1.430587e+02
      vertex   4.961579e+01 -5.116258e+01 1.437009e+02
    endloop
  endfacet
  facet normal 6.889669e-01 -0.000000e+00 7.247928e-01
    outer loop
      vertex   4.961579e+01 -5.416258e+01 1.437009e+02
      vertex   4.961579e+01 -5.116258e+01 1.437009e+02
      vertex   4.873587e+01 -5.416258e+01 1.445373e+02
    endloop
  endfacet
  facet normal 6.889669e-01 -0.000000e+00 7.247928e-01
    outer loop
      vertex   4.873587e+01 -5.416258e+01 1.445373e+02
      vertex   4.961579e+01 -5.116258e+01 1.437009e+02
      vertex   4.873587e+01 -5.116258e+01 1.445373e+02
    endloop
  endfacet
  facet normal 8.207634e-01 -0.000000e+00 5.712682e-01
    outer loop
      vertex   4.873587e+01 -5.416258e+01 1.445373e+02
      vertex   4.873587e+01 -5.116258e+01 1.445373e+02
      vertex   4.804234e+01 -5.416258e+01 1.455338e+02
    endloop
  endfacet
  facet normal 8.207634e-01 -0.000000e+00 5.712682e-01
    outer loop
      vertex   4.804234e+01 -5.416258e+01 1.455338e+02
      vertex   4.873587e+01 -5.116258e+01 1.445373e+02
      vertex   4.804234e+01 -5.116258e+01 1.455338e+02
    endloop
  endfacet
  facet normal 9.189578e-01 -0.000000e+00 3.943559e-01
    outer loop
      vertex   4.804234e+01 -5.416258e+01 1.455338e+02
      vertex   4.804234e+01 -5.116258e+01 1.455338e+02
      vertex   4.756359e+01 -5.416258e+01 1.466494e+02
    endloop
  endfacet
  facet normal 9.189578e-01 -0.000000e+00 3.943559e-01
    outer loop
      vertex   4.756359e+01 -5.416258e+01 1.466494e+02
      vertex   4.804234e+01 -5.116258e+01 1.455338e+02
      vertex   4.756359e+01 -5.116258e+01 1.466494e+02
    endloop
  endfacet
  facet normal 9.795299e-01 -0.000000e+00 2.012985e-01
    outer loop
      vertex   4.756359e+01 -5.416258e+01 1.466494e+02
      vertex   4.756359e+01 -5.116258e+01 1.466494e+02
      vertex   4.731921e+01 -5.416258e+01 1.478386e+02
    endloop
  endfacet
  facet normal 9.795299e-01 -0.000000e+00 2.012985e-01
    outer loop
      vertex   4.731921e+01 -5.416258e+01 1.478386e+02
      vertex   4.756359e+01 -5.116258e+01 1.466494e+02
      vertex   4.731921e+01 -5.116258e+01 1.478386e+02
    endloop
  endfacet
  facet normal 1.000000e+00 0.000000e+00 0.000000e+00
    outer loop
      vertex   4.731921e+01 -5.416258e+01 1.478386e+02
      vertex   4.731921e+01 -5.116258e+01 1.478386e+02
      vertex   4.731921e+01 -5.416258e+01 1.490526e+02
    endloop
  endfacet
  facet normal 1.000000e+00 -0.000000e+00 0.000000e+00
    outer loop
      vertex   4.731921e+01 -5.416258e+01 1.490526e+02
      vertex   4.731921e+01 -5.116258e+01 1.478386e+02
      vertex   4.731921e+01 -5.116258e+01 1.490526e+02
    endloop
  endfacet
  facet normal 9.795299e-01 0.000000e+00 -2.012985e-01
    outer loop
      vertex   4.731921e+01 -5.416258e+01 1.490526e+02
      vertex   4.731921e+01 -5.116258e+01 1.490526e+02
      vertex   4.756359e+01 -5.416258e+01 1.502418e+02
    endloop
  endfacet
  facet normal 9.795299e-01 0.000000e+00 -2.012985e-01
    outer loop
      vertex   4.756359e+01 -5.416258e+01 1.502418e+02
      vertex   4.731921e+01 -5.116258e+01 1.490526e+02
      vertex   4.756359e+01 -5.116258e+01 1.502418e+02
    endloop
  endfacet
  facet normal 9.189578e-01 0.000000e+00 -3.943559e-01
    outer loop
      vertex   4.756359e+01 -5.416258e+01 1.502418e+02
      vertex   4.756359e+01 -5.116258e+01 1.502418e+02
      vertex   4.804234e+01 -5.416258e+01 1.513574e+02
    endloop
  endfacet
  facet normal 9.189578e-01 0.000000e+00 -3.943559e-01
    outer loop
      vertex   4.804234e+01 -5.416258e+01 1.513574e+02
      vertex   4.756359e+01 -5.116258e+01 1.502418e+02
      vertex   4.804234e+01 -5.116258e+01 1.513574e+02
    endloop
  endfacet
  facet normal 8.207634e-01 0.000000e+00 -5.712682e-01
    outer loop
      vertex   4.804234e+01 -5.416258e+01 1.513574e+02
      vertex   4.804234e+01 -5.116258e+01 1.513574e+02
      vertex   4.873587e+01 -5.416258e+01 1.523538e+02
    endloop
  endfacet
  facet normal 8.207634e-01 0.000000e+00 -5.712682e-01
    outer loop
      vertex   4.873587e+01 -5.416258e+01 1.523538e+02
      vertex   4.804234e+01 -5.116258e+01 1.513574e+02
      vertex   4.873587e+01 -5.116258e+01 1.523538e+02
    endloop
  endfacet
  facet normal 6.889669e-01 0.000000e+00 -7.247928e-01
    outer loop
      vertex   4.873587e+01 -5.416258e+01 1.523538e+02
      vertex   4.873587e+01 -5.116258e+01 1.523538e+02
      vertex   4.961579e+01 -5.416258e+01 1.531902e+02
    endloop
  endfacet
  facet normal 6.889669e-01 0.000000e+00 -7.247928e-01
    outer loop
      vertex   4.961579e+01 -5.416258e+01 1.531902e+02
      vertex   4.873587e+01 -5.116258e+01 1.523538e+02
      vertex   4.961579e+01 -5.116258e+01 1.531902e+02
    endloop
  endfacet
  facet normal 5.289640e-01 0.000000e+00 -8.486443e-01
    outer loop
      vertex   4.961579e+01 -5.416258e+01 1.531902e+02
      vertex   4.961579e+01 -5.116258e+01 1.531902e+02
      vertex   5.064606e+01 -5.416258e+01 1.538324e+02
    endloop
  endfacet
  facet normal 5.289640e-01 0.000000e+00 -8.486443e-01
    outer loop
      vertex   5.064606e+01 -5.416258e+01 1.538324e+02
      vertex   4.961579e+01 -5.116258e+01 1.531902e+02
      vertex   5.064606e+01 -5.116258e+01 1.538324e+02
    endloop
  endfacet
  facet normal 3.473053e-01 0.000000e+00 -9.377521e-01
    outer loop
      vertex   5.064606e+01 -5.416258e+01 1.538324e+02
      vertex   5.064606e+01 -5.116258e+01 1.538324e+02
      vertex   5.178451e+01 -5.416258e+01 1.542540e+02
    endloop
  endfacet
  facet normal 3.473053e-01 0.000000e+00 -9.377521e-01
    outer loop
      vertex   5.178451e+01 -5.416258e+01 1.542540e+02
      vertex   5.064606e+01 -5.116258e+01 1.538324e+02
      vertex   5.178451e+01 -5.116258e+01 1.542540e+02
    endloop
  endfacet
  facet normal 1.514278e-01 0.000000e+00 -9.884683e-01
    outer loop
      vertex   5.178451e+01 -5.416258e+01 1.542540e+02
      vertex   5.178451e+01 -5.116258e+01 1.542540e+02
      vertex   5.298453e+01 -5.416258e+01 1.544379e+02
    endloop
  endfacet
  facet normal 1.514278e-01 0.000000e+00 -9.884683e-01
    outer loop
      vertex   5.298453e+01 -5.416258e+01 1.544379e+02
      vertex   5.178451e+01 -5.116258e+01 1.542540e+02
      vertex   5.298453e+01 -5.116258e+01 1.544379e+02
    endloop
  endfacet
  facet normal -5.064917e-02 0.000000e+00 -9.987165e-01
    outer loop
      vertex   5.298453e+01 -5.416258e+01 1.544379e+02
      vertex   5.298453e+01 -5.116258e+01 1.544379e+02
      vertex   5.419699e+01 -5.416258e+01 1.543764e+02
    endloop
  endfacet
  facet normal -5.064917e-02 0.000000e+00 -9.987165e-01
    outer loop
      vertex   5.419699e+01 -5.416258e+01 1.543764e+02
      vertex   5.298453e+01 -5.116258e+01 1.544379e+02
      vertex   5.419699e+01 -5.116258e+01 1.543764e+02
    endloop
  endfacet
  facet normal -2.506525e-01 0.000000e+00 -9.680771e-01
    outer loop
      vertex   5.419699e+01 -5.416258e+01 1.543764e+02
      vertex   5.419699e+01 -5.116258e+01 1.543764e+02
      vertex   5.537225e+01 -5.416258e+01 1.540721e+02
    endloop
  endfacet
  facet normal -2.506525e-01 0.000000e+00 -9.680771e-01
    outer loop
      vertex   5.537225e+01 -5.416258e+01 1.540721e+02
      vertex   5.419699e+01 -5.116258e+01 1.543764e+02
      vertex   5.537225e+01 -5.116258e+01 1.540721e+02
    endloop
  endfacet
  facet normal -4.403942e-01 0.000000e+00 -8.978045e-01
    outer loop
      vertex   5.537225e+01 -5.416258e+01 1.540721e+02
      vertex   5.537225e+01 -5.116258e+01 1.540721e+02
      vertex   5.646221e+01 -5.416258e+01 1.535374e+02
    endloop
  endfacet
  facet normal -4.403942e-01 0.000000e+00 -8.978045e-01
    outer loop
      vertex   5.646221e+01 -5.416258e+01 1.535374e+02
      vertex   5.537225e+01 -5.116258e+01 1.540721e+02
      vertex   5.646221e+01 -5.116258e+01 1.535374e+02
    endloop
  endfacet
  facet normal -6.121060e-01 0.000000e+00 -7.907757e-01
    outer loop
      vertex   5.646221e+01 -5.416258e+01 1.535374e+02
      vertex   5.646221e+01 -5.116258e+01 1.535374e+02
      vertex   5.742222e+01 -5.416258e+01 1.527943e+02
    endloop
  endfacet
  facet normal -6.121060e-01 0.000000e+00 -7.907757e-01
    outer loop
      vertex   5.742222e+01 -5.416258e+01 1.527943e+02
      vertex   5.646221e+01 -5.116258e+01 1.535374e+02
      vertex   5.742222e+01 -5.116258e+01 1.527943e+02
    endloop
  endfacet
  facet normal -7.587581e-01 0.000000e+00 -6.513725e-01
    outer loop
      vertex   5.742222e+01 -5.416258e+01 1.527943e+02
      vertex   5.742222e+01 -5.116258e+01 1.527943e+02
      vertex   5.821300e+01 -5.416258e+01 1.518732e+02
    endloop
  endfacet
  facet normal -7.587581e-01 0.000000e+00 -6.513725e-01
    outer loop
      vertex   5.821300e+01 -5.416258e+01 1.518732e+02
      vertex   5.742222e+01 -5.116258e+01 1.527943e+02
      vertex   5.821300e+01 -5.116258e+01 1.518732e+02
    endloop
  endfacet
  facet normal -8.743466e-01 0.000000e+00 -4.853020e-01
    outer loop
      vertex   5.821300e+01 -5.416258e+01 1.518732e+02
      vertex   5.821300e+01 -5.116258e+01 1.518732e+02
      vertex   5.880217e+01 -5.416258e+01 1.508117e+02
    endloop
  endfacet
  facet normal -8.743466e-01 0.000000e+00 -4.853020e-01
    outer loop
      vertex   5.880217e+01 -5.416258e+01 1.508117e+02
      vertex   5.821300e+01 -5.116258e+01 1.518732e+02
      vertex   5.880217e+01 -5.116258e+01 1.508117e+02
    endloop
  endfacet
  facet normal -9.541393e-01 0.000000e+00 -2.993631e-01
    outer loop
      vertex   5.880217e+01 -5.416258e+01 1.508117e+02
      vertex   5.880217e+01 -5.116258e+01 1.508117e+02
      vertex   5.916560e+01 -5.416258e+01 1.496534e+02
    endloop
  endfacet
  facet normal -9.541393e-01 0.000000e+00 -2.993631e-01
    outer loop
      vertex   5.916560e+01 -5.416258e+01 1.496534e+02
      vertex   5.880217e+01 -5.116258e+01 1.508117e+02
      vertex   5.916560e+01 -5.116258e+01 1.496534e+02
    endloop
  endfacet
  facet normal 0.000000e+00 1.000000e+00 0.000000e+00
    outer loop
      vertex   5.928842e+01 -5.416258e+01 1.484456e+02
      vertex   5.916560e+01 -5.416258e+01 1.472378e+02
      vertex   5.916560e+01 -5.416258e+01 1.496534e+02
    endloop
  endfacet
  facet normal 0.000000e+00 1.000000e+00 0.000000e+00
    outer loop
      vertex   5.916560e+01 -5.416258e+01 1.496534e+02
      vertex   5.916560e+01 -5.416258e+01 1.472378e+02
      vertex   5.880217e+01 -5.416258e+01 1.508117e+02
    endloop
  endfacet
  facet normal 0.000000e+00 1.000000e+00 0.000000e+00
    outer loop
      vertex   5.880217e+01 -5.416258e+01 1.508117e+02
      vertex   5.916560e+01 -5.416258e+01 1.472378e+02
      vertex   5.880217e+01 -5.416258e+01 1.460794e+02
    endloop
  endfacet
  facet normal 0.000000e+00 1.000000e+00 0.000000e+00
    outer loop
      vertex   5.880217e+01 -5.416258e+01 1.508117e+02
      vertex   5.880217e+01 -5.416258e+01 1.460794e+02
      vertex   5.821300e+01 -5.416258e+01 1.518732e+02
    endloop
  endfacet
  facet normal 0.000000e+00 1.000000e+00 0.000000e+00
    outer loop
      vertex   5.821300e+01 -5.416258e+01 1.518732e+02
      vertex   5.880217e+01 -5.416258e+01 1.460794e+02
      vertex   5.821300e+01 -5.416258e+01 1.450180e+02
    endloop
  endfacet
  facet normal 0.000000e+00 1.000000e+00 0.000000e+00
    outer loop
      vertex   5.821300e+01 -5.416258e+01 1.518732e+02
      vertex   5.821300e+01 -5.416258e+01 1.450180e+02
      vertex   5.742222e+01 -5.416258e+01 1.527943e+02
    endloop
  endfacet
  facet normal 0.000000e+00 1.000000e+00 0.000000e+00
    outer loop
      vertex   5.742222e+01 -5.416258e+01 1.527943e+02
      vertex   5.821300e+01 -5.416258e+01 1.450180e+02
      vertex   5.742222e+01 -5.416258e+01 1.440968e+02
    endloop
  endfacet
  facet normal 0.000000e+00 1.000000e+00 0.000000e+00
    outer loop
      vertex   5.742222e+01 -5.416258e+01 1.527943e+02
      vertex   5.742222e+01 -5.416258e+01 1.440968e+02
      vertex   5.646221e+01 -5.416258e+01 1.535374e+02
    endloop
  endfacet
  facet normal 0.000000e+00 1.000000e+00 0.000000e+00
    outer loop
      vertex   5.646221e+01 -5.416258e+01 1.535374e+02
      vertex   5.742222e+01 -5.416258e+01 1.440968e+02
      vertex   5.537225e+01 -5.416258e+01 1.540721e+02
    endloop
  endfacet
  facet normal 0.000000e+00 1.000000e+00 0.000000e+00
    outer loop
      vertex   5.537225e+01 -5.416258e+01 1.540721e+02
      vertex   5.742222e+01 -5.416258e+01 1.440968e+02
      vertex   5.419699e+01 -5.416258e+01 1.543764e+02
    endloop
  endfacet
  facet normal 0.000000e+00 1.000000e+00 0.000000e+00
    outer loop
      vertex   5.419699e+01 -5.416258e+01 1.543764e+02
      vertex   5.742222e+01 -5.416258e+01 1.440968e+02
      vertex   5.298453e+01 -5.416258e+01 1.544379e+02
    endloop
  endfacet
  facet normal 0.000000e+00 1.000000e+00 0.000000e+00
    outer loop
      vertex   5.298453e+01 -5.416258e+01 1.544379e+02
      vertex   5.742222e+01 -5.416258e+01 1.440968e+02
      vertex   5.178451e+01 -5.416258e+01 1.542540e+02
    endloop
  endfacet
  facet normal 0.000000e+00 1.000000e+00 0.000000e+00
    outer loop
      vertex   5.178451e+01 -5.416258e+01 1.542540e+02
      vertex   5.742222e+01 -5.416258e+01 1.440968e+02
      vertex   5.064606e+01 -5.416258e+01 1.538324e+02
    endloop
  endfacet
  facet normal 0.000000e+00 1.000000e+00 0.000000e+00
    outer loop
      vertex   5.064606e+01 -5.416258e+01 1.538324e+02
      vertex   5.742222e+01 -5.416258e+01 1.440968e+02
      vertex   4.961579e+01 -5.416258e+01 1.531902e+02
    endloop
  endfacet
  facet normal 0.000000e+00 1.000000e+00 0.000000e+00
    outer loop
      vertex   4.961579e+01 -5.416258e+01 1.531902e+02
      vertex   5.742222e+01 -5.416258e+01 1.440968e+02
      vertex   4.873587e+01 -5.416258e+01 1.523538e+02
    endloop
  endfacet
  facet normal 0.000000e+00 1.000000e+00 0.000000e+00
    outer loop
      vertex   4.873587e+01 -5.416258e+01 1.523538e+02
      vertex   5.742222e+01 -5.416258e+01 1.440968e+02
      vertex   4.804234e+01 -5.416258e+01 1.513574e+02
    endloop
  endfacet
  facet normal 0.000000e+00 1.000000e+00 0.000000e+00
    outer loop
      vertex   4.804234e+01 -5.416258e+01 1.513574e+02
      vertex   5.742222e+01 -5.416258e+01 1.440968e+02
      vertex   4.756359e+01 -5.416258e+01 1.502418e+02
    endloop
  endfacet
  facet normal 0.000000e+00 1.000000e+00 0.000000e+00
    outer loop
      vertex   4.756359e+01 -5.416258e+01 1.502418e+02
      vertex   5.742222e+01 -5.416258e+01 1.440968e+02
      vertex   4.731921e+01 -5.416258e+01 1.490526e+02
    endloop
  endfacet
  facet normal 0.000000e+00 1.000000e+00 0.000000e+00
    outer loop
      vertex   4.731921e+01 -5.416258e+01 1.490526e+02
      vertex   5.742222e+01 -5.416258e+01 1.440968e+02
      vertex   4.731921e+01 -5.416258e+01 1.478386e+02
    endloop
  endfacet
  facet normal 0.000000e+00 1.000000e+00 0.000000e+00
    outer loop
      vertex   4.731921e+01 -5.416258e+01 1.478386e+02
      vertex   5.742222e+01 -5.416258e+01 1.440968e+02
      vertex   4.756359e+01 -5.416258e+01 1.466494e+02
    endloop
  endfacet
  facet normal 0.000000e+00 1.000000e+00 0.000000e+00
    outer loop
      vertex   4.756359e+01 -5.416258e+01 1.466494e+02
      vertex   5.742222e+01 -5.416258e+01 1.440968e+02
      vertex   5.646221e+01 -5.416258e+01 1.433537e+02
    endloop
  endfacet
  facet normal 0.000000e+00 1.000000e+00 0.000000e+00
    outer loop
      vertex   4.756359e+01 -5.416258e+01 1.466494e+02
      vertex   5.646221e+01 -5.416258e+01 1.433537e+02
      vertex   4.804234e+01 -5.416258e+01 1.455338e+02
    endloop
  endfacet
  facet normal 0.000000e+00 1.000000e+00 0.000000e+00
    outer loop
      vertex   4.804234e+01 -5.416258e+01 1.455338e+02
      vertex   5.646221e+01 -5.416258e+01 1.433537e+02
      vertex   4.873587e+01 -5.416258e+01 1.445373e+02
    endloop
  endfacet
  facet normal 0.000000e+00 1.000000e+00 0.000000e+00
    outer loop
      vertex   4.873587e+01 -5.416258e+01 1.445373e+02
      vertex   5.646221e+01 -5.416258e+01 1.433537e+02
      vertex   4.961579e+01 -5.416258e+01 1.437009e+02
    endloop
  endfacet
  facet normal 0.000000e+00 1.000000e+00 0.000000e+00
    outer loop
      vertex   4.961579e+01 -5.416258e+01 1.437009e+02
      vertex   5.646221e+01 -5.416258e+01 1.433537e+02
      vertex   5.064606e+01 -5.416258e+01 1.430587e+02
    endloop
  endfacet
  facet normal -0.000000e+00 1.000000e+00 0.000000e+00
    outer loop
      vertex   5.064606e+01 -5.416258e+01 1.430587e+02
      vertex   5.646221e+01 -5.416258e+01 1.433537e+02
      vertex   5.537225e+01 -5.416258e+01 1.428191e+02
    endloop
  endfacet
  facet normal 0.000000e+00 1.000000e+00 0.000000e+00
    outer loop
      vertex   5.064606e+01 -5.416258e+01 1.430587e+02
      vertex   5.537225e+01 -5.416258e+01 1.428191e+02
      vertex   5.178451e+01 -5.416258e+01 1.426371e+02
    endloop
  endfacet
  facet normal -0.000000e+00 1.000000e+00 0.000000e+00
    outer loop
      vertex   5.178451e+01 -5.416258e+01 1.426371e+02
      vertex   5.537225e+01 -5.416258e+01 1.428191e+02
      vertex   5.419699e+01 -5.416258e+01 1.425148e+02
    endloop
  endfacet
  facet normal 0.000000e+00 1.000000e+00 0.000000e+00
    outer loop
      vertex   5.178451e+01 -5.416258e+01 1.426371e+02
      vertex   5.419699e+01 -5.416258e+01 1.425148e+02
      vertex   5.298453e+01 -5.416258e+01 1.424533e+02
    endloop
  endfacet
  facet normal -7.048732e-01 7.942014e-02 -7.048732e-01
    outer loop
      vertex   1.968842e+01 -4.716258e+01 1.988107e+01
      vertex   1.978871e+01 -4.627250e+01 1.988107e+01
      vertex   2.268842e+01 -4.716258e+01 1.688107e+01
    endloop
  endfacet
  facet normal -7.021000e-01 9.243322e-02 -7.060536e-01
    outer loop
      vertex   2.268842e+01 -4.716258e+01 1.688107e+01
      vertex   1.978871e+01 -4.627250e+01 1.988107e+01
      vertex   2.272250e+01 -4.690377e+01 1.688107e+01
    endloop
  endfacet
  facet normal -6.699176e-01 2.344143e-01 -7.044574e-01
    outer loop
      vertex   2.272250e+01 -4.690377e+01 1.688107e+01
      vertex   1.978871e+01 -4.627250e+01 1.988107e+01
      vertex   2.008455e+01 -4.542705e+01 1.988107e+01
    endloop
  endfacet
  facet normal -6.530352e-01 2.704960e-01 -7.073733e-01
    outer loop
      vertex   2.272250e+01 -4.690377e+01 1.688107e+01
      vertex   2.008455e+01 -4.542705e+01 1.988107e+01
      vertex   2.282240e+01 -4.666258e+01 1.688107e+01
    endloop
  endfacet
  facet normal -6.011694e-01 3.777397e-01 -7.042074e-01
    outer loop
      vertex   2.282240e+01 -4.666258e+01 1.688107e+01
      vertex   2.008455e+01 -4.542705e+01 1.988107e+01
      vertex   2.056110e+01 -4.466863e+01 1.988107e+01
    endloop
  endfacet
  facet normal -5.602515e-01 4.298961e-01 -7.080308e-01
    outer loop
      vertex   2.282240e+01 -4.666258e+01 1.688107e+01
      vertex   2.056110e+01 -4.466863e+01 1.988107e+01
      vertex   2.298132e+01 -4.645548e+01 1.688107e+01
    endloop
  endfacet
  facet normal -5.021003e-01 5.021003e-01 -7.041240e-01
    outer loop
      vertex   2.298132e+01 -4.645548e+01 1.688107e+01
      vertex   2.056110e+01 -4.466863e+01 1.988107e+01
      vertex   2.119446e+01 -4.403526e+01 1.988107e+01
    endloop
  endfacet
  facet normal -4.298961e-01 5.602515e-01 -7.080308e-01
    outer loop
      vertex   2.298132e+01 -4.645548e+01 1.688107e+01
      vertex   2.119446e+01 -4.403526e+01 1.988107e+01
      vertex   2.318842e+01 -4.629656e+01 1.688107e+01
    endloop
  endfacet
  facet normal -3.777397e-01 6.011694e-01 -7.042074e-01
    outer loop
      vertex   2.318842e+01 -4.629656e+01 1.688107e+01
      vertex   2.119446e+01 -4.403526e+01 1.988107e+01
      vertex   2.195289e+01 -4.355871e+01 1.988107e+01
    endloop
  endfacet
  facet normal -2.704960e-01 6.530352e-01 -7.073733e-01
    outer loop
      vertex   2.318842e+01 -4.629656e+01 1.688107e+01
      vertex   2.195289e+01 -4.355871e+01 1.988107e+01
      vertex   2.342960e+01 -4.619666e+01 1.688107e+01
    endloop
  endfacet
  facet normal -2.344143e-01 6.699176e-01 -7.044574e-01
    outer loop
      vertex   2.342960e+01 -4.619666e+01 1.688107e+01
      vertex   2.195289e+01 -4.355871e+01 1.988107e+01
      vertex   2.279834e+01 -4.326287e+01 1.988107e+01
    endloop
  endfacet
  facet normal -9.243322e-02 7.021000e-01 -7.060536e-01
    outer loop
      vertex   2.342960e+01 -4.619666e+01 1.688107e+01
      vertex   2.279834e+01 -4.326287e+01 1.988107e+01
      vertex   2.368842e+01 -4.616258e+01 1.688107e+01
    endloop
  endfacet
  facet normal -7.942014e-02 7.048732e-01 -7.048732e-01
    outer loop
      vertex   2.368842e+01 -4.616258e+01 1.688107e+01
      vertex   2.279834e+01 -4.326287e+01 1.988107e+01
      vertex   2.368842e+01 -4.316258e+01 1.988107e+01
    endloop
  endfacet
  facet normal 0.000000e+00 7.071068e-01 -7.071068e-01
    outer loop
      vertex   1.253884e+02 -4.616258e+01 1.688107e+01
      vertex   2.368842e+01 -4.616258e+01 1.688107e+01
      vertex   1.253884e+02 -4.316258e+01 1.988107e+01
    endloop
  endfacet
  facet normal 0.000000e+00 7.071068e-01 -7.071068e-01
    outer loop
      vertex   1.253884e+02 -4.316258e+01 1.988107e+01
      vertex   2.368842e+01 -4.616258e+01 1.688107e+01
      vertex   2.368842e+01 -4.316258e+01 1.988107e+01
    endloop
  endfacet
  facet normal 7.942014e-02 7.048732e-01 -7.048732e-01
    outer loop
      vertex   1.253884e+02 -4.316258e+01 1.988107e+01
      vertex   1.262785e+02 -4.326287e+01 1.988107e+01
      vertex   1.253884e+02 -4.616258e+01 1.688107e+01
    endloop
  endfacet
  facet normal 9.243322e-02 7.021000e-01 -7.060536e-01
    outer loop
      vertex   1.253884e+02 -4.616258e+01 1.688107e+01
      vertex   1.262785e+02 -4.326287e+01 1.988107e+01
      vertex   1.256472e+02 -4.619666e+01 1.688107e+01
    endloop
  endfacet
  facet normal 2.344143e-01 6.699176e-01 -7.044574e-01
    outer loop
      vertex   1.256472e+02 -4.619666e+01 1.688107e+01
      vertex   1.262785e+02 -4.326287e+01 1.988107e+01
      vertex   1.271240e+02 -4.355871e+01 1.988107e+01
    endloop
  endfacet
  facet normal 2.704960e-01 6.530352e-01 -7.073733e-01
    outer loop
      vertex   1.256472e+02 -4.619666e+01 1.688107e+01
      vertex   1.271240e+02 -4.355871e+01 1.988107e+01
      vertex   1.258884e+02 -4.629656e+01 1.688107e+01
    endloop
  endfacet
  facet normal 3.777397e-01 6.011694e-01 -7.042074e-01
    outer loop
      vertex   1.258884e+02 -4.629656e+01 1.688107e+01
      vertex   1.271240e+02 -4.355871e+01 1.988107e+01
      vertex   1.278824e+02 -4.403526e+01 1.988107e+01
    endloop
  endfacet
  facet normal 4.298961e-01 5.602515e-01 -7.080308e-01
    outer loop
      vertex   1.258884e+02 -4.629656e+01 1.688107e+01
      vertex   1.278824e+02 -4.403526e+01 1.988107e+01
      vertex   1.260955e+02 -4.645548e+01 1.688107e+01
    endloop
  endfacet
  facet normal 5.021003e-01 5.021003e-01 -7.041240e-01
    outer loop
      vertex   1.260955e+02 -4.645548e+01 1.688107e+01
      vertex   1.278824e+02 -4.403526e+01 1.988107e+01
      vertex   1.285157e+02 -4.466863e+01 1.988107e+01
    endloop
  endfacet
  facet normal 5.602515e-01 4.298961e-01 -7.080308e-01
    outer loop
      vertex   1.260955e+02 -4.645548e+01 1.688107e+01
      vertex   1.285157e+02 -4.466863e+01 1.988107e+01
      vertex   1.262544e+02 -4.666258e+01 1.688107e+01
    endloop
  endfacet
  facet normal 6.011694e-01 3.777397e-01 -7.042074e-01
    outer loop
      vertex   1.262544e+02 -4.666258e+01 1.688107e+01
      vertex   1.285157e+02 -4.466863e+01 1.988107e+01
      vertex   1.289923e+02 -4.542705e+01 1.988107e+01
    endloop
  endfacet
  facet normal 6.530352e-01 2.704960e-01 -7.073733e-01
    outer loop
      vertex   1.262544e+02 -4.666258e+01 1.688107e+01
      vertex   1.289923e+02 -4.542705e+01 1.988107e+01
      vertex   1.263543e+02 -4.690377e+01 1.688107e+01
    endloop
  endfacet
  facet normal 6.699176e-01 2.344143e-01 -7.044574e-01
    outer loop
      vertex   1.263543e+02 -4.690377e+01 1.688107e+01
      vertex   1.289923e+02 -4.542705e+01 1.988107e+01
      vertex   1.292881e+02 -4.627250e+01 1.988107e+01
    endloop
  endfacet
  facet normal 7.021000e-01 9.243322e-02 -7.060536e-01
    outer loop
      vertex   1.263543e+02 -4.690377e+01 1.688107e+01
      vertex   1.292881e+02 -4.627250e+01 1.988107e+01
      vertex   1.263884e+02 -4.716258e+01 1.688107e+01
    endloop
  endfacet
  facet normal 7.048732e-01 7.942014e-02 -7.048732e-01
    outer loop
      vertex   1.263884e+02 -4.716258e+01 1.688107e+01
      vertex   1.292881e+02 -4.627250e+01 1.988107e+01
      vertex   1.293884e+02 -4.716258e+01 1.988107e+01
    endloop
  endfacet
  facet normal 9.999695e-01 7.812738e-03 3.172022e-17
    outer loop
      vertex   1.293884e+02 -4.716258e+01 2.688138e+01
      vertex   1.293884e+02 -4.716258e+01 1.988107e+01
      vertex   1.293879e+02 -4.710008e+01 2.688107e+01
    endloop
  endfacet
  facet normal 9.937118e-01 1.119644e-01 -9.303623e-04
    outer loop
      vertex   1.293879e+02 -4.710008e+01 2.688107e+01
      vertex   1.293884e+02 -4.716258e+01 1.988107e+01
      vertex   1.292881e+02 -4.627250e+01 1.988107e+01
    endloop
  endfacet
  facet normal 9.919828e-01 1.263704e-01 7.974557e-04
    outer loop
      vertex   1.293879e+02 -4.710008e+01 2.688107e+01
      vertex   1.292881e+02 -4.627250e+01 1.988107e+01
      vertex   1.292759e+02 -4.622035e+01 2.688107e+01
    endloop
  endfacet
  facet normal 9.438830e-01 3.302790e-01 -8.059507e-04
    outer loop
      vertex   1.292759e+02 -4.622035e+01 2.688107e+01
      vertex   1.292881e+02 -4.627250e+01 1.988107e+01
      vertex   1.289923e+02 -4.542705e+01 1.988107e+01
    endloop
  endfacet
  facet normal 9.397572e-01 3.418421e-01 6.716271e-04
    outer loop
      vertex   1.292759e+02 -4.622035e+01 2.688107e+01
      vertex   1.289923e+02 -4.542705e+01 1.988107e+01
      vertex   1.289727e+02 -4.538694e+01 2.688107e+01
    endloop
  endfacet
  facet normal 8.467240e-01 5.320320e-01 -6.787055e-04
    outer loop
      vertex   1.289727e+02 -4.538694e+01 2.688107e+01
      vertex   1.289923e+02 -4.542705e+01 1.988107e+01
      vertex   1.285157e+02 -4.466863e+01 1.988107e+01
    endloop
  endfacet
  facet normal 8.413372e-01 5.405104e-01 5.429654e-04
    outer loop
      vertex   1.289727e+02 -4.538694e+01 2.688107e+01
      vertex   1.285157e+02 -4.466863e+01 1.988107e+01
      vertex   1.284934e+02 -4.464080e+01 2.688107e+01
    endloop
  endfacet
  facet normal 7.071067e-01 7.071067e-01 -5.486275e-04
    outer loop
      vertex   1.284934e+02 -4.464080e+01 2.688107e+01
      vertex   1.285157e+02 -4.466863e+01 1.988107e+01
      vertex   1.278824e+02 -4.403526e+01 1.988107e+01
    endloop
  endfacet
  facet normal 7.015607e-01 7.126096e-01 4.114712e-04
    outer loop
      vertex   1.284934e+02 -4.464080e+01 2.688107e+01
      vertex   1.278824e+02 -4.403526e+01 1.988107e+01
      vertex   1.278614e+02 -4.401863e+01 2.688107e+01
    endloop
  endfacet
  facet normal 5.320320e-01 8.467241e-01 -4.157172e-04
    outer loop
      vertex   1.278614e+02 -4.401863e+01 2.688107e+01
      vertex   1.278824e+02 -4.403526e+01 1.988107e+01
      vertex   1.271240e+02 -4.355871e+01 1.988107e+01
    endloop
  endfacet
  facet normal 5.272986e-01 8.496800e-01 2.771451e-04
    outer loop
      vertex   1.278614e+02 -4.401863e+01 2.688107e+01
      vertex   1.271240e+02 -4.355871e+01 1.988107e+01
      vertex   1.271079e+02 -4.355100e+01 2.688107e+01
    endloop
  endfacet
  facet normal 3.302790e-01 9.438833e-01 -2.799754e-04
    outer loop
      vertex   1.271079e+02 -4.355100e+01 2.688107e+01
      vertex   1.271240e+02 -4.355871e+01 1.988107e+01
      vertex   1.262785e+02 -4.326287e+01 1.988107e+01
    endloop
  endfacet
  facet normal 3.271168e-01 9.449839e-01 1.399878e-04
    outer loop
      vertex   1.271079e+02 -4.355100e+01 2.688107e+01
      vertex   1.262785e+02 -4.326287e+01 1.988107e+01
      vertex   1.262698e+02 -4.326090e+01 2.688107e+01
    endloop
  endfacet
  facet normal 1.119645e-01 9.937122e-01 -1.414028e-04
    outer loop
      vertex   1.262698e+02 -4.326090e+01 2.688107e+01
      vertex   1.262785e+02 -4.326287e+01 1.988107e+01
      vertex   1.253884e+02 -4.316258e+01 1.988107e+01
    endloop
  endfacet
  facet normal 1.108553e-01 9.938366e-01 0.000000e+00
    outer loop
      vertex   1.262698e+02 -4.326090e+01 2.688107e+01
      vertex   1.253884e+02 -4.316258e+01 1.988107e+01
      vertex   1.253884e+02 -4.316258e+01 2.688107e+01
    endloop
  endfacet
  facet normal 0.000000e+00 1.000000e+00 -0.000000e+00
    outer loop
      vertex   1.253884e+02 -4.316258e+01 1.988107e+01
      vertex   2.368842e+01 -4.316258e+01 1.988107e+01
      vertex   1.253884e+02 -4.316258e+01 2.688107e+01
    endloop
  endfacet
  facet normal 0.000000e+00 1.000000e+00 0.000000e+00
    outer loop
      vertex   1.253884e+02 -4.316258e+01 2.688107e+01
      vertex   2.368842e+01 -4.316258e+01 1.988107e+01
      vertex   2.368842e+01 -4.316258e+01 2.688107e+01
    endloop
  endfacet
  facet normal -1.108553e-01 9.938366e-01 0.000000e+00
    outer loop
      vertex   2.368842e+01 -4.316258e+01 2.688107e+01
      vertex   2.368842e+01 -4.316258e+01 1.988107e+01
      vertex   2.280705e+01 -4.326090e+01 2.688107e+01
    endloop
  endfacet
  facet normal -1.119645e-01 9.937122e-01 -1.414028e-04
    outer loop
      vertex   2.280705e+01 -4.326090e+01 2.688107e+01
      vertex   2.368842e+01 -4.316258e+01 1.988107e+01
      vertex   2.279834e+01 -4.326287e+01 1.988107e+01
    endloop
  endfacet
  facet normal -3.271168e-01 9.449839e-01 1.399878e-04
    outer loop
      vertex   2.280705e+01 -4.326090e+01 2.688107e+01
      vertex   2.279834e+01 -4.326287e+01 1.988107e+01
      vertex   2.196899e+01 -4.355100e+01 2.688107e+01
    endloop
  endfacet
  facet normal -3.302790e-01 9.438833e-01 -2.799754e-04
    outer loop
      vertex   2.196899e+01 -4.355100e+01 2.688107e+01
      vertex   2.279834e+01 -4.326287e+01 1.988107e+01
      vertex   2.195289e+01 -4.355871e+01 1.988107e+01
    endloop
  endfacet
  facet normal -5.272986e-01 8.496800e-01 2.771451e-04
    outer loop
      vertex   2.196899e+01 -4.355100e+01 2.688107e+01
      vertex   2.195289e+01 -4.355871e+01 1.988107e+01
      vertex   2.121546e+01 -4.401863e+01 2.688107e+01
    endloop
  endfacet
  facet normal -5.320320e-01 8.467241e-01 -4.157172e-04
    outer loop
      vertex   2.121546e+01 -4.401863e+01 2.688107e+01
      vertex   2.195289e+01 -4.355871e+01 1.988107e+01
      vertex   2.119446e+01 -4.403526e+01 1.988107e+01
    endloop
  endfacet
  facet normal -7.015607e-01 7.126096e-01 4.114712e-04
    outer loop
      vertex   2.121546e+01 -4.401863e+01 2.688107e+01
      vertex   2.119446e+01 -4.403526e+01 1.988107e+01
      vertex   2.058349e+01 -4.464080e+01 2.688107e+01
    endloop
  endfacet
  facet normal -7.071067e-01 7.071067e-01 -5.486275e-04
    outer loop
      vertex   2.058349e+01 -4.464080e+01 2.688107e+01
      vertex   2.119446e+01 -4.403526e+01 1.988107e+01
      vertex   2.056110e+01 -4.466863e+01 1.988107e+01
    endloop
  endfacet
  facet normal -8.413372e-01 5.405104e-01 5.429654e-04
    outer loop
      vertex   2.058349e+01 -4.464080e+01 2.688107e+01
      vertex   2.056110e+01 -4.466863e+01 1.988107e+01
      vertex   2.010414e+01 -4.538694e+01 2.688107e+01
    endloop
  endfacet
  facet normal -8.467240e-01 5.320320e-01 -6.787055e-04
    outer loop
      vertex   2.010414e+01 -4.538694e+01 2.688107e+01
      vertex   2.056110e+01 -4.466863e+01 1.988107e+01
      vertex   2.008455e+01 -4.542705e+01 1.988107e+01
    endloop
  endfacet
  facet normal -9.397572e-01 3.418421e-01 6.716271e-04
    outer loop
      vertex   2.010414e+01 -4.538694e+01 2.688107e+01
      vertex   2.008455e+01 -4.542705e+01 1.988107e+01
      vertex   1.980098e+01 -4.622035e+01 2.688107e+01
    endloop
  endfacet
  facet normal -9.438830e-01 3.302790e-01 -8.059507e-04
    outer loop
      vertex   1.980098e+01 -4.622035e+01 2.688107e+01
      vertex   2.008455e+01 -4.542705e+01 1.988107e+01
      vertex   1.978871e+01 -4.627250e+01 1.988107e+01
    endloop
  endfacet
  facet normal -9.919828e-01 1.263704e-01 7.974557e-04
    outer loop
      vertex   1.980098e+01 -4.622035e+01 2.688107e+01
      vertex   1.978871e+01 -4.627250e+01 1.988107e+01
      vertex   1.968891e+01 -4.710008e+01 2.688107e+01
    endloop
  endfacet
  facet normal -9.937118e-01 1.119644e-01 -9.303623e-04
    outer loop
      vertex   1.968891e+01 -4.710008e+01 2.688107e+01
      vertex   1.978871e+01 -4.627250e+01 1.988107e+01
      vertex   1.968842e+01 -4.716258e+01 1.988107e+01
    endloop
  endfacet
  facet normal -9.999695e-01 7.812738e-03 3.171828e-17
    outer loop
      vertex   1.968891e+01 -4.710008e+01 2.688107e+01
      vertex   1.968842e+01 -4.716258e+01 1.988107e+01
      vertex   1.968842e+01 -4.716258e+01 2.688138e+01
    endloop
  endfacet
  facet normal -1.000000e+00 0.000000e+00 0.000000e+00
    outer loop
      vertex   1.968842e+01 -1.101626e+02 1.988107e+01
      vertex   1.968842e+01 -5.516258e+01 3.188107e+01
      vertex   1.968842e+01 -4.716258e+01 1.988107e+01
    endloop
  endfacet
  facet normal -1.000000e+00 0.000000e+00 0.000000e+00
    outer loop
      vertex   1.968842e+01 -4.716258e+01 1.988107e+01
      vertex   1.968842e+01 -5.516258e+01 3.188107e+01
      vertex   1.968842e+01 -5.351488e+01 3.010503e+01
    endloop
  endfacet
  facet normal -1.000000e+00 0.000000e+00 0.000000e+00
    outer loop
      vertex   1.968842e+01 -4.716258e+01 1.988107e+01
      vertex   1.968842e+01 -5.351488e+01 3.010503e+01
      vertex   1.968842e+01 -5.260472e+01 2.925173e+01
    endloop
  endfacet
  facet normal -1.000000e+00 0.000000e+00 0.000000e+00
    outer loop
      vertex   1.968842e+01 -1.101626e+02 1.988107e+01
      vertex   1.968842e+01 -1.101626e+02 1.668811e+02
      vertex   1.968842e+01 -5.516258e+01 3.188107e+01
    endloop
  endfacet
  facet normal -1.000000e+00 0.000000e+00 0.000000e+00
    outer loop
      vertex   1.968842e+01 -5.516258e+01 3.188107e+01
      vertex   1.968842e+01 -1.101626e+02 1.668811e+02
      vertex   1.968842e+01 -5.516258e+01 1.668811e+02
    endloop
  endfacet
  facet normal -1.000000e+00 0.000000e+00 0.000000e+00
    outer loop
      vertex   1.968842e+01 -5.260472e+01 2.925173e+01
      vertex   1.968842e+01 -5.164665e+01 2.849194e+01
      vertex   1.968842e+01 -4.716258e+01 1.988107e+01
    endloop
  endfacet
  facet normal -1.000000e+00 0.000000e+00 0.000000e+00
    outer loop
      vertex   1.968842e+01 -4.716258e+01 1.988107e+01
      vertex   1.968842e+01 -5.164665e+01 2.849194e+01
      vertex   1.968842e+01 -5.065750e+01 2.786322e+01
    endloop
  endfacet
  facet normal -1.000000e+00 0.000000e+00 0.000000e+00
    outer loop
      vertex   1.968842e+01 -4.716258e+01 1.988107e+01
      vertex   1.968842e+01 -5.065750e+01 2.786322e+01
      vertex   1.968842e+01 -4.953540e+01 2.734494e+01
    endloop
  endfacet
  facet normal -1.000000e+00 0.000000e+00 0.000000e+00
    outer loop
      vertex   1.968842e+01 -4.953540e+01 2.734494e+01
      vertex   1.968842e+01 -4.838458e+01 2.701286e+01
      vertex   1.968842e+01 -4.716258e+01 1.988107e+01
    endloop
  endfacet
  facet normal -1.000000e+00 0.000000e+00 0.000000e+00
    outer loop
      vertex   1.968842e+01 -4.716258e+01 1.988107e+01
      vertex   1.968842e+01 -4.838458e+01 2.701286e+01
      vertex   1.968842e+01 -4.716258e+01 2.688138e+01
    endloop
  endfacet
  facet normal -0.000000e+00 0.000000e+00 1.000000e+00
    outer loop
      vertex   2.280705e+01 -4.326090e+01 2.688107e+01
      vertex   2.196899e+01 -4.355100e+01 2.688107e+01
      vertex   2.368842e+01 -4.316258e+01 2.688107e+01
    endloop
  endfacet
  facet normal 0.000000e+00 0.000000e+00 1.000000e+00
    outer loop
      vertex   2.368842e+01 -4.316258e+01 2.688107e+01
      vertex   2.196899e+01 -4.355100e+01 2.688107e+01
      vertex   1.271079e+02 -4.355100e+01 2.688107e+01
    endloop
  endfacet
  facet normal -0.000000e+00 0.000000e+00 1.000000e+00
    outer loop
      vertex   2.368842e+01 -4.316258e+01 2.688107e+01
      vertex   1.271079e+02 -4.355100e+01 2.688107e+01
      vertex   1.253884e+02 -4.316258e+01 2.688107e+01
    endloop
  endfacet
  facet normal 0.000000e+00 0.000000e+00 1.000000e+00
    outer loop
      vertex   1.253884e+02 -4.316258e+01 2.688107e+01
      vertex   1.271079e+02 -4.355100e+01 2.688107e+01
      vertex   1.262698e+02 -4.326090e+01 2.688107e+01
    endloop
  endfacet
  facet normal 0.000000e+00 0.000000e+00 1.000000e+00
    outer loop
      vertex   1.271079e+02 -4.355100e+01 2.688107e+01
      vertex   2.196899e+01 -4.355100e+01 2.688107e+01
      vertex   1.278614e+02 -4.401863e+01 2.688107e+01
    endloop
  endfacet
  facet normal 0.000000e+00 0.000000e+00 1.000000e+00
    outer loop
      vertex   1.278614e+02 -4.401863e+01 2.688107e+01
      vertex   2.196899e+01 -4.355100e+01 2.688107e+01
      vertex   2.121546e+01 -4.401863e+01 2.688107e+01
    endloop
  endfacet
  facet normal 0.000000e+00 0.000000e+00 1.000000e+00
    outer loop
      vertex   1.278614e+02 -4.401863e+01 2.688107e+01
      vertex   2.121546e+01 -4.401863e+01 2.688107e+01
      vertex   1.284934e+02 -4.464080e+01 2.688107e+01
    endloop
  endfacet
  facet normal 0.000000e+00 0.000000e+00 1.000000e+00
    outer loop
      vertex   1.284934e+02 -4.464080e+01 2.688107e+01
      vertex   2.121546e+01 -4.401863e+01 2.688107e+01
      vertex   2.058349e+01 -4.464080e+01 2.688107e+01
    endloop
  endfacet
  facet normal 0.000000e+00 0.000000e+00 1.000000e+00
    outer loop
      vertex   1.284934e+02 -4.464080e+01 2.688107e+01
      vertex   2.058349e+01 -4.464080e+01 2.688107e+01
      vertex   1.289727e+02 -4.538694e+01 2.688107e+01
    endloop
  endfacet
  facet normal 0.000000e+00 0.000000e+00 1.000000e+00
    outer loop
      vertex   1.289727e+02 -4.538694e+01 2.688107e+01
      vertex   2.058349e+01 -4.464080e+01 2.688107e+01
      vertex   2.010414e+01 -4.538694e+01 2.688107e+01
    endloop
  endfacet
  facet normal 0.000000e+00 0.000000e+00 1.000000e+00
    outer loop
      vertex   1.289727e+02 -4.538694e+01 2.688107e+01
      vertex   2.010414e+01 -4.538694e+01 2.688107e+01
      vertex   1.253884e+02 -4.616258e+01 2.688107e+01
    endloop
  endfacet
  facet normal 0.000000e+00 0.000000e+00 1.000000e+00
    outer loop
      vertex   1.253884e+02 -4.616258e+01 2.688107e+01
      vertex   2.010414e+01 -4.538694e+01 2.688107e+01
      vertex   2.368842e+01 -4.616258e+01 2.688107e+01
    endloop
  endfacet
  facet normal 0.000000e+00 0.000000e+00 1.000000e+00
    outer loop
      vertex   2.368842e+01 -4.616258e+01 2.688107e+01
      vertex   2.010414e+01 -4.538694e+01 2.688107e+01
      vertex   1.980098e+01 -4.622035e+01 2.688107e+01
    endloop
  endfacet
  facet normal 0.000000e+00 0.000000e+00 1.000000e+00
    outer loop
      vertex   2.368842e+01 -4.616258e+01 2.688107e+01
      vertex   1.980098e+01 -4.622035e+01 2.688107e+01
      vertex   2.231236e+01 -4.626840e+01 2.688107e+01
    endloop
  endfacet
  facet normal 0.000000e+00 0.000000e+00 1.000000e+00
    outer loop
      vertex   2.231236e+01 -4.626840e+01 2.688107e+01
      vertex   1.980098e+01 -4.622035e+01 2.688107e+01
      vertex   2.096866e+01 -4.658337e+01 2.688107e+01
    endloop
  endfacet
  facet normal 0.000000e+00 0.000000e+00 1.000000e+00
    outer loop
      vertex   2.096866e+01 -4.658337e+01 2.688107e+01
      vertex   1.980098e+01 -4.622035e+01 2.688107e+01
      vertex   1.968891e+01 -4.710008e+01 2.688107e+01
    endloop
  endfacet
  facet normal 0.000000e+00 0.000000e+00 1.000000e+00
    outer loop
      vertex   1.289727e+02 -4.538694e+01 2.688107e+01
      vertex   1.253884e+02 -4.616258e+01 2.688107e+01
      vertex   1.292759e+02 -4.622035e+01 2.688107e+01
    endloop
  endfacet
  facet normal 0.000000e+00 0.000000e+00 1.000000e+00
    outer loop
      vertex   1.292759e+02 -4.622035e+01 2.688107e+01
      vertex   1.253884e+02 -4.616258e+01 2.688107e+01
      vertex   1.267645e+02 -4.626840e+01 2.688107e+01
    endloop
  endfacet
  facet normal 0.000000e+00 0.000000e+00 1.000000e+00
    outer loop
      vertex   1.292759e+02 -4.622035e+01 2.688107e+01
      vertex   1.267645e+02 -4.626840e+01 2.688107e+01
      vertex   1.281082e+02 -4.658337e+01 2.688107e+01
    endloop
  endfacet
  facet normal -0.000000e+00 0.000000e+00 1.000000e+00
    outer loop
      vertex   1.281082e+02 -4.658337e+01 2.688107e+01
      vertex   1.293879e+02 -4.710008e+01 2.688107e+01
      vertex   1.292759e+02 -4.622035e+01 2.688107e+01
    endloop
  endfacet
  facet normal -2.012668e-03 4.984799e-03 9.999856e-01
    outer loop
      vertex   1.968891e+01 -4.710008e+01 2.688107e+01
      vertex   1.968842e+01 -4.716258e+01 2.688138e+01
      vertex   2.096866e+01 -4.658337e+01 2.688107e+01
    endloop
  endfacet
  facet normal -4.840458e-02 1.075213e-01 9.930237e-01
    outer loop
      vertex   2.096866e+01 -4.658337e+01 2.688107e+01
      vertex   1.968842e+01 -4.716258e+01 2.688138e+01
      vertex   2.067005e+01 -4.787558e+01 2.700643e+01
    endloop
  endfacet
  facet normal -3.551563e-02 1.046257e-01 9.938773e-01
    outer loop
      vertex   2.096866e+01 -4.658337e+01 2.688107e+01
      vertex   2.067005e+01 -4.787558e+01 2.700643e+01
      vertex   2.164701e+01 -4.754395e+01 2.700643e+01
    endloop
  endfacet
  facet normal -1.063676e-01 3.133488e-01 9.436622e-01
    outer loop
      vertex   2.164701e+01 -4.754395e+01 2.700643e+01
      vertex   2.067005e+01 -4.787558e+01 2.700643e+01
      vertex   2.107447e+01 -4.885195e+01 2.737623e+01
    endloop
  endfacet
  facet normal -1.063676e-01 3.133488e-01 9.436622e-01
    outer loop
      vertex   2.164701e+01 -4.754395e+01 2.700643e+01
      vertex   2.107447e+01 -4.885195e+01 2.737623e+01
      vertex   2.192054e+01 -4.856475e+01 2.737623e+01
    endloop
  endfacet
  facet normal -1.712789e-01 5.045715e-01 8.462099e-01
    outer loop
      vertex   2.192054e+01 -4.856475e+01 2.737623e+01
      vertex   2.107447e+01 -4.885195e+01 2.737623e+01
      vertex   2.143727e+01 -4.972782e+01 2.797192e+01
    endloop
  endfacet
  facet normal -1.712789e-01 5.045715e-01 8.462099e-01
    outer loop
      vertex   2.192054e+01 -4.856475e+01 2.737623e+01
      vertex   2.143727e+01 -4.972782e+01 2.797192e+01
      vertex   2.216591e+01 -4.948048e+01 2.797192e+01
    endloop
  endfacet
  facet normal -2.275355e-01 6.702979e-01 7.063486e-01
    outer loop
      vertex   2.216591e+01 -4.948048e+01 2.797192e+01
      vertex   2.143727e+01 -4.972782e+01 2.797192e+01
      vertex   2.174024e+01 -5.045926e+01 2.876362e+01
    endloop
  endfacet
  facet normal -2.275355e-01 6.702979e-01 7.063486e-01
    outer loop
      vertex   2.216591e+01 -4.948048e+01 2.797192e+01
      vertex   2.174024e+01 -5.045926e+01 2.876362e+01
      vertex   2.237082e+01 -5.024521e+01 2.876362e+01
    endloop
  endfacet
  facet normal -2.723355e-01 8.022745e-01 5.312146e-01
    outer loop
      vertex   2.237082e+01 -5.024521e+01 2.876362e+01
      vertex   2.174024e+01 -5.045926e+01 2.876362e+01
      vertex   2.196820e+01 -5.100960e+01 2.971165e+01
    endloop
  endfacet
  facet normal -2.723355e-01 8.022745e-01 5.312146e-01
    outer loop
      vertex   2.237082e+01 -5.024521e+01 2.876362e+01
      vertex   2.196820e+01 -5.100960e+01 2.971165e+01
      vertex   2.252499e+01 -5.082060e+01 2.971165e+01
    endloop
  endfacet
  facet normal -3.034722e-01 8.940002e-01 3.296488e-01
    outer loop
      vertex   2.252499e+01 -5.082060e+01 2.971165e+01
      vertex   2.196820e+01 -5.100960e+01 2.971165e+01
      vertex   2.210972e+01 -5.135125e+01 3.076847e+01
    endloop
  endfacet
  facet normal -3.034722e-01 8.940002e-01 3.296488e-01
    outer loop
      vertex   2.252499e+01 -5.082060e+01 2.971165e+01
      vertex   2.210972e+01 -5.135125e+01 3.076847e+01
      vertex   2.262070e+01 -5.117779e+01 3.076847e+01
    endloop
  endfacet
  facet normal -3.190068e-01 9.397637e-01 1.227960e-01
    outer loop
      vertex   2.262070e+01 -5.117779e+01 3.076847e+01
      vertex   2.210972e+01 -5.135125e+01 3.076847e+01
      vertex   2.279834e+01 -5.126287e+01 3.188107e+01
    endloop
  endfacet
  facet normal -1.940004e-01 9.753060e-01 1.055554e-01
    outer loop
      vertex   2.262070e+01 -5.117779e+01 3.076847e+01
      vertex   2.279834e+01 -5.126287e+01 3.188107e+01
      vertex   2.314995e+01 -5.107252e+01 3.076847e+01
    endloop
  endfacet
  facet normal -1.109634e-01 9.848271e-01 1.334266e-01
    outer loop
      vertex   2.314995e+01 -5.107252e+01 3.076847e+01
      vertex   2.279834e+01 -5.126287e+01 3.188107e+01
      vertex   2.368842e+01 -5.116258e+01 3.188107e+01
    endloop
  endfacet
  facet normal -6.499363e-02 9.916112e-01 1.117277e-01
    outer loop
      vertex   2.314995e+01 -5.107252e+01 3.076847e+01
      vertex   2.368842e+01 -5.116258e+01 3.188107e+01
      vertex   2.368842e+01 -5.103722e+01 3.076847e+01
    endloop
  endfacet
  facet normal -5.116922e-02 1.037609e-01 9.932851e-01
    outer loop
      vertex   2.067005e+01 -4.787558e+01 2.700643e+01
      vertex   1.968842e+01 -4.716258e+01 2.688138e+01
      vertex   1.974472e+01 -4.833190e+01 2.700643e+01
    endloop
  endfacet
  facet normal 1.347106e-02 1.069681e-01 9.941712e-01
    outer loop
      vertex   1.974472e+01 -4.833190e+01 2.700643e+01
      vertex   1.968842e+01 -4.716258e+01 2.688138e+01
      vertex   1.968842e+01 -4.838458e+01 2.701286e+01
    endloop
  endfacet
  facet normal -1.616793e-01 2.880248e-01 9.438758e-01
    outer loop
      vertex   1.974472e+01 -4.833190e+01 2.700643e+01
      vertex   1.968842e+01 -4.838458e+01 2.701286e+01
      vertex   2.027313e+01 -4.924713e+01 2.737623e+01
    endloop
  endfacet
  facet normal -1.848554e-01 2.724676e-01 9.442404e-01
    outer loop
      vertex   2.027313e+01 -4.924713e+01 2.737623e+01
      vertex   1.968842e+01 -4.838458e+01 2.701286e+01
      vertex   1.968842e+01 -4.953540e+01 2.734494e+01
    endloop
  endfacet
  facet normal -2.473697e-01 4.062792e-01 8.796280e-01
    outer loop
      vertex   2.027313e+01 -4.924713e+01 2.737623e+01
      vertex   1.968842e+01 -4.953540e+01 2.734494e+01
      vertex   1.968842e+01 -5.065750e+01 2.786322e+01
    endloop
  endfacet
  facet normal -3.921048e-01 4.934725e-01 7.763625e-01
    outer loop
      vertex   1.968842e+01 -5.164665e+01 2.849194e+01
      vertex   2.010735e+01 -5.049564e+01 2.797192e+01
      vertex   1.968842e+01 -5.065750e+01 2.786322e+01
    endloop
  endfacet
  facet normal -4.123233e-01 6.170854e-01 6.702202e-01
    outer loop
      vertex   1.968842e+01 -5.065750e+01 2.786322e+01
      vertex   2.010735e+01 -5.049564e+01 2.797192e+01
      vertex   2.074715e+01 -5.006815e+01 2.797192e+01
    endloop
  endfacet
  facet normal -3.238539e-01 4.259600e-01 8.447939e-01
    outer loop
      vertex   1.968842e+01 -5.065750e+01 2.786322e+01
      vertex   2.074715e+01 -5.006815e+01 2.797192e+01
      vertex   2.027313e+01 -4.924713e+01 2.737623e+01
    endloop
  endfacet
  facet normal -2.356734e-01 4.778984e-01 8.462099e-01
    outer loop
      vertex   2.027313e+01 -4.924713e+01 2.737623e+01
      vertex   2.074715e+01 -5.006815e+01 2.797192e+01
      vertex   2.107447e+01 -4.885195e+01 2.737623e+01
    endloop
  endfacet
  facet normal -1.463578e-01 2.967843e-01 9.436622e-01
    outer loop
      vertex   2.027313e+01 -4.924713e+01 2.737623e+01
      vertex   2.107447e+01 -4.885195e+01 2.737623e+01
      vertex   2.067005e+01 -4.787558e+01 2.700643e+01
    endloop
  endfacet
  facet normal -5.520193e-01 5.181172e-01 6.533217e-01
    outer loop
      vertex   1.968842e+01 -5.260472e+01 2.925173e+01
      vertex   2.008865e+01 -5.156282e+01 2.876362e+01
      vertex   1.968842e+01 -5.164665e+01 2.849194e+01
    endloop
  endfacet
  facet normal -5.301859e-01 6.045611e-01 5.944820e-01
    outer loop
      vertex   1.968842e+01 -5.164665e+01 2.849194e+01
      vertex   2.008865e+01 -5.156282e+01 2.876362e+01
      vertex   2.058931e+01 -5.112375e+01 2.876362e+01
    endloop
  endfacet
  facet normal -5.032123e-01 5.012044e-01 7.039684e-01
    outer loop
      vertex   1.968842e+01 -5.164665e+01 2.849194e+01
      vertex   2.058931e+01 -5.112375e+01 2.876362e+01
      vertex   2.010735e+01 -5.049564e+01 2.797192e+01
    endloop
  endfacet
  facet normal -3.932683e-01 5.885675e-01 7.063486e-01
    outer loop
      vertex   2.010735e+01 -5.049564e+01 2.797192e+01
      vertex   2.058931e+01 -5.112375e+01 2.876362e+01
      vertex   2.074715e+01 -5.006815e+01 2.797192e+01
    endloop
  endfacet
  facet normal -7.550274e-01 4.484615e-01 4.783471e-01
    outer loop
      vertex   1.968842e+01 -5.351488e+01 3.010503e+01
      vertex   1.979550e+01 -5.291501e+01 2.971165e+01
      vertex   1.968842e+01 -5.260472e+01 2.925173e+01
    endloop
  endfacet
  facet normal -7.228569e-01 4.829976e-01 4.941571e-01
    outer loop
      vertex   1.968842e+01 -5.260472e+01 2.925173e+01
      vertex   1.979550e+01 -5.291501e+01 2.971165e+01
      vertex   2.012218e+01 -5.242611e+01 2.971165e+01
    endloop
  endfacet
  facet normal -6.848463e-01 6.005941e-01 4.126407e-01
    outer loop
      vertex   1.968842e+01 -5.260472e+01 2.925173e+01
      vertex   2.012218e+01 -5.242611e+01 2.971165e+01
      vertex   2.050987e+01 -5.198403e+01 2.971165e+01
    endloop
  endfacet
  facet normal -7.098147e-01 6.224908e-01 3.296488e-01
    outer loop
      vertex   2.050987e+01 -5.198403e+01 2.971165e+01
      vertex   2.012218e+01 -5.242611e+01 2.971165e+01
      vertex   2.041555e+01 -5.265122e+01 3.076847e+01
    endloop
  endfacet
  facet normal -7.098147e-01 6.224908e-01 3.296488e-01
    outer loop
      vertex   2.050987e+01 -5.198403e+01 2.971165e+01
      vertex   2.041555e+01 -5.265122e+01 3.076847e+01
      vertex   2.077135e+01 -5.224551e+01 3.076847e+01
    endloop
  endfacet
  facet normal -7.474401e-01 6.554873e-01 1.080263e-01
    outer loop
      vertex   2.077135e+01 -5.224551e+01 3.076847e+01
      vertex   2.041555e+01 -5.265122e+01 3.076847e+01
      vertex   2.056110e+01 -5.266863e+01 3.188107e+01
    endloop
  endfacet
  facet normal -7.007241e-01 7.007241e-01 1.340575e-01
    outer loop
      vertex   2.077135e+01 -5.224551e+01 3.076847e+01
      vertex   2.056110e+01 -5.266863e+01 3.188107e+01
      vertex   2.119446e+01 -5.203526e+01 3.188107e+01
    endloop
  endfacet
  facet normal -8.634803e-01 3.697615e-01 3.430426e-01
    outer loop
      vertex   1.968842e+01 -5.516258e+01 3.188107e+01
      vertex   1.970363e+01 -5.409486e+01 3.076847e+01
      vertex   1.968842e+01 -5.351488e+01 3.010503e+01
    endloop
  endfacet
  facet normal -9.063153e-01 3.076526e-01 2.897282e-01
    outer loop
      vertex   1.968842e+01 -5.351488e+01 3.010503e+01
      vertex   1.970363e+01 -5.409486e+01 3.076847e+01
      vertex   1.987709e+01 -5.358388e+01 3.076847e+01
    endloop
  endfacet
  facet normal -8.588008e-01 4.235137e-01 2.882663e-01
    outer loop
      vertex   1.968842e+01 -5.351488e+01 3.010503e+01
      vertex   1.987709e+01 -5.358388e+01 3.076847e+01
      vertex   2.011576e+01 -5.309990e+01 3.076847e+01
    endloop
  endfacet
  facet normal -8.919793e-01 4.398755e-01 1.043190e-01
    outer loop
      vertex   2.011576e+01 -5.309990e+01 3.076847e+01
      vertex   1.987709e+01 -5.358388e+01 3.076847e+01
      vertex   2.008455e+01 -5.342705e+01 3.188107e+01
    endloop
  endfacet
  facet normal -8.393677e-01 5.274097e-01 1.315329e-01
    outer loop
      vertex   2.011576e+01 -5.309990e+01 3.076847e+01
      vertex   2.008455e+01 -5.342705e+01 3.188107e+01
      vertex   2.056110e+01 -5.266863e+01 3.188107e+01
    endloop
  endfacet
  facet normal -9.893633e-01 1.114745e-01 9.345429e-02
    outer loop
      vertex   1.968842e+01 -5.516258e+01 3.188107e+01
      vertex   1.978871e+01 -5.427250e+01 3.188107e+01
      vertex   1.970363e+01 -5.409486e+01 3.076847e+01
    endloop
  endfacet
  facet normal -9.366048e-01 3.277322e-01 1.239475e-01
    outer loop
      vertex   1.970363e+01 -5.409486e+01 3.076847e+01
      vertex   1.978871e+01 -5.427250e+01 3.188107e+01
      vertex   2.008455e+01 -5.342705e+01 3.188107e+01
    endloop
  endfacet
  facet normal -9.388767e-01 3.187057e-01 1.301433e-01
    outer loop
      vertex   1.970363e+01 -5.409486e+01 3.076847e+01
      vertex   2.008455e+01 -5.342705e+01 3.188107e+01
      vertex   1.987709e+01 -5.358388e+01 3.076847e+01
    endloop
  endfacet
  facet normal -6.554873e-01 7.474401e-01 1.080263e-01
    outer loop
      vertex   2.077135e+01 -5.224551e+01 3.076847e+01
      vertex   2.119446e+01 -5.203526e+01 3.188107e+01
      vertex   2.117706e+01 -5.188972e+01 3.076847e+01
    endloop
  endfacet
  facet normal -5.282994e-01 8.407837e-01 1.182476e-01
    outer loop
      vertex   2.117706e+01 -5.188972e+01 3.076847e+01
      vertex   2.119446e+01 -5.203526e+01 3.188107e+01
      vertex   2.195289e+01 -5.155871e+01 3.188107e+01
    endloop
  endfacet
  facet normal -5.502018e-01 8.234351e-01 1.386815e-01
    outer loop
      vertex   2.117706e+01 -5.188972e+01 3.076847e+01
      vertex   2.195289e+01 -5.155871e+01 3.188107e+01
      vertex   2.162574e+01 -5.158992e+01 3.076847e+01
    endloop
  endfacet
  facet normal -4.398755e-01 8.919793e-01 1.043190e-01
    outer loop
      vertex   2.162574e+01 -5.158992e+01 3.076847e+01
      vertex   2.195289e+01 -5.155871e+01 3.188107e+01
      vertex   2.210972e+01 -5.135125e+01 3.076847e+01
    endloop
  endfacet
  facet normal -4.175664e-01 8.467408e-01 3.296488e-01
    outer loop
      vertex   2.162574e+01 -5.158992e+01 3.076847e+01
      vertex   2.210972e+01 -5.135125e+01 3.076847e+01
      vertex   2.196820e+01 -5.100960e+01 2.971165e+01
    endloop
  endfacet
  facet normal -3.275463e-01 9.360734e-01 1.283744e-01
    outer loop
      vertex   2.195289e+01 -5.155871e+01 3.188107e+01
      vertex   2.279834e+01 -5.126287e+01 3.188107e+01
      vertex   2.210972e+01 -5.135125e+01 3.076847e+01
    endloop
  endfacet
  facet normal -6.174733e-02 9.420822e-01 3.296488e-01
    outer loop
      vertex   2.368842e+01 -5.103722e+01 3.076847e+01
      vertex   2.368842e+01 -5.066743e+01 2.971165e+01
      vertex   2.314995e+01 -5.107252e+01 3.076847e+01
    endloop
  endfacet
  facet normal -6.174733e-02 9.420822e-01 3.296488e-01
    outer loop
      vertex   2.314995e+01 -5.107252e+01 3.076847e+01
      vertex   2.368842e+01 -5.066743e+01 2.971165e+01
      vertex   2.310169e+01 -5.070589e+01 2.971165e+01
    endloop
  endfacet
  facet normal -1.841855e-01 9.259629e-01 3.296488e-01
    outer loop
      vertex   2.314995e+01 -5.107252e+01 3.076847e+01
      vertex   2.310169e+01 -5.070589e+01 2.971165e+01
      vertex   2.262070e+01 -5.117779e+01 3.076847e+01
    endloop
  endfacet
  facet normal -1.841855e-01 9.259629e-01 3.296488e-01
    outer loop
      vertex   2.262070e+01 -5.117779e+01 3.076847e+01
      vertex   2.310169e+01 -5.070589e+01 2.971165e+01
      vertex   2.252499e+01 -5.082060e+01 2.971165e+01
    endloop
  endfacet
  facet normal -5.541197e-02 8.454233e-01 5.312146e-01
    outer loop
      vertex   2.368842e+01 -5.066743e+01 2.971165e+01
      vertex   2.368842e+01 -5.007174e+01 2.876362e+01
      vertex   2.310169e+01 -5.070589e+01 2.971165e+01
    endloop
  endfacet
  facet normal -5.541197e-02 8.454233e-01 5.312146e-01
    outer loop
      vertex   2.310169e+01 -5.070589e+01 2.971165e+01
      vertex   2.368842e+01 -5.007174e+01 2.876362e+01
      vertex   2.302393e+01 -5.011530e+01 2.876362e+01
    endloop
  endfacet
  facet normal -1.652878e-01 8.309578e-01 5.312146e-01
    outer loop
      vertex   2.310169e+01 -5.070589e+01 2.971165e+01
      vertex   2.302393e+01 -5.011530e+01 2.876362e+01
      vertex   2.252499e+01 -5.082060e+01 2.971165e+01
    endloop
  endfacet
  facet normal -1.652878e-01 8.309578e-01 5.312146e-01
    outer loop
      vertex   2.252499e+01 -5.082060e+01 2.971165e+01
      vertex   2.302393e+01 -5.011530e+01 2.876362e+01
      vertex   2.237082e+01 -5.024521e+01 2.876362e+01
    endloop
  endfacet
  facet normal -4.629653e-02 7.063486e-01 7.063486e-01
    outer loop
      vertex   2.368842e+01 -5.007174e+01 2.876362e+01
      vertex   2.368842e+01 -4.928003e+01 2.797192e+01
      vertex   2.302393e+01 -5.011530e+01 2.876362e+01
    endloop
  endfacet
  facet normal -4.629653e-02 7.063486e-01 7.063486e-01
    outer loop
      vertex   2.302393e+01 -5.011530e+01 2.876362e+01
      vertex   2.368842e+01 -4.928003e+01 2.797192e+01
      vertex   2.292060e+01 -4.933036e+01 2.797192e+01
    endloop
  endfacet
  facet normal -1.380974e-01 6.942628e-01 7.063486e-01
    outer loop
      vertex   2.302393e+01 -5.011530e+01 2.876362e+01
      vertex   2.292060e+01 -4.933036e+01 2.797192e+01
      vertex   2.237082e+01 -5.024521e+01 2.876362e+01
    endloop
  endfacet
  facet normal -1.380974e-01 6.942628e-01 7.063486e-01
    outer loop
      vertex   2.237082e+01 -5.024521e+01 2.876362e+01
      vertex   2.292060e+01 -4.933036e+01 2.797192e+01
      vertex   2.216591e+01 -4.948048e+01 2.797192e+01
    endloop
  endfacet
  facet normal -3.485004e-02 5.317089e-01 8.462099e-01
    outer loop
      vertex   2.368842e+01 -4.928003e+01 2.797192e+01
      vertex   2.368842e+01 -4.833200e+01 2.737623e+01
      vertex   2.292060e+01 -4.933036e+01 2.797192e+01
    endloop
  endfacet
  facet normal -3.485004e-02 5.317089e-01 8.462099e-01
    outer loop
      vertex   2.292060e+01 -4.933036e+01 2.797192e+01
      vertex   2.368842e+01 -4.833200e+01 2.737623e+01
      vertex   2.279685e+01 -4.839044e+01 2.737623e+01
    endloop
  endfacet
  facet normal -1.039538e-01 5.226112e-01 8.462099e-01
    outer loop
      vertex   2.292060e+01 -4.933036e+01 2.797192e+01
      vertex   2.279685e+01 -4.839044e+01 2.737623e+01
      vertex   2.216591e+01 -4.948048e+01 2.797192e+01
    endloop
  endfacet
  facet normal -1.039538e-01 5.226112e-01 8.462099e-01
    outer loop
      vertex   2.216591e+01 -4.948048e+01 2.797192e+01
      vertex   2.279685e+01 -4.839044e+01 2.737623e+01
      vertex   2.192054e+01 -4.856475e+01 2.737623e+01
    endloop
  endfacet
  facet normal -2.164256e-02 3.302017e-01 9.436622e-01
    outer loop
      vertex   2.368842e+01 -4.833200e+01 2.737623e+01
      vertex   2.368842e+01 -4.727519e+01 2.700643e+01
      vertex   2.279685e+01 -4.839044e+01 2.737623e+01
    endloop
  endfacet
  facet normal -2.164256e-02 3.302017e-01 9.436622e-01
    outer loop
      vertex   2.279685e+01 -4.839044e+01 2.737623e+01
      vertex   2.368842e+01 -4.727519e+01 2.700643e+01
      vertex   2.265891e+01 -4.734267e+01 2.700643e+01
    endloop
  endfacet
  facet normal -6.455738e-02 3.245519e-01 9.436622e-01
    outer loop
      vertex   2.279685e+01 -4.839044e+01 2.737623e+01
      vertex   2.265891e+01 -4.734267e+01 2.700643e+01
      vertex   2.192054e+01 -4.856475e+01 2.737623e+01
    endloop
  endfacet
  facet normal -6.455738e-02 3.245519e-01 9.436622e-01
    outer loop
      vertex   2.192054e+01 -4.856475e+01 2.737623e+01
      vertex   2.265891e+01 -4.734267e+01 2.700643e+01
      vertex   2.164701e+01 -4.754395e+01 2.700643e+01
    endloop
  endfacet
  facet normal -7.338342e-03 1.119615e-01 9.936855e-01
    outer loop
      vertex   2.368842e+01 -4.727519e+01 2.700643e+01
      vertex   2.368842e+01 -4.616258e+01 2.688107e+01
      vertex   2.265891e+01 -4.734267e+01 2.700643e+01
    endloop
  endfacet
  facet normal -8.700008e-03 1.131341e-01 9.935416e-01
    outer loop
      vertex   2.265891e+01 -4.734267e+01 2.700643e+01
      vertex   2.368842e+01 -4.616258e+01 2.688107e+01
      vertex   2.231236e+01 -4.626840e+01 2.688107e+01
    endloop
  endfacet
  facet normal -2.167723e-02 1.089788e-01 9.938077e-01
    outer loop
      vertex   2.265891e+01 -4.734267e+01 2.700643e+01
      vertex   2.231236e+01 -4.626840e+01 2.688107e+01
      vertex   2.164701e+01 -4.754395e+01 2.700643e+01
    endloop
  endfacet
  facet normal -2.607447e-02 1.112375e-01 9.934517e-01
    outer loop
      vertex   2.164701e+01 -4.754395e+01 2.700643e+01
      vertex   2.231236e+01 -4.626840e+01 2.688107e+01
      vertex   2.096866e+01 -4.658337e+01 2.688107e+01
    endloop
  endfacet
  facet normal -8.257929e-01 5.517772e-01 1.166538e-01
    outer loop
      vertex   2.056110e+01 -5.266863e+01 3.188107e+01
      vertex   2.041555e+01 -5.265122e+01 3.076847e+01
      vertex   2.011576e+01 -5.309990e+01 3.076847e+01
    endloop
  endfacet
  facet normal -7.849935e-01 5.245159e-01 3.296488e-01
    outer loop
      vertex   2.011576e+01 -5.309990e+01 3.076847e+01
      vertex   2.041555e+01 -5.265122e+01 3.076847e+01
      vertex   2.012218e+01 -5.242611e+01 2.971165e+01
    endloop
  endfacet
  facet normal -7.849935e-01 5.245159e-01 3.296488e-01
    outer loop
      vertex   2.011576e+01 -5.309990e+01 3.076847e+01
      vertex   2.012218e+01 -5.242611e+01 2.971165e+01
      vertex   1.979550e+01 -5.291501e+01 2.971165e+01
    endloop
  endfacet
  facet normal -3.747235e-01 7.598640e-01 5.312146e-01
    outer loop
      vertex   2.196820e+01 -5.100960e+01 2.971165e+01
      vertex   2.174024e+01 -5.045926e+01 2.876362e+01
      vertex   2.144084e+01 -5.126967e+01 2.971165e+01
    endloop
  endfacet
  facet normal -3.747235e-01 7.598640e-01 5.312146e-01
    outer loop
      vertex   2.144084e+01 -5.126967e+01 2.971165e+01
      vertex   2.174024e+01 -5.045926e+01 2.876362e+01
      vertex   2.114300e+01 -5.075379e+01 2.876362e+01
    endloop
  endfacet
  facet normal -4.706998e-01 7.044520e-01 5.312146e-01
    outer loop
      vertex   2.144084e+01 -5.126967e+01 2.971165e+01
      vertex   2.114300e+01 -5.075379e+01 2.876362e+01
      vertex   2.095194e+01 -5.159634e+01 2.971165e+01
    endloop
  endfacet
  facet normal -4.706998e-01 7.044520e-01 5.312146e-01
    outer loop
      vertex   2.095194e+01 -5.159634e+01 2.971165e+01
      vertex   2.114300e+01 -5.075379e+01 2.876362e+01
      vertex   2.058931e+01 -5.112375e+01 2.876362e+01
    endloop
  endfacet
  facet normal -5.586223e-01 6.369867e-01 5.312146e-01
    outer loop
      vertex   2.095194e+01 -5.159634e+01 2.971165e+01
      vertex   2.058931e+01 -5.112375e+01 2.876362e+01
      vertex   2.050987e+01 -5.198403e+01 2.971165e+01
    endloop
  endfacet
  facet normal -5.586223e-01 6.369867e-01 5.312146e-01
    outer loop
      vertex   2.050987e+01 -5.198403e+01 2.971165e+01
      vertex   2.058931e+01 -5.112375e+01 2.876362e+01
      vertex   2.008865e+01 -5.156282e+01 2.876362e+01
    endloop
  endfacet
  facet normal -6.800023e-01 5.086213e-01 5.281110e-01
    outer loop
      vertex   2.050987e+01 -5.198403e+01 2.971165e+01
      vertex   2.008865e+01 -5.156282e+01 2.876362e+01
      vertex   1.968842e+01 -5.260472e+01 2.925173e+01
    endloop
  endfacet
  facet normal -3.130803e-01 6.348641e-01 7.063486e-01
    outer loop
      vertex   2.174024e+01 -5.045926e+01 2.876362e+01
      vertex   2.143727e+01 -4.972782e+01 2.797192e+01
      vertex   2.114300e+01 -5.075379e+01 2.876362e+01
    endloop
  endfacet
  facet normal -3.130803e-01 6.348641e-01 7.063486e-01
    outer loop
      vertex   2.114300e+01 -5.075379e+01 2.876362e+01
      vertex   2.143727e+01 -4.972782e+01 2.797192e+01
      vertex   2.074715e+01 -5.006815e+01 2.797192e+01
    endloop
  endfacet
  facet normal -3.932683e-01 5.885675e-01 7.063486e-01
    outer loop
      vertex   2.114300e+01 -5.075379e+01 2.876362e+01
      vertex   2.074715e+01 -5.006815e+01 2.797192e+01
      vertex   2.058931e+01 -5.112375e+01 2.876362e+01
    endloop
  endfacet
  facet normal -2.356734e-01 4.778984e-01 8.462099e-01
    outer loop
      vertex   2.143727e+01 -4.972782e+01 2.797192e+01
      vertex   2.107447e+01 -4.885195e+01 2.737623e+01
      vertex   2.074715e+01 -5.006815e+01 2.797192e+01
    endloop
  endfacet
  facet normal -1.463578e-01 2.967843e-01 9.436622e-01
    outer loop
      vertex   1.974472e+01 -4.833190e+01 2.700643e+01
      vertex   2.027313e+01 -4.924713e+01 2.737623e+01
      vertex   2.067005e+01 -4.787558e+01 2.700643e+01
    endloop
  endfacet
  facet normal -5.245159e-01 7.849935e-01 3.296488e-01
    outer loop
      vertex   2.117706e+01 -5.188972e+01 3.076847e+01
      vertex   2.162574e+01 -5.158992e+01 3.076847e+01
      vertex   2.144084e+01 -5.126967e+01 2.971165e+01
    endloop
  endfacet
  facet normal -4.175664e-01 8.467408e-01 3.296488e-01
    outer loop
      vertex   2.144084e+01 -5.126967e+01 2.971165e+01
      vertex   2.162574e+01 -5.158992e+01 3.076847e+01
      vertex   2.196820e+01 -5.100960e+01 2.971165e+01
    endloop
  endfacet
  facet normal -5.245159e-01 7.849935e-01 3.296488e-01
    outer loop
      vertex   2.117706e+01 -5.188972e+01 3.076847e+01
      vertex   2.144084e+01 -5.126967e+01 2.971165e+01
      vertex   2.095194e+01 -5.159634e+01 2.971165e+01
    endloop
  endfacet
  facet normal -6.224908e-01 7.098147e-01 3.296488e-01
    outer loop
      vertex   2.077135e+01 -5.224551e+01 3.076847e+01
      vertex   2.117706e+01 -5.188972e+01 3.076847e+01
      vertex   2.095194e+01 -5.159634e+01 2.971165e+01
    endloop
  endfacet
  facet normal -6.224908e-01 7.098147e-01 3.296488e-01
    outer loop
      vertex   2.077135e+01 -5.224551e+01 3.076847e+01
      vertex   2.095194e+01 -5.159634e+01 2.971165e+01
      vertex   2.050987e+01 -5.198403e+01 2.971165e+01
    endloop
  endfacet
  facet normal -8.690242e-01 3.703051e-01 3.281328e-01
    outer loop
      vertex   1.968842e+01 -5.351488e+01 3.010503e+01
      vertex   2.011576e+01 -5.309990e+01 3.076847e+01
      vertex   1.979550e+01 -5.291501e+01 2.971165e+01
    endloop
  endfacet
  facet normal 0.000000e+00 0.000000e+00 -1.000000e+00
    outer loop
      vertex   1.263884e+02 -1.101626e+02 1.688107e+01
      vertex   2.268842e+01 -1.101626e+02 1.688107e+01
      vertex   1.263884e+02 -4.716258e+01 1.688107e+01
    endloop
  endfacet
  facet normal -0.000000e+00 0.000000e+00 -1.000000e+00
    outer loop
      vertex   1.263884e+02 -4.716258e+01 1.688107e+01
      vertex   2.268842e+01 -1.101626e+02 1.688107e+01
      vertex   2.268842e+01 -4.716258e+01 1.688107e+01
    endloop
  endfacet
  facet normal 0.000000e+00 0.000000e+00 -1.000000e+00
    outer loop
      vertex   1.263884e+02 -4.716258e+01 1.688107e+01
      vertex   2.268842e+01 -4.716258e+01 1.688107e+01
      vertex   1.253884e+02 -4.616258e+01 1.688107e+01
    endloop
  endfacet
  facet normal -0.000000e+00 0.000000e+00 -1.000000e+00
    outer loop
      vertex   1.253884e+02 -4.616258e+01 1.688107e+01
      vertex   2.268842e+01 -4.716258e+01 1.688107e+01
      vertex   2.368842e+01 -4.616258e+01 1.688107e+01
    endloop
  endfacet
  facet normal 0.000000e+00 0.000000e+00 -1.000000e+00
    outer loop
      vertex   2.368842e+01 -4.616258e+01 1.688107e+01
      vertex   2.268842e+01 -4.716258e+01 1.688107e+01
      vertex   2.272250e+01 -4.690377e+01 1.688107e+01
    endloop
  endfacet
  facet normal 0.000000e+00 0.000000e+00 -1.000000e+00
    outer loop
      vertex   2.368842e+01 -4.616258e+01 1.688107e+01
      vertex   2.272250e+01 -4.690377e+01 1.688107e+01
      vertex   2.282240e+01 -4.666258e+01 1.688107e+01
    endloop
  endfacet
  facet normal -0.000000e+00 0.000000e+00 -1.000000e+00
    outer loop
      vertex   1.263543e+02 -1.104214e+02 1.688107e+01
      vertex   1.253884e+02 -1.111626e+02 1.688107e+01
      vertex   1.263884e+02 -1.101626e+02 1.688107e+01
    endloop
  endfacet
  facet normal 0.000000e+00 0.000000e+00 -1.000000e+00
    outer loop
      vertex   1.263884e+02 -1.101626e+02 1.688107e+01
      vertex   1.253884e+02 -1.111626e+02 1.688107e+01
      vertex   2.368842e+01 -1.111626e+02 1.688107e+01
    endloop
  endfacet
  facet normal -0.000000e+00 0.000000e+00 -1.000000e+00
    outer loop
      vertex   1.263884e+02 -1.101626e+02 1.688107e+01
      vertex   2.368842e+01 -1.111626e+02 1.688107e+01
      vertex   2.268842e+01 -1.101626e+02 1.688107e+01
    endloop
  endfacet
  facet normal 0.000000e+00 0.000000e+00 -1.000000e+00
    outer loop
      vertex   2.268842e+01 -1.101626e+02 1.688107e+01
      vertex   2.368842e+01 -1.111626e+02 1.688107e+01
      vertex   2.272250e+01 -1.104214e+02 1.688107e+01
    endloop
  endfacet
  facet normal 0.000000e+00 0.000000e+00 -1.000000e+00
    outer loop
      vertex   2.272250e+01 -1.104214e+02 1.688107e+01
      vertex   2.368842e+01 -1.111626e+02 1.688107e+01
      vertex   2.282240e+01 -1.106626e+02 1.688107e+01
    endloop
  endfacet
  facet normal 0.000000e+00 0.000000e+00 -1.000000e+00
    outer loop
      vertex   2.282240e+01 -1.106626e+02 1.688107e+01
      vertex   2.368842e+01 -1.111626e+02 1.688107e+01
      vertex   2.298132e+01 -1.108697e+02 1.688107e+01
    endloop
  endfacet
  facet normal 0.000000e+00 0.000000e+00 -1.000000e+00
    outer loop
      vertex   2.298132e+01 -1.108697e+02 1.688107e+01
      vertex   2.368842e+01 -1.111626e+02 1.688107e+01
      vertex   2.318842e+01 -1.110286e+02 1.688107e+01
    endloop
  endfacet
  facet normal 0.000000e+00 0.000000e+00 -1.000000e+00
    outer loop
      vertex   2.318842e+01 -1.110286e+02 1.688107e+01
      vertex   2.368842e+01 -1.111626e+02 1.688107e+01
      vertex   2.342960e+01 -1.111285e+02 1.688107e+01
    endloop
  endfacet
  facet normal 0.000000e+00 0.000000e+00 -1.000000e+00
    outer loop
      vertex   1.263543e+02 -1.104214e+02 1.688107e+01
      vertex   1.262544e+02 -1.106626e+02 1.688107e+01
      vertex   1.253884e+02 -1.111626e+02 1.688107e+01
    endloop
  endfacet
  facet normal 0.000000e+00 0.000000e+00 -1.000000e+00
    outer loop
      vertex   1.253884e+02 -1.111626e+02 1.688107e+01
      vertex   1.262544e+02 -1.106626e+02 1.688107e+01
      vertex   1.260955e+02 -1.108697e+02 1.688107e+01
    endloop
  endfacet
  facet normal 0.000000e+00 0.000000e+00 -1.000000e+00
    outer loop
      vertex   1.253884e+02 -1.111626e+02 1.688107e+01
      vertex   1.260955e+02 -1.108697e+02 1.688107e+01
      vertex   1.258884e+02 -1.110286e+02 1.688107e+01
    endloop
  endfacet
  facet normal 0.000000e+00 0.000000e+00 -1.000000e+00
    outer loop
      vertex   1.258884e+02 -1.110286e+02 1.688107e+01
      vertex   1.256472e+02 -1.111285e+02 1.688107e+01
      vertex   1.253884e+02 -1.111626e+02 1.688107e+01
    endloop
  endfacet
  facet normal 0.000000e+00 0.000000e+00 -1.000000e+00
    outer loop
      vertex   2.282240e+01 -4.666258e+01 1.688107e+01
      vertex   2.298132e+01 -4.645548e+01 1.688107e+01
      vertex   2.368842e+01 -4.616258e+01 1.688107e+01
    endloop
  endfacet
  facet normal 0.000000e+00 0.000000e+00 -1.000000e+00
    outer loop
      vertex   2.368842e+01 -4.616258e+01 1.688107e+01
      vertex   2.298132e+01 -4.645548e+01 1.688107e+01
      vertex   2.318842e+01 -4.629656e+01 1.688107e+01
    endloop
  endfacet
  facet normal 0.000000e+00 0.000000e+00 -1.000000e+00
    outer loop
      vertex   2.368842e+01 -4.616258e+01 1.688107e+01
      vertex   2.318842e+01 -4.629656e+01 1.688107e+01
      vertex   2.342960e+01 -4.619666e+01 1.688107e+01
    endloop
  endfacet
  facet normal -0.000000e+00 -0.000000e+00 -1.000000e+00
    outer loop
      vertex   1.256472e+02 -4.619666e+01 1.688107e+01
      vertex   1.258884e+02 -4.629656e+01 1.688107e+01
      vertex   1.253884e+02 -4.616258e+01 1.688107e+01
    endloop
  endfacet
  facet normal 0.000000e+00 0.000000e+00 -1.000000e+00
    outer loop
      vertex   1.253884e+02 -4.616258e+01 1.688107e+01
      vertex   1.258884e+02 -4.629656e+01 1.688107e+01
      vertex   1.260955e+02 -4.645548e+01 1.688107e+01
    endloop
  endfacet
  facet normal 0.000000e+00 0.000000e+00 -1.000000e+00
    outer loop
      vertex   1.253884e+02 -4.616258e+01 1.688107e+01
      vertex   1.260955e+02 -4.645548e+01 1.688107e+01
      vertex   1.262544e+02 -4.666258e+01 1.688107e+01
    endloop
  endfacet
  facet normal -0.000000e+00 -0.000000e+00 -1.000000e+00
    outer loop
      vertex   1.262544e+02 -4.666258e+01 1.688107e+01
      vertex   1.263543e+02 -4.690377e+01 1.688107e+01
      vertex   1.253884e+02 -4.616258e+01 1.688107e+01
    endloop
  endfacet
  facet normal 0.000000e+00 0.000000e+00 -1.000000e+00
    outer loop
      vertex   1.253884e+02 -4.616258e+01 1.688107e+01
      vertex   1.263543e+02 -4.690377e+01 1.688107e+01
      vertex   1.263884e+02 -4.716258e+01 1.688107e+01
    endloop
  endfacet
  facet normal 1.000000e+00 0.000000e+00 0.000000e+00
    outer loop
      vertex   1.293884e+02 -1.101626e+02 1.668811e+02
      vertex   1.293884e+02 -1.101626e+02 1.988107e+01
      vertex   1.293884e+02 -5.516258e+01 3.188107e+01
    endloop
  endfacet
  facet normal 1.000000e+00 0.000000e+00 0.000000e+00
    outer loop
      vertex   1.293884e+02 -5.516258e+01 3.188107e+01
      vertex   1.293884e+02 -1.101626e+02 1.988107e+01
      vertex   1.293884e+02 -4.716258e+01 1.988107e+01
    endloop
  endfacet
  facet normal 1.000000e+00 0.000000e+00 0.000000e+00
    outer loop
      vertex   1.293884e+02 -5.516258e+01 3.188107e+01
      vertex   1.293884e+02 -4.716258e+01 1.988107e+01
      vertex   1.293884e+02 -5.351488e+01 3.010503e+01
    endloop
  endfacet
  facet normal 1.000000e+00 0.000000e+00 0.000000e+00
    outer loop
      vertex   1.293884e+02 -5.351488e+01 3.010503e+01
      vertex   1.293884e+02 -4.716258e+01 1.988107e+01
      vertex   1.293884e+02 -5.260472e+01 2.925173e+01
    endloop
  endfacet
  facet normal 1.000000e+00 -5.499518e-14 -3.193917e-14
    outer loop
      vertex   1.293884e+02 -5.260472e+01 2.925173e+01
      vertex   1.293884e+02 -4.716258e+01 1.988107e+01
      vertex   1.293884e+02 -5.164665e+01 2.849194e+01
    endloop
  endfacet
  facet normal 1.000000e+00 -3.135981e-15 -4.933727e-15
    outer loop
      vertex   1.293884e+02 -5.164665e+01 2.849194e+01
      vertex   1.293884e+02 -4.716258e+01 1.988107e+01
      vertex   1.293884e+02 -5.065750e+01 2.786322e+01
    endloop
  endfacet
  facet normal 1.000000e+00 2.968820e-14 9.438083e-15
    outer loop
      vertex   1.293884e+02 -5.065750e+01 2.786322e+01
      vertex   1.293884e+02 -4.716258e+01 1.988107e+01
      vertex   1.293884e+02 -4.953540e+01 2.734494e+01
    endloop
  endfacet
  facet normal 1.000000e+00 -2.719128e-14 -8.644295e-15
    outer loop
      vertex   1.293884e+02 -4.953540e+01 2.734494e+01
      vertex   1.293884e+02 -4.716258e+01 1.988107e+01
      vertex   1.293884e+02 -4.838458e+01 2.701286e+01
    endloop
  endfacet
  facet normal 1.000000e+00 2.325846e-14 9.443083e-29
    outer loop
      vertex   1.293884e+02 -4.838458e+01 2.701286e+01
      vertex   1.293884e+02 -4.716258e+01 1.988107e+01
      vertex   1.293884e+02 -4.716258e+01 2.688138e+01
    endloop
  endfacet
  facet normal 1.000000e+00 0.000000e+00 -0.000000e+00
    outer loop
      vertex   1.293884e+02 -5.516258e+01 3.188107e+01
      vertex   1.293884e+02 -5.516258e+01 1.668811e+02
      vertex   1.293884e+02 -1.101626e+02 1.668811e+02
    endloop
  endfacet
  facet normal 2.012668e-03 4.984799e-03 9.999856e-01
    outer loop
      vertex   1.293879e+02 -4.710008e+01 2.688107e+01
      vertex   1.281082e+02 -4.658337e+01 2.688107e+01
      vertex   1.293884e+02 -4.716258e+01 2.688138e+01
    endloop
  endfacet
  facet normal 4.840458e-02 1.075213e-01 9.930237e-01
    outer loop
      vertex   1.293884e+02 -4.716258e+01 2.688138e+01
      vertex   1.281082e+02 -4.658337e+01 2.688107e+01
      vertex   1.284068e+02 -4.787558e+01 2.700643e+01
    endloop
  endfacet
  facet normal 5.116922e-02 1.037609e-01 9.932851e-01
    outer loop
      vertex   1.293884e+02 -4.716258e+01 2.688138e+01
      vertex   1.284068e+02 -4.787558e+01 2.700643e+01
      vertex   1.293321e+02 -4.833190e+01 2.700643e+01
    endloop
  endfacet
  facet normal 1.463578e-01 2.967843e-01 9.436622e-01
    outer loop
      vertex   1.293321e+02 -4.833190e+01 2.700643e+01
      vertex   1.284068e+02 -4.787558e+01 2.700643e+01
      vertex   1.280024e+02 -4.885195e+01 2.737623e+01
    endloop
  endfacet
  facet normal 1.463578e-01 2.967843e-01 9.436622e-01
    outer loop
      vertex   1.293321e+02 -4.833190e+01 2.700643e+01
      vertex   1.280024e+02 -4.885195e+01 2.737623e+01
      vertex   1.288037e+02 -4.924713e+01 2.737623e+01
    endloop
  endfacet
  facet normal 2.356734e-01 4.778984e-01 8.462099e-01
    outer loop
      vertex   1.288037e+02 -4.924713e+01 2.737623e+01
      vertex   1.280024e+02 -4.885195e+01 2.737623e+01
      vertex   1.276396e+02 -4.972782e+01 2.797192e+01
    endloop
  endfacet
  facet normal 2.356734e-01 4.778984e-01 8.462099e-01
    outer loop
      vertex   1.288037e+02 -4.924713e+01 2.737623e+01
      vertex   1.276396e+02 -4.972782e+01 2.797192e+01
      vertex   1.283297e+02 -5.006815e+01 2.797192e+01
    endloop
  endfacet
  facet normal 3.130803e-01 6.348641e-01 7.063486e-01
    outer loop
      vertex   1.283297e+02 -5.006815e+01 2.797192e+01
      vertex   1.276396e+02 -4.972782e+01 2.797192e+01
      vertex   1.273366e+02 -5.045926e+01 2.876362e+01
    endloop
  endfacet
  facet normal 3.130803e-01 6.348641e-01 7.063486e-01
    outer loop
      vertex   1.283297e+02 -5.006815e+01 2.797192e+01
      vertex   1.273366e+02 -5.045926e+01 2.876362e+01
      vertex   1.279338e+02 -5.075379e+01 2.876362e+01
    endloop
  endfacet
  facet normal 3.747235e-01 7.598640e-01 5.312146e-01
    outer loop
      vertex   1.279338e+02 -5.075379e+01 2.876362e+01
      vertex   1.273366e+02 -5.045926e+01 2.876362e+01
      vertex   1.271086e+02 -5.100960e+01 2.971165e+01
    endloop
  endfacet
  facet normal 3.747235e-01 7.598640e-01 5.312146e-01
    outer loop
      vertex   1.279338e+02 -5.075379e+01 2.876362e+01
      vertex   1.271086e+02 -5.100960e+01 2.971165e+01
      vertex   1.276360e+02 -5.126967e+01 2.971165e+01
    endloop
  endfacet
  facet normal 4.175664e-01 8.467408e-01 3.296488e-01
    outer loop
      vertex   1.276360e+02 -5.126967e+01 2.971165e+01
      vertex   1.271086e+02 -5.100960e+01 2.971165e+01
      vertex   1.269671e+02 -5.135125e+01 3.076847e+01
    endloop
  endfacet
  facet normal 4.175664e-01 8.467408e-01 3.296488e-01
    outer loop
      vertex   1.276360e+02 -5.126967e+01 2.971165e+01
      vertex   1.269671e+02 -5.135125e+01 3.076847e+01
      vertex   1.274511e+02 -5.158992e+01 3.076847e+01
    endloop
  endfacet
  facet normal 4.398755e-01 8.919793e-01 1.043190e-01
    outer loop
      vertex   1.274511e+02 -5.158992e+01 3.076847e+01
      vertex   1.269671e+02 -5.135125e+01 3.076847e+01
      vertex   1.271240e+02 -5.155871e+01 3.188107e+01
    endloop
  endfacet
  facet normal 5.274097e-01 8.393677e-01 1.315329e-01
    outer loop
      vertex   1.274511e+02 -5.158992e+01 3.076847e+01
      vertex   1.271240e+02 -5.155871e+01 3.188107e+01
      vertex   1.278824e+02 -5.203526e+01 3.188107e+01
    endloop
  endfacet
  facet normal 3.551563e-02 1.046257e-01 9.938773e-01
    outer loop
      vertex   1.284068e+02 -4.787558e+01 2.700643e+01
      vertex   1.281082e+02 -4.658337e+01 2.688107e+01
      vertex   1.274298e+02 -4.754395e+01 2.700643e+01
    endloop
  endfacet
  facet normal 2.607447e-02 1.112375e-01 9.934517e-01
    outer loop
      vertex   1.274298e+02 -4.754395e+01 2.700643e+01
      vertex   1.281082e+02 -4.658337e+01 2.688107e+01
      vertex   1.267645e+02 -4.626840e+01 2.688107e+01
    endloop
  endfacet
  facet normal 2.167723e-02 1.089788e-01 9.938077e-01
    outer loop
      vertex   1.274298e+02 -4.754395e+01 2.700643e+01
      vertex   1.267645e+02 -4.626840e+01 2.688107e+01
      vertex   1.264179e+02 -4.734267e+01 2.700643e+01
    endloop
  endfacet
  facet normal 8.700008e-03 1.131341e-01 9.935416e-01
    outer loop
      vertex   1.264179e+02 -4.734267e+01 2.700643e+01
      vertex   1.267645e+02 -4.626840e+01 2.688107e+01
      vertex   1.253884e+02 -4.616258e+01 2.688107e+01
    endloop
  endfacet
  facet normal 7.338342e-03 1.119615e-01 9.936855e-01
    outer loop
      vertex   1.264179e+02 -4.734267e+01 2.700643e+01
      vertex   1.253884e+02 -4.616258e+01 2.688107e+01
      vertex   1.253884e+02 -4.727519e+01 2.700643e+01
    endloop
  endfacet
  facet normal 2.164256e-02 3.302017e-01 9.436622e-01
    outer loop
      vertex   1.253884e+02 -4.727519e+01 2.700643e+01
      vertex   1.253884e+02 -4.833200e+01 2.737623e+01
      vertex   1.264179e+02 -4.734267e+01 2.700643e+01
    endloop
  endfacet
  facet normal 2.164256e-02 3.302017e-01 9.436622e-01
    outer loop
      vertex   1.264179e+02 -4.734267e+01 2.700643e+01
      vertex   1.253884e+02 -4.833200e+01 2.737623e+01
      vertex   1.262800e+02 -4.839044e+01 2.737623e+01
    endloop
  endfacet
  facet normal 6.455738e-02 3.245519e-01 9.436622e-01
    outer loop
      vertex   1.264179e+02 -4.734267e+01 2.700643e+01
      vertex   1.262800e+02 -4.839044e+01 2.737623e+01
      vertex   1.274298e+02 -4.754395e+01 2.700643e+01
    endloop
  endfacet
  facet normal 6.455738e-02 3.245519e-01 9.436622e-01
    outer loop
      vertex   1.274298e+02 -4.754395e+01 2.700643e+01
      vertex   1.262800e+02 -4.839044e+01 2.737623e+01
      vertex   1.271563e+02 -4.856475e+01 2.737623e+01
    endloop
  endfacet
  facet normal 1.063676e-01 3.133488e-01 9.436622e-01
    outer loop
      vertex   1.274298e+02 -4.754395e+01 2.700643e+01
      vertex   1.271563e+02 -4.856475e+01 2.737623e+01
      vertex   1.284068e+02 -4.787558e+01 2.700643e+01
    endloop
  endfacet
  facet normal 1.063676e-01 3.133488e-01 9.436622e-01
    outer loop
      vertex   1.284068e+02 -4.787558e+01 2.700643e+01
      vertex   1.271563e+02 -4.856475e+01 2.737623e+01
      vertex   1.280024e+02 -4.885195e+01 2.737623e+01
    endloop
  endfacet
  facet normal 3.485004e-02 5.317089e-01 8.462099e-01
    outer loop
      vertex   1.253884e+02 -4.833200e+01 2.737623e+01
      vertex   1.253884e+02 -4.928003e+01 2.797192e+01
      vertex   1.262800e+02 -4.839044e+01 2.737623e+01
    endloop
  endfacet
  facet normal 3.485004e-02 5.317089e-01 8.462099e-01
    outer loop
      vertex   1.262800e+02 -4.839044e+01 2.737623e+01
      vertex   1.253884e+02 -4.928003e+01 2.797192e+01
      vertex   1.261562e+02 -4.933036e+01 2.797192e+01
    endloop
  endfacet
  facet normal 1.039538e-01 5.226112e-01 8.462099e-01
    outer loop
      vertex   1.262800e+02 -4.839044e+01 2.737623e+01
      vertex   1.261562e+02 -4.933036e+01 2.797192e+01
      vertex   1.271563e+02 -4.856475e+01 2.737623e+01
    endloop
  endfacet
  facet normal 1.039538e-01 5.226112e-01 8.462099e-01
    outer loop
      vertex   1.271563e+02 -4.856475e+01 2.737623e+01
      vertex   1.261562e+02 -4.933036e+01 2.797192e+01
      vertex   1.269109e+02 -4.948048e+01 2.797192e+01
    endloop
  endfacet
  facet normal 1.712789e-01 5.045715e-01 8.462099e-01
    outer loop
      vertex   1.271563e+02 -4.856475e+01 2.737623e+01
      vertex   1.269109e+02 -4.948048e+01 2.797192e+01
      vertex   1.280024e+02 -4.885195e+01 2.737623e+01
    endloop
  endfacet
  facet normal 1.712789e-01 5.045715e-01 8.462099e-01
    outer loop
      vertex   1.280024e+02 -4.885195e+01 2.737623e+01
      vertex   1.269109e+02 -4.948048e+01 2.797192e+01
      vertex   1.276396e+02 -4.972782e+01 2.797192e+01
    endloop
  endfacet
  facet normal 4.629653e-02 7.063486e-01 7.063486e-01
    outer loop
      vertex   1.253884e+02 -4.928003e+01 2.797192e+01
      vertex   1.253884e+02 -5.007174e+01 2.876362e+01
      vertex   1.261562e+02 -4.933036e+01 2.797192e+01
    endloop
  endfacet
  facet normal 4.629653e-02 7.063486e-01 7.063486e-01
    outer loop
      vertex   1.261562e+02 -4.933036e+01 2.797192e+01
      vertex   1.253884e+02 -5.007174e+01 2.876362e+01
      vertex   1.260529e+02 -5.011530e+01 2.876362e+01
    endloop
  endfacet
  facet normal 1.380974e-01 6.942628e-01 7.063486e-01
    outer loop
      vertex   1.261562e+02 -4.933036e+01 2.797192e+01
      vertex   1.260529e+02 -5.011530e+01 2.876362e+01
      vertex   1.269109e+02 -4.948048e+01 2.797192e+01
    endloop
  endfacet
  facet normal 1.380974e-01 6.942628e-01 7.063486e-01
    outer loop
      vertex   1.269109e+02 -4.948048e+01 2.797192e+01
      vertex   1.260529e+02 -5.011530e+01 2.876362e+01
      vertex   1.267060e+02 -5.024521e+01 2.876362e+01
    endloop
  endfacet
  facet normal 2.275355e-01 6.702979e-01 7.063486e-01
    outer loop
      vertex   1.269109e+02 -4.948048e+01 2.797192e+01
      vertex   1.267060e+02 -5.024521e+01 2.876362e+01
      vertex   1.276396e+02 -4.972782e+01 2.797192e+01
    endloop
  endfacet
  facet normal 2.275355e-01 6.702979e-01 7.063486e-01
    outer loop
      vertex   1.276396e+02 -4.972782e+01 2.797192e+01
      vertex   1.267060e+02 -5.024521e+01 2.876362e+01
      vertex   1.273366e+02 -5.045926e+01 2.876362e+01
    endloop
  endfacet
  facet normal 5.541197e-02 8.454233e-01 5.312146e-01
    outer loop
      vertex   1.253884e+02 -5.007174e+01 2.876362e+01
      vertex   1.253884e+02 -5.066743e+01 2.971165e+01
      vertex   1.260529e+02 -5.011530e+01 2.876362e+01
    endloop
  endfacet
  facet normal 5.541197e-02 8.454233e-01 5.312146e-01
    outer loop
      vertex   1.260529e+02 -5.011530e+01 2.876362e+01
      vertex   1.253884e+02 -5.066743e+01 2.971165e+01
      vertex   1.259752e+02 -5.070589e+01 2.971165e+01
    endloop
  endfacet
  facet normal 1.652878e-01 8.309578e-01 5.312146e-01
    outer loop
      vertex   1.260529e+02 -5.011530e+01 2.876362e+01
      vertex   1.259752e+02 -5.070589e+01 2.971165e+01
      vertex   1.267060e+02 -5.024521e+01 2.876362e+01
    endloop
  endfacet
  facet normal 1.652878e-01 8.309578e-01 5.312146e-01
    outer loop
      vertex   1.267060e+02 -5.024521e+01 2.876362e+01
      vertex   1.259752e+02 -5.070589e+01 2.971165e+01
      vertex   1.265519e+02 -5.082060e+01 2.971165e+01
    endloop
  endfacet
  facet normal 2.723355e-01 8.022745e-01 5.312146e-01
    outer loop
      vertex   1.267060e+02 -5.024521e+01 2.876362e+01
      vertex   1.265519e+02 -5.082060e+01 2.971165e+01
      vertex   1.273366e+02 -5.045926e+01 2.876362e+01
    endloop
  endfacet
  facet normal 2.723355e-01 8.022745e-01 5.312146e-01
    outer loop
      vertex   1.273366e+02 -5.045926e+01 2.876362e+01
      vertex   1.265519e+02 -5.082060e+01 2.971165e+01
      vertex   1.271086e+02 -5.100960e+01 2.971165e+01
    endloop
  endfacet
  facet normal 6.174733e-02 9.420822e-01 3.296488e-01
    outer loop
      vertex   1.253884e+02 -5.066743e+01 2.971165e+01
      vertex   1.253884e+02 -5.103722e+01 3.076847e+01
      vertex   1.259752e+02 -5.070589e+01 2.971165e+01
    endloop
  endfacet
  facet normal 6.174733e-02 9.420822e-01 3.296488e-01
    outer loop
      vertex   1.259752e+02 -5.070589e+01 2.971165e+01
      vertex   1.253884e+02 -5.103722e+01 3.076847e+01
      vertex   1.259269e+02 -5.107252e+01 3.076847e+01
    endloop
  endfacet
  facet normal 1.841855e-01 9.259629e-01 3.296488e-01
    outer loop
      vertex   1.259752e+02 -5.070589e+01 2.971165e+01
      vertex   1.259269e+02 -5.107252e+01 3.076847e+01
      vertex   1.265519e+02 -5.082060e+01 2.971165e+01
    endloop
  endfacet
  facet normal 1.841855e-01 9.259629e-01 3.296488e-01
    outer loop
      vertex   1.265519e+02 -5.082060e+01 2.971165e+01
      vertex   1.259269e+02 -5.107252e+01 3.076847e+01
      vertex   1.264561e+02 -5.117779e+01 3.076847e+01
    endloop
  endfacet
  facet normal 3.034722e-01 8.940002e-01 3.296488e-01
    outer loop
      vertex   1.265519e+02 -5.082060e+01 2.971165e+01
      vertex   1.264561e+02 -5.117779e+01 3.076847e+01
      vertex   1.271086e+02 -5.100960e+01 2.971165e+01
    endloop
  endfacet
  facet normal 3.034722e-01 8.940002e-01 3.296488e-01
    outer loop
      vertex   1.271086e+02 -5.100960e+01 2.971165e+01
      vertex   1.264561e+02 -5.117779e+01 3.076847e+01
      vertex   1.269671e+02 -5.135125e+01 3.076847e+01
    endloop
  endfacet
  facet normal 6.499363e-02 9.916112e-01 1.117277e-01
    outer loop
      vertex   1.253884e+02 -5.103722e+01 3.076847e+01
      vertex   1.253884e+02 -5.116258e+01 3.188107e+01
      vertex   1.259269e+02 -5.107252e+01 3.076847e+01
    endloop
  endfacet
  facet normal 1.109634e-01 9.848271e-01 1.334266e-01
    outer loop
      vertex   1.259269e+02 -5.107252e+01 3.076847e+01
      vertex   1.253884e+02 -5.116258e+01 3.188107e+01
      vertex   1.262785e+02 -5.126287e+01 3.188107e+01
    endloop
  endfacet
  facet normal 1.940004e-01 9.753060e-01 1.055554e-01
    outer loop
      vertex   1.259269e+02 -5.107252e+01 3.076847e+01
      vertex   1.262785e+02 -5.126287e+01 3.188107e+01
      vertex   1.264561e+02 -5.117779e+01 3.076847e+01
    endloop
  endfacet
  facet normal 3.277322e-01 9.366048e-01 1.239475e-01
    outer loop
      vertex   1.264561e+02 -5.117779e+01 3.076847e+01
      vertex   1.262785e+02 -5.126287e+01 3.188107e+01
      vertex   1.271240e+02 -5.155871e+01 3.188107e+01
    endloop
  endfacet
  facet normal 3.187057e-01 9.388767e-01 1.301433e-01
    outer loop
      vertex   1.264561e+02 -5.117779e+01 3.076847e+01
      vertex   1.271240e+02 -5.155871e+01 3.188107e+01
      vertex   1.269671e+02 -5.135125e+01 3.076847e+01
    endloop
  endfacet
  facet normal 7.007241e-01 7.007241e-01 1.340575e-01
    outer loop
      vertex   1.285157e+02 -5.266863e+01 3.188107e+01
      vertex   1.283055e+02 -5.224551e+01 3.076847e+01
      vertex   1.278824e+02 -5.203526e+01 3.188107e+01
    endloop
  endfacet
  facet normal 6.554873e-01 7.474401e-01 1.080263e-01
    outer loop
      vertex   1.278824e+02 -5.203526e+01 3.188107e+01
      vertex   1.283055e+02 -5.224551e+01 3.076847e+01
      vertex   1.278998e+02 -5.188972e+01 3.076847e+01
    endloop
  endfacet
  facet normal 5.517772e-01 8.257929e-01 1.166538e-01
    outer loop
      vertex   1.278824e+02 -5.203526e+01 3.188107e+01
      vertex   1.278998e+02 -5.188972e+01 3.076847e+01
      vertex   1.274511e+02 -5.158992e+01 3.076847e+01
    endloop
  endfacet
  facet normal 5.245159e-01 7.849935e-01 3.296488e-01
    outer loop
      vertex   1.274511e+02 -5.158992e+01 3.076847e+01
      vertex   1.278998e+02 -5.188972e+01 3.076847e+01
      vertex   1.281249e+02 -5.159634e+01 2.971165e+01
    endloop
  endfacet
  facet normal 5.245159e-01 7.849935e-01 3.296488e-01
    outer loop
      vertex   1.274511e+02 -5.158992e+01 3.076847e+01
      vertex   1.281249e+02 -5.159634e+01 2.971165e+01
      vertex   1.276360e+02 -5.126967e+01 2.971165e+01
    endloop
  endfacet
  facet normal 4.706998e-01 7.044520e-01 5.312146e-01
    outer loop
      vertex   1.276360e+02 -5.126967e+01 2.971165e+01
      vertex   1.281249e+02 -5.159634e+01 2.971165e+01
      vertex   1.284875e+02 -5.112375e+01 2.876362e+01
    endloop
  endfacet
  facet normal 4.706998e-01 7.044520e-01 5.312146e-01
    outer loop
      vertex   1.276360e+02 -5.126967e+01 2.971165e+01
      vertex   1.284875e+02 -5.112375e+01 2.876362e+01
      vertex   1.279338e+02 -5.075379e+01 2.876362e+01
    endloop
  endfacet
  facet normal 3.932683e-01 5.885675e-01 7.063486e-01
    outer loop
      vertex   1.279338e+02 -5.075379e+01 2.876362e+01
      vertex   1.284875e+02 -5.112375e+01 2.876362e+01
      vertex   1.289695e+02 -5.049564e+01 2.797192e+01
    endloop
  endfacet
  facet normal 3.932683e-01 5.885675e-01 7.063486e-01
    outer loop
      vertex   1.279338e+02 -5.075379e+01 2.876362e+01
      vertex   1.289695e+02 -5.049564e+01 2.797192e+01
      vertex   1.283297e+02 -5.006815e+01 2.797192e+01
    endloop
  endfacet
  facet normal 2.886359e-01 4.319741e-01 8.544517e-01
    outer loop
      vertex   1.283297e+02 -5.006815e+01 2.797192e+01
      vertex   1.289695e+02 -5.049564e+01 2.797192e+01
      vertex   1.293884e+02 -4.953540e+01 2.734494e+01
    endloop
  endfacet
  facet normal 2.710321e-01 4.578469e-01 8.467100e-01
    outer loop
      vertex   1.283297e+02 -5.006815e+01 2.797192e+01
      vertex   1.293884e+02 -4.953540e+01 2.734494e+01
      vertex   1.288037e+02 -4.924713e+01 2.737623e+01
    endloop
  endfacet
  facet normal 1.848554e-01 2.724676e-01 9.442404e-01
    outer loop
      vertex   1.288037e+02 -4.924713e+01 2.737623e+01
      vertex   1.293884e+02 -4.953540e+01 2.734494e+01
      vertex   1.293884e+02 -4.838458e+01 2.701286e+01
    endloop
  endfacet
  facet normal 1.616793e-01 2.880248e-01 9.438758e-01
    outer loop
      vertex   1.288037e+02 -4.924713e+01 2.737623e+01
      vertex   1.293884e+02 -4.838458e+01 2.701286e+01
      vertex   1.293321e+02 -4.833190e+01 2.700643e+01
    endloop
  endfacet
  facet normal -1.347106e-02 1.069681e-01 9.941712e-01
    outer loop
      vertex   1.293321e+02 -4.833190e+01 2.700643e+01
      vertex   1.293884e+02 -4.838458e+01 2.701286e+01
      vertex   1.293884e+02 -4.716258e+01 2.688138e+01
    endloop
  endfacet
  facet normal 7.474401e-01 6.554873e-01 1.080263e-01
    outer loop
      vertex   1.283055e+02 -5.224551e+01 3.076847e+01
      vertex   1.285157e+02 -5.266863e+01 3.188107e+01
      vertex   1.286613e+02 -5.265122e+01 3.076847e+01
    endloop
  endfacet
  facet normal 8.407837e-01 5.282994e-01 1.182476e-01
    outer loop
      vertex   1.286613e+02 -5.265122e+01 3.076847e+01
      vertex   1.285157e+02 -5.266863e+01 3.188107e+01
      vertex   1.289923e+02 -5.342705e+01 3.188107e+01
    endloop
  endfacet
  facet normal 8.234351e-01 5.502018e-01 1.386815e-01
    outer loop
      vertex   1.286613e+02 -5.265122e+01 3.076847e+01
      vertex   1.289923e+02 -5.342705e+01 3.188107e+01
      vertex   1.289611e+02 -5.309990e+01 3.076847e+01
    endloop
  endfacet
  facet normal 8.919793e-01 4.398755e-01 1.043190e-01
    outer loop
      vertex   1.289611e+02 -5.309990e+01 3.076847e+01
      vertex   1.289923e+02 -5.342705e+01 3.188107e+01
      vertex   1.291998e+02 -5.358388e+01 3.076847e+01
    endloop
  endfacet
  facet normal 8.588008e-01 4.235137e-01 2.882663e-01
    outer loop
      vertex   1.289611e+02 -5.309990e+01 3.076847e+01
      vertex   1.291998e+02 -5.358388e+01 3.076847e+01
      vertex   1.293884e+02 -5.351488e+01 3.010503e+01
    endloop
  endfacet
  facet normal 9.063153e-01 3.076526e-01 2.897282e-01
    outer loop
      vertex   1.293884e+02 -5.351488e+01 3.010503e+01
      vertex   1.291998e+02 -5.358388e+01 3.076847e+01
      vertex   1.293732e+02 -5.409486e+01 3.076847e+01
    endloop
  endfacet
  facet normal 8.634803e-01 3.697615e-01 3.430426e-01
    outer loop
      vertex   1.293884e+02 -5.351488e+01 3.010503e+01
      vertex   1.293732e+02 -5.409486e+01 3.076847e+01
      vertex   1.293884e+02 -5.516258e+01 3.188107e+01
    endloop
  endfacet
  facet normal 9.893633e-01 1.114745e-01 9.345429e-02
    outer loop
      vertex   1.293884e+02 -5.516258e+01 3.188107e+01
      vertex   1.293732e+02 -5.409486e+01 3.076847e+01
      vertex   1.292881e+02 -5.427250e+01 3.188107e+01
    endloop
  endfacet
  facet normal 9.397637e-01 3.190068e-01 1.227960e-01
    outer loop
      vertex   1.292881e+02 -5.427250e+01 3.188107e+01
      vertex   1.293732e+02 -5.409486e+01 3.076847e+01
      vertex   1.291998e+02 -5.358388e+01 3.076847e+01
    endloop
  endfacet
  facet normal 9.360734e-01 3.275463e-01 1.283744e-01
    outer loop
      vertex   1.292881e+02 -5.427250e+01 3.188107e+01
      vertex   1.291998e+02 -5.358388e+01 3.076847e+01
      vertex   1.289923e+02 -5.342705e+01 3.188107e+01
    endloop
  endfacet
  facet normal 8.690242e-01 3.703051e-01 3.281328e-01
    outer loop
      vertex   1.289611e+02 -5.309990e+01 3.076847e+01
      vertex   1.293884e+02 -5.351488e+01 3.010503e+01
      vertex   1.292813e+02 -5.291501e+01 2.971165e+01
    endloop
  endfacet
  facet normal 7.550274e-01 4.484615e-01 4.783471e-01
    outer loop
      vertex   1.292813e+02 -5.291501e+01 2.971165e+01
      vertex   1.293884e+02 -5.351488e+01 3.010503e+01
      vertex   1.293884e+02 -5.260472e+01 2.925173e+01
    endloop
  endfacet
  facet normal 7.228569e-01 4.829976e-01 4.941571e-01
    outer loop
      vertex   1.292813e+02 -5.291501e+01 2.971165e+01
      vertex   1.293884e+02 -5.260472e+01 2.925173e+01
      vertex   1.289547e+02 -5.242611e+01 2.971165e+01
    endloop
  endfacet
  facet normal 7.358368e-01 4.207657e-01 5.305661e-01
    outer loop
      vertex   1.289547e+02 -5.242611e+01 2.971165e+01
      vertex   1.293884e+02 -5.260472e+01 2.925173e+01
      vertex   1.293884e+02 -5.164665e+01 2.849194e+01
    endloop
  endfacet
  facet normal 5.255076e-01 6.197225e-01 5.829115e-01
    outer loop
      vertex   1.289547e+02 -5.242611e+01 2.971165e+01
      vertex   1.293884e+02 -5.164665e+01 2.849194e+01
      vertex   1.289882e+02 -5.156282e+01 2.876362e+01
    endloop
  endfacet
  facet normal 5.652700e-01 4.425038e-01 6.961754e-01
    outer loop
      vertex   1.289882e+02 -5.156282e+01 2.876362e+01
      vertex   1.293884e+02 -5.164665e+01 2.849194e+01
      vertex   1.293884e+02 -5.065750e+01 2.786322e+01
    endloop
  endfacet
  facet normal 4.549455e-01 5.187660e-01 7.238138e-01
    outer loop
      vertex   1.289882e+02 -5.156282e+01 2.876362e+01
      vertex   1.293884e+02 -5.065750e+01 2.786322e+01
      vertex   1.284875e+02 -5.112375e+01 2.876362e+01
    endloop
  endfacet
  facet normal 4.069586e-01 5.786333e-01 7.068014e-01
    outer loop
      vertex   1.284875e+02 -5.112375e+01 2.876362e+01
      vertex   1.293884e+02 -5.065750e+01 2.786322e+01
      vertex   1.289695e+02 -5.049564e+01 2.797192e+01
    endloop
  endfacet
  facet normal 3.694408e-01 3.896465e-01 8.436167e-01
    outer loop
      vertex   1.293884e+02 -5.065750e+01 2.786322e+01
      vertex   1.293884e+02 -4.953540e+01 2.734494e+01
      vertex   1.289695e+02 -5.049564e+01 2.797192e+01
    endloop
  endfacet
  facet normal 6.224908e-01 7.098147e-01 3.296488e-01
    outer loop
      vertex   1.281249e+02 -5.159634e+01 2.971165e+01
      vertex   1.278998e+02 -5.188972e+01 3.076847e+01
      vertex   1.285670e+02 -5.198403e+01 2.971165e+01
    endloop
  endfacet
  facet normal 6.224908e-01 7.098147e-01 3.296488e-01
    outer loop
      vertex   1.285670e+02 -5.198403e+01 2.971165e+01
      vertex   1.278998e+02 -5.188972e+01 3.076847e+01
      vertex   1.283055e+02 -5.224551e+01 3.076847e+01
    endloop
  endfacet
  facet normal 7.098147e-01 6.224908e-01 3.296488e-01
    outer loop
      vertex   1.285670e+02 -5.198403e+01 2.971165e+01
      vertex   1.283055e+02 -5.224551e+01 3.076847e+01
      vertex   1.289547e+02 -5.242611e+01 2.971165e+01
    endloop
  endfacet
  facet normal 7.098147e-01 6.224908e-01 3.296488e-01
    outer loop
      vertex   1.289547e+02 -5.242611e+01 2.971165e+01
      vertex   1.283055e+02 -5.224551e+01 3.076847e+01
      vertex   1.286613e+02 -5.265122e+01 3.076847e+01
    endloop
  endfacet
  facet normal 7.849935e-01 5.245159e-01 3.296488e-01
    outer loop
      vertex   1.289547e+02 -5.242611e+01 2.971165e+01
      vertex   1.286613e+02 -5.265122e+01 3.076847e+01
      vertex   1.292813e+02 -5.291501e+01 2.971165e+01
    endloop
  endfacet
  facet normal 7.849935e-01 5.245159e-01 3.296488e-01
    outer loop
      vertex   1.292813e+02 -5.291501e+01 2.971165e+01
      vertex   1.286613e+02 -5.265122e+01 3.076847e+01
      vertex   1.289611e+02 -5.309990e+01 3.076847e+01
    endloop
  endfacet
  facet normal 5.586223e-01 6.369867e-01 5.312146e-01
    outer loop
      vertex   1.284875e+02 -5.112375e+01 2.876362e+01
      vertex   1.281249e+02 -5.159634e+01 2.971165e+01
      vertex   1.289882e+02 -5.156282e+01 2.876362e+01
    endloop
  endfacet
  facet normal 5.586223e-01 6.369867e-01 5.312146e-01
    outer loop
      vertex   1.289882e+02 -5.156282e+01 2.876362e+01
      vertex   1.281249e+02 -5.159634e+01 2.971165e+01
      vertex   1.285670e+02 -5.198403e+01 2.971165e+01
    endloop
  endfacet
  facet normal 6.369867e-01 5.586223e-01 5.312146e-01
    outer loop
      vertex   1.289882e+02 -5.156282e+01 2.876362e+01
      vertex   1.285670e+02 -5.198403e+01 2.971165e+01
      vertex   1.289547e+02 -5.242611e+01 2.971165e+01
    endloop
  endfacet
  facet normal -0.000000e+00 1.119645e-01 9.937122e-01
    outer loop
      vertex   2.368842e+01 -4.727519e+01 2.700643e+01
      vertex   4.402842e+01 -4.727519e+01 2.700643e+01
      vertex   2.368842e+01 -4.616258e+01 2.688107e+01
    endloop
  endfacet
  facet normal 0.000000e+00 1.119645e-01 9.937122e-01
    outer loop
      vertex   2.368842e+01 -4.616258e+01 2.688107e+01
      vertex   4.402842e+01 -4.727519e+01 2.700643e+01
      vertex   6.436842e+01 -4.727519e+01 2.700643e+01
    endloop
  endfacet
  facet normal 3.900040e-17 1.119645e-01 9.937122e-01
    outer loop
      vertex   2.368842e+01 -4.616258e+01 2.688107e+01
      vertex   6.436842e+01 -4.727519e+01 2.700643e+01
      vertex   8.470842e+01 -4.727519e+01 2.700643e+01
    endloop
  endfacet
  facet normal 1.153773e-16 3.302791e-01 9.438833e-01
    outer loop
      vertex   8.470842e+01 -4.727519e+01 2.700643e+01
      vertex   6.436842e+01 -4.727519e+01 2.700643e+01
      vertex   8.470842e+01 -4.833200e+01 2.737623e+01
    endloop
  endfacet
  facet normal -2.120647e-16 3.302791e-01 9.438833e-01
    outer loop
      vertex   8.470842e+01 -4.727519e+01 2.700643e+01
      vertex   8.470842e+01 -4.833200e+01 2.737623e+01
      vertex   1.050484e+02 -4.833200e+01 2.737623e+01
    endloop
  endfacet
  facet normal -1.099323e-16 5.320321e-01 8.467242e-01
    outer loop
      vertex   1.050484e+02 -4.833200e+01 2.737623e+01
      vertex   8.470842e+01 -4.833200e+01 2.737623e+01
      vertex   1.050484e+02 -4.928003e+01 2.797192e+01
    endloop
  endfacet
  facet normal 1.462515e-16 5.320321e-01 8.467242e-01
    outer loop
      vertex   1.050484e+02 -4.833200e+01 2.737623e+01
      vertex   1.050484e+02 -4.928003e+01 2.797192e+01
      vertex   1.253884e+02 -4.928003e+01 2.797192e+01
    endloop
  endfacet
  facet normal 1.235078e-16 7.071068e-01 7.071068e-01
    outer loop
      vertex   1.253884e+02 -4.928003e+01 2.797192e+01
      vertex   1.050484e+02 -4.928003e+01 2.797192e+01
      vertex   1.253884e+02 -5.007174e+01 2.876362e+01
    endloop
  endfacet
  facet normal 3.705233e-16 7.071068e-01 7.071068e-01
    outer loop
      vertex   1.253884e+02 -5.007174e+01 2.876362e+01
      vertex   1.050484e+02 -4.928003e+01 2.797192e+01
      vertex   1.050484e+02 -5.007174e+01 2.876362e+01
    endloop
  endfacet
  facet normal 3.887166e-16 8.467242e-01 5.320321e-01
    outer loop
      vertex   1.253884e+02 -5.007174e+01 2.876362e+01
      vertex   1.050484e+02 -5.007174e+01 2.876362e+01
      vertex   1.253884e+02 -5.066743e+01 2.971165e+01
    endloop
  endfacet
  facet normal 3.887166e-16 8.467242e-01 5.320321e-01
    outer loop
      vertex   1.253884e+02 -5.066743e+01 2.971165e+01
      vertex   1.050484e+02 -5.007174e+01 2.876362e+01
      vertex   1.050484e+02 -5.066743e+01 2.971165e+01
    endloop
  endfacet
  facet normal 3.874180e-16 9.438833e-01 3.302791e-01
    outer loop
      vertex   1.253884e+02 -5.066743e+01 2.971165e+01
      vertex   1.050484e+02 -5.066743e+01 2.971165e+01
      vertex   1.253884e+02 -5.103722e+01 3.076847e+01
    endloop
  endfacet
  facet normal 3.874180e-16 9.438833e-01 3.302791e-01
    outer loop
      vertex   1.253884e+02 -5.103722e+01 3.076847e+01
      vertex   1.050484e+02 -5.066743e+01 2.971165e+01
      vertex   1.050484e+02 -5.103722e+01 3.076847e+01
    endloop
  endfacet
  facet normal 3.666926e-16 9.937122e-01 1.119645e-01
    outer loop
      vertex   1.253884e+02 -5.103722e+01 3.076847e+01
      vertex   1.050484e+02 -5.103722e+01 3.076847e+01
      vertex   1.253884e+02 -5.116258e+01 3.188107e+01
    endloop
  endfacet
  facet normal -1.950020e-17 9.937122e-01 1.119645e-01
    outer loop
      vertex   1.253884e+02 -5.116258e+01 3.188107e+01
      vertex   1.050484e+02 -5.103722e+01 3.076847e+01
      vertex   8.470842e+01 -5.103722e+01 3.076847e+01
    endloop
  endfacet
  facet normal 0.000000e+00 9.937122e-01 1.119645e-01
    outer loop
      vertex   1.253884e+02 -5.116258e+01 3.188107e+01
      vertex   8.470842e+01 -5.103722e+01 3.076847e+01
      vertex   6.436842e+01 -5.103722e+01 3.076847e+01
    endloop
  endfacet
  facet normal -0.000000e+00 9.438833e-01 3.302791e-01
    outer loop
      vertex   6.436842e+01 -5.103722e+01 3.076847e+01
      vertex   8.470842e+01 -5.103722e+01 3.076847e+01
      vertex   6.436842e+01 -5.066743e+01 2.971165e+01
    endloop
  endfacet
  facet normal 0.000000e+00 9.438833e-01 3.302791e-01
    outer loop
      vertex   6.436842e+01 -5.103722e+01 3.076847e+01
      vertex   6.436842e+01 -5.066743e+01 2.971165e+01
      vertex   4.402842e+01 -5.066743e+01 2.971165e+01
    endloop
  endfacet
  facet normal -0.000000e+00 8.467242e-01 5.320321e-01
    outer loop
      vertex   4.402842e+01 -5.066743e+01 2.971165e+01
      vertex   6.436842e+01 -5.066743e+01 2.971165e+01
      vertex   4.402842e+01 -5.007174e+01 2.876362e+01
    endloop
  endfacet
  facet normal 0.000000e+00 8.467242e-01 5.320321e-01
    outer loop
      vertex   4.402842e+01 -5.066743e+01 2.971165e+01
      vertex   4.402842e+01 -5.007174e+01 2.876362e+01
      vertex   2.368842e+01 -5.007174e+01 2.876362e+01
    endloop
  endfacet
  facet normal -0.000000e+00 7.071068e-01 7.071068e-01
    outer loop
      vertex   2.368842e+01 -5.007174e+01 2.876362e+01
      vertex   4.402842e+01 -5.007174e+01 2.876362e+01
      vertex   2.368842e+01 -4.928003e+01 2.797192e+01
    endloop
  endfacet
  facet normal -0.000000e+00 7.071068e-01 7.071068e-01
    outer loop
      vertex   2.368842e+01 -4.928003e+01 2.797192e+01
      vertex   4.402842e+01 -5.007174e+01 2.876362e+01
      vertex   4.402842e+01 -4.928003e+01 2.797192e+01
    endloop
  endfacet
  facet normal -0.000000e+00 5.320321e-01 8.467242e-01
    outer loop
      vertex   2.368842e+01 -4.928003e+01 2.797192e+01
      vertex   4.402842e+01 -4.928003e+01 2.797192e+01
      vertex   2.368842e+01 -4.833200e+01 2.737623e+01
    endloop
  endfacet
  facet normal -0.000000e+00 5.320321e-01 8.467242e-01
    outer loop
      vertex   2.368842e+01 -4.833200e+01 2.737623e+01
      vertex   4.402842e+01 -4.928003e+01 2.797192e+01
      vertex   4.402842e+01 -4.833200e+01 2.737623e+01
    endloop
  endfacet
  facet normal -0.000000e+00 3.302791e-01 9.438833e-01
    outer loop
      vertex   2.368842e+01 -4.833200e+01 2.737623e+01
      vertex   4.402842e+01 -4.833200e+01 2.737623e+01
      vertex   2.368842e+01 -4.727519e+01 2.700643e+01
    endloop
  endfacet
  facet normal -0.000000e+00 3.302791e-01 9.438833e-01
    outer loop
      vertex   2.368842e+01 -4.727519e+01 2.700643e+01
      vertex   4.402842e+01 -4.833200e+01 2.737623e+01
      vertex   4.402842e+01 -4.727519e+01 2.700643e+01
    endloop
  endfacet
  facet normal 0.000000e+00 8.467242e-01 5.320321e-01
    outer loop
      vertex   2.368842e+01 -5.007174e+01 2.876362e+01
      vertex   2.368842e+01 -5.066743e+01 2.971165e+01
      vertex   4.402842e+01 -5.066743e+01 2.971165e+01
    endloop
  endfacet
  facet normal 0.000000e+00 9.438833e-01 3.302791e-01
    outer loop
      vertex   4.402842e+01 -5.066743e+01 2.971165e+01
      vertex   2.368842e+01 -5.066743e+01 2.971165e+01
      vertex   4.402842e+01 -5.103722e+01 3.076847e+01
    endloop
  endfacet
  facet normal 3.290658e-16 9.438833e-01 3.302791e-01
    outer loop
      vertex   4.402842e+01 -5.066743e+01 2.971165e+01
      vertex   4.402842e+01 -5.103722e+01 3.076847e+01
      vertex   6.436842e+01 -5.103722e+01 3.076847e+01
    endloop
  endfacet
  facet normal 3.471362e-16 9.937122e-01 1.119645e-01
    outer loop
      vertex   6.436842e+01 -5.103722e+01 3.076847e+01
      vertex   4.402842e+01 -5.103722e+01 3.076847e+01
      vertex   2.368842e+01 -5.116258e+01 3.188107e+01
    endloop
  endfacet
  facet normal 0.000000e+00 9.937122e-01 1.119645e-01
    outer loop
      vertex   6.436842e+01 -5.103722e+01 3.076847e+01
      vertex   2.368842e+01 -5.116258e+01 3.188107e+01
      vertex   1.253884e+02 -5.116258e+01 3.188107e+01
    endloop
  endfacet
  facet normal -3.290658e-16 9.438833e-01 3.302791e-01
    outer loop
      vertex   2.368842e+01 -5.066743e+01 2.971165e+01
      vertex   2.368842e+01 -5.103722e+01 3.076847e+01
      vertex   4.402842e+01 -5.103722e+01 3.076847e+01
    endloop
  endfacet
  facet normal -3.471362e-16 9.937122e-01 1.119645e-01
    outer loop
      vertex   4.402842e+01 -5.103722e+01 3.076847e+01
      vertex   2.368842e+01 -5.103722e+01 3.076847e+01
      vertex   2.368842e+01 -5.116258e+01 3.188107e+01
    endloop
  endfacet
  facet normal 2.925030e-16 5.320321e-01 8.467242e-01
    outer loop
      vertex   1.253884e+02 -4.928003e+01 2.797192e+01
      vertex   1.253884e+02 -4.833200e+01 2.737623e+01
      vertex   1.050484e+02 -4.833200e+01 2.737623e+01
    endloop
  endfacet
  facet normal 3.297293e-16 3.302791e-01 9.438833e-01
    outer loop
      vertex   1.050484e+02 -4.833200e+01 2.737623e+01
      vertex   1.253884e+02 -4.833200e+01 2.737623e+01
      vertex   1.050484e+02 -4.727519e+01 2.700643e+01
    endloop
  endfacet
  facet normal 0.000000e+00 3.302791e-01 9.438833e-01
    outer loop
      vertex   1.050484e+02 -4.833200e+01 2.737623e+01
      vertex   1.050484e+02 -4.727519e+01 2.700643e+01
      vertex   8.470842e+01 -4.727519e+01 2.700643e+01
    endloop
  endfacet
  facet normal -0.000000e+00 1.119645e-01 9.937122e-01
    outer loop
      vertex   8.470842e+01 -4.727519e+01 2.700643e+01
      vertex   1.050484e+02 -4.727519e+01 2.700643e+01
      vertex   1.253884e+02 -4.616258e+01 2.688107e+01
    endloop
  endfacet
  facet normal 1.560016e-17 1.119645e-01 9.937122e-01
    outer loop
      vertex   8.470842e+01 -4.727519e+01 2.700643e+01
      vertex   1.253884e+02 -4.616258e+01 2.688107e+01
      vertex   2.368842e+01 -4.616258e+01 2.688107e+01
    endloop
  endfacet
  facet normal 0.000000e+00 3.302791e-01 9.438833e-01
    outer loop
      vertex   1.253884e+02 -4.833200e+01 2.737623e+01
      vertex   1.253884e+02 -4.727519e+01 2.700643e+01
      vertex   1.050484e+02 -4.727519e+01 2.700643e+01
    endloop
  endfacet
  facet normal -0.000000e+00 1.119645e-01 9.937122e-01
    outer loop
      vertex   1.050484e+02 -4.727519e+01 2.700643e+01
      vertex   1.253884e+02 -4.727519e+01 2.700643e+01
      vertex   1.253884e+02 -4.616258e+01 2.688107e+01
    endloop
  endfacet
  facet normal 0.000000e+00 3.302791e-01 9.438833e-01
    outer loop
      vertex   6.436842e+01 -4.727519e+01 2.700643e+01
      vertex   4.402842e+01 -4.727519e+01 2.700643e+01
      vertex   6.436842e+01 -4.833200e+01 2.737623e+01
    endloop
  endfacet
  facet normal 0.000000e+00 3.302791e-01 9.438833e-01
    outer loop
      vertex   6.436842e+01 -4.833200e+01 2.737623e+01
      vertex   4.402842e+01 -4.727519e+01 2.700643e+01
      vertex   4.402842e+01 -4.833200e+01 2.737623e+01
    endloop
  endfacet
  facet normal 0.000000e+00 5.320321e-01 8.467242e-01
    outer loop
      vertex   6.436842e+01 -4.833200e+01 2.737623e+01
      vertex   4.402842e+01 -4.833200e+01 2.737623e+01
      vertex   6.436842e+01 -4.928003e+01 2.797192e+01
    endloop
  endfacet
  facet normal 0.000000e+00 5.320321e-01 8.467242e-01
    outer loop
      vertex   6.436842e+01 -4.928003e+01 2.797192e+01
      vertex   4.402842e+01 -4.833200e+01 2.737623e+01
      vertex   4.402842e+01 -4.928003e+01 2.797192e+01
    endloop
  endfacet
  facet normal 0.000000e+00 7.071068e-01 7.071068e-01
    outer loop
      vertex   6.436842e+01 -4.928003e+01 2.797192e+01
      vertex   4.402842e+01 -4.928003e+01 2.797192e+01
      vertex   6.436842e+01 -5.007174e+01 2.876362e+01
    endloop
  endfacet
  facet normal -1.235078e-16 7.071068e-01 7.071068e-01
    outer loop
      vertex   6.436842e+01 -5.007174e+01 2.876362e+01
      vertex   4.402842e+01 -4.928003e+01 2.797192e+01
      vertex   4.402842e+01 -5.007174e+01 2.876362e+01
    endloop
  endfacet
  facet normal -9.292810e-17 8.467242e-01 5.320321e-01
    outer loop
      vertex   6.436842e+01 -5.007174e+01 2.876362e+01
      vertex   4.402842e+01 -5.007174e+01 2.876362e+01
      vertex   6.436842e+01 -5.066743e+01 2.971165e+01
    endloop
  endfacet
  facet normal 0.000000e+00 3.302791e-01 9.438833e-01
    outer loop
      vertex   6.436842e+01 -4.727519e+01 2.700643e+01
      vertex   6.436842e+01 -4.833200e+01 2.737623e+01
      vertex   8.470842e+01 -4.833200e+01 2.737623e+01
    endloop
  endfacet
  facet normal 0.000000e+00 5.320321e-01 8.467242e-01
    outer loop
      vertex   8.470842e+01 -4.833200e+01 2.737623e+01
      vertex   6.436842e+01 -4.833200e+01 2.737623e+01
      vertex   8.470842e+01 -4.928003e+01 2.797192e+01
    endloop
  endfacet
  facet normal -1.462515e-16 5.320321e-01 8.467242e-01
    outer loop
      vertex   8.470842e+01 -4.833200e+01 2.737623e+01
      vertex   8.470842e+01 -4.928003e+01 2.797192e+01
      vertex   1.050484e+02 -4.928003e+01 2.797192e+01
    endloop
  endfacet
  facet normal -1.235078e-16 7.071068e-01 7.071068e-01
    outer loop
      vertex   1.050484e+02 -4.928003e+01 2.797192e+01
      vertex   8.470842e+01 -4.928003e+01 2.797192e+01
      vertex   1.050484e+02 -5.007174e+01 2.876362e+01
    endloop
  endfacet
  facet normal 1.858562e-16 5.320321e-01 8.467242e-01
    outer loop
      vertex   8.470842e+01 -4.928003e+01 2.797192e+01
      vertex   6.436842e+01 -4.833200e+01 2.737623e+01
      vertex   6.436842e+01 -4.928003e+01 2.797192e+01
    endloop
  endfacet
  facet normal 2.470155e-16 7.071068e-01 7.071068e-01
    outer loop
      vertex   8.470842e+01 -4.928003e+01 2.797192e+01
      vertex   6.436842e+01 -4.928003e+01 2.797192e+01
      vertex   8.470842e+01 -5.007174e+01 2.876362e+01
    endloop
  endfacet
  facet normal 0.000000e+00 7.071068e-01 7.071068e-01
    outer loop
      vertex   8.470842e+01 -5.007174e+01 2.876362e+01
      vertex   6.436842e+01 -4.928003e+01 2.797192e+01
      vertex   6.436842e+01 -5.007174e+01 2.876362e+01
    endloop
  endfacet
  facet normal 0.000000e+00 8.467242e-01 5.320321e-01
    outer loop
      vertex   8.470842e+01 -5.007174e+01 2.876362e+01
      vertex   6.436842e+01 -5.007174e+01 2.876362e+01
      vertex   8.470842e+01 -5.066743e+01 2.971165e+01
    endloop
  endfacet
  facet normal 0.000000e+00 8.467242e-01 5.320321e-01
    outer loop
      vertex   8.470842e+01 -5.066743e+01 2.971165e+01
      vertex   6.436842e+01 -5.007174e+01 2.876362e+01
      vertex   6.436842e+01 -5.066743e+01 2.971165e+01
    endloop
  endfacet
  facet normal 0.000000e+00 9.438833e-01 3.302791e-01
    outer loop
      vertex   8.470842e+01 -5.066743e+01 2.971165e+01
      vertex   6.436842e+01 -5.066743e+01 2.971165e+01
      vertex   8.470842e+01 -5.103722e+01 3.076847e+01
    endloop
  endfacet
  facet normal 0.000000e+00 8.467242e-01 5.320321e-01
    outer loop
      vertex   1.050484e+02 -5.066743e+01 2.971165e+01
      vertex   1.050484e+02 -5.007174e+01 2.876362e+01
      vertex   8.470842e+01 -5.007174e+01 2.876362e+01
    endloop
  endfacet
  facet normal -0.000000e+00 7.071068e-01 7.071068e-01
    outer loop
      vertex   8.470842e+01 -5.007174e+01 2.876362e+01
      vertex   1.050484e+02 -5.007174e+01 2.876362e+01
      vertex   8.470842e+01 -4.928003e+01 2.797192e+01
    endloop
  endfacet
  facet normal -9.292810e-17 8.467242e-01 5.320321e-01
    outer loop
      vertex   1.050484e+02 -5.066743e+01 2.971165e+01
      vertex   8.470842e+01 -5.007174e+01 2.876362e+01
      vertex   8.470842e+01 -5.066743e+01 2.971165e+01
    endloop
  endfacet
  facet normal -5.606307e-17 9.438833e-01 3.302791e-01
    outer loop
      vertex   1.050484e+02 -5.103722e+01 3.076847e+01
      vertex   1.050484e+02 -5.066743e+01 2.971165e+01
      vertex   8.470842e+01 -5.066743e+01 2.971165e+01
    endloop
  endfacet
  facet normal -5.768864e-17 9.438833e-01 3.302791e-01
    outer loop
      vertex   1.050484e+02 -5.103722e+01 3.076847e+01
      vertex   8.470842e+01 -5.066743e+01 2.971165e+01
      vertex   8.470842e+01 -5.103722e+01 3.076847e+01
    endloop
  endfacet
  facet normal -0.000000e+00 -1.000000e+00 -0.000000e+00
    outer loop
      vertex   1.273884e+02 -5.516258e+01 2.688107e+01
      vertex   2.168842e+01 -5.516258e+01 2.688107e+01
      vertex   1.273884e+02 -5.516258e+01 2.088107e+01
    endloop
  endfacet
  facet normal 0.000000e+00 -1.000000e+00 0.000000e+00
    outer loop
      vertex   1.273884e+02 -5.516258e+01 2.088107e+01
      vertex   2.168842e+01 -5.516258e+01 2.688107e+01
      vertex   2.168842e+01 -5.516258e+01 2.088107e+01
    endloop
  endfacet
  facet normal -0.000000e+00 -1.000000e+00 0.000000e+00
    outer loop
      vertex   1.273884e+02 -5.516258e+01 2.088107e+01
      vertex   2.168842e+01 -5.516258e+01 2.088107e+01
      vertex   1.263884e+02 -5.516258e+01 1.988107e+01
    endloop
  endfacet
  facet normal 0.000000e+00 -1.000000e+00 0.000000e+00
    outer loop
      vertex   1.263884e+02 -5.516258e+01 1.988107e+01
      vertex   2.168842e+01 -5.516258e+01 2.088107e+01
      vertex   2.268842e+01 -5.516258e+01 1.988107e+01
    endloop
  endfacet
  facet normal 0.000000e+00 0.000000e+00 1.000000e+00
    outer loop
      vertex   2.168842e+01 -5.516258e+01 2.688107e+01
      vertex   1.273884e+02 -5.516258e+01 2.688107e+01
      vertex   2.175657e+01 -5.464495e+01 2.688107e+01
    endloop
  endfacet
  facet normal -0.000000e+00 0.000000e+00 1.000000e+00
    outer loop
      vertex   2.175657e+01 -5.464495e+01 2.688107e+01
      vertex   1.273884e+02 -5.516258e+01 2.688107e+01
      vertex   1.273203e+02 -5.464495e+01 2.688107e+01
    endloop
  endfacet
  facet normal 0.000000e+00 0.000000e+00 1.000000e+00
    outer loop
      vertex   2.175657e+01 -5.464495e+01 2.688107e+01
      vertex   1.273203e+02 -5.464495e+01 2.688107e+01
      vertex   2.195637e+01 -5.416258e+01 2.688107e+01
    endloop
  endfacet
  facet normal -0.000000e+00 0.000000e+00 1.000000e+00
    outer loop
      vertex   2.195637e+01 -5.416258e+01 2.688107e+01
      vertex   1.273203e+02 -5.464495e+01 2.688107e+01
      vertex   1.271205e+02 -5.416258e+01 2.688107e+01
    endloop
  endfacet
  facet normal 0.000000e+00 0.000000e+00 1.000000e+00
    outer loop
      vertex   2.195637e+01 -5.416258e+01 2.688107e+01
      vertex   1.271205e+02 -5.416258e+01 2.688107e+01
      vertex   2.227421e+01 -5.374837e+01 2.688107e+01
    endloop
  endfacet
  facet normal -0.000000e+00 0.000000e+00 1.000000e+00
    outer loop
      vertex   2.227421e+01 -5.374837e+01 2.688107e+01
      vertex   1.271205e+02 -5.416258e+01 2.688107e+01
      vertex   1.268026e+02 -5.374837e+01 2.688107e+01
    endloop
  endfacet
  facet normal 0.000000e+00 0.000000e+00 1.000000e+00
    outer loop
      vertex   2.227421e+01 -5.374837e+01 2.688107e+01
      vertex   1.268026e+02 -5.374837e+01 2.688107e+01
      vertex   2.268842e+01 -5.343053e+01 2.688107e+01
    endloop
  endfacet
  facet normal -0.000000e+00 0.000000e+00 1.000000e+00
    outer loop
      vertex   2.268842e+01 -5.343053e+01 2.688107e+01
      vertex   1.268026e+02 -5.374837e+01 2.688107e+01
      vertex   1.263884e+02 -5.343053e+01 2.688107e+01
    endloop
  endfacet
  facet normal 0.000000e+00 0.000000e+00 1.000000e+00
    outer loop
      vertex   2.268842e+01 -5.343053e+01 2.688107e+01
      vertex   1.263884e+02 -5.343053e+01 2.688107e+01
      vertex   2.317078e+01 -5.323073e+01 2.688107e+01
    endloop
  endfacet
  facet normal -0.000000e+00 0.000000e+00 1.000000e+00
    outer loop
      vertex   2.317078e+01 -5.323073e+01 2.688107e+01
      vertex   1.263884e+02 -5.343053e+01 2.688107e+01
      vertex   1.259061e+02 -5.323073e+01 2.688107e+01
    endloop
  endfacet
  facet normal 0.000000e+00 0.000000e+00 1.000000e+00
    outer loop
      vertex   2.317078e+01 -5.323073e+01 2.688107e+01
      vertex   1.259061e+02 -5.323073e+01 2.688107e+01
      vertex   2.368842e+01 -5.316258e+01 2.688107e+01
    endloop
  endfacet
  facet normal -0.000000e+00 0.000000e+00 1.000000e+00
    outer loop
      vertex   2.368842e+01 -5.316258e+01 2.688107e+01
      vertex   1.259061e+02 -5.323073e+01 2.688107e+01
      vertex   1.253884e+02 -5.316258e+01 2.688107e+01
    endloop
  endfacet
  facet normal 9.937122e-01 1.119645e-01 -1.464452e-15
    outer loop
      vertex   1.292881e+02 -5.427250e+01 3.188107e+01
      vertex   1.292881e+02 -5.427250e+01 5.116679e+01
      vertex   1.293884e+02 -5.516258e+01 3.188107e+01
    endloop
  endfacet
  facet normal 9.937122e-01 1.119645e-01 0.000000e+00
    outer loop
      vertex   1.293884e+02 -5.516258e+01 3.188107e+01
      vertex   1.292881e+02 -5.427250e+01 5.116679e+01
      vertex   1.292881e+02 -5.427250e+01 7.045250e+01
    endloop
  endfacet
  facet normal 9.937122e-01 1.119645e-01 0.000000e+00
    outer loop
      vertex   1.293884e+02 -5.516258e+01 3.188107e+01
      vertex   1.292881e+02 -5.427250e+01 7.045250e+01
      vertex   1.292881e+02 -5.427250e+01 8.973822e+01
    endloop
  endfacet
  facet normal 9.438833e-01 3.302791e-01 0.000000e+00
    outer loop
      vertex   1.292881e+02 -5.427250e+01 8.973822e+01
      vertex   1.292881e+02 -5.427250e+01 7.045250e+01
      vertex   1.289923e+02 -5.342705e+01 8.973822e+01
    endloop
  endfacet
  facet normal 9.438833e-01 3.302791e-01 1.221119e-16
    outer loop
      vertex   1.292881e+02 -5.427250e+01 8.973822e+01
      vertex   1.289923e+02 -5.342705e+01 8.973822e+01
      vertex   1.289923e+02 -5.342705e+01 1.090239e+02
    endloop
  endfacet
  facet normal 8.467242e-01 5.320321e-01 1.960163e-16
    outer loop
      vertex   1.289923e+02 -5.342705e+01 1.090239e+02
      vertex   1.289923e+02 -5.342705e+01 8.973822e+01
      vertex   1.285157e+02 -5.266863e+01 1.090239e+02
    endloop
  endfacet
  facet normal 8.467242e-01 5.320321e-01 0.000000e+00
    outer loop
      vertex   1.289923e+02 -5.342705e+01 1.090239e+02
      vertex   1.285157e+02 -5.266863e+01 1.090239e+02
      vertex   1.285157e+02 -5.266863e+01 1.283096e+02
    endloop
  endfacet
  facet normal 7.071068e-01 7.071068e-01 0.000000e+00
    outer loop
      vertex   1.285157e+02 -5.266863e+01 1.283096e+02
      vertex   1.285157e+02 -5.266863e+01 1.090239e+02
      vertex   1.278824e+02 -5.203526e+01 1.283096e+02
    endloop
  endfacet
  facet normal 7.071068e-01 7.071068e-01 0.000000e+00
    outer loop
      vertex   1.285157e+02 -5.266863e+01 1.283096e+02
      vertex   1.278824e+02 -5.203526e+01 1.283096e+02
      vertex   1.278824e+02 -5.203526e+01 1.475954e+02
    endloop
  endfacet
  facet normal 5.320321e-01 8.467242e-01 0.000000e+00
    outer loop
      vertex   1.278824e+02 -5.203526e+01 1.475954e+02
      vertex   1.278824e+02 -5.203526e+01 1.283096e+02
      vertex   1.271240e+02 -5.155871e+01 1.475954e+02
    endloop
  endfacet
  facet normal 5.320321e-01 8.467242e-01 0.000000e+00
    outer loop
      vertex   1.278824e+02 -5.203526e+01 1.475954e+02
      vertex   1.271240e+02 -5.155871e+01 1.475954e+02
      vertex   1.271240e+02 -5.155871e+01 1.668811e+02
    endloop
  endfacet
  facet normal 3.302791e-01 9.438833e-01 0.000000e+00
    outer loop
      vertex   1.271240e+02 -5.155871e+01 1.668811e+02
      vertex   1.271240e+02 -5.155871e+01 1.475954e+02
      vertex   1.262785e+02 -5.126287e+01 1.668811e+02
    endloop
  endfacet
  facet normal 3.302791e-01 9.438833e-01 3.477545e-16
    outer loop
      vertex   1.262785e+02 -5.126287e+01 1.668811e+02
      vertex   1.271240e+02 -5.155871e+01 1.475954e+02
      vertex   1.262785e+02 -5.126287e+01 1.475954e+02
    endloop
  endfacet
  facet normal 1.119645e-01 9.937122e-01 3.661130e-16
    outer loop
      vertex   1.262785e+02 -5.126287e+01 1.668811e+02
      vertex   1.262785e+02 -5.126287e+01 1.475954e+02
      vertex   1.253884e+02 -5.116258e+01 1.668811e+02
    endloop
  endfacet
  facet normal 1.119645e-01 9.937122e-01 0.000000e+00
    outer loop
      vertex   1.253884e+02 -5.116258e+01 1.668811e+02
      vertex   1.262785e+02 -5.126287e+01 1.475954e+02
      vertex   1.262785e+02 -5.126287e+01 1.283096e+02
    endloop
  endfacet
  facet normal 1.119645e-01 9.937122e-01 0.000000e+00
    outer loop
      vertex   1.253884e+02 -5.116258e+01 1.668811e+02
      vertex   1.262785e+02 -5.126287e+01 1.283096e+02
      vertex   1.262785e+02 -5.126287e+01 1.090239e+02
    endloop
  endfacet
  facet normal 3.302791e-01 9.438833e-01 -0.000000e+00
    outer loop
      vertex   1.262785e+02 -5.126287e+01 1.090239e+02
      vertex   1.262785e+02 -5.126287e+01 1.283096e+02
      vertex   1.271240e+02 -5.155871e+01 1.090239e+02
    endloop
  endfacet
  facet normal 3.302791e-01 9.438833e-01 0.000000e+00
    outer loop
      vertex   1.262785e+02 -5.126287e+01 1.090239e+02
      vertex   1.271240e+02 -5.155871e+01 1.090239e+02
      vertex   1.271240e+02 -5.155871e+01 8.973822e+01
    endloop
  endfacet
  facet normal 5.320321e-01 8.467242e-01 -0.000000e+00
    outer loop
      vertex   1.271240e+02 -5.155871e+01 8.973822e+01
      vertex   1.271240e+02 -5.155871e+01 1.090239e+02
      vertex   1.278824e+02 -5.203526e+01 8.973822e+01
    endloop
  endfacet
  facet normal 5.320321e-01 8.467242e-01 0.000000e+00
    outer loop
      vertex   1.271240e+02 -5.155871e+01 8.973822e+01
      vertex   1.278824e+02 -5.203526e+01 8.973822e+01
      vertex   1.278824e+02 -5.203526e+01 7.045250e+01
    endloop
  endfacet
  facet normal 7.071068e-01 7.071068e-01 -0.000000e+00
    outer loop
      vertex   1.278824e+02 -5.203526e+01 7.045250e+01
      vertex   1.278824e+02 -5.203526e+01 8.973822e+01
      vertex   1.285157e+02 -5.266863e+01 7.045250e+01
    endloop
  endfacet
  facet normal 7.071068e-01 7.071068e-01 -2.602911e-16
    outer loop
      vertex   1.278824e+02 -5.203526e+01 7.045250e+01
      vertex   1.285157e+02 -5.266863e+01 7.045250e+01
      vertex   1.285157e+02 -5.266863e+01 5.116679e+01
    endloop
  endfacet
  facet normal 8.467242e-01 5.320321e-01 -1.960163e-16
    outer loop
      vertex   1.285157e+02 -5.266863e+01 5.116679e+01
      vertex   1.285157e+02 -5.266863e+01 7.045250e+01
      vertex   1.289923e+02 -5.342705e+01 5.116679e+01
    endloop
  endfacet
  facet normal 8.467242e-01 5.320321e-01 0.000000e+00
    outer loop
      vertex   1.285157e+02 -5.266863e+01 5.116679e+01
      vertex   1.289923e+02 -5.342705e+01 5.116679e+01
      vertex   1.289923e+02 -5.342705e+01 3.188107e+01
    endloop
  endfacet
  facet normal 9.438833e-01 3.302791e-01 -0.000000e+00
    outer loop
      vertex   1.289923e+02 -5.342705e+01 3.188107e+01
      vertex   1.289923e+02 -5.342705e+01 5.116679e+01
      vertex   1.292881e+02 -5.427250e+01 3.188107e+01
    endloop
  endfacet
  facet normal 9.438833e-01 3.302791e-01 -1.391018e-15
    outer loop
      vertex   1.292881e+02 -5.427250e+01 3.188107e+01
      vertex   1.289923e+02 -5.342705e+01 5.116679e+01
      vertex   1.292881e+02 -5.427250e+01 5.116679e+01
    endloop
  endfacet
  facet normal 8.467242e-01 5.320321e-01 0.000000e+00
    outer loop
      vertex   1.289923e+02 -5.342705e+01 3.188107e+01
      vertex   1.285157e+02 -5.266863e+01 3.188107e+01
      vertex   1.285157e+02 -5.266863e+01 5.116679e+01
    endloop
  endfacet
  facet normal 7.071068e-01 7.071068e-01 0.000000e+00
    outer loop
      vertex   1.285157e+02 -5.266863e+01 5.116679e+01
      vertex   1.285157e+02 -5.266863e+01 3.188107e+01
      vertex   1.278824e+02 -5.203526e+01 5.116679e+01
    endloop
  endfacet
  facet normal 7.071068e-01 7.071068e-01 0.000000e+00
    outer loop
      vertex   1.285157e+02 -5.266863e+01 5.116679e+01
      vertex   1.278824e+02 -5.203526e+01 5.116679e+01
      vertex   1.278824e+02 -5.203526e+01 7.045250e+01
    endloop
  endfacet
  facet normal 5.320321e-01 8.467242e-01 0.000000e+00
    outer loop
      vertex   1.278824e+02 -5.203526e+01 7.045250e+01
      vertex   1.278824e+02 -5.203526e+01 5.116679e+01
      vertex   1.271240e+02 -5.155871e+01 7.045250e+01
    endloop
  endfacet
  facet normal 5.320321e-01 8.467242e-01 -3.920434e-16
    outer loop
      vertex   1.278824e+02 -5.203526e+01 7.045250e+01
      vertex   1.271240e+02 -5.155871e+01 7.045250e+01
      vertex   1.271240e+02 -5.155871e+01 8.973822e+01
    endloop
  endfacet
  facet normal 3.302791e-01 9.438833e-01 -2.433691e-16
    outer loop
      vertex   1.271240e+02 -5.155871e+01 8.973822e+01
      vertex   1.271240e+02 -5.155871e+01 7.045250e+01
      vertex   1.262785e+02 -5.126287e+01 8.973822e+01
    endloop
  endfacet
  facet normal 3.302791e-01 9.438833e-01 0.000000e+00
    outer loop
      vertex   1.271240e+02 -5.155871e+01 8.973822e+01
      vertex   1.262785e+02 -5.126287e+01 8.973822e+01
      vertex   1.262785e+02 -5.126287e+01 1.090239e+02
    endloop
  endfacet
  facet normal 1.119645e-01 9.937122e-01 0.000000e+00
    outer loop
      vertex   1.262785e+02 -5.126287e+01 1.090239e+02
      vertex   1.262785e+02 -5.126287e+01 8.973822e+01
      vertex   1.253884e+02 -5.116258e+01 1.668811e+02
    endloop
  endfacet
  facet normal 7.071068e-01 7.071068e-01 0.000000e+00
    outer loop
      vertex   1.285157e+02 -5.266863e+01 3.188107e+01
      vertex   1.278824e+02 -5.203526e+01 3.188107e+01
      vertex   1.278824e+02 -5.203526e+01 5.116679e+01
    endloop
  endfacet
  facet normal 5.320321e-01 8.467242e-01 0.000000e+00
    outer loop
      vertex   1.278824e+02 -5.203526e+01 5.116679e+01
      vertex   1.278824e+02 -5.203526e+01 3.188107e+01
      vertex   1.271240e+02 -5.155871e+01 5.116679e+01
    endloop
  endfacet
  facet normal 5.320321e-01 8.467242e-01 3.117066e-16
    outer loop
      vertex   1.278824e+02 -5.203526e+01 5.116679e+01
      vertex   1.271240e+02 -5.155871e+01 5.116679e+01
      vertex   1.271240e+02 -5.155871e+01 7.045250e+01
    endloop
  endfacet
  facet normal 3.302791e-01 9.438833e-01 3.477545e-16
    outer loop
      vertex   1.271240e+02 -5.155871e+01 7.045250e+01
      vertex   1.271240e+02 -5.155871e+01 5.116679e+01
      vertex   1.262785e+02 -5.126287e+01 7.045250e+01
    endloop
  endfacet
  facet normal 3.302791e-01 9.438833e-01 0.000000e+00
    outer loop
      vertex   1.271240e+02 -5.155871e+01 7.045250e+01
      vertex   1.262785e+02 -5.126287e+01 7.045250e+01
      vertex   1.262785e+02 -5.126287e+01 8.973822e+01
    endloop
  endfacet
  facet normal 1.119645e-01 9.937122e-01 0.000000e+00
    outer loop
      vertex   1.262785e+02 -5.126287e+01 8.973822e+01
      vertex   1.262785e+02 -5.126287e+01 7.045250e+01
      vertex   1.253884e+02 -5.116258e+01 3.188107e+01
    endloop
  endfacet
  facet normal 1.119645e-01 9.937122e-01 0.000000e+00
    outer loop
      vertex   1.262785e+02 -5.126287e+01 8.973822e+01
      vertex   1.253884e+02 -5.116258e+01 3.188107e+01
      vertex   1.253884e+02 -5.116258e+01 1.668811e+02
    endloop
  endfacet
  facet normal 5.320321e-01 8.467242e-01 -3.117066e-16
    outer loop
      vertex   1.278824e+02 -5.203526e+01 3.188107e+01
      vertex   1.271240e+02 -5.155871e+01 3.188107e+01
      vertex   1.271240e+02 -5.155871e+01 5.116679e+01
    endloop
  endfacet
  facet normal 3.302791e-01 9.438833e-01 -3.477545e-16
    outer loop
      vertex   1.271240e+02 -5.155871e+01 5.116679e+01
      vertex   1.271240e+02 -5.155871e+01 3.188107e+01
      vertex   1.262785e+02 -5.126287e+01 5.116679e+01
    endloop
  endfacet
  facet normal 3.302791e-01 9.438833e-01 0.000000e+00
    outer loop
      vertex   1.271240e+02 -5.155871e+01 5.116679e+01
      vertex   1.262785e+02 -5.126287e+01 5.116679e+01
      vertex   1.262785e+02 -5.126287e+01 7.045250e+01
    endloop
  endfacet
  facet normal 1.119645e-01 9.937122e-01 0.000000e+00
    outer loop
      vertex   1.262785e+02 -5.126287e+01 7.045250e+01
      vertex   1.262785e+02 -5.126287e+01 5.116679e+01
      vertex   1.253884e+02 -5.116258e+01 3.188107e+01
    endloop
  endfacet
  facet normal 3.302791e-01 9.438833e-01 0.000000e+00
    outer loop
      vertex   1.271240e+02 -5.155871e+01 3.188107e+01
      vertex   1.262785e+02 -5.126287e+01 3.188107e+01
      vertex   1.262785e+02 -5.126287e+01 5.116679e+01
    endloop
  endfacet
  facet normal 1.119645e-01 9.937122e-01 0.000000e+00
    outer loop
      vertex   1.262785e+02 -5.126287e+01 5.116679e+01
      vertex   1.262785e+02 -5.126287e+01 3.188107e+01
      vertex   1.253884e+02 -5.116258e+01 3.188107e+01
    endloop
  endfacet
  facet normal 5.320321e-01 8.467242e-01 0.000000e+00
    outer loop
      vertex   1.271240e+02 -5.155871e+01 1.668811e+02
      vertex   1.278824e+02 -5.203526e+01 1.668811e+02
      vertex   1.278824e+02 -5.203526e+01 1.475954e+02
    endloop
  endfacet
  facet normal 7.071068e-01 7.071068e-01 -0.000000e+00
    outer loop
      vertex   1.278824e+02 -5.203526e+01 1.475954e+02
      vertex   1.278824e+02 -5.203526e+01 1.668811e+02
      vertex   1.285157e+02 -5.266863e+01 1.475954e+02
    endloop
  endfacet
  facet normal 7.071068e-01 7.071068e-01 0.000000e+00
    outer loop
      vertex   1.278824e+02 -5.203526e+01 1.475954e+02
      vertex   1.285157e+02 -5.266863e+01 1.475954e+02
      vertex   1.285157e+02 -5.266863e+01 1.283096e+02
    endloop
  endfacet
  facet normal 8.467242e-01 5.320321e-01 -0.000000e+00
    outer loop
      vertex   1.285157e+02 -5.266863e+01 1.283096e+02
      vertex   1.285157e+02 -5.266863e+01 1.475954e+02
      vertex   1.289923e+02 -5.342705e+01 1.283096e+02
    endloop
  endfacet
  facet normal 8.467242e-01 5.320321e-01 0.000000e+00
    outer loop
      vertex   1.285157e+02 -5.266863e+01 1.283096e+02
      vertex   1.289923e+02 -5.342705e+01 1.283096e+02
      vertex   1.289923e+02 -5.342705e+01 1.090239e+02
    endloop
  endfacet
  facet normal 9.438833e-01 3.302791e-01 -0.000000e+00
    outer loop
      vertex   1.289923e+02 -5.342705e+01 1.090239e+02
      vertex   1.289923e+02 -5.342705e+01 1.283096e+02
      vertex   1.292881e+02 -5.427250e+01 1.090239e+02
    endloop
  endfacet
  facet normal 9.438833e-01 3.302791e-01 0.000000e+00
    outer loop
      vertex   1.289923e+02 -5.342705e+01 1.090239e+02
      vertex   1.292881e+02 -5.427250e+01 1.090239e+02
      vertex   1.292881e+02 -5.427250e+01 8.973822e+01
    endloop
  endfacet
  facet normal 9.937122e-01 1.119645e-01 -0.000000e+00
    outer loop
      vertex   1.292881e+02 -5.427250e+01 8.973822e+01
      vertex   1.292881e+02 -5.427250e+01 1.090239e+02
      vertex   1.293884e+02 -5.516258e+01 3.188107e+01
    endloop
  endfacet
  facet normal 7.071068e-01 7.071068e-01 0.000000e+00
    outer loop
      vertex   1.278824e+02 -5.203526e+01 1.668811e+02
      vertex   1.285157e+02 -5.266863e+01 1.668811e+02
      vertex   1.285157e+02 -5.266863e+01 1.475954e+02
    endloop
  endfacet
  facet normal 8.467242e-01 5.320321e-01 -0.000000e+00
    outer loop
      vertex   1.285157e+02 -5.266863e+01 1.475954e+02
      vertex   1.285157e+02 -5.266863e+01 1.668811e+02
      vertex   1.289923e+02 -5.342705e+01 1.475954e+02
    endloop
  endfacet
  facet normal 8.467242e-01 5.320321e-01 0.000000e+00
    outer loop
      vertex   1.285157e+02 -5.266863e+01 1.475954e+02
      vertex   1.289923e+02 -5.342705e+01 1.475954e+02
      vertex   1.289923e+02 -5.342705e+01 1.283096e+02
    endloop
  endfacet
  facet normal 9.438833e-01 3.302791e-01 -0.000000e+00
    outer loop
      vertex   1.289923e+02 -5.342705e+01 1.283096e+02
      vertex   1.289923e+02 -5.342705e+01 1.475954e+02
      vertex   1.292881e+02 -5.427250e+01 1.283096e+02
    endloop
  endfacet
  facet normal 9.438833e-01 3.302791e-01 1.221119e-16
    outer loop
      vertex   1.289923e+02 -5.342705e+01 1.283096e+02
      vertex   1.292881e+02 -5.427250e+01 1.283096e+02
      vertex   1.292881e+02 -5.427250e+01 1.090239e+02
    endloop
  endfacet
  facet normal 9.937122e-01 1.119645e-01 4.125102e-17
    outer loop
      vertex   1.292881e+02 -5.427250e+01 1.090239e+02
      vertex   1.292881e+02 -5.427250e+01 1.283096e+02
      vertex   1.293884e+02 -5.516258e+01 1.668811e+02
    endloop
  endfacet
  facet normal 9.937122e-01 1.119645e-01 0.000000e+00
    outer loop
      vertex   1.292881e+02 -5.427250e+01 1.090239e+02
      vertex   1.293884e+02 -5.516258e+01 1.668811e+02
      vertex   1.293884e+02 -5.516258e+01 3.188107e+01
    endloop
  endfacet
  facet normal 8.467242e-01 5.320321e-01 0.000000e+00
    outer loop
      vertex   1.285157e+02 -5.266863e+01 1.668811e+02
      vertex   1.289923e+02 -5.342705e+01 1.668811e+02
      vertex   1.289923e+02 -5.342705e+01 1.475954e+02
    endloop
  endfacet
  facet normal 9.438833e-01 3.302791e-01 -0.000000e+00
    outer loop
      vertex   1.289923e+02 -5.342705e+01 1.475954e+02
      vertex   1.289923e+02 -5.342705e+01 1.668811e+02
      vertex   1.292881e+02 -5.427250e+01 1.475954e+02
    endloop
  endfacet
  facet normal 9.438833e-01 3.302791e-01 0.000000e+00
    outer loop
      vertex   1.289923e+02 -5.342705e+01 1.475954e+02
      vertex   1.292881e+02 -5.427250e+01 1.475954e+02
      vertex   1.292881e+02 -5.427250e+01 1.283096e+02
    endloop
  endfacet
  facet normal 9.937122e-01 1.119645e-01 -0.000000e+00
    outer loop
      vertex   1.292881e+02 -5.427250e+01 1.283096e+02
      vertex   1.292881e+02 -5.427250e+01 1.475954e+02
      vertex   1.293884e+02 -5.516258e+01 1.668811e+02
    endloop
  endfacet
  facet normal 9.438833e-01 3.302791e-01 0.000000e+00
    outer loop
      vertex   1.289923e+02 -5.342705e+01 1.668811e+02
      vertex   1.292881e+02 -5.427250e+01 1.668811e+02
      vertex   1.292881e+02 -5.427250e+01 1.475954e+02
    endloop
  endfacet
  facet normal 9.937122e-01 1.119645e-01 -0.000000e+00
    outer loop
      vertex   1.292881e+02 -5.427250e+01 1.475954e+02
      vertex   1.292881e+02 -5.427250e+01 1.668811e+02
      vertex   1.293884e+02 -5.516258e+01 1.668811e+02
    endloop
  endfacet
  facet normal 9.438833e-01 3.302791e-01 0.000000e+00
    outer loop
      vertex   1.292881e+02 -5.427250e+01 7.045250e+01
      vertex   1.292881e+02 -5.427250e+01 5.116679e+01
      vertex   1.289923e+02 -5.342705e+01 7.045250e+01
    endloop
  endfacet
  facet normal 9.438833e-01 3.302791e-01 0.000000e+00
    outer loop
      vertex   1.289923e+02 -5.342705e+01 7.045250e+01
      vertex   1.292881e+02 -5.427250e+01 5.116679e+01
      vertex   1.289923e+02 -5.342705e+01 5.116679e+01
    endloop
  endfacet
  facet normal 8.467242e-01 5.320321e-01 0.000000e+00
    outer loop
      vertex   1.289923e+02 -5.342705e+01 7.045250e+01
      vertex   1.289923e+02 -5.342705e+01 5.116679e+01
      vertex   1.285157e+02 -5.266863e+01 7.045250e+01
    endloop
  endfacet
  facet normal 9.438833e-01 3.302791e-01 0.000000e+00
    outer loop
      vertex   1.292881e+02 -5.427250e+01 7.045250e+01
      vertex   1.289923e+02 -5.342705e+01 7.045250e+01
      vertex   1.289923e+02 -5.342705e+01 8.973822e+01
    endloop
  endfacet
  facet normal 8.467242e-01 5.320321e-01 0.000000e+00
    outer loop
      vertex   1.289923e+02 -5.342705e+01 8.973822e+01
      vertex   1.289923e+02 -5.342705e+01 7.045250e+01
      vertex   1.285157e+02 -5.266863e+01 8.973822e+01
    endloop
  endfacet
  facet normal 8.467242e-01 5.320321e-01 0.000000e+00
    outer loop
      vertex   1.289923e+02 -5.342705e+01 8.973822e+01
      vertex   1.285157e+02 -5.266863e+01 8.973822e+01
      vertex   1.285157e+02 -5.266863e+01 1.090239e+02
    endloop
  endfacet
  facet normal 7.071068e-01 7.071068e-01 0.000000e+00
    outer loop
      vertex   1.285157e+02 -5.266863e+01 1.090239e+02
      vertex   1.285157e+02 -5.266863e+01 8.973822e+01
      vertex   1.278824e+02 -5.203526e+01 1.090239e+02
    endloop
  endfacet
  facet normal 7.071068e-01 7.071068e-01 0.000000e+00
    outer loop
      vertex   1.285157e+02 -5.266863e+01 1.090239e+02
      vertex   1.278824e+02 -5.203526e+01 1.090239e+02
      vertex   1.278824e+02 -5.203526e+01 1.283096e+02
    endloop
  endfacet
  facet normal 5.320321e-01 8.467242e-01 0.000000e+00
    outer loop
      vertex   1.278824e+02 -5.203526e+01 1.283096e+02
      vertex   1.278824e+02 -5.203526e+01 1.090239e+02
      vertex   1.271240e+02 -5.155871e+01 1.283096e+02
    endloop
  endfacet
  facet normal 5.320321e-01 8.467242e-01 0.000000e+00
    outer loop
      vertex   1.278824e+02 -5.203526e+01 1.283096e+02
      vertex   1.271240e+02 -5.155871e+01 1.283096e+02
      vertex   1.271240e+02 -5.155871e+01 1.475954e+02
    endloop
  endfacet
  facet normal 3.302791e-01 9.438833e-01 0.000000e+00
    outer loop
      vertex   1.271240e+02 -5.155871e+01 1.475954e+02
      vertex   1.271240e+02 -5.155871e+01 1.283096e+02
      vertex   1.262785e+02 -5.126287e+01 1.475954e+02
    endloop
  endfacet
  facet normal 8.467242e-01 5.320321e-01 0.000000e+00
    outer loop
      vertex   1.285157e+02 -5.266863e+01 8.973822e+01
      vertex   1.289923e+02 -5.342705e+01 7.045250e+01
      vertex   1.285157e+02 -5.266863e+01 7.045250e+01
    endloop
  endfacet
  facet normal 7.071068e-01 7.071068e-01 0.000000e+00
    outer loop
      vertex   1.278824e+02 -5.203526e+01 1.090239e+02
      vertex   1.285157e+02 -5.266863e+01 8.973822e+01
      vertex   1.278824e+02 -5.203526e+01 8.973822e+01
    endloop
  endfacet
  facet normal 7.071068e-01 7.071068e-01 0.000000e+00
    outer loop
      vertex   1.278824e+02 -5.203526e+01 8.973822e+01
      vertex   1.285157e+02 -5.266863e+01 8.973822e+01
      vertex   1.285157e+02 -5.266863e+01 7.045250e+01
    endloop
  endfacet
  facet normal 5.320321e-01 8.467242e-01 0.000000e+00
    outer loop
      vertex   1.271240e+02 -5.155871e+01 1.283096e+02
      vertex   1.278824e+02 -5.203526e+01 1.090239e+02
      vertex   1.271240e+02 -5.155871e+01 1.090239e+02
    endloop
  endfacet
  facet normal 5.320321e-01 8.467242e-01 0.000000e+00
    outer loop
      vertex   1.271240e+02 -5.155871e+01 1.090239e+02
      vertex   1.278824e+02 -5.203526e+01 1.090239e+02
      vertex   1.278824e+02 -5.203526e+01 8.973822e+01
    endloop
  endfacet
  facet normal 3.302791e-01 9.438833e-01 0.000000e+00
    outer loop
      vertex   1.262785e+02 -5.126287e+01 1.475954e+02
      vertex   1.271240e+02 -5.155871e+01 1.283096e+02
      vertex   1.262785e+02 -5.126287e+01 1.283096e+02
    endloop
  endfacet
  facet normal 3.302791e-01 9.438833e-01 0.000000e+00
    outer loop
      vertex   1.262785e+02 -5.126287e+01 1.283096e+02
      vertex   1.271240e+02 -5.155871e+01 1.283096e+02
      vertex   1.271240e+02 -5.155871e+01 1.090239e+02
    endloop
  endfacet
  facet normal 0.000000e+00 1.000000e+00 0.000000e+00
    outer loop
      vertex   1.191656e+02 -5.116258e+01 1.472378e+02
      vertex   1.192884e+02 -5.116258e+01 1.484456e+02
      vertex   1.253884e+02 -5.116258e+01 1.668811e+02
    endloop
  endfacet
  facet normal 0.000000e+00 1.000000e+00 0.000000e+00
    outer loop
      vertex   1.253884e+02 -5.116258e+01 1.668811e+02
      vertex   1.192884e+02 -5.116258e+01 1.484456e+02
      vertex   1.191656e+02 -5.116258e+01 1.496534e+02
    endloop
  endfacet
  facet normal 0.000000e+00 1.000000e+00 0.000000e+00
    outer loop
      vertex   1.253884e+02 -5.116258e+01 1.668811e+02
      vertex   1.191656e+02 -5.116258e+01 1.496534e+02
      vertex   1.188022e+02 -5.116258e+01 1.508117e+02
    endloop
  endfacet
  facet normal 0.000000e+00 1.000000e+00 -0.000000e+00
    outer loop
      vertex   1.188022e+02 -5.116258e+01 1.508117e+02
      vertex   1.182130e+02 -5.116258e+01 1.518732e+02
      vertex   1.253884e+02 -5.116258e+01 1.668811e+02
    endloop
  endfacet
  facet normal 0.000000e+00 1.000000e+00 0.000000e+00
    outer loop
      vertex   1.253884e+02 -5.116258e+01 1.668811e+02
      vertex   1.182130e+02 -5.116258e+01 1.518732e+02
      vertex   1.174222e+02 -5.116258e+01 1.527943e+02
    endloop
  endfacet
  facet normal 0.000000e+00 1.000000e+00 0.000000e+00
    outer loop
      vertex   1.253884e+02 -5.116258e+01 1.668811e+02
      vertex   1.174222e+02 -5.116258e+01 1.527943e+02
      vertex   1.164622e+02 -5.116258e+01 1.535374e+02
    endloop
  endfacet
  facet normal 0.000000e+00 1.000000e+00 -0.000000e+00
    outer loop
      vertex   1.164622e+02 -5.116258e+01 1.535374e+02
      vertex   1.153723e+02 -5.116258e+01 1.540721e+02
      vertex   1.253884e+02 -5.116258e+01 1.668811e+02
    endloop
  endfacet
  facet normal 0.000000e+00 1.000000e+00 0.000000e+00
    outer loop
      vertex   1.253884e+02 -5.116258e+01 1.668811e+02
      vertex   1.153723e+02 -5.116258e+01 1.540721e+02
      vertex   1.141970e+02 -5.116258e+01 1.543764e+02
    endloop
  endfacet
  facet normal 0.000000e+00 1.000000e+00 0.000000e+00
    outer loop
      vertex   1.253884e+02 -5.116258e+01 1.668811e+02
      vertex   1.141970e+02 -5.116258e+01 1.543764e+02
      vertex   1.129845e+02 -5.116258e+01 1.544379e+02
    endloop
  endfacet
  facet normal 0.000000e+00 1.000000e+00 -0.000000e+00
    outer loop
      vertex   1.129845e+02 -5.116258e+01 1.544379e+02
      vertex   1.117845e+02 -5.116258e+01 1.542540e+02
      vertex   1.253884e+02 -5.116258e+01 1.668811e+02
    endloop
  endfacet
  facet normal 0.000000e+00 1.000000e+00 0.000000e+00
    outer loop
      vertex   1.253884e+02 -5.116258e+01 1.668811e+02
      vertex   1.117845e+02 -5.116258e+01 1.542540e+02
      vertex   1.106461e+02 -5.116258e+01 1.538324e+02
    endloop
  endfacet
  facet normal 0.000000e+00 1.000000e+00 0.000000e+00
    outer loop
      vertex   1.253884e+02 -5.116258e+01 1.668811e+02
      vertex   1.106461e+02 -5.116258e+01 1.538324e+02
      vertex   5.646221e+01 -5.116258e+01 1.535374e+02
    endloop
  endfacet
  facet normal -0.000000e+00 1.000000e+00 0.000000e+00
    outer loop
      vertex   5.646221e+01 -5.116258e+01 1.535374e+02
      vertex   1.106461e+02 -5.116258e+01 1.538324e+02
      vertex   1.096158e+02 -5.116258e+01 1.531902e+02
    endloop
  endfacet
  facet normal 0.000000e+00 1.000000e+00 0.000000e+00
    outer loop
      vertex   5.646221e+01 -5.116258e+01 1.535374e+02
      vertex   1.096158e+02 -5.116258e+01 1.531902e+02
      vertex   5.742222e+01 -5.116258e+01 1.527943e+02
    endloop
  endfacet
  facet normal -0.000000e+00 1.000000e+00 0.000000e+00
    outer loop
      vertex   5.742222e+01 -5.116258e+01 1.527943e+02
      vertex   1.096158e+02 -5.116258e+01 1.531902e+02
      vertex   1.087359e+02 -5.116258e+01 1.523538e+02
    endloop
  endfacet
  facet normal 0.000000e+00 1.000000e+00 0.000000e+00
    outer loop
      vertex   5.742222e+01 -5.116258e+01 1.527943e+02
      vertex   1.087359e+02 -5.116258e+01 1.523538e+02
      vertex   5.821300e+01 -5.116258e+01 1.518732e+02
    endloop
  endfacet
  facet normal -0.000000e+00 1.000000e+00 0.000000e+00
    outer loop
      vertex   5.821300e+01 -5.116258e+01 1.518732e+02
      vertex   1.087359e+02 -5.116258e+01 1.523538e+02
      vertex   1.080423e+02 -5.116258e+01 1.513574e+02
    endloop
  endfacet
  facet normal 0.000000e+00 1.000000e+00 0.000000e+00
    outer loop
      vertex   5.821300e+01 -5.116258e+01 1.518732e+02
      vertex   1.080423e+02 -5.116258e+01 1.513574e+02
      vertex   5.880217e+01 -5.116258e+01 1.508117e+02
    endloop
  endfacet
  facet normal -0.000000e+00 1.000000e+00 0.000000e+00
    outer loop
      vertex   5.880217e+01 -5.116258e+01 1.508117e+02
      vertex   1.080423e+02 -5.116258e+01 1.513574e+02
      vertex   1.075636e+02 -5.116258e+01 1.502418e+02
    endloop
  endfacet
  facet normal 0.000000e+00 1.000000e+00 0.000000e+00
    outer loop
      vertex   5.880217e+01 -5.116258e+01 1.508117e+02
      vertex   1.075636e+02 -5.116258e+01 1.502418e+02
      vertex   5.916560e+01 -5.116258e+01 1.496534e+02
    endloop
  endfacet
  facet normal -0.000000e+00 1.000000e+00 0.000000e+00
    outer loop
      vertex   5.916560e+01 -5.116258e+01 1.496534e+02
      vertex   1.075636e+02 -5.116258e+01 1.502418e+02
      vertex   1.073192e+02 -5.116258e+01 1.490526e+02
    endloop
  endfacet
  facet normal 0.000000e+00 1.000000e+00 0.000000e+00
    outer loop
      vertex   5.916560e+01 -5.116258e+01 1.496534e+02
      vertex   1.073192e+02 -5.116258e+01 1.490526e+02
      vertex   5.928842e+01 -5.116258e+01 1.484456e+02
    endloop
  endfacet
  facet normal -0.000000e+00 1.000000e+00 0.000000e+00
    outer loop
      vertex   5.928842e+01 -5.116258e+01 1.484456e+02
      vertex   1.073192e+02 -5.116258e+01 1.490526e+02
      vertex   1.073192e+02 -5.116258e+01 1.478386e+02
    endloop
  endfacet
  facet normal 0.000000e+00 1.000000e+00 0.000000e+00
    outer loop
      vertex   5.928842e+01 -5.116258e+01 1.484456e+02
      vertex   1.073192e+02 -5.116258e+01 1.478386e+02
      vertex   5.916560e+01 -5.116258e+01 1.472378e+02
    endloop
  endfacet
  facet normal -0.000000e+00 1.000000e+00 0.000000e+00
    outer loop
      vertex   5.916560e+01 -5.116258e+01 1.472378e+02
      vertex   1.073192e+02 -5.116258e+01 1.478386e+02
      vertex   1.075636e+02 -5.116258e+01 1.466494e+02
    endloop
  endfacet
  facet normal 0.000000e+00 1.000000e+00 0.000000e+00
    outer loop
      vertex   5.916560e+01 -5.116258e+01 1.472378e+02
      vertex   1.075636e+02 -5.116258e+01 1.466494e+02
      vertex   5.880217e+01 -5.116258e+01 1.460794e+02
    endloop
  endfacet
  facet normal -0.000000e+00 1.000000e+00 0.000000e+00
    outer loop
      vertex   5.880217e+01 -5.116258e+01 1.460794e+02
      vertex   1.075636e+02 -5.116258e+01 1.466494e+02
      vertex   1.080423e+02 -5.116258e+01 1.455338e+02
    endloop
  endfacet
  facet normal 0.000000e+00 1.000000e+00 0.000000e+00
    outer loop
      vertex   5.880217e+01 -5.116258e+01 1.460794e+02
      vertex   1.080423e+02 -5.116258e+01 1.455338e+02
      vertex   5.821300e+01 -5.116258e+01 1.450180e+02
    endloop
  endfacet
  facet normal -0.000000e+00 1.000000e+00 0.000000e+00
    outer loop
      vertex   5.821300e+01 -5.116258e+01 1.450180e+02
      vertex   1.080423e+02 -5.116258e+01 1.455338e+02
      vertex   1.087359e+02 -5.116258e+01 1.445373e+02
    endloop
  endfacet
  facet normal 0.000000e+00 1.000000e+00 0.000000e+00
    outer loop
      vertex   5.821300e+01 -5.116258e+01 1.450180e+02
      vertex   1.087359e+02 -5.116258e+01 1.445373e+02
      vertex   5.742222e+01 -5.116258e+01 1.440968e+02
    endloop
  endfacet
  facet normal -0.000000e+00 1.000000e+00 0.000000e+00
    outer loop
      vertex   5.742222e+01 -5.116258e+01 1.440968e+02
      vertex   1.087359e+02 -5.116258e+01 1.445373e+02
      vertex   1.096158e+02 -5.116258e+01 1.437009e+02
    endloop
  endfacet
  facet normal 0.000000e+00 1.000000e+00 0.000000e+00
    outer loop
      vertex   5.742222e+01 -5.116258e+01 1.440968e+02
      vertex   1.096158e+02 -5.116258e+01 1.437009e+02
      vertex   5.646221e+01 -5.116258e+01 1.433537e+02
    endloop
  endfacet
  facet normal -0.000000e+00 1.000000e+00 0.000000e+00
    outer loop
      vertex   5.646221e+01 -5.116258e+01 1.433537e+02
      vertex   1.096158e+02 -5.116258e+01 1.437009e+02
      vertex   1.253884e+02 -5.116258e+01 3.188107e+01
    endloop
  endfacet
  facet normal 0.000000e+00 1.000000e+00 0.000000e+00
    outer loop
      vertex   5.646221e+01 -5.116258e+01 1.433537e+02
      vertex   1.253884e+02 -5.116258e+01 3.188107e+01
      vertex   5.537225e+01 -5.116258e+01 1.428191e+02
    endloop
  endfacet
  facet normal 0.000000e+00 1.000000e+00 0.000000e+00
    outer loop
      vertex   5.537225e+01 -5.116258e+01 1.428191e+02
      vertex   1.253884e+02 -5.116258e+01 3.188107e+01
      vertex   2.368842e+01 -5.116258e+01 3.188107e+01
    endloop
  endfacet
  facet normal 0.000000e+00 1.000000e+00 0.000000e+00
    outer loop
      vertex   5.537225e+01 -5.116258e+01 1.428191e+02
      vertex   2.368842e+01 -5.116258e+01 3.188107e+01
      vertex   5.419699e+01 -5.116258e+01 1.425148e+02
    endloop
  endfacet
  facet normal 0.000000e+00 1.000000e+00 0.000000e+00
    outer loop
      vertex   5.419699e+01 -5.116258e+01 1.425148e+02
      vertex   2.368842e+01 -5.116258e+01 3.188107e+01
      vertex   5.298453e+01 -5.116258e+01 1.424533e+02
    endloop
  endfacet
  facet normal 0.000000e+00 1.000000e+00 0.000000e+00
    outer loop
      vertex   5.298453e+01 -5.116258e+01 1.424533e+02
      vertex   2.368842e+01 -5.116258e+01 3.188107e+01
      vertex   5.178451e+01 -5.116258e+01 1.426371e+02
    endloop
  endfacet
  facet normal 0.000000e+00 1.000000e+00 0.000000e+00
    outer loop
      vertex   5.178451e+01 -5.116258e+01 1.426371e+02
      vertex   2.368842e+01 -5.116258e+01 3.188107e+01
      vertex   5.064606e+01 -5.116258e+01 1.430587e+02
    endloop
  endfacet
  facet normal 0.000000e+00 1.000000e+00 0.000000e+00
    outer loop
      vertex   5.064606e+01 -5.116258e+01 1.430587e+02
      vertex   2.368842e+01 -5.116258e+01 3.188107e+01
      vertex   4.961579e+01 -5.116258e+01 1.437009e+02
    endloop
  endfacet
  facet normal 0.000000e+00 1.000000e+00 0.000000e+00
    outer loop
      vertex   4.961579e+01 -5.116258e+01 1.437009e+02
      vertex   2.368842e+01 -5.116258e+01 3.188107e+01
      vertex   4.873587e+01 -5.116258e+01 1.445373e+02
    endloop
  endfacet
  facet normal 0.000000e+00 1.000000e+00 0.000000e+00
    outer loop
      vertex   4.873587e+01 -5.116258e+01 1.445373e+02
      vertex   2.368842e+01 -5.116258e+01 3.188107e+01
      vertex   4.804234e+01 -5.116258e+01 1.455338e+02
    endloop
  endfacet
  facet normal 0.000000e+00 1.000000e+00 0.000000e+00
    outer loop
      vertex   4.804234e+01 -5.116258e+01 1.455338e+02
      vertex   2.368842e+01 -5.116258e+01 3.188107e+01
      vertex   2.368842e+01 -5.116258e+01 1.668811e+02
    endloop
  endfacet
  facet normal 0.000000e+00 1.000000e+00 0.000000e+00
    outer loop
      vertex   4.804234e+01 -5.116258e+01 1.455338e+02
      vertex   2.368842e+01 -5.116258e+01 1.668811e+02
      vertex   4.756359e+01 -5.116258e+01 1.466494e+02
    endloop
  endfacet
  facet normal 0.000000e+00 1.000000e+00 0.000000e+00
    outer loop
      vertex   4.756359e+01 -5.116258e+01 1.466494e+02
      vertex   2.368842e+01 -5.116258e+01 1.668811e+02
      vertex   4.731921e+01 -5.116258e+01 1.478386e+02
    endloop
  endfacet
  facet normal 0.000000e+00 1.000000e+00 -0.000000e+00
    outer loop
      vertex   4.731921e+01 -5.116258e+01 1.478386e+02
      vertex   2.368842e+01 -5.116258e+01 1.668811e+02
      vertex   4.731921e+01 -5.116258e+01 1.490526e+02
    endloop
  endfacet
  facet normal 0.000000e+00 1.000000e+00 -0.000000e+00
    outer loop
      vertex   4.731921e+01 -5.116258e+01 1.490526e+02
      vertex   2.368842e+01 -5.116258e+01 1.668811e+02
      vertex   4.756359e+01 -5.116258e+01 1.502418e+02
    endloop
  endfacet
  facet normal 0.000000e+00 1.000000e+00 -0.000000e+00
    outer loop
      vertex   4.756359e+01 -5.116258e+01 1.502418e+02
      vertex   2.368842e+01 -5.116258e+01 1.668811e+02
      vertex   4.804234e+01 -5.116258e+01 1.513574e+02
    endloop
  endfacet
  facet normal 0.000000e+00 1.000000e+00 -0.000000e+00
    outer loop
      vertex   4.804234e+01 -5.116258e+01 1.513574e+02
      vertex   2.368842e+01 -5.116258e+01 1.668811e+02
      vertex   4.873587e+01 -5.116258e+01 1.523538e+02
    endloop
  endfacet
  facet normal 0.000000e+00 1.000000e+00 -0.000000e+00
    outer loop
      vertex   4.873587e+01 -5.116258e+01 1.523538e+02
      vertex   2.368842e+01 -5.116258e+01 1.668811e+02
      vertex   4.961579e+01 -5.116258e+01 1.531902e+02
    endloop
  endfacet
  facet normal 0.000000e+00 1.000000e+00 -0.000000e+00
    outer loop
      vertex   4.961579e+01 -5.116258e+01 1.531902e+02
      vertex   2.368842e+01 -5.116258e+01 1.668811e+02
      vertex   5.064606e+01 -5.116258e+01 1.538324e+02
    endloop
  endfacet
  facet normal 0.000000e+00 1.000000e+00 -0.000000e+00
    outer loop
      vertex   5.064606e+01 -5.116258e+01 1.538324e+02
      vertex   2.368842e+01 -5.116258e+01 1.668811e+02
      vertex   5.178451e+01 -5.116258e+01 1.542540e+02
    endloop
  endfacet
  facet normal 0.000000e+00 1.000000e+00 -0.000000e+00
    outer loop
      vertex   5.178451e+01 -5.116258e+01 1.542540e+02
      vertex   2.368842e+01 -5.116258e+01 1.668811e+02
      vertex   5.298453e+01 -5.116258e+01 1.544379e+02
    endloop
  endfacet
  facet normal -0.000000e+00 1.000000e+00 -0.000000e+00
    outer loop
      vertex   5.298453e+01 -5.116258e+01 1.544379e+02
      vertex   2.368842e+01 -5.116258e+01 1.668811e+02
      vertex   5.419699e+01 -5.116258e+01 1.543764e+02
    endloop
  endfacet
  facet normal 0.000000e+00 1.000000e+00 -0.000000e+00
    outer loop
      vertex   5.419699e+01 -5.116258e+01 1.543764e+02
      vertex   2.368842e+01 -5.116258e+01 1.668811e+02
      vertex   1.253884e+02 -5.116258e+01 1.668811e+02
    endloop
  endfacet
  facet normal -0.000000e+00 1.000000e+00 0.000000e+00
    outer loop
      vertex   5.419699e+01 -5.116258e+01 1.543764e+02
      vertex   1.253884e+02 -5.116258e+01 1.668811e+02
      vertex   5.537225e+01 -5.116258e+01 1.540721e+02
    endloop
  endfacet
  facet normal -0.000000e+00 1.000000e+00 0.000000e+00
    outer loop
      vertex   5.537225e+01 -5.116258e+01 1.540721e+02
      vertex   1.253884e+02 -5.116258e+01 1.668811e+02
      vertex   5.646221e+01 -5.116258e+01 1.535374e+02
    endloop
  endfacet
  facet normal 0.000000e+00 1.000000e+00 0.000000e+00
    outer loop
      vertex   1.096158e+02 -5.116258e+01 1.437009e+02
      vertex   1.106461e+02 -5.116258e+01 1.430587e+02
      vertex   1.253884e+02 -5.116258e+01 3.188107e+01
    endloop
  endfacet
  facet normal 0.000000e+00 1.000000e+00 0.000000e+00
    outer loop
      vertex   1.253884e+02 -5.116258e+01 3.188107e+01
      vertex   1.106461e+02 -5.116258e+01 1.430587e+02
      vertex   1.117845e+02 -5.116258e+01 1.426371e+02
    endloop
  endfacet
  facet normal 0.000000e+00 1.000000e+00 0.000000e+00
    outer loop
      vertex   1.253884e+02 -5.116258e+01 3.188107e+01
      vertex   1.117845e+02 -5.116258e+01 1.426371e+02
      vertex   1.129845e+02 -5.116258e+01 1.424533e+02
    endloop
  endfacet
  facet normal -0.000000e+00 1.000000e+00 0.000000e+00
    outer loop
      vertex   1.129845e+02 -5.116258e+01 1.424533e+02
      vertex   1.141970e+02 -5.116258e+01 1.425148e+02
      vertex   1.253884e+02 -5.116258e+01 3.188107e+01
    endloop
  endfacet
  facet normal 0.000000e+00 1.000000e+00 0.000000e+00
    outer loop
      vertex   1.253884e+02 -5.116258e+01 3.188107e+01
      vertex   1.141970e+02 -5.116258e+01 1.425148e+02
      vertex   1.153723e+02 -5.116258e+01 1.428191e+02
    endloop
  endfacet
  facet normal 0.000000e+00 1.000000e+00 0.000000e+00
    outer loop
      vertex   1.253884e+02 -5.116258e+01 3.188107e+01
      vertex   1.153723e+02 -5.116258e+01 1.428191e+02
      vertex   1.164622e+02 -5.116258e+01 1.433537e+02
    endloop
  endfacet
  facet normal -0.000000e+00 1.000000e+00 0.000000e+00
    outer loop
      vertex   1.164622e+02 -5.116258e+01 1.433537e+02
      vertex   1.174222e+02 -5.116258e+01 1.440968e+02
      vertex   1.253884e+02 -5.116258e+01 3.188107e+01
    endloop
  endfacet
  facet normal 0.000000e+00 1.000000e+00 0.000000e+00
    outer loop
      vertex   1.253884e+02 -5.116258e+01 3.188107e+01
      vertex   1.174222e+02 -5.116258e+01 1.440968e+02
      vertex   1.182130e+02 -5.116258e+01 1.450180e+02
    endloop
  endfacet
  facet normal 0.000000e+00 1.000000e+00 0.000000e+00
    outer loop
      vertex   1.253884e+02 -5.116258e+01 3.188107e+01
      vertex   1.182130e+02 -5.116258e+01 1.450180e+02
      vertex   1.188022e+02 -5.116258e+01 1.460794e+02
    endloop
  endfacet
  facet normal -0.000000e+00 1.000000e+00 0.000000e+00
    outer loop
      vertex   1.188022e+02 -5.116258e+01 1.460794e+02
      vertex   1.191656e+02 -5.116258e+01 1.472378e+02
      vertex   1.253884e+02 -5.116258e+01 3.188107e+01
    endloop
  endfacet
  facet normal 0.000000e+00 1.000000e+00 -0.000000e+00
    outer loop
      vertex   1.253884e+02 -5.116258e+01 3.188107e+01
      vertex   1.191656e+02 -5.116258e+01 1.472378e+02
      vertex   1.253884e+02 -5.116258e+01 1.668811e+02
    endloop
  endfacet
  facet normal -1.119645e-01 9.937122e-01 0.000000e+00
    outer loop
      vertex   2.279834e+01 -5.126287e+01 3.188107e+01
      vertex   2.279834e+01 -5.126287e+01 5.116679e+01
      vertex   2.368842e+01 -5.116258e+01 3.188107e+01
    endloop
  endfacet
  facet normal -1.119645e-01 9.937122e-01 0.000000e+00
    outer loop
      vertex   2.368842e+01 -5.116258e+01 3.188107e+01
      vertex   2.279834e+01 -5.126287e+01 5.116679e+01
      vertex   2.279834e+01 -5.126287e+01 7.045250e+01
    endloop
  endfacet
  facet normal -1.119645e-01 9.937122e-01 0.000000e+00
    outer loop
      vertex   2.368842e+01 -5.116258e+01 3.188107e+01
      vertex   2.279834e+01 -5.126287e+01 7.045250e+01
      vertex   2.279834e+01 -5.126287e+01 8.973822e+01
    endloop
  endfacet
  facet normal -3.302791e-01 9.438833e-01 0.000000e+00
    outer loop
      vertex   2.279834e+01 -5.126287e+01 8.973822e+01
      vertex   2.279834e+01 -5.126287e+01 7.045250e+01
      vertex   2.195289e+01 -5.155871e+01 8.973822e+01
    endloop
  endfacet
  facet normal -3.302791e-01 9.438833e-01 0.000000e+00
    outer loop
      vertex   2.279834e+01 -5.126287e+01 8.973822e+01
      vertex   2.195289e+01 -5.155871e+01 8.973822e+01
      vertex   2.195289e+01 -5.155871e+01 1.090239e+02
    endloop
  endfacet
  facet normal -5.320321e-01 8.467242e-01 0.000000e+00
    outer loop
      vertex   2.195289e+01 -5.155871e+01 1.090239e+02
      vertex   2.195289e+01 -5.155871e+01 8.973822e+01
      vertex   2.119446e+01 -5.203526e+01 1.090239e+02
    endloop
  endfacet
  facet normal -5.320321e-01 8.467242e-01 0.000000e+00
    outer loop
      vertex   2.195289e+01 -5.155871e+01 1.090239e+02
      vertex   2.119446e+01 -5.203526e+01 1.090239e+02
      vertex   2.119446e+01 -5.203526e+01 1.283096e+02
    endloop
  endfacet
  facet normal -7.071068e-01 7.071068e-01 0.000000e+00
    outer loop
      vertex   2.119446e+01 -5.203526e+01 1.283096e+02
      vertex   2.119446e+01 -5.203526e+01 1.090239e+02
      vertex   2.056110e+01 -5.266863e+01 1.283096e+02
    endloop
  endfacet
  facet normal -7.071068e-01 7.071068e-01 0.000000e+00
    outer loop
      vertex   2.119446e+01 -5.203526e+01 1.283096e+02
      vertex   2.056110e+01 -5.266863e+01 1.283096e+02
      vertex   2.056110e+01 -5.266863e+01 1.475954e+02
    endloop
  endfacet
  facet normal -8.467242e-01 5.320321e-01 0.000000e+00
    outer loop
      vertex   2.056110e+01 -5.266863e+01 1.475954e+02
      vertex   2.056110e+01 -5.266863e+01 1.283096e+02
      vertex   2.008455e+01 -5.342705e+01 1.475954e+02
    endloop
  endfacet
  facet normal -8.467242e-01 5.320321e-01 0.000000e+00
    outer loop
      vertex   2.056110e+01 -5.266863e+01 1.475954e+02
      vertex   2.008455e+01 -5.342705e+01 1.475954e+02
      vertex   2.008455e+01 -5.342705e+01 1.668811e+02
    endloop
  endfacet
  facet normal -9.438833e-01 3.302791e-01 0.000000e+00
    outer loop
      vertex   2.008455e+01 -5.342705e+01 1.668811e+02
      vertex   2.008455e+01 -5.342705e+01 1.475954e+02
      vertex   1.978871e+01 -5.427250e+01 1.668811e+02
    endloop
  endfacet
  facet normal -9.438833e-01 3.302791e-01 0.000000e+00
    outer loop
      vertex   1.978871e+01 -5.427250e+01 1.668811e+02
      vertex   2.008455e+01 -5.342705e+01 1.475954e+02
      vertex   1.978871e+01 -5.427250e+01 1.475954e+02
    endloop
  endfacet
  facet normal -9.937122e-01 1.119645e-01 0.000000e+00
    outer loop
      vertex   1.978871e+01 -5.427250e+01 1.668811e+02
      vertex   1.978871e+01 -5.427250e+01 1.475954e+02
      vertex   1.968842e+01 -5.516258e+01 1.668811e+02
    endloop
  endfacet
  facet normal -9.937122e-01 1.119645e-01 0.000000e+00
    outer loop
      vertex   1.968842e+01 -5.516258e+01 1.668811e+02
      vertex   1.978871e+01 -5.427250e+01 1.475954e+02
      vertex   1.978871e+01 -5.427250e+01 1.283096e+02
    endloop
  endfacet
  facet normal -9.937122e-01 1.119645e-01 0.000000e+00
    outer loop
      vertex   1.968842e+01 -5.516258e+01 1.668811e+02
      vertex   1.978871e+01 -5.427250e+01 1.283096e+02
      vertex   1.978871e+01 -5.427250e+01 1.090239e+02
    endloop
  endfacet
  facet normal -9.438833e-01 3.302791e-01 0.000000e+00
    outer loop
      vertex   1.978871e+01 -5.427250e+01 1.090239e+02
      vertex   1.978871e+01 -5.427250e+01 1.283096e+02
      vertex   2.008455e+01 -5.342705e+01 1.090239e+02
    endloop
  endfacet
  facet normal -9.438833e-01 3.302791e-01 0.000000e+00
    outer loop
      vertex   1.978871e+01 -5.427250e+01 1.090239e+02
      vertex   2.008455e+01 -5.342705e+01 1.090239e+02
      vertex   2.008455e+01 -5.342705e+01 8.973822e+01
    endloop
  endfacet
  facet normal -8.467242e-01 5.320321e-01 0.000000e+00
    outer loop
      vertex   2.008455e+01 -5.342705e+01 8.973822e+01
      vertex   2.008455e+01 -5.342705e+01 1.090239e+02
      vertex   2.056110e+01 -5.266863e+01 8.973822e+01
    endloop
  endfacet
  facet normal -8.467242e-01 5.320321e-01 0.000000e+00
    outer loop
      vertex   2.008455e+01 -5.342705e+01 8.973822e+01
      vertex   2.056110e+01 -5.266863e+01 8.973822e+01
      vertex   2.056110e+01 -5.266863e+01 7.045250e+01
    endloop
  endfacet
  facet normal -7.071068e-01 7.071068e-01 0.000000e+00
    outer loop
      vertex   2.056110e+01 -5.266863e+01 7.045250e+01
      vertex   2.056110e+01 -5.266863e+01 8.973822e+01
      vertex   2.119446e+01 -5.203526e+01 7.045250e+01
    endloop
  endfacet
  facet normal -7.071068e-01 7.071068e-01 0.000000e+00
    outer loop
      vertex   2.056110e+01 -5.266863e+01 7.045250e+01
      vertex   2.119446e+01 -5.203526e+01 7.045250e+01
      vertex   2.119446e+01 -5.203526e+01 5.116679e+01
    endloop
  endfacet
  facet normal -5.320321e-01 8.467242e-01 0.000000e+00
    outer loop
      vertex   2.119446e+01 -5.203526e+01 5.116679e+01
      vertex   2.119446e+01 -5.203526e+01 7.045250e+01
      vertex   2.195289e+01 -5.155871e+01 5.116679e+01
    endloop
  endfacet
  facet normal -5.320321e-01 8.467242e-01 3.117066e-16
    outer loop
      vertex   2.119446e+01 -5.203526e+01 5.116679e+01
      vertex   2.195289e+01 -5.155871e+01 5.116679e+01
      vertex   2.195289e+01 -5.155871e+01 3.188107e+01
    endloop
  endfacet
  facet normal -3.302791e-01 9.438833e-01 3.477545e-16
    outer loop
      vertex   2.195289e+01 -5.155871e+01 3.188107e+01
      vertex   2.195289e+01 -5.155871e+01 5.116679e+01
      vertex   2.279834e+01 -5.126287e+01 3.188107e+01
    endloop
  endfacet
  facet normal -3.302791e-01 9.438833e-01 0.000000e+00
    outer loop
      vertex   2.279834e+01 -5.126287e+01 3.188107e+01
      vertex   2.195289e+01 -5.155871e+01 5.116679e+01
      vertex   2.279834e+01 -5.126287e+01 5.116679e+01
    endloop
  endfacet
  facet normal -5.320321e-01 8.467242e-01 0.000000e+00
    outer loop
      vertex   2.195289e+01 -5.155871e+01 3.188107e+01
      vertex   2.119446e+01 -5.203526e+01 3.188107e+01
      vertex   2.119446e+01 -5.203526e+01 5.116679e+01
    endloop
  endfacet
  facet normal -7.071068e-01 7.071068e-01 0.000000e+00
    outer loop
      vertex   2.119446e+01 -5.203526e+01 5.116679e+01
      vertex   2.119446e+01 -5.203526e+01 3.188107e+01
      vertex   2.056110e+01 -5.266863e+01 5.116679e+01
    endloop
  endfacet
  facet normal -7.071068e-01 7.071068e-01 0.000000e+00
    outer loop
      vertex   2.119446e+01 -5.203526e+01 5.116679e+01
      vertex   2.056110e+01 -5.266863e+01 5.116679e+01
      vertex   2.056110e+01 -5.266863e+01 7.045250e+01
    endloop
  endfacet
  facet normal -8.467242e-01 5.320321e-01 0.000000e+00
    outer loop
      vertex   2.056110e+01 -5.266863e+01 7.045250e+01
      vertex   2.056110e+01 -5.266863e+01 5.116679e+01
      vertex   2.008455e+01 -5.342705e+01 7.045250e+01
    endloop
  endfacet
  facet normal -8.467242e-01 5.320321e-01 0.000000e+00
    outer loop
      vertex   2.056110e+01 -5.266863e+01 7.045250e+01
      vertex   2.008455e+01 -5.342705e+01 7.045250e+01
      vertex   2.008455e+01 -5.342705e+01 8.973822e+01
    endloop
  endfacet
  facet normal -9.438833e-01 3.302791e-01 0.000000e+00
    outer loop
      vertex   2.008455e+01 -5.342705e+01 8.973822e+01
      vertex   2.008455e+01 -5.342705e+01 7.045250e+01
      vertex   1.978871e+01 -5.427250e+01 8.973822e+01
    endloop
  endfacet
  facet normal -9.438833e-01 3.302791e-01 1.221119e-16
    outer loop
      vertex   2.008455e+01 -5.342705e+01 8.973822e+01
      vertex   1.978871e+01 -5.427250e+01 8.973822e+01
      vertex   1.978871e+01 -5.427250e+01 1.090239e+02
    endloop
  endfacet
  facet normal -9.937122e-01 1.119645e-01 4.125102e-17
    outer loop
      vertex   1.978871e+01 -5.427250e+01 1.090239e+02
      vertex   1.978871e+01 -5.427250e+01 8.973822e+01
      vertex   1.968842e+01 -5.516258e+01 1.668811e+02
    endloop
  endfacet
  facet normal -7.071068e-01 7.071068e-01 0.000000e+00
    outer loop
      vertex   2.119446e+01 -5.203526e+01 3.188107e+01
      vertex   2.056110e+01 -5.266863e+01 3.188107e+01
      vertex   2.056110e+01 -5.266863e+01 5.116679e+01
    endloop
  endfacet
  facet normal -8.467242e-01 5.320321e-01 0.000000e+00
    outer loop
      vertex   2.056110e+01 -5.266863e+01 5.116679e+01
      vertex   2.056110e+01 -5.266863e+01 3.188107e+01
      vertex   2.008455e+01 -5.342705e+01 5.116679e+01
    endloop
  endfacet
  facet normal -8.467242e-01 5.320321e-01 0.000000e+00
    outer loop
      vertex   2.056110e+01 -5.266863e+01 5.116679e+01
      vertex   2.008455e+01 -5.342705e+01 5.116679e+01
      vertex   2.008455e+01 -5.342705e+01 7.045250e+01
    endloop
  endfacet
  facet normal -9.438833e-01 3.302791e-01 0.000000e+00
    outer loop
      vertex   2.008455e+01 -5.342705e+01 7.045250e+01
      vertex   2.008455e+01 -5.342705e+01 5.116679e+01
      vertex   1.978871e+01 -5.427250e+01 7.045250e+01
    endloop
  endfacet
  facet normal -9.438833e-01 3.302791e-01 0.000000e+00
    outer loop
      vertex   2.008455e+01 -5.342705e+01 7.045250e+01
      vertex   1.978871e+01 -5.427250e+01 7.045250e+01
      vertex   1.978871e+01 -5.427250e+01 8.973822e+01
    endloop
  endfacet
  facet normal -9.937122e-01 1.119645e-01 0.000000e+00
    outer loop
      vertex   1.978871e+01 -5.427250e+01 8.973822e+01
      vertex   1.978871e+01 -5.427250e+01 7.045250e+01
      vertex   1.968842e+01 -5.516258e+01 3.188107e+01
    endloop
  endfacet
  facet normal -9.937122e-01 1.119645e-01 0.000000e+00
    outer loop
      vertex   1.978871e+01 -5.427250e+01 8.973822e+01
      vertex   1.968842e+01 -5.516258e+01 3.188107e+01
      vertex   1.968842e+01 -5.516258e+01 1.668811e+02
    endloop
  endfacet
  facet normal -8.467242e-01 5.320321e-01 0.000000e+00
    outer loop
      vertex   2.056110e+01 -5.266863e+01 3.188107e+01
      vertex   2.008455e+01 -5.342705e+01 3.188107e+01
      vertex   2.008455e+01 -5.342705e+01 5.116679e+01
    endloop
  endfacet
  facet normal -9.438833e-01 3.302791e-01 0.000000e+00
    outer loop
      vertex   2.008455e+01 -5.342705e+01 5.116679e+01
      vertex   2.008455e+01 -5.342705e+01 3.188107e+01
      vertex   1.978871e+01 -5.427250e+01 5.116679e+01
    endloop
  endfacet
  facet normal -9.438833e-01 3.302791e-01 0.000000e+00
    outer loop
      vertex   2.008455e+01 -5.342705e+01 5.116679e+01
      vertex   1.978871e+01 -5.427250e+01 5.116679e+01
      vertex   1.978871e+01 -5.427250e+01 7.045250e+01
    endloop
  endfacet
  facet normal -9.937122e-01 1.119645e-01 0.000000e+00
    outer loop
      vertex   1.978871e+01 -5.427250e+01 7.045250e+01
      vertex   1.978871e+01 -5.427250e+01 5.116679e+01
      vertex   1.968842e+01 -5.516258e+01 3.188107e+01
    endloop
  endfacet
  facet normal -9.438833e-01 3.302791e-01 0.000000e+00
    outer loop
      vertex   2.008455e+01 -5.342705e+01 3.188107e+01
      vertex   1.978871e+01 -5.427250e+01 3.188107e+01
      vertex   1.978871e+01 -5.427250e+01 5.116679e+01
    endloop
  endfacet
  facet normal -9.937122e-01 1.119645e-01 0.000000e+00
    outer loop
      vertex   1.978871e+01 -5.427250e+01 5.116679e+01
      vertex   1.978871e+01 -5.427250e+01 3.188107e+01
      vertex   1.968842e+01 -5.516258e+01 3.188107e+01
    endloop
  endfacet
  facet normal -8.467242e-01 5.320321e-01 0.000000e+00
    outer loop
      vertex   2.008455e+01 -5.342705e+01 1.668811e+02
      vertex   2.056110e+01 -5.266863e+01 1.668811e+02
      vertex   2.056110e+01 -5.266863e+01 1.475954e+02
    endloop
  endfacet
  facet normal -7.071068e-01 7.071068e-01 0.000000e+00
    outer loop
      vertex   2.056110e+01 -5.266863e+01 1.475954e+02
      vertex   2.056110e+01 -5.266863e+01 1.668811e+02
      vertex   2.119446e+01 -5.203526e+01 1.475954e+02
    endloop
  endfacet
  facet normal -7.071068e-01 7.071068e-01 0.000000e+00
    outer loop
      vertex   2.056110e+01 -5.266863e+01 1.475954e+02
      vertex   2.119446e+01 -5.203526e+01 1.475954e+02
      vertex   2.119446e+01 -5.203526e+01 1.283096e+02
    endloop
  endfacet
  facet normal -5.320321e-01 8.467242e-01 0.000000e+00
    outer loop
      vertex   2.119446e+01 -5.203526e+01 1.283096e+02
      vertex   2.119446e+01 -5.203526e+01 1.475954e+02
      vertex   2.195289e+01 -5.155871e+01 1.283096e+02
    endloop
  endfacet
  facet normal -5.320321e-01 8.467242e-01 0.000000e+00
    outer loop
      vertex   2.119446e+01 -5.203526e+01 1.283096e+02
      vertex   2.195289e+01 -5.155871e+01 1.283096e+02
      vertex   2.195289e+01 -5.155871e+01 1.090239e+02
    endloop
  endfacet
  facet normal -3.302791e-01 9.438833e-01 0.000000e+00
    outer loop
      vertex   2.195289e+01 -5.155871e+01 1.090239e+02
      vertex   2.195289e+01 -5.155871e+01 1.283096e+02
      vertex   2.279834e+01 -5.126287e+01 1.090239e+02
    endloop
  endfacet
  facet normal -3.302791e-01 9.438833e-01 0.000000e+00
    outer loop
      vertex   2.195289e+01 -5.155871e+01 1.090239e+02
      vertex   2.279834e+01 -5.126287e+01 1.090239e+02
      vertex   2.279834e+01 -5.126287e+01 8.973822e+01
    endloop
  endfacet
  facet normal -1.119645e-01 9.937122e-01 0.000000e+00
    outer loop
      vertex   2.279834e+01 -5.126287e+01 8.973822e+01
      vertex   2.279834e+01 -5.126287e+01 1.090239e+02
      vertex   2.368842e+01 -5.116258e+01 3.188107e+01
    endloop
  endfacet
  facet normal -7.071068e-01 7.071068e-01 0.000000e+00
    outer loop
      vertex   2.056110e+01 -5.266863e+01 1.668811e+02
      vertex   2.119446e+01 -5.203526e+01 1.668811e+02
      vertex   2.119446e+01 -5.203526e+01 1.475954e+02
    endloop
  endfacet
  facet normal -5.320321e-01 8.467242e-01 0.000000e+00
    outer loop
      vertex   2.119446e+01 -5.203526e+01 1.475954e+02
      vertex   2.119446e+01 -5.203526e+01 1.668811e+02
      vertex   2.195289e+01 -5.155871e+01 1.475954e+02
    endloop
  endfacet
  facet normal -5.320321e-01 8.467242e-01 0.000000e+00
    outer loop
      vertex   2.119446e+01 -5.203526e+01 1.475954e+02
      vertex   2.195289e+01 -5.155871e+01 1.475954e+02
      vertex   2.195289e+01 -5.155871e+01 1.283096e+02
    endloop
  endfacet
  facet normal -3.302791e-01 9.438833e-01 0.000000e+00
    outer loop
      vertex   2.195289e+01 -5.155871e+01 1.283096e+02
      vertex   2.195289e+01 -5.155871e+01 1.475954e+02
      vertex   2.279834e+01 -5.126287e+01 1.283096e+02
    endloop
  endfacet
  facet normal -3.302791e-01 9.438833e-01 0.000000e+00
    outer loop
      vertex   2.195289e+01 -5.155871e+01 1.283096e+02
      vertex   2.279834e+01 -5.126287e+01 1.283096e+02
      vertex   2.279834e+01 -5.126287e+01 1.090239e+02
    endloop
  endfacet
  facet normal -1.119645e-01 9.937122e-01 0.000000e+00
    outer loop
      vertex   2.279834e+01 -5.126287e+01 1.090239e+02
      vertex   2.279834e+01 -5.126287e+01 1.283096e+02
      vertex   2.368842e+01 -5.116258e+01 1.668811e+02
    endloop
  endfacet
  facet normal -1.119645e-01 9.937122e-01 0.000000e+00
    outer loop
      vertex   2.279834e+01 -5.126287e+01 1.090239e+02
      vertex   2.368842e+01 -5.116258e+01 1.668811e+02
      vertex   2.368842e+01 -5.116258e+01 3.188107e+01
    endloop
  endfacet
  facet normal -5.320321e-01 8.467242e-01 0.000000e+00
    outer loop
      vertex   2.119446e+01 -5.203526e+01 1.668811e+02
      vertex   2.195289e+01 -5.155871e+01 1.668811e+02
      vertex   2.195289e+01 -5.155871e+01 1.475954e+02
    endloop
  endfacet
  facet normal -3.302791e-01 9.438833e-01 0.000000e+00
    outer loop
      vertex   2.195289e+01 -5.155871e+01 1.475954e+02
      vertex   2.195289e+01 -5.155871e+01 1.668811e+02
      vertex   2.279834e+01 -5.126287e+01 1.475954e+02
    endloop
  endfacet
  facet normal -3.302791e-01 9.438833e-01 0.000000e+00
    outer loop
      vertex   2.195289e+01 -5.155871e+01 1.475954e+02
      vertex   2.279834e+01 -5.126287e+01 1.475954e+02
      vertex   2.279834e+01 -5.126287e+01 1.283096e+02
    endloop
  endfacet
  facet normal -1.119645e-01 9.937122e-01 0.000000e+00
    outer loop
      vertex   2.279834e+01 -5.126287e+01 1.283096e+02
      vertex   2.279834e+01 -5.126287e+01 1.475954e+02
      vertex   2.368842e+01 -5.116258e+01 1.668811e+02
    endloop
  endfacet
  facet normal -3.302791e-01 9.438833e-01 3.470548e-16
    outer loop
      vertex   2.195289e+01 -5.155871e+01 1.668811e+02
      vertex   2.279834e+01 -5.126287e+01 1.668811e+02
      vertex   2.279834e+01 -5.126287e+01 1.475954e+02
    endloop
  endfacet
  facet normal -1.119645e-01 9.937122e-01 3.661130e-16
    outer loop
      vertex   2.279834e+01 -5.126287e+01 1.475954e+02
      vertex   2.279834e+01 -5.126287e+01 1.668811e+02
      vertex   2.368842e+01 -5.116258e+01 1.668811e+02
    endloop
  endfacet
  facet normal -3.302791e-01 9.438833e-01 0.000000e+00
    outer loop
      vertex   2.279834e+01 -5.126287e+01 7.045250e+01
      vertex   2.279834e+01 -5.126287e+01 5.116679e+01
      vertex   2.195289e+01 -5.155871e+01 7.045250e+01
    endloop
  endfacet
  facet normal -3.302791e-01 9.438833e-01 0.000000e+00
    outer loop
      vertex   2.195289e+01 -5.155871e+01 7.045250e+01
      vertex   2.279834e+01 -5.126287e+01 5.116679e+01
      vertex   2.195289e+01 -5.155871e+01 5.116679e+01
    endloop
  endfacet
  facet normal -5.320321e-01 8.467242e-01 0.000000e+00
    outer loop
      vertex   2.195289e+01 -5.155871e+01 7.045250e+01
      vertex   2.195289e+01 -5.155871e+01 5.116679e+01
      vertex   2.119446e+01 -5.203526e+01 7.045250e+01
    endloop
  endfacet
  facet normal -3.302791e-01 9.438833e-01 0.000000e+00
    outer loop
      vertex   2.279834e+01 -5.126287e+01 7.045250e+01
      vertex   2.195289e+01 -5.155871e+01 7.045250e+01
      vertex   2.195289e+01 -5.155871e+01 8.973822e+01
    endloop
  endfacet
  facet normal -5.320321e-01 8.467242e-01 0.000000e+00
    outer loop
      vertex   2.195289e+01 -5.155871e+01 8.973822e+01
      vertex   2.195289e+01 -5.155871e+01 7.045250e+01
      vertex   2.119446e+01 -5.203526e+01 8.973822e+01
    endloop
  endfacet
  facet normal -5.320321e-01 8.467242e-01 0.000000e+00
    outer loop
      vertex   2.195289e+01 -5.155871e+01 8.973822e+01
      vertex   2.119446e+01 -5.203526e+01 8.973822e+01
      vertex   2.119446e+01 -5.203526e+01 1.090239e+02
    endloop
  endfacet
  facet normal -7.071068e-01 7.071068e-01 0.000000e+00
    outer loop
      vertex   2.119446e+01 -5.203526e+01 1.090239e+02
      vertex   2.119446e+01 -5.203526e+01 8.973822e+01
      vertex   2.056110e+01 -5.266863e+01 1.090239e+02
    endloop
  endfacet
  facet normal -7.071068e-01 7.071068e-01 0.000000e+00
    outer loop
      vertex   2.119446e+01 -5.203526e+01 1.090239e+02
      vertex   2.056110e+01 -5.266863e+01 1.090239e+02
      vertex   2.056110e+01 -5.266863e+01 1.283096e+02
    endloop
  endfacet
  facet normal -8.467242e-01 5.320321e-01 0.000000e+00
    outer loop
      vertex   2.056110e+01 -5.266863e+01 1.283096e+02
      vertex   2.056110e+01 -5.266863e+01 1.090239e+02
      vertex   2.008455e+01 -5.342705e+01 1.283096e+02
    endloop
  endfacet
  facet normal -8.467242e-01 5.320321e-01 0.000000e+00
    outer loop
      vertex   2.056110e+01 -5.266863e+01 1.283096e+02
      vertex   2.008455e+01 -5.342705e+01 1.283096e+02
      vertex   2.008455e+01 -5.342705e+01 1.475954e+02
    endloop
  endfacet
  facet normal -9.438833e-01 3.302791e-01 0.000000e+00
    outer loop
      vertex   2.008455e+01 -5.342705e+01 1.475954e+02
      vertex   2.008455e+01 -5.342705e+01 1.283096e+02
      vertex   1.978871e+01 -5.427250e+01 1.475954e+02
    endloop
  endfacet
  facet normal -5.320321e-01 8.467242e-01 0.000000e+00
    outer loop
      vertex   2.119446e+01 -5.203526e+01 8.973822e+01
      vertex   2.195289e+01 -5.155871e+01 7.045250e+01
      vertex   2.119446e+01 -5.203526e+01 7.045250e+01
    endloop
  endfacet
  facet normal -7.071068e-01 7.071068e-01 0.000000e+00
    outer loop
      vertex   2.056110e+01 -5.266863e+01 1.090239e+02
      vertex   2.119446e+01 -5.203526e+01 8.973822e+01
      vertex   2.056110e+01 -5.266863e+01 8.973822e+01
    endloop
  endfacet
  facet normal -7.071068e-01 7.071068e-01 0.000000e+00
    outer loop
      vertex   2.056110e+01 -5.266863e+01 8.973822e+01
      vertex   2.119446e+01 -5.203526e+01 8.973822e+01
      vertex   2.119446e+01 -5.203526e+01 7.045250e+01
    endloop
  endfacet
  facet normal -8.467242e-01 5.320321e-01 1.559791e-16
    outer loop
      vertex   2.008455e+01 -5.342705e+01 1.283096e+02
      vertex   2.056110e+01 -5.266863e+01 1.090239e+02
      vertex   2.008455e+01 -5.342705e+01 1.090239e+02
    endloop
  endfacet
  facet normal -8.467242e-01 5.320321e-01 0.000000e+00
    outer loop
      vertex   2.008455e+01 -5.342705e+01 1.090239e+02
      vertex   2.056110e+01 -5.266863e+01 1.090239e+02
      vertex   2.056110e+01 -5.266863e+01 8.973822e+01
    endloop
  endfacet
  facet normal -9.438833e-01 3.302791e-01 0.000000e+00
    outer loop
      vertex   1.978871e+01 -5.427250e+01 1.475954e+02
      vertex   2.008455e+01 -5.342705e+01 1.283096e+02
      vertex   1.978871e+01 -5.427250e+01 1.283096e+02
    endloop
  endfacet
  facet normal -9.438833e-01 3.302791e-01 1.735274e-16
    outer loop
      vertex   1.978871e+01 -5.427250e+01 1.283096e+02
      vertex   2.008455e+01 -5.342705e+01 1.283096e+02
      vertex   2.008455e+01 -5.342705e+01 1.090239e+02
    endloop
  endfacet
  facet normal 0.000000e+00 0.000000e+00 1.000000e+00
    outer loop
      vertex   1.263884e+02 -5.516258e+01 1.988107e+01
      vertex   2.268842e+01 -5.516258e+01 1.988107e+01
      vertex   1.263884e+02 -1.101626e+02 1.988107e+01
    endloop
  endfacet
  facet normal 0.000000e+00 0.000000e+00 1.000000e+00
    outer loop
      vertex   1.263884e+02 -1.101626e+02 1.988107e+01
      vertex   2.268842e+01 -5.516258e+01 1.988107e+01
      vertex   2.268842e+01 -1.101626e+02 1.988107e+01
    endloop
  endfacet
  facet normal 0.000000e+00 0.000000e+00 1.000000e+00
    outer loop
      vertex   1.263884e+02 -1.101626e+02 1.988107e+01
      vertex   2.268842e+01 -1.101626e+02 1.988107e+01
      vertex   1.253884e+02 -1.111626e+02 1.988107e+01
    endloop
  endfacet
  facet normal 0.000000e+00 0.000000e+00 1.000000e+00
    outer loop
      vertex   1.253884e+02 -1.111626e+02 1.988107e+01
      vertex   2.268842e+01 -1.101626e+02 1.988107e+01
      vertex   2.368842e+01 -1.111626e+02 1.988107e+01
    endloop
  endfacet
  facet normal 0.000000e+00 0.000000e+00 1.000000e+00
    outer loop
      vertex   2.368842e+01 -1.111626e+02 1.988107e+01
      vertex   2.268842e+01 -1.101626e+02 1.988107e+01
      vertex   2.272250e+01 -1.104214e+02 1.988107e+01
    endloop
  endfacet
  facet normal 0.000000e+00 0.000000e+00 1.000000e+00
    outer loop
      vertex   2.368842e+01 -1.111626e+02 1.988107e+01
      vertex   2.272250e+01 -1.104214e+02 1.988107e+01
      vertex   2.282240e+01 -1.106626e+02 1.988107e+01
    endloop
  endfacet
  facet normal 0.000000e+00 0.000000e+00 1.000000e+00
    outer loop
      vertex   2.282240e+01 -1.106626e+02 1.988107e+01
      vertex   2.298132e+01 -1.108697e+02 1.988107e+01
      vertex   2.368842e+01 -1.111626e+02 1.988107e+01
    endloop
  endfacet
  facet normal 0.000000e+00 0.000000e+00 1.000000e+00
    outer loop
      vertex   2.368842e+01 -1.111626e+02 1.988107e+01
      vertex   2.298132e+01 -1.108697e+02 1.988107e+01
      vertex   2.318842e+01 -1.110286e+02 1.988107e+01
    endloop
  endfacet
  facet normal 0.000000e+00 0.000000e+00 1.000000e+00
    outer loop
      vertex   2.368842e+01 -1.111626e+02 1.988107e+01
      vertex   2.318842e+01 -1.110286e+02 1.988107e+01
      vertex   2.342960e+01 -1.111285e+02 1.988107e+01
    endloop
  endfacet
  facet normal 0.000000e+00 -0.000000e+00 1.000000e+00
    outer loop
      vertex   1.256472e+02 -1.111285e+02 1.988107e+01
      vertex   1.258884e+02 -1.110286e+02 1.988107e+01
      vertex   1.253884e+02 -1.111626e+02 1.988107e+01
    endloop
  endfacet
  facet normal 0.000000e+00 0.000000e+00 1.000000e+00
    outer loop
      vertex   1.253884e+02 -1.111626e+02 1.988107e+01
      vertex   1.258884e+02 -1.110286e+02 1.988107e+01
      vertex   1.260955e+02 -1.108697e+02 1.988107e+01
    endloop
  endfacet
  facet normal 0.000000e+00 0.000000e+00 1.000000e+00
    outer loop
      vertex   1.253884e+02 -1.111626e+02 1.988107e+01
      vertex   1.260955e+02 -1.108697e+02 1.988107e+01
      vertex   1.262544e+02 -1.106626e+02 1.988107e+01
    endloop
  endfacet
  facet normal 0.000000e+00 -0.000000e+00 1.000000e+00
    outer loop
      vertex   1.262544e+02 -1.106626e+02 1.988107e+01
      vertex   1.263543e+02 -1.104214e+02 1.988107e+01
      vertex   1.253884e+02 -1.111626e+02 1.988107e+01
    endloop
  endfacet
  facet normal 0.000000e+00 0.000000e+00 1.000000e+00
    outer loop
      vertex   1.253884e+02 -1.111626e+02 1.988107e+01
      vertex   1.263543e+02 -1.104214e+02 1.988107e+01
      vertex   1.263884e+02 -1.101626e+02 1.988107e+01
    endloop
  endfacet
  facet normal 1.119645e-01 -9.937122e-01 0.000000e+00
    outer loop
      vertex   1.262785e+02 -1.140623e+02 1.988107e+01
      vertex   1.262785e+02 -1.140623e+02 3.825607e+01
      vertex   1.253884e+02 -1.141626e+02 1.988107e+01
    endloop
  endfacet
  facet normal 1.119645e-01 -9.937122e-01 0.000000e+00
    outer loop
      vertex   1.253884e+02 -1.141626e+02 1.988107e+01
      vertex   1.262785e+02 -1.140623e+02 3.825607e+01
      vertex   1.262785e+02 -1.140623e+02 5.663107e+01
    endloop
  endfacet
  facet normal 1.119645e-01 -9.937122e-01 0.000000e+00
    outer loop
      vertex   1.253884e+02 -1.141626e+02 1.988107e+01
      vertex   1.262785e+02 -1.140623e+02 5.663107e+01
      vertex   1.262785e+02 -1.140623e+02 7.500607e+01
    endloop
  endfacet
  facet normal 3.302791e-01 -9.438833e-01 0.000000e+00
    outer loop
      vertex   1.262785e+02 -1.140623e+02 7.500607e+01
      vertex   1.262785e+02 -1.140623e+02 5.663107e+01
      vertex   1.271240e+02 -1.137665e+02 7.500607e+01
    endloop
  endfacet
  facet normal 3.302791e-01 -9.438833e-01 7.285115e-16
    outer loop
      vertex   1.262785e+02 -1.140623e+02 7.500607e+01
      vertex   1.271240e+02 -1.137665e+02 7.500607e+01
      vertex   1.271240e+02 -1.137665e+02 9.338107e+01
    endloop
  endfacet
  facet normal 5.320321e-01 -8.467242e-01 6.548394e-16
    outer loop
      vertex   1.271240e+02 -1.137665e+02 9.338107e+01
      vertex   1.271240e+02 -1.137665e+02 7.500607e+01
      vertex   1.278824e+02 -1.132899e+02 9.338107e+01
    endloop
  endfacet
  facet normal 5.320321e-01 -8.467242e-01 0.000000e+00
    outer loop
      vertex   1.271240e+02 -1.137665e+02 9.338107e+01
      vertex   1.278824e+02 -1.132899e+02 9.338107e+01
      vertex   1.278824e+02 -1.132899e+02 1.117561e+02
    endloop
  endfacet
  facet normal 7.071068e-01 -7.071068e-01 0.000000e+00
    outer loop
      vertex   1.278824e+02 -1.132899e+02 1.117561e+02
      vertex   1.278824e+02 -1.132899e+02 9.338107e+01
      vertex   1.285157e+02 -1.126565e+02 1.117561e+02
    endloop
  endfacet
  facet normal 7.071068e-01 -7.071068e-01 0.000000e+00
    outer loop
      vertex   1.278824e+02 -1.132899e+02 1.117561e+02
      vertex   1.285157e+02 -1.126565e+02 1.117561e+02
      vertex   1.285157e+02 -1.126565e+02 1.301311e+02
    endloop
  endfacet
  facet normal 8.467242e-01 -5.320321e-01 0.000000e+00
    outer loop
      vertex   1.285157e+02 -1.126565e+02 1.301311e+02
      vertex   1.285157e+02 -1.126565e+02 1.117561e+02
      vertex   1.289923e+02 -1.118981e+02 1.301311e+02
    endloop
  endfacet
  facet normal 8.467242e-01 -5.320321e-01 0.000000e+00
    outer loop
      vertex   1.285157e+02 -1.126565e+02 1.301311e+02
      vertex   1.289923e+02 -1.118981e+02 1.301311e+02
      vertex   1.289923e+02 -1.118981e+02 1.485061e+02
    endloop
  endfacet
  facet normal 9.438833e-01 -3.302791e-01 0.000000e+00
    outer loop
      vertex   1.289923e+02 -1.118981e+02 1.485061e+02
      vertex   1.289923e+02 -1.118981e+02 1.301311e+02
      vertex   1.292881e+02 -1.110527e+02 1.485061e+02
    endloop
  endfacet
  facet normal 9.438833e-01 -3.302791e-01 0.000000e+00
    outer loop
      vertex   1.289923e+02 -1.118981e+02 1.485061e+02
      vertex   1.292881e+02 -1.110527e+02 1.485061e+02
      vertex   1.292881e+02 -1.110527e+02 1.668811e+02
    endloop
  endfacet
  facet normal 9.937122e-01 -1.119645e-01 0.000000e+00
    outer loop
      vertex   1.292881e+02 -1.110527e+02 1.668811e+02
      vertex   1.292881e+02 -1.110527e+02 1.485061e+02
      vertex   1.293884e+02 -1.101626e+02 1.668811e+02
    endloop
  endfacet
  facet normal 9.937122e-01 -1.119645e-01 0.000000e+00
    outer loop
      vertex   1.293884e+02 -1.101626e+02 1.668811e+02
      vertex   1.292881e+02 -1.110527e+02 1.485061e+02
      vertex   1.292881e+02 -1.110527e+02 1.301311e+02
    endloop
  endfacet
  facet normal 9.937122e-01 -1.119645e-01 0.000000e+00
    outer loop
      vertex   1.293884e+02 -1.101626e+02 1.668811e+02
      vertex   1.292881e+02 -1.110527e+02 1.301311e+02
      vertex   1.292881e+02 -1.110527e+02 1.117561e+02
    endloop
  endfacet
  facet normal 9.438833e-01 -3.302791e-01 0.000000e+00
    outer loop
      vertex   1.292881e+02 -1.110527e+02 1.117561e+02
      vertex   1.292881e+02 -1.110527e+02 1.301311e+02
      vertex   1.289923e+02 -1.118981e+02 1.117561e+02
    endloop
  endfacet
  facet normal 9.438833e-01 -3.302791e-01 0.000000e+00
    outer loop
      vertex   1.292881e+02 -1.110527e+02 1.117561e+02
      vertex   1.289923e+02 -1.118981e+02 1.117561e+02
      vertex   1.289923e+02 -1.118981e+02 9.338107e+01
    endloop
  endfacet
  facet normal 8.467242e-01 -5.320321e-01 0.000000e+00
    outer loop
      vertex   1.289923e+02 -1.118981e+02 9.338107e+01
      vertex   1.289923e+02 -1.118981e+02 1.117561e+02
      vertex   1.285157e+02 -1.126565e+02 9.338107e+01
    endloop
  endfacet
  facet normal 8.467242e-01 -5.320321e-01 0.000000e+00
    outer loop
      vertex   1.289923e+02 -1.118981e+02 9.338107e+01
      vertex   1.285157e+02 -1.126565e+02 9.338107e+01
      vertex   1.285157e+02 -1.126565e+02 7.500607e+01
    endloop
  endfacet
  facet normal 7.071068e-01 -7.071068e-01 0.000000e+00
    outer loop
      vertex   1.285157e+02 -1.126565e+02 7.500607e+01
      vertex   1.285157e+02 -1.126565e+02 9.338107e+01
      vertex   1.278824e+02 -1.132899e+02 7.500607e+01
    endloop
  endfacet
  facet normal 7.071068e-01 -7.071068e-01 0.000000e+00
    outer loop
      vertex   1.285157e+02 -1.126565e+02 7.500607e+01
      vertex   1.278824e+02 -1.132899e+02 7.500607e+01
      vertex   1.278824e+02 -1.132899e+02 5.663107e+01
    endloop
  endfacet
  facet normal 5.320321e-01 -8.467242e-01 0.000000e+00
    outer loop
      vertex   1.278824e+02 -1.132899e+02 5.663107e+01
      vertex   1.278824e+02 -1.132899e+02 7.500607e+01
      vertex   1.271240e+02 -1.137665e+02 5.663107e+01
    endloop
  endfacet
  facet normal 5.320321e-01 -8.467242e-01 0.000000e+00
    outer loop
      vertex   1.278824e+02 -1.132899e+02 5.663107e+01
      vertex   1.271240e+02 -1.137665e+02 5.663107e+01
      vertex   1.271240e+02 -1.137665e+02 3.825607e+01
    endloop
  endfacet
  facet normal 3.302791e-01 -9.438833e-01 0.000000e+00
    outer loop
      vertex   1.271240e+02 -1.137665e+02 3.825607e+01
      vertex   1.271240e+02 -1.137665e+02 5.663107e+01
      vertex   1.262785e+02 -1.140623e+02 3.825607e+01
    endloop
  endfacet
  facet normal 3.302791e-01 -9.438833e-01 0.000000e+00
    outer loop
      vertex   1.271240e+02 -1.137665e+02 3.825607e+01
      vertex   1.262785e+02 -1.140623e+02 3.825607e+01
      vertex   1.262785e+02 -1.140623e+02 1.988107e+01
    endloop
  endfacet
  facet normal 3.302791e-01 -9.438833e-01 0.000000e+00
    outer loop
      vertex   1.262785e+02 -1.140623e+02 1.988107e+01
      vertex   1.271240e+02 -1.137665e+02 1.988107e+01
      vertex   1.271240e+02 -1.137665e+02 3.825607e+01
    endloop
  endfacet
  facet normal 5.320321e-01 -8.467242e-01 0.000000e+00
    outer loop
      vertex   1.271240e+02 -1.137665e+02 3.825607e+01
      vertex   1.271240e+02 -1.137665e+02 1.988107e+01
      vertex   1.278824e+02 -1.132899e+02 3.825607e+01
    endloop
  endfacet
  facet normal 5.320321e-01 -8.467242e-01 0.000000e+00
    outer loop
      vertex   1.271240e+02 -1.137665e+02 3.825607e+01
      vertex   1.278824e+02 -1.132899e+02 3.825607e+01
      vertex   1.278824e+02 -1.132899e+02 5.663107e+01
    endloop
  endfacet
  facet normal 7.071068e-01 -7.071068e-01 0.000000e+00
    outer loop
      vertex   1.278824e+02 -1.132899e+02 5.663107e+01
      vertex   1.278824e+02 -1.132899e+02 3.825607e+01
      vertex   1.285157e+02 -1.126565e+02 5.663107e+01
    endloop
  endfacet
  facet normal 7.071068e-01 -7.071068e-01 0.000000e+00
    outer loop
      vertex   1.278824e+02 -1.132899e+02 5.663107e+01
      vertex   1.285157e+02 -1.126565e+02 5.663107e+01
      vertex   1.285157e+02 -1.126565e+02 7.500607e+01
    endloop
  endfacet
  facet normal 8.467242e-01 -5.320321e-01 0.000000e+00
    outer loop
      vertex   1.285157e+02 -1.126565e+02 7.500607e+01
      vertex   1.285157e+02 -1.126565e+02 5.663107e+01
      vertex   1.289923e+02 -1.118981e+02 7.500607e+01
    endloop
  endfacet
  facet normal 8.467242e-01 -5.320321e-01 0.000000e+00
    outer loop
      vertex   1.285157e+02 -1.126565e+02 7.500607e+01
      vertex   1.289923e+02 -1.118981e+02 7.500607e+01
      vertex   1.289923e+02 -1.118981e+02 9.338107e+01
    endloop
  endfacet
  facet normal 9.438833e-01 -3.302791e-01 0.000000e+00
    outer loop
      vertex   1.289923e+02 -1.118981e+02 9.338107e+01
      vertex   1.289923e+02 -1.118981e+02 7.500607e+01
      vertex   1.292881e+02 -1.110527e+02 9.338107e+01
    endloop
  endfacet
  facet normal 9.438833e-01 -3.302791e-01 0.000000e+00
    outer loop
      vertex   1.289923e+02 -1.118981e+02 9.338107e+01
      vertex   1.292881e+02 -1.110527e+02 9.338107e+01
      vertex   1.292881e+02 -1.110527e+02 1.117561e+02
    endloop
  endfacet
  facet normal 9.937122e-01 -1.119645e-01 0.000000e+00
    outer loop
      vertex   1.292881e+02 -1.110527e+02 1.117561e+02
      vertex   1.292881e+02 -1.110527e+02 9.338107e+01
      vertex   1.293884e+02 -1.101626e+02 1.668811e+02
    endloop
  endfacet
  facet normal 5.320321e-01 -8.467242e-01 1.720097e-15
    outer loop
      vertex   1.271240e+02 -1.137665e+02 1.988107e+01
      vertex   1.278824e+02 -1.132899e+02 1.988107e+01
      vertex   1.278824e+02 -1.132899e+02 3.825607e+01
    endloop
  endfacet
  facet normal 7.071068e-01 -7.071068e-01 1.640586e-15
    outer loop
      vertex   1.278824e+02 -1.132899e+02 3.825607e+01
      vertex   1.278824e+02 -1.132899e+02 1.988107e+01
      vertex   1.285157e+02 -1.126565e+02 3.825607e+01
    endloop
  endfacet
  facet normal 7.071068e-01 -7.071068e-01 0.000000e+00
    outer loop
      vertex   1.278824e+02 -1.132899e+02 3.825607e+01
      vertex   1.285157e+02 -1.126565e+02 3.825607e+01
      vertex   1.285157e+02 -1.126565e+02 5.663107e+01
    endloop
  endfacet
  facet normal 8.467242e-01 -5.320321e-01 0.000000e+00
    outer loop
      vertex   1.285157e+02 -1.126565e+02 5.663107e+01
      vertex   1.285157e+02 -1.126565e+02 3.825607e+01
      vertex   1.289923e+02 -1.118981e+02 5.663107e+01
    endloop
  endfacet
  facet normal 8.467242e-01 -5.320321e-01 0.000000e+00
    outer loop
      vertex   1.285157e+02 -1.126565e+02 5.663107e+01
      vertex   1.289923e+02 -1.118981e+02 5.663107e+01
      vertex   1.289923e+02 -1.118981e+02 7.500607e+01
    endloop
  endfacet
  facet normal 9.438833e-01 -3.302791e-01 0.000000e+00
    outer loop
      vertex   1.289923e+02 -1.118981e+02 7.500607e+01
      vertex   1.289923e+02 -1.118981e+02 5.663107e+01
      vertex   1.292881e+02 -1.110527e+02 7.500607e+01
    endloop
  endfacet
  facet normal 9.438833e-01 -3.302791e-01 0.000000e+00
    outer loop
      vertex   1.289923e+02 -1.118981e+02 7.500607e+01
      vertex   1.292881e+02 -1.110527e+02 7.500607e+01
      vertex   1.292881e+02 -1.110527e+02 9.338107e+01
    endloop
  endfacet
  facet normal 9.937122e-01 -1.119645e-01 0.000000e+00
    outer loop
      vertex   1.292881e+02 -1.110527e+02 9.338107e+01
      vertex   1.292881e+02 -1.110527e+02 7.500607e+01
      vertex   1.293884e+02 -1.101626e+02 1.988107e+01
    endloop
  endfacet
  facet normal 9.937122e-01 -1.119645e-01 0.000000e+00
    outer loop
      vertex   1.292881e+02 -1.110527e+02 9.338107e+01
      vertex   1.293884e+02 -1.101626e+02 1.988107e+01
      vertex   1.293884e+02 -1.101626e+02 1.668811e+02
    endloop
  endfacet
  facet normal 7.071068e-01 -7.071068e-01 0.000000e+00
    outer loop
      vertex   1.278824e+02 -1.132899e+02 1.988107e+01
      vertex   1.285157e+02 -1.126565e+02 1.988107e+01
      vertex   1.285157e+02 -1.126565e+02 3.825607e+01
    endloop
  endfacet
  facet normal 8.467242e-01 -5.320321e-01 0.000000e+00
    outer loop
      vertex   1.285157e+02 -1.126565e+02 3.825607e+01
      vertex   1.285157e+02 -1.126565e+02 1.988107e+01
      vertex   1.289923e+02 -1.118981e+02 3.825607e+01
    endloop
  endfacet
  facet normal 8.467242e-01 -5.320321e-01 0.000000e+00
    outer loop
      vertex   1.285157e+02 -1.126565e+02 3.825607e+01
      vertex   1.289923e+02 -1.118981e+02 3.825607e+01
      vertex   1.289923e+02 -1.118981e+02 5.663107e+01
    endloop
  endfacet
  facet normal 9.438833e-01 -3.302791e-01 0.000000e+00
    outer loop
      vertex   1.289923e+02 -1.118981e+02 5.663107e+01
      vertex   1.289923e+02 -1.118981e+02 3.825607e+01
      vertex   1.292881e+02 -1.110527e+02 5.663107e+01
    endloop
  endfacet
  facet normal 9.438833e-01 -3.302791e-01 0.000000e+00
    outer loop
      vertex   1.289923e+02 -1.118981e+02 5.663107e+01
      vertex   1.292881e+02 -1.110527e+02 5.663107e+01
      vertex   1.292881e+02 -1.110527e+02 7.500607e+01
    endloop
  endfacet
  facet normal 9.937122e-01 -1.119645e-01 0.000000e+00
    outer loop
      vertex   1.292881e+02 -1.110527e+02 7.500607e+01
      vertex   1.292881e+02 -1.110527e+02 5.663107e+01
      vertex   1.293884e+02 -1.101626e+02 1.988107e+01
    endloop
  endfacet
  facet normal 8.467242e-01 -5.320321e-01 0.000000e+00
    outer loop
      vertex   1.285157e+02 -1.126565e+02 1.988107e+01
      vertex   1.289923e+02 -1.118981e+02 1.988107e+01
      vertex   1.289923e+02 -1.118981e+02 3.825607e+01
    endloop
  endfacet
  facet normal 9.438833e-01 -3.302791e-01 0.000000e+00
    outer loop
      vertex   1.289923e+02 -1.118981e+02 3.825607e+01
      vertex   1.289923e+02 -1.118981e+02 1.988107e+01
      vertex   1.292881e+02 -1.110527e+02 3.825607e+01
    endloop
  endfacet
  facet normal 9.438833e-01 -3.302791e-01 0.000000e+00
    outer loop
      vertex   1.289923e+02 -1.118981e+02 3.825607e+01
      vertex   1.292881e+02 -1.110527e+02 3.825607e+01
      vertex   1.292881e+02 -1.110527e+02 5.663107e+01
    endloop
  endfacet
  facet normal 9.937122e-01 -1.119645e-01 0.000000e+00
    outer loop
      vertex   1.292881e+02 -1.110527e+02 5.663107e+01
      vertex   1.292881e+02 -1.110527e+02 3.825607e+01
      vertex   1.293884e+02 -1.101626e+02 1.988107e+01
    endloop
  endfacet
  facet normal 9.438833e-01 -3.302791e-01 0.000000e+00
    outer loop
      vertex   1.289923e+02 -1.118981e+02 1.988107e+01
      vertex   1.292881e+02 -1.110527e+02 1.988107e+01
      vertex   1.292881e+02 -1.110527e+02 3.825607e+01
    endloop
  endfacet
  facet normal 9.937122e-01 -1.119645e-01 0.000000e+00
    outer loop
      vertex   1.292881e+02 -1.110527e+02 3.825607e+01
      vertex   1.292881e+02 -1.110527e+02 1.988107e+01
      vertex   1.293884e+02 -1.101626e+02 1.988107e+01
    endloop
  endfacet
  facet normal 9.438833e-01 -3.302791e-01 0.000000e+00
    outer loop
      vertex   1.292881e+02 -1.110527e+02 1.668811e+02
      vertex   1.289923e+02 -1.118981e+02 1.668811e+02
      vertex   1.289923e+02 -1.118981e+02 1.485061e+02
    endloop
  endfacet
  facet normal 8.467242e-01 -5.320321e-01 0.000000e+00
    outer loop
      vertex   1.289923e+02 -1.118981e+02 1.485061e+02
      vertex   1.289923e+02 -1.118981e+02 1.668811e+02
      vertex   1.285157e+02 -1.126565e+02 1.485061e+02
    endloop
  endfacet
  facet normal 8.467242e-01 -5.320321e-01 0.000000e+00
    outer loop
      vertex   1.289923e+02 -1.118981e+02 1.485061e+02
      vertex   1.285157e+02 -1.126565e+02 1.485061e+02
      vertex   1.285157e+02 -1.126565e+02 1.301311e+02
    endloop
  endfacet
  facet normal 7.071068e-01 -7.071068e-01 0.000000e+00
    outer loop
      vertex   1.285157e+02 -1.126565e+02 1.301311e+02
      vertex   1.285157e+02 -1.126565e+02 1.485061e+02
      vertex   1.278824e+02 -1.132899e+02 1.301311e+02
    endloop
  endfacet
  facet normal 7.071068e-01 -7.071068e-01 0.000000e+00
    outer loop
      vertex   1.285157e+02 -1.126565e+02 1.301311e+02
      vertex   1.278824e+02 -1.132899e+02 1.301311e+02
      vertex   1.278824e+02 -1.132899e+02 1.117561e+02
    endloop
  endfacet
  facet normal 5.320321e-01 -8.467242e-01 0.000000e+00
    outer loop
      vertex   1.278824e+02 -1.132899e+02 1.117561e+02
      vertex   1.278824e+02 -1.132899e+02 1.301311e+02
      vertex   1.271240e+02 -1.137665e+02 1.117561e+02
    endloop
  endfacet
  facet normal 5.320321e-01 -8.467242e-01 0.000000e+00
    outer loop
      vertex   1.278824e+02 -1.132899e+02 1.117561e+02
      vertex   1.271240e+02 -1.137665e+02 1.117561e+02
      vertex   1.271240e+02 -1.137665e+02 9.338107e+01
    endloop
  endfacet
  facet normal 3.302791e-01 -9.438833e-01 0.000000e+00
    outer loop
      vertex   1.271240e+02 -1.137665e+02 9.338107e+01
      vertex   1.271240e+02 -1.137665e+02 1.117561e+02
      vertex   1.262785e+02 -1.140623e+02 9.338107e+01
    endloop
  endfacet
  facet normal 3.302791e-01 -9.438833e-01 0.000000e+00
    outer loop
      vertex   1.271240e+02 -1.137665e+02 9.338107e+01
      vertex   1.262785e+02 -1.140623e+02 9.338107e+01
      vertex   1.262785e+02 -1.140623e+02 7.500607e+01
    endloop
  endfacet
  facet normal 1.119645e-01 -9.937122e-01 0.000000e+00
    outer loop
      vertex   1.262785e+02 -1.140623e+02 7.500607e+01
      vertex   1.262785e+02 -1.140623e+02 9.338107e+01
      vertex   1.253884e+02 -1.141626e+02 1.988107e+01
    endloop
  endfacet
  facet normal 8.467242e-01 -5.320321e-01 0.000000e+00
    outer loop
      vertex   1.289923e+02 -1.118981e+02 1.668811e+02
      vertex   1.285157e+02 -1.126565e+02 1.668811e+02
      vertex   1.285157e+02 -1.126565e+02 1.485061e+02
    endloop
  endfacet
  facet normal 7.071068e-01 -7.071068e-01 0.000000e+00
    outer loop
      vertex   1.285157e+02 -1.126565e+02 1.485061e+02
      vertex   1.285157e+02 -1.126565e+02 1.668811e+02
      vertex   1.278824e+02 -1.132899e+02 1.485061e+02
    endloop
  endfacet
  facet normal 7.071068e-01 -7.071068e-01 0.000000e+00
    outer loop
      vertex   1.285157e+02 -1.126565e+02 1.485061e+02
      vertex   1.278824e+02 -1.132899e+02 1.485061e+02
      vertex   1.278824e+02 -1.132899e+02 1.301311e+02
    endloop
  endfacet
  facet normal 5.320321e-01 -8.467242e-01 0.000000e+00
    outer loop
      vertex   1.278824e+02 -1.132899e+02 1.301311e+02
      vertex   1.278824e+02 -1.132899e+02 1.485061e+02
      vertex   1.271240e+02 -1.137665e+02 1.301311e+02
    endloop
  endfacet
  facet normal 5.320321e-01 -8.467242e-01 0.000000e+00
    outer loop
      vertex   1.278824e+02 -1.132899e+02 1.301311e+02
      vertex   1.271240e+02 -1.137665e+02 1.301311e+02
      vertex   1.271240e+02 -1.137665e+02 1.117561e+02
    endloop
  endfacet
  facet normal 3.302791e-01 -9.438833e-01 0.000000e+00
    outer loop
      vertex   1.271240e+02 -1.137665e+02 1.117561e+02
      vertex   1.271240e+02 -1.137665e+02 1.301311e+02
      vertex   1.262785e+02 -1.140623e+02 1.117561e+02
    endloop
  endfacet
  facet normal 3.302791e-01 -9.438833e-01 0.000000e+00
    outer loop
      vertex   1.271240e+02 -1.137665e+02 1.117561e+02
      vertex   1.262785e+02 -1.140623e+02 1.117561e+02
      vertex   1.262785e+02 -1.140623e+02 9.338107e+01
    endloop
  endfacet
  facet normal 1.119645e-01 -9.937122e-01 0.000000e+00
    outer loop
      vertex   1.262785e+02 -1.140623e+02 9.338107e+01
      vertex   1.262785e+02 -1.140623e+02 1.117561e+02
      vertex   1.253884e+02 -1.141626e+02 1.668811e+02
    endloop
  endfacet
  facet normal 1.119645e-01 -9.937122e-01 0.000000e+00
    outer loop
      vertex   1.262785e+02 -1.140623e+02 9.338107e+01
      vertex   1.253884e+02 -1.141626e+02 1.668811e+02
      vertex   1.253884e+02 -1.141626e+02 1.988107e+01
    endloop
  endfacet
  facet normal 7.071068e-01 -7.071068e-01 -1.639151e-15
    outer loop
      vertex   1.285157e+02 -1.126565e+02 1.668811e+02
      vertex   1.278824e+02 -1.132899e+02 1.668811e+02
      vertex   1.278824e+02 -1.132899e+02 1.485061e+02
    endloop
  endfacet
  facet normal 5.320321e-01 -8.467242e-01 -1.721142e-15
    outer loop
      vertex   1.278824e+02 -1.132899e+02 1.485061e+02
      vertex   1.278824e+02 -1.132899e+02 1.668811e+02
      vertex   1.271240e+02 -1.137665e+02 1.485061e+02
    endloop
  endfacet
  facet normal 5.320321e-01 -8.467242e-01 0.000000e+00
    outer loop
      vertex   1.278824e+02 -1.132899e+02 1.485061e+02
      vertex   1.271240e+02 -1.137665e+02 1.485061e+02
      vertex   1.271240e+02 -1.137665e+02 1.301311e+02
    endloop
  endfacet
  facet normal 3.302791e-01 -9.438833e-01 0.000000e+00
    outer loop
      vertex   1.271240e+02 -1.137665e+02 1.301311e+02
      vertex   1.271240e+02 -1.137665e+02 1.485061e+02
      vertex   1.262785e+02 -1.140623e+02 1.301311e+02
    endloop
  endfacet
  facet normal 3.302791e-01 -9.438833e-01 0.000000e+00
    outer loop
      vertex   1.271240e+02 -1.137665e+02 1.301311e+02
      vertex   1.262785e+02 -1.140623e+02 1.301311e+02
      vertex   1.262785e+02 -1.140623e+02 1.117561e+02
    endloop
  endfacet
  facet normal 1.119645e-01 -9.937122e-01 0.000000e+00
    outer loop
      vertex   1.262785e+02 -1.140623e+02 1.117561e+02
      vertex   1.262785e+02 -1.140623e+02 1.301311e+02
      vertex   1.253884e+02 -1.141626e+02 1.668811e+02
    endloop
  endfacet
  facet normal 5.320321e-01 -8.467242e-01 0.000000e+00
    outer loop
      vertex   1.278824e+02 -1.132899e+02 1.668811e+02
      vertex   1.271240e+02 -1.137665e+02 1.668811e+02
      vertex   1.271240e+02 -1.137665e+02 1.485061e+02
    endloop
  endfacet
  facet normal 3.302791e-01 -9.438833e-01 0.000000e+00
    outer loop
      vertex   1.271240e+02 -1.137665e+02 1.485061e+02
      vertex   1.271240e+02 -1.137665e+02 1.668811e+02
      vertex   1.262785e+02 -1.140623e+02 1.485061e+02
    endloop
  endfacet
  facet normal 3.302791e-01 -9.438833e-01 0.000000e+00
    outer loop
      vertex   1.271240e+02 -1.137665e+02 1.485061e+02
      vertex   1.262785e+02 -1.140623e+02 1.485061e+02
      vertex   1.262785e+02 -1.140623e+02 1.301311e+02
    endloop
  endfacet
  facet normal 1.119645e-01 -9.937122e-01 0.000000e+00
    outer loop
      vertex   1.262785e+02 -1.140623e+02 1.301311e+02
      vertex   1.262785e+02 -1.140623e+02 1.485061e+02
      vertex   1.253884e+02 -1.141626e+02 1.668811e+02
    endloop
  endfacet
  facet normal 3.302791e-01 -9.438833e-01 0.000000e+00
    outer loop
      vertex   1.271240e+02 -1.137665e+02 1.668811e+02
      vertex   1.262785e+02 -1.140623e+02 1.668811e+02
      vertex   1.262785e+02 -1.140623e+02 1.485061e+02
    endloop
  endfacet
  facet normal 1.119645e-01 -9.937122e-01 0.000000e+00
    outer loop
      vertex   1.262785e+02 -1.140623e+02 1.485061e+02
      vertex   1.262785e+02 -1.140623e+02 1.668811e+02
      vertex   1.253884e+02 -1.141626e+02 1.668811e+02
    endloop
  endfacet
  facet normal 3.302791e-01 -9.438833e-01 0.000000e+00
    outer loop
      vertex   1.271240e+02 -1.137665e+02 7.500607e+01
      vertex   1.262785e+02 -1.140623e+02 5.663107e+01
      vertex   1.271240e+02 -1.137665e+02 5.663107e+01
    endloop
  endfacet
  facet normal 3.302791e-01 -9.438833e-01 0.000000e+00
    outer loop
      vertex   1.271240e+02 -1.137665e+02 5.663107e+01
      vertex   1.262785e+02 -1.140623e+02 5.663107e+01
      vertex   1.262785e+02 -1.140623e+02 3.825607e+01
    endloop
  endfacet
  facet normal 5.320321e-01 -8.467242e-01 0.000000e+00
    outer loop
      vertex   1.278824e+02 -1.132899e+02 9.338107e+01
      vertex   1.271240e+02 -1.137665e+02 7.500607e+01
      vertex   1.278824e+02 -1.132899e+02 7.500607e+01
    endloop
  endfacet
  facet normal 5.320321e-01 -8.467242e-01 0.000000e+00
    outer loop
      vertex   1.278824e+02 -1.132899e+02 7.500607e+01
      vertex   1.271240e+02 -1.137665e+02 7.500607e+01
      vertex   1.271240e+02 -1.137665e+02 5.663107e+01
    endloop
  endfacet
  facet normal 7.071068e-01 -7.071068e-01 0.000000e+00
    outer loop
      vertex   1.285157e+02 -1.126565e+02 1.117561e+02
      vertex   1.278824e+02 -1.132899e+02 9.338107e+01
      vertex   1.285157e+02 -1.126565e+02 9.338107e+01
    endloop
  endfacet
  facet normal 7.071068e-01 -7.071068e-01 0.000000e+00
    outer loop
      vertex   1.285157e+02 -1.126565e+02 9.338107e+01
      vertex   1.278824e+02 -1.132899e+02 9.338107e+01
      vertex   1.278824e+02 -1.132899e+02 7.500607e+01
    endloop
  endfacet
  facet normal 8.467242e-01 -5.320321e-01 0.000000e+00
    outer loop
      vertex   1.289923e+02 -1.118981e+02 1.301311e+02
      vertex   1.285157e+02 -1.126565e+02 1.117561e+02
      vertex   1.289923e+02 -1.118981e+02 1.117561e+02
    endloop
  endfacet
  facet normal 8.467242e-01 -5.320321e-01 0.000000e+00
    outer loop
      vertex   1.289923e+02 -1.118981e+02 1.117561e+02
      vertex   1.285157e+02 -1.126565e+02 1.117561e+02
      vertex   1.285157e+02 -1.126565e+02 9.338107e+01
    endloop
  endfacet
  facet normal 9.438833e-01 -3.302791e-01 0.000000e+00
    outer loop
      vertex   1.292881e+02 -1.110527e+02 1.485061e+02
      vertex   1.289923e+02 -1.118981e+02 1.301311e+02
      vertex   1.292881e+02 -1.110527e+02 1.301311e+02
    endloop
  endfacet
  facet normal 9.438833e-01 -3.302791e-01 0.000000e+00
    outer loop
      vertex   1.292881e+02 -1.110527e+02 1.301311e+02
      vertex   1.289923e+02 -1.118981e+02 1.301311e+02
      vertex   1.289923e+02 -1.118981e+02 1.117561e+02
    endloop
  endfacet
  facet normal -1.531605e-03 -9.999988e-01 0.000000e+00
    outer loop
      vertex   1.253884e+02 -5.316258e+01 1.583445e+02
      vertex   1.253945e+02 -5.316259e+01 1.583133e+02
      vertex   1.253884e+02 -5.316258e+01 1.658811e+02
    endloop
  endfacet
  facet normal -1.305262e-01 -9.914449e-01 -1.044363e-04
    outer loop
      vertex   1.253884e+02 -5.316258e+01 1.658811e+02
      vertex   1.253945e+02 -5.316259e+01 1.583133e+02
      vertex   1.259061e+02 -5.323073e+01 1.658811e+02
    endloop
  endfacet
  facet normal -1.160249e-01 -9.932457e-01 -1.100800e-03
    outer loop
      vertex   1.259061e+02 -5.323073e+01 1.658811e+02
      vertex   1.253945e+02 -5.316259e+01 1.583133e+02
      vertex   1.258203e+02 -5.320963e+01 1.558781e+02
    endloop
  endfacet
  facet normal -2.918998e-01 -9.564488e-01 4.849766e-04
    outer loop
      vertex   1.259061e+02 -5.323073e+01 1.658811e+02
      vertex   1.258203e+02 -5.320963e+01 1.558781e+02
      vertex   1.261338e+02 -5.330655e+01 1.534320e+02
    endloop
  endfacet
  facet normal -4.326307e-01 -9.015706e-01 -1.021937e-03
    outer loop
      vertex   1.263268e+02 -5.339633e+01 1.509468e+02
      vertex   1.263903e+02 -5.343164e+01 1.551888e+02
      vertex   1.261338e+02 -5.330655e+01 1.534320e+02
    endloop
  endfacet
  facet normal -4.383742e-01 -8.987925e-01 1.458991e-05
    outer loop
      vertex   1.261338e+02 -5.330655e+01 1.534320e+02
      vertex   1.263903e+02 -5.343164e+01 1.551888e+02
      vertex   1.263884e+02 -5.343053e+01 1.658811e+02
    endloop
  endfacet
  facet normal -3.826831e-01 -9.238787e-01 -1.374247e-03
    outer loop
      vertex   1.261338e+02 -5.330655e+01 1.534320e+02
      vertex   1.263884e+02 -5.343053e+01 1.658811e+02
      vertex   1.259061e+02 -5.323073e+01 1.658811e+02
    endloop
  endfacet
  facet normal -4.857956e-01 -8.740725e-01 3.690515e-06
    outer loop
      vertex   1.263268e+02 -5.339633e+01 1.509468e+02
      vertex   1.263916e+02 -5.343235e+01 1.484456e+02
      vertex   1.263903e+02 -5.343164e+01 1.551888e+02
    endloop
  endfacet
  facet normal -6.092014e-01 -7.930155e-01 -2.690055e-05
    outer loop
      vertex   1.263903e+02 -5.343164e+01 1.551888e+02
      vertex   1.263916e+02 -5.343235e+01 1.484456e+02
      vertex   1.268026e+02 -5.374837e+01 1.551888e+02
    endloop
  endfacet
  facet normal -6.092014e-01 -7.930155e-01 0.000000e+00
    outer loop
      vertex   1.263903e+02 -5.343164e+01 1.551888e+02
      vertex   1.268026e+02 -5.374837e+01 1.551888e+02
      vertex   1.268026e+02 -5.374837e+01 1.658811e+02
    endloop
  endfacet
  facet normal -7.933533e-01 -6.087614e-01 -0.000000e+00
    outer loop
      vertex   1.268026e+02 -5.374837e+01 1.658811e+02
      vertex   1.268026e+02 -5.374837e+01 1.551888e+02
      vertex   1.271205e+02 -5.416258e+01 1.658811e+02
    endloop
  endfacet
  facet normal -7.933533e-01 -6.087614e-01 -0.000000e+00
    outer loop
      vertex   1.271205e+02 -5.416258e+01 1.658811e+02
      vertex   1.268026e+02 -5.374837e+01 1.551888e+02
      vertex   1.271205e+02 -5.416258e+01 1.551888e+02
    endloop
  endfacet
  facet normal -9.238795e-01 -3.826834e-01 -0.000000e+00
    outer loop
      vertex   1.271205e+02 -5.416258e+01 1.658811e+02
      vertex   1.271205e+02 -5.416258e+01 1.551888e+02
      vertex   1.273203e+02 -5.464495e+01 1.658811e+02
    endloop
  endfacet
  facet normal -9.238795e-01 -3.826834e-01 -0.000000e+00
    outer loop
      vertex   1.273203e+02 -5.464495e+01 1.658811e+02
      vertex   1.271205e+02 -5.416258e+01 1.551888e+02
      vertex   1.273203e+02 -5.464495e+01 1.551888e+02
    endloop
  endfacet
  facet normal -9.914449e-01 -1.305262e-01 -0.000000e+00
    outer loop
      vertex   1.273203e+02 -5.464495e+01 1.658811e+02
      vertex   1.273203e+02 -5.464495e+01 1.551888e+02
      vertex   1.273884e+02 -5.516258e+01 1.658811e+02
    endloop
  endfacet
  facet normal -9.914449e-01 -1.305262e-01 0.000000e+00
    outer loop
      vertex   1.273884e+02 -5.516258e+01 1.658811e+02
      vertex   1.273203e+02 -5.464495e+01 1.551888e+02
      vertex   1.273203e+02 -5.464495e+01 1.444965e+02
    endloop
  endfacet
  facet normal -9.914449e-01 -1.305262e-01 0.000000e+00
    outer loop
      vertex   1.273884e+02 -5.516258e+01 1.658811e+02
      vertex   1.273203e+02 -5.464495e+01 1.444965e+02
      vertex   1.273203e+02 -5.464495e+01 1.338042e+02
    endloop
  endfacet
  facet normal -9.238795e-01 -3.826834e-01 0.000000e+00
    outer loop
      vertex   1.273203e+02 -5.464495e+01 1.338042e+02
      vertex   1.273203e+02 -5.464495e+01 1.444965e+02
      vertex   1.271205e+02 -5.416258e+01 1.338042e+02
    endloop
  endfacet
  facet normal -9.238795e-01 -3.826834e-01 0.000000e+00
    outer loop
      vertex   1.273203e+02 -5.464495e+01 1.338042e+02
      vertex   1.271205e+02 -5.416258e+01 1.338042e+02
      vertex   1.271205e+02 -5.416258e+01 1.231118e+02
    endloop
  endfacet
  facet normal -7.933533e-01 -6.087614e-01 0.000000e+00
    outer loop
      vertex   1.271205e+02 -5.416258e+01 1.231118e+02
      vertex   1.271205e+02 -5.416258e+01 1.338042e+02
      vertex   1.268026e+02 -5.374837e+01 1.231118e+02
    endloop
  endfacet
  facet normal -7.933533e-01 -6.087614e-01 0.000000e+00
    outer loop
      vertex   1.271205e+02 -5.416258e+01 1.231118e+02
      vertex   1.268026e+02 -5.374837e+01 1.231118e+02
      vertex   1.268026e+02 -5.374837e+01 1.124195e+02
    endloop
  endfacet
  facet normal -6.093293e-01 -7.929172e-01 0.000000e+00
    outer loop
      vertex   1.268026e+02 -5.374837e+01 1.124195e+02
      vertex   1.268026e+02 -5.374837e+01 1.231118e+02
      vertex   1.263909e+02 -5.343197e+01 1.231118e+02
    endloop
  endfacet
  facet normal -6.092663e-01 -7.929657e-01 3.863799e-06
    outer loop
      vertex   1.268026e+02 -5.374837e+01 1.124195e+02
      vertex   1.263909e+02 -5.343197e+01 1.231118e+02
      vertex   1.263906e+02 -5.343181e+01 1.124195e+02
    endloop
  endfacet
  facet normal -3.833449e-01 -9.236053e-01 -3.903711e-06
    outer loop
      vertex   1.263906e+02 -5.343181e+01 1.124195e+02
      vertex   1.263909e+02 -5.343197e+01 1.231118e+02
      vertex   1.259061e+02 -5.323073e+01 1.231118e+02
    endloop
  endfacet
  facet normal -3.832714e-01 -9.236358e-01 0.000000e+00
    outer loop
      vertex   1.263906e+02 -5.343181e+01 1.124195e+02
      vertex   1.259061e+02 -5.323073e+01 1.231118e+02
      vertex   1.259061e+02 -5.323073e+01 1.124195e+02
    endloop
  endfacet
  facet normal -1.320445e-01 -9.912438e-01 0.000000e+00
    outer loop
      vertex   1.259061e+02 -5.323073e+01 1.124195e+02
      vertex   1.259061e+02 -5.323073e+01 1.231118e+02
      vertex   1.253945e+02 -5.316259e+01 1.385779e+02
    endloop
  endfacet
  facet normal -1.320445e-01 -9.912438e-01 -0.000000e+00
    outer loop
      vertex   1.259061e+02 -5.323073e+01 1.124195e+02
      vertex   1.253945e+02 -5.316259e+01 1.385779e+02
      vertex   1.259061e+02 -5.323073e+01 1.017272e+02
    endloop
  endfacet
  facet normal -1.320445e-01 -9.912438e-01 -0.000000e+00
    outer loop
      vertex   1.259061e+02 -5.323073e+01 1.017272e+02
      vertex   1.253945e+02 -5.316259e+01 1.385779e+02
      vertex   1.259061e+02 -5.323073e+01 9.103492e+01
    endloop
  endfacet
  facet normal -3.831244e-01 -9.236967e-01 -0.000000e+00
    outer loop
      vertex   1.259061e+02 -5.323073e+01 1.017272e+02
      vertex   1.259061e+02 -5.323073e+01 9.103492e+01
      vertex   1.263901e+02 -5.343149e+01 9.103492e+01
    endloop
  endfacet
  facet normal -3.831244e-01 -9.236967e-01 -3.896668e-06
    outer loop
      vertex   1.263901e+02 -5.343149e+01 9.103492e+01
      vertex   1.259061e+02 -5.323073e+01 9.103492e+01
      vertex   1.263898e+02 -5.343133e+01 8.034261e+01
    endloop
  endfacet
  facet normal -6.090770e-01 -7.931111e-01 3.870842e-06
    outer loop
      vertex   1.263901e+02 -5.343149e+01 9.103492e+01
      vertex   1.263898e+02 -5.343133e+01 8.034261e+01
      vertex   1.268026e+02 -5.374837e+01 8.034261e+01
    endloop
  endfacet
  facet normal -6.090770e-01 -7.931111e-01 -0.000000e+00
    outer loop
      vertex   1.268026e+02 -5.374837e+01 8.034261e+01
      vertex   1.263898e+02 -5.343133e+01 8.034261e+01
      vertex   1.268026e+02 -5.374837e+01 6.965030e+01
    endloop
  endfacet
  facet normal -7.933533e-01 -6.087614e-01 -0.000000e+00
    outer loop
      vertex   1.268026e+02 -5.374837e+01 8.034261e+01
      vertex   1.268026e+02 -5.374837e+01 6.965030e+01
      vertex   1.271205e+02 -5.416258e+01 8.034261e+01
    endloop
  endfacet
  facet normal -7.933533e-01 -6.087614e-01 -0.000000e+00
    outer loop
      vertex   1.271205e+02 -5.416258e+01 8.034261e+01
      vertex   1.268026e+02 -5.374837e+01 6.965030e+01
      vertex   1.271205e+02 -5.416258e+01 6.965030e+01
    endloop
  endfacet
  facet normal -9.238795e-01 -3.826834e-01 -0.000000e+00
    outer loop
      vertex   1.271205e+02 -5.416258e+01 8.034261e+01
      vertex   1.271205e+02 -5.416258e+01 6.965030e+01
      vertex   1.273203e+02 -5.464495e+01 8.034261e+01
    endloop
  endfacet
  facet normal -9.238795e-01 -3.826834e-01 -0.000000e+00
    outer loop
      vertex   1.273203e+02 -5.464495e+01 8.034261e+01
      vertex   1.271205e+02 -5.416258e+01 6.965030e+01
      vertex   1.273203e+02 -5.464495e+01 6.965030e+01
    endloop
  endfacet
  facet normal -9.914449e-01 -1.305262e-01 -0.000000e+00
    outer loop
      vertex   1.273203e+02 -5.464495e+01 8.034261e+01
      vertex   1.273203e+02 -5.464495e+01 6.965030e+01
      vertex   1.273884e+02 -5.516258e+01 2.688107e+01
    endloop
  endfacet
  facet normal -9.914449e-01 -1.305262e-01 0.000000e+00
    outer loop
      vertex   1.273884e+02 -5.516258e+01 2.688107e+01
      vertex   1.273203e+02 -5.464495e+01 6.965030e+01
      vertex   1.273203e+02 -5.464495e+01 5.895800e+01
    endloop
  endfacet
  facet normal -9.914449e-01 -1.305262e-01 0.000000e+00
    outer loop
      vertex   1.273884e+02 -5.516258e+01 2.688107e+01
      vertex   1.273203e+02 -5.464495e+01 5.895800e+01
      vertex   1.273203e+02 -5.464495e+01 4.826569e+01
    endloop
  endfacet
  facet normal -9.238795e-01 -3.826834e-01 0.000000e+00
    outer loop
      vertex   1.273203e+02 -5.464495e+01 4.826569e+01
      vertex   1.273203e+02 -5.464495e+01 5.895800e+01
      vertex   1.271205e+02 -5.416258e+01 4.826569e+01
    endloop
  endfacet
  facet normal -9.238795e-01 -3.826834e-01 0.000000e+00
    outer loop
      vertex   1.273203e+02 -5.464495e+01 4.826569e+01
      vertex   1.271205e+02 -5.416258e+01 4.826569e+01
      vertex   1.271205e+02 -5.416258e+01 3.757338e+01
    endloop
  endfacet
  facet normal -7.933533e-01 -6.087614e-01 0.000000e+00
    outer loop
      vertex   1.271205e+02 -5.416258e+01 3.757338e+01
      vertex   1.271205e+02 -5.416258e+01 4.826569e+01
      vertex   1.268026e+02 -5.374837e+01 3.757338e+01
    endloop
  endfacet
  facet normal -7.933533e-01 -6.087614e-01 0.000000e+00
    outer loop
      vertex   1.271205e+02 -5.416258e+01 3.757338e+01
      vertex   1.268026e+02 -5.374837e+01 3.757338e+01
      vertex   1.268026e+02 -5.374837e+01 2.688107e+01
    endloop
  endfacet
  facet normal -6.088245e-01 -7.933049e-01 0.000000e+00
    outer loop
      vertex   1.268026e+02 -5.374837e+01 2.688107e+01
      vertex   1.268026e+02 -5.374837e+01 3.757338e+01
      vertex   1.263887e+02 -5.343069e+01 3.757338e+01
    endloop
  endfacet
  facet normal -6.087614e-01 -7.933533e-01 3.882582e-06
    outer loop
      vertex   1.268026e+02 -5.374837e+01 2.688107e+01
      vertex   1.263887e+02 -5.343069e+01 3.757338e+01
      vertex   1.263884e+02 -5.343053e+01 2.688107e+01
    endloop
  endfacet
  facet normal -3.827569e-01 -9.238491e-01 -3.884929e-06
    outer loop
      vertex   1.263884e+02 -5.343053e+01 2.688107e+01
      vertex   1.263887e+02 -5.343069e+01 3.757338e+01
      vertex   1.259061e+02 -5.323073e+01 3.757338e+01
    endloop
  endfacet
  facet normal -3.826834e-01 -9.238795e-01 -6.140279e-16
    outer loop
      vertex   1.263884e+02 -5.343053e+01 2.688107e+01
      vertex   1.259061e+02 -5.323073e+01 3.757338e+01
      vertex   1.259061e+02 -5.323073e+01 2.688107e+01
    endloop
  endfacet
  facet normal -1.305262e-01 -9.914449e-01 -6.588512e-16
    outer loop
      vertex   1.259061e+02 -5.323073e+01 2.688107e+01
      vertex   1.259061e+02 -5.323073e+01 3.757338e+01
      vertex   1.253884e+02 -5.316258e+01 2.688107e+01
    endloop
  endfacet
  facet normal -1.305262e-01 -9.914449e-01 0.000000e+00
    outer loop
      vertex   1.253884e+02 -5.316258e+01 2.688107e+01
      vertex   1.259061e+02 -5.323073e+01 3.757338e+01
      vertex   1.259061e+02 -5.323073e+01 4.826569e+01
    endloop
  endfacet
  facet normal -1.305262e-01 -9.914449e-01 0.000000e+00
    outer loop
      vertex   1.253884e+02 -5.316258e+01 2.688107e+01
      vertex   1.259061e+02 -5.323073e+01 4.826569e+01
      vertex   1.259061e+02 -5.323073e+01 5.895800e+01
    endloop
  endfacet
  facet normal -3.828304e-01 -9.238186e-01 -0.000000e+00
    outer loop
      vertex   1.259061e+02 -5.323073e+01 5.895800e+01
      vertex   1.259061e+02 -5.323073e+01 4.826569e+01
      vertex   1.263890e+02 -5.343085e+01 4.826569e+01
    endloop
  endfacet
  facet normal -3.829039e-01 -9.237882e-01 -3.889625e-06
    outer loop
      vertex   1.259061e+02 -5.323073e+01 5.895800e+01
      vertex   1.263890e+02 -5.343085e+01 4.826569e+01
      vertex   1.263892e+02 -5.343101e+01 5.895800e+01
    endloop
  endfacet
  facet normal -6.088877e-01 -7.932565e-01 3.877886e-06
    outer loop
      vertex   1.263892e+02 -5.343101e+01 5.895800e+01
      vertex   1.263890e+02 -5.343085e+01 4.826569e+01
      vertex   1.268026e+02 -5.374837e+01 4.826569e+01
    endloop
  endfacet
  facet normal -6.089508e-01 -7.932080e-01 0.000000e+00
    outer loop
      vertex   1.263892e+02 -5.343101e+01 5.895800e+01
      vertex   1.268026e+02 -5.374837e+01 4.826569e+01
      vertex   1.268026e+02 -5.374837e+01 5.895800e+01
    endloop
  endfacet
  facet normal -7.933533e-01 -6.087614e-01 -0.000000e+00
    outer loop
      vertex   1.268026e+02 -5.374837e+01 5.895800e+01
      vertex   1.268026e+02 -5.374837e+01 4.826569e+01
      vertex   1.271205e+02 -5.416258e+01 5.895800e+01
    endloop
  endfacet
  facet normal -7.933533e-01 -6.087614e-01 0.000000e+00
    outer loop
      vertex   1.268026e+02 -5.374837e+01 5.895800e+01
      vertex   1.271205e+02 -5.416258e+01 5.895800e+01
      vertex   1.271205e+02 -5.416258e+01 6.965030e+01
    endloop
  endfacet
  facet normal -9.238795e-01 -3.826834e-01 -0.000000e+00
    outer loop
      vertex   1.271205e+02 -5.416258e+01 6.965030e+01
      vertex   1.271205e+02 -5.416258e+01 5.895800e+01
      vertex   1.273203e+02 -5.464495e+01 6.965030e+01
    endloop
  endfacet
  facet normal -4.858886e-01 -8.740207e-01 -5.356835e-07
    outer loop
      vertex   1.263268e+02 -5.339633e+01 1.459443e+02
      vertex   1.263915e+02 -5.343229e+01 1.444965e+02
      vertex   1.263916e+02 -5.343235e+01 1.484456e+02
    endloop
  endfacet
  facet normal -6.094555e-01 -7.928203e-01 3.858235e-06
    outer loop
      vertex   1.263916e+02 -5.343235e+01 1.484456e+02
      vertex   1.263915e+02 -5.343229e+01 1.444965e+02
      vertex   1.268026e+02 -5.374837e+01 1.444965e+02
    endloop
  endfacet
  facet normal -6.094788e-01 -7.928024e-01 0.000000e+00
    outer loop
      vertex   1.263916e+02 -5.343235e+01 1.484456e+02
      vertex   1.268026e+02 -5.374837e+01 1.444965e+02
      vertex   1.268026e+02 -5.374837e+01 1.551888e+02
    endloop
  endfacet
  facet normal -7.933533e-01 -6.087614e-01 -0.000000e+00
    outer loop
      vertex   1.268026e+02 -5.374837e+01 1.551888e+02
      vertex   1.268026e+02 -5.374837e+01 1.444965e+02
      vertex   1.271205e+02 -5.416258e+01 1.551888e+02
    endloop
  endfacet
  facet normal -4.460445e-01 -8.950078e-01 2.300525e-03
    outer loop
      vertex   1.263268e+02 -5.339633e+01 1.459443e+02
      vertex   1.261338e+02 -5.330655e+01 1.434591e+02
      vertex   1.263915e+02 -5.343229e+01 1.444965e+02
    endloop
  endfacet
  facet normal -4.385730e-01 -8.986956e-01 -2.119139e-06
    outer loop
      vertex   1.263915e+02 -5.343229e+01 1.444965e+02
      vertex   1.261338e+02 -5.330655e+01 1.434591e+02
      vertex   1.263912e+02 -5.343213e+01 1.338042e+02
    endloop
  endfacet
  facet normal -6.093924e-01 -7.928688e-01 3.859103e-06
    outer loop
      vertex   1.263915e+02 -5.343229e+01 1.444965e+02
      vertex   1.263912e+02 -5.343213e+01 1.338042e+02
      vertex   1.268026e+02 -5.374837e+01 1.338042e+02
    endloop
  endfacet
  facet normal -6.093924e-01 -7.928688e-01 -0.000000e+00
    outer loop
      vertex   1.268026e+02 -5.374837e+01 1.338042e+02
      vertex   1.263912e+02 -5.343213e+01 1.338042e+02
      vertex   1.268026e+02 -5.374837e+01 1.231118e+02
    endloop
  endfacet
  facet normal -7.933533e-01 -6.087614e-01 -0.000000e+00
    outer loop
      vertex   1.268026e+02 -5.374837e+01 1.338042e+02
      vertex   1.268026e+02 -5.374837e+01 1.231118e+02
      vertex   1.271205e+02 -5.416258e+01 1.338042e+02
    endloop
  endfacet
  facet normal -3.834177e-01 -9.235733e-01 1.791672e-03
    outer loop
      vertex   1.263912e+02 -5.343213e+01 1.338042e+02
      vertex   1.261338e+02 -5.330655e+01 1.434591e+02
      vertex   1.259061e+02 -5.323073e+01 1.338042e+02
    endloop
  endfacet
  facet normal -2.906715e-01 -9.568227e-01 -6.572369e-04
    outer loop
      vertex   1.259061e+02 -5.323073e+01 1.338042e+02
      vertex   1.261338e+02 -5.330655e+01 1.434591e+02
      vertex   1.258203e+02 -5.320963e+01 1.410131e+02
    endloop
  endfacet
  facet normal -1.182781e-01 -9.929794e-01 1.499866e-03
    outer loop
      vertex   1.259061e+02 -5.323073e+01 1.338042e+02
      vertex   1.258203e+02 -5.320963e+01 1.410131e+02
      vertex   1.253945e+02 -5.316259e+01 1.385779e+02
    endloop
  endfacet
  facet normal -1.531605e-03 -9.999988e-01 -0.000000e+00
    outer loop
      vertex   1.253884e+02 -5.316258e+01 1.385467e+02
      vertex   1.253884e+02 -5.316258e+01 2.688107e+01
      vertex   1.253945e+02 -5.316259e+01 1.385779e+02
    endloop
  endfacet
  facet normal -1.312485e-01 -9.913495e-01 7.115517e-06
    outer loop
      vertex   1.253945e+02 -5.316259e+01 1.385779e+02
      vertex   1.253884e+02 -5.316258e+01 2.688107e+01
      vertex   1.259061e+02 -5.323073e+01 8.034261e+01
    endloop
  endfacet
  facet normal -1.320445e-01 -9.912438e-01 0.000000e+00
    outer loop
      vertex   1.253945e+02 -5.316259e+01 1.385779e+02
      vertex   1.259061e+02 -5.323073e+01 8.034261e+01
      vertex   1.259061e+02 -5.323073e+01 9.103492e+01
    endloop
  endfacet
  facet normal -3.830509e-01 -9.237272e-01 -0.000000e+00
    outer loop
      vertex   1.259061e+02 -5.323073e+01 9.103492e+01
      vertex   1.259061e+02 -5.323073e+01 8.034261e+01
      vertex   1.263898e+02 -5.343133e+01 8.034261e+01
    endloop
  endfacet
  facet normal -7.933533e-01 -6.087614e-01 0.000000e+00
    outer loop
      vertex   1.268026e+02 -5.374837e+01 2.688107e+01
      vertex   1.271205e+02 -5.416258e+01 2.688107e+01
      vertex   1.271205e+02 -5.416258e+01 3.757338e+01
    endloop
  endfacet
  facet normal -9.238795e-01 -3.826834e-01 -0.000000e+00
    outer loop
      vertex   1.271205e+02 -5.416258e+01 3.757338e+01
      vertex   1.271205e+02 -5.416258e+01 2.688107e+01
      vertex   1.273203e+02 -5.464495e+01 3.757338e+01
    endloop
  endfacet
  facet normal -9.238795e-01 -3.826834e-01 0.000000e+00
    outer loop
      vertex   1.271205e+02 -5.416258e+01 3.757338e+01
      vertex   1.273203e+02 -5.464495e+01 3.757338e+01
      vertex   1.273203e+02 -5.464495e+01 4.826569e+01
    endloop
  endfacet
  facet normal -9.914449e-01 -1.305262e-01 -0.000000e+00
    outer loop
      vertex   1.273203e+02 -5.464495e+01 4.826569e+01
      vertex   1.273203e+02 -5.464495e+01 3.757338e+01
      vertex   1.273884e+02 -5.516258e+01 2.688107e+01
    endloop
  endfacet
  facet normal -9.238795e-01 -3.826834e-01 0.000000e+00
    outer loop
      vertex   1.271205e+02 -5.416258e+01 2.688107e+01
      vertex   1.273203e+02 -5.464495e+01 2.688107e+01
      vertex   1.273203e+02 -5.464495e+01 3.757338e+01
    endloop
  endfacet
  facet normal -9.914449e-01 -1.305262e-01 -0.000000e+00
    outer loop
      vertex   1.273203e+02 -5.464495e+01 3.757338e+01
      vertex   1.273203e+02 -5.464495e+01 2.688107e+01
      vertex   1.273884e+02 -5.516258e+01 2.688107e+01
    endloop
  endfacet
  facet normal -9.914449e-01 -1.305262e-01 0.000000e+00
    outer loop
      vertex   1.273203e+02 -5.464495e+01 8.034261e+01
      vertex   1.273884e+02 -5.516258e+01 2.688107e+01
      vertex   1.273203e+02 -5.464495e+01 9.103492e+01
    endloop
  endfacet
  facet normal -9.914449e-01 -1.305262e-01 0.000000e+00
    outer loop
      vertex   1.273203e+02 -5.464495e+01 9.103492e+01
      vertex   1.273884e+02 -5.516258e+01 2.688107e+01
      vertex   1.273884e+02 -5.516258e+01 1.658811e+02
    endloop
  endfacet
  facet normal -9.914449e-01 -1.305262e-01 0.000000e+00
    outer loop
      vertex   1.273203e+02 -5.464495e+01 9.103492e+01
      vertex   1.273884e+02 -5.516258e+01 1.658811e+02
      vertex   1.273203e+02 -5.464495e+01 1.017272e+02
    endloop
  endfacet
  facet normal -9.914449e-01 -1.305262e-01 0.000000e+00
    outer loop
      vertex   1.273203e+02 -5.464495e+01 1.017272e+02
      vertex   1.273884e+02 -5.516258e+01 1.658811e+02
      vertex   1.273203e+02 -5.464495e+01 1.124195e+02
    endloop
  endfacet
  facet normal -9.238795e-01 -3.826834e-01 0.000000e+00
    outer loop
      vertex   1.273203e+02 -5.464495e+01 1.017272e+02
      vertex   1.273203e+02 -5.464495e+01 1.124195e+02
      vertex   1.271205e+02 -5.416258e+01 1.017272e+02
    endloop
  endfacet
  facet normal -9.238795e-01 -3.826834e-01 0.000000e+00
    outer loop
      vertex   1.271205e+02 -5.416258e+01 1.017272e+02
      vertex   1.273203e+02 -5.464495e+01 1.124195e+02
      vertex   1.271205e+02 -5.416258e+01 1.124195e+02
    endloop
  endfacet
  facet normal -7.933533e-01 -6.087614e-01 0.000000e+00
    outer loop
      vertex   1.271205e+02 -5.416258e+01 1.017272e+02
      vertex   1.271205e+02 -5.416258e+01 1.124195e+02
      vertex   1.268026e+02 -5.374837e+01 1.017272e+02
    endloop
  endfacet
  facet normal -7.933533e-01 -6.087614e-01 0.000000e+00
    outer loop
      vertex   1.268026e+02 -5.374837e+01 1.017272e+02
      vertex   1.271205e+02 -5.416258e+01 1.124195e+02
      vertex   1.268026e+02 -5.374837e+01 1.124195e+02
    endloop
  endfacet
  facet normal -6.092663e-01 -7.929657e-01 0.000000e+00
    outer loop
      vertex   1.268026e+02 -5.374837e+01 1.017272e+02
      vertex   1.268026e+02 -5.374837e+01 1.124195e+02
      vertex   1.263906e+02 -5.343181e+01 1.124195e+02
    endloop
  endfacet
  facet normal -6.087614e-01 -7.933533e-01 -2.697253e-05
    outer loop
      vertex   1.268026e+02 -5.374837e+01 1.658811e+02
      vertex   1.263884e+02 -5.343053e+01 1.658811e+02
      vertex   1.263903e+02 -5.343164e+01 1.551888e+02
    endloop
  endfacet
  facet normal -3.827569e-01 -9.238491e-01 -0.000000e+00
    outer loop
      vertex   1.259061e+02 -5.323073e+01 4.826569e+01
      vertex   1.259061e+02 -5.323073e+01 3.757338e+01
      vertex   1.263887e+02 -5.343069e+01 3.757338e+01
    endloop
  endfacet
  facet normal -3.828304e-01 -9.238186e-01 -3.887277e-06
    outer loop
      vertex   1.259061e+02 -5.323073e+01 4.826569e+01
      vertex   1.263887e+02 -5.343069e+01 3.757338e+01
      vertex   1.263890e+02 -5.343085e+01 4.826569e+01
    endloop
  endfacet
  facet normal -6.088245e-01 -7.933049e-01 3.880234e-06
    outer loop
      vertex   1.263890e+02 -5.343085e+01 4.826569e+01
      vertex   1.263887e+02 -5.343069e+01 3.757338e+01
      vertex   1.268026e+02 -5.374837e+01 3.757338e+01
    endloop
  endfacet
  facet normal -6.088877e-01 -7.932565e-01 0.000000e+00
    outer loop
      vertex   1.263890e+02 -5.343085e+01 4.826569e+01
      vertex   1.268026e+02 -5.374837e+01 3.757338e+01
      vertex   1.268026e+02 -5.374837e+01 4.826569e+01
    endloop
  endfacet
  facet normal -7.933533e-01 -6.087614e-01 -0.000000e+00
    outer loop
      vertex   1.268026e+02 -5.374837e+01 4.826569e+01
      vertex   1.268026e+02 -5.374837e+01 3.757338e+01
      vertex   1.271205e+02 -5.416258e+01 4.826569e+01
    endloop
  endfacet
  facet normal -7.933533e-01 -6.087614e-01 0.000000e+00
    outer loop
      vertex   1.268026e+02 -5.374837e+01 4.826569e+01
      vertex   1.271205e+02 -5.416258e+01 4.826569e+01
      vertex   1.271205e+02 -5.416258e+01 5.895800e+01
    endloop
  endfacet
  facet normal -9.238795e-01 -3.826834e-01 -0.000000e+00
    outer loop
      vertex   1.271205e+02 -5.416258e+01 5.895800e+01
      vertex   1.271205e+02 -5.416258e+01 4.826569e+01
      vertex   1.273203e+02 -5.464495e+01 5.895800e+01
    endloop
  endfacet
  facet normal -9.238795e-01 -3.826834e-01 0.000000e+00
    outer loop
      vertex   1.271205e+02 -5.416258e+01 5.895800e+01
      vertex   1.273203e+02 -5.464495e+01 5.895800e+01
      vertex   1.273203e+02 -5.464495e+01 6.965030e+01
    endloop
  endfacet
  facet normal -3.829774e-01 -9.237577e-01 -3.891972e-06
    outer loop
      vertex   1.263892e+02 -5.343101e+01 5.895800e+01
      vertex   1.263895e+02 -5.343117e+01 6.965030e+01
      vertex   1.259061e+02 -5.323073e+01 6.965030e+01
    endloop
  endfacet
  facet normal -3.829774e-01 -9.237577e-01 0.000000e+00
    outer loop
      vertex   1.259061e+02 -5.323073e+01 6.965030e+01
      vertex   1.263895e+02 -5.343117e+01 6.965030e+01
      vertex   1.259061e+02 -5.323073e+01 8.034261e+01
    endloop
  endfacet
  facet normal -1.305262e-01 -9.914449e-01 0.000000e+00
    outer loop
      vertex   1.259061e+02 -5.323073e+01 6.965030e+01
      vertex   1.259061e+02 -5.323073e+01 8.034261e+01
      vertex   1.253884e+02 -5.316258e+01 2.688107e+01
    endloop
  endfacet
  facet normal -6.090139e-01 -7.931596e-01 3.873190e-06
    outer loop
      vertex   1.268026e+02 -5.374837e+01 6.965030e+01
      vertex   1.263898e+02 -5.343133e+01 8.034261e+01
      vertex   1.263895e+02 -5.343117e+01 6.965030e+01
    endloop
  endfacet
  facet normal -3.830509e-01 -9.237272e-01 -3.894320e-06
    outer loop
      vertex   1.263895e+02 -5.343117e+01 6.965030e+01
      vertex   1.263898e+02 -5.343133e+01 8.034261e+01
      vertex   1.259061e+02 -5.323073e+01 8.034261e+01
    endloop
  endfacet
  facet normal -6.090139e-01 -7.931596e-01 -0.000000e+00
    outer loop
      vertex   1.268026e+02 -5.374837e+01 6.965030e+01
      vertex   1.263895e+02 -5.343117e+01 6.965030e+01
      vertex   1.268026e+02 -5.374837e+01 5.895800e+01
    endloop
  endfacet
  facet normal -6.089508e-01 -7.932080e-01 3.875538e-06
    outer loop
      vertex   1.268026e+02 -5.374837e+01 5.895800e+01
      vertex   1.263895e+02 -5.343117e+01 6.965030e+01
      vertex   1.263892e+02 -5.343101e+01 5.895800e+01
    endloop
  endfacet
  facet normal -3.831979e-01 -9.236663e-01 -0.000000e+00
    outer loop
      vertex   1.259061e+02 -5.323073e+01 1.124195e+02
      vertex   1.259061e+02 -5.323073e+01 1.017272e+02
      vertex   1.263904e+02 -5.343165e+01 1.017272e+02
    endloop
  endfacet
  facet normal -3.831979e-01 -9.236663e-01 -3.899015e-06
    outer loop
      vertex   1.263904e+02 -5.343165e+01 1.017272e+02
      vertex   1.259061e+02 -5.323073e+01 1.017272e+02
      vertex   1.263901e+02 -5.343149e+01 9.103492e+01
    endloop
  endfacet
  facet normal -6.091401e-01 -7.930627e-01 3.868495e-06
    outer loop
      vertex   1.263904e+02 -5.343165e+01 1.017272e+02
      vertex   1.263901e+02 -5.343149e+01 9.103492e+01
      vertex   1.268026e+02 -5.374837e+01 9.103492e+01
    endloop
  endfacet
  facet normal -6.091401e-01 -7.930627e-01 -0.000000e+00
    outer loop
      vertex   1.268026e+02 -5.374837e+01 9.103492e+01
      vertex   1.263901e+02 -5.343149e+01 9.103492e+01
      vertex   1.268026e+02 -5.374837e+01 8.034261e+01
    endloop
  endfacet
  facet normal -7.933533e-01 -6.087614e-01 -0.000000e+00
    outer loop
      vertex   1.268026e+02 -5.374837e+01 9.103492e+01
      vertex   1.268026e+02 -5.374837e+01 8.034261e+01
      vertex   1.271205e+02 -5.416258e+01 9.103492e+01
    endloop
  endfacet
  facet normal -7.933533e-01 -6.087614e-01 -0.000000e+00
    outer loop
      vertex   1.271205e+02 -5.416258e+01 9.103492e+01
      vertex   1.268026e+02 -5.374837e+01 8.034261e+01
      vertex   1.271205e+02 -5.416258e+01 8.034261e+01
    endloop
  endfacet
  facet normal -9.238795e-01 -3.826834e-01 -0.000000e+00
    outer loop
      vertex   1.271205e+02 -5.416258e+01 9.103492e+01
      vertex   1.271205e+02 -5.416258e+01 8.034261e+01
      vertex   1.273203e+02 -5.464495e+01 9.103492e+01
    endloop
  endfacet
  facet normal -9.238795e-01 -3.826834e-01 -0.000000e+00
    outer loop
      vertex   1.273203e+02 -5.464495e+01 9.103492e+01
      vertex   1.271205e+02 -5.416258e+01 8.034261e+01
      vertex   1.273203e+02 -5.464495e+01 8.034261e+01
    endloop
  endfacet
  facet normal -6.092032e-01 -7.930142e-01 3.866147e-06
    outer loop
      vertex   1.268026e+02 -5.374837e+01 1.017272e+02
      vertex   1.263906e+02 -5.343181e+01 1.124195e+02
      vertex   1.263904e+02 -5.343165e+01 1.017272e+02
    endloop
  endfacet
  facet normal -3.832714e-01 -9.236358e-01 -3.901363e-06
    outer loop
      vertex   1.263904e+02 -5.343165e+01 1.017272e+02
      vertex   1.263906e+02 -5.343181e+01 1.124195e+02
      vertex   1.259061e+02 -5.323073e+01 1.124195e+02
    endloop
  endfacet
  facet normal -6.092032e-01 -7.930142e-01 -0.000000e+00
    outer loop
      vertex   1.268026e+02 -5.374837e+01 1.017272e+02
      vertex   1.263904e+02 -5.343165e+01 1.017272e+02
      vertex   1.268026e+02 -5.374837e+01 9.103492e+01
    endloop
  endfacet
  facet normal -3.833449e-01 -9.236053e-01 0.000000e+00
    outer loop
      vertex   1.259061e+02 -5.323073e+01 1.231118e+02
      vertex   1.263909e+02 -5.343197e+01 1.231118e+02
      vertex   1.259061e+02 -5.323073e+01 1.338042e+02
    endloop
  endfacet
  facet normal -3.834184e-01 -9.235748e-01 -3.906058e-06
    outer loop
      vertex   1.259061e+02 -5.323073e+01 1.338042e+02
      vertex   1.263909e+02 -5.343197e+01 1.231118e+02
      vertex   1.263912e+02 -5.343213e+01 1.338042e+02
    endloop
  endfacet
  facet normal -6.093293e-01 -7.929172e-01 3.861451e-06
    outer loop
      vertex   1.263912e+02 -5.343213e+01 1.338042e+02
      vertex   1.263909e+02 -5.343197e+01 1.231118e+02
      vertex   1.268026e+02 -5.374837e+01 1.231118e+02
    endloop
  endfacet
  facet normal -6.094555e-01 -7.928203e-01 -0.000000e+00
    outer loop
      vertex   1.268026e+02 -5.374837e+01 1.444965e+02
      vertex   1.263915e+02 -5.343229e+01 1.444965e+02
      vertex   1.268026e+02 -5.374837e+01 1.338042e+02
    endloop
  endfacet
  facet normal -1.320445e-01 -9.912438e-01 0.000000e+00
    outer loop
      vertex   1.253945e+02 -5.316259e+01 1.385779e+02
      vertex   1.259061e+02 -5.323073e+01 1.231118e+02
      vertex   1.259061e+02 -5.323073e+01 1.338042e+02
    endloop
  endfacet
  facet normal -1.305262e-01 -9.914449e-01 0.000000e+00
    outer loop
      vertex   1.253884e+02 -5.316258e+01 2.688107e+01
      vertex   1.259061e+02 -5.323073e+01 5.895800e+01
      vertex   1.259061e+02 -5.323073e+01 6.965030e+01
    endloop
  endfacet
  facet normal -3.829039e-01 -9.237882e-01 -0.000000e+00
    outer loop
      vertex   1.259061e+02 -5.323073e+01 6.965030e+01
      vertex   1.259061e+02 -5.323073e+01 5.895800e+01
      vertex   1.263892e+02 -5.343101e+01 5.895800e+01
    endloop
  endfacet
  facet normal -7.933533e-01 -6.087614e-01 0.000000e+00
    outer loop
      vertex   1.271205e+02 -5.416258e+01 6.965030e+01
      vertex   1.268026e+02 -5.374837e+01 6.965030e+01
      vertex   1.268026e+02 -5.374837e+01 5.895800e+01
    endloop
  endfacet
  facet normal -7.933533e-01 -6.087614e-01 0.000000e+00
    outer loop
      vertex   1.271205e+02 -5.416258e+01 1.017272e+02
      vertex   1.268026e+02 -5.374837e+01 1.017272e+02
      vertex   1.268026e+02 -5.374837e+01 9.103492e+01
    endloop
  endfacet
  facet normal -7.933533e-01 -6.087614e-01 -0.000000e+00
    outer loop
      vertex   1.271205e+02 -5.416258e+01 1.017272e+02
      vertex   1.268026e+02 -5.374837e+01 9.103492e+01
      vertex   1.271205e+02 -5.416258e+01 9.103492e+01
    endloop
  endfacet
  facet normal -7.933533e-01 -6.087614e-01 -0.000000e+00
    outer loop
      vertex   1.271205e+02 -5.416258e+01 1.231118e+02
      vertex   1.268026e+02 -5.374837e+01 1.124195e+02
      vertex   1.271205e+02 -5.416258e+01 1.124195e+02
    endloop
  endfacet
  facet normal -7.933533e-01 -6.087614e-01 -0.000000e+00
    outer loop
      vertex   1.268026e+02 -5.374837e+01 1.444965e+02
      vertex   1.268026e+02 -5.374837e+01 1.338042e+02
      vertex   1.271205e+02 -5.416258e+01 1.444965e+02
    endloop
  endfacet
  facet normal -7.933533e-01 -6.087614e-01 -0.000000e+00
    outer loop
      vertex   1.271205e+02 -5.416258e+01 1.444965e+02
      vertex   1.268026e+02 -5.374837e+01 1.338042e+02
      vertex   1.271205e+02 -5.416258e+01 1.338042e+02
    endloop
  endfacet
  facet normal -9.238795e-01 -3.826834e-01 -0.000000e+00
    outer loop
      vertex   1.271205e+02 -5.416258e+01 1.444965e+02
      vertex   1.271205e+02 -5.416258e+01 1.338042e+02
      vertex   1.273203e+02 -5.464495e+01 1.444965e+02
    endloop
  endfacet
  facet normal -9.238795e-01 -3.826834e-01 0.000000e+00
    outer loop
      vertex   1.273203e+02 -5.464495e+01 1.017272e+02
      vertex   1.271205e+02 -5.416258e+01 1.017272e+02
      vertex   1.271205e+02 -5.416258e+01 9.103492e+01
    endloop
  endfacet
  facet normal -9.238795e-01 -3.826834e-01 -0.000000e+00
    outer loop
      vertex   1.273203e+02 -5.464495e+01 1.017272e+02
      vertex   1.271205e+02 -5.416258e+01 9.103492e+01
      vertex   1.273203e+02 -5.464495e+01 9.103492e+01
    endloop
  endfacet
  facet normal -9.238795e-01 -3.826834e-01 -0.000000e+00
    outer loop
      vertex   1.271205e+02 -5.416258e+01 1.231118e+02
      vertex   1.271205e+02 -5.416258e+01 1.124195e+02
      vertex   1.273203e+02 -5.464495e+01 1.231118e+02
    endloop
  endfacet
  facet normal -9.238795e-01 -3.826834e-01 -0.000000e+00
    outer loop
      vertex   1.273203e+02 -5.464495e+01 1.231118e+02
      vertex   1.271205e+02 -5.416258e+01 1.124195e+02
      vertex   1.273203e+02 -5.464495e+01 1.124195e+02
    endloop
  endfacet
  facet normal -9.914449e-01 -1.305262e-01 -0.000000e+00
    outer loop
      vertex   1.273203e+02 -5.464495e+01 1.231118e+02
      vertex   1.273203e+02 -5.464495e+01 1.124195e+02
      vertex   1.273884e+02 -5.516258e+01 1.658811e+02
    endloop
  endfacet
  facet normal -9.238795e-01 -3.826834e-01 0.000000e+00
    outer loop
      vertex   1.273203e+02 -5.464495e+01 1.551888e+02
      vertex   1.271205e+02 -5.416258e+01 1.551888e+02
      vertex   1.271205e+02 -5.416258e+01 1.444965e+02
    endloop
  endfacet
  facet normal -7.933533e-01 -6.087614e-01 0.000000e+00
    outer loop
      vertex   1.271205e+02 -5.416258e+01 1.444965e+02
      vertex   1.271205e+02 -5.416258e+01 1.551888e+02
      vertex   1.268026e+02 -5.374837e+01 1.444965e+02
    endloop
  endfacet
  facet normal -9.238795e-01 -3.826834e-01 -0.000000e+00
    outer loop
      vertex   1.273203e+02 -5.464495e+01 1.551888e+02
      vertex   1.271205e+02 -5.416258e+01 1.444965e+02
      vertex   1.273203e+02 -5.464495e+01 1.444965e+02
    endloop
  endfacet
  facet normal -9.914449e-01 -1.305262e-01 0.000000e+00
    outer loop
      vertex   1.273884e+02 -5.516258e+01 1.658811e+02
      vertex   1.273203e+02 -5.464495e+01 1.338042e+02
      vertex   1.273203e+02 -5.464495e+01 1.231118e+02
    endloop
  endfacet
  facet normal -9.238795e-01 -3.826834e-01 0.000000e+00
    outer loop
      vertex   1.273203e+02 -5.464495e+01 1.231118e+02
      vertex   1.273203e+02 -5.464495e+01 1.338042e+02
      vertex   1.271205e+02 -5.416258e+01 1.231118e+02
    endloop
  endfacet
  facet normal -1.000000e+00 -0.000000e+00 -0.000000e+00
    outer loop
      vertex   1.273884e+02 -5.516258e+01 1.658811e+02
      vertex   1.273884e+02 -5.516258e+01 2.688107e+01
      vertex   1.273884e+02 -1.101626e+02 1.658811e+02
    endloop
  endfacet
  facet normal -1.000000e+00 0.000000e+00 0.000000e+00
    outer loop
      vertex   1.273884e+02 -1.101626e+02 1.658811e+02
      vertex   1.273884e+02 -5.516258e+01 2.688107e+01
      vertex   1.273884e+02 -1.101626e+02 2.088107e+01
    endloop
  endfacet
  facet normal -1.000000e+00 0.000000e+00 0.000000e+00
    outer loop
      vertex   1.273884e+02 -1.101626e+02 2.088107e+01
      vertex   1.273884e+02 -5.516258e+01 2.688107e+01
      vertex   1.273884e+02 -5.516258e+01 2.088107e+01
    endloop
  endfacet
  facet normal -1.305262e-01 9.914449e-01 0.000000e+00
    outer loop
      vertex   1.259061e+02 -1.120944e+02 1.658811e+02
      vertex   1.259061e+02 -1.120944e+02 1.547272e+02
      vertex   1.253884e+02 -1.121626e+02 1.658811e+02
    endloop
  endfacet
  facet normal -1.305262e-01 9.914449e-01 0.000000e+00
    outer loop
      vertex   1.253884e+02 -1.121626e+02 1.658811e+02
      vertex   1.259061e+02 -1.120944e+02 1.547272e+02
      vertex   1.259061e+02 -1.120944e+02 1.435734e+02
    endloop
  endfacet
  facet normal -1.305262e-01 9.914449e-01 0.000000e+00
    outer loop
      vertex   1.253884e+02 -1.121626e+02 1.658811e+02
      vertex   1.259061e+02 -1.120944e+02 1.435734e+02
      vertex   1.259061e+02 -1.120944e+02 1.324195e+02
    endloop
  endfacet
  facet normal -3.826834e-01 9.238795e-01 0.000000e+00
    outer loop
      vertex   1.259061e+02 -1.120944e+02 1.324195e+02
      vertex   1.259061e+02 -1.120944e+02 1.435734e+02
      vertex   1.263884e+02 -1.118946e+02 1.324195e+02
    endloop
  endfacet
  facet normal -3.826834e-01 9.238795e-01 0.000000e+00
    outer loop
      vertex   1.259061e+02 -1.120944e+02 1.324195e+02
      vertex   1.263884e+02 -1.118946e+02 1.324195e+02
      vertex   1.263884e+02 -1.118946e+02 1.212657e+02
    endloop
  endfacet
  facet normal -6.087614e-01 7.933533e-01 0.000000e+00
    outer loop
      vertex   1.263884e+02 -1.118946e+02 1.212657e+02
      vertex   1.263884e+02 -1.118946e+02 1.324195e+02
      vertex   1.268026e+02 -1.115768e+02 1.212657e+02
    endloop
  endfacet
  facet normal -6.087614e-01 7.933533e-01 0.000000e+00
    outer loop
      vertex   1.263884e+02 -1.118946e+02 1.212657e+02
      vertex   1.268026e+02 -1.115768e+02 1.212657e+02
      vertex   1.268026e+02 -1.115768e+02 1.101118e+02
    endloop
  endfacet
  facet normal -7.933533e-01 6.087614e-01 0.000000e+00
    outer loop
      vertex   1.268026e+02 -1.115768e+02 1.101118e+02
      vertex   1.268026e+02 -1.115768e+02 1.212657e+02
      vertex   1.271205e+02 -1.111626e+02 1.101118e+02
    endloop
  endfacet
  facet normal -7.933533e-01 6.087614e-01 0.000000e+00
    outer loop
      vertex   1.268026e+02 -1.115768e+02 1.101118e+02
      vertex   1.271205e+02 -1.111626e+02 1.101118e+02
      vertex   1.271205e+02 -1.111626e+02 9.895800e+01
    endloop
  endfacet
  facet normal -9.238795e-01 3.826834e-01 0.000000e+00
    outer loop
      vertex   1.271205e+02 -1.111626e+02 9.895800e+01
      vertex   1.271205e+02 -1.111626e+02 1.101118e+02
      vertex   1.273203e+02 -1.106802e+02 9.895800e+01
    endloop
  endfacet
  facet normal -9.238795e-01 3.826834e-01 0.000000e+00
    outer loop
      vertex   1.271205e+02 -1.111626e+02 9.895800e+01
      vertex   1.273203e+02 -1.106802e+02 9.895800e+01
      vertex   1.273203e+02 -1.106802e+02 8.780415e+01
    endloop
  endfacet
  facet normal -9.914449e-01 1.305262e-01 0.000000e+00
    outer loop
      vertex   1.273203e+02 -1.106802e+02 8.780415e+01
      vertex   1.273203e+02 -1.106802e+02 9.895800e+01
      vertex   1.273884e+02 -1.101626e+02 2.088107e+01
    endloop
  endfacet
  facet normal -9.914449e-01 1.305262e-01 0.000000e+00
    outer loop
      vertex   1.273203e+02 -1.106802e+02 8.780415e+01
      vertex   1.273884e+02 -1.101626e+02 2.088107e+01
      vertex   1.273203e+02 -1.106802e+02 7.665030e+01
    endloop
  endfacet
  facet normal -9.914449e-01 1.305262e-01 0.000000e+00
    outer loop
      vertex   1.273203e+02 -1.106802e+02 7.665030e+01
      vertex   1.273884e+02 -1.101626e+02 2.088107e+01
      vertex   1.273203e+02 -1.106802e+02 6.549646e+01
    endloop
  endfacet
  facet normal -9.238795e-01 3.826834e-01 0.000000e+00
    outer loop
      vertex   1.273203e+02 -1.106802e+02 7.665030e+01
      vertex   1.273203e+02 -1.106802e+02 6.549646e+01
      vertex   1.271205e+02 -1.111626e+02 7.665030e+01
    endloop
  endfacet
  facet normal -9.238795e-01 3.826834e-01 0.000000e+00
    outer loop
      vertex   1.271205e+02 -1.111626e+02 7.665030e+01
      vertex   1.273203e+02 -1.106802e+02 6.549646e+01
      vertex   1.271205e+02 -1.111626e+02 6.549646e+01
    endloop
  endfacet
  facet normal -7.933533e-01 6.087614e-01 0.000000e+00
    outer loop
      vertex   1.271205e+02 -1.111626e+02 7.665030e+01
      vertex   1.271205e+02 -1.111626e+02 6.549646e+01
      vertex   1.268026e+02 -1.115768e+02 7.665030e+01
    endloop
  endfacet
  facet normal -7.933533e-01 6.087614e-01 0.000000e+00
    outer loop
      vertex   1.268026e+02 -1.115768e+02 7.665030e+01
      vertex   1.271205e+02 -1.111626e+02 6.549646e+01
      vertex   1.268026e+02 -1.115768e+02 6.549646e+01
    endloop
  endfacet
  facet normal -6.087614e-01 7.933533e-01 0.000000e+00
    outer loop
      vertex   1.268026e+02 -1.115768e+02 7.665030e+01
      vertex   1.268026e+02 -1.115768e+02 6.549646e+01
      vertex   1.263884e+02 -1.118946e+02 7.665030e+01
    endloop
  endfacet
  facet normal -6.087614e-01 7.933533e-01 0.000000e+00
    outer loop
      vertex   1.263884e+02 -1.118946e+02 7.665030e+01
      vertex   1.268026e+02 -1.115768e+02 6.549646e+01
      vertex   1.263884e+02 -1.118946e+02 6.549646e+01
    endloop
  endfacet
  facet normal -3.826834e-01 9.238795e-01 0.000000e+00
    outer loop
      vertex   1.263884e+02 -1.118946e+02 7.665030e+01
      vertex   1.263884e+02 -1.118946e+02 6.549646e+01
      vertex   1.259061e+02 -1.120944e+02 7.665030e+01
    endloop
  endfacet
  facet normal -3.826834e-01 9.238795e-01 0.000000e+00
    outer loop
      vertex   1.259061e+02 -1.120944e+02 7.665030e+01
      vertex   1.263884e+02 -1.118946e+02 6.549646e+01
      vertex   1.259061e+02 -1.120944e+02 6.549646e+01
    endloop
  endfacet
  facet normal -1.305262e-01 9.914449e-01 0.000000e+00
    outer loop
      vertex   1.259061e+02 -1.120944e+02 7.665030e+01
      vertex   1.259061e+02 -1.120944e+02 6.549646e+01
      vertex   1.253884e+02 -1.121626e+02 2.088107e+01
    endloop
  endfacet
  facet normal -1.305262e-01 9.914449e-01 0.000000e+00
    outer loop
      vertex   1.253884e+02 -1.121626e+02 2.088107e+01
      vertex   1.259061e+02 -1.120944e+02 6.549646e+01
      vertex   1.259061e+02 -1.120944e+02 5.434261e+01
    endloop
  endfacet
  facet normal -1.305262e-01 9.914449e-01 0.000000e+00
    outer loop
      vertex   1.253884e+02 -1.121626e+02 2.088107e+01
      vertex   1.259061e+02 -1.120944e+02 5.434261e+01
      vertex   1.259061e+02 -1.120944e+02 4.318877e+01
    endloop
  endfacet
  facet normal -3.826834e-01 9.238795e-01 0.000000e+00
    outer loop
      vertex   1.259061e+02 -1.120944e+02 4.318877e+01
      vertex   1.259061e+02 -1.120944e+02 5.434261e+01
      vertex   1.263884e+02 -1.118946e+02 4.318877e+01
    endloop
  endfacet
  facet normal -3.826834e-01 9.238795e-01 0.000000e+00
    outer loop
      vertex   1.259061e+02 -1.120944e+02 4.318877e+01
      vertex   1.263884e+02 -1.118946e+02 4.318877e+01
      vertex   1.263884e+02 -1.118946e+02 3.203492e+01
    endloop
  endfacet
  facet normal -6.087614e-01 7.933533e-01 0.000000e+00
    outer loop
      vertex   1.263884e+02 -1.118946e+02 3.203492e+01
      vertex   1.263884e+02 -1.118946e+02 4.318877e+01
      vertex   1.268026e+02 -1.115768e+02 3.203492e+01
    endloop
  endfacet
  facet normal -6.087614e-01 7.933533e-01 0.000000e+00
    outer loop
      vertex   1.263884e+02 -1.118946e+02 3.203492e+01
      vertex   1.268026e+02 -1.115768e+02 3.203492e+01
      vertex   1.268026e+02 -1.115768e+02 2.088107e+01
    endloop
  endfacet
  facet normal -7.933533e-01 6.087614e-01 0.000000e+00
    outer loop
      vertex   1.268026e+02 -1.115768e+02 2.088107e+01
      vertex   1.268026e+02 -1.115768e+02 3.203492e+01
      vertex   1.271205e+02 -1.111626e+02 2.088107e+01
    endloop
  endfacet
  facet normal -7.933533e-01 6.087614e-01 0.000000e+00
    outer loop
      vertex   1.271205e+02 -1.111626e+02 2.088107e+01
      vertex   1.268026e+02 -1.115768e+02 3.203492e+01
      vertex   1.271205e+02 -1.111626e+02 3.203492e+01
    endloop
  endfacet
  facet normal -9.238795e-01 3.826834e-01 0.000000e+00
    outer loop
      vertex   1.271205e+02 -1.111626e+02 2.088107e+01
      vertex   1.271205e+02 -1.111626e+02 3.203492e+01
      vertex   1.273203e+02 -1.106802e+02 2.088107e+01
    endloop
  endfacet
  facet normal -9.238795e-01 3.826834e-01 0.000000e+00
    outer loop
      vertex   1.273203e+02 -1.106802e+02 2.088107e+01
      vertex   1.271205e+02 -1.111626e+02 3.203492e+01
      vertex   1.273203e+02 -1.106802e+02 3.203492e+01
    endloop
  endfacet
  facet normal -9.914449e-01 1.305262e-01 0.000000e+00
    outer loop
      vertex   1.273203e+02 -1.106802e+02 2.088107e+01
      vertex   1.273203e+02 -1.106802e+02 3.203492e+01
      vertex   1.273884e+02 -1.101626e+02 2.088107e+01
    endloop
  endfacet
  facet normal -9.914449e-01 1.305262e-01 0.000000e+00
    outer loop
      vertex   1.273884e+02 -1.101626e+02 2.088107e+01
      vertex   1.273203e+02 -1.106802e+02 3.203492e+01
      vertex   1.273203e+02 -1.106802e+02 4.318877e+01
    endloop
  endfacet
  facet normal -9.914449e-01 1.305262e-01 0.000000e+00
    outer loop
      vertex   1.273884e+02 -1.101626e+02 2.088107e+01
      vertex   1.273203e+02 -1.106802e+02 4.318877e+01
      vertex   1.273203e+02 -1.106802e+02 5.434261e+01
    endloop
  endfacet
  facet normal -9.238795e-01 3.826834e-01 0.000000e+00
    outer loop
      vertex   1.273203e+02 -1.106802e+02 5.434261e+01
      vertex   1.273203e+02 -1.106802e+02 4.318877e+01
      vertex   1.271205e+02 -1.111626e+02 5.434261e+01
    endloop
  endfacet
  facet normal -9.238795e-01 3.826834e-01 0.000000e+00
    outer loop
      vertex   1.273203e+02 -1.106802e+02 5.434261e+01
      vertex   1.271205e+02 -1.111626e+02 5.434261e+01
      vertex   1.271205e+02 -1.111626e+02 6.549646e+01
    endloop
  endfacet
  facet normal -7.933533e-01 6.087614e-01 0.000000e+00
    outer loop
      vertex   1.271205e+02 -1.111626e+02 6.549646e+01
      vertex   1.271205e+02 -1.111626e+02 5.434261e+01
      vertex   1.268026e+02 -1.115768e+02 6.549646e+01
    endloop
  endfacet
  facet normal -3.826834e-01 9.238795e-01 0.000000e+00
    outer loop
      vertex   1.259061e+02 -1.120944e+02 1.547272e+02
      vertex   1.259061e+02 -1.120944e+02 1.658811e+02
      vertex   1.263884e+02 -1.118946e+02 1.547272e+02
    endloop
  endfacet
  facet normal -3.826834e-01 9.238795e-01 0.000000e+00
    outer loop
      vertex   1.263884e+02 -1.118946e+02 1.547272e+02
      vertex   1.259061e+02 -1.120944e+02 1.658811e+02
      vertex   1.263884e+02 -1.118946e+02 1.658811e+02
    endloop
  endfacet
  facet normal -6.087614e-01 7.933533e-01 0.000000e+00
    outer loop
      vertex   1.263884e+02 -1.118946e+02 1.547272e+02
      vertex   1.263884e+02 -1.118946e+02 1.658811e+02
      vertex   1.268026e+02 -1.115768e+02 1.547272e+02
    endloop
  endfacet
  facet normal -6.087614e-01 7.933533e-01 0.000000e+00
    outer loop
      vertex   1.268026e+02 -1.115768e+02 1.547272e+02
      vertex   1.263884e+02 -1.118946e+02 1.658811e+02
      vertex   1.268026e+02 -1.115768e+02 1.658811e+02
    endloop
  endfacet
  facet normal -7.933533e-01 6.087614e-01 0.000000e+00
    outer loop
      vertex   1.268026e+02 -1.115768e+02 1.547272e+02
      vertex   1.268026e+02 -1.115768e+02 1.658811e+02
      vertex   1.271205e+02 -1.111626e+02 1.547272e+02
    endloop
  endfacet
  facet normal -7.933533e-01 6.087614e-01 0.000000e+00
    outer loop
      vertex   1.271205e+02 -1.111626e+02 1.547272e+02
      vertex   1.268026e+02 -1.115768e+02 1.658811e+02
      vertex   1.271205e+02 -1.111626e+02 1.658811e+02
    endloop
  endfacet
  facet normal -9.238795e-01 3.826834e-01 0.000000e+00
    outer loop
      vertex   1.271205e+02 -1.111626e+02 1.547272e+02
      vertex   1.271205e+02 -1.111626e+02 1.658811e+02
      vertex   1.273203e+02 -1.106802e+02 1.547272e+02
    endloop
  endfacet
  facet normal -9.238795e-01 3.826834e-01 0.000000e+00
    outer loop
      vertex   1.273203e+02 -1.106802e+02 1.547272e+02
      vertex   1.271205e+02 -1.111626e+02 1.658811e+02
      vertex   1.273203e+02 -1.106802e+02 1.658811e+02
    endloop
  endfacet
  facet normal -9.914449e-01 1.305262e-01 0.000000e+00
    outer loop
      vertex   1.273203e+02 -1.106802e+02 1.547272e+02
      vertex   1.273203e+02 -1.106802e+02 1.658811e+02
      vertex   1.273884e+02 -1.101626e+02 1.658811e+02
    endloop
  endfacet
  facet normal -9.914449e-01 1.305262e-01 0.000000e+00
    outer loop
      vertex   1.273884e+02 -1.101626e+02 2.088107e+01
      vertex   1.273203e+02 -1.106802e+02 9.895800e+01
      vertex   1.273884e+02 -1.101626e+02 1.658811e+02
    endloop
  endfacet
  facet normal -9.914449e-01 1.305262e-01 0.000000e+00
    outer loop
      vertex   1.273884e+02 -1.101626e+02 1.658811e+02
      vertex   1.273203e+02 -1.106802e+02 9.895800e+01
      vertex   1.273203e+02 -1.106802e+02 1.101118e+02
    endloop
  endfacet
  facet normal -9.914449e-01 1.305262e-01 0.000000e+00
    outer loop
      vertex   1.273884e+02 -1.101626e+02 1.658811e+02
      vertex   1.273203e+02 -1.106802e+02 1.101118e+02
      vertex   1.273203e+02 -1.106802e+02 1.212657e+02
    endloop
  endfacet
  facet normal -9.238795e-01 3.826834e-01 0.000000e+00
    outer loop
      vertex   1.273203e+02 -1.106802e+02 1.212657e+02
      vertex   1.273203e+02 -1.106802e+02 1.101118e+02
      vertex   1.271205e+02 -1.111626e+02 1.212657e+02
    endloop
  endfacet
  facet normal -9.238795e-01 3.826834e-01 0.000000e+00
    outer loop
      vertex   1.273203e+02 -1.106802e+02 1.212657e+02
      vertex   1.271205e+02 -1.111626e+02 1.212657e+02
      vertex   1.271205e+02 -1.111626e+02 1.324195e+02
    endloop
  endfacet
  facet normal -7.933533e-01 6.087614e-01 0.000000e+00
    outer loop
      vertex   1.271205e+02 -1.111626e+02 1.324195e+02
      vertex   1.271205e+02 -1.111626e+02 1.212657e+02
      vertex   1.268026e+02 -1.115768e+02 1.324195e+02
    endloop
  endfacet
  facet normal -7.933533e-01 6.087614e-01 0.000000e+00
    outer loop
      vertex   1.271205e+02 -1.111626e+02 1.324195e+02
      vertex   1.268026e+02 -1.115768e+02 1.324195e+02
      vertex   1.268026e+02 -1.115768e+02 1.435734e+02
    endloop
  endfacet
  facet normal -6.087614e-01 7.933533e-01 0.000000e+00
    outer loop
      vertex   1.268026e+02 -1.115768e+02 1.435734e+02
      vertex   1.268026e+02 -1.115768e+02 1.324195e+02
      vertex   1.263884e+02 -1.118946e+02 1.435734e+02
    endloop
  endfacet
  facet normal -6.087614e-01 7.933533e-01 0.000000e+00
    outer loop
      vertex   1.268026e+02 -1.115768e+02 1.435734e+02
      vertex   1.263884e+02 -1.118946e+02 1.435734e+02
      vertex   1.263884e+02 -1.118946e+02 1.547272e+02
    endloop
  endfacet
  facet normal -3.826834e-01 9.238795e-01 0.000000e+00
    outer loop
      vertex   1.263884e+02 -1.118946e+02 1.547272e+02
      vertex   1.263884e+02 -1.118946e+02 1.435734e+02
      vertex   1.259061e+02 -1.120944e+02 1.547272e+02
    endloop
  endfacet
  facet normal -6.087614e-01 7.933533e-01 0.000000e+00
    outer loop
      vertex   1.268026e+02 -1.115768e+02 2.088107e+01
      vertex   1.263884e+02 -1.118946e+02 2.088107e+01
      vertex   1.263884e+02 -1.118946e+02 3.203492e+01
    endloop
  endfacet
  facet normal -3.826834e-01 9.238795e-01 0.000000e+00
    outer loop
      vertex   1.263884e+02 -1.118946e+02 3.203492e+01
      vertex   1.263884e+02 -1.118946e+02 2.088107e+01
      vertex   1.259061e+02 -1.120944e+02 3.203492e+01
    endloop
  endfacet
  facet normal -3.826834e-01 9.238795e-01 0.000000e+00
    outer loop
      vertex   1.263884e+02 -1.118946e+02 3.203492e+01
      vertex   1.259061e+02 -1.120944e+02 3.203492e+01
      vertex   1.259061e+02 -1.120944e+02 4.318877e+01
    endloop
  endfacet
  facet normal -1.305262e-01 9.914449e-01 0.000000e+00
    outer loop
      vertex   1.259061e+02 -1.120944e+02 4.318877e+01
      vertex   1.259061e+02 -1.120944e+02 3.203492e+01
      vertex   1.253884e+02 -1.121626e+02 2.088107e+01
    endloop
  endfacet
  facet normal -3.826834e-01 9.238795e-01 0.000000e+00
    outer loop
      vertex   1.263884e+02 -1.118946e+02 2.088107e+01
      vertex   1.259061e+02 -1.120944e+02 2.088107e+01
      vertex   1.259061e+02 -1.120944e+02 3.203492e+01
    endloop
  endfacet
  facet normal -1.305262e-01 9.914449e-01 0.000000e+00
    outer loop
      vertex   1.259061e+02 -1.120944e+02 3.203492e+01
      vertex   1.259061e+02 -1.120944e+02 2.088107e+01
      vertex   1.253884e+02 -1.121626e+02 2.088107e+01
    endloop
  endfacet
  facet normal -1.305262e-01 9.914449e-01 0.000000e+00
    outer loop
      vertex   1.259061e+02 -1.120944e+02 7.665030e+01
      vertex   1.253884e+02 -1.121626e+02 2.088107e+01
      vertex   1.259061e+02 -1.120944e+02 8.780415e+01
    endloop
  endfacet
  facet normal -1.305262e-01 9.914449e-01 0.000000e+00
    outer loop
      vertex   1.259061e+02 -1.120944e+02 8.780415e+01
      vertex   1.253884e+02 -1.121626e+02 2.088107e+01
      vertex   1.253884e+02 -1.121626e+02 1.658811e+02
    endloop
  endfacet
  facet normal -1.305262e-01 9.914449e-01 0.000000e+00
    outer loop
      vertex   1.259061e+02 -1.120944e+02 8.780415e+01
      vertex   1.253884e+02 -1.121626e+02 1.658811e+02
      vertex   1.259061e+02 -1.120944e+02 9.895800e+01
    endloop
  endfacet
  facet normal -1.305262e-01 9.914449e-01 0.000000e+00
    outer loop
      vertex   1.259061e+02 -1.120944e+02 9.895800e+01
      vertex   1.253884e+02 -1.121626e+02 1.658811e+02
      vertex   1.259061e+02 -1.120944e+02 1.101118e+02
    endloop
  endfacet
  facet normal -3.826834e-01 9.238795e-01 0.000000e+00
    outer loop
      vertex   1.259061e+02 -1.120944e+02 9.895800e+01
      vertex   1.259061e+02 -1.120944e+02 1.101118e+02
      vertex   1.263884e+02 -1.118946e+02 9.895800e+01
    endloop
  endfacet
  facet normal -3.826834e-01 9.238795e-01 0.000000e+00
    outer loop
      vertex   1.263884e+02 -1.118946e+02 9.895800e+01
      vertex   1.259061e+02 -1.120944e+02 1.101118e+02
      vertex   1.263884e+02 -1.118946e+02 1.101118e+02
    endloop
  endfacet
  facet normal -6.087614e-01 7.933533e-01 0.000000e+00
    outer loop
      vertex   1.263884e+02 -1.118946e+02 9.895800e+01
      vertex   1.263884e+02 -1.118946e+02 1.101118e+02
      vertex   1.268026e+02 -1.115768e+02 9.895800e+01
    endloop
  endfacet
  facet normal -6.087614e-01 7.933533e-01 0.000000e+00
    outer loop
      vertex   1.268026e+02 -1.115768e+02 9.895800e+01
      vertex   1.263884e+02 -1.118946e+02 1.101118e+02
      vertex   1.268026e+02 -1.115768e+02 1.101118e+02
    endloop
  endfacet
  facet normal -7.933533e-01 6.087614e-01 0.000000e+00
    outer loop
      vertex   1.268026e+02 -1.115768e+02 9.895800e+01
      vertex   1.268026e+02 -1.115768e+02 1.101118e+02
      vertex   1.271205e+02 -1.111626e+02 9.895800e+01
    endloop
  endfacet
  facet normal -3.826834e-01 9.238795e-01 0.000000e+00
    outer loop
      vertex   1.263884e+02 -1.118946e+02 1.324195e+02
      vertex   1.259061e+02 -1.120944e+02 1.435734e+02
      vertex   1.263884e+02 -1.118946e+02 1.435734e+02
    endloop
  endfacet
  facet normal -3.826834e-01 9.238795e-01 0.000000e+00
    outer loop
      vertex   1.263884e+02 -1.118946e+02 1.435734e+02
      vertex   1.259061e+02 -1.120944e+02 1.435734e+02
      vertex   1.259061e+02 -1.120944e+02 1.547272e+02
    endloop
  endfacet
  facet normal -1.305262e-01 9.914449e-01 0.000000e+00
    outer loop
      vertex   1.259061e+02 -1.120944e+02 1.101118e+02
      vertex   1.253884e+02 -1.121626e+02 1.658811e+02
      vertex   1.259061e+02 -1.120944e+02 1.212657e+02
    endloop
  endfacet
  facet normal -1.305262e-01 9.914449e-01 0.000000e+00
    outer loop
      vertex   1.259061e+02 -1.120944e+02 1.212657e+02
      vertex   1.253884e+02 -1.121626e+02 1.658811e+02
      vertex   1.259061e+02 -1.120944e+02 1.324195e+02
    endloop
  endfacet
  facet normal -3.826834e-01 9.238795e-01 0.000000e+00
    outer loop
      vertex   1.259061e+02 -1.120944e+02 1.212657e+02
      vertex   1.259061e+02 -1.120944e+02 1.324195e+02
      vertex   1.263884e+02 -1.118946e+02 1.212657e+02
    endloop
  endfacet
  facet normal -3.826834e-01 9.238795e-01 0.000000e+00
    outer loop
      vertex   1.263884e+02 -1.118946e+02 1.101118e+02
      vertex   1.259061e+02 -1.120944e+02 1.101118e+02
      vertex   1.259061e+02 -1.120944e+02 1.212657e+02
    endloop
  endfacet
  facet normal -3.826834e-01 9.238795e-01 0.000000e+00
    outer loop
      vertex   1.263884e+02 -1.118946e+02 1.101118e+02
      vertex   1.259061e+02 -1.120944e+02 1.212657e+02
      vertex   1.263884e+02 -1.118946e+02 1.212657e+02
    endloop
  endfacet
  facet normal -3.826834e-01 9.238795e-01 0.000000e+00
    outer loop
      vertex   1.263884e+02 -1.118946e+02 7.665030e+01
      vertex   1.259061e+02 -1.120944e+02 7.665030e+01
      vertex   1.259061e+02 -1.120944e+02 8.780415e+01
    endloop
  endfacet
  facet normal -3.826834e-01 9.238795e-01 0.000000e+00
    outer loop
      vertex   1.259061e+02 -1.120944e+02 8.780415e+01
      vertex   1.259061e+02 -1.120944e+02 9.895800e+01
      vertex   1.263884e+02 -1.118946e+02 8.780415e+01
    endloop
  endfacet
  facet normal -3.826834e-01 9.238795e-01 0.000000e+00
    outer loop
      vertex   1.263884e+02 -1.118946e+02 8.780415e+01
      vertex   1.259061e+02 -1.120944e+02 9.895800e+01
      vertex   1.263884e+02 -1.118946e+02 9.895800e+01
    endloop
  endfacet
  facet normal -6.087614e-01 7.933533e-01 0.000000e+00
    outer loop
      vertex   1.263884e+02 -1.118946e+02 8.780415e+01
      vertex   1.263884e+02 -1.118946e+02 9.895800e+01
      vertex   1.268026e+02 -1.115768e+02 8.780415e+01
    endloop
  endfacet
  facet normal -6.087614e-01 7.933533e-01 0.000000e+00
    outer loop
      vertex   1.268026e+02 -1.115768e+02 8.780415e+01
      vertex   1.263884e+02 -1.118946e+02 9.895800e+01
      vertex   1.268026e+02 -1.115768e+02 9.895800e+01
    endloop
  endfacet
  facet normal -7.933533e-01 6.087614e-01 0.000000e+00
    outer loop
      vertex   1.268026e+02 -1.115768e+02 8.780415e+01
      vertex   1.268026e+02 -1.115768e+02 9.895800e+01
      vertex   1.271205e+02 -1.111626e+02 8.780415e+01
    endloop
  endfacet
  facet normal -7.933533e-01 6.087614e-01 0.000000e+00
    outer loop
      vertex   1.271205e+02 -1.111626e+02 8.780415e+01
      vertex   1.268026e+02 -1.115768e+02 9.895800e+01
      vertex   1.271205e+02 -1.111626e+02 9.895800e+01
    endloop
  endfacet
  facet normal -9.238795e-01 3.826834e-01 0.000000e+00
    outer loop
      vertex   1.271205e+02 -1.111626e+02 8.780415e+01
      vertex   1.271205e+02 -1.111626e+02 9.895800e+01
      vertex   1.273203e+02 -1.106802e+02 8.780415e+01
    endloop
  endfacet
  facet normal -3.826834e-01 9.238795e-01 0.000000e+00
    outer loop
      vertex   1.259061e+02 -1.120944e+02 5.434261e+01
      vertex   1.259061e+02 -1.120944e+02 6.549646e+01
      vertex   1.263884e+02 -1.118946e+02 5.434261e+01
    endloop
  endfacet
  facet normal -3.826834e-01 9.238795e-01 0.000000e+00
    outer loop
      vertex   1.263884e+02 -1.118946e+02 5.434261e+01
      vertex   1.259061e+02 -1.120944e+02 6.549646e+01
      vertex   1.263884e+02 -1.118946e+02 6.549646e+01
    endloop
  endfacet
  facet normal -6.087614e-01 7.933533e-01 0.000000e+00
    outer loop
      vertex   1.263884e+02 -1.118946e+02 5.434261e+01
      vertex   1.263884e+02 -1.118946e+02 6.549646e+01
      vertex   1.268026e+02 -1.115768e+02 5.434261e+01
    endloop
  endfacet
  facet normal -6.087614e-01 7.933533e-01 0.000000e+00
    outer loop
      vertex   1.268026e+02 -1.115768e+02 5.434261e+01
      vertex   1.263884e+02 -1.118946e+02 6.549646e+01
      vertex   1.268026e+02 -1.115768e+02 6.549646e+01
    endloop
  endfacet
  facet normal -7.933533e-01 6.087614e-01 0.000000e+00
    outer loop
      vertex   1.268026e+02 -1.115768e+02 5.434261e+01
      vertex   1.268026e+02 -1.115768e+02 6.549646e+01
      vertex   1.271205e+02 -1.111626e+02 5.434261e+01
    endloop
  endfacet
  facet normal -6.087614e-01 7.933533e-01 0.000000e+00
    outer loop
      vertex   1.268026e+02 -1.115768e+02 1.435734e+02
      vertex   1.263884e+02 -1.118946e+02 1.547272e+02
      vertex   1.268026e+02 -1.115768e+02 1.547272e+02
    endloop
  endfacet
  facet normal -6.087614e-01 7.933533e-01 0.000000e+00
    outer loop
      vertex   1.268026e+02 -1.115768e+02 1.212657e+02
      vertex   1.263884e+02 -1.118946e+02 1.324195e+02
      vertex   1.268026e+02 -1.115768e+02 1.324195e+02
    endloop
  endfacet
  facet normal -6.087614e-01 7.933533e-01 0.000000e+00
    outer loop
      vertex   1.268026e+02 -1.115768e+02 1.324195e+02
      vertex   1.263884e+02 -1.118946e+02 1.324195e+02
      vertex   1.263884e+02 -1.118946e+02 1.435734e+02
    endloop
  endfacet
  facet normal -6.087614e-01 7.933533e-01 0.000000e+00
    outer loop
      vertex   1.268026e+02 -1.115768e+02 1.101118e+02
      vertex   1.263884e+02 -1.118946e+02 1.101118e+02
      vertex   1.263884e+02 -1.118946e+02 1.212657e+02
    endloop
  endfacet
  facet normal -6.087614e-01 7.933533e-01 0.000000e+00
    outer loop
      vertex   1.268026e+02 -1.115768e+02 7.665030e+01
      vertex   1.263884e+02 -1.118946e+02 7.665030e+01
      vertex   1.263884e+02 -1.118946e+02 8.780415e+01
    endloop
  endfacet
  facet normal -3.826834e-01 9.238795e-01 0.000000e+00
    outer loop
      vertex   1.263884e+02 -1.118946e+02 8.780415e+01
      vertex   1.263884e+02 -1.118946e+02 7.665030e+01
      vertex   1.259061e+02 -1.120944e+02 8.780415e+01
    endloop
  endfacet
  facet normal -6.087614e-01 7.933533e-01 0.000000e+00
    outer loop
      vertex   1.268026e+02 -1.115768e+02 7.665030e+01
      vertex   1.263884e+02 -1.118946e+02 8.780415e+01
      vertex   1.268026e+02 -1.115768e+02 8.780415e+01
    endloop
  endfacet
  facet normal -3.826834e-01 9.238795e-01 0.000000e+00
    outer loop
      vertex   1.259061e+02 -1.120944e+02 5.434261e+01
      vertex   1.263884e+02 -1.118946e+02 5.434261e+01
      vertex   1.263884e+02 -1.118946e+02 4.318877e+01
    endloop
  endfacet
  facet normal -6.087614e-01 7.933533e-01 0.000000e+00
    outer loop
      vertex   1.263884e+02 -1.118946e+02 4.318877e+01
      vertex   1.263884e+02 -1.118946e+02 5.434261e+01
      vertex   1.268026e+02 -1.115768e+02 4.318877e+01
    endloop
  endfacet
  facet normal -6.087614e-01 7.933533e-01 0.000000e+00
    outer loop
      vertex   1.263884e+02 -1.118946e+02 4.318877e+01
      vertex   1.268026e+02 -1.115768e+02 4.318877e+01
      vertex   1.268026e+02 -1.115768e+02 3.203492e+01
    endloop
  endfacet
  facet normal -7.933533e-01 6.087614e-01 0.000000e+00
    outer loop
      vertex   1.268026e+02 -1.115768e+02 3.203492e+01
      vertex   1.268026e+02 -1.115768e+02 4.318877e+01
      vertex   1.271205e+02 -1.111626e+02 3.203492e+01
    endloop
  endfacet
  facet normal -6.087614e-01 7.933533e-01 0.000000e+00
    outer loop
      vertex   1.268026e+02 -1.115768e+02 4.318877e+01
      vertex   1.263884e+02 -1.118946e+02 5.434261e+01
      vertex   1.268026e+02 -1.115768e+02 5.434261e+01
    endloop
  endfacet
  facet normal -7.933533e-01 6.087614e-01 0.000000e+00
    outer loop
      vertex   1.268026e+02 -1.115768e+02 1.435734e+02
      vertex   1.268026e+02 -1.115768e+02 1.547272e+02
      vertex   1.271205e+02 -1.111626e+02 1.435734e+02
    endloop
  endfacet
  facet normal -7.933533e-01 6.087614e-01 0.000000e+00
    outer loop
      vertex   1.271205e+02 -1.111626e+02 1.435734e+02
      vertex   1.268026e+02 -1.115768e+02 1.547272e+02
      vertex   1.271205e+02 -1.111626e+02 1.547272e+02
    endloop
  endfacet
  facet normal -9.238795e-01 3.826834e-01 0.000000e+00
    outer loop
      vertex   1.271205e+02 -1.111626e+02 1.435734e+02
      vertex   1.271205e+02 -1.111626e+02 1.547272e+02
      vertex   1.273203e+02 -1.106802e+02 1.435734e+02
    endloop
  endfacet
  facet normal -9.238795e-01 3.826834e-01 0.000000e+00
    outer loop
      vertex   1.273203e+02 -1.106802e+02 1.435734e+02
      vertex   1.271205e+02 -1.111626e+02 1.547272e+02
      vertex   1.273203e+02 -1.106802e+02 1.547272e+02
    endloop
  endfacet
  facet normal -9.914449e-01 1.305262e-01 0.000000e+00
    outer loop
      vertex   1.273203e+02 -1.106802e+02 1.435734e+02
      vertex   1.273203e+02 -1.106802e+02 1.547272e+02
      vertex   1.273884e+02 -1.101626e+02 1.658811e+02
    endloop
  endfacet
  facet normal -7.933533e-01 6.087614e-01 0.000000e+00
    outer loop
      vertex   1.271205e+02 -1.111626e+02 1.101118e+02
      vertex   1.268026e+02 -1.115768e+02 1.212657e+02
      vertex   1.271205e+02 -1.111626e+02 1.212657e+02
    endloop
  endfacet
  facet normal -7.933533e-01 6.087614e-01 0.000000e+00
    outer loop
      vertex   1.271205e+02 -1.111626e+02 1.212657e+02
      vertex   1.268026e+02 -1.115768e+02 1.212657e+02
      vertex   1.268026e+02 -1.115768e+02 1.324195e+02
    endloop
  endfacet
  facet normal -7.933533e-01 6.087614e-01 0.000000e+00
    outer loop
      vertex   1.271205e+02 -1.111626e+02 7.665030e+01
      vertex   1.268026e+02 -1.115768e+02 7.665030e+01
      vertex   1.268026e+02 -1.115768e+02 8.780415e+01
    endloop
  endfacet
  facet normal -7.933533e-01 6.087614e-01 0.000000e+00
    outer loop
      vertex   1.271205e+02 -1.111626e+02 7.665030e+01
      vertex   1.268026e+02 -1.115768e+02 8.780415e+01
      vertex   1.271205e+02 -1.111626e+02 8.780415e+01
    endloop
  endfacet
  facet normal -7.933533e-01 6.087614e-01 0.000000e+00
    outer loop
      vertex   1.268026e+02 -1.115768e+02 4.318877e+01
      vertex   1.268026e+02 -1.115768e+02 5.434261e+01
      vertex   1.271205e+02 -1.111626e+02 4.318877e+01
    endloop
  endfacet
  facet normal -7.933533e-01 6.087614e-01 0.000000e+00
    outer loop
      vertex   1.271205e+02 -1.111626e+02 4.318877e+01
      vertex   1.268026e+02 -1.115768e+02 5.434261e+01
      vertex   1.271205e+02 -1.111626e+02 5.434261e+01
    endloop
  endfacet
  facet normal -9.238795e-01 3.826834e-01 0.000000e+00
    outer loop
      vertex   1.271205e+02 -1.111626e+02 4.318877e+01
      vertex   1.271205e+02 -1.111626e+02 5.434261e+01
      vertex   1.273203e+02 -1.106802e+02 4.318877e+01
    endloop
  endfacet
  facet normal -7.933533e-01 6.087614e-01 0.000000e+00
    outer loop
      vertex   1.268026e+02 -1.115768e+02 1.435734e+02
      vertex   1.271205e+02 -1.111626e+02 1.435734e+02
      vertex   1.271205e+02 -1.111626e+02 1.324195e+02
    endloop
  endfacet
  facet normal -9.238795e-01 3.826834e-01 0.000000e+00
    outer loop
      vertex   1.271205e+02 -1.111626e+02 1.324195e+02
      vertex   1.271205e+02 -1.111626e+02 1.435734e+02
      vertex   1.273203e+02 -1.106802e+02 1.324195e+02
    endloop
  endfacet
  facet normal -9.238795e-01 3.826834e-01 0.000000e+00
    outer loop
      vertex   1.271205e+02 -1.111626e+02 1.324195e+02
      vertex   1.273203e+02 -1.106802e+02 1.324195e+02
      vertex   1.273203e+02 -1.106802e+02 1.212657e+02
    endloop
  endfacet
  facet normal -9.914449e-01 1.305262e-01 0.000000e+00
    outer loop
      vertex   1.273203e+02 -1.106802e+02 1.212657e+02
      vertex   1.273203e+02 -1.106802e+02 1.324195e+02
      vertex   1.273884e+02 -1.101626e+02 1.658811e+02
    endloop
  endfacet
  facet normal -9.238795e-01 3.826834e-01 0.000000e+00
    outer loop
      vertex   1.273203e+02 -1.106802e+02 1.324195e+02
      vertex   1.271205e+02 -1.111626e+02 1.435734e+02
      vertex   1.273203e+02 -1.106802e+02 1.435734e+02
    endloop
  endfacet
  facet normal -9.238795e-01 3.826834e-01 0.000000e+00
    outer loop
      vertex   1.273203e+02 -1.106802e+02 9.895800e+01
      vertex   1.271205e+02 -1.111626e+02 1.101118e+02
      vertex   1.273203e+02 -1.106802e+02 1.101118e+02
    endloop
  endfacet
  facet normal -9.238795e-01 3.826834e-01 0.000000e+00
    outer loop
      vertex   1.273203e+02 -1.106802e+02 1.101118e+02
      vertex   1.271205e+02 -1.111626e+02 1.101118e+02
      vertex   1.271205e+02 -1.111626e+02 1.212657e+02
    endloop
  endfacet
  facet normal -9.238795e-01 3.826834e-01 0.000000e+00
    outer loop
      vertex   1.273203e+02 -1.106802e+02 7.665030e+01
      vertex   1.271205e+02 -1.111626e+02 7.665030e+01
      vertex   1.271205e+02 -1.111626e+02 8.780415e+01
    endloop
  endfacet
  facet normal -9.238795e-01 3.826834e-01 0.000000e+00
    outer loop
      vertex   1.273203e+02 -1.106802e+02 7.665030e+01
      vertex   1.271205e+02 -1.111626e+02 8.780415e+01
      vertex   1.273203e+02 -1.106802e+02 8.780415e+01
    endloop
  endfacet
  facet normal -9.238795e-01 3.826834e-01 0.000000e+00
    outer loop
      vertex   1.273203e+02 -1.106802e+02 5.434261e+01
      vertex   1.271205e+02 -1.111626e+02 6.549646e+01
      vertex   1.273203e+02 -1.106802e+02 6.549646e+01
    endloop
  endfacet
  facet normal -9.238795e-01 3.826834e-01 0.000000e+00
    outer loop
      vertex   1.273203e+02 -1.106802e+02 3.203492e+01
      vertex   1.271205e+02 -1.111626e+02 3.203492e+01
      vertex   1.271205e+02 -1.111626e+02 4.318877e+01
    endloop
  endfacet
  facet normal -7.933533e-01 6.087614e-01 0.000000e+00
    outer loop
      vertex   1.271205e+02 -1.111626e+02 4.318877e+01
      vertex   1.271205e+02 -1.111626e+02 3.203492e+01
      vertex   1.268026e+02 -1.115768e+02 4.318877e+01
    endloop
  endfacet
  facet normal -9.238795e-01 3.826834e-01 0.000000e+00
    outer loop
      vertex   1.273203e+02 -1.106802e+02 3.203492e+01
      vertex   1.271205e+02 -1.111626e+02 4.318877e+01
      vertex   1.273203e+02 -1.106802e+02 4.318877e+01
    endloop
  endfacet
  facet normal -9.914449e-01 1.305262e-01 0.000000e+00
    outer loop
      vertex   1.273884e+02 -1.101626e+02 1.658811e+02
      vertex   1.273203e+02 -1.106802e+02 1.324195e+02
      vertex   1.273203e+02 -1.106802e+02 1.435734e+02
    endloop
  endfacet
  facet normal -9.914449e-01 1.305262e-01 0.000000e+00
    outer loop
      vertex   1.273884e+02 -1.101626e+02 2.088107e+01
      vertex   1.273203e+02 -1.106802e+02 5.434261e+01
      vertex   1.273203e+02 -1.106802e+02 6.549646e+01
    endloop
  endfacet
  facet normal -7.071068e-01 0.000000e+00 7.071068e-01
    outer loop
      vertex   1.273884e+02 -5.516258e+01 2.088107e+01
      vertex   1.263884e+02 -5.516258e+01 1.988107e+01
      vertex   1.273884e+02 -1.101626e+02 2.088107e+01
    endloop
  endfacet
  facet normal -7.071068e-01 0.000000e+00 7.071068e-01
    outer loop
      vertex   1.273884e+02 -1.101626e+02 2.088107e+01
      vertex   1.263884e+02 -5.516258e+01 1.988107e+01
      vertex   1.263884e+02 -1.101626e+02 1.988107e+01
    endloop
  endfacet
  facet normal -9.269160e-02 7.040626e-01 7.040626e-01
    outer loop
      vertex   1.253884e+02 -1.111626e+02 1.988107e+01
      vertex   1.253884e+02 -1.121626e+02 2.088107e+01
      vertex   1.256472e+02 -1.111285e+02 1.988107e+01
    endloop
  endfacet
  facet normal -9.269160e-02 7.040626e-01 7.040626e-01
    outer loop
      vertex   1.256472e+02 -1.111285e+02 1.988107e+01
      vertex   1.253884e+02 -1.121626e+02 2.088107e+01
      vertex   1.259061e+02 -1.120944e+02 2.088107e+01
    endloop
  endfacet
  facet normal -2.717580e-01 6.560819e-01 7.040626e-01
    outer loop
      vertex   1.256472e+02 -1.111285e+02 1.988107e+01
      vertex   1.259061e+02 -1.120944e+02 2.088107e+01
      vertex   1.258884e+02 -1.110286e+02 1.988107e+01
    endloop
  endfacet
  facet normal -2.717580e-01 6.560819e-01 7.040626e-01
    outer loop
      vertex   1.258884e+02 -1.110286e+02 1.988107e+01
      vertex   1.259061e+02 -1.120944e+02 2.088107e+01
      vertex   1.263884e+02 -1.118946e+02 2.088107e+01
    endloop
  endfacet
  facet normal -4.323046e-01 5.633903e-01 7.040626e-01
    outer loop
      vertex   1.258884e+02 -1.110286e+02 1.988107e+01
      vertex   1.263884e+02 -1.118946e+02 2.088107e+01
      vertex   1.260955e+02 -1.108697e+02 1.988107e+01
    endloop
  endfacet
  facet normal -4.323046e-01 5.633903e-01 7.040626e-01
    outer loop
      vertex   1.260955e+02 -1.108697e+02 1.988107e+01
      vertex   1.263884e+02 -1.118946e+02 2.088107e+01
      vertex   1.268026e+02 -1.115768e+02 2.088107e+01
    endloop
  endfacet
  facet normal -5.633903e-01 4.323046e-01 7.040626e-01
    outer loop
      vertex   1.260955e+02 -1.108697e+02 1.988107e+01
      vertex   1.268026e+02 -1.115768e+02 2.088107e+01
      vertex   1.262544e+02 -1.106626e+02 1.988107e+01
    endloop
  endfacet
  facet normal -5.633903e-01 4.323046e-01 7.040626e-01
    outer loop
      vertex   1.262544e+02 -1.106626e+02 1.988107e+01
      vertex   1.268026e+02 -1.115768e+02 2.088107e+01
      vertex   1.271205e+02 -1.111626e+02 2.088107e+01
    endloop
  endfacet
  facet normal -6.560819e-01 2.717580e-01 7.040626e-01
    outer loop
      vertex   1.262544e+02 -1.106626e+02 1.988107e+01
      vertex   1.271205e+02 -1.111626e+02 2.088107e+01
      vertex   1.263543e+02 -1.104214e+02 1.988107e+01
    endloop
  endfacet
  facet normal -6.560819e-01 2.717580e-01 7.040626e-01
    outer loop
      vertex   1.263543e+02 -1.104214e+02 1.988107e+01
      vertex   1.271205e+02 -1.111626e+02 2.088107e+01
      vertex   1.273203e+02 -1.106802e+02 2.088107e+01
    endloop
  endfacet
  facet normal -7.040626e-01 9.269160e-02 7.040626e-01
    outer loop
      vertex   1.263543e+02 -1.104214e+02 1.988107e+01
      vertex   1.273203e+02 -1.106802e+02 2.088107e+01
      vertex   1.263884e+02 -1.101626e+02 1.988107e+01
    endloop
  endfacet
  facet normal -7.040626e-01 9.269160e-02 7.040626e-01
    outer loop
      vertex   1.263884e+02 -1.101626e+02 1.988107e+01
      vertex   1.273203e+02 -1.106802e+02 2.088107e+01
      vertex   1.273884e+02 -1.101626e+02 2.088107e+01
    endloop
  endfacet
  facet normal 7.942014e-02 -7.048732e-01 -7.048732e-01
    outer loop
      vertex   1.253884e+02 -1.141626e+02 1.988107e+01
      vertex   1.253884e+02 -1.111626e+02 1.688107e+01
      vertex   1.262785e+02 -1.140623e+02 1.988107e+01
    endloop
  endfacet
  facet normal 9.243322e-02 -7.021000e-01 -7.060536e-01
    outer loop
      vertex   1.262785e+02 -1.140623e+02 1.988107e+01
      vertex   1.253884e+02 -1.111626e+02 1.688107e+01
      vertex   1.256472e+02 -1.111285e+02 1.688107e+01
    endloop
  endfacet
  facet normal 2.344143e-01 -6.699176e-01 -7.044574e-01
    outer loop
      vertex   1.262785e+02 -1.140623e+02 1.988107e+01
      vertex   1.256472e+02 -1.111285e+02 1.688107e+01
      vertex   1.271240e+02 -1.137665e+02 1.988107e+01
    endloop
  endfacet
  facet normal 2.704960e-01 -6.530352e-01 -7.073733e-01
    outer loop
      vertex   1.271240e+02 -1.137665e+02 1.988107e+01
      vertex   1.256472e+02 -1.111285e+02 1.688107e+01
      vertex   1.258884e+02 -1.110286e+02 1.688107e+01
    endloop
  endfacet
  facet normal 3.777397e-01 -6.011694e-01 -7.042074e-01
    outer loop
      vertex   1.271240e+02 -1.137665e+02 1.988107e+01
      vertex   1.258884e+02 -1.110286e+02 1.688107e+01
      vertex   1.278824e+02 -1.132899e+02 1.988107e+01
    endloop
  endfacet
  facet normal 4.298961e-01 -5.602515e-01 -7.080308e-01
    outer loop
      vertex   1.278824e+02 -1.132899e+02 1.988107e+01
      vertex   1.258884e+02 -1.110286e+02 1.688107e+01
      vertex   1.260955e+02 -1.108697e+02 1.688107e+01
    endloop
  endfacet
  facet normal 5.021003e-01 -5.021003e-01 -7.041240e-01
    outer loop
      vertex   1.278824e+02 -1.132899e+02 1.988107e+01
      vertex   1.260955e+02 -1.108697e+02 1.688107e+01
      vertex   1.285157e+02 -1.126565e+02 1.988107e+01
    endloop
  endfacet
  facet normal 5.602515e-01 -4.298961e-01 -7.080308e-01
    outer loop
      vertex   1.285157e+02 -1.126565e+02 1.988107e+01
      vertex   1.260955e+02 -1.108697e+02 1.688107e+01
      vertex   1.262544e+02 -1.106626e+02 1.688107e+01
    endloop
  endfacet
  facet normal 6.011694e-01 -3.777397e-01 -7.042074e-01
    outer loop
      vertex   1.285157e+02 -1.126565e+02 1.988107e+01
      vertex   1.262544e+02 -1.106626e+02 1.688107e+01
      vertex   1.289923e+02 -1.118981e+02 1.988107e+01
    endloop
  endfacet
  facet normal 6.530352e-01 -2.704960e-01 -7.073733e-01
    outer loop
      vertex   1.289923e+02 -1.118981e+02 1.988107e+01
      vertex   1.262544e+02 -1.106626e+02 1.688107e+01
      vertex   1.263543e+02 -1.104214e+02 1.688107e+01
    endloop
  endfacet
  facet normal 6.699176e-01 -2.344143e-01 -7.044574e-01
    outer loop
      vertex   1.289923e+02 -1.118981e+02 1.988107e+01
      vertex   1.263543e+02 -1.104214e+02 1.688107e+01
      vertex   1.292881e+02 -1.110527e+02 1.988107e+01
    endloop
  endfacet
  facet normal 7.021000e-01 -9.243322e-02 -7.060536e-01
    outer loop
      vertex   1.292881e+02 -1.110527e+02 1.988107e+01
      vertex   1.263543e+02 -1.104214e+02 1.688107e+01
      vertex   1.263884e+02 -1.101626e+02 1.688107e+01
    endloop
  endfacet
  facet normal 7.048732e-01 -7.942014e-02 -7.048732e-01
    outer loop
      vertex   1.292881e+02 -1.110527e+02 1.988107e+01
      vertex   1.263884e+02 -1.101626e+02 1.688107e+01
      vertex   1.293884e+02 -1.101626e+02 1.988107e+01
    endloop
  endfacet
  facet normal 7.071068e-01 -7.975073e-17 -7.071068e-01
    outer loop
      vertex   1.293884e+02 -1.101626e+02 1.988107e+01
      vertex   1.263884e+02 -1.101626e+02 1.688107e+01
      vertex   1.293884e+02 -4.716258e+01 1.988107e+01
    endloop
  endfacet
  facet normal 7.071068e-01 0.000000e+00 -7.071068e-01
    outer loop
      vertex   1.293884e+02 -4.716258e+01 1.988107e+01
      vertex   1.263884e+02 -1.101626e+02 1.688107e+01
      vertex   1.263884e+02 -4.716258e+01 1.688107e+01
    endloop
  endfacet
  facet normal -7.040626e-01 -9.269160e-02 7.040626e-01
    outer loop
      vertex   1.273884e+02 -5.516258e+01 1.658811e+02
      vertex   1.283884e+02 -5.516258e+01 1.668811e+02
      vertex   1.273203e+02 -5.464495e+01 1.658811e+02
    endloop
  endfacet
  facet normal -7.040626e-01 -9.269160e-02 7.040626e-01
    outer loop
      vertex   1.273203e+02 -5.464495e+01 1.658811e+02
      vertex   1.283884e+02 -5.516258e+01 1.668811e+02
      vertex   1.282862e+02 -5.438613e+01 1.668811e+02
    endloop
  endfacet
  facet normal -6.560819e-01 -2.717580e-01 7.040626e-01
    outer loop
      vertex   1.273203e+02 -5.464495e+01 1.658811e+02
      vertex   1.282862e+02 -5.438613e+01 1.668811e+02
      vertex   1.271205e+02 -5.416258e+01 1.658811e+02
    endloop
  endfacet
  facet normal -6.560819e-01 -2.717580e-01 7.040626e-01
    outer loop
      vertex   1.271205e+02 -5.416258e+01 1.658811e+02
      vertex   1.282862e+02 -5.438613e+01 1.668811e+02
      vertex   1.279865e+02 -5.366258e+01 1.668811e+02
    endloop
  endfacet
  facet normal -5.633903e-01 -4.323046e-01 7.040626e-01
    outer loop
      vertex   1.271205e+02 -5.416258e+01 1.658811e+02
      vertex   1.279865e+02 -5.366258e+01 1.668811e+02
      vertex   1.268026e+02 -5.374837e+01 1.658811e+02
    endloop
  endfacet
  facet normal -5.633903e-01 -4.323046e-01 7.040626e-01
    outer loop
      vertex   1.268026e+02 -5.374837e+01 1.658811e+02
      vertex   1.279865e+02 -5.366258e+01 1.668811e+02
      vertex   1.275097e+02 -5.304126e+01 1.668811e+02
    endloop
  endfacet
  facet normal -4.323046e-01 -5.633903e-01 7.040626e-01
    outer loop
      vertex   1.268026e+02 -5.374837e+01 1.658811e+02
      vertex   1.275097e+02 -5.304126e+01 1.668811e+02
      vertex   1.263884e+02 -5.343053e+01 1.658811e+02
    endloop
  endfacet
  facet normal -4.323046e-01 -5.633903e-01 7.040626e-01
    outer loop
      vertex   1.263884e+02 -5.343053e+01 1.658811e+02
      vertex   1.275097e+02 -5.304126e+01 1.668811e+02
      vertex   1.268884e+02 -5.256451e+01 1.668811e+02
    endloop
  endfacet
  facet normal -2.717580e-01 -6.560819e-01 7.040626e-01
    outer loop
      vertex   1.263884e+02 -5.343053e+01 1.658811e+02
      vertex   1.268884e+02 -5.256451e+01 1.668811e+02
      vertex   1.259061e+02 -5.323073e+01 1.658811e+02
    endloop
  endfacet
  facet normal -2.717580e-01 -6.560819e-01 7.040626e-01
    outer loop
      vertex   1.259061e+02 -5.323073e+01 1.658811e+02
      vertex   1.268884e+02 -5.256451e+01 1.668811e+02
      vertex   1.261649e+02 -5.226481e+01 1.668811e+02
    endloop
  endfacet
  facet normal -9.269160e-02 -7.040626e-01 7.040626e-01
    outer loop
      vertex   1.259061e+02 -5.323073e+01 1.658811e+02
      vertex   1.261649e+02 -5.226481e+01 1.668811e+02
      vertex   1.253884e+02 -5.316258e+01 1.658811e+02
    endloop
  endfacet
  facet normal -9.269160e-02 -7.040626e-01 7.040626e-01
    outer loop
      vertex   1.253884e+02 -5.316258e+01 1.658811e+02
      vertex   1.261649e+02 -5.226481e+01 1.668811e+02
      vertex   1.253884e+02 -5.216258e+01 1.668811e+02
    endloop
  endfacet
  facet normal -7.071068e-01 0.000000e+00 7.071068e-01
    outer loop
      vertex   1.283884e+02 -5.516258e+01 1.668811e+02
      vertex   1.273884e+02 -5.516258e+01 1.658811e+02
      vertex   1.283884e+02 -1.101626e+02 1.668811e+02
    endloop
  endfacet
  facet normal -7.071068e-01 0.000000e+00 7.071068e-01
    outer loop
      vertex   1.283884e+02 -1.101626e+02 1.668811e+02
      vertex   1.273884e+02 -5.516258e+01 1.658811e+02
      vertex   1.273884e+02 -1.101626e+02 1.658811e+02
    endloop
  endfacet
  facet normal -9.269160e-02 7.040626e-01 7.040626e-01
    outer loop
      vertex   1.253884e+02 -1.121626e+02 1.658811e+02
      vertex   1.253884e+02 -1.131626e+02 1.668811e+02
      vertex   1.259061e+02 -1.120944e+02 1.658811e+02
    endloop
  endfacet
  facet normal -9.269160e-02 7.040626e-01 7.040626e-01
    outer loop
      vertex   1.259061e+02 -1.120944e+02 1.658811e+02
      vertex   1.253884e+02 -1.131626e+02 1.668811e+02
      vertex   1.261649e+02 -1.130604e+02 1.668811e+02
    endloop
  endfacet
  facet normal -2.717580e-01 6.560819e-01 7.040626e-01
    outer loop
      vertex   1.259061e+02 -1.120944e+02 1.658811e+02
      vertex   1.261649e+02 -1.130604e+02 1.668811e+02
      vertex   1.263884e+02 -1.118946e+02 1.658811e+02
    endloop
  endfacet
  facet normal -2.717580e-01 6.560819e-01 7.040626e-01
    outer loop
      vertex   1.263884e+02 -1.118946e+02 1.658811e+02
      vertex   1.261649e+02 -1.130604e+02 1.668811e+02
      vertex   1.268884e+02 -1.127607e+02 1.668811e+02
    endloop
  endfacet
  facet normal -4.323046e-01 5.633903e-01 7.040626e-01
    outer loop
      vertex   1.263884e+02 -1.118946e+02 1.658811e+02
      vertex   1.268884e+02 -1.127607e+02 1.668811e+02
      vertex   1.268026e+02 -1.115768e+02 1.658811e+02
    endloop
  endfacet
  facet normal -4.323046e-01 5.633903e-01 7.040626e-01
    outer loop
      vertex   1.268026e+02 -1.115768e+02 1.658811e+02
      vertex   1.268884e+02 -1.127607e+02 1.668811e+02
      vertex   1.275097e+02 -1.122839e+02 1.668811e+02
    endloop
  endfacet
  facet normal -5.633903e-01 4.323046e-01 7.040626e-01
    outer loop
      vertex   1.268026e+02 -1.115768e+02 1.658811e+02
      vertex   1.275097e+02 -1.122839e+02 1.668811e+02
      vertex   1.271205e+02 -1.111626e+02 1.658811e+02
    endloop
  endfacet
  facet normal -5.633903e-01 4.323046e-01 7.040626e-01
    outer loop
      vertex   1.271205e+02 -1.111626e+02 1.658811e+02
      vertex   1.275097e+02 -1.122839e+02 1.668811e+02
      vertex   1.279865e+02 -1.116626e+02 1.668811e+02
    endloop
  endfacet
  facet normal -6.560819e-01 2.717580e-01 7.040626e-01
    outer loop
      vertex   1.271205e+02 -1.111626e+02 1.658811e+02
      vertex   1.279865e+02 -1.116626e+02 1.668811e+02
      vertex   1.273203e+02 -1.106802e+02 1.658811e+02
    endloop
  endfacet
  facet normal -6.560819e-01 2.717580e-01 7.040626e-01
    outer loop
      vertex   1.273203e+02 -1.106802e+02 1.658811e+02
      vertex   1.279865e+02 -1.116626e+02 1.668811e+02
      vertex   1.282862e+02 -1.109390e+02 1.668811e+02
    endloop
  endfacet
  facet normal -7.040626e-01 9.269160e-02 7.040626e-01
    outer loop
      vertex   1.273203e+02 -1.106802e+02 1.658811e+02
      vertex   1.282862e+02 -1.109390e+02 1.668811e+02
      vertex   1.273884e+02 -1.101626e+02 1.658811e+02
    endloop
  endfacet
  facet normal -7.040626e-01 9.269160e-02 7.040626e-01
    outer loop
      vertex   1.273884e+02 -1.101626e+02 1.658811e+02
      vertex   1.282862e+02 -1.109390e+02 1.668811e+02
      vertex   1.283884e+02 -1.101626e+02 1.668811e+02
    endloop
  endfacet
  facet normal -9.937122e-01 -1.119645e-01 0.000000e+00
    outer loop
      vertex   1.978871e+01 -1.110527e+02 1.988107e+01
      vertex   1.978871e+01 -1.110527e+02 3.825607e+01
      vertex   1.968842e+01 -1.101626e+02 1.988107e+01
    endloop
  endfacet
  facet normal -9.937122e-01 -1.119645e-01 0.000000e+00
    outer loop
      vertex   1.968842e+01 -1.101626e+02 1.988107e+01
      vertex   1.978871e+01 -1.110527e+02 3.825607e+01
      vertex   1.978871e+01 -1.110527e+02 5.663107e+01
    endloop
  endfacet
  facet normal -9.937122e-01 -1.119645e-01 0.000000e+00
    outer loop
      vertex   1.968842e+01 -1.101626e+02 1.988107e+01
      vertex   1.978871e+01 -1.110527e+02 5.663107e+01
      vertex   1.978871e+01 -1.110527e+02 7.500607e+01
    endloop
  endfacet
  facet normal -9.438833e-01 -3.302791e-01 -0.000000e+00
    outer loop
      vertex   1.978871e+01 -1.110527e+02 7.500607e+01
      vertex   1.978871e+01 -1.110527e+02 5.663107e+01
      vertex   2.008455e+01 -1.118981e+02 7.500607e+01
    endloop
  endfacet
  facet normal -9.438833e-01 -3.302791e-01 0.000000e+00
    outer loop
      vertex   1.978871e+01 -1.110527e+02 7.500607e+01
      vertex   2.008455e+01 -1.118981e+02 7.500607e+01
      vertex   2.008455e+01 -1.118981e+02 9.338107e+01
    endloop
  endfacet
  facet normal -8.467242e-01 -5.320321e-01 -0.000000e+00
    outer loop
      vertex   2.008455e+01 -1.118981e+02 9.338107e+01
      vertex   2.008455e+01 -1.118981e+02 7.500607e+01
      vertex   2.056110e+01 -1.126565e+02 9.338107e+01
    endloop
  endfacet
  facet normal -8.467242e-01 -5.320321e-01 0.000000e+00
    outer loop
      vertex   2.008455e+01 -1.118981e+02 9.338107e+01
      vertex   2.056110e+01 -1.126565e+02 9.338107e+01
      vertex   2.056110e+01 -1.126565e+02 1.117561e+02
    endloop
  endfacet
  facet normal -7.071068e-01 -7.071068e-01 -0.000000e+00
    outer loop
      vertex   2.056110e+01 -1.126565e+02 1.117561e+02
      vertex   2.056110e+01 -1.126565e+02 9.338107e+01
      vertex   2.119446e+01 -1.132899e+02 1.117561e+02
    endloop
  endfacet
  facet normal -7.071068e-01 -7.071068e-01 0.000000e+00
    outer loop
      vertex   2.056110e+01 -1.126565e+02 1.117561e+02
      vertex   2.119446e+01 -1.132899e+02 1.117561e+02
      vertex   2.119446e+01 -1.132899e+02 1.301311e+02
    endloop
  endfacet
  facet normal -5.320321e-01 -8.467242e-01 -0.000000e+00
    outer loop
      vertex   2.119446e+01 -1.132899e+02 1.301311e+02
      vertex   2.119446e+01 -1.132899e+02 1.117561e+02
      vertex   2.195289e+01 -1.137665e+02 1.301311e+02
    endloop
  endfacet
  facet normal -5.320321e-01 -8.467242e-01 0.000000e+00
    outer loop
      vertex   2.119446e+01 -1.132899e+02 1.301311e+02
      vertex   2.195289e+01 -1.137665e+02 1.301311e+02
      vertex   2.195289e+01 -1.137665e+02 1.485061e+02
    endloop
  endfacet
  facet normal -3.302791e-01 -9.438833e-01 -0.000000e+00
    outer loop
      vertex   2.195289e+01 -1.137665e+02 1.485061e+02
      vertex   2.195289e+01 -1.137665e+02 1.301311e+02
      vertex   2.279834e+01 -1.140623e+02 1.485061e+02
    endloop
  endfacet
  facet normal -3.302791e-01 -9.438833e-01 0.000000e+00
    outer loop
      vertex   2.195289e+01 -1.137665e+02 1.485061e+02
      vertex   2.279834e+01 -1.140623e+02 1.485061e+02
      vertex   2.279834e+01 -1.140623e+02 1.668811e+02
    endloop
  endfacet
  facet normal -1.119645e-01 -9.937122e-01 -0.000000e+00
    outer loop
      vertex   2.279834e+01 -1.140623e+02 1.668811e+02
      vertex   2.279834e+01 -1.140623e+02 1.485061e+02
      vertex   2.368842e+01 -1.141626e+02 1.668811e+02
    endloop
  endfacet
  facet normal -1.119645e-01 -9.937122e-01 0.000000e+00
    outer loop
      vertex   2.368842e+01 -1.141626e+02 1.668811e+02
      vertex   2.279834e+01 -1.140623e+02 1.485061e+02
      vertex   2.279834e+01 -1.140623e+02 1.301311e+02
    endloop
  endfacet
  facet normal -1.119645e-01 -9.937122e-01 0.000000e+00
    outer loop
      vertex   2.368842e+01 -1.141626e+02 1.668811e+02
      vertex   2.279834e+01 -1.140623e+02 1.301311e+02
      vertex   2.279834e+01 -1.140623e+02 1.117561e+02
    endloop
  endfacet
  facet normal -3.302791e-01 -9.438833e-01 0.000000e+00
    outer loop
      vertex   2.279834e+01 -1.140623e+02 1.117561e+02
      vertex   2.279834e+01 -1.140623e+02 1.301311e+02
      vertex   2.195289e+01 -1.137665e+02 1.117561e+02
    endloop
  endfacet
  facet normal -3.302791e-01 -9.438833e-01 0.000000e+00
    outer loop
      vertex   2.279834e+01 -1.140623e+02 1.117561e+02
      vertex   2.195289e+01 -1.137665e+02 1.117561e+02
      vertex   2.195289e+01 -1.137665e+02 9.338107e+01
    endloop
  endfacet
  facet normal -5.320321e-01 -8.467242e-01 0.000000e+00
    outer loop
      vertex   2.195289e+01 -1.137665e+02 9.338107e+01
      vertex   2.195289e+01 -1.137665e+02 1.117561e+02
      vertex   2.119446e+01 -1.132899e+02 9.338107e+01
    endloop
  endfacet
  facet normal -5.320321e-01 -8.467242e-01 0.000000e+00
    outer loop
      vertex   2.195289e+01 -1.137665e+02 9.338107e+01
      vertex   2.119446e+01 -1.132899e+02 9.338107e+01
      vertex   2.119446e+01 -1.132899e+02 7.500607e+01
    endloop
  endfacet
  facet normal -7.071068e-01 -7.071068e-01 0.000000e+00
    outer loop
      vertex   2.119446e+01 -1.132899e+02 7.500607e+01
      vertex   2.119446e+01 -1.132899e+02 9.338107e+01
      vertex   2.056110e+01 -1.126565e+02 7.500607e+01
    endloop
  endfacet
  facet normal -7.071068e-01 -7.071068e-01 0.000000e+00
    outer loop
      vertex   2.119446e+01 -1.132899e+02 7.500607e+01
      vertex   2.056110e+01 -1.126565e+02 7.500607e+01
      vertex   2.056110e+01 -1.126565e+02 5.663107e+01
    endloop
  endfacet
  facet normal -8.467242e-01 -5.320321e-01 0.000000e+00
    outer loop
      vertex   2.056110e+01 -1.126565e+02 5.663107e+01
      vertex   2.056110e+01 -1.126565e+02 7.500607e+01
      vertex   2.008455e+01 -1.118981e+02 5.663107e+01
    endloop
  endfacet
  facet normal -8.467242e-01 -5.320321e-01 0.000000e+00
    outer loop
      vertex   2.056110e+01 -1.126565e+02 5.663107e+01
      vertex   2.008455e+01 -1.118981e+02 5.663107e+01
      vertex   2.008455e+01 -1.118981e+02 3.825607e+01
    endloop
  endfacet
  facet normal -9.438833e-01 -3.302791e-01 0.000000e+00
    outer loop
      vertex   2.008455e+01 -1.118981e+02 3.825607e+01
      vertex   2.008455e+01 -1.118981e+02 5.663107e+01
      vertex   1.978871e+01 -1.110527e+02 3.825607e+01
    endloop
  endfacet
  facet normal -9.438833e-01 -3.302791e-01 0.000000e+00
    outer loop
      vertex   2.008455e+01 -1.118981e+02 3.825607e+01
      vertex   1.978871e+01 -1.110527e+02 3.825607e+01
      vertex   1.978871e+01 -1.110527e+02 1.988107e+01
    endloop
  endfacet
  facet normal -9.438833e-01 -3.302791e-01 -1.821279e-16
    outer loop
      vertex   1.978871e+01 -1.110527e+02 1.988107e+01
      vertex   2.008455e+01 -1.118981e+02 1.988107e+01
      vertex   2.008455e+01 -1.118981e+02 3.825607e+01
    endloop
  endfacet
  facet normal -8.467242e-01 -5.320321e-01 -1.637099e-16
    outer loop
      vertex   2.008455e+01 -1.118981e+02 3.825607e+01
      vertex   2.008455e+01 -1.118981e+02 1.988107e+01
      vertex   2.056110e+01 -1.126565e+02 3.825607e+01
    endloop
  endfacet
  facet normal -8.467242e-01 -5.320321e-01 0.000000e+00
    outer loop
      vertex   2.008455e+01 -1.118981e+02 3.825607e+01
      vertex   2.056110e+01 -1.126565e+02 3.825607e+01
      vertex   2.056110e+01 -1.126565e+02 5.663107e+01
    endloop
  endfacet
  facet normal -7.071068e-01 -7.071068e-01 -0.000000e+00
    outer loop
      vertex   2.056110e+01 -1.126565e+02 5.663107e+01
      vertex   2.056110e+01 -1.126565e+02 3.825607e+01
      vertex   2.119446e+01 -1.132899e+02 5.663107e+01
    endloop
  endfacet
  facet normal -7.071068e-01 -7.071068e-01 0.000000e+00
    outer loop
      vertex   2.056110e+01 -1.126565e+02 5.663107e+01
      vertex   2.119446e+01 -1.132899e+02 5.663107e+01
      vertex   2.119446e+01 -1.132899e+02 7.500607e+01
    endloop
  endfacet
  facet normal -5.320321e-01 -8.467242e-01 -0.000000e+00
    outer loop
      vertex   2.119446e+01 -1.132899e+02 7.500607e+01
      vertex   2.119446e+01 -1.132899e+02 5.663107e+01
      vertex   2.195289e+01 -1.137665e+02 7.500607e+01
    endloop
  endfacet
  facet normal -5.320321e-01 -8.467242e-01 0.000000e+00
    outer loop
      vertex   2.119446e+01 -1.132899e+02 7.500607e+01
      vertex   2.195289e+01 -1.137665e+02 7.500607e+01
      vertex   2.195289e+01 -1.137665e+02 9.338107e+01
    endloop
  endfacet
  facet normal -3.302791e-01 -9.438833e-01 -0.000000e+00
    outer loop
      vertex   2.195289e+01 -1.137665e+02 9.338107e+01
      vertex   2.195289e+01 -1.137665e+02 7.500607e+01
      vertex   2.279834e+01 -1.140623e+02 9.338107e+01
    endloop
  endfacet
  facet normal -3.302791e-01 -9.438833e-01 0.000000e+00
    outer loop
      vertex   2.195289e+01 -1.137665e+02 9.338107e+01
      vertex   2.279834e+01 -1.140623e+02 9.338107e+01
      vertex   2.279834e+01 -1.140623e+02 1.117561e+02
    endloop
  endfacet
  facet normal -1.119645e-01 -9.937122e-01 -0.000000e+00
    outer loop
      vertex   2.279834e+01 -1.140623e+02 1.117561e+02
      vertex   2.279834e+01 -1.140623e+02 9.338107e+01
      vertex   2.368842e+01 -1.141626e+02 1.668811e+02
    endloop
  endfacet
  facet normal -8.467242e-01 -5.320321e-01 1.618914e-16
    outer loop
      vertex   2.008455e+01 -1.118981e+02 1.988107e+01
      vertex   2.056110e+01 -1.126565e+02 1.988107e+01
      vertex   2.056110e+01 -1.126565e+02 3.825607e+01
    endloop
  endfacet
  facet normal -7.071068e-01 -7.071068e-01 1.367155e-16
    outer loop
      vertex   2.056110e+01 -1.126565e+02 3.825607e+01
      vertex   2.056110e+01 -1.126565e+02 1.988107e+01
      vertex   2.119446e+01 -1.132899e+02 3.825607e+01
    endloop
  endfacet
  facet normal -7.071068e-01 -7.071068e-01 0.000000e+00
    outer loop
      vertex   2.056110e+01 -1.126565e+02 3.825607e+01
      vertex   2.119446e+01 -1.132899e+02 3.825607e+01
      vertex   2.119446e+01 -1.132899e+02 5.663107e+01
    endloop
  endfacet
  facet normal -5.320321e-01 -8.467242e-01 -0.000000e+00
    outer loop
      vertex   2.119446e+01 -1.132899e+02 5.663107e+01
      vertex   2.119446e+01 -1.132899e+02 3.825607e+01
      vertex   2.195289e+01 -1.137665e+02 5.663107e+01
    endloop
  endfacet
  facet normal -5.320321e-01 -8.467242e-01 0.000000e+00
    outer loop
      vertex   2.119446e+01 -1.132899e+02 5.663107e+01
      vertex   2.195289e+01 -1.137665e+02 5.663107e+01
      vertex   2.195289e+01 -1.137665e+02 7.500607e+01
    endloop
  endfacet
  facet normal -3.302791e-01 -9.438833e-01 -0.000000e+00
    outer loop
      vertex   2.195289e+01 -1.137665e+02 7.500607e+01
      vertex   2.195289e+01 -1.137665e+02 5.663107e+01
      vertex   2.279834e+01 -1.140623e+02 7.500607e+01
    endloop
  endfacet
  facet normal -3.302791e-01 -9.438833e-01 0.000000e+00
    outer loop
      vertex   2.195289e+01 -1.137665e+02 7.500607e+01
      vertex   2.279834e+01 -1.140623e+02 7.500607e+01
      vertex   2.279834e+01 -1.140623e+02 9.338107e+01
    endloop
  endfacet
  facet normal -1.119645e-01 -9.937122e-01 -0.000000e+00
    outer loop
      vertex   2.279834e+01 -1.140623e+02 9.338107e+01
      vertex   2.279834e+01 -1.140623e+02 7.500607e+01
      vertex   2.368842e+01 -1.141626e+02 1.988107e+01
    endloop
  endfacet
  facet normal -1.119645e-01 -9.937122e-01 0.000000e+00
    outer loop
      vertex   2.279834e+01 -1.140623e+02 9.338107e+01
      vertex   2.368842e+01 -1.141626e+02 1.988107e+01
      vertex   2.368842e+01 -1.141626e+02 1.668811e+02
    endloop
  endfacet
  facet normal -7.071068e-01 -7.071068e-01 4.114741e-16
    outer loop
      vertex   2.056110e+01 -1.126565e+02 1.988107e+01
      vertex   2.119446e+01 -1.132899e+02 1.988107e+01
      vertex   2.119446e+01 -1.132899e+02 3.825607e+01
    endloop
  endfacet
  facet normal -5.320321e-01 -8.467242e-01 3.085972e-16
    outer loop
      vertex   2.119446e+01 -1.132899e+02 3.825607e+01
      vertex   2.119446e+01 -1.132899e+02 1.988107e+01
      vertex   2.195289e+01 -1.137665e+02 3.825607e+01
    endloop
  endfacet
  facet normal -5.320321e-01 -8.467242e-01 -1.011821e-16
    outer loop
      vertex   2.119446e+01 -1.132899e+02 3.825607e+01
      vertex   2.195289e+01 -1.137665e+02 3.825607e+01
      vertex   2.195289e+01 -1.137665e+02 5.663107e+01
    endloop
  endfacet
  facet normal -3.302791e-01 -9.438833e-01 -6.385779e-17
    outer loop
      vertex   2.195289e+01 -1.137665e+02 5.663107e+01
      vertex   2.195289e+01 -1.137665e+02 3.825607e+01
      vertex   2.279834e+01 -1.140623e+02 5.663107e+01
    endloop
  endfacet
  facet normal -3.302791e-01 -9.438833e-01 0.000000e+00
    outer loop
      vertex   2.195289e+01 -1.137665e+02 5.663107e+01
      vertex   2.279834e+01 -1.140623e+02 5.663107e+01
      vertex   2.279834e+01 -1.140623e+02 7.500607e+01
    endloop
  endfacet
  facet normal -1.119645e-01 -9.937122e-01 -0.000000e+00
    outer loop
      vertex   2.279834e+01 -1.140623e+02 7.500607e+01
      vertex   2.279834e+01 -1.140623e+02 5.663107e+01
      vertex   2.368842e+01 -1.141626e+02 1.988107e+01
    endloop
  endfacet
  facet normal -5.320321e-01 -8.467242e-01 1.045549e-16
    outer loop
      vertex   2.119446e+01 -1.132899e+02 1.988107e+01
      vertex   2.195289e+01 -1.137665e+02 1.988107e+01
      vertex   2.195289e+01 -1.137665e+02 3.825607e+01
    endloop
  endfacet
  facet normal -3.302791e-01 -9.438833e-01 6.385779e-17
    outer loop
      vertex   2.195289e+01 -1.137665e+02 3.825607e+01
      vertex   2.195289e+01 -1.137665e+02 1.988107e+01
      vertex   2.279834e+01 -1.140623e+02 3.825607e+01
    endloop
  endfacet
  facet normal -3.302791e-01 -9.438833e-01 0.000000e+00
    outer loop
      vertex   2.195289e+01 -1.137665e+02 3.825607e+01
      vertex   2.279834e+01 -1.140623e+02 3.825607e+01
      vertex   2.279834e+01 -1.140623e+02 5.663107e+01
    endloop
  endfacet
  facet normal -1.119645e-01 -9.937122e-01 -0.000000e+00
    outer loop
      vertex   2.279834e+01 -1.140623e+02 5.663107e+01
      vertex   2.279834e+01 -1.140623e+02 3.825607e+01
      vertex   2.368842e+01 -1.141626e+02 1.988107e+01
    endloop
  endfacet
  facet normal -3.302791e-01 -9.438833e-01 0.000000e+00
    outer loop
      vertex   2.195289e+01 -1.137665e+02 1.988107e+01
      vertex   2.279834e+01 -1.140623e+02 1.988107e+01
      vertex   2.279834e+01 -1.140623e+02 3.825607e+01
    endloop
  endfacet
  facet normal -1.119645e-01 -9.937122e-01 -0.000000e+00
    outer loop
      vertex   2.279834e+01 -1.140623e+02 3.825607e+01
      vertex   2.279834e+01 -1.140623e+02 1.988107e+01
      vertex   2.368842e+01 -1.141626e+02 1.988107e+01
    endloop
  endfacet
  facet normal -3.302791e-01 -9.438833e-01 7.925935e-16
    outer loop
      vertex   2.279834e+01 -1.140623e+02 1.668811e+02
      vertex   2.195289e+01 -1.137665e+02 1.668811e+02
      vertex   2.195289e+01 -1.137665e+02 1.485061e+02
    endloop
  endfacet
  facet normal -5.320321e-01 -8.467242e-01 7.577052e-16
    outer loop
      vertex   2.195289e+01 -1.137665e+02 1.485061e+02
      vertex   2.195289e+01 -1.137665e+02 1.668811e+02
      vertex   2.119446e+01 -1.132899e+02 1.485061e+02
    endloop
  endfacet
  facet normal -5.320321e-01 -8.467242e-01 0.000000e+00
    outer loop
      vertex   2.195289e+01 -1.137665e+02 1.485061e+02
      vertex   2.119446e+01 -1.132899e+02 1.485061e+02
      vertex   2.119446e+01 -1.132899e+02 1.301311e+02
    endloop
  endfacet
  facet normal -7.071068e-01 -7.071068e-01 0.000000e+00
    outer loop
      vertex   2.119446e+01 -1.132899e+02 1.301311e+02
      vertex   2.119446e+01 -1.132899e+02 1.485061e+02
      vertex   2.056110e+01 -1.126565e+02 1.301311e+02
    endloop
  endfacet
  facet normal -7.071068e-01 -7.071068e-01 0.000000e+00
    outer loop
      vertex   2.119446e+01 -1.132899e+02 1.301311e+02
      vertex   2.056110e+01 -1.126565e+02 1.301311e+02
      vertex   2.056110e+01 -1.126565e+02 1.117561e+02
    endloop
  endfacet
  facet normal -8.467242e-01 -5.320321e-01 0.000000e+00
    outer loop
      vertex   2.056110e+01 -1.126565e+02 1.117561e+02
      vertex   2.056110e+01 -1.126565e+02 1.301311e+02
      vertex   2.008455e+01 -1.118981e+02 1.117561e+02
    endloop
  endfacet
  facet normal -8.467242e-01 -5.320321e-01 0.000000e+00
    outer loop
      vertex   2.056110e+01 -1.126565e+02 1.117561e+02
      vertex   2.008455e+01 -1.118981e+02 1.117561e+02
      vertex   2.008455e+01 -1.118981e+02 9.338107e+01
    endloop
  endfacet
  facet normal -9.438833e-01 -3.302791e-01 0.000000e+00
    outer loop
      vertex   2.008455e+01 -1.118981e+02 9.338107e+01
      vertex   2.008455e+01 -1.118981e+02 1.117561e+02
      vertex   1.978871e+01 -1.110527e+02 9.338107e+01
    endloop
  endfacet
  facet normal -9.438833e-01 -3.302791e-01 0.000000e+00
    outer loop
      vertex   2.008455e+01 -1.118981e+02 9.338107e+01
      vertex   1.978871e+01 -1.110527e+02 9.338107e+01
      vertex   1.978871e+01 -1.110527e+02 7.500607e+01
    endloop
  endfacet
  facet normal -9.937122e-01 -1.119645e-01 0.000000e+00
    outer loop
      vertex   1.978871e+01 -1.110527e+02 7.500607e+01
      vertex   1.978871e+01 -1.110527e+02 9.338107e+01
      vertex   1.968842e+01 -1.101626e+02 1.988107e+01
    endloop
  endfacet
  facet normal -5.320321e-01 -8.467242e-01 -3.069192e-16
    outer loop
      vertex   2.195289e+01 -1.137665e+02 1.668811e+02
      vertex   2.119446e+01 -1.132899e+02 1.668811e+02
      vertex   2.119446e+01 -1.132899e+02 1.485061e+02
    endloop
  endfacet
  facet normal -7.071068e-01 -7.071068e-01 -4.101466e-16
    outer loop
      vertex   2.119446e+01 -1.132899e+02 1.485061e+02
      vertex   2.119446e+01 -1.132899e+02 1.668811e+02
      vertex   2.056110e+01 -1.126565e+02 1.485061e+02
    endloop
  endfacet
  facet normal -7.071068e-01 -7.071068e-01 0.000000e+00
    outer loop
      vertex   2.119446e+01 -1.132899e+02 1.485061e+02
      vertex   2.056110e+01 -1.126565e+02 1.485061e+02
      vertex   2.056110e+01 -1.126565e+02 1.301311e+02
    endloop
  endfacet
  facet normal -8.467242e-01 -5.320321e-01 0.000000e+00
    outer loop
      vertex   2.056110e+01 -1.126565e+02 1.301311e+02
      vertex   2.056110e+01 -1.126565e+02 1.485061e+02
      vertex   2.008455e+01 -1.118981e+02 1.301311e+02
    endloop
  endfacet
  facet normal -8.467242e-01 -5.320321e-01 0.000000e+00
    outer loop
      vertex   2.056110e+01 -1.126565e+02 1.301311e+02
      vertex   2.008455e+01 -1.118981e+02 1.301311e+02
      vertex   2.008455e+01 -1.118981e+02 1.117561e+02
    endloop
  endfacet
  facet normal -9.438833e-01 -3.302791e-01 0.000000e+00
    outer loop
      vertex   2.008455e+01 -1.118981e+02 1.117561e+02
      vertex   2.008455e+01 -1.118981e+02 1.301311e+02
      vertex   1.978871e+01 -1.110527e+02 1.117561e+02
    endloop
  endfacet
  facet normal -9.438833e-01 -3.302791e-01 0.000000e+00
    outer loop
      vertex   2.008455e+01 -1.118981e+02 1.117561e+02
      vertex   1.978871e+01 -1.110527e+02 1.117561e+02
      vertex   1.978871e+01 -1.110527e+02 9.338107e+01
    endloop
  endfacet
  facet normal -9.937122e-01 -1.119645e-01 0.000000e+00
    outer loop
      vertex   1.978871e+01 -1.110527e+02 9.338107e+01
      vertex   1.978871e+01 -1.110527e+02 1.117561e+02
      vertex   1.968842e+01 -1.101626e+02 1.668811e+02
    endloop
  endfacet
  facet normal -9.937122e-01 -1.119645e-01 0.000000e+00
    outer loop
      vertex   1.978871e+01 -1.110527e+02 9.338107e+01
      vertex   1.968842e+01 -1.101626e+02 1.668811e+02
      vertex   1.968842e+01 -1.101626e+02 1.988107e+01
    endloop
  endfacet
  facet normal -7.071068e-01 -7.071068e-01 -1.349095e-16
    outer loop
      vertex   2.119446e+01 -1.132899e+02 1.668811e+02
      vertex   2.056110e+01 -1.126565e+02 1.668811e+02
      vertex   2.056110e+01 -1.126565e+02 1.485061e+02
    endloop
  endfacet
  facet normal -8.467242e-01 -5.320321e-01 -1.637099e-16
    outer loop
      vertex   2.056110e+01 -1.126565e+02 1.485061e+02
      vertex   2.056110e+01 -1.126565e+02 1.668811e+02
      vertex   2.008455e+01 -1.118981e+02 1.485061e+02
    endloop
  endfacet
  facet normal -8.467242e-01 -5.320321e-01 0.000000e+00
    outer loop
      vertex   2.056110e+01 -1.126565e+02 1.485061e+02
      vertex   2.008455e+01 -1.118981e+02 1.485061e+02
      vertex   2.008455e+01 -1.118981e+02 1.301311e+02
    endloop
  endfacet
  facet normal -9.438833e-01 -3.302791e-01 0.000000e+00
    outer loop
      vertex   2.008455e+01 -1.118981e+02 1.301311e+02
      vertex   2.008455e+01 -1.118981e+02 1.485061e+02
      vertex   1.978871e+01 -1.110527e+02 1.301311e+02
    endloop
  endfacet
  facet normal -9.438833e-01 -3.302791e-01 0.000000e+00
    outer loop
      vertex   2.008455e+01 -1.118981e+02 1.301311e+02
      vertex   1.978871e+01 -1.110527e+02 1.301311e+02
      vertex   1.978871e+01 -1.110527e+02 1.117561e+02
    endloop
  endfacet
  facet normal -9.937122e-01 -1.119645e-01 0.000000e+00
    outer loop
      vertex   1.978871e+01 -1.110527e+02 1.117561e+02
      vertex   1.978871e+01 -1.110527e+02 1.301311e+02
      vertex   1.968842e+01 -1.101626e+02 1.668811e+02
    endloop
  endfacet
  facet normal -8.467242e-01 -5.320321e-01 1.618914e-16
    outer loop
      vertex   2.056110e+01 -1.126565e+02 1.668811e+02
      vertex   2.008455e+01 -1.118981e+02 1.668811e+02
      vertex   2.008455e+01 -1.118981e+02 1.485061e+02
    endloop
  endfacet
  facet normal -9.438833e-01 -3.302791e-01 1.824951e-16
    outer loop
      vertex   2.008455e+01 -1.118981e+02 1.485061e+02
      vertex   2.008455e+01 -1.118981e+02 1.668811e+02
      vertex   1.978871e+01 -1.110527e+02 1.485061e+02
    endloop
  endfacet
  facet normal -9.438833e-01 -3.302791e-01 0.000000e+00
    outer loop
      vertex   2.008455e+01 -1.118981e+02 1.485061e+02
      vertex   1.978871e+01 -1.110527e+02 1.485061e+02
      vertex   1.978871e+01 -1.110527e+02 1.301311e+02
    endloop
  endfacet
  facet normal -9.937122e-01 -1.119645e-01 0.000000e+00
    outer loop
      vertex   1.978871e+01 -1.110527e+02 1.301311e+02
      vertex   1.978871e+01 -1.110527e+02 1.485061e+02
      vertex   1.968842e+01 -1.101626e+02 1.668811e+02
    endloop
  endfacet
  facet normal -9.438833e-01 -3.302791e-01 0.000000e+00
    outer loop
      vertex   2.008455e+01 -1.118981e+02 1.668811e+02
      vertex   1.978871e+01 -1.110527e+02 1.668811e+02
      vertex   1.978871e+01 -1.110527e+02 1.485061e+02
    endloop
  endfacet
  facet normal -9.937122e-01 -1.119645e-01 0.000000e+00
    outer loop
      vertex   1.978871e+01 -1.110527e+02 1.485061e+02
      vertex   1.978871e+01 -1.110527e+02 1.668811e+02
      vertex   1.968842e+01 -1.101626e+02 1.668811e+02
    endloop
  endfacet
  facet normal -9.438833e-01 -3.302791e-01 -0.000000e+00
    outer loop
      vertex   2.008455e+01 -1.118981e+02 7.500607e+01
      vertex   1.978871e+01 -1.110527e+02 5.663107e+01
      vertex   2.008455e+01 -1.118981e+02 5.663107e+01
    endloop
  endfacet
  facet normal -9.438833e-01 -3.302791e-01 0.000000e+00
    outer loop
      vertex   2.008455e+01 -1.118981e+02 5.663107e+01
      vertex   1.978871e+01 -1.110527e+02 5.663107e+01
      vertex   1.978871e+01 -1.110527e+02 3.825607e+01
    endloop
  endfacet
  facet normal -8.467242e-01 -5.320321e-01 -0.000000e+00
    outer loop
      vertex   2.056110e+01 -1.126565e+02 9.338107e+01
      vertex   2.008455e+01 -1.118981e+02 7.500607e+01
      vertex   2.056110e+01 -1.126565e+02 7.500607e+01
    endloop
  endfacet
  facet normal -8.467242e-01 -5.320321e-01 0.000000e+00
    outer loop
      vertex   2.056110e+01 -1.126565e+02 7.500607e+01
      vertex   2.008455e+01 -1.118981e+02 7.500607e+01
      vertex   2.008455e+01 -1.118981e+02 5.663107e+01
    endloop
  endfacet
  facet normal -7.071068e-01 -7.071068e-01 -0.000000e+00
    outer loop
      vertex   2.119446e+01 -1.132899e+02 1.117561e+02
      vertex   2.056110e+01 -1.126565e+02 9.338107e+01
      vertex   2.119446e+01 -1.132899e+02 9.338107e+01
    endloop
  endfacet
  facet normal -7.071068e-01 -7.071068e-01 0.000000e+00
    outer loop
      vertex   2.119446e+01 -1.132899e+02 9.338107e+01
      vertex   2.056110e+01 -1.126565e+02 9.338107e+01
      vertex   2.056110e+01 -1.126565e+02 7.500607e+01
    endloop
  endfacet
  facet normal -5.320321e-01 -8.467242e-01 -0.000000e+00
    outer loop
      vertex   2.195289e+01 -1.137665e+02 1.301311e+02
      vertex   2.119446e+01 -1.132899e+02 1.117561e+02
      vertex   2.195289e+01 -1.137665e+02 1.117561e+02
    endloop
  endfacet
  facet normal -5.320321e-01 -8.467242e-01 0.000000e+00
    outer loop
      vertex   2.195289e+01 -1.137665e+02 1.117561e+02
      vertex   2.119446e+01 -1.132899e+02 1.117561e+02
      vertex   2.119446e+01 -1.132899e+02 9.338107e+01
    endloop
  endfacet
  facet normal -3.302791e-01 -9.438833e-01 -0.000000e+00
    outer loop
      vertex   2.279834e+01 -1.140623e+02 1.485061e+02
      vertex   2.195289e+01 -1.137665e+02 1.301311e+02
      vertex   2.279834e+01 -1.140623e+02 1.301311e+02
    endloop
  endfacet
  facet normal -3.302791e-01 -9.438833e-01 0.000000e+00
    outer loop
      vertex   2.279834e+01 -1.140623e+02 1.301311e+02
      vertex   2.195289e+01 -1.137665e+02 1.301311e+02
      vertex   2.195289e+01 -1.137665e+02 1.117561e+02
    endloop
  endfacet
  facet normal 9.914449e-01 -1.305262e-01 6.588512e-16
    outer loop
      vertex   2.175657e+01 -5.464495e+01 2.688107e+01
      vertex   2.175657e+01 -5.464495e+01 3.757338e+01
      vertex   2.168842e+01 -5.516258e+01 2.688107e+01
    endloop
  endfacet
  facet normal 9.914449e-01 -1.305262e-01 0.000000e+00
    outer loop
      vertex   2.168842e+01 -5.516258e+01 2.688107e+01
      vertex   2.175657e+01 -5.464495e+01 3.757338e+01
      vertex   2.175657e+01 -5.464495e+01 4.826569e+01
    endloop
  endfacet
  facet normal 9.914449e-01 -1.305262e-01 0.000000e+00
    outer loop
      vertex   2.168842e+01 -5.516258e+01 2.688107e+01
      vertex   2.175657e+01 -5.464495e+01 4.826569e+01
      vertex   2.175657e+01 -5.464495e+01 5.895800e+01
    endloop
  endfacet
  facet normal 9.238795e-01 -3.826834e-01 0.000000e+00
    outer loop
      vertex   2.175657e+01 -5.464495e+01 5.895800e+01
      vertex   2.175657e+01 -5.464495e+01 4.826569e+01
      vertex   2.195637e+01 -5.416258e+01 5.895800e+01
    endloop
  endfacet
  facet normal 9.238795e-01 -3.826834e-01 0.000000e+00
    outer loop
      vertex   2.175657e+01 -5.464495e+01 5.895800e+01
      vertex   2.195637e+01 -5.416258e+01 5.895800e+01
      vertex   2.195637e+01 -5.416258e+01 6.965030e+01
    endloop
  endfacet
  facet normal 7.933533e-01 -6.087614e-01 0.000000e+00
    outer loop
      vertex   2.195637e+01 -5.416258e+01 6.965030e+01
      vertex   2.195637e+01 -5.416258e+01 5.895800e+01
      vertex   2.227421e+01 -5.374837e+01 6.965030e+01
    endloop
  endfacet
  facet normal 7.933533e-01 -6.087614e-01 0.000000e+00
    outer loop
      vertex   2.195637e+01 -5.416258e+01 6.965030e+01
      vertex   2.227421e+01 -5.374837e+01 6.965030e+01
      vertex   2.227421e+01 -5.374837e+01 8.034261e+01
    endloop
  endfacet
  facet normal 6.087614e-01 -7.933533e-01 0.000000e+00
    outer loop
      vertex   2.227421e+01 -5.374837e+01 8.034261e+01
      vertex   2.227421e+01 -5.374837e+01 6.965030e+01
      vertex   2.268842e+01 -5.343053e+01 8.034261e+01
    endloop
  endfacet
  facet normal 6.087614e-01 -7.933533e-01 0.000000e+00
    outer loop
      vertex   2.227421e+01 -5.374837e+01 8.034261e+01
      vertex   2.268842e+01 -5.343053e+01 8.034261e+01
      vertex   2.268842e+01 -5.343053e+01 9.103492e+01
    endloop
  endfacet
  facet normal 3.826834e-01 -9.238795e-01 0.000000e+00
    outer loop
      vertex   2.268842e+01 -5.343053e+01 9.103492e+01
      vertex   2.268842e+01 -5.343053e+01 8.034261e+01
      vertex   2.317078e+01 -5.323073e+01 9.103492e+01
    endloop
  endfacet
  facet normal 3.826834e-01 -9.238795e-01 0.000000e+00
    outer loop
      vertex   2.268842e+01 -5.343053e+01 9.103492e+01
      vertex   2.317078e+01 -5.323073e+01 9.103492e+01
      vertex   2.317078e+01 -5.323073e+01 1.017272e+02
    endloop
  endfacet
  facet normal 1.305262e-01 -9.914449e-01 0.000000e+00
    outer loop
      vertex   2.317078e+01 -5.323073e+01 1.017272e+02
      vertex   2.317078e+01 -5.323073e+01 9.103492e+01
      vertex   2.368842e+01 -5.316258e+01 1.658811e+02
    endloop
  endfacet
  facet normal 1.305262e-01 -9.914449e-01 0.000000e+00
    outer loop
      vertex   2.317078e+01 -5.323073e+01 1.017272e+02
      vertex   2.368842e+01 -5.316258e+01 1.658811e+02
      vertex   2.317078e+01 -5.323073e+01 1.124195e+02
    endloop
  endfacet
  facet normal 1.305262e-01 -9.914449e-01 0.000000e+00
    outer loop
      vertex   2.317078e+01 -5.323073e+01 1.124195e+02
      vertex   2.368842e+01 -5.316258e+01 1.658811e+02
      vertex   2.317078e+01 -5.323073e+01 1.231118e+02
    endloop
  endfacet
  facet normal 3.826834e-01 -9.238795e-01 0.000000e+00
    outer loop
      vertex   2.317078e+01 -5.323073e+01 1.124195e+02
      vertex   2.317078e+01 -5.323073e+01 1.231118e+02
      vertex   2.268842e+01 -5.343053e+01 1.124195e+02
    endloop
  endfacet
  facet normal 3.826834e-01 -9.238795e-01 0.000000e+00
    outer loop
      vertex   2.268842e+01 -5.343053e+01 1.124195e+02
      vertex   2.317078e+01 -5.323073e+01 1.231118e+02
      vertex   2.268842e+01 -5.343053e+01 1.231118e+02
    endloop
  endfacet
  facet normal 6.087614e-01 -7.933533e-01 0.000000e+00
    outer loop
      vertex   2.268842e+01 -5.343053e+01 1.124195e+02
      vertex   2.268842e+01 -5.343053e+01 1.231118e+02
      vertex   2.227421e+01 -5.374837e+01 1.124195e+02
    endloop
  endfacet
  facet normal 6.087614e-01 -7.933533e-01 0.000000e+00
    outer loop
      vertex   2.227421e+01 -5.374837e+01 1.124195e+02
      vertex   2.268842e+01 -5.343053e+01 1.231118e+02
      vertex   2.227421e+01 -5.374837e+01 1.231118e+02
    endloop
  endfacet
  facet normal 7.933533e-01 -6.087614e-01 0.000000e+00
    outer loop
      vertex   2.227421e+01 -5.374837e+01 1.124195e+02
      vertex   2.227421e+01 -5.374837e+01 1.231118e+02
      vertex   2.195637e+01 -5.416258e+01 1.124195e+02
    endloop
  endfacet
  facet normal 7.933533e-01 -6.087614e-01 0.000000e+00
    outer loop
      vertex   2.195637e+01 -5.416258e+01 1.124195e+02
      vertex   2.227421e+01 -5.374837e+01 1.231118e+02
      vertex   2.195637e+01 -5.416258e+01 1.231118e+02
    endloop
  endfacet
  facet normal 9.238795e-01 -3.826834e-01 0.000000e+00
    outer loop
      vertex   2.195637e+01 -5.416258e+01 1.124195e+02
      vertex   2.195637e+01 -5.416258e+01 1.231118e+02
      vertex   2.175657e+01 -5.464495e+01 1.124195e+02
    endloop
  endfacet
  facet normal 9.238795e-01 -3.826834e-01 0.000000e+00
    outer loop
      vertex   2.175657e+01 -5.464495e+01 1.124195e+02
      vertex   2.195637e+01 -5.416258e+01 1.231118e+02
      vertex   2.175657e+01 -5.464495e+01 1.231118e+02
    endloop
  endfacet
  facet normal 9.914449e-01 -1.305262e-01 0.000000e+00
    outer loop
      vertex   2.175657e+01 -5.464495e+01 1.124195e+02
      vertex   2.175657e+01 -5.464495e+01 1.231118e+02
      vertex   2.168842e+01 -5.516258e+01 1.658811e+02
    endloop
  endfacet
  facet normal 9.914449e-01 -1.305262e-01 0.000000e+00
    outer loop
      vertex   2.168842e+01 -5.516258e+01 1.658811e+02
      vertex   2.175657e+01 -5.464495e+01 1.231118e+02
      vertex   2.175657e+01 -5.464495e+01 1.338042e+02
    endloop
  endfacet
  facet normal 9.914449e-01 -1.305262e-01 0.000000e+00
    outer loop
      vertex   2.168842e+01 -5.516258e+01 1.658811e+02
      vertex   2.175657e+01 -5.464495e+01 1.338042e+02
      vertex   2.175657e+01 -5.464495e+01 1.444965e+02
    endloop
  endfacet
  facet normal 9.238795e-01 -3.826834e-01 0.000000e+00
    outer loop
      vertex   2.175657e+01 -5.464495e+01 1.444965e+02
      vertex   2.175657e+01 -5.464495e+01 1.338042e+02
      vertex   2.195637e+01 -5.416258e+01 1.444965e+02
    endloop
  endfacet
  facet normal 9.238795e-01 -3.826834e-01 0.000000e+00
    outer loop
      vertex   2.175657e+01 -5.464495e+01 1.444965e+02
      vertex   2.195637e+01 -5.416258e+01 1.444965e+02
      vertex   2.195637e+01 -5.416258e+01 1.551888e+02
    endloop
  endfacet
  facet normal 7.933533e-01 -6.087614e-01 0.000000e+00
    outer loop
      vertex   2.195637e+01 -5.416258e+01 1.551888e+02
      vertex   2.195637e+01 -5.416258e+01 1.444965e+02
      vertex   2.227421e+01 -5.374837e+01 1.551888e+02
    endloop
  endfacet
  facet normal 7.933533e-01 -6.087614e-01 -2.635099e-16
    outer loop
      vertex   2.195637e+01 -5.416258e+01 1.551888e+02
      vertex   2.227421e+01 -5.374837e+01 1.551888e+02
      vertex   2.227421e+01 -5.374837e+01 1.658811e+02
    endloop
  endfacet
  facet normal 6.087614e-01 -7.933533e-01 -2.022721e-16
    outer loop
      vertex   2.227421e+01 -5.374837e+01 1.658811e+02
      vertex   2.227421e+01 -5.374837e+01 1.551888e+02
      vertex   2.268842e+01 -5.343053e+01 1.658811e+02
    endloop
  endfacet
  facet normal 6.087614e-01 -7.933533e-01 0.000000e+00
    outer loop
      vertex   2.268842e+01 -5.343053e+01 1.658811e+02
      vertex   2.227421e+01 -5.374837e+01 1.551888e+02
      vertex   2.268842e+01 -5.343053e+01 1.551888e+02
    endloop
  endfacet
  facet normal 3.826834e-01 -9.238795e-01 0.000000e+00
    outer loop
      vertex   2.268842e+01 -5.343053e+01 1.658811e+02
      vertex   2.268842e+01 -5.343053e+01 1.551888e+02
      vertex   2.317078e+01 -5.323073e+01 1.658811e+02
    endloop
  endfacet
  facet normal 3.826834e-01 -9.238795e-01 6.139516e-16
    outer loop
      vertex   2.317078e+01 -5.323073e+01 1.658811e+02
      vertex   2.268842e+01 -5.343053e+01 1.551888e+02
      vertex   2.317078e+01 -5.323073e+01 1.551888e+02
    endloop
  endfacet
  facet normal 1.305262e-01 -9.914449e-01 6.588512e-16
    outer loop
      vertex   2.317078e+01 -5.323073e+01 1.658811e+02
      vertex   2.317078e+01 -5.323073e+01 1.551888e+02
      vertex   2.368842e+01 -5.316258e+01 1.658811e+02
    endloop
  endfacet
  facet normal 1.305262e-01 -9.914449e-01 0.000000e+00
    outer loop
      vertex   2.368842e+01 -5.316258e+01 1.658811e+02
      vertex   2.317078e+01 -5.323073e+01 1.551888e+02
      vertex   2.317078e+01 -5.323073e+01 1.444965e+02
    endloop
  endfacet
  facet normal 1.305262e-01 -9.914449e-01 0.000000e+00
    outer loop
      vertex   2.368842e+01 -5.316258e+01 1.658811e+02
      vertex   2.317078e+01 -5.323073e+01 1.444965e+02
      vertex   2.317078e+01 -5.323073e+01 1.338042e+02
    endloop
  endfacet
  facet normal 3.826834e-01 -9.238795e-01 0.000000e+00
    outer loop
      vertex   2.317078e+01 -5.323073e+01 1.338042e+02
      vertex   2.317078e+01 -5.323073e+01 1.444965e+02
      vertex   2.268842e+01 -5.343053e+01 1.338042e+02
    endloop
  endfacet
  facet normal 3.826834e-01 -9.238795e-01 0.000000e+00
    outer loop
      vertex   2.317078e+01 -5.323073e+01 1.338042e+02
      vertex   2.268842e+01 -5.343053e+01 1.338042e+02
      vertex   2.268842e+01 -5.343053e+01 1.231118e+02
    endloop
  endfacet
  facet normal 6.087614e-01 -7.933533e-01 0.000000e+00
    outer loop
      vertex   2.268842e+01 -5.343053e+01 1.231118e+02
      vertex   2.268842e+01 -5.343053e+01 1.338042e+02
      vertex   2.227421e+01 -5.374837e+01 1.231118e+02
    endloop
  endfacet
  facet normal 9.238795e-01 -3.826834e-01 6.139516e-16
    outer loop
      vertex   2.175657e+01 -5.464495e+01 3.757338e+01
      vertex   2.175657e+01 -5.464495e+01 2.688107e+01
      vertex   2.195637e+01 -5.416258e+01 3.757338e+01
    endloop
  endfacet
  facet normal 9.238795e-01 -3.826834e-01 0.000000e+00
    outer loop
      vertex   2.195637e+01 -5.416258e+01 3.757338e+01
      vertex   2.175657e+01 -5.464495e+01 2.688107e+01
      vertex   2.195637e+01 -5.416258e+01 2.688107e+01
    endloop
  endfacet
  facet normal 7.933533e-01 -6.087614e-01 0.000000e+00
    outer loop
      vertex   2.195637e+01 -5.416258e+01 3.757338e+01
      vertex   2.195637e+01 -5.416258e+01 2.688107e+01
      vertex   2.227421e+01 -5.374837e+01 3.757338e+01
    endloop
  endfacet
  facet normal 7.933533e-01 -6.087614e-01 2.636061e-16
    outer loop
      vertex   2.227421e+01 -5.374837e+01 3.757338e+01
      vertex   2.195637e+01 -5.416258e+01 2.688107e+01
      vertex   2.227421e+01 -5.374837e+01 2.688107e+01
    endloop
  endfacet
  facet normal 6.087614e-01 -7.933533e-01 2.022721e-16
    outer loop
      vertex   2.227421e+01 -5.374837e+01 3.757338e+01
      vertex   2.227421e+01 -5.374837e+01 2.688107e+01
      vertex   2.268842e+01 -5.343053e+01 3.757338e+01
    endloop
  endfacet
  facet normal 6.087614e-01 -7.933533e-01 0.000000e+00
    outer loop
      vertex   2.268842e+01 -5.343053e+01 3.757338e+01
      vertex   2.227421e+01 -5.374837e+01 2.688107e+01
      vertex   2.268842e+01 -5.343053e+01 2.688107e+01
    endloop
  endfacet
  facet normal 3.826834e-01 -9.238795e-01 0.000000e+00
    outer loop
      vertex   2.268842e+01 -5.343053e+01 3.757338e+01
      vertex   2.268842e+01 -5.343053e+01 2.688107e+01
      vertex   2.317078e+01 -5.323073e+01 3.757338e+01
    endloop
  endfacet
  facet normal 3.826834e-01 -9.238795e-01 -6.139516e-16
    outer loop
      vertex   2.317078e+01 -5.323073e+01 3.757338e+01
      vertex   2.268842e+01 -5.343053e+01 2.688107e+01
      vertex   2.317078e+01 -5.323073e+01 2.688107e+01
    endloop
  endfacet
  facet normal 1.305262e-01 -9.914449e-01 -6.588512e-16
    outer loop
      vertex   2.317078e+01 -5.323073e+01 3.757338e+01
      vertex   2.317078e+01 -5.323073e+01 2.688107e+01
      vertex   2.368842e+01 -5.316258e+01 2.688107e+01
    endloop
  endfacet
  facet normal 1.305262e-01 -9.914449e-01 0.000000e+00
    outer loop
      vertex   2.368842e+01 -5.316258e+01 1.658811e+02
      vertex   2.317078e+01 -5.323073e+01 9.103492e+01
      vertex   2.368842e+01 -5.316258e+01 2.688107e+01
    endloop
  endfacet
  facet normal 1.305262e-01 -9.914449e-01 0.000000e+00
    outer loop
      vertex   2.368842e+01 -5.316258e+01 2.688107e+01
      vertex   2.317078e+01 -5.323073e+01 9.103492e+01
      vertex   2.317078e+01 -5.323073e+01 8.034261e+01
    endloop
  endfacet
  facet normal 1.305262e-01 -9.914449e-01 0.000000e+00
    outer loop
      vertex   2.368842e+01 -5.316258e+01 2.688107e+01
      vertex   2.317078e+01 -5.323073e+01 8.034261e+01
      vertex   2.317078e+01 -5.323073e+01 6.965030e+01
    endloop
  endfacet
  facet normal 3.826834e-01 -9.238795e-01 0.000000e+00
    outer loop
      vertex   2.317078e+01 -5.323073e+01 6.965030e+01
      vertex   2.317078e+01 -5.323073e+01 8.034261e+01
      vertex   2.268842e+01 -5.343053e+01 6.965030e+01
    endloop
  endfacet
  facet normal 3.826834e-01 -9.238795e-01 0.000000e+00
    outer loop
      vertex   2.317078e+01 -5.323073e+01 6.965030e+01
      vertex   2.268842e+01 -5.343053e+01 6.965030e+01
      vertex   2.268842e+01 -5.343053e+01 5.895800e+01
    endloop
  endfacet
  facet normal 6.087614e-01 -7.933533e-01 0.000000e+00
    outer loop
      vertex   2.268842e+01 -5.343053e+01 5.895800e+01
      vertex   2.268842e+01 -5.343053e+01 6.965030e+01
      vertex   2.227421e+01 -5.374837e+01 5.895800e+01
    endloop
  endfacet
  facet normal 6.087614e-01 -7.933533e-01 0.000000e+00
    outer loop
      vertex   2.268842e+01 -5.343053e+01 5.895800e+01
      vertex   2.227421e+01 -5.374837e+01 5.895800e+01
      vertex   2.227421e+01 -5.374837e+01 4.826569e+01
    endloop
  endfacet
  facet normal 7.933533e-01 -6.087614e-01 0.000000e+00
    outer loop
      vertex   2.227421e+01 -5.374837e+01 4.826569e+01
      vertex   2.227421e+01 -5.374837e+01 5.895800e+01
      vertex   2.195637e+01 -5.416258e+01 4.826569e+01
    endloop
  endfacet
  facet normal 7.933533e-01 -6.087614e-01 0.000000e+00
    outer loop
      vertex   2.227421e+01 -5.374837e+01 4.826569e+01
      vertex   2.195637e+01 -5.416258e+01 4.826569e+01
      vertex   2.195637e+01 -5.416258e+01 3.757338e+01
    endloop
  endfacet
  facet normal 9.238795e-01 -3.826834e-01 0.000000e+00
    outer loop
      vertex   2.195637e+01 -5.416258e+01 3.757338e+01
      vertex   2.195637e+01 -5.416258e+01 4.826569e+01
      vertex   2.175657e+01 -5.464495e+01 3.757338e+01
    endloop
  endfacet
  facet normal 7.933533e-01 -6.087614e-01 0.000000e+00
    outer loop
      vertex   2.227421e+01 -5.374837e+01 1.658811e+02
      vertex   2.195637e+01 -5.416258e+01 1.658811e+02
      vertex   2.195637e+01 -5.416258e+01 1.551888e+02
    endloop
  endfacet
  facet normal 9.238795e-01 -3.826834e-01 0.000000e+00
    outer loop
      vertex   2.195637e+01 -5.416258e+01 1.551888e+02
      vertex   2.195637e+01 -5.416258e+01 1.658811e+02
      vertex   2.175657e+01 -5.464495e+01 1.551888e+02
    endloop
  endfacet
  facet normal 9.238795e-01 -3.826834e-01 0.000000e+00
    outer loop
      vertex   2.195637e+01 -5.416258e+01 1.551888e+02
      vertex   2.175657e+01 -5.464495e+01 1.551888e+02
      vertex   2.175657e+01 -5.464495e+01 1.444965e+02
    endloop
  endfacet
  facet normal 9.914449e-01 -1.305262e-01 0.000000e+00
    outer loop
      vertex   2.175657e+01 -5.464495e+01 1.444965e+02
      vertex   2.175657e+01 -5.464495e+01 1.551888e+02
      vertex   2.168842e+01 -5.516258e+01 1.658811e+02
    endloop
  endfacet
  facet normal 9.238795e-01 -3.826834e-01 -6.140279e-16
    outer loop
      vertex   2.195637e+01 -5.416258e+01 1.658811e+02
      vertex   2.175657e+01 -5.464495e+01 1.658811e+02
      vertex   2.175657e+01 -5.464495e+01 1.551888e+02
    endloop
  endfacet
  facet normal 9.914449e-01 -1.305262e-01 -6.588512e-16
    outer loop
      vertex   2.175657e+01 -5.464495e+01 1.551888e+02
      vertex   2.175657e+01 -5.464495e+01 1.658811e+02
      vertex   2.168842e+01 -5.516258e+01 1.658811e+02
    endloop
  endfacet
  facet normal 9.914449e-01 -1.305262e-01 0.000000e+00
    outer loop
      vertex   2.175657e+01 -5.464495e+01 1.124195e+02
      vertex   2.168842e+01 -5.516258e+01 1.658811e+02
      vertex   2.175657e+01 -5.464495e+01 1.017272e+02
    endloop
  endfacet
  facet normal 9.914449e-01 -1.305262e-01 0.000000e+00
    outer loop
      vertex   2.175657e+01 -5.464495e+01 1.017272e+02
      vertex   2.168842e+01 -5.516258e+01 1.658811e+02
      vertex   2.168842e+01 -5.516258e+01 2.688107e+01
    endloop
  endfacet
  facet normal 9.914449e-01 -1.305262e-01 0.000000e+00
    outer loop
      vertex   2.175657e+01 -5.464495e+01 1.017272e+02
      vertex   2.168842e+01 -5.516258e+01 2.688107e+01
      vertex   2.175657e+01 -5.464495e+01 9.103492e+01
    endloop
  endfacet
  facet normal 9.914449e-01 -1.305262e-01 0.000000e+00
    outer loop
      vertex   2.175657e+01 -5.464495e+01 9.103492e+01
      vertex   2.168842e+01 -5.516258e+01 2.688107e+01
      vertex   2.175657e+01 -5.464495e+01 8.034261e+01
    endloop
  endfacet
  facet normal 9.238795e-01 -3.826834e-01 0.000000e+00
    outer loop
      vertex   2.175657e+01 -5.464495e+01 9.103492e+01
      vertex   2.175657e+01 -5.464495e+01 8.034261e+01
      vertex   2.195637e+01 -5.416258e+01 9.103492e+01
    endloop
  endfacet
  facet normal 9.238795e-01 -3.826834e-01 0.000000e+00
    outer loop
      vertex   2.195637e+01 -5.416258e+01 9.103492e+01
      vertex   2.175657e+01 -5.464495e+01 8.034261e+01
      vertex   2.195637e+01 -5.416258e+01 8.034261e+01
    endloop
  endfacet
  facet normal 7.933533e-01 -6.087614e-01 0.000000e+00
    outer loop
      vertex   2.195637e+01 -5.416258e+01 9.103492e+01
      vertex   2.195637e+01 -5.416258e+01 8.034261e+01
      vertex   2.227421e+01 -5.374837e+01 9.103492e+01
    endloop
  endfacet
  facet normal 7.933533e-01 -6.087614e-01 0.000000e+00
    outer loop
      vertex   2.227421e+01 -5.374837e+01 9.103492e+01
      vertex   2.195637e+01 -5.416258e+01 8.034261e+01
      vertex   2.227421e+01 -5.374837e+01 8.034261e+01
    endloop
  endfacet
  facet normal 6.087614e-01 -7.933533e-01 0.000000e+00
    outer loop
      vertex   2.227421e+01 -5.374837e+01 9.103492e+01
      vertex   2.227421e+01 -5.374837e+01 8.034261e+01
      vertex   2.268842e+01 -5.343053e+01 9.103492e+01
    endloop
  endfacet
  facet normal 9.238795e-01 -3.826834e-01 0.000000e+00
    outer loop
      vertex   2.195637e+01 -5.416258e+01 5.895800e+01
      vertex   2.175657e+01 -5.464495e+01 4.826569e+01
      vertex   2.195637e+01 -5.416258e+01 4.826569e+01
    endloop
  endfacet
  facet normal 9.238795e-01 -3.826834e-01 0.000000e+00
    outer loop
      vertex   2.195637e+01 -5.416258e+01 4.826569e+01
      vertex   2.175657e+01 -5.464495e+01 4.826569e+01
      vertex   2.175657e+01 -5.464495e+01 3.757338e+01
    endloop
  endfacet
  facet normal 9.914449e-01 -1.305262e-01 0.000000e+00
    outer loop
      vertex   2.175657e+01 -5.464495e+01 8.034261e+01
      vertex   2.168842e+01 -5.516258e+01 2.688107e+01
      vertex   2.175657e+01 -5.464495e+01 6.965030e+01
    endloop
  endfacet
  facet normal 9.914449e-01 -1.305262e-01 0.000000e+00
    outer loop
      vertex   2.175657e+01 -5.464495e+01 6.965030e+01
      vertex   2.168842e+01 -5.516258e+01 2.688107e+01
      vertex   2.175657e+01 -5.464495e+01 5.895800e+01
    endloop
  endfacet
  facet normal 9.238795e-01 -3.826834e-01 0.000000e+00
    outer loop
      vertex   2.175657e+01 -5.464495e+01 6.965030e+01
      vertex   2.175657e+01 -5.464495e+01 5.895800e+01
      vertex   2.195637e+01 -5.416258e+01 6.965030e+01
    endloop
  endfacet
  facet normal 9.238795e-01 -3.826834e-01 0.000000e+00
    outer loop
      vertex   2.195637e+01 -5.416258e+01 8.034261e+01
      vertex   2.175657e+01 -5.464495e+01 8.034261e+01
      vertex   2.175657e+01 -5.464495e+01 6.965030e+01
    endloop
  endfacet
  facet normal 9.238795e-01 -3.826834e-01 0.000000e+00
    outer loop
      vertex   2.195637e+01 -5.416258e+01 8.034261e+01
      vertex   2.175657e+01 -5.464495e+01 6.965030e+01
      vertex   2.195637e+01 -5.416258e+01 6.965030e+01
    endloop
  endfacet
  facet normal 9.238795e-01 -3.826834e-01 0.000000e+00
    outer loop
      vertex   2.195637e+01 -5.416258e+01 1.124195e+02
      vertex   2.175657e+01 -5.464495e+01 1.124195e+02
      vertex   2.175657e+01 -5.464495e+01 1.017272e+02
    endloop
  endfacet
  facet normal 9.238795e-01 -3.826834e-01 0.000000e+00
    outer loop
      vertex   2.175657e+01 -5.464495e+01 1.017272e+02
      vertex   2.175657e+01 -5.464495e+01 9.103492e+01
      vertex   2.195637e+01 -5.416258e+01 1.017272e+02
    endloop
  endfacet
  facet normal 9.238795e-01 -3.826834e-01 0.000000e+00
    outer loop
      vertex   2.195637e+01 -5.416258e+01 1.017272e+02
      vertex   2.175657e+01 -5.464495e+01 9.103492e+01
      vertex   2.195637e+01 -5.416258e+01 9.103492e+01
    endloop
  endfacet
  facet normal 7.933533e-01 -6.087614e-01 0.000000e+00
    outer loop
      vertex   2.195637e+01 -5.416258e+01 1.017272e+02
      vertex   2.195637e+01 -5.416258e+01 9.103492e+01
      vertex   2.227421e+01 -5.374837e+01 1.017272e+02
    endloop
  endfacet
  facet normal 7.933533e-01 -6.087614e-01 0.000000e+00
    outer loop
      vertex   2.227421e+01 -5.374837e+01 1.017272e+02
      vertex   2.195637e+01 -5.416258e+01 9.103492e+01
      vertex   2.227421e+01 -5.374837e+01 9.103492e+01
    endloop
  endfacet
  facet normal 6.087614e-01 -7.933533e-01 0.000000e+00
    outer loop
      vertex   2.227421e+01 -5.374837e+01 1.017272e+02
      vertex   2.227421e+01 -5.374837e+01 9.103492e+01
      vertex   2.268842e+01 -5.343053e+01 1.017272e+02
    endloop
  endfacet
  facet normal 6.087614e-01 -7.933533e-01 0.000000e+00
    outer loop
      vertex   2.268842e+01 -5.343053e+01 1.017272e+02
      vertex   2.227421e+01 -5.374837e+01 9.103492e+01
      vertex   2.268842e+01 -5.343053e+01 9.103492e+01
    endloop
  endfacet
  facet normal 3.826834e-01 -9.238795e-01 0.000000e+00
    outer loop
      vertex   2.268842e+01 -5.343053e+01 1.017272e+02
      vertex   2.268842e+01 -5.343053e+01 9.103492e+01
      vertex   2.317078e+01 -5.323073e+01 1.017272e+02
    endloop
  endfacet
  facet normal 9.238795e-01 -3.826834e-01 0.000000e+00
    outer loop
      vertex   2.175657e+01 -5.464495e+01 1.338042e+02
      vertex   2.175657e+01 -5.464495e+01 1.231118e+02
      vertex   2.195637e+01 -5.416258e+01 1.338042e+02
    endloop
  endfacet
  facet normal 9.238795e-01 -3.826834e-01 0.000000e+00
    outer loop
      vertex   2.195637e+01 -5.416258e+01 1.338042e+02
      vertex   2.175657e+01 -5.464495e+01 1.231118e+02
      vertex   2.195637e+01 -5.416258e+01 1.231118e+02
    endloop
  endfacet
  facet normal 7.933533e-01 -6.087614e-01 0.000000e+00
    outer loop
      vertex   2.195637e+01 -5.416258e+01 1.338042e+02
      vertex   2.195637e+01 -5.416258e+01 1.231118e+02
      vertex   2.227421e+01 -5.374837e+01 1.338042e+02
    endloop
  endfacet
  facet normal 7.933533e-01 -6.087614e-01 0.000000e+00
    outer loop
      vertex   2.227421e+01 -5.374837e+01 1.338042e+02
      vertex   2.195637e+01 -5.416258e+01 1.231118e+02
      vertex   2.227421e+01 -5.374837e+01 1.231118e+02
    endloop
  endfacet
  facet normal 6.087614e-01 -7.933533e-01 0.000000e+00
    outer loop
      vertex   2.227421e+01 -5.374837e+01 1.338042e+02
      vertex   2.227421e+01 -5.374837e+01 1.231118e+02
      vertex   2.268842e+01 -5.343053e+01 1.338042e+02
    endloop
  endfacet
  facet normal 7.933533e-01 -6.087614e-01 0.000000e+00
    outer loop
      vertex   2.227421e+01 -5.374837e+01 4.826569e+01
      vertex   2.195637e+01 -5.416258e+01 3.757338e+01
      vertex   2.227421e+01 -5.374837e+01 3.757338e+01
    endloop
  endfacet
  facet normal 7.933533e-01 -6.087614e-01 0.000000e+00
    outer loop
      vertex   2.227421e+01 -5.374837e+01 6.965030e+01
      vertex   2.195637e+01 -5.416258e+01 5.895800e+01
      vertex   2.227421e+01 -5.374837e+01 5.895800e+01
    endloop
  endfacet
  facet normal 7.933533e-01 -6.087614e-01 0.000000e+00
    outer loop
      vertex   2.227421e+01 -5.374837e+01 5.895800e+01
      vertex   2.195637e+01 -5.416258e+01 5.895800e+01
      vertex   2.195637e+01 -5.416258e+01 4.826569e+01
    endloop
  endfacet
  facet normal 7.933533e-01 -6.087614e-01 0.000000e+00
    outer loop
      vertex   2.227421e+01 -5.374837e+01 8.034261e+01
      vertex   2.195637e+01 -5.416258e+01 8.034261e+01
      vertex   2.195637e+01 -5.416258e+01 6.965030e+01
    endloop
  endfacet
  facet normal 7.933533e-01 -6.087614e-01 0.000000e+00
    outer loop
      vertex   2.227421e+01 -5.374837e+01 1.124195e+02
      vertex   2.195637e+01 -5.416258e+01 1.124195e+02
      vertex   2.195637e+01 -5.416258e+01 1.017272e+02
    endloop
  endfacet
  facet normal 9.238795e-01 -3.826834e-01 0.000000e+00
    outer loop
      vertex   2.195637e+01 -5.416258e+01 1.017272e+02
      vertex   2.195637e+01 -5.416258e+01 1.124195e+02
      vertex   2.175657e+01 -5.464495e+01 1.017272e+02
    endloop
  endfacet
  facet normal 7.933533e-01 -6.087614e-01 0.000000e+00
    outer loop
      vertex   2.227421e+01 -5.374837e+01 1.124195e+02
      vertex   2.195637e+01 -5.416258e+01 1.017272e+02
      vertex   2.227421e+01 -5.374837e+01 1.017272e+02
    endloop
  endfacet
  facet normal 9.238795e-01 -3.826834e-01 0.000000e+00
    outer loop
      vertex   2.175657e+01 -5.464495e+01 1.338042e+02
      vertex   2.195637e+01 -5.416258e+01 1.338042e+02
      vertex   2.195637e+01 -5.416258e+01 1.444965e+02
    endloop
  endfacet
  facet normal 7.933533e-01 -6.087614e-01 0.000000e+00
    outer loop
      vertex   2.195637e+01 -5.416258e+01 1.444965e+02
      vertex   2.195637e+01 -5.416258e+01 1.338042e+02
      vertex   2.227421e+01 -5.374837e+01 1.444965e+02
    endloop
  endfacet
  facet normal 7.933533e-01 -6.087614e-01 0.000000e+00
    outer loop
      vertex   2.195637e+01 -5.416258e+01 1.444965e+02
      vertex   2.227421e+01 -5.374837e+01 1.444965e+02
      vertex   2.227421e+01 -5.374837e+01 1.551888e+02
    endloop
  endfacet
  facet normal 6.087614e-01 -7.933533e-01 0.000000e+00
    outer loop
      vertex   2.227421e+01 -5.374837e+01 1.551888e+02
      vertex   2.227421e+01 -5.374837e+01 1.444965e+02
      vertex   2.268842e+01 -5.343053e+01 1.551888e+02
    endloop
  endfacet
  facet normal 7.933533e-01 -6.087614e-01 0.000000e+00
    outer loop
      vertex   2.227421e+01 -5.374837e+01 1.444965e+02
      vertex   2.195637e+01 -5.416258e+01 1.338042e+02
      vertex   2.227421e+01 -5.374837e+01 1.338042e+02
    endloop
  endfacet
  facet normal 6.087614e-01 -7.933533e-01 0.000000e+00
    outer loop
      vertex   2.227421e+01 -5.374837e+01 4.826569e+01
      vertex   2.227421e+01 -5.374837e+01 3.757338e+01
      vertex   2.268842e+01 -5.343053e+01 4.826569e+01
    endloop
  endfacet
  facet normal 6.087614e-01 -7.933533e-01 0.000000e+00
    outer loop
      vertex   2.268842e+01 -5.343053e+01 4.826569e+01
      vertex   2.227421e+01 -5.374837e+01 3.757338e+01
      vertex   2.268842e+01 -5.343053e+01 3.757338e+01
    endloop
  endfacet
  facet normal 3.826834e-01 -9.238795e-01 0.000000e+00
    outer loop
      vertex   2.268842e+01 -5.343053e+01 4.826569e+01
      vertex   2.268842e+01 -5.343053e+01 3.757338e+01
      vertex   2.317078e+01 -5.323073e+01 4.826569e+01
    endloop
  endfacet
  facet normal 3.826834e-01 -9.238795e-01 0.000000e+00
    outer loop
      vertex   2.317078e+01 -5.323073e+01 4.826569e+01
      vertex   2.268842e+01 -5.343053e+01 3.757338e+01
      vertex   2.317078e+01 -5.323073e+01 3.757338e+01
    endloop
  endfacet
  facet normal 1.305262e-01 -9.914449e-01 0.000000e+00
    outer loop
      vertex   2.317078e+01 -5.323073e+01 4.826569e+01
      vertex   2.317078e+01 -5.323073e+01 3.757338e+01
      vertex   2.368842e+01 -5.316258e+01 2.688107e+01
    endloop
  endfacet
  facet normal 6.087614e-01 -7.933533e-01 0.000000e+00
    outer loop
      vertex   2.268842e+01 -5.343053e+01 8.034261e+01
      vertex   2.227421e+01 -5.374837e+01 6.965030e+01
      vertex   2.268842e+01 -5.343053e+01 6.965030e+01
    endloop
  endfacet
  facet normal 6.087614e-01 -7.933533e-01 0.000000e+00
    outer loop
      vertex   2.268842e+01 -5.343053e+01 6.965030e+01
      vertex   2.227421e+01 -5.374837e+01 6.965030e+01
      vertex   2.227421e+01 -5.374837e+01 5.895800e+01
    endloop
  endfacet
  facet normal 6.087614e-01 -7.933533e-01 0.000000e+00
    outer loop
      vertex   2.268842e+01 -5.343053e+01 1.124195e+02
      vertex   2.227421e+01 -5.374837e+01 1.124195e+02
      vertex   2.227421e+01 -5.374837e+01 1.017272e+02
    endloop
  endfacet
  facet normal 6.087614e-01 -7.933533e-01 0.000000e+00
    outer loop
      vertex   2.268842e+01 -5.343053e+01 1.124195e+02
      vertex   2.227421e+01 -5.374837e+01 1.017272e+02
      vertex   2.268842e+01 -5.343053e+01 1.017272e+02
    endloop
  endfacet
  facet normal 6.087614e-01 -7.933533e-01 0.000000e+00
    outer loop
      vertex   2.227421e+01 -5.374837e+01 1.444965e+02
      vertex   2.227421e+01 -5.374837e+01 1.338042e+02
      vertex   2.268842e+01 -5.343053e+01 1.444965e+02
    endloop
  endfacet
  facet normal 6.087614e-01 -7.933533e-01 0.000000e+00
    outer loop
      vertex   2.268842e+01 -5.343053e+01 1.444965e+02
      vertex   2.227421e+01 -5.374837e+01 1.338042e+02
      vertex   2.268842e+01 -5.343053e+01 1.338042e+02
    endloop
  endfacet
  facet normal 3.826834e-01 -9.238795e-01 0.000000e+00
    outer loop
      vertex   2.268842e+01 -5.343053e+01 1.444965e+02
      vertex   2.268842e+01 -5.343053e+01 1.338042e+02
      vertex   2.317078e+01 -5.323073e+01 1.444965e+02
    endloop
  endfacet
  facet normal 6.087614e-01 -7.933533e-01 0.000000e+00
    outer loop
      vertex   2.227421e+01 -5.374837e+01 4.826569e+01
      vertex   2.268842e+01 -5.343053e+01 4.826569e+01
      vertex   2.268842e+01 -5.343053e+01 5.895800e+01
    endloop
  endfacet
  facet normal 3.826834e-01 -9.238795e-01 0.000000e+00
    outer loop
      vertex   2.268842e+01 -5.343053e+01 5.895800e+01
      vertex   2.268842e+01 -5.343053e+01 4.826569e+01
      vertex   2.317078e+01 -5.323073e+01 5.895800e+01
    endloop
  endfacet
  facet normal 3.826834e-01 -9.238795e-01 0.000000e+00
    outer loop
      vertex   2.268842e+01 -5.343053e+01 5.895800e+01
      vertex   2.317078e+01 -5.323073e+01 5.895800e+01
      vertex   2.317078e+01 -5.323073e+01 6.965030e+01
    endloop
  endfacet
  facet normal 1.305262e-01 -9.914449e-01 0.000000e+00
    outer loop
      vertex   2.317078e+01 -5.323073e+01 6.965030e+01
      vertex   2.317078e+01 -5.323073e+01 5.895800e+01
      vertex   2.368842e+01 -5.316258e+01 2.688107e+01
    endloop
  endfacet
  facet normal 3.826834e-01 -9.238795e-01 0.000000e+00
    outer loop
      vertex   2.317078e+01 -5.323073e+01 5.895800e+01
      vertex   2.268842e+01 -5.343053e+01 4.826569e+01
      vertex   2.317078e+01 -5.323073e+01 4.826569e+01
    endloop
  endfacet
  facet normal 3.826834e-01 -9.238795e-01 0.000000e+00
    outer loop
      vertex   2.317078e+01 -5.323073e+01 9.103492e+01
      vertex   2.268842e+01 -5.343053e+01 8.034261e+01
      vertex   2.317078e+01 -5.323073e+01 8.034261e+01
    endloop
  endfacet
  facet normal 3.826834e-01 -9.238795e-01 0.000000e+00
    outer loop
      vertex   2.317078e+01 -5.323073e+01 8.034261e+01
      vertex   2.268842e+01 -5.343053e+01 8.034261e+01
      vertex   2.268842e+01 -5.343053e+01 6.965030e+01
    endloop
  endfacet
  facet normal 3.826834e-01 -9.238795e-01 0.000000e+00
    outer loop
      vertex   2.317078e+01 -5.323073e+01 1.124195e+02
      vertex   2.268842e+01 -5.343053e+01 1.124195e+02
      vertex   2.268842e+01 -5.343053e+01 1.017272e+02
    endloop
  endfacet
  facet normal 3.826834e-01 -9.238795e-01 0.000000e+00
    outer loop
      vertex   2.317078e+01 -5.323073e+01 1.124195e+02
      vertex   2.268842e+01 -5.343053e+01 1.017272e+02
      vertex   2.317078e+01 -5.323073e+01 1.017272e+02
    endloop
  endfacet
  facet normal 3.826834e-01 -9.238795e-01 0.000000e+00
    outer loop
      vertex   2.317078e+01 -5.323073e+01 1.338042e+02
      vertex   2.268842e+01 -5.343053e+01 1.231118e+02
      vertex   2.317078e+01 -5.323073e+01 1.231118e+02
    endloop
  endfacet
  facet normal 3.826834e-01 -9.238795e-01 0.000000e+00
    outer loop
      vertex   2.317078e+01 -5.323073e+01 1.551888e+02
      vertex   2.268842e+01 -5.343053e+01 1.551888e+02
      vertex   2.268842e+01 -5.343053e+01 1.444965e+02
    endloop
  endfacet
  facet normal 6.087614e-01 -7.933533e-01 0.000000e+00
    outer loop
      vertex   2.268842e+01 -5.343053e+01 1.444965e+02
      vertex   2.268842e+01 -5.343053e+01 1.551888e+02
      vertex   2.227421e+01 -5.374837e+01 1.444965e+02
    endloop
  endfacet
  facet normal 3.826834e-01 -9.238795e-01 0.000000e+00
    outer loop
      vertex   2.317078e+01 -5.323073e+01 1.551888e+02
      vertex   2.268842e+01 -5.343053e+01 1.444965e+02
      vertex   2.317078e+01 -5.323073e+01 1.444965e+02
    endloop
  endfacet
  facet normal 1.305262e-01 -9.914449e-01 0.000000e+00
    outer loop
      vertex   2.368842e+01 -5.316258e+01 2.688107e+01
      vertex   2.317078e+01 -5.323073e+01 5.895800e+01
      vertex   2.317078e+01 -5.323073e+01 4.826569e+01
    endloop
  endfacet
  facet normal 1.305262e-01 -9.914449e-01 0.000000e+00
    outer loop
      vertex   2.368842e+01 -5.316258e+01 1.658811e+02
      vertex   2.317078e+01 -5.323073e+01 1.338042e+02
      vertex   2.317078e+01 -5.323073e+01 1.231118e+02
    endloop
  endfacet
  facet normal 1.000000e+00 0.000000e+00 0.000000e+00
    outer loop
      vertex   2.168842e+01 -5.516258e+01 1.658811e+02
      vertex   2.168842e+01 -1.101626e+02 1.658811e+02
      vertex   2.168842e+01 -5.516258e+01 2.688107e+01
    endloop
  endfacet
  facet normal 1.000000e+00 0.000000e+00 0.000000e+00
    outer loop
      vertex   2.168842e+01 -5.516258e+01 2.688107e+01
      vertex   2.168842e+01 -1.101626e+02 1.658811e+02
      vertex   2.168842e+01 -1.101626e+02 2.088107e+01
    endloop
  endfacet
  facet normal 1.000000e+00 0.000000e+00 0.000000e+00
    outer loop
      vertex   2.168842e+01 -5.516258e+01 2.688107e+01
      vertex   2.168842e+01 -1.101626e+02 2.088107e+01
      vertex   2.168842e+01 -5.516258e+01 2.088107e+01
    endloop
  endfacet
  facet normal 9.914449e-01 1.305262e-01 0.000000e+00
    outer loop
      vertex   2.175657e+01 -1.106802e+02 1.658811e+02
      vertex   2.175657e+01 -1.106802e+02 1.547272e+02
      vertex   2.168842e+01 -1.101626e+02 1.658811e+02
    endloop
  endfacet
  facet normal 9.914449e-01 1.305262e-01 0.000000e+00
    outer loop
      vertex   2.168842e+01 -1.101626e+02 1.658811e+02
      vertex   2.175657e+01 -1.106802e+02 1.547272e+02
      vertex   2.175657e+01 -1.106802e+02 1.435734e+02
    endloop
  endfacet
  facet normal 9.914449e-01 1.305262e-01 0.000000e+00
    outer loop
      vertex   2.168842e+01 -1.101626e+02 1.658811e+02
      vertex   2.175657e+01 -1.106802e+02 1.435734e+02
      vertex   2.175657e+01 -1.106802e+02 1.324195e+02
    endloop
  endfacet
  facet normal 9.238795e-01 3.826834e-01 -0.000000e+00
    outer loop
      vertex   2.175657e+01 -1.106802e+02 1.324195e+02
      vertex   2.175657e+01 -1.106802e+02 1.435734e+02
      vertex   2.195637e+01 -1.111626e+02 1.324195e+02
    endloop
  endfacet
  facet normal 9.238795e-01 3.826834e-01 0.000000e+00
    outer loop
      vertex   2.175657e+01 -1.106802e+02 1.324195e+02
      vertex   2.195637e+01 -1.111626e+02 1.324195e+02
      vertex   2.195637e+01 -1.111626e+02 1.212657e+02
    endloop
  endfacet
  facet normal 7.933533e-01 6.087614e-01 -0.000000e+00
    outer loop
      vertex   2.195637e+01 -1.111626e+02 1.212657e+02
      vertex   2.195637e+01 -1.111626e+02 1.324195e+02
      vertex   2.227421e+01 -1.115768e+02 1.212657e+02
    endloop
  endfacet
  facet normal 7.933533e-01 6.087614e-01 0.000000e+00
    outer loop
      vertex   2.195637e+01 -1.111626e+02 1.212657e+02
      vertex   2.227421e+01 -1.115768e+02 1.212657e+02
      vertex   2.227421e+01 -1.115768e+02 1.101118e+02
    endloop
  endfacet
  facet normal 6.087614e-01 7.933533e-01 -0.000000e+00
    outer loop
      vertex   2.227421e+01 -1.115768e+02 1.101118e+02
      vertex   2.227421e+01 -1.115768e+02 1.212657e+02
      vertex   2.268842e+01 -1.118946e+02 1.101118e+02
    endloop
  endfacet
  facet normal 6.087614e-01 7.933533e-01 0.000000e+00
    outer loop
      vertex   2.227421e+01 -1.115768e+02 1.101118e+02
      vertex   2.268842e+01 -1.118946e+02 1.101118e+02
      vertex   2.268842e+01 -1.118946e+02 9.895800e+01
    endloop
  endfacet
  facet normal 3.826834e-01 9.238795e-01 -0.000000e+00
    outer loop
      vertex   2.268842e+01 -1.118946e+02 9.895800e+01
      vertex   2.268842e+01 -1.118946e+02 1.101118e+02
      vertex   2.317078e+01 -1.120944e+02 9.895800e+01
    endloop
  endfacet
  facet normal 3.826834e-01 9.238795e-01 0.000000e+00
    outer loop
      vertex   2.268842e+01 -1.118946e+02 9.895800e+01
      vertex   2.317078e+01 -1.120944e+02 9.895800e+01
      vertex   2.317078e+01 -1.120944e+02 8.780415e+01
    endloop
  endfacet
  facet normal 1.305262e-01 9.914449e-01 -0.000000e+00
    outer loop
      vertex   2.317078e+01 -1.120944e+02 8.780415e+01
      vertex   2.317078e+01 -1.120944e+02 9.895800e+01
      vertex   2.368842e+01 -1.121626e+02 2.088107e+01
    endloop
  endfacet
  facet normal 1.305262e-01 9.914449e-01 0.000000e+00
    outer loop
      vertex   2.317078e+01 -1.120944e+02 8.780415e+01
      vertex   2.368842e+01 -1.121626e+02 2.088107e+01
      vertex   2.317078e+01 -1.120944e+02 7.665030e+01
    endloop
  endfacet
  facet normal 1.305262e-01 9.914449e-01 0.000000e+00
    outer loop
      vertex   2.317078e+01 -1.120944e+02 7.665030e+01
      vertex   2.368842e+01 -1.121626e+02 2.088107e+01
      vertex   2.317078e+01 -1.120944e+02 6.549646e+01
    endloop
  endfacet
  facet normal 3.826834e-01 9.238795e-01 0.000000e+00
    outer loop
      vertex   2.317078e+01 -1.120944e+02 7.665030e+01
      vertex   2.317078e+01 -1.120944e+02 6.549646e+01
      vertex   2.268842e+01 -1.118946e+02 7.665030e+01
    endloop
  endfacet
  facet normal 3.826834e-01 9.238795e-01 0.000000e+00
    outer loop
      vertex   2.268842e+01 -1.118946e+02 7.665030e+01
      vertex   2.317078e+01 -1.120944e+02 6.549646e+01
      vertex   2.268842e+01 -1.118946e+02 6.549646e+01
    endloop
  endfacet
  facet normal 6.087614e-01 7.933533e-01 0.000000e+00
    outer loop
      vertex   2.268842e+01 -1.118946e+02 7.665030e+01
      vertex   2.268842e+01 -1.118946e+02 6.549646e+01
      vertex   2.227421e+01 -1.115768e+02 7.665030e+01
    endloop
  endfacet
  facet normal 6.087614e-01 7.933533e-01 0.000000e+00
    outer loop
      vertex   2.227421e+01 -1.115768e+02 7.665030e+01
      vertex   2.268842e+01 -1.118946e+02 6.549646e+01
      vertex   2.227421e+01 -1.115768e+02 6.549646e+01
    endloop
  endfacet
  facet normal 7.933533e-01 6.087614e-01 0.000000e+00
    outer loop
      vertex   2.227421e+01 -1.115768e+02 7.665030e+01
      vertex   2.227421e+01 -1.115768e+02 6.549646e+01
      vertex   2.195637e+01 -1.111626e+02 7.665030e+01
    endloop
  endfacet
  facet normal 7.933533e-01 6.087614e-01 0.000000e+00
    outer loop
      vertex   2.195637e+01 -1.111626e+02 7.665030e+01
      vertex   2.227421e+01 -1.115768e+02 6.549646e+01
      vertex   2.195637e+01 -1.111626e+02 6.549646e+01
    endloop
  endfacet
  facet normal 9.238795e-01 3.826834e-01 0.000000e+00
    outer loop
      vertex   2.195637e+01 -1.111626e+02 7.665030e+01
      vertex   2.195637e+01 -1.111626e+02 6.549646e+01
      vertex   2.175657e+01 -1.106802e+02 7.665030e+01
    endloop
  endfacet
  facet normal 9.238795e-01 3.826834e-01 0.000000e+00
    outer loop
      vertex   2.175657e+01 -1.106802e+02 7.665030e+01
      vertex   2.195637e+01 -1.111626e+02 6.549646e+01
      vertex   2.175657e+01 -1.106802e+02 6.549646e+01
    endloop
  endfacet
  facet normal 9.914449e-01 1.305262e-01 0.000000e+00
    outer loop
      vertex   2.175657e+01 -1.106802e+02 7.665030e+01
      vertex   2.175657e+01 -1.106802e+02 6.549646e+01
      vertex   2.168842e+01 -1.101626e+02 2.088107e+01
    endloop
  endfacet
  facet normal 9.914449e-01 1.305262e-01 0.000000e+00
    outer loop
      vertex   2.168842e+01 -1.101626e+02 2.088107e+01
      vertex   2.175657e+01 -1.106802e+02 6.549646e+01
      vertex   2.175657e+01 -1.106802e+02 5.434261e+01
    endloop
  endfacet
  facet normal 9.914449e-01 1.305262e-01 0.000000e+00
    outer loop
      vertex   2.168842e+01 -1.101626e+02 2.088107e+01
      vertex   2.175657e+01 -1.106802e+02 5.434261e+01
      vertex   2.175657e+01 -1.106802e+02 4.318877e+01
    endloop
  endfacet
  facet normal 9.238795e-01 3.826834e-01 -0.000000e+00
    outer loop
      vertex   2.175657e+01 -1.106802e+02 4.318877e+01
      vertex   2.175657e+01 -1.106802e+02 5.434261e+01
      vertex   2.195637e+01 -1.111626e+02 4.318877e+01
    endloop
  endfacet
  facet normal 9.238795e-01 3.826834e-01 0.000000e+00
    outer loop
      vertex   2.175657e+01 -1.106802e+02 4.318877e+01
      vertex   2.195637e+01 -1.111626e+02 4.318877e+01
      vertex   2.195637e+01 -1.111626e+02 3.203492e+01
    endloop
  endfacet
  facet normal 7.933533e-01 6.087614e-01 -0.000000e+00
    outer loop
      vertex   2.195637e+01 -1.111626e+02 3.203492e+01
      vertex   2.195637e+01 -1.111626e+02 4.318877e+01
      vertex   2.227421e+01 -1.115768e+02 3.203492e+01
    endloop
  endfacet
  facet normal 7.933533e-01 6.087614e-01 2.526061e-16
    outer loop
      vertex   2.195637e+01 -1.111626e+02 3.203492e+01
      vertex   2.227421e+01 -1.115768e+02 3.203492e+01
      vertex   2.227421e+01 -1.115768e+02 2.088107e+01
    endloop
  endfacet
  facet normal 6.087614e-01 7.933533e-01 1.939022e-16
    outer loop
      vertex   2.227421e+01 -1.115768e+02 2.088107e+01
      vertex   2.227421e+01 -1.115768e+02 3.203492e+01
      vertex   2.268842e+01 -1.118946e+02 2.088107e+01
    endloop
  endfacet
  facet normal 6.087614e-01 7.933533e-01 -1.939022e-16
    outer loop
      vertex   2.268842e+01 -1.118946e+02 2.088107e+01
      vertex   2.227421e+01 -1.115768e+02 3.203492e+01
      vertex   2.268842e+01 -1.118946e+02 3.203492e+01
    endloop
  endfacet
  facet normal 3.826834e-01 9.238795e-01 -1.218920e-16
    outer loop
      vertex   2.268842e+01 -1.118946e+02 2.088107e+01
      vertex   2.268842e+01 -1.118946e+02 3.203492e+01
      vertex   2.317078e+01 -1.120944e+02 2.088107e+01
    endloop
  endfacet
  facet normal 3.826834e-01 9.238795e-01 1.420877e-15
    outer loop
      vertex   2.317078e+01 -1.120944e+02 2.088107e+01
      vertex   2.268842e+01 -1.118946e+02 3.203492e+01
      vertex   2.317078e+01 -1.120944e+02 3.203492e+01
    endloop
  endfacet
  facet normal 1.305262e-01 9.914449e-01 1.346327e-15
    outer loop
      vertex   2.317078e+01 -1.120944e+02 2.088107e+01
      vertex   2.317078e+01 -1.120944e+02 3.203492e+01
      vertex   2.368842e+01 -1.121626e+02 2.088107e+01
    endloop
  endfacet
  facet normal 1.305262e-01 9.914449e-01 0.000000e+00
    outer loop
      vertex   2.368842e+01 -1.121626e+02 2.088107e+01
      vertex   2.317078e+01 -1.120944e+02 3.203492e+01
      vertex   2.317078e+01 -1.120944e+02 4.318877e+01
    endloop
  endfacet
  facet normal 1.305262e-01 9.914449e-01 0.000000e+00
    outer loop
      vertex   2.368842e+01 -1.121626e+02 2.088107e+01
      vertex   2.317078e+01 -1.120944e+02 4.318877e+01
      vertex   2.317078e+01 -1.120944e+02 5.434261e+01
    endloop
  endfacet
  facet normal 3.826834e-01 9.238795e-01 0.000000e+00
    outer loop
      vertex   2.317078e+01 -1.120944e+02 5.434261e+01
      vertex   2.317078e+01 -1.120944e+02 4.318877e+01
      vertex   2.268842e+01 -1.118946e+02 5.434261e+01
    endloop
  endfacet
  facet normal 3.826834e-01 9.238795e-01 0.000000e+00
    outer loop
      vertex   2.317078e+01 -1.120944e+02 5.434261e+01
      vertex   2.268842e+01 -1.118946e+02 5.434261e+01
      vertex   2.268842e+01 -1.118946e+02 6.549646e+01
    endloop
  endfacet
  facet normal 6.087614e-01 7.933533e-01 0.000000e+00
    outer loop
      vertex   2.268842e+01 -1.118946e+02 6.549646e+01
      vertex   2.268842e+01 -1.118946e+02 5.434261e+01
      vertex   2.227421e+01 -1.115768e+02 6.549646e+01
    endloop
  endfacet
  facet normal 9.238795e-01 3.826834e-01 -0.000000e+00
    outer loop
      vertex   2.175657e+01 -1.106802e+02 1.547272e+02
      vertex   2.175657e+01 -1.106802e+02 1.658811e+02
      vertex   2.195637e+01 -1.111626e+02 1.547272e+02
    endloop
  endfacet
  facet normal 9.238795e-01 3.826834e-01 -0.000000e+00
    outer loop
      vertex   2.195637e+01 -1.111626e+02 1.547272e+02
      vertex   2.175657e+01 -1.106802e+02 1.658811e+02
      vertex   2.195637e+01 -1.111626e+02 1.658811e+02
    endloop
  endfacet
  facet normal 7.933533e-01 6.087614e-01 -0.000000e+00
    outer loop
      vertex   2.195637e+01 -1.111626e+02 1.547272e+02
      vertex   2.195637e+01 -1.111626e+02 1.658811e+02
      vertex   2.227421e+01 -1.115768e+02 1.547272e+02
    endloop
  endfacet
  facet normal 7.933533e-01 6.087614e-01 -2.526982e-16
    outer loop
      vertex   2.227421e+01 -1.115768e+02 1.547272e+02
      vertex   2.195637e+01 -1.111626e+02 1.658811e+02
      vertex   2.227421e+01 -1.115768e+02 1.658811e+02
    endloop
  endfacet
  facet normal 6.087614e-01 7.933533e-01 -1.939022e-16
    outer loop
      vertex   2.227421e+01 -1.115768e+02 1.547272e+02
      vertex   2.227421e+01 -1.115768e+02 1.658811e+02
      vertex   2.268842e+01 -1.118946e+02 1.547272e+02
    endloop
  endfacet
  facet normal 6.087614e-01 7.933533e-01 1.939022e-16
    outer loop
      vertex   2.268842e+01 -1.118946e+02 1.547272e+02
      vertex   2.227421e+01 -1.115768e+02 1.658811e+02
      vertex   2.268842e+01 -1.118946e+02 1.658811e+02
    endloop
  endfacet
  facet normal 3.826834e-01 9.238795e-01 1.218920e-16
    outer loop
      vertex   2.268842e+01 -1.118946e+02 1.547272e+02
      vertex   2.268842e+01 -1.118946e+02 1.658811e+02
      vertex   2.317078e+01 -1.120944e+02 1.547272e+02
    endloop
  endfacet
  facet normal 3.826834e-01 9.238795e-01 -1.420877e-15
    outer loop
      vertex   2.317078e+01 -1.120944e+02 1.547272e+02
      vertex   2.268842e+01 -1.118946e+02 1.658811e+02
      vertex   2.317078e+01 -1.120944e+02 1.658811e+02
    endloop
  endfacet
  facet normal 1.305262e-01 9.914449e-01 -1.346327e-15
    outer loop
      vertex   2.317078e+01 -1.120944e+02 1.547272e+02
      vertex   2.317078e+01 -1.120944e+02 1.658811e+02
      vertex   2.368842e+01 -1.121626e+02 1.658811e+02
    endloop
  endfacet
  facet normal 1.305262e-01 9.914449e-01 -0.000000e+00
    outer loop
      vertex   2.368842e+01 -1.121626e+02 2.088107e+01
      vertex   2.317078e+01 -1.120944e+02 9.895800e+01
      vertex   2.368842e+01 -1.121626e+02 1.658811e+02
    endloop
  endfacet
  facet normal 1.305262e-01 9.914449e-01 0.000000e+00
    outer loop
      vertex   2.368842e+01 -1.121626e+02 1.658811e+02
      vertex   2.317078e+01 -1.120944e+02 9.895800e+01
      vertex   2.317078e+01 -1.120944e+02 1.101118e+02
    endloop
  endfacet
  facet normal 1.305262e-01 9.914449e-01 0.000000e+00
    outer loop
      vertex   2.368842e+01 -1.121626e+02 1.658811e+02
      vertex   2.317078e+01 -1.120944e+02 1.101118e+02
      vertex   2.317078e+01 -1.120944e+02 1.212657e+02
    endloop
  endfacet
  facet normal 3.826834e-01 9.238795e-01 0.000000e+00
    outer loop
      vertex   2.317078e+01 -1.120944e+02 1.212657e+02
      vertex   2.317078e+01 -1.120944e+02 1.101118e+02
      vertex   2.268842e+01 -1.118946e+02 1.212657e+02
    endloop
  endfacet
  facet normal 3.826834e-01 9.238795e-01 0.000000e+00
    outer loop
      vertex   2.317078e+01 -1.120944e+02 1.212657e+02
      vertex   2.268842e+01 -1.118946e+02 1.212657e+02
      vertex   2.268842e+01 -1.118946e+02 1.324195e+02
    endloop
  endfacet
  facet normal 6.087614e-01 7.933533e-01 0.000000e+00
    outer loop
      vertex   2.268842e+01 -1.118946e+02 1.324195e+02
      vertex   2.268842e+01 -1.118946e+02 1.212657e+02
      vertex   2.227421e+01 -1.115768e+02 1.324195e+02
    endloop
  endfacet
  facet normal 6.087614e-01 7.933533e-01 0.000000e+00
    outer loop
      vertex   2.268842e+01 -1.118946e+02 1.324195e+02
      vertex   2.227421e+01 -1.115768e+02 1.324195e+02
      vertex   2.227421e+01 -1.115768e+02 1.435734e+02
    endloop
  endfacet
  facet normal 7.933533e-01 6.087614e-01 0.000000e+00
    outer loop
      vertex   2.227421e+01 -1.115768e+02 1.435734e+02
      vertex   2.227421e+01 -1.115768e+02 1.324195e+02
      vertex   2.195637e+01 -1.111626e+02 1.435734e+02
    endloop
  endfacet
  facet normal 7.933533e-01 6.087614e-01 0.000000e+00
    outer loop
      vertex   2.227421e+01 -1.115768e+02 1.435734e+02
      vertex   2.195637e+01 -1.111626e+02 1.435734e+02
      vertex   2.195637e+01 -1.111626e+02 1.547272e+02
    endloop
  endfacet
  facet normal 9.238795e-01 3.826834e-01 0.000000e+00
    outer loop
      vertex   2.195637e+01 -1.111626e+02 1.547272e+02
      vertex   2.195637e+01 -1.111626e+02 1.435734e+02
      vertex   2.175657e+01 -1.106802e+02 1.547272e+02
    endloop
  endfacet
  facet normal 7.933533e-01 6.087614e-01 0.000000e+00
    outer loop
      vertex   2.227421e+01 -1.115768e+02 2.088107e+01
      vertex   2.195637e+01 -1.111626e+02 2.088107e+01
      vertex   2.195637e+01 -1.111626e+02 3.203492e+01
    endloop
  endfacet
  facet normal 9.238795e-01 3.826834e-01 0.000000e+00
    outer loop
      vertex   2.195637e+01 -1.111626e+02 3.203492e+01
      vertex   2.195637e+01 -1.111626e+02 2.088107e+01
      vertex   2.175657e+01 -1.106802e+02 3.203492e+01
    endloop
  endfacet
  facet normal 9.238795e-01 3.826834e-01 0.000000e+00
    outer loop
      vertex   2.195637e+01 -1.111626e+02 3.203492e+01
      vertex   2.175657e+01 -1.106802e+02 3.203492e+01
      vertex   2.175657e+01 -1.106802e+02 4.318877e+01
    endloop
  endfacet
  facet normal 9.914449e-01 1.305262e-01 0.000000e+00
    outer loop
      vertex   2.175657e+01 -1.106802e+02 4.318877e+01
      vertex   2.175657e+01 -1.106802e+02 3.203492e+01
      vertex   2.168842e+01 -1.101626e+02 2.088107e+01
    endloop
  endfacet
  facet normal 9.238795e-01 3.826834e-01 0.000000e+00
    outer loop
      vertex   2.195637e+01 -1.111626e+02 2.088107e+01
      vertex   2.175657e+01 -1.106802e+02 2.088107e+01
      vertex   2.175657e+01 -1.106802e+02 3.203492e+01
    endloop
  endfacet
  facet normal 9.914449e-01 1.305262e-01 0.000000e+00
    outer loop
      vertex   2.175657e+01 -1.106802e+02 3.203492e+01
      vertex   2.175657e+01 -1.106802e+02 2.088107e+01
      vertex   2.168842e+01 -1.101626e+02 2.088107e+01
    endloop
  endfacet
  facet normal 9.914449e-01 1.305262e-01 -0.000000e+00
    outer loop
      vertex   2.175657e+01 -1.106802e+02 7.665030e+01
      vertex   2.168842e+01 -1.101626e+02 2.088107e+01
      vertex   2.175657e+01 -1.106802e+02 8.780415e+01
    endloop
  endfacet
  facet normal 9.914449e-01 1.305262e-01 0.000000e+00
    outer loop
      vertex   2.175657e+01 -1.106802e+02 8.780415e+01
      vertex   2.168842e+01 -1.101626e+02 2.088107e+01
      vertex   2.168842e+01 -1.101626e+02 1.658811e+02
    endloop
  endfacet
  facet normal 9.914449e-01 1.305262e-01 -0.000000e+00
    outer loop
      vertex   2.175657e+01 -1.106802e+02 8.780415e+01
      vertex   2.168842e+01 -1.101626e+02 1.658811e+02
      vertex   2.175657e+01 -1.106802e+02 9.895800e+01
    endloop
  endfacet
  facet normal 9.914449e-01 1.305262e-01 -0.000000e+00
    outer loop
      vertex   2.175657e+01 -1.106802e+02 9.895800e+01
      vertex   2.168842e+01 -1.101626e+02 1.658811e+02
      vertex   2.175657e+01 -1.106802e+02 1.101118e+02
    endloop
  endfacet
  facet normal 9.238795e-01 3.826834e-01 -0.000000e+00
    outer loop
      vertex   2.175657e+01 -1.106802e+02 9.895800e+01
      vertex   2.175657e+01 -1.106802e+02 1.101118e+02
      vertex   2.195637e+01 -1.111626e+02 9.895800e+01
    endloop
  endfacet
  facet normal 9.238795e-01 3.826834e-01 -0.000000e+00
    outer loop
      vertex   2.195637e+01 -1.111626e+02 9.895800e+01
      vertex   2.175657e+01 -1.106802e+02 1.101118e+02
      vertex   2.195637e+01 -1.111626e+02 1.101118e+02
    endloop
  endfacet
  facet normal 7.933533e-01 6.087614e-01 -0.000000e+00
    outer loop
      vertex   2.195637e+01 -1.111626e+02 9.895800e+01
      vertex   2.195637e+01 -1.111626e+02 1.101118e+02
      vertex   2.227421e+01 -1.115768e+02 9.895800e+01
    endloop
  endfacet
  facet normal 7.933533e-01 6.087614e-01 -0.000000e+00
    outer loop
      vertex   2.227421e+01 -1.115768e+02 9.895800e+01
      vertex   2.195637e+01 -1.111626e+02 1.101118e+02
      vertex   2.227421e+01 -1.115768e+02 1.101118e+02
    endloop
  endfacet
  facet normal 6.087614e-01 7.933533e-01 -0.000000e+00
    outer loop
      vertex   2.227421e+01 -1.115768e+02 9.895800e+01
      vertex   2.227421e+01 -1.115768e+02 1.101118e+02
      vertex   2.268842e+01 -1.118946e+02 9.895800e+01
    endloop
  endfacet
  facet normal 9.238795e-01 3.826834e-01 -0.000000e+00
    outer loop
      vertex   2.195637e+01 -1.111626e+02 1.324195e+02
      vertex   2.175657e+01 -1.106802e+02 1.435734e+02
      vertex   2.195637e+01 -1.111626e+02 1.435734e+02
    endloop
  endfacet
  facet normal 9.238795e-01 3.826834e-01 0.000000e+00
    outer loop
      vertex   2.195637e+01 -1.111626e+02 1.435734e+02
      vertex   2.175657e+01 -1.106802e+02 1.435734e+02
      vertex   2.175657e+01 -1.106802e+02 1.547272e+02
    endloop
  endfacet
  facet normal 9.914449e-01 1.305262e-01 -0.000000e+00
    outer loop
      vertex   2.175657e+01 -1.106802e+02 1.101118e+02
      vertex   2.168842e+01 -1.101626e+02 1.658811e+02
      vertex   2.175657e+01 -1.106802e+02 1.212657e+02
    endloop
  endfacet
  facet normal 9.914449e-01 1.305262e-01 -0.000000e+00
    outer loop
      vertex   2.175657e+01 -1.106802e+02 1.212657e+02
      vertex   2.168842e+01 -1.101626e+02 1.658811e+02
      vertex   2.175657e+01 -1.106802e+02 1.324195e+02
    endloop
  endfacet
  facet normal 9.238795e-01 3.826834e-01 -0.000000e+00
    outer loop
      vertex   2.175657e+01 -1.106802e+02 1.212657e+02
      vertex   2.175657e+01 -1.106802e+02 1.324195e+02
      vertex   2.195637e+01 -1.111626e+02 1.212657e+02
    endloop
  endfacet
  facet normal 9.238795e-01 3.826834e-01 0.000000e+00
    outer loop
      vertex   2.195637e+01 -1.111626e+02 1.101118e+02
      vertex   2.175657e+01 -1.106802e+02 1.101118e+02
      vertex   2.175657e+01 -1.106802e+02 1.212657e+02
    endloop
  endfacet
  facet normal 9.238795e-01 3.826834e-01 -0.000000e+00
    outer loop
      vertex   2.195637e+01 -1.111626e+02 1.101118e+02
      vertex   2.175657e+01 -1.106802e+02 1.212657e+02
      vertex   2.195637e+01 -1.111626e+02 1.212657e+02
    endloop
  endfacet
  facet normal 9.238795e-01 3.826834e-01 0.000000e+00
    outer loop
      vertex   2.195637e+01 -1.111626e+02 7.665030e+01
      vertex   2.175657e+01 -1.106802e+02 7.665030e+01
      vertex   2.175657e+01 -1.106802e+02 8.780415e+01
    endloop
  endfacet
  facet normal 9.238795e-01 3.826834e-01 -0.000000e+00
    outer loop
      vertex   2.175657e+01 -1.106802e+02 8.780415e+01
      vertex   2.175657e+01 -1.106802e+02 9.895800e+01
      vertex   2.195637e+01 -1.111626e+02 8.780415e+01
    endloop
  endfacet
  facet normal 9.238795e-01 3.826834e-01 -0.000000e+00
    outer loop
      vertex   2.195637e+01 -1.111626e+02 8.780415e+01
      vertex   2.175657e+01 -1.106802e+02 9.895800e+01
      vertex   2.195637e+01 -1.111626e+02 9.895800e+01
    endloop
  endfacet
  facet normal 7.933533e-01 6.087614e-01 -0.000000e+00
    outer loop
      vertex   2.195637e+01 -1.111626e+02 8.780415e+01
      vertex   2.195637e+01 -1.111626e+02 9.895800e+01
      vertex   2.227421e+01 -1.115768e+02 8.780415e+01
    endloop
  endfacet
  facet normal 7.933533e-01 6.087614e-01 -0.000000e+00
    outer loop
      vertex   2.227421e+01 -1.115768e+02 8.780415e+01
      vertex   2.195637e+01 -1.111626e+02 9.895800e+01
      vertex   2.227421e+01 -1.115768e+02 9.895800e+01
    endloop
  endfacet
  facet normal 6.087614e-01 7.933533e-01 -0.000000e+00
    outer loop
      vertex   2.227421e+01 -1.115768e+02 8.780415e+01
      vertex   2.227421e+01 -1.115768e+02 9.895800e+01
      vertex   2.268842e+01 -1.118946e+02 8.780415e+01
    endloop
  endfacet
  facet normal 6.087614e-01 7.933533e-01 -0.000000e+00
    outer loop
      vertex   2.268842e+01 -1.118946e+02 8.780415e+01
      vertex   2.227421e+01 -1.115768e+02 9.895800e+01
      vertex   2.268842e+01 -1.118946e+02 9.895800e+01
    endloop
  endfacet
  facet normal 3.826834e-01 9.238795e-01 -0.000000e+00
    outer loop
      vertex   2.268842e+01 -1.118946e+02 8.780415e+01
      vertex   2.268842e+01 -1.118946e+02 9.895800e+01
      vertex   2.317078e+01 -1.120944e+02 8.780415e+01
    endloop
  endfacet
  facet normal 9.238795e-01 3.826834e-01 -0.000000e+00
    outer loop
      vertex   2.175657e+01 -1.106802e+02 5.434261e+01
      vertex   2.175657e+01 -1.106802e+02 6.549646e+01
      vertex   2.195637e+01 -1.111626e+02 5.434261e+01
    endloop
  endfacet
  facet normal 9.238795e-01 3.826834e-01 -0.000000e+00
    outer loop
      vertex   2.195637e+01 -1.111626e+02 5.434261e+01
      vertex   2.175657e+01 -1.106802e+02 6.549646e+01
      vertex   2.195637e+01 -1.111626e+02 6.549646e+01
    endloop
  endfacet
  facet normal 7.933533e-01 6.087614e-01 -0.000000e+00
    outer loop
      vertex   2.195637e+01 -1.111626e+02 5.434261e+01
      vertex   2.195637e+01 -1.111626e+02 6.549646e+01
      vertex   2.227421e+01 -1.115768e+02 5.434261e+01
    endloop
  endfacet
  facet normal 7.933533e-01 6.087614e-01 -0.000000e+00
    outer loop
      vertex   2.227421e+01 -1.115768e+02 5.434261e+01
      vertex   2.195637e+01 -1.111626e+02 6.549646e+01
      vertex   2.227421e+01 -1.115768e+02 6.549646e+01
    endloop
  endfacet
  facet normal 6.087614e-01 7.933533e-01 -0.000000e+00
    outer loop
      vertex   2.227421e+01 -1.115768e+02 5.434261e+01
      vertex   2.227421e+01 -1.115768e+02 6.549646e+01
      vertex   2.268842e+01 -1.118946e+02 5.434261e+01
    endloop
  endfacet
  facet normal 7.933533e-01 6.087614e-01 -0.000000e+00
    outer loop
      vertex   2.227421e+01 -1.115768e+02 1.435734e+02
      vertex   2.195637e+01 -1.111626e+02 1.547272e+02
      vertex   2.227421e+01 -1.115768e+02 1.547272e+02
    endloop
  endfacet
  facet normal 7.933533e-01 6.087614e-01 -0.000000e+00
    outer loop
      vertex   2.227421e+01 -1.115768e+02 1.212657e+02
      vertex   2.195637e+01 -1.111626e+02 1.324195e+02
      vertex   2.227421e+01 -1.115768e+02 1.324195e+02
    endloop
  endfacet
  facet normal 7.933533e-01 6.087614e-01 0.000000e+00
    outer loop
      vertex   2.227421e+01 -1.115768e+02 1.324195e+02
      vertex   2.195637e+01 -1.111626e+02 1.324195e+02
      vertex   2.195637e+01 -1.111626e+02 1.435734e+02
    endloop
  endfacet
  facet normal 7.933533e-01 6.087614e-01 0.000000e+00
    outer loop
      vertex   2.227421e+01 -1.115768e+02 1.101118e+02
      vertex   2.195637e+01 -1.111626e+02 1.101118e+02
      vertex   2.195637e+01 -1.111626e+02 1.212657e+02
    endloop
  endfacet
  facet normal 7.933533e-01 6.087614e-01 0.000000e+00
    outer loop
      vertex   2.227421e+01 -1.115768e+02 7.665030e+01
      vertex   2.195637e+01 -1.111626e+02 7.665030e+01
      vertex   2.195637e+01 -1.111626e+02 8.780415e+01
    endloop
  endfacet
  facet normal 9.238795e-01 3.826834e-01 0.000000e+00
    outer loop
      vertex   2.195637e+01 -1.111626e+02 8.780415e+01
      vertex   2.195637e+01 -1.111626e+02 7.665030e+01
      vertex   2.175657e+01 -1.106802e+02 8.780415e+01
    endloop
  endfacet
  facet normal 7.933533e-01 6.087614e-01 -0.000000e+00
    outer loop
      vertex   2.227421e+01 -1.115768e+02 7.665030e+01
      vertex   2.195637e+01 -1.111626e+02 8.780415e+01
      vertex   2.227421e+01 -1.115768e+02 8.780415e+01
    endloop
  endfacet
  facet normal 9.238795e-01 3.826834e-01 0.000000e+00
    outer loop
      vertex   2.175657e+01 -1.106802e+02 5.434261e+01
      vertex   2.195637e+01 -1.111626e+02 5.434261e+01
      vertex   2.195637e+01 -1.111626e+02 4.318877e+01
    endloop
  endfacet
  facet normal 7.933533e-01 6.087614e-01 -0.000000e+00
    outer loop
      vertex   2.195637e+01 -1.111626e+02 4.318877e+01
      vertex   2.195637e+01 -1.111626e+02 5.434261e+01
      vertex   2.227421e+01 -1.115768e+02 4.318877e+01
    endloop
  endfacet
  facet normal 7.933533e-01 6.087614e-01 0.000000e+00
    outer loop
      vertex   2.195637e+01 -1.111626e+02 4.318877e+01
      vertex   2.227421e+01 -1.115768e+02 4.318877e+01
      vertex   2.227421e+01 -1.115768e+02 3.203492e+01
    endloop
  endfacet
  facet normal 6.087614e-01 7.933533e-01 -0.000000e+00
    outer loop
      vertex   2.227421e+01 -1.115768e+02 3.203492e+01
      vertex   2.227421e+01 -1.115768e+02 4.318877e+01
      vertex   2.268842e+01 -1.118946e+02 3.203492e+01
    endloop
  endfacet
  facet normal 7.933533e-01 6.087614e-01 -0.000000e+00
    outer loop
      vertex   2.227421e+01 -1.115768e+02 4.318877e+01
      vertex   2.195637e+01 -1.111626e+02 5.434261e+01
      vertex   2.227421e+01 -1.115768e+02 5.434261e+01
    endloop
  endfacet
  facet normal 6.087614e-01 7.933533e-01 -0.000000e+00
    outer loop
      vertex   2.227421e+01 -1.115768e+02 1.435734e+02
      vertex   2.227421e+01 -1.115768e+02 1.547272e+02
      vertex   2.268842e+01 -1.118946e+02 1.435734e+02
    endloop
  endfacet
  facet normal 6.087614e-01 7.933533e-01 -0.000000e+00
    outer loop
      vertex   2.268842e+01 -1.118946e+02 1.435734e+02
      vertex   2.227421e+01 -1.115768e+02 1.547272e+02
      vertex   2.268842e+01 -1.118946e+02 1.547272e+02
    endloop
  endfacet
  facet normal 3.826834e-01 9.238795e-01 -0.000000e+00
    outer loop
      vertex   2.268842e+01 -1.118946e+02 1.435734e+02
      vertex   2.268842e+01 -1.118946e+02 1.547272e+02
      vertex   2.317078e+01 -1.120944e+02 1.435734e+02
    endloop
  endfacet
  facet normal 3.826834e-01 9.238795e-01 -0.000000e+00
    outer loop
      vertex   2.317078e+01 -1.120944e+02 1.435734e+02
      vertex   2.268842e+01 -1.118946e+02 1.547272e+02
      vertex   2.317078e+01 -1.120944e+02 1.547272e+02
    endloop
  endfacet
  facet normal 1.305262e-01 9.914449e-01 -0.000000e+00
    outer loop
      vertex   2.317078e+01 -1.120944e+02 1.435734e+02
      vertex   2.317078e+01 -1.120944e+02 1.547272e+02
      vertex   2.368842e+01 -1.121626e+02 1.658811e+02
    endloop
  endfacet
  facet normal 6.087614e-01 7.933533e-01 -0.000000e+00
    outer loop
      vertex   2.268842e+01 -1.118946e+02 1.101118e+02
      vertex   2.227421e+01 -1.115768e+02 1.212657e+02
      vertex   2.268842e+01 -1.118946e+02 1.212657e+02
    endloop
  endfacet
  facet normal 6.087614e-01 7.933533e-01 0.000000e+00
    outer loop
      vertex   2.268842e+01 -1.118946e+02 1.212657e+02
      vertex   2.227421e+01 -1.115768e+02 1.212657e+02
      vertex   2.227421e+01 -1.115768e+02 1.324195e+02
    endloop
  endfacet
  facet normal 6.087614e-01 7.933533e-01 0.000000e+00
    outer loop
      vertex   2.268842e+01 -1.118946e+02 7.665030e+01
      vertex   2.227421e+01 -1.115768e+02 7.665030e+01
      vertex   2.227421e+01 -1.115768e+02 8.780415e+01
    endloop
  endfacet
  facet normal 6.087614e-01 7.933533e-01 -0.000000e+00
    outer loop
      vertex   2.268842e+01 -1.118946e+02 7.665030e+01
      vertex   2.227421e+01 -1.115768e+02 8.780415e+01
      vertex   2.268842e+01 -1.118946e+02 8.780415e+01
    endloop
  endfacet
  facet normal 6.087614e-01 7.933533e-01 -0.000000e+00
    outer loop
      vertex   2.227421e+01 -1.115768e+02 4.318877e+01
      vertex   2.227421e+01 -1.115768e+02 5.434261e+01
      vertex   2.268842e+01 -1.118946e+02 4.318877e+01
    endloop
  endfacet
  facet normal 6.087614e-01 7.933533e-01 -0.000000e+00
    outer loop
      vertex   2.268842e+01 -1.118946e+02 4.318877e+01
      vertex   2.227421e+01 -1.115768e+02 5.434261e+01
      vertex   2.268842e+01 -1.118946e+02 5.434261e+01
    endloop
  endfacet
  facet normal 3.826834e-01 9.238795e-01 -0.000000e+00
    outer loop
      vertex   2.268842e+01 -1.118946e+02 4.318877e+01
      vertex   2.268842e+01 -1.118946e+02 5.434261e+01
      vertex   2.317078e+01 -1.120944e+02 4.318877e+01
    endloop
  endfacet
  facet normal 6.087614e-01 7.933533e-01 0.000000e+00
    outer loop
      vertex   2.227421e+01 -1.115768e+02 1.435734e+02
      vertex   2.268842e+01 -1.118946e+02 1.435734e+02
      vertex   2.268842e+01 -1.118946e+02 1.324195e+02
    endloop
  endfacet
  facet normal 3.826834e-01 9.238795e-01 -0.000000e+00
    outer loop
      vertex   2.268842e+01 -1.118946e+02 1.324195e+02
      vertex   2.268842e+01 -1.118946e+02 1.435734e+02
      vertex   2.317078e+01 -1.120944e+02 1.324195e+02
    endloop
  endfacet
  facet normal 3.826834e-01 9.238795e-01 0.000000e+00
    outer loop
      vertex   2.268842e+01 -1.118946e+02 1.324195e+02
      vertex   2.317078e+01 -1.120944e+02 1.324195e+02
      vertex   2.317078e+01 -1.120944e+02 1.212657e+02
    endloop
  endfacet
  facet normal 1.305262e-01 9.914449e-01 -0.000000e+00
    outer loop
      vertex   2.317078e+01 -1.120944e+02 1.212657e+02
      vertex   2.317078e+01 -1.120944e+02 1.324195e+02
      vertex   2.368842e+01 -1.121626e+02 1.658811e+02
    endloop
  endfacet
  facet normal 3.826834e-01 9.238795e-01 -0.000000e+00
    outer loop
      vertex   2.317078e+01 -1.120944e+02 1.324195e+02
      vertex   2.268842e+01 -1.118946e+02 1.435734e+02
      vertex   2.317078e+01 -1.120944e+02 1.435734e+02
    endloop
  endfacet
  facet normal 3.826834e-01 9.238795e-01 -0.000000e+00
    outer loop
      vertex   2.317078e+01 -1.120944e+02 9.895800e+01
      vertex   2.268842e+01 -1.118946e+02 1.101118e+02
      vertex   2.317078e+01 -1.120944e+02 1.101118e+02
    endloop
  endfacet
  facet normal 3.826834e-01 9.238795e-01 0.000000e+00
    outer loop
      vertex   2.317078e+01 -1.120944e+02 1.101118e+02
      vertex   2.268842e+01 -1.118946e+02 1.101118e+02
      vertex   2.268842e+01 -1.118946e+02 1.212657e+02
    endloop
  endfacet
  facet normal 3.826834e-01 9.238795e-01 0.000000e+00
    outer loop
      vertex   2.317078e+01 -1.120944e+02 7.665030e+01
      vertex   2.268842e+01 -1.118946e+02 7.665030e+01
      vertex   2.268842e+01 -1.118946e+02 8.780415e+01
    endloop
  endfacet
  facet normal 3.826834e-01 9.238795e-01 -0.000000e+00
    outer loop
      vertex   2.317078e+01 -1.120944e+02 7.665030e+01
      vertex   2.268842e+01 -1.118946e+02 8.780415e+01
      vertex   2.317078e+01 -1.120944e+02 8.780415e+01
    endloop
  endfacet
  facet normal 3.826834e-01 9.238795e-01 -0.000000e+00
    outer loop
      vertex   2.317078e+01 -1.120944e+02 5.434261e+01
      vertex   2.268842e+01 -1.118946e+02 6.549646e+01
      vertex   2.317078e+01 -1.120944e+02 6.549646e+01
    endloop
  endfacet
  facet normal 3.826834e-01 9.238795e-01 0.000000e+00
    outer loop
      vertex   2.317078e+01 -1.120944e+02 3.203492e+01
      vertex   2.268842e+01 -1.118946e+02 3.203492e+01
      vertex   2.268842e+01 -1.118946e+02 4.318877e+01
    endloop
  endfacet
  facet normal 6.087614e-01 7.933533e-01 0.000000e+00
    outer loop
      vertex   2.268842e+01 -1.118946e+02 4.318877e+01
      vertex   2.268842e+01 -1.118946e+02 3.203492e+01
      vertex   2.227421e+01 -1.115768e+02 4.318877e+01
    endloop
  endfacet
  facet normal 3.826834e-01 9.238795e-01 -0.000000e+00
    outer loop
      vertex   2.317078e+01 -1.120944e+02 3.203492e+01
      vertex   2.268842e+01 -1.118946e+02 4.318877e+01
      vertex   2.317078e+01 -1.120944e+02 4.318877e+01
    endloop
  endfacet
  facet normal 1.305262e-01 9.914449e-01 0.000000e+00
    outer loop
      vertex   2.368842e+01 -1.121626e+02 1.658811e+02
      vertex   2.317078e+01 -1.120944e+02 1.324195e+02
      vertex   2.317078e+01 -1.120944e+02 1.435734e+02
    endloop
  endfacet
  facet normal 1.305262e-01 9.914449e-01 0.000000e+00
    outer loop
      vertex   2.368842e+01 -1.121626e+02 2.088107e+01
      vertex   2.317078e+01 -1.120944e+02 5.434261e+01
      vertex   2.317078e+01 -1.120944e+02 6.549646e+01
    endloop
  endfacet
  facet normal 7.071068e-01 0.000000e+00 7.071068e-01
    outer loop
      vertex   2.268842e+01 -5.516258e+01 1.988107e+01
      vertex   2.168842e+01 -5.516258e+01 2.088107e+01
      vertex   2.268842e+01 -1.101626e+02 1.988107e+01
    endloop
  endfacet
  facet normal 7.071068e-01 0.000000e+00 7.071068e-01
    outer loop
      vertex   2.268842e+01 -1.101626e+02 1.988107e+01
      vertex   2.168842e+01 -5.516258e+01 2.088107e+01
      vertex   2.168842e+01 -1.101626e+02 2.088107e+01
    endloop
  endfacet
  facet normal 9.269160e-02 7.040626e-01 7.040626e-01
    outer loop
      vertex   2.368842e+01 -1.121626e+02 2.088107e+01
      vertex   2.368842e+01 -1.111626e+02 1.988107e+01
      vertex   2.317078e+01 -1.120944e+02 2.088107e+01
    endloop
  endfacet
  facet normal 9.269160e-02 7.040626e-01 7.040626e-01
    outer loop
      vertex   2.317078e+01 -1.120944e+02 2.088107e+01
      vertex   2.368842e+01 -1.111626e+02 1.988107e+01
      vertex   2.342960e+01 -1.111285e+02 1.988107e+01
    endloop
  endfacet
  facet normal 2.717580e-01 6.560819e-01 7.040626e-01
    outer loop
      vertex   2.317078e+01 -1.120944e+02 2.088107e+01
      vertex   2.342960e+01 -1.111285e+02 1.988107e+01
      vertex   2.268842e+01 -1.118946e+02 2.088107e+01
    endloop
  endfacet
  facet normal 2.717580e-01 6.560819e-01 7.040626e-01
    outer loop
      vertex   2.268842e+01 -1.118946e+02 2.088107e+01
      vertex   2.342960e+01 -1.111285e+02 1.988107e+01
      vertex   2.318842e+01 -1.110286e+02 1.988107e+01
    endloop
  endfacet
  facet normal 4.323046e-01 5.633903e-01 7.040626e-01
    outer loop
      vertex   2.268842e+01 -1.118946e+02 2.088107e+01
      vertex   2.318842e+01 -1.110286e+02 1.988107e+01
      vertex   2.227421e+01 -1.115768e+02 2.088107e+01
    endloop
  endfacet
  facet normal 4.323046e-01 5.633903e-01 7.040626e-01
    outer loop
      vertex   2.227421e+01 -1.115768e+02 2.088107e+01
      vertex   2.318842e+01 -1.110286e+02 1.988107e+01
      vertex   2.298132e+01 -1.108697e+02 1.988107e+01
    endloop
  endfacet
  facet normal 5.633903e-01 4.323046e-01 7.040626e-01
    outer loop
      vertex   2.227421e+01 -1.115768e+02 2.088107e+01
      vertex   2.298132e+01 -1.108697e+02 1.988107e+01
      vertex   2.195637e+01 -1.111626e+02 2.088107e+01
    endloop
  endfacet
  facet normal 5.633903e-01 4.323046e-01 7.040626e-01
    outer loop
      vertex   2.195637e+01 -1.111626e+02 2.088107e+01
      vertex   2.298132e+01 -1.108697e+02 1.988107e+01
      vertex   2.282240e+01 -1.106626e+02 1.988107e+01
    endloop
  endfacet
  facet normal 6.560819e-01 2.717580e-01 7.040626e-01
    outer loop
      vertex   2.195637e+01 -1.111626e+02 2.088107e+01
      vertex   2.282240e+01 -1.106626e+02 1.988107e+01
      vertex   2.175657e+01 -1.106802e+02 2.088107e+01
    endloop
  endfacet
  facet normal 6.560819e-01 2.717580e-01 7.040626e-01
    outer loop
      vertex   2.175657e+01 -1.106802e+02 2.088107e+01
      vertex   2.282240e+01 -1.106626e+02 1.988107e+01
      vertex   2.272250e+01 -1.104214e+02 1.988107e+01
    endloop
  endfacet
  facet normal 7.040626e-01 9.269160e-02 7.040626e-01
    outer loop
      vertex   2.175657e+01 -1.106802e+02 2.088107e+01
      vertex   2.272250e+01 -1.104214e+02 1.988107e+01
      vertex   2.168842e+01 -1.101626e+02 2.088107e+01
    endloop
  endfacet
  facet normal 7.040626e-01 9.269160e-02 7.040626e-01
    outer loop
      vertex   2.168842e+01 -1.101626e+02 2.088107e+01
      vertex   2.272250e+01 -1.104214e+02 1.988107e+01
      vertex   2.268842e+01 -1.101626e+02 1.988107e+01
    endloop
  endfacet
  facet normal -7.942014e-02 -7.048732e-01 -7.048732e-01
    outer loop
      vertex   2.368842e+01 -1.141626e+02 1.988107e+01
      vertex   2.279834e+01 -1.140623e+02 1.988107e+01
      vertex   2.368842e+01 -1.111626e+02 1.688107e+01
    endloop
  endfacet
  facet normal -9.243322e-02 -7.021000e-01 -7.060536e-01
    outer loop
      vertex   2.368842e+01 -1.111626e+02 1.688107e+01
      vertex   2.279834e+01 -1.140623e+02 1.988107e+01
      vertex   2.342960e+01 -1.111285e+02 1.688107e+01
    endloop
  endfacet
  facet normal -2.344143e-01 -6.699176e-01 -7.044574e-01
    outer loop
      vertex   2.342960e+01 -1.111285e+02 1.688107e+01
      vertex   2.279834e+01 -1.140623e+02 1.988107e+01
      vertex   2.195289e+01 -1.137665e+02 1.988107e+01
    endloop
  endfacet
  facet normal -2.704960e-01 -6.530352e-01 -7.073733e-01
    outer loop
      vertex   2.342960e+01 -1.111285e+02 1.688107e+01
      vertex   2.195289e+01 -1.137665e+02 1.988107e+01
      vertex   2.318842e+01 -1.110286e+02 1.688107e+01
    endloop
  endfacet
  facet normal -3.777397e-01 -6.011694e-01 -7.042074e-01
    outer loop
      vertex   2.318842e+01 -1.110286e+02 1.688107e+01
      vertex   2.195289e+01 -1.137665e+02 1.988107e+01
      vertex   2.119446e+01 -1.132899e+02 1.988107e+01
    endloop
  endfacet
  facet normal -4.298961e-01 -5.602515e-01 -7.080308e-01
    outer loop
      vertex   2.318842e+01 -1.110286e+02 1.688107e+01
      vertex   2.119446e+01 -1.132899e+02 1.988107e+01
      vertex   2.298132e+01 -1.108697e+02 1.688107e+01
    endloop
  endfacet
  facet normal -5.021003e-01 -5.021003e-01 -7.041240e-01
    outer loop
      vertex   2.298132e+01 -1.108697e+02 1.688107e+01
      vertex   2.119446e+01 -1.132899e+02 1.988107e+01
      vertex   2.056110e+01 -1.126565e+02 1.988107e+01
    endloop
  endfacet
  facet normal -5.602515e-01 -4.298961e-01 -7.080308e-01
    outer loop
      vertex   2.298132e+01 -1.108697e+02 1.688107e+01
      vertex   2.056110e+01 -1.126565e+02 1.988107e+01
      vertex   2.282240e+01 -1.106626e+02 1.688107e+01
    endloop
  endfacet
  facet normal -6.011694e-01 -3.777397e-01 -7.042074e-01
    outer loop
      vertex   2.282240e+01 -1.106626e+02 1.688107e+01
      vertex   2.056110e+01 -1.126565e+02 1.988107e+01
      vertex   2.008455e+01 -1.118981e+02 1.988107e+01
    endloop
  endfacet
  facet normal -6.530352e-01 -2.704960e-01 -7.073733e-01
    outer loop
      vertex   2.282240e+01 -1.106626e+02 1.688107e+01
      vertex   2.008455e+01 -1.118981e+02 1.988107e+01
      vertex   2.272250e+01 -1.104214e+02 1.688107e+01
    endloop
  endfacet
  facet normal -6.699176e-01 -2.344143e-01 -7.044574e-01
    outer loop
      vertex   2.272250e+01 -1.104214e+02 1.688107e+01
      vertex   2.008455e+01 -1.118981e+02 1.988107e+01
      vertex   1.978871e+01 -1.110527e+02 1.988107e+01
    endloop
  endfacet
  facet normal -7.021000e-01 -9.243322e-02 -7.060536e-01
    outer loop
      vertex   2.272250e+01 -1.104214e+02 1.688107e+01
      vertex   1.978871e+01 -1.110527e+02 1.988107e+01
      vertex   2.268842e+01 -1.101626e+02 1.688107e+01
    endloop
  endfacet
  facet normal -7.048732e-01 -7.942014e-02 -7.048732e-01
    outer loop
      vertex   2.268842e+01 -1.101626e+02 1.688107e+01
      vertex   1.978871e+01 -1.110527e+02 1.988107e+01
      vertex   1.968842e+01 -1.101626e+02 1.988107e+01
    endloop
  endfacet
  facet normal -7.071068e-01 0.000000e+00 -7.071068e-01
    outer loop
      vertex   2.268842e+01 -1.101626e+02 1.688107e+01
      vertex   1.968842e+01 -1.101626e+02 1.988107e+01
      vertex   2.268842e+01 -4.716258e+01 1.688107e+01
    endloop
  endfacet
  facet normal -7.071068e-01 0.000000e+00 -7.071068e-01
    outer loop
      vertex   2.268842e+01 -4.716258e+01 1.688107e+01
      vertex   1.968842e+01 -1.101626e+02 1.988107e+01
      vertex   1.968842e+01 -4.716258e+01 1.988107e+01
    endloop
  endfacet
  facet normal 7.040626e-01 -9.269160e-02 7.040626e-01
    outer loop
      vertex   2.068842e+01 -5.516258e+01 1.668811e+02
      vertex   2.168842e+01 -5.516258e+01 1.658811e+02
      vertex   2.079064e+01 -5.438613e+01 1.668811e+02
    endloop
  endfacet
  facet normal 7.040626e-01 -9.269160e-02 7.040626e-01
    outer loop
      vertex   2.079064e+01 -5.438613e+01 1.668811e+02
      vertex   2.168842e+01 -5.516258e+01 1.658811e+02
      vertex   2.175657e+01 -5.464495e+01 1.658811e+02
    endloop
  endfacet
  facet normal 6.560819e-01 -2.717580e-01 7.040626e-01
    outer loop
      vertex   2.079064e+01 -5.438613e+01 1.668811e+02
      vertex   2.175657e+01 -5.464495e+01 1.658811e+02
      vertex   2.109035e+01 -5.366258e+01 1.668811e+02
    endloop
  endfacet
  facet normal 6.560819e-01 -2.717580e-01 7.040626e-01
    outer loop
      vertex   2.109035e+01 -5.366258e+01 1.668811e+02
      vertex   2.175657e+01 -5.464495e+01 1.658811e+02
      vertex   2.195637e+01 -5.416258e+01 1.658811e+02
    endloop
  endfacet
  facet normal 5.633903e-01 -4.323046e-01 7.040626e-01
    outer loop
      vertex   2.109035e+01 -5.366258e+01 1.668811e+02
      vertex   2.195637e+01 -5.416258e+01 1.658811e+02
      vertex   2.156710e+01 -5.304126e+01 1.668811e+02
    endloop
  endfacet
  facet normal 5.633903e-01 -4.323046e-01 7.040626e-01
    outer loop
      vertex   2.156710e+01 -5.304126e+01 1.668811e+02
      vertex   2.195637e+01 -5.416258e+01 1.658811e+02
      vertex   2.227421e+01 -5.374837e+01 1.658811e+02
    endloop
  endfacet
  facet normal 4.323046e-01 -5.633903e-01 7.040626e-01
    outer loop
      vertex   2.156710e+01 -5.304126e+01 1.668811e+02
      vertex   2.227421e+01 -5.374837e+01 1.658811e+02
      vertex   2.218842e+01 -5.256451e+01 1.668811e+02
    endloop
  endfacet
  facet normal 4.323046e-01 -5.633903e-01 7.040626e-01
    outer loop
      vertex   2.218842e+01 -5.256451e+01 1.668811e+02
      vertex   2.227421e+01 -5.374837e+01 1.658811e+02
      vertex   2.268842e+01 -5.343053e+01 1.658811e+02
    endloop
  endfacet
  facet normal 2.717580e-01 -6.560819e-01 7.040626e-01
    outer loop
      vertex   2.218842e+01 -5.256451e+01 1.668811e+02
      vertex   2.268842e+01 -5.343053e+01 1.658811e+02
      vertex   2.291197e+01 -5.226481e+01 1.668811e+02
    endloop
  endfacet
  facet normal 2.717580e-01 -6.560819e-01 7.040626e-01
    outer loop
      vertex   2.291197e+01 -5.226481e+01 1.668811e+02
      vertex   2.268842e+01 -5.343053e+01 1.658811e+02
      vertex   2.317078e+01 -5.323073e+01 1.658811e+02
    endloop
  endfacet
  facet normal 9.269160e-02 -7.040626e-01 7.040626e-01
    outer loop
      vertex   2.291197e+01 -5.226481e+01 1.668811e+02
      vertex   2.317078e+01 -5.323073e+01 1.658811e+02
      vertex   2.368842e+01 -5.216258e+01 1.668811e+02
    endloop
  endfacet
  facet normal 9.269160e-02 -7.040626e-01 7.040626e-01
    outer loop
      vertex   2.368842e+01 -5.216258e+01 1.668811e+02
      vertex   2.317078e+01 -5.323073e+01 1.658811e+02
      vertex   2.368842e+01 -5.316258e+01 1.658811e+02
    endloop
  endfacet
  facet normal 7.071068e-01 0.000000e+00 7.071068e-01
    outer loop
      vertex   2.168842e+01 -5.516258e+01 1.658811e+02
      vertex   2.068842e+01 -5.516258e+01 1.668811e+02
      vertex   2.168842e+01 -1.101626e+02 1.658811e+02
    endloop
  endfacet
  facet normal 7.071068e-01 0.000000e+00 7.071068e-01
    outer loop
      vertex   2.168842e+01 -1.101626e+02 1.658811e+02
      vertex   2.068842e+01 -5.516258e+01 1.668811e+02
      vertex   2.068842e+01 -1.101626e+02 1.668811e+02
    endloop
  endfacet
  facet normal 9.269160e-02 7.040626e-01 7.040626e-01
    outer loop
      vertex   2.368842e+01 -1.131626e+02 1.668811e+02
      vertex   2.368842e+01 -1.121626e+02 1.658811e+02
      vertex   2.291197e+01 -1.130604e+02 1.668811e+02
    endloop
  endfacet
  facet normal 9.269160e-02 7.040626e-01 7.040626e-01
    outer loop
      vertex   2.291197e+01 -1.130604e+02 1.668811e+02
      vertex   2.368842e+01 -1.121626e+02 1.658811e+02
      vertex   2.317078e+01 -1.120944e+02 1.658811e+02
    endloop
  endfacet
  facet normal 2.717580e-01 6.560819e-01 7.040626e-01
    outer loop
      vertex   2.291197e+01 -1.130604e+02 1.668811e+02
      vertex   2.317078e+01 -1.120944e+02 1.658811e+02
      vertex   2.218842e+01 -1.127607e+02 1.668811e+02
    endloop
  endfacet
  facet normal 2.717580e-01 6.560819e-01 7.040626e-01
    outer loop
      vertex   2.218842e+01 -1.127607e+02 1.668811e+02
      vertex   2.317078e+01 -1.120944e+02 1.658811e+02
      vertex   2.268842e+01 -1.118946e+02 1.658811e+02
    endloop
  endfacet
  facet normal 4.323046e-01 5.633903e-01 7.040626e-01
    outer loop
      vertex   2.218842e+01 -1.127607e+02 1.668811e+02
      vertex   2.268842e+01 -1.118946e+02 1.658811e+02
      vertex   2.156710e+01 -1.122839e+02 1.668811e+02
    endloop
  endfacet
  facet normal 4.323046e-01 5.633903e-01 7.040626e-01
    outer loop
      vertex   2.156710e+01 -1.122839e+02 1.668811e+02
      vertex   2.268842e+01 -1.118946e+02 1.658811e+02
      vertex   2.227421e+01 -1.115768e+02 1.658811e+02
    endloop
  endfacet
  facet normal 5.633903e-01 4.323046e-01 7.040626e-01
    outer loop
      vertex   2.156710e+01 -1.122839e+02 1.668811e+02
      vertex   2.227421e+01 -1.115768e+02 1.658811e+02
      vertex   2.109035e+01 -1.116626e+02 1.668811e+02
    endloop
  endfacet
  facet normal 5.633903e-01 4.323046e-01 7.040626e-01
    outer loop
      vertex   2.109035e+01 -1.116626e+02 1.668811e+02
      vertex   2.227421e+01 -1.115768e+02 1.658811e+02
      vertex   2.195637e+01 -1.111626e+02 1.658811e+02
    endloop
  endfacet
  facet normal 6.560819e-01 2.717580e-01 7.040626e-01
    outer loop
      vertex   2.109035e+01 -1.116626e+02 1.668811e+02
      vertex   2.195637e+01 -1.111626e+02 1.658811e+02
      vertex   2.079064e+01 -1.109390e+02 1.668811e+02
    endloop
  endfacet
  facet normal 6.560819e-01 2.717580e-01 7.040626e-01
    outer loop
      vertex   2.079064e+01 -1.109390e+02 1.668811e+02
      vertex   2.195637e+01 -1.111626e+02 1.658811e+02
      vertex   2.175657e+01 -1.106802e+02 1.658811e+02
    endloop
  endfacet
  facet normal 7.040626e-01 9.269160e-02 7.040626e-01
    outer loop
      vertex   2.079064e+01 -1.109390e+02 1.668811e+02
      vertex   2.175657e+01 -1.106802e+02 1.658811e+02
      vertex   2.068842e+01 -1.101626e+02 1.668811e+02
    endloop
  endfacet
  facet normal 7.040626e-01 9.269160e-02 7.040626e-01
    outer loop
      vertex   2.068842e+01 -1.101626e+02 1.668811e+02
      vertex   2.175657e+01 -1.106802e+02 1.658811e+02
      vertex   2.168842e+01 -1.101626e+02 1.658811e+02
    endloop
  endfacet
  facet normal 0.000000e+00 -7.071068e-01 7.071068e-01
    outer loop
      vertex   1.253884e+02 -5.216258e+01 1.668811e+02
      vertex   2.368842e+01 -5.216258e+01 1.668811e+02
      vertex   1.253884e+02 -5.316258e+01 1.658811e+02
    endloop
  endfacet
  facet normal 0.000000e+00 -7.071068e-01 7.071068e-01
    outer loop
      vertex   1.253884e+02 -5.316258e+01 1.658811e+02
      vertex   2.368842e+01 -5.216258e+01 1.668811e+02
      vertex   2.368842e+01 -5.316258e+01 1.658811e+02
    endloop
  endfacet
  facet normal 0.000000e+00 7.071068e-01 7.071068e-01
    outer loop
      vertex   1.253884e+02 -1.111626e+02 1.988107e+01
      vertex   2.368842e+01 -1.111626e+02 1.988107e+01
      vertex   1.253884e+02 -1.121626e+02 2.088107e+01
    endloop
  endfacet
  facet normal 0.000000e+00 7.071068e-01 7.071068e-01
    outer loop
      vertex   1.253884e+02 -1.121626e+02 2.088107e+01
      vertex   2.368842e+01 -1.111626e+02 1.988107e+01
      vertex   2.368842e+01 -1.121626e+02 2.088107e+01
    endloop
  endfacet
  facet normal -0.000000e+00 1.000000e+00 0.000000e+00
    outer loop
      vertex   9.995264e+01 -1.121626e+02 1.658811e+02
      vertex   1.253884e+02 -1.121626e+02 1.658811e+02
      vertex   8.995264e+01 -1.121626e+02 1.558811e+02
    endloop
  endfacet
  facet normal -0.000000e+00 1.000000e+00 0.000000e+00
    outer loop
      vertex   8.995264e+01 -1.121626e+02 1.558811e+02
      vertex   1.253884e+02 -1.121626e+02 1.658811e+02
      vertex   1.253884e+02 -1.121626e+02 2.088107e+01
    endloop
  endfacet
  facet normal 0.000000e+00 1.000000e+00 0.000000e+00
    outer loop
      vertex   8.995264e+01 -1.121626e+02 1.558811e+02
      vertex   1.253884e+02 -1.121626e+02 2.088107e+01
      vertex   2.368842e+01 -1.121626e+02 2.088107e+01
    endloop
  endfacet
  facet normal 0.000000e+00 1.000000e+00 0.000000e+00
    outer loop
      vertex   8.995264e+01 -1.121626e+02 1.558811e+02
      vertex   2.368842e+01 -1.121626e+02 2.088107e+01
      vertex   5.912421e+01 -1.121626e+02 1.558811e+02
    endloop
  endfacet
  facet normal 0.000000e+00 1.000000e+00 0.000000e+00
    outer loop
      vertex   5.912421e+01 -1.121626e+02 1.558811e+02
      vertex   2.368842e+01 -1.121626e+02 2.088107e+01
      vertex   2.368842e+01 -1.121626e+02 1.658811e+02
    endloop
  endfacet
  facet normal 0.000000e+00 1.000000e+00 0.000000e+00
    outer loop
      vertex   5.912421e+01 -1.121626e+02 1.558811e+02
      vertex   2.368842e+01 -1.121626e+02 1.658811e+02
      vertex   4.912421e+01 -1.121626e+02 1.658811e+02
    endloop
  endfacet
  facet normal -0.000000e+00 -7.071068e-01 -7.071068e-01
    outer loop
      vertex   1.253884e+02 -1.141626e+02 1.988107e+01
      vertex   2.368842e+01 -1.141626e+02 1.988107e+01
      vertex   1.253884e+02 -1.111626e+02 1.688107e+01
    endloop
  endfacet
  facet normal -0.000000e+00 -7.071068e-01 -7.071068e-01
    outer loop
      vertex   1.253884e+02 -1.111626e+02 1.688107e+01
      vertex   2.368842e+01 -1.141626e+02 1.988107e+01
      vertex   2.368842e+01 -1.111626e+02 1.688107e+01
    endloop
  endfacet
endsolid
