solid ASCII
  facet normal -7.006447e-01 -8.189362e-02 -7.087951e-01
    outer loop
      vertex   7.474799e+01 -8.781666e+01 1.710956e+02
      vertex   7.514690e+01 -8.776755e+01 1.706956e+02
      vertex   7.478842e+01 -8.816258e+01 1.710956e+02
    endloop
  endfacet
  facet normal -7.051620e-01 -7.411551e-02 -7.051620e-01
    outer loop
      vertex   7.478842e+01 -8.816258e+01 1.710956e+02
      vertex   7.514690e+01 -8.776755e+01 1.706956e+02
      vertex   7.518842e+01 -8.816258e+01 1.706956e+02
    endloop
  endfacet
  facet normal -7.051620e-01 7.411551e-02 -7.051620e-01
    outer loop
      vertex   7.478842e+01 -8.816258e+01 1.710956e+02
      vertex   7.518842e+01 -8.816258e+01 1.706956e+02
      vertex   7.514690e+01 -8.855762e+01 1.706956e+02
    endloop
  endfacet
  facet normal -6.770833e-01 -2.199977e-01 -7.022529e-01
    outer loop
      vertex   7.514690e+01 -8.776755e+01 1.706956e+02
      vertex   7.474799e+01 -8.781666e+01 1.710956e+02
      vertex   7.502416e+01 -8.738979e+01 1.706956e+02
    endloop
  endfacet
  facet normal -6.598990e-01 -2.401836e-01 -7.119306e-01
    outer loop
      vertex   7.502416e+01 -8.738979e+01 1.706956e+02
      vertex   7.474799e+01 -8.781666e+01 1.710956e+02
      vertex   7.462887e+01 -8.748939e+01 1.710956e+02
    endloop
  endfacet
  facet normal -6.184265e-01 -3.570487e-01 -7.000464e-01
    outer loop
      vertex   7.502416e+01 -8.738979e+01 1.706956e+02
      vertex   7.462887e+01 -8.748939e+01 1.710956e+02
      vertex   7.482555e+01 -8.704579e+01 1.706956e+02
    endloop
  endfacet
  facet normal -5.848390e-01 -3.846547e-01 -7.141457e-01
    outer loop
      vertex   7.482555e+01 -8.704579e+01 1.706956e+02
      vertex   7.462887e+01 -8.748939e+01 1.710956e+02
      vertex   7.443749e+01 -8.719840e+01 1.710956e+02
    endloop
  endfacet
  facet normal -5.317559e-01 -4.787951e-01 -6.985634e-01
    outer loop
      vertex   7.482555e+01 -8.704579e+01 1.706956e+02
      vertex   7.443749e+01 -8.719840e+01 1.710956e+02
      vertex   7.455977e+01 -8.675061e+01 1.706956e+02
    endloop
  endfacet
  facet normal -4.794417e-01 -5.081785e-01 -7.154650e-01
    outer loop
      vertex   7.455977e+01 -8.675061e+01 1.706956e+02
      vertex   7.443749e+01 -8.719840e+01 1.710956e+02
      vertex   7.418416e+01 -8.695940e+01 1.710956e+02
    endloop
  endfacet
  facet normal -4.210157e-01 -5.794784e-01 -6.978184e-01
    outer loop
      vertex   7.455977e+01 -8.675061e+01 1.706956e+02
      vertex   7.418416e+01 -8.695940e+01 1.710956e+02
      vertex   7.423842e+01 -8.651714e+01 1.706956e+02
    endloop
  endfacet
  facet normal -3.490998e-01 -6.046585e-01 -7.159032e-01
    outer loop
      vertex   7.423842e+01 -8.651714e+01 1.706956e+02
      vertex   7.418416e+01 -8.695940e+01 1.710956e+02
      vertex   7.388254e+01 -8.678526e+01 1.710956e+02
    endloop
  endfacet
  facet normal -2.913352e-01 -6.543495e-01 -6.978184e-01
    outer loop
      vertex   7.423842e+01 -8.651714e+01 1.706956e+02
      vertex   7.388254e+01 -8.678526e+01 1.710956e+02
      vertex   7.387555e+01 -8.635558e+01 1.706956e+02
    endloop
  endfacet
  facet normal -2.003747e-01 -6.692980e-01 -7.154650e-01
    outer loop
      vertex   7.387555e+01 -8.635558e+01 1.706956e+02
      vertex   7.388254e+01 -8.678526e+01 1.710956e+02
      vertex   7.354889e+01 -8.668537e+01 1.710956e+02
    endloop
  endfacet
  facet normal -1.487708e-01 -6.999117e-01 -6.985634e-01
    outer loop
      vertex   7.387555e+01 -8.635558e+01 1.706956e+02
      vertex   7.354889e+01 -8.668537e+01 1.710956e+02
      vertex   7.348703e+01 -8.627299e+01 1.706956e+02
    endloop
  endfacet
  facet normal -4.070121e-02 -6.988128e-01 -7.141457e-01
    outer loop
      vertex   7.348703e+01 -8.627299e+01 1.706956e+02
      vertex   7.354889e+01 -8.668537e+01 1.710956e+02
      vertex   7.320120e+01 -8.666512e+01 1.710956e+02
    endloop
  endfacet
  facet normal -0.000000e+00 -7.140974e-01 -7.000464e-01
    outer loop
      vertex   7.348703e+01 -8.627299e+01 1.706956e+02
      vertex   7.320120e+01 -8.666512e+01 1.710956e+02
      vertex   7.308982e+01 -8.627299e+01 1.706956e+02
    endloop
  endfacet
  facet normal 1.219444e-01 -6.915811e-01 -7.119306e-01
    outer loop
      vertex   7.308982e+01 -8.627299e+01 1.706956e+02
      vertex   7.320120e+01 -8.666512e+01 1.710956e+02
      vertex   7.285822e+01 -8.672560e+01 1.710956e+02
    endloop
  endfacet
  facet normal 1.480181e-01 -6.963702e-01 -7.022529e-01
    outer loop
      vertex   7.308982e+01 -8.627299e+01 1.706956e+02
      vertex   7.285822e+01 -8.672560e+01 1.710956e+02
      vertex   7.270129e+01 -8.635558e+01 1.706956e+02
    endloop
  endfacet
  facet normal 2.794004e-01 -6.477229e-01 -7.087951e-01
    outer loop
      vertex   7.270129e+01 -8.635558e+01 1.706956e+02
      vertex   7.285822e+01 -8.672560e+01 1.710956e+02
      vertex   7.253842e+01 -8.686355e+01 1.710956e+02
    endloop
  endfacet
  facet normal 2.883951e-01 -6.477460e-01 -7.051620e-01
    outer loop
      vertex   7.270129e+01 -8.635558e+01 1.706956e+02
      vertex   7.253842e+01 -8.686355e+01 1.710956e+02
      vertex   7.233842e+01 -8.651714e+01 1.706956e+02
    endloop
  endfacet
  facet normal 4.167669e-01 -5.736304e-01 -7.051620e-01
    outer loop
      vertex   7.233842e+01 -8.651714e+01 1.706956e+02
      vertex   7.253842e+01 -8.686355e+01 1.710956e+02
      vertex   7.201707e+01 -8.675061e+01 1.706956e+02
    endloop
  endfacet
  facet normal 4.212443e-01 -5.658293e-01 -7.087951e-01
    outer loop
      vertex   7.201707e+01 -8.675061e+01 1.706956e+02
      vertex   7.253842e+01 -8.686355e+01 1.710956e+02
      vertex   7.225906e+01 -8.707152e+01 1.710956e+02
    endloop
  endfacet
  facet normal 5.290653e-01 -4.763725e-01 -7.022529e-01
    outer loop
      vertex   7.201707e+01 -8.675061e+01 1.706956e+02
      vertex   7.225906e+01 -8.707152e+01 1.710956e+02
      vertex   7.175129e+01 -8.704579e+01 1.706956e+02
    endloop
  endfacet
  facet normal 5.379546e-01 -4.513975e-01 -7.119306e-01
    outer loop
      vertex   7.175129e+01 -8.704579e+01 1.706956e+02
      vertex   7.225906e+01 -8.707152e+01 1.710956e+02
      vertex   7.203519e+01 -8.733832e+01 1.710956e+02
    endloop
  endfacet
  facet normal 6.184265e-01 -3.570487e-01 -7.000464e-01
    outer loop
      vertex   7.175129e+01 -8.704579e+01 1.706956e+02
      vertex   7.203519e+01 -8.733832e+01 1.710956e+02
      vertex   7.155269e+01 -8.738979e+01 1.706956e+02
    endloop
  endfacet
  facet normal 6.255402e-01 -3.141581e-01 -7.141457e-01
    outer loop
      vertex   7.155269e+01 -8.738979e+01 1.706956e+02
      vertex   7.203519e+01 -8.733832e+01 1.710956e+02
      vertex   7.187888e+01 -8.764955e+01 1.710956e+02
    endloop
  endfacet
  facet normal 6.805267e-01 -2.211165e-01 -6.985634e-01
    outer loop
      vertex   7.155269e+01 -8.738979e+01 1.706956e+02
      vertex   7.187888e+01 -8.764955e+01 1.710956e+02
      vertex   7.142994e+01 -8.776755e+01 1.706956e+02
    endloop
  endfacet
  facet normal 6.798164e-01 -1.611194e-01 -7.154650e-01
    outer loop
      vertex   7.142994e+01 -8.776755e+01 1.706956e+02
      vertex   7.187888e+01 -8.764955e+01 1.710956e+02
      vertex   7.179856e+01 -8.798845e+01 1.710956e+02
    endloop
  endfacet
  facet normal 7.123509e-01 -7.487110e-02 -6.978184e-01
    outer loop
      vertex   7.142994e+01 -8.776755e+01 1.706956e+02
      vertex   7.179856e+01 -8.798845e+01 1.710956e+02
      vertex   7.138842e+01 -8.816258e+01 1.706956e+02
    endloop
  endfacet
  facet normal 6.981995e-01 0.000000e+00 -7.159032e-01
    outer loop
      vertex   7.138842e+01 -8.816258e+01 1.706956e+02
      vertex   7.179856e+01 -8.798845e+01 1.710956e+02
      vertex   7.179856e+01 -8.833672e+01 1.710956e+02
    endloop
  endfacet
  facet normal 7.123509e-01 7.487110e-02 -6.978184e-01
    outer loop
      vertex   7.138842e+01 -8.816258e+01 1.706956e+02
      vertex   7.179856e+01 -8.833672e+01 1.710956e+02
      vertex   7.142994e+01 -8.855762e+01 1.706956e+02
    endloop
  endfacet
  facet normal 6.798164e-01 1.611194e-01 -7.154650e-01
    outer loop
      vertex   7.142994e+01 -8.855762e+01 1.706956e+02
      vertex   7.179856e+01 -8.833672e+01 1.710956e+02
      vertex   7.187888e+01 -8.867562e+01 1.710956e+02
    endloop
  endfacet
  facet normal 6.805267e-01 2.211165e-01 -6.985634e-01
    outer loop
      vertex   7.142994e+01 -8.855762e+01 1.706956e+02
      vertex   7.187888e+01 -8.867562e+01 1.710956e+02
      vertex   7.155269e+01 -8.893538e+01 1.706956e+02
    endloop
  endfacet
  facet normal 6.255402e-01 3.141581e-01 -7.141457e-01
    outer loop
      vertex   7.155269e+01 -8.893538e+01 1.706956e+02
      vertex   7.187888e+01 -8.867562e+01 1.710956e+02
      vertex   7.203519e+01 -8.898685e+01 1.710956e+02
    endloop
  endfacet
  facet normal 6.184265e-01 3.570487e-01 -7.000464e-01
    outer loop
      vertex   7.155269e+01 -8.893538e+01 1.706956e+02
      vertex   7.203519e+01 -8.898685e+01 1.710956e+02
      vertex   7.175129e+01 -8.927938e+01 1.706956e+02
    endloop
  endfacet
  facet normal 5.379546e-01 4.513975e-01 -7.119306e-01
    outer loop
      vertex   7.175129e+01 -8.927938e+01 1.706956e+02
      vertex   7.203519e+01 -8.898685e+01 1.710956e+02
      vertex   7.225906e+01 -8.925365e+01 1.710956e+02
    endloop
  endfacet
  facet normal 5.290653e-01 4.763725e-01 -7.022529e-01
    outer loop
      vertex   7.175129e+01 -8.927938e+01 1.706956e+02
      vertex   7.225906e+01 -8.925365e+01 1.710956e+02
      vertex   7.201707e+01 -8.957456e+01 1.706956e+02
    endloop
  endfacet
  facet normal 4.212443e-01 5.658293e-01 -7.087951e-01
    outer loop
      vertex   7.201707e+01 -8.957456e+01 1.706956e+02
      vertex   7.225906e+01 -8.925365e+01 1.710956e+02
      vertex   7.253842e+01 -8.946162e+01 1.710956e+02
    endloop
  endfacet
  facet normal 4.167669e-01 5.736304e-01 -7.051620e-01
    outer loop
      vertex   7.201707e+01 -8.957456e+01 1.706956e+02
      vertex   7.253842e+01 -8.946162e+01 1.710956e+02
      vertex   7.233842e+01 -8.980803e+01 1.706956e+02
    endloop
  endfacet
  facet normal 2.883951e-01 6.477460e-01 -7.051620e-01
    outer loop
      vertex   7.233842e+01 -8.980803e+01 1.706956e+02
      vertex   7.253842e+01 -8.946162e+01 1.710956e+02
      vertex   7.270129e+01 -8.996959e+01 1.706956e+02
    endloop
  endfacet
  facet normal 2.794004e-01 6.477229e-01 -7.087951e-01
    outer loop
      vertex   7.270129e+01 -8.996959e+01 1.706956e+02
      vertex   7.253842e+01 -8.946162e+01 1.710956e+02
      vertex   7.285822e+01 -8.959957e+01 1.710956e+02
    endloop
  endfacet
  facet normal 1.480181e-01 6.963702e-01 -7.022529e-01
    outer loop
      vertex   7.270129e+01 -8.996959e+01 1.706956e+02
      vertex   7.285822e+01 -8.959957e+01 1.710956e+02
      vertex   7.308982e+01 -9.005218e+01 1.706956e+02
    endloop
  endfacet
  facet normal 1.219444e-01 6.915811e-01 -7.119306e-01
    outer loop
      vertex   7.308982e+01 -9.005218e+01 1.706956e+02
      vertex   7.285822e+01 -8.959957e+01 1.710956e+02
      vertex   7.320120e+01 -8.966005e+01 1.710956e+02
    endloop
  endfacet
  facet normal 0.000000e+00 7.140974e-01 -7.000464e-01
    outer loop
      vertex   7.308982e+01 -9.005218e+01 1.706956e+02
      vertex   7.320120e+01 -8.966005e+01 1.710956e+02
      vertex   7.348703e+01 -9.005218e+01 1.706956e+02
    endloop
  endfacet
  facet normal -4.070121e-02 6.988128e-01 -7.141457e-01
    outer loop
      vertex   7.348703e+01 -9.005218e+01 1.706956e+02
      vertex   7.320120e+01 -8.966005e+01 1.710956e+02
      vertex   7.354889e+01 -8.963980e+01 1.710956e+02
    endloop
  endfacet
  facet normal -1.487708e-01 6.999117e-01 -6.985634e-01
    outer loop
      vertex   7.348703e+01 -9.005218e+01 1.706956e+02
      vertex   7.354889e+01 -8.963980e+01 1.710956e+02
      vertex   7.387555e+01 -8.996959e+01 1.706956e+02
    endloop
  endfacet
  facet normal -2.003747e-01 6.692980e-01 -7.154650e-01
    outer loop
      vertex   7.387555e+01 -8.996959e+01 1.706956e+02
      vertex   7.354889e+01 -8.963980e+01 1.710956e+02
      vertex   7.388254e+01 -8.953991e+01 1.710956e+02
    endloop
  endfacet
  facet normal -2.913352e-01 6.543495e-01 -6.978184e-01
    outer loop
      vertex   7.387555e+01 -8.996959e+01 1.706956e+02
      vertex   7.388254e+01 -8.953991e+01 1.710956e+02
      vertex   7.423842e+01 -8.980803e+01 1.706956e+02
    endloop
  endfacet
  facet normal -3.490998e-01 6.046585e-01 -7.159032e-01
    outer loop
      vertex   7.423842e+01 -8.980803e+01 1.706956e+02
      vertex   7.388254e+01 -8.953991e+01 1.710956e+02
      vertex   7.418416e+01 -8.936577e+01 1.710956e+02
    endloop
  endfacet
  facet normal -4.210157e-01 5.794784e-01 -6.978184e-01
    outer loop
      vertex   7.423842e+01 -8.980803e+01 1.706956e+02
      vertex   7.418416e+01 -8.936577e+01 1.710956e+02
      vertex   7.455977e+01 -8.957456e+01 1.706956e+02
    endloop
  endfacet
  facet normal -4.794417e-01 5.081785e-01 -7.154650e-01
    outer loop
      vertex   7.455977e+01 -8.957456e+01 1.706956e+02
      vertex   7.418416e+01 -8.936577e+01 1.710956e+02
      vertex   7.443749e+01 -8.912677e+01 1.710956e+02
    endloop
  endfacet
  facet normal -5.317559e-01 4.787951e-01 -6.985634e-01
    outer loop
      vertex   7.455977e+01 -8.957456e+01 1.706956e+02
      vertex   7.443749e+01 -8.912677e+01 1.710956e+02
      vertex   7.482555e+01 -8.927938e+01 1.706956e+02
    endloop
  endfacet
  facet normal -5.848390e-01 3.846547e-01 -7.141457e-01
    outer loop
      vertex   7.482555e+01 -8.927938e+01 1.706956e+02
      vertex   7.443749e+01 -8.912677e+01 1.710956e+02
      vertex   7.462887e+01 -8.883578e+01 1.710956e+02
    endloop
  endfacet
  facet normal -6.184265e-01 3.570487e-01 -7.000464e-01
    outer loop
      vertex   7.482555e+01 -8.927938e+01 1.706956e+02
      vertex   7.462887e+01 -8.883578e+01 1.710956e+02
      vertex   7.502416e+01 -8.893538e+01 1.706956e+02
    endloop
  endfacet
  facet normal -6.598990e-01 2.401836e-01 -7.119306e-01
    outer loop
      vertex   7.502416e+01 -8.893538e+01 1.706956e+02
      vertex   7.462887e+01 -8.883578e+01 1.710956e+02
      vertex   7.474799e+01 -8.850851e+01 1.710956e+02
    endloop
  endfacet
  facet normal -6.770833e-01 2.199977e-01 -7.022529e-01
    outer loop
      vertex   7.502416e+01 -8.893538e+01 1.706956e+02
      vertex   7.474799e+01 -8.850851e+01 1.710956e+02
      vertex   7.514690e+01 -8.855762e+01 1.706956e+02
    endloop
  endfacet
  facet normal -7.006447e-01 8.189362e-02 -7.087951e-01
    outer loop
      vertex   7.514690e+01 -8.855762e+01 1.706956e+02
      vertex   7.474799e+01 -8.850851e+01 1.710956e+02
      vertex   7.478842e+01 -8.816258e+01 1.710956e+02
    endloop
  endfacet
  facet normal -9.932384e-01 -1.160929e-01 -0.000000e+00
    outer loop
      vertex   7.474799e+01 -8.781666e+01 1.746956e+02
      vertex   7.474799e+01 -8.781666e+01 1.710956e+02
      vertex   7.478842e+01 -8.816258e+01 1.746956e+02
    endloop
  endfacet
  facet normal -9.932384e-01 -1.160929e-01 -0.000000e+00
    outer loop
      vertex   7.478842e+01 -8.816258e+01 1.746956e+02
      vertex   7.474799e+01 -8.781666e+01 1.710956e+02
      vertex   7.478842e+01 -8.816258e+01 1.710956e+02
    endloop
  endfacet
  facet normal -9.932384e-01 1.160929e-01 0.000000e+00
    outer loop
      vertex   7.478842e+01 -8.816258e+01 1.746956e+02
      vertex   7.478842e+01 -8.816258e+01 1.710956e+02
      vertex   7.474799e+01 -8.850851e+01 1.746956e+02
    endloop
  endfacet
  facet normal -9.932384e-01 1.160929e-01 0.000000e+00
    outer loop
      vertex   7.474799e+01 -8.850851e+01 1.746956e+02
      vertex   7.478842e+01 -8.816258e+01 1.710956e+02
      vertex   7.474799e+01 -8.850851e+01 1.710956e+02
    endloop
  endfacet
  facet normal -9.396926e-01 3.420201e-01 0.000000e+00
    outer loop
      vertex   7.474799e+01 -8.850851e+01 1.746956e+02
      vertex   7.474799e+01 -8.850851e+01 1.710956e+02
      vertex   7.462887e+01 -8.883578e+01 1.746956e+02
    endloop
  endfacet
  facet normal -9.396926e-01 3.420201e-01 0.000000e+00
    outer loop
      vertex   7.462887e+01 -8.883578e+01 1.746956e+02
      vertex   7.474799e+01 -8.850851e+01 1.710956e+02
      vertex   7.462887e+01 -8.883578e+01 1.710956e+02
    endloop
  endfacet
  facet normal -8.354878e-01 5.495090e-01 0.000000e+00
    outer loop
      vertex   7.462887e+01 -8.883578e+01 1.746956e+02
      vertex   7.462887e+01 -8.883578e+01 1.710956e+02
      vertex   7.443749e+01 -8.912677e+01 1.746956e+02
    endloop
  endfacet
  facet normal -8.354878e-01 5.495090e-01 0.000000e+00
    outer loop
      vertex   7.443749e+01 -8.912677e+01 1.746956e+02
      vertex   7.462887e+01 -8.883578e+01 1.710956e+02
      vertex   7.443749e+01 -8.912677e+01 1.710956e+02
    endloop
  endfacet
  facet normal -6.862416e-01 7.273736e-01 0.000000e+00
    outer loop
      vertex   7.443749e+01 -8.912677e+01 1.746956e+02
      vertex   7.443749e+01 -8.912677e+01 1.710956e+02
      vertex   7.418416e+01 -8.936577e+01 1.746956e+02
    endloop
  endfacet
  facet normal -6.862416e-01 7.273736e-01 0.000000e+00
    outer loop
      vertex   7.418416e+01 -8.936577e+01 1.746956e+02
      vertex   7.443749e+01 -8.912677e+01 1.710956e+02
      vertex   7.418416e+01 -8.936577e+01 1.710956e+02
    endloop
  endfacet
  facet normal -5.000000e-01 8.660254e-01 0.000000e+00
    outer loop
      vertex   7.418416e+01 -8.936577e+01 1.746956e+02
      vertex   7.418416e+01 -8.936577e+01 1.710956e+02
      vertex   7.388254e+01 -8.953991e+01 1.746956e+02
    endloop
  endfacet
  facet normal -5.000000e-01 8.660254e-01 0.000000e+00
    outer loop
      vertex   7.388254e+01 -8.953991e+01 1.746956e+02
      vertex   7.418416e+01 -8.936577e+01 1.710956e+02
      vertex   7.388254e+01 -8.953991e+01 1.710956e+02
    endloop
  endfacet
  facet normal -2.868032e-01 9.579895e-01 0.000000e+00
    outer loop
      vertex   7.388254e+01 -8.953991e+01 1.746956e+02
      vertex   7.388254e+01 -8.953991e+01 1.710956e+02
      vertex   7.354889e+01 -8.963980e+01 1.746956e+02
    endloop
  endfacet
  facet normal -2.868032e-01 9.579895e-01 0.000000e+00
    outer loop
      vertex   7.354889e+01 -8.963980e+01 1.746956e+02
      vertex   7.388254e+01 -8.953991e+01 1.710956e+02
      vertex   7.354889e+01 -8.963980e+01 1.710956e+02
    endloop
  endfacet
  facet normal -5.814483e-02 9.983082e-01 0.000000e+00
    outer loop
      vertex   7.354889e+01 -8.963980e+01 1.746956e+02
      vertex   7.354889e+01 -8.963980e+01 1.710956e+02
      vertex   7.320120e+01 -8.966005e+01 1.746956e+02
    endloop
  endfacet
  facet normal -5.814483e-02 9.983082e-01 0.000000e+00
    outer loop
      vertex   7.320120e+01 -8.966005e+01 1.746956e+02
      vertex   7.354889e+01 -8.963980e+01 1.710956e+02
      vertex   7.320120e+01 -8.966005e+01 1.710956e+02
    endloop
  endfacet
  facet normal 1.736482e-01 9.848078e-01 0.000000e+00
    outer loop
      vertex   7.320120e+01 -8.966005e+01 1.746956e+02
      vertex   7.320120e+01 -8.966005e+01 1.710956e+02
      vertex   7.285822e+01 -8.959957e+01 1.746956e+02
    endloop
  endfacet
  facet normal 1.736482e-01 9.848078e-01 0.000000e+00
    outer loop
      vertex   7.285822e+01 -8.959957e+01 1.746956e+02
      vertex   7.320120e+01 -8.966005e+01 1.710956e+02
      vertex   7.285822e+01 -8.959957e+01 1.710956e+02
    endloop
  endfacet
  facet normal 3.960798e-01 9.182161e-01 0.000000e+00
    outer loop
      vertex   7.285822e+01 -8.959957e+01 1.746956e+02
      vertex   7.285822e+01 -8.959957e+01 1.710956e+02
      vertex   7.253842e+01 -8.946162e+01 1.746956e+02
    endloop
  endfacet
  facet normal 3.960798e-01 9.182161e-01 0.000000e+00
    outer loop
      vertex   7.253842e+01 -8.946162e+01 1.746956e+02
      vertex   7.285822e+01 -8.959957e+01 1.710956e+02
      vertex   7.253842e+01 -8.946162e+01 1.710956e+02
    endloop
  endfacet
  facet normal 5.971586e-01 8.021232e-01 0.000000e+00
    outer loop
      vertex   7.253842e+01 -8.946162e+01 1.746956e+02
      vertex   7.253842e+01 -8.946162e+01 1.710956e+02
      vertex   7.225906e+01 -8.925365e+01 1.746956e+02
    endloop
  endfacet
  facet normal 5.971586e-01 8.021232e-01 0.000000e+00
    outer loop
      vertex   7.225906e+01 -8.925365e+01 1.746956e+02
      vertex   7.253842e+01 -8.946162e+01 1.710956e+02
      vertex   7.225906e+01 -8.925365e+01 1.710956e+02
    endloop
  endfacet
  facet normal 7.660444e-01 6.427876e-01 0.000000e+00
    outer loop
      vertex   7.225906e+01 -8.925365e+01 1.746956e+02
      vertex   7.225906e+01 -8.925365e+01 1.710956e+02
      vertex   7.203519e+01 -8.898685e+01 1.746956e+02
    endloop
  endfacet
  facet normal 7.660444e-01 6.427876e-01 0.000000e+00
    outer loop
      vertex   7.203519e+01 -8.898685e+01 1.746956e+02
      vertex   7.225906e+01 -8.925365e+01 1.710956e+02
      vertex   7.203519e+01 -8.898685e+01 1.710956e+02
    endloop
  endfacet
  facet normal 8.936326e-01 4.487992e-01 0.000000e+00
    outer loop
      vertex   7.203519e+01 -8.898685e+01 1.746956e+02
      vertex   7.203519e+01 -8.898685e+01 1.710956e+02
      vertex   7.187888e+01 -8.867562e+01 1.746956e+02
    endloop
  endfacet
  facet normal 8.936326e-01 4.487992e-01 0.000000e+00
    outer loop
      vertex   7.187888e+01 -8.867562e+01 1.746956e+02
      vertex   7.203519e+01 -8.898685e+01 1.710956e+02
      vertex   7.187888e+01 -8.867562e+01 1.710956e+02
    endloop
  endfacet
  facet normal 9.730449e-01 2.306159e-01 0.000000e+00
    outer loop
      vertex   7.187888e+01 -8.867562e+01 1.746956e+02
      vertex   7.187888e+01 -8.867562e+01 1.710956e+02
      vertex   7.179856e+01 -8.833672e+01 1.746956e+02
    endloop
  endfacet
  facet normal 9.730449e-01 2.306159e-01 0.000000e+00
    outer loop
      vertex   7.179856e+01 -8.833672e+01 1.746956e+02
      vertex   7.187888e+01 -8.867562e+01 1.710956e+02
      vertex   7.179856e+01 -8.833672e+01 1.710956e+02
    endloop
  endfacet
  facet normal 1.000000e+00 -0.000000e+00 0.000000e+00
    outer loop
      vertex   7.179856e+01 -8.833672e+01 1.746956e+02
      vertex   7.179856e+01 -8.833672e+01 1.710956e+02
      vertex   7.179856e+01 -8.798845e+01 1.746956e+02
    endloop
  endfacet
  facet normal 1.000000e+00 0.000000e+00 0.000000e+00
    outer loop
      vertex   7.179856e+01 -8.798845e+01 1.746956e+02
      vertex   7.179856e+01 -8.833672e+01 1.710956e+02
      vertex   7.179856e+01 -8.798845e+01 1.710956e+02
    endloop
  endfacet
  facet normal 9.730449e-01 -2.306159e-01 0.000000e+00
    outer loop
      vertex   7.179856e+01 -8.798845e+01 1.746956e+02
      vertex   7.179856e+01 -8.798845e+01 1.710956e+02
      vertex   7.187888e+01 -8.764955e+01 1.746956e+02
    endloop
  endfacet
  facet normal 9.730449e-01 -2.306159e-01 0.000000e+00
    outer loop
      vertex   7.187888e+01 -8.764955e+01 1.746956e+02
      vertex   7.179856e+01 -8.798845e+01 1.710956e+02
      vertex   7.187888e+01 -8.764955e+01 1.710956e+02
    endloop
  endfacet
  facet normal 8.936326e-01 -4.487992e-01 0.000000e+00
    outer loop
      vertex   7.187888e+01 -8.764955e+01 1.746956e+02
      vertex   7.187888e+01 -8.764955e+01 1.710956e+02
      vertex   7.203519e+01 -8.733832e+01 1.746956e+02
    endloop
  endfacet
  facet normal 8.936326e-01 -4.487992e-01 0.000000e+00
    outer loop
      vertex   7.203519e+01 -8.733832e+01 1.746956e+02
      vertex   7.187888e+01 -8.764955e+01 1.710956e+02
      vertex   7.203519e+01 -8.733832e+01 1.710956e+02
    endloop
  endfacet
  facet normal 7.660444e-01 -6.427876e-01 0.000000e+00
    outer loop
      vertex   7.203519e+01 -8.733832e+01 1.746956e+02
      vertex   7.203519e+01 -8.733832e+01 1.710956e+02
      vertex   7.225906e+01 -8.707152e+01 1.746956e+02
    endloop
  endfacet
  facet normal 7.660444e-01 -6.427876e-01 0.000000e+00
    outer loop
      vertex   7.225906e+01 -8.707152e+01 1.746956e+02
      vertex   7.203519e+01 -8.733832e+01 1.710956e+02
      vertex   7.225906e+01 -8.707152e+01 1.710956e+02
    endloop
  endfacet
  facet normal 5.971586e-01 -8.021232e-01 0.000000e+00
    outer loop
      vertex   7.225906e+01 -8.707152e+01 1.746956e+02
      vertex   7.225906e+01 -8.707152e+01 1.710956e+02
      vertex   7.253842e+01 -8.686355e+01 1.746956e+02
    endloop
  endfacet
  facet normal 5.971586e-01 -8.021232e-01 0.000000e+00
    outer loop
      vertex   7.253842e+01 -8.686355e+01 1.746956e+02
      vertex   7.225906e+01 -8.707152e+01 1.710956e+02
      vertex   7.253842e+01 -8.686355e+01 1.710956e+02
    endloop
  endfacet
  facet normal 3.960798e-01 -9.182161e-01 0.000000e+00
    outer loop
      vertex   7.253842e+01 -8.686355e+01 1.746956e+02
      vertex   7.253842e+01 -8.686355e+01 1.710956e+02
      vertex   7.285822e+01 -8.672560e+01 1.746956e+02
    endloop
  endfacet
  facet normal 3.960798e-01 -9.182161e-01 0.000000e+00
    outer loop
      vertex   7.285822e+01 -8.672560e+01 1.746956e+02
      vertex   7.253842e+01 -8.686355e+01 1.710956e+02
      vertex   7.285822e+01 -8.672560e+01 1.710956e+02
    endloop
  endfacet
  facet normal 1.736482e-01 -9.848078e-01 0.000000e+00
    outer loop
      vertex   7.285822e+01 -8.672560e+01 1.746956e+02
      vertex   7.285822e+01 -8.672560e+01 1.710956e+02
      vertex   7.320120e+01 -8.666512e+01 1.746956e+02
    endloop
  endfacet
  facet normal 1.736482e-01 -9.848078e-01 0.000000e+00
    outer loop
      vertex   7.320120e+01 -8.666512e+01 1.746956e+02
      vertex   7.285822e+01 -8.672560e+01 1.710956e+02
      vertex   7.320120e+01 -8.666512e+01 1.710956e+02
    endloop
  endfacet
  facet normal -5.814483e-02 -9.983082e-01 -0.000000e+00
    outer loop
      vertex   7.320120e+01 -8.666512e+01 1.746956e+02
      vertex   7.320120e+01 -8.666512e+01 1.710956e+02
      vertex   7.354889e+01 -8.668537e+01 1.746956e+02
    endloop
  endfacet
  facet normal -5.814483e-02 -9.983082e-01 -0.000000e+00
    outer loop
      vertex   7.354889e+01 -8.668537e+01 1.746956e+02
      vertex   7.320120e+01 -8.666512e+01 1.710956e+02
      vertex   7.354889e+01 -8.668537e+01 1.710956e+02
    endloop
  endfacet
  facet normal -2.868032e-01 -9.579895e-01 -0.000000e+00
    outer loop
      vertex   7.354889e+01 -8.668537e+01 1.746956e+02
      vertex   7.354889e+01 -8.668537e+01 1.710956e+02
      vertex   7.388254e+01 -8.678526e+01 1.746956e+02
    endloop
  endfacet
  facet normal -2.868032e-01 -9.579895e-01 -0.000000e+00
    outer loop
      vertex   7.388254e+01 -8.678526e+01 1.746956e+02
      vertex   7.354889e+01 -8.668537e+01 1.710956e+02
      vertex   7.388254e+01 -8.678526e+01 1.710956e+02
    endloop
  endfacet
  facet normal -5.000000e-01 -8.660254e-01 -0.000000e+00
    outer loop
      vertex   7.388254e+01 -8.678526e+01 1.746956e+02
      vertex   7.388254e+01 -8.678526e+01 1.710956e+02
      vertex   7.418416e+01 -8.695940e+01 1.746956e+02
    endloop
  endfacet
  facet normal -5.000000e-01 -8.660254e-01 -0.000000e+00
    outer loop
      vertex   7.418416e+01 -8.695940e+01 1.746956e+02
      vertex   7.388254e+01 -8.678526e+01 1.710956e+02
      vertex   7.418416e+01 -8.695940e+01 1.710956e+02
    endloop
  endfacet
  facet normal -6.862416e-01 -7.273736e-01 -0.000000e+00
    outer loop
      vertex   7.418416e+01 -8.695940e+01 1.746956e+02
      vertex   7.418416e+01 -8.695940e+01 1.710956e+02
      vertex   7.443749e+01 -8.719840e+01 1.746956e+02
    endloop
  endfacet
  facet normal -6.862416e-01 -7.273736e-01 -0.000000e+00
    outer loop
      vertex   7.443749e+01 -8.719840e+01 1.746956e+02
      vertex   7.418416e+01 -8.695940e+01 1.710956e+02
      vertex   7.443749e+01 -8.719840e+01 1.710956e+02
    endloop
  endfacet
  facet normal -8.354878e-01 -5.495090e-01 -0.000000e+00
    outer loop
      vertex   7.443749e+01 -8.719840e+01 1.746956e+02
      vertex   7.443749e+01 -8.719840e+01 1.710956e+02
      vertex   7.462887e+01 -8.748939e+01 1.746956e+02
    endloop
  endfacet
  facet normal -8.354878e-01 -5.495090e-01 -0.000000e+00
    outer loop
      vertex   7.462887e+01 -8.748939e+01 1.746956e+02
      vertex   7.443749e+01 -8.719840e+01 1.710956e+02
      vertex   7.462887e+01 -8.748939e+01 1.710956e+02
    endloop
  endfacet
  facet normal -9.396926e-01 -3.420201e-01 -0.000000e+00
    outer loop
      vertex   7.462887e+01 -8.748939e+01 1.746956e+02
      vertex   7.462887e+01 -8.748939e+01 1.710956e+02
      vertex   7.474799e+01 -8.781666e+01 1.746956e+02
    endloop
  endfacet
  facet normal -9.396926e-01 -3.420201e-01 -0.000000e+00
    outer loop
      vertex   7.474799e+01 -8.781666e+01 1.746956e+02
      vertex   7.462887e+01 -8.748939e+01 1.710956e+02
      vertex   7.474799e+01 -8.781666e+01 1.710956e+02
    endloop
  endfacet
  facet normal -0.000000e+00 0.000000e+00 -1.000000e+00
    outer loop
      vertex   8.828842e+01 -8.316258e+01 1.706956e+02
      vertex   8.728842e+01 -8.416258e+01 1.706956e+02
      vertex   8.828842e+01 -5.916258e+01 1.706956e+02
    endloop
  endfacet
  facet normal 0.000000e+00 0.000000e+00 -1.000000e+00
    outer loop
      vertex   8.828842e+01 -5.916258e+01 1.706956e+02
      vertex   8.728842e+01 -8.416258e+01 1.706956e+02
      vertex   8.328842e+01 -8.416258e+01 1.706956e+02
    endloop
  endfacet
  facet normal -0.000000e+00 0.000000e+00 -1.000000e+00
    outer loop
      vertex   8.828842e+01 -5.916258e+01 1.706956e+02
      vertex   8.328842e+01 -8.416258e+01 1.706956e+02
      vertex   8.572421e+01 -5.116258e+01 1.706956e+02
    endloop
  endfacet
  facet normal -0.000000e+00 0.000000e+00 -1.000000e+00
    outer loop
      vertex   8.572421e+01 -5.116258e+01 1.706956e+02
      vertex   8.328842e+01 -8.416258e+01 1.706956e+02
      vertex   8.085264e+01 -5.116258e+01 1.706956e+02
    endloop
  endfacet
  facet normal 0.000000e+00 -0.000000e+00 -1.000000e+00
    outer loop
      vertex   8.085264e+01 -5.116258e+01 1.706956e+02
      vertex   8.328842e+01 -8.416258e+01 1.706956e+02
      vertex   7.691754e+01 -5.892033e+01 1.706956e+02
    endloop
  endfacet
  facet normal -0.000000e+00 0.000000e+00 -1.000000e+00
    outer loop
      vertex   8.085264e+01 -5.116258e+01 1.706956e+02
      vertex   7.691754e+01 -5.892033e+01 1.706956e+02
      vertex   8.073078e+01 -5.114751e+01 1.706956e+02
    endloop
  endfacet
  facet normal -0.000000e+00 0.000000e+00 -1.000000e+00
    outer loop
      vertex   8.073078e+01 -5.114751e+01 1.706956e+02
      vertex   7.691754e+01 -5.892033e+01 1.706956e+02
      vertex   8.061627e+01 -5.110319e+01 1.706956e+02
    endloop
  endfacet
  facet normal -0.000000e+00 0.000000e+00 -1.000000e+00
    outer loop
      vertex   8.061627e+01 -5.110319e+01 1.706956e+02
      vertex   7.691754e+01 -5.892033e+01 1.706956e+02
      vertex   8.051602e+01 -5.103230e+01 1.706956e+02
    endloop
  endfacet
  facet normal -0.000000e+00 0.000000e+00 -1.000000e+00
    outer loop
      vertex   8.051602e+01 -5.103230e+01 1.706956e+02
      vertex   7.691754e+01 -5.892033e+01 1.706956e+02
      vertex   8.043606e+01 -5.093911e+01 1.706956e+02
    endloop
  endfacet
  facet normal 0.000000e+00 0.000000e+00 -1.000000e+00
    outer loop
      vertex   8.043606e+01 -5.093911e+01 1.706956e+02
      vertex   7.691754e+01 -5.892033e+01 1.706956e+02
      vertex   7.844078e+01 -5.093911e+01 1.706956e+02
    endloop
  endfacet
  facet normal -0.000000e+00 0.000000e+00 -1.000000e+00
    outer loop
      vertex   8.043606e+01 -5.093911e+01 1.706956e+02
      vertex   7.844078e+01 -5.093911e+01 1.706956e+02
      vertex   7.943842e+01 -5.016258e+01 1.706956e+02
    endloop
  endfacet
  facet normal 0.000000e+00 0.000000e+00 -1.000000e+00
    outer loop
      vertex   7.943842e+01 -5.016258e+01 1.706956e+02
      vertex   7.844078e+01 -5.093911e+01 1.706956e+02
      vertex   7.919471e+01 -5.019274e+01 1.706956e+02
    endloop
  endfacet
  facet normal 0.000000e+00 0.000000e+00 -1.000000e+00
    outer loop
      vertex   7.919471e+01 -5.019274e+01 1.706956e+02
      vertex   7.844078e+01 -5.093911e+01 1.706956e+02
      vertex   7.896569e+01 -5.028138e+01 1.706956e+02
    endloop
  endfacet
  facet normal -8.653656e-13 6.906143e-13 -1.000000e+00
    outer loop
      vertex   7.896569e+01 -5.028138e+01 1.706956e+02
      vertex   7.844078e+01 -5.093911e+01 1.706956e+02
      vertex   7.849561e+01 -5.082925e+01 1.706956e+02
    endloop
  endfacet
  facet normal 9.326811e-14 -1.319010e-13 -1.000000e+00
    outer loop
      vertex   7.896569e+01 -5.028138e+01 1.706956e+02
      vertex   7.849561e+01 -5.082925e+01 1.706956e+02
      vertex   7.876519e+01 -5.042316e+01 1.706956e+02
    endloop
  endfacet
  facet normal 3.604118e-13 -3.092362e-13 -1.000000e+00
    outer loop
      vertex   7.876519e+01 -5.042316e+01 1.706956e+02
      vertex   7.849561e+01 -5.082925e+01 1.706956e+02
      vertex   7.860528e+01 -5.060953e+01 1.706956e+02
    endloop
  endfacet
  facet normal -0.000000e+00 0.000000e+00 -1.000000e+00
    outer loop
      vertex   8.328842e+01 -8.416258e+01 1.706956e+02
      vertex   7.813842e+01 -8.931258e+01 1.706956e+02
      vertex   7.691754e+01 -5.892033e+01 1.706956e+02
    endloop
  endfacet
  facet normal 0.000000e+00 -0.000000e+00 -1.000000e+00
    outer loop
      vertex   7.691754e+01 -5.892033e+01 1.706956e+02
      vertex   7.813842e+01 -8.931258e+01 1.706956e+02
      vertex   7.482555e+01 -8.704579e+01 1.706956e+02
    endloop
  endfacet
  facet normal 0.000000e+00 0.000000e+00 -1.000000e+00
    outer loop
      vertex   7.691754e+01 -5.892033e+01 1.706956e+02
      vertex   7.482555e+01 -8.704579e+01 1.706956e+02
      vertex   7.455977e+01 -8.675061e+01 1.706956e+02
    endloop
  endfacet
  facet normal 0.000000e+00 0.000000e+00 -1.000000e+00
    outer loop
      vertex   7.813842e+01 -1.131626e+02 1.706956e+02
      vertex   7.482555e+01 -8.927938e+01 1.706956e+02
      vertex   7.813842e+01 -8.931258e+01 1.706956e+02
    endloop
  endfacet
  facet normal 0.000000e+00 0.000000e+00 -1.000000e+00
    outer loop
      vertex   7.813842e+01 -8.931258e+01 1.706956e+02
      vertex   7.482555e+01 -8.927938e+01 1.706956e+02
      vertex   7.502416e+01 -8.893538e+01 1.706956e+02
    endloop
  endfacet
  facet normal 0.000000e+00 0.000000e+00 -1.000000e+00
    outer loop
      vertex   7.813842e+01 -8.931258e+01 1.706956e+02
      vertex   7.502416e+01 -8.893538e+01 1.706956e+02
      vertex   7.514690e+01 -8.855762e+01 1.706956e+02
    endloop
  endfacet
  facet normal -0.000000e+00 0.000000e+00 -1.000000e+00
    outer loop
      vertex   7.810435e+01 -1.134214e+02 1.706956e+02
      vertex   7.800445e+01 -1.136626e+02 1.706956e+02
      vertex   7.813842e+01 -1.131626e+02 1.706956e+02
    endloop
  endfacet
  facet normal 0.000000e+00 0.000000e+00 -1.000000e+00
    outer loop
      vertex   7.813842e+01 -1.131626e+02 1.706956e+02
      vertex   7.800445e+01 -1.136626e+02 1.706956e+02
      vertex   7.784553e+01 -1.138697e+02 1.706956e+02
    endloop
  endfacet
  facet normal 0.000000e+00 0.000000e+00 -1.000000e+00
    outer loop
      vertex   7.813842e+01 -1.131626e+02 1.706956e+02
      vertex   7.784553e+01 -1.138697e+02 1.706956e+02
      vertex   7.763842e+01 -1.140286e+02 1.706956e+02
    endloop
  endfacet
  facet normal -0.000000e+00 0.000000e+00 -1.000000e+00
    outer loop
      vertex   7.763842e+01 -1.140286e+02 1.706956e+02
      vertex   7.739724e+01 -1.141285e+02 1.706956e+02
      vertex   7.813842e+01 -1.131626e+02 1.706956e+02
    endloop
  endfacet
  facet normal 0.000000e+00 0.000000e+00 -1.000000e+00
    outer loop
      vertex   7.813842e+01 -1.131626e+02 1.706956e+02
      vertex   7.739724e+01 -1.141285e+02 1.706956e+02
      vertex   7.713842e+01 -1.141626e+02 1.706956e+02
    endloop
  endfacet
  facet normal -0.000000e+00 0.000000e+00 -1.000000e+00
    outer loop
      vertex   7.813842e+01 -1.131626e+02 1.706956e+02
      vertex   7.713842e+01 -1.141626e+02 1.706956e+02
      vertex   7.455977e+01 -8.957456e+01 1.706956e+02
    endloop
  endfacet
  facet normal 0.000000e+00 -0.000000e+00 -1.000000e+00
    outer loop
      vertex   7.455977e+01 -8.957456e+01 1.706956e+02
      vertex   7.713842e+01 -1.141626e+02 1.706956e+02
      vertex   7.423842e+01 -8.980803e+01 1.706956e+02
    endloop
  endfacet
  facet normal 0.000000e+00 -0.000000e+00 -1.000000e+00
    outer loop
      vertex   7.423842e+01 -8.980803e+01 1.706956e+02
      vertex   7.713842e+01 -1.141626e+02 1.706956e+02
      vertex   7.387555e+01 -8.996959e+01 1.706956e+02
    endloop
  endfacet
  facet normal 0.000000e+00 -0.000000e+00 -1.000000e+00
    outer loop
      vertex   7.387555e+01 -8.996959e+01 1.706956e+02
      vertex   7.713842e+01 -1.141626e+02 1.706956e+02
      vertex   7.348703e+01 -9.005218e+01 1.706956e+02
    endloop
  endfacet
  facet normal 0.000000e+00 -0.000000e+00 -1.000000e+00
    outer loop
      vertex   7.348703e+01 -9.005218e+01 1.706956e+02
      vertex   7.713842e+01 -1.141626e+02 1.706956e+02
      vertex   6.943842e+01 -1.141626e+02 1.706956e+02
    endloop
  endfacet
  facet normal -0.000000e+00 0.000000e+00 -1.000000e+00
    outer loop
      vertex   7.348703e+01 -9.005218e+01 1.706956e+02
      vertex   6.943842e+01 -1.141626e+02 1.706956e+02
      vertex   7.308982e+01 -9.005218e+01 1.706956e+02
    endloop
  endfacet
  facet normal -0.000000e+00 0.000000e+00 -1.000000e+00
    outer loop
      vertex   7.308982e+01 -9.005218e+01 1.706956e+02
      vertex   6.943842e+01 -1.141626e+02 1.706956e+02
      vertex   7.270129e+01 -8.996959e+01 1.706956e+02
    endloop
  endfacet
  facet normal -0.000000e+00 0.000000e+00 -1.000000e+00
    outer loop
      vertex   7.270129e+01 -8.996959e+01 1.706956e+02
      vertex   6.943842e+01 -1.141626e+02 1.706956e+02
      vertex   7.233842e+01 -8.980803e+01 1.706956e+02
    endloop
  endfacet
  facet normal -0.000000e+00 0.000000e+00 -1.000000e+00
    outer loop
      vertex   7.233842e+01 -8.980803e+01 1.706956e+02
      vertex   6.943842e+01 -1.141626e+02 1.706956e+02
      vertex   7.201707e+01 -8.957456e+01 1.706956e+02
    endloop
  endfacet
  facet normal 0.000000e+00 0.000000e+00 -1.000000e+00
    outer loop
      vertex   7.201707e+01 -8.957456e+01 1.706956e+02
      vertex   6.943842e+01 -1.141626e+02 1.706956e+02
      vertex   6.843842e+01 -1.131626e+02 1.706956e+02
    endloop
  endfacet
  facet normal -0.000000e+00 0.000000e+00 -1.000000e+00
    outer loop
      vertex   7.201707e+01 -8.957456e+01 1.706956e+02
      vertex   6.843842e+01 -1.131626e+02 1.706956e+02
      vertex   7.175129e+01 -8.927938e+01 1.706956e+02
    endloop
  endfacet
  facet normal -0.000000e+00 0.000000e+00 -1.000000e+00
    outer loop
      vertex   7.175129e+01 -8.927938e+01 1.706956e+02
      vertex   6.843842e+01 -1.131626e+02 1.706956e+02
      vertex   7.155269e+01 -8.893538e+01 1.706956e+02
    endloop
  endfacet
  facet normal -0.000000e+00 0.000000e+00 -1.000000e+00
    outer loop
      vertex   7.155269e+01 -8.893538e+01 1.706956e+02
      vertex   6.843842e+01 -1.131626e+02 1.706956e+02
      vertex   7.142994e+01 -8.855762e+01 1.706956e+02
    endloop
  endfacet
  facet normal -0.000000e+00 0.000000e+00 -1.000000e+00
    outer loop
      vertex   7.142994e+01 -8.855762e+01 1.706956e+02
      vertex   6.843842e+01 -1.131626e+02 1.706956e+02
      vertex   6.843842e+01 -8.216258e+01 1.706956e+02
    endloop
  endfacet
  facet normal 0.000000e+00 0.000000e+00 -1.000000e+00
    outer loop
      vertex   7.142994e+01 -8.855762e+01 1.706956e+02
      vertex   6.843842e+01 -8.216258e+01 1.706956e+02
      vertex   7.138842e+01 -8.816258e+01 1.706956e+02
    endloop
  endfacet
  facet normal 0.000000e+00 0.000000e+00 -1.000000e+00
    outer loop
      vertex   7.138842e+01 -8.816258e+01 1.706956e+02
      vertex   6.843842e+01 -8.216258e+01 1.706956e+02
      vertex   7.142994e+01 -8.776755e+01 1.706956e+02
    endloop
  endfacet
  facet normal 0.000000e+00 0.000000e+00 -1.000000e+00
    outer loop
      vertex   7.142994e+01 -8.776755e+01 1.706956e+02
      vertex   6.843842e+01 -8.216258e+01 1.706956e+02
      vertex   7.155269e+01 -8.738979e+01 1.706956e+02
    endloop
  endfacet
  facet normal 0.000000e+00 0.000000e+00 -1.000000e+00
    outer loop
      vertex   7.155269e+01 -8.738979e+01 1.706956e+02
      vertex   6.843842e+01 -8.216258e+01 1.706956e+02
      vertex   7.175129e+01 -8.704579e+01 1.706956e+02
    endloop
  endfacet
  facet normal 0.000000e+00 0.000000e+00 -1.000000e+00
    outer loop
      vertex   7.175129e+01 -8.704579e+01 1.706956e+02
      vertex   6.843842e+01 -8.216258e+01 1.706956e+02
      vertex   7.201707e+01 -8.675061e+01 1.706956e+02
    endloop
  endfacet
  facet normal 0.000000e+00 0.000000e+00 -1.000000e+00
    outer loop
      vertex   7.201707e+01 -8.675061e+01 1.706956e+02
      vertex   6.843842e+01 -8.216258e+01 1.706956e+02
      vertex   7.233842e+01 -8.651714e+01 1.706956e+02
    endloop
  endfacet
  facet normal 0.000000e+00 0.000000e+00 -1.000000e+00
    outer loop
      vertex   7.233842e+01 -8.651714e+01 1.706956e+02
      vertex   6.843842e+01 -8.216258e+01 1.706956e+02
      vertex   7.270129e+01 -8.635558e+01 1.706956e+02
    endloop
  endfacet
  facet normal 0.000000e+00 0.000000e+00 -1.000000e+00
    outer loop
      vertex   7.270129e+01 -8.635558e+01 1.706956e+02
      vertex   6.843842e+01 -8.216258e+01 1.706956e+02
      vertex   7.691754e+01 -5.892033e+01 1.706956e+02
    endloop
  endfacet
  facet normal 0.000000e+00 0.000000e+00 -1.000000e+00
    outer loop
      vertex   7.270129e+01 -8.635558e+01 1.706956e+02
      vertex   7.691754e+01 -5.892033e+01 1.706956e+02
      vertex   7.308982e+01 -8.627299e+01 1.706956e+02
    endloop
  endfacet
  facet normal 0.000000e+00 0.000000e+00 -1.000000e+00
    outer loop
      vertex   7.308982e+01 -8.627299e+01 1.706956e+02
      vertex   7.691754e+01 -5.892033e+01 1.706956e+02
      vertex   7.348703e+01 -8.627299e+01 1.706956e+02
    endloop
  endfacet
  facet normal 0.000000e+00 0.000000e+00 -1.000000e+00
    outer loop
      vertex   7.348703e+01 -8.627299e+01 1.706956e+02
      vertex   7.691754e+01 -5.892033e+01 1.706956e+02
      vertex   7.387555e+01 -8.635558e+01 1.706956e+02
    endloop
  endfacet
  facet normal 0.000000e+00 0.000000e+00 -1.000000e+00
    outer loop
      vertex   7.387555e+01 -8.635558e+01 1.706956e+02
      vertex   7.691754e+01 -5.892033e+01 1.706956e+02
      vertex   7.423842e+01 -8.651714e+01 1.706956e+02
    endloop
  endfacet
  facet normal 0.000000e+00 0.000000e+00 -1.000000e+00
    outer loop
      vertex   7.423842e+01 -8.651714e+01 1.706956e+02
      vertex   7.691754e+01 -5.892033e+01 1.706956e+02
      vertex   7.455977e+01 -8.675061e+01 1.706956e+02
    endloop
  endfacet
  facet normal 0.000000e+00 0.000000e+00 -1.000000e+00
    outer loop
      vertex   6.943842e+01 -1.141626e+02 1.706956e+02
      vertex   6.917960e+01 -1.141285e+02 1.706956e+02
      vertex   6.843842e+01 -1.131626e+02 1.706956e+02
    endloop
  endfacet
  facet normal 0.000000e+00 0.000000e+00 -1.000000e+00
    outer loop
      vertex   6.843842e+01 -1.131626e+02 1.706956e+02
      vertex   6.917960e+01 -1.141285e+02 1.706956e+02
      vertex   6.893842e+01 -1.140286e+02 1.706956e+02
    endloop
  endfacet
  facet normal 0.000000e+00 0.000000e+00 -1.000000e+00
    outer loop
      vertex   6.843842e+01 -1.131626e+02 1.706956e+02
      vertex   6.893842e+01 -1.140286e+02 1.706956e+02
      vertex   6.873132e+01 -1.138697e+02 1.706956e+02
    endloop
  endfacet
  facet normal 0.000000e+00 0.000000e+00 -1.000000e+00
    outer loop
      vertex   6.873132e+01 -1.138697e+02 1.706956e+02
      vertex   6.857240e+01 -1.136626e+02 1.706956e+02
      vertex   6.843842e+01 -1.131626e+02 1.706956e+02
    endloop
  endfacet
  facet normal 0.000000e+00 0.000000e+00 -1.000000e+00
    outer loop
      vertex   6.843842e+01 -1.131626e+02 1.706956e+02
      vertex   6.857240e+01 -1.136626e+02 1.706956e+02
      vertex   6.847250e+01 -1.134214e+02 1.706956e+02
    endloop
  endfacet
  facet normal 0.000000e+00 0.000000e+00 -1.000000e+00
    outer loop
      vertex   7.588842e+01 -5.196258e+01 1.706956e+02
      vertex   7.628842e+01 -5.116258e+01 1.706956e+02
      vertex   7.691754e+01 -5.892033e+01 1.706956e+02
    endloop
  endfacet
  facet normal 0.000000e+00 0.000000e+00 -1.000000e+00
    outer loop
      vertex   7.691754e+01 -5.892033e+01 1.706956e+02
      vertex   7.628842e+01 -5.116258e+01 1.706956e+02
      vertex   7.802421e+01 -5.116258e+01 1.706956e+02
    endloop
  endfacet
  facet normal 0.000000e+00 0.000000e+00 -1.000000e+00
    outer loop
      vertex   7.691754e+01 -5.892033e+01 1.706956e+02
      vertex   7.802421e+01 -5.116258e+01 1.706956e+02
      vertex   7.814606e+01 -5.114751e+01 1.706956e+02
    endloop
  endfacet
  facet normal 0.000000e+00 0.000000e+00 -1.000000e+00
    outer loop
      vertex   7.582740e+01 -5.185613e+01 1.706956e+02
      vertex   7.587203e+01 -5.138579e+01 1.706956e+02
      vertex   7.588842e+01 -5.196258e+01 1.706956e+02
    endloop
  endfacet
  facet normal 0.000000e+00 0.000000e+00 -1.000000e+00
    outer loop
      vertex   7.588842e+01 -5.196258e+01 1.706956e+02
      vertex   7.587203e+01 -5.138579e+01 1.706956e+02
      vertex   7.595198e+01 -5.129271e+01 1.706956e+02
    endloop
  endfacet
  facet normal 0.000000e+00 0.000000e+00 -1.000000e+00
    outer loop
      vertex   7.588842e+01 -5.196258e+01 1.706956e+02
      vertex   7.595198e+01 -5.129271e+01 1.706956e+02
      vertex   7.605220e+01 -5.122191e+01 1.706956e+02
    endloop
  endfacet
  facet normal 0.000000e+00 0.000000e+00 -1.000000e+00
    outer loop
      vertex   7.587203e+01 -5.138579e+01 1.706956e+02
      vertex   7.582740e+01 -5.185613e+01 1.706956e+02
      vertex   7.581715e+01 -5.149554e+01 1.706956e+02
    endloop
  endfacet
  facet normal 0.000000e+00 -0.000000e+00 -1.000000e+00
    outer loop
      vertex   7.581715e+01 -5.149554e+01 1.706956e+02
      vertex   7.582740e+01 -5.185613e+01 1.706956e+02
      vertex   7.579414e+01 -5.173801e+01 1.706956e+02
    endloop
  endfacet
  facet normal 0.000000e+00 0.000000e+00 -1.000000e+00
    outer loop
      vertex   7.581715e+01 -5.149554e+01 1.706956e+02
      vertex   7.579414e+01 -5.173801e+01 1.706956e+02
      vertex   7.579066e+01 -5.161536e+01 1.706956e+02
    endloop
  endfacet
  facet normal 0.000000e+00 -0.000000e+00 -1.000000e+00
    outer loop
      vertex   7.605220e+01 -5.122191e+01 1.706956e+02
      vertex   7.616664e+01 -5.117764e+01 1.706956e+02
      vertex   7.588842e+01 -5.196258e+01 1.706956e+02
    endloop
  endfacet
  facet normal 0.000000e+00 0.000000e+00 -1.000000e+00
    outer loop
      vertex   7.588842e+01 -5.196258e+01 1.706956e+02
      vertex   7.616664e+01 -5.117764e+01 1.706956e+02
      vertex   7.628842e+01 -5.116258e+01 1.706956e+02
    endloop
  endfacet
  facet normal 0.000000e+00 -0.000000e+00 -1.000000e+00
    outer loop
      vertex   7.814606e+01 -5.114751e+01 1.706956e+02
      vertex   7.826057e+01 -5.110319e+01 1.706956e+02
      vertex   7.691754e+01 -5.892033e+01 1.706956e+02
    endloop
  endfacet
  facet normal 0.000000e+00 0.000000e+00 -1.000000e+00
    outer loop
      vertex   7.691754e+01 -5.892033e+01 1.706956e+02
      vertex   7.826057e+01 -5.110319e+01 1.706956e+02
      vertex   7.836083e+01 -5.103230e+01 1.706956e+02
    endloop
  endfacet
  facet normal 0.000000e+00 0.000000e+00 -1.000000e+00
    outer loop
      vertex   7.691754e+01 -5.892033e+01 1.706956e+02
      vertex   7.836083e+01 -5.103230e+01 1.706956e+02
      vertex   7.844078e+01 -5.093911e+01 1.706956e+02
    endloop
  endfacet
  facet normal 0.000000e+00 0.000000e+00 -1.000000e+00
    outer loop
      vertex   7.943842e+01 -5.016258e+01 1.706956e+02
      vertex   7.968213e+01 -5.019274e+01 1.706956e+02
      vertex   8.043606e+01 -5.093911e+01 1.706956e+02
    endloop
  endfacet
  facet normal 0.000000e+00 0.000000e+00 -1.000000e+00
    outer loop
      vertex   8.043606e+01 -5.093911e+01 1.706956e+02
      vertex   7.968213e+01 -5.019274e+01 1.706956e+02
      vertex   7.991115e+01 -5.028138e+01 1.706956e+02
    endloop
  endfacet
  facet normal 8.653656e-13 6.906143e-13 -1.000000e+00
    outer loop
      vertex   8.043606e+01 -5.093911e+01 1.706956e+02
      vertex   7.991115e+01 -5.028138e+01 1.706956e+02
      vertex   8.038123e+01 -5.082925e+01 1.706956e+02
    endloop
  endfacet
  facet normal -9.326811e-14 -1.319010e-13 -1.000000e+00
    outer loop
      vertex   8.038123e+01 -5.082925e+01 1.706956e+02
      vertex   7.991115e+01 -5.028138e+01 1.706956e+02
      vertex   8.011166e+01 -5.042316e+01 1.706956e+02
    endloop
  endfacet
  facet normal -3.604118e-13 -3.092362e-13 -1.000000e+00
    outer loop
      vertex   8.038123e+01 -5.082925e+01 1.706956e+02
      vertex   8.011166e+01 -5.042316e+01 1.706956e+02
      vertex   8.027157e+01 -5.060953e+01 1.706956e+02
    endloop
  endfacet
  facet normal 0.000000e+00 0.000000e+00 -1.000000e+00
    outer loop
      vertex   8.572421e+01 -5.116258e+01 1.706956e+02
      vertex   8.584606e+01 -5.114751e+01 1.706956e+02
      vertex   8.828842e+01 -5.916258e+01 1.706956e+02
    endloop
  endfacet
  facet normal 0.000000e+00 0.000000e+00 -1.000000e+00
    outer loop
      vertex   8.828842e+01 -5.916258e+01 1.706956e+02
      vertex   8.584606e+01 -5.114751e+01 1.706956e+02
      vertex   8.596057e+01 -5.110319e+01 1.706956e+02
    endloop
  endfacet
  facet normal 0.000000e+00 0.000000e+00 -1.000000e+00
    outer loop
      vertex   8.828842e+01 -5.916258e+01 1.706956e+02
      vertex   8.596057e+01 -5.110319e+01 1.706956e+02
      vertex   8.606083e+01 -5.103230e+01 1.706956e+02
    endloop
  endfacet
  facet normal 0.000000e+00 0.000000e+00 -1.000000e+00
    outer loop
      vertex   8.606083e+01 -5.103230e+01 1.706956e+02
      vertex   8.614078e+01 -5.093911e+01 1.706956e+02
      vertex   8.828842e+01 -5.916258e+01 1.706956e+02
    endloop
  endfacet
  facet normal 0.000000e+00 0.000000e+00 -1.000000e+00
    outer loop
      vertex   8.828842e+01 -5.916258e+01 1.706956e+02
      vertex   8.614078e+01 -5.093911e+01 1.706956e+02
      vertex   8.689471e+01 -5.019274e+01 1.706956e+02
    endloop
  endfacet
  facet normal 0.000000e+00 0.000000e+00 -1.000000e+00
    outer loop
      vertex   8.828842e+01 -5.916258e+01 1.706956e+02
      vertex   8.689471e+01 -5.019274e+01 1.706956e+02
      vertex   8.713842e+01 -5.016258e+01 1.706956e+02
    endloop
  endfacet
  facet normal 0.000000e+00 0.000000e+00 -1.000000e+00
    outer loop
      vertex   8.689471e+01 -5.019274e+01 1.706956e+02
      vertex   8.614078e+01 -5.093911e+01 1.706956e+02
      vertex   8.666569e+01 -5.028138e+01 1.706956e+02
    endloop
  endfacet
  facet normal -8.653656e-13 6.906143e-13 -1.000000e+00
    outer loop
      vertex   8.666569e+01 -5.028138e+01 1.706956e+02
      vertex   8.614078e+01 -5.093911e+01 1.706956e+02
      vertex   8.619561e+01 -5.082925e+01 1.706956e+02
    endloop
  endfacet
  facet normal 9.326811e-14 -1.319010e-13 -1.000000e+00
    outer loop
      vertex   8.666569e+01 -5.028138e+01 1.706956e+02
      vertex   8.619561e+01 -5.082925e+01 1.706956e+02
      vertex   8.646519e+01 -5.042316e+01 1.706956e+02
    endloop
  endfacet
  facet normal 3.604118e-13 -3.092362e-13 -1.000000e+00
    outer loop
      vertex   8.646519e+01 -5.042316e+01 1.706956e+02
      vertex   8.619561e+01 -5.082925e+01 1.706956e+02
      vertex   8.630528e+01 -5.060953e+01 1.706956e+02
    endloop
  endfacet
  facet normal 0.000000e+00 0.000000e+00 -1.000000e+00
    outer loop
      vertex   8.713842e+01 -5.016258e+01 1.706956e+02
      vertex   8.738213e+01 -5.019274e+01 1.706956e+02
      vertex   8.828842e+01 -5.916258e+01 1.706956e+02
    endloop
  endfacet
  facet normal 0.000000e+00 0.000000e+00 -1.000000e+00
    outer loop
      vertex   8.828842e+01 -5.916258e+01 1.706956e+02
      vertex   8.738213e+01 -5.019274e+01 1.706956e+02
      vertex   8.813606e+01 -5.093911e+01 1.706956e+02
    endloop
  endfacet
  facet normal 0.000000e+00 0.000000e+00 -1.000000e+00
    outer loop
      vertex   8.828842e+01 -5.916258e+01 1.706956e+02
      vertex   8.813606e+01 -5.093911e+01 1.706956e+02
      vertex   8.821602e+01 -5.103230e+01 1.706956e+02
    endloop
  endfacet
  facet normal 0.000000e+00 0.000000e+00 -1.000000e+00
    outer loop
      vertex   8.738213e+01 -5.019274e+01 1.706956e+02
      vertex   8.761115e+01 -5.028138e+01 1.706956e+02
      vertex   8.813606e+01 -5.093911e+01 1.706956e+02
    endloop
  endfacet
  facet normal 8.653656e-13 6.906143e-13 -1.000000e+00
    outer loop
      vertex   8.813606e+01 -5.093911e+01 1.706956e+02
      vertex   8.761115e+01 -5.028138e+01 1.706956e+02
      vertex   8.808123e+01 -5.082925e+01 1.706956e+02
    endloop
  endfacet
  facet normal -9.326811e-14 -1.319010e-13 -1.000000e+00
    outer loop
      vertex   8.808123e+01 -5.082925e+01 1.706956e+02
      vertex   8.761115e+01 -5.028138e+01 1.706956e+02
      vertex   8.781166e+01 -5.042316e+01 1.706956e+02
    endloop
  endfacet
  facet normal -3.604118e-13 -3.092362e-13 -1.000000e+00
    outer loop
      vertex   8.808123e+01 -5.082925e+01 1.706956e+02
      vertex   8.781166e+01 -5.042316e+01 1.706956e+02
      vertex   8.797157e+01 -5.060953e+01 1.706956e+02
    endloop
  endfacet
  facet normal 0.000000e+00 0.000000e+00 -1.000000e+00
    outer loop
      vertex   8.821602e+01 -5.103230e+01 1.706956e+02
      vertex   8.831627e+01 -5.110319e+01 1.706956e+02
      vertex   8.828842e+01 -5.916258e+01 1.706956e+02
    endloop
  endfacet
  facet normal 0.000000e+00 0.000000e+00 -1.000000e+00
    outer loop
      vertex   8.828842e+01 -5.916258e+01 1.706956e+02
      vertex   8.831627e+01 -5.110319e+01 1.706956e+02
      vertex   8.843078e+01 -5.114751e+01 1.706956e+02
    endloop
  endfacet
  facet normal 0.000000e+00 0.000000e+00 -1.000000e+00
    outer loop
      vertex   8.828842e+01 -5.916258e+01 1.706956e+02
      vertex   8.843078e+01 -5.114751e+01 1.706956e+02
      vertex   8.855264e+01 -5.116258e+01 1.706956e+02
    endloop
  endfacet
  facet normal 0.000000e+00 -0.000000e+00 -1.000000e+00
    outer loop
      vertex   8.855264e+01 -5.116258e+01 1.706956e+02
      vertex   9.028842e+01 -5.116258e+01 1.706956e+02
      vertex   8.828842e+01 -5.916258e+01 1.706956e+02
    endloop
  endfacet
  facet normal 0.000000e+00 0.000000e+00 -1.000000e+00
    outer loop
      vertex   8.828842e+01 -5.916258e+01 1.706956e+02
      vertex   9.028842e+01 -5.116258e+01 1.706956e+02
      vertex   9.068842e+01 -5.196258e+01 1.706956e+02
    endloop
  endfacet
  facet normal 0.000000e+00 0.000000e+00 -1.000000e+00
    outer loop
      vertex   9.068842e+01 -5.196258e+01 1.706956e+02
      vertex   9.028842e+01 -5.116258e+01 1.706956e+02
      vertex   9.041020e+01 -5.117764e+01 1.706956e+02
    endloop
  endfacet
  facet normal 0.000000e+00 0.000000e+00 -1.000000e+00
    outer loop
      vertex   9.068842e+01 -5.196258e+01 1.706956e+02
      vertex   9.041020e+01 -5.117764e+01 1.706956e+02
      vertex   9.052465e+01 -5.122191e+01 1.706956e+02
    endloop
  endfacet
  facet normal 0.000000e+00 0.000000e+00 -1.000000e+00
    outer loop
      vertex   9.052465e+01 -5.122191e+01 1.706956e+02
      vertex   9.062486e+01 -5.129271e+01 1.706956e+02
      vertex   9.068842e+01 -5.196258e+01 1.706956e+02
    endloop
  endfacet
  facet normal 0.000000e+00 0.000000e+00 -1.000000e+00
    outer loop
      vertex   9.068842e+01 -5.196258e+01 1.706956e+02
      vertex   9.062486e+01 -5.129271e+01 1.706956e+02
      vertex   9.070482e+01 -5.138579e+01 1.706956e+02
    endloop
  endfacet
  facet normal 0.000000e+00 0.000000e+00 -1.000000e+00
    outer loop
      vertex   9.068842e+01 -5.196258e+01 1.706956e+02
      vertex   9.070482e+01 -5.138579e+01 1.706956e+02
      vertex   9.074944e+01 -5.185613e+01 1.706956e+02
    endloop
  endfacet
  facet normal 0.000000e+00 0.000000e+00 -1.000000e+00
    outer loop
      vertex   9.074944e+01 -5.185613e+01 1.706956e+02
      vertex   9.070482e+01 -5.138579e+01 1.706956e+02
      vertex   9.075969e+01 -5.149554e+01 1.706956e+02
    endloop
  endfacet
  facet normal 0.000000e+00 0.000000e+00 -1.000000e+00
    outer loop
      vertex   9.074944e+01 -5.185613e+01 1.706956e+02
      vertex   9.075969e+01 -5.149554e+01 1.706956e+02
      vertex   9.078270e+01 -5.173801e+01 1.706956e+02
    endloop
  endfacet
  facet normal 0.000000e+00 0.000000e+00 -1.000000e+00
    outer loop
      vertex   9.078270e+01 -5.173801e+01 1.706956e+02
      vertex   9.075969e+01 -5.149554e+01 1.706956e+02
      vertex   9.078619e+01 -5.161536e+01 1.706956e+02
    endloop
  endfacet
  facet normal 0.000000e+00 0.000000e+00 -1.000000e+00
    outer loop
      vertex   7.514690e+01 -8.855762e+01 1.706956e+02
      vertex   7.518842e+01 -8.816258e+01 1.706956e+02
      vertex   7.813842e+01 -8.931258e+01 1.706956e+02
    endloop
  endfacet
  facet normal 0.000000e+00 0.000000e+00 -1.000000e+00
    outer loop
      vertex   7.813842e+01 -8.931258e+01 1.706956e+02
      vertex   7.518842e+01 -8.816258e+01 1.706956e+02
      vertex   7.514690e+01 -8.776755e+01 1.706956e+02
    endloop
  endfacet
  facet normal 0.000000e+00 0.000000e+00 -1.000000e+00
    outer loop
      vertex   7.813842e+01 -8.931258e+01 1.706956e+02
      vertex   7.514690e+01 -8.776755e+01 1.706956e+02
      vertex   7.502416e+01 -8.738979e+01 1.706956e+02
    endloop
  endfacet
  facet normal 0.000000e+00 0.000000e+00 -1.000000e+00
    outer loop
      vertex   7.502416e+01 -8.738979e+01 1.706956e+02
      vertex   7.482555e+01 -8.704579e+01 1.706956e+02
      vertex   7.813842e+01 -8.931258e+01 1.706956e+02
    endloop
  endfacet
  facet normal 0.000000e+00 0.000000e+00 -1.000000e+00
    outer loop
      vertex   7.455977e+01 -8.957456e+01 1.706956e+02
      vertex   7.482555e+01 -8.927938e+01 1.706956e+02
      vertex   7.813842e+01 -1.131626e+02 1.706956e+02
    endloop
  endfacet
  facet normal 9.486833e-01 -3.162278e-01 0.000000e+00
    outer loop
      vertex   8.828842e+01 -5.916258e+01 1.773956e+02
      vertex   8.828842e+01 -5.916258e+01 1.706956e+02
      vertex   9.068842e+01 -5.196258e+01 1.749956e+02
    endloop
  endfacet
  facet normal 9.486833e-01 -3.162278e-01 2.037916e-14
    outer loop
      vertex   9.068842e+01 -5.196258e+01 1.749956e+02
      vertex   8.828842e+01 -5.916258e+01 1.706956e+02
      vertex   9.068842e+01 -5.196258e+01 1.706956e+02
    endloop
  endfacet
  facet normal 1.000000e+00 -1.184238e-15 0.000000e+00
    outer loop
      vertex   8.828842e+01 -5.916258e+01 1.773956e+02
      vertex   8.828842e+01 -8.316258e+01 1.773956e+02
      vertex   8.828842e+01 -5.916258e+01 1.706956e+02
    endloop
  endfacet
  facet normal 1.000000e+00 -1.184238e-15 0.000000e+00
    outer loop
      vertex   8.828842e+01 -5.916258e+01 1.706956e+02
      vertex   8.828842e+01 -8.316258e+01 1.773956e+02
      vertex   8.828842e+01 -8.316258e+01 1.706956e+02
    endloop
  endfacet
  facet normal -9.892377e-01 -1.463177e-01 -0.000000e+00
    outer loop
      vertex   7.691754e+01 -5.892033e+01 1.773956e+02
      vertex   7.588842e+01 -5.196258e+01 1.740442e+02
      vertex   7.691754e+01 -5.892033e+01 1.706956e+02
    endloop
  endfacet
  facet normal -9.892377e-01 -1.463177e-01 -1.513702e-13
    outer loop
      vertex   7.691754e+01 -5.892033e+01 1.706956e+02
      vertex   7.588842e+01 -5.196258e+01 1.740442e+02
      vertex   7.588842e+01 -5.196258e+01 1.706956e+02
    endloop
  endfacet
  facet normal -8.000000e-01 -6.000000e-01 -5.897877e-26
    outer loop
      vertex   7.588842e+01 -5.196258e+01 1.740442e+02
      vertex   7.900455e+01 -5.611742e+01 1.783956e+02
      vertex   7.588842e+01 -5.196258e+01 1.783956e+02
    endloop
  endfacet
  facet normal -1.821687e-02 -7.147206e-01 -6.991728e-01
    outer loop
      vertex   8.312275e+01 -8.376258e+01 1.775410e+02
      vertex   8.360986e+01 -8.376258e+01 1.775283e+02
      vertex   8.328842e+01 -8.416258e+01 1.779456e+02
    endloop
  endfacet
  facet normal -5.612312e-02 -6.988002e-01 -7.131118e-01
    outer loop
      vertex   8.328842e+01 -8.416258e+01 1.779456e+02
      vertex   8.360986e+01 -8.376258e+01 1.775283e+02
      vertex   8.382030e+01 -8.416258e+01 1.779037e+02
    endloop
  endfacet
  facet normal -1.312540e-01 -7.142572e-01 -6.874657e-01
    outer loop
      vertex   8.382030e+01 -8.416258e+01 1.779037e+02
      vertex   8.360986e+01 -8.376258e+01 1.775283e+02
      vertex   8.408849e+01 -8.376258e+01 1.774369e+02
    endloop
  endfacet
  facet normal -1.668782e-01 -6.992786e-01 -6.950979e-01
    outer loop
      vertex   8.382030e+01 -8.416258e+01 1.779037e+02
      vertex   8.408849e+01 -8.376258e+01 1.774369e+02
      vertex   8.433908e+01 -8.416258e+01 1.777792e+02
    endloop
  endfacet
  facet normal -2.410101e-01 -7.137038e-01 -6.576785e-01
    outer loop
      vertex   8.433908e+01 -8.416258e+01 1.777792e+02
      vertex   8.408849e+01 -8.376258e+01 1.774369e+02
      vertex   8.454602e+01 -8.376258e+01 1.772693e+02
    endloop
  endfacet
  facet normal -2.733509e-01 -6.998394e-01 -6.599273e-01
    outer loop
      vertex   8.433908e+01 -8.416258e+01 1.777792e+02
      vertex   8.454602e+01 -8.376258e+01 1.772693e+02
      vertex   8.483199e+01 -8.416258e+01 1.775750e+02
    endloop
  endfacet
  facet normal -3.446244e-01 -7.130597e-01 -6.105571e-01
    outer loop
      vertex   8.483199e+01 -8.416258e+01 1.775750e+02
      vertex   8.454602e+01 -8.376258e+01 1.772693e+02
      vertex   8.497036e+01 -8.376258e+01 1.770297e+02
    endloop
  endfacet
  facet normal -3.728915e-01 -7.004821e-01 -6.085036e-01
    outer loop
      vertex   8.483199e+01 -8.416258e+01 1.775750e+02
      vertex   8.497036e+01 -8.376258e+01 1.770297e+02
      vertex   8.528689e+01 -8.416258e+01 1.772962e+02
    endloop
  endfacet
  facet normal -4.393890e-01 -7.123241e-01 -5.472948e-01
    outer loop
      vertex   8.528689e+01 -8.416258e+01 1.772962e+02
      vertex   8.497036e+01 -8.376258e+01 1.770297e+02
      vertex   8.535034e+01 -8.376258e+01 1.767247e+02
    endloop
  endfacet
  facet normal -4.630296e-01 -7.012061e-01 -5.421380e-01
    outer loop
      vertex   8.528689e+01 -8.416258e+01 1.772962e+02
      vertex   8.535034e+01 -8.376258e+01 1.767247e+02
      vertex   8.569259e+01 -8.416258e+01 1.769497e+02
    endloop
  endfacet
  facet normal -5.228186e-01 -7.114963e-01 -4.695037e-01
    outer loop
      vertex   8.569259e+01 -8.416258e+01 1.769497e+02
      vertex   8.535034e+01 -8.376258e+01 1.767247e+02
      vertex   8.567591e+01 -8.376258e+01 1.763621e+02
    endloop
  endfacet
  facet normal -5.415358e-01 -7.020105e-01 -4.625152e-01
    outer loop
      vertex   8.569259e+01 -8.416258e+01 1.769497e+02
      vertex   8.567591e+01 -8.376258e+01 1.763621e+02
      vertex   8.603908e+01 -8.416258e+01 1.765440e+02
    endloop
  endfacet
  facet normal -5.927142e-01 -7.105753e-01 -3.791736e-01
    outer loop
      vertex   8.603908e+01 -8.416258e+01 1.765440e+02
      vertex   8.567591e+01 -8.376258e+01 1.763621e+02
      vertex   8.593850e+01 -8.376258e+01 1.759517e+02
    endloop
  endfacet
  facet normal -6.064780e-01 -7.028944e-01 -3.716502e-01
    outer loop
      vertex   8.603908e+01 -8.416258e+01 1.765440e+02
      vertex   8.593850e+01 -8.376258e+01 1.759517e+02
      vertex   8.631784e+01 -8.416258e+01 1.760891e+02
    endloop
  endfacet
  facet normal -6.472203e-01 -7.095600e-01 -2.786226e-01
    outer loop
      vertex   8.631784e+01 -8.416258e+01 1.760891e+02
      vertex   8.593850e+01 -8.376258e+01 1.759517e+02
      vertex   8.613117e+01 -8.376258e+01 1.755041e+02
    endloop
  endfacet
  facet normal -6.562701e-01 -7.038571e-01 -2.718360e-01
    outer loop
      vertex   8.631784e+01 -8.416258e+01 1.760891e+02
      vertex   8.613117e+01 -8.376258e+01 1.755041e+02
      vertex   8.652201e+01 -8.416258e+01 1.755962e+02
    endloop
  endfacet
  facet normal -6.848725e-01 -7.084492e-01 -1.704389e-01
    outer loop
      vertex   8.652201e+01 -8.416258e+01 1.755962e+02
      vertex   8.613117e+01 -8.376258e+01 1.755041e+02
      vertex   8.624885e+01 -8.376258e+01 1.750312e+02
    endloop
  endfacet
  facet normal -6.897110e-01 -7.048974e-01 -1.655850e-01
    outer loop
      vertex   8.652201e+01 -8.416258e+01 1.755962e+02
      vertex   8.624885e+01 -8.376258e+01 1.750312e+02
      vertex   8.664656e+01 -8.416258e+01 1.750774e+02
    endloop
  endfacet
  facet normal -7.046366e-01 -7.072417e-01 -5.741527e-02
    outer loop
      vertex   8.664656e+01 -8.416258e+01 1.750774e+02
      vertex   8.624885e+01 -8.376258e+01 1.750312e+02
      vertex   8.628842e+01 -8.376258e+01 1.745456e+02
    endloop
  endfacet
  facet normal -7.060144e-01 -7.060144e-01 -5.556454e-02
    outer loop
      vertex   8.664656e+01 -8.416258e+01 1.750774e+02
      vertex   8.628842e+01 -8.376258e+01 1.745456e+02
      vertex   8.668842e+01 -8.416258e+01 1.745456e+02
    endloop
  endfacet
  facet normal -7.060144e-01 -7.060144e-01 5.556454e-02
    outer loop
      vertex   8.668842e+01 -8.416258e+01 1.745456e+02
      vertex   8.628842e+01 -8.376258e+01 1.745456e+02
      vertex   8.664656e+01 -8.416258e+01 1.740137e+02
    endloop
  endfacet
  facet normal -7.046366e-01 -7.072417e-01 5.741527e-02
    outer loop
      vertex   8.664656e+01 -8.416258e+01 1.740137e+02
      vertex   8.628842e+01 -8.376258e+01 1.745456e+02
      vertex   8.624885e+01 -8.376258e+01 1.740599e+02
    endloop
  endfacet
  facet normal -6.897110e-01 -7.048974e-01 1.655850e-01
    outer loop
      vertex   8.664656e+01 -8.416258e+01 1.740137e+02
      vertex   8.624885e+01 -8.376258e+01 1.740599e+02
      vertex   8.652201e+01 -8.416258e+01 1.734949e+02
    endloop
  endfacet
  facet normal -6.848725e-01 -7.084492e-01 1.704389e-01
    outer loop
      vertex   8.652201e+01 -8.416258e+01 1.734949e+02
      vertex   8.624885e+01 -8.376258e+01 1.740599e+02
      vertex   8.613117e+01 -8.376258e+01 1.735870e+02
    endloop
  endfacet
  facet normal -6.562701e-01 -7.038571e-01 2.718360e-01
    outer loop
      vertex   8.652201e+01 -8.416258e+01 1.734949e+02
      vertex   8.613117e+01 -8.376258e+01 1.735870e+02
      vertex   8.631784e+01 -8.416258e+01 1.730020e+02
    endloop
  endfacet
  facet normal -6.472203e-01 -7.095600e-01 2.786226e-01
    outer loop
      vertex   8.631784e+01 -8.416258e+01 1.730020e+02
      vertex   8.613117e+01 -8.376258e+01 1.735870e+02
      vertex   8.593850e+01 -8.376258e+01 1.731395e+02
    endloop
  endfacet
  facet normal -6.064780e-01 -7.028944e-01 3.716502e-01
    outer loop
      vertex   8.631784e+01 -8.416258e+01 1.730020e+02
      vertex   8.593850e+01 -8.376258e+01 1.731395e+02
      vertex   8.603908e+01 -8.416258e+01 1.725471e+02
    endloop
  endfacet
  facet normal -5.927142e-01 -7.105753e-01 3.791736e-01
    outer loop
      vertex   8.603908e+01 -8.416258e+01 1.725471e+02
      vertex   8.593850e+01 -8.376258e+01 1.731395e+02
      vertex   8.567591e+01 -8.376258e+01 1.727290e+02
    endloop
  endfacet
  facet normal -5.415358e-01 -7.020105e-01 4.625152e-01
    outer loop
      vertex   8.603908e+01 -8.416258e+01 1.725471e+02
      vertex   8.567591e+01 -8.376258e+01 1.727290e+02
      vertex   8.569259e+01 -8.416258e+01 1.721414e+02
    endloop
  endfacet
  facet normal -5.228186e-01 -7.114963e-01 4.695037e-01
    outer loop
      vertex   8.569259e+01 -8.416258e+01 1.721414e+02
      vertex   8.567591e+01 -8.376258e+01 1.727290e+02
      vertex   8.535034e+01 -8.376258e+01 1.723665e+02
    endloop
  endfacet
  facet normal -4.630296e-01 -7.012061e-01 5.421380e-01
    outer loop
      vertex   8.569259e+01 -8.416258e+01 1.721414e+02
      vertex   8.535034e+01 -8.376258e+01 1.723665e+02
      vertex   8.528689e+01 -8.416258e+01 1.717949e+02
    endloop
  endfacet
  facet normal -4.393890e-01 -7.123241e-01 5.472948e-01
    outer loop
      vertex   8.528689e+01 -8.416258e+01 1.717949e+02
      vertex   8.535034e+01 -8.376258e+01 1.723665e+02
      vertex   8.497036e+01 -8.376258e+01 1.720614e+02
    endloop
  endfacet
  facet normal -3.728915e-01 -7.004821e-01 6.085036e-01
    outer loop
      vertex   8.528689e+01 -8.416258e+01 1.717949e+02
      vertex   8.497036e+01 -8.376258e+01 1.720614e+02
      vertex   8.483199e+01 -8.416258e+01 1.715161e+02
    endloop
  endfacet
  facet normal -3.446244e-01 -7.130597e-01 6.105571e-01
    outer loop
      vertex   8.483199e+01 -8.416258e+01 1.715161e+02
      vertex   8.497036e+01 -8.376258e+01 1.720614e+02
      vertex   8.454602e+01 -8.376258e+01 1.718219e+02
    endloop
  endfacet
  facet normal -2.733509e-01 -6.998394e-01 6.599273e-01
    outer loop
      vertex   8.483199e+01 -8.416258e+01 1.715161e+02
      vertex   8.454602e+01 -8.376258e+01 1.718219e+02
      vertex   8.433908e+01 -8.416258e+01 1.713120e+02
    endloop
  endfacet
  facet normal -2.410101e-01 -7.137038e-01 6.576785e-01
    outer loop
      vertex   8.433908e+01 -8.416258e+01 1.713120e+02
      vertex   8.454602e+01 -8.376258e+01 1.718219e+02
      vertex   8.408849e+01 -8.376258e+01 1.716542e+02
    endloop
  endfacet
  facet normal -1.668782e-01 -6.992786e-01 6.950979e-01
    outer loop
      vertex   8.433908e+01 -8.416258e+01 1.713120e+02
      vertex   8.408849e+01 -8.376258e+01 1.716542e+02
      vertex   8.382030e+01 -8.416258e+01 1.711874e+02
    endloop
  endfacet
  facet normal -1.312540e-01 -7.142572e-01 6.874657e-01
    outer loop
      vertex   8.382030e+01 -8.416258e+01 1.711874e+02
      vertex   8.408849e+01 -8.376258e+01 1.716542e+02
      vertex   8.360986e+01 -8.376258e+01 1.715628e+02
    endloop
  endfacet
  facet normal -5.612312e-02 -6.988002e-01 7.131118e-01
    outer loop
      vertex   8.382030e+01 -8.416258e+01 1.711874e+02
      vertex   8.360986e+01 -8.376258e+01 1.715628e+02
      vertex   8.328842e+01 -8.416258e+01 1.711456e+02
    endloop
  endfacet
  facet normal -1.821687e-02 -7.147206e-01 6.991728e-01
    outer loop
      vertex   8.328842e+01 -8.416258e+01 1.711456e+02
      vertex   8.360986e+01 -8.376258e+01 1.715628e+02
      vertex   8.312275e+01 -8.376258e+01 1.715501e+02
    endloop
  endfacet
  facet normal 5.380801e-01 -4.787839e-01 -6.937116e-01
    outer loop
      vertex   8.312275e+01 -8.376258e+01 1.775410e+02
      vertex   8.328842e+01 -8.416258e+01 1.779456e+02
      vertex   8.291043e+01 -8.425884e+01 1.777188e+02
    endloop
  endfacet
  facet normal 5.353869e-01 -5.015712e-01 -6.795492e-01
    outer loop
      vertex   8.291043e+01 -8.425884e+01 1.777188e+02
      vertex   8.328842e+01 -8.416258e+01 1.779456e+02
      vertex   8.297477e+01 -8.447624e+01 1.779300e+02
    endloop
  endfacet
  facet normal 5.903823e-01 -4.656111e-01 -6.592837e-01
    outer loop
      vertex   8.291043e+01 -8.425884e+01 1.777188e+02
      vertex   8.297477e+01 -8.447624e+01 1.779300e+02
      vertex   8.255872e+01 -8.461354e+01 1.776544e+02
    endloop
  endfacet
  facet normal 5.877990e-01 -4.918820e-01 -6.422963e-01
    outer loop
      vertex   8.255872e+01 -8.461354e+01 1.776544e+02
      vertex   8.297477e+01 -8.447624e+01 1.779300e+02
      vertex   8.266389e+01 -8.478711e+01 1.778835e+02
    endloop
  endfacet
  facet normal 6.204704e-01 -4.613539e-01 -6.341680e-01
    outer loop
      vertex   8.255872e+01 -8.461354e+01 1.776544e+02
      vertex   8.266389e+01 -8.478711e+01 1.778835e+02
      vertex   8.235843e+01 -8.509258e+01 1.778069e+02
    endloop
  endfacet
  facet normal 6.569258e-01 -4.639126e-01 -5.943346e-01
    outer loop
      vertex   8.255872e+01 -8.461354e+01 1.776544e+02
      vertex   8.235843e+01 -8.509258e+01 1.778069e+02
      vertex   8.216752e+01 -8.501024e+01 1.775316e+02
    endloop
  endfacet
  facet normal 6.643027e-01 -4.514571e-01 -5.957251e-01
    outer loop
      vertex   8.216752e+01 -8.501024e+01 1.775316e+02
      vertex   8.235843e+01 -8.509258e+01 1.778069e+02
      vertex   8.206101e+01 -8.538999e+01 1.777006e+02
    endloop
  endfacet
  facet normal 7.075529e-01 -4.433582e-01 -5.502749e-01
    outer loop
      vertex   8.216752e+01 -8.501024e+01 1.775316e+02
      vertex   8.206101e+01 -8.538999e+01 1.777006e+02
      vertex   8.179608e+01 -8.538912e+01 1.773593e+02
    endloop
  endfacet
  facet normal 7.061158e-01 -4.470054e-01 -5.491690e-01
    outer loop
      vertex   8.179608e+01 -8.538912e+01 1.773593e+02
      vertex   8.206101e+01 -8.538999e+01 1.777006e+02
      vertex   8.177429e+01 -8.567672e+01 1.775653e+02
    endloop
  endfacet
  facet normal 7.528924e-01 -4.200784e-01 -5.066430e-01
    outer loop
      vertex   8.179608e+01 -8.538912e+01 1.773593e+02
      vertex   8.177429e+01 -8.567672e+01 1.775653e+02
      vertex   8.145075e+01 -8.574350e+01 1.771399e+02
    endloop
  endfacet
  facet normal 7.443001e-01 -4.474181e-01 -4.958169e-01
    outer loop
      vertex   8.145075e+01 -8.574350e+01 1.771399e+02
      vertex   8.177429e+01 -8.567672e+01 1.775653e+02
      vertex   8.150088e+01 -8.595012e+01 1.774016e+02
    endloop
  endfacet
  facet normal 7.726293e-01 -4.178856e-01 -4.779285e-01
    outer loop
      vertex   8.145075e+01 -8.574350e+01 1.771399e+02
      vertex   8.150088e+01 -8.595012e+01 1.774016e+02
      vertex   8.124331e+01 -8.620770e+01 1.772105e+02
    endloop
  endfacet
  facet normal 7.974089e-01 -4.218956e-01 -4.314431e-01
    outer loop
      vertex   8.145075e+01 -8.574350e+01 1.771399e+02
      vertex   8.124331e+01 -8.620770e+01 1.772105e+02
      vertex   8.113740e+01 -8.606707e+01 1.768772e+02
    endloop
  endfacet
  facet normal 8.029019e-01 -4.133070e-01 -4.295648e-01
    outer loop
      vertex   8.113740e+01 -8.606707e+01 1.768772e+02
      vertex   8.124331e+01 -8.620770e+01 1.772105e+02
      vertex   8.100386e+01 -8.644715e+01 1.769933e+02
    endloop
  endfacet
  facet normal 8.277420e-01 -4.083647e-01 -3.848135e-01
    outer loop
      vertex   8.113740e+01 -8.606707e+01 1.768772e+02
      vertex   8.100386e+01 -8.644715e+01 1.769933e+02
      vertex   8.093204e+01 -8.628019e+01 1.766616e+02
    endloop
  endfacet
  facet normal 8.293915e-01 -4.058605e-01 -3.839101e-01
    outer loop
      vertex   8.093204e+01 -8.628019e+01 1.766616e+02
      vertex   8.100386e+01 -8.644715e+01 1.769933e+02
      vertex   8.078480e+01 -8.666620e+01 1.767516e+02
    endloop
  endfacet
  facet normal 8.500002e-01 -4.032413e-01 -3.389634e-01
    outer loop
      vertex   8.093204e+01 -8.628019e+01 1.766616e+02
      vertex   8.078480e+01 -8.666620e+01 1.767516e+02
      vertex   8.074764e+01 -8.647233e+01 1.764278e+02
    endloop
  endfacet
  facet normal 8.528649e-01 -3.990149e-01 -3.367619e-01
    outer loop
      vertex   8.074764e+01 -8.647233e+01 1.764278e+02
      vertex   8.078480e+01 -8.666620e+01 1.767516e+02
      vertex   8.058844e+01 -8.686257e+01 1.764870e+02
    endloop
  endfacet
  facet normal 8.691445e-01 -3.989165e-01 -2.923242e-01
    outer loop
      vertex   8.074764e+01 -8.647233e+01 1.764278e+02
      vertex   8.058844e+01 -8.686257e+01 1.764870e+02
      vertex   8.058585e+01 -8.664157e+01 1.761777e+02
    endloop
  endfacet
  facet normal 8.734037e-01 -3.927468e-01 -2.879513e-01
    outer loop
      vertex   8.058585e+01 -8.664157e+01 1.761777e+02
      vertex   8.058844e+01 -8.686257e+01 1.764870e+02
      vertex   8.041705e+01 -8.703396e+01 1.762009e+02
    endloop
  endfacet
  facet normal 8.852362e-01 -3.953068e-01 -2.451312e-01
    outer loop
      vertex   8.058585e+01 -8.664157e+01 1.761777e+02
      vertex   8.041705e+01 -8.703396e+01 1.762009e+02
      vertex   8.044811e+01 -8.678617e+01 1.759135e+02
    endloop
  endfacet
  facet normal 8.907025e-01 -3.874488e-01 -2.377658e-01
    outer loop
      vertex   8.044811e+01 -8.678617e+01 1.759135e+02
      vertex   8.041705e+01 -8.703396e+01 1.762009e+02
      vertex   8.027280e+01 -8.717821e+01 1.758956e+02
    endloop
  endfacet
  facet normal 8.981252e-01 -3.925773e-01 -1.981266e-01
    outer loop
      vertex   8.044811e+01 -8.678617e+01 1.759135e+02
      vertex   8.027280e+01 -8.717821e+01 1.758956e+02
      vertex   8.033531e+01 -8.690494e+01 1.756375e+02
    endloop
  endfacet
  facet normal 9.046223e-01 -3.831897e-01 -1.866123e-01
    outer loop
      vertex   8.033531e+01 -8.690494e+01 1.756375e+02
      vertex   8.027280e+01 -8.717821e+01 1.758956e+02
      vertex   8.015771e+01 -8.729330e+01 1.755740e+02
    endloop
  endfacet
  facet normal 9.080724e-01 -3.905511e-01 -1.512426e-01
    outer loop
      vertex   8.033531e+01 -8.690494e+01 1.756375e+02
      vertex   8.015771e+01 -8.729330e+01 1.755740e+02
      vertex   8.024828e+01 -8.699683e+01 1.753522e+02
    endloop
  endfacet
  facet normal 9.152285e-01 -3.799487e-01 -1.341482e-01
    outer loop
      vertex   8.024828e+01 -8.699683e+01 1.753522e+02
      vertex   8.015771e+01 -8.729330e+01 1.755740e+02
      vertex   8.007379e+01 -8.737721e+01 1.752392e+02
    endloop
  endfacet
  facet normal 9.153651e-01 -3.888668e-01 -1.043522e-01
    outer loop
      vertex   8.024828e+01 -8.699683e+01 1.753522e+02
      vertex   8.007379e+01 -8.737721e+01 1.752392e+02
      vertex   8.018778e+01 -8.706082e+01 1.750600e+02
    endloop
  endfacet
  facet normal 9.223062e-01 -3.779496e-01 -8.065530e-02
    outer loop
      vertex   8.018778e+01 -8.706082e+01 1.750600e+02
      vertex   8.007379e+01 -8.737721e+01 1.752392e+02
      vertex   8.002277e+01 -8.742824e+01 1.748948e+02
    endloop
  endfacet
  facet normal 9.201351e-01 -3.873415e-01 -5.760114e-02
    outer loop
      vertex   8.018778e+01 -8.706082e+01 1.750600e+02
      vertex   8.002277e+01 -8.742824e+01 1.748948e+02
      vertex   8.015428e+01 -8.709629e+01 1.747634e+02
    endloop
  endfacet
  facet normal 9.256528e-01 -3.774103e-01 -2.698740e-02
    outer loop
      vertex   8.015428e+01 -8.709629e+01 1.747634e+02
      vertex   8.002277e+01 -8.742824e+01 1.748948e+02
      vertex   8.000558e+01 -8.744543e+01 1.745456e+02
    endloop
  endfacet
  facet normal 9.227162e-01 -3.852816e-01 -1.236613e-02
    outer loop
      vertex   8.015428e+01 -8.709629e+01 1.747634e+02
      vertex   8.000558e+01 -8.744543e+01 1.745456e+02
      vertex   8.014757e+01 -8.710340e+01 1.744844e+02
    endloop
  endfacet
  facet normal 9.249306e-01 -3.791855e-01 2.686447e-02
    outer loop
      vertex   8.014757e+01 -8.710340e+01 1.744844e+02
      vertex   8.000558e+01 -8.744543e+01 1.745456e+02
      vertex   8.002277e+01 -8.742824e+01 1.741964e+02
    endloop
  endfacet
  facet normal 9.232147e-01 -3.829611e-01 3.186586e-02
    outer loop
      vertex   8.014757e+01 -8.710340e+01 1.744844e+02
      vertex   8.002277e+01 -8.742824e+01 1.741964e+02
      vertex   8.016473e+01 -8.708522e+01 1.742059e+02
    endloop
  endfacet
  facet normal 9.202827e-01 -3.830719e-01 7.959653e-02
    outer loop
      vertex   8.016473e+01 -8.708522e+01 1.742059e+02
      vertex   8.002277e+01 -8.742824e+01 1.741964e+02
      vertex   8.007379e+01 -8.737721e+01 1.738520e+02
    endloop
  endfacet
  facet normal 9.216893e-01 -3.802321e-01 7.689203e-02
    outer loop
      vertex   8.016473e+01 -8.708522e+01 1.742059e+02
      vertex   8.007379e+01 -8.737721e+01 1.738520e+02
      vertex   8.020566e+01 -8.704189e+01 1.739294e+02
    endloop
  endfacet
  facet normal 9.119078e-01 -3.889013e-01 1.310723e-01
    outer loop
      vertex   8.020566e+01 -8.704189e+01 1.739294e+02
      vertex   8.007379e+01 -8.737721e+01 1.738520e+02
      vertex   8.015771e+01 -8.729330e+01 1.735171e+02
    endloop
  endfacet
  facet normal 9.179464e-01 -3.770979e-01 1.231727e-01
    outer loop
      vertex   8.020566e+01 -8.704189e+01 1.739294e+02
      vertex   8.015771e+01 -8.729330e+01 1.735171e+02
      vertex   8.026993e+01 -8.697395e+01 1.736585e+02
    endloop
  endfacet
  facet normal 9.060375e-01 -3.905447e-01 1.630060e-01
    outer loop
      vertex   8.026993e+01 -8.697395e+01 1.736585e+02
      vertex   8.015771e+01 -8.729330e+01 1.735171e+02
      vertex   8.035730e+01 -8.688176e+01 1.733938e+02
    endloop
  endfacet
  facet normal 9.069908e-01 -3.877881e-01 1.642804e-01
    outer loop
      vertex   8.026993e+01 -8.697395e+01 1.736585e+02
      vertex   8.035730e+01 -8.688176e+01 1.733938e+02
      vertex   8.039229e+01 -8.664347e+01 1.737631e+02
    endloop
  endfacet
  facet normal 9.137228e-01 -3.753566e-01 1.556213e-01
    outer loop
      vertex   8.039229e+01 -8.664347e+01 1.737631e+02
      vertex   8.035730e+01 -8.688176e+01 1.733938e+02
      vertex   8.047435e+01 -8.655032e+01 1.735059e+02
    endloop
  endfacet
  facet normal 8.975511e-01 -3.879117e-01 2.095867e-01
    outer loop
      vertex   8.047435e+01 -8.655032e+01 1.735059e+02
      vertex   8.035730e+01 -8.688176e+01 1.733938e+02
      vertex   8.046702e+01 -8.676629e+01 1.731376e+02
    endloop
  endfacet
  facet normal 9.039297e-01 -3.765440e-01 2.027946e-01
    outer loop
      vertex   8.047435e+01 -8.655032e+01 1.735059e+02
      vertex   8.046702e+01 -8.676629e+01 1.731376e+02
      vertex   8.058081e+01 -8.643057e+01 1.732537e+02
    endloop
  endfacet
  facet normal 8.853012e-01 -3.884889e-01 2.555741e-01
    outer loop
      vertex   8.058081e+01 -8.643057e+01 1.732537e+02
      vertex   8.046702e+01 -8.676629e+01 1.731376e+02
      vertex   8.059843e+01 -8.662839e+01 1.728920e+02
    endloop
  endfacet
  facet normal 8.906416e-01 -3.792844e-01 2.508006e-01
    outer loop
      vertex   8.058081e+01 -8.643057e+01 1.732537e+02
      vertex   8.059843e+01 -8.662839e+01 1.728920e+02
      vertex   8.071204e+01 -8.628443e+01 1.730087e+02
    endloop
  endfacet
  facet normal 8.699026e-01 -3.898538e-01 3.021315e-01
    outer loop
      vertex   8.071204e+01 -8.628443e+01 1.730087e+02
      vertex   8.059843e+01 -8.662839e+01 1.728920e+02
      vertex   8.075078e+01 -8.646905e+01 1.726590e+02
    endloop
  endfacet
  facet normal 8.736929e-01 -3.835639e-01 2.992313e-01
    outer loop
      vertex   8.071204e+01 -8.628443e+01 1.730087e+02
      vertex   8.075078e+01 -8.646905e+01 1.726590e+02
      vertex   8.086785e+01 -8.611276e+01 1.727739e+02
    endloop
  endfacet
  facet normal 8.514517e-01 -3.920760e-01 3.482908e-01
    outer loop
      vertex   8.086785e+01 -8.611276e+01 1.727739e+02
      vertex   8.075078e+01 -8.646905e+01 1.726590e+02
      vertex   8.092286e+01 -8.628974e+01 1.724401e+02
    endloop
  endfacet
  facet normal 8.534481e-01 -3.889165e-01 3.469442e-01
    outer loop
      vertex   8.086785e+01 -8.611276e+01 1.727739e+02
      vertex   8.092286e+01 -8.628974e+01 1.724401e+02
      vertex   8.104711e+01 -8.591732e+01 1.725520e+02
    endloop
  endfacet
  facet normal 8.298959e-01 -3.951483e-01 3.938662e-01
    outer loop
      vertex   8.104711e+01 -8.591732e+01 1.725520e+02
      vertex   8.092286e+01 -8.628974e+01 1.724401e+02
      vertex   8.111332e+01 -8.609201e+01 1.722372e+02
    endloop
  endfacet
  facet normal 8.296284e-01 -3.955459e-01 3.940306e-01
    outer loop
      vertex   8.104711e+01 -8.591732e+01 1.725520e+02
      vertex   8.111332e+01 -8.609201e+01 1.722372e+02
      vertex   8.124860e+01 -8.569994e+01 1.723460e+02
    endloop
  endfacet
  facet normal 8.050241e-01 -3.994271e-01 4.386276e-01
    outer loop
      vertex   8.124860e+01 -8.569994e+01 1.723460e+02
      vertex   8.111332e+01 -8.609201e+01 1.722372e+02
      vertex   8.132082e+01 -8.587743e+01 1.720518e+02
    endloop
  endfacet
  facet normal 8.018194e-01 -4.038070e-01 4.404834e-01
    outer loop
      vertex   8.124860e+01 -8.569994e+01 1.723460e+02
      vertex   8.132082e+01 -8.587743e+01 1.720518e+02
      vertex   8.147110e+01 -8.546244e+01 1.721587e+02
    endloop
  endfacet
  facet normal 7.766803e-01 -4.054188e-01 4.820822e-01
    outer loop
      vertex   8.147110e+01 -8.546244e+01 1.721587e+02
      vertex   8.132082e+01 -8.587743e+01 1.720518e+02
      vertex   8.154403e+01 -8.564755e+01 1.718855e+02
    endloop
  endfacet
  facet normal 7.697879e-01 -4.138518e-01 4.859561e-01
    outer loop
      vertex   8.147110e+01 -8.546244e+01 1.721587e+02
      vertex   8.154403e+01 -8.564755e+01 1.718855e+02
      vertex   8.171299e+01 -8.520703e+01 1.719930e+02
    endloop
  endfacet
  facet normal 7.449667e-01 -4.134934e-01 5.234958e-01
    outer loop
      vertex   8.171299e+01 -8.520703e+01 1.719930e+02
      vertex   8.154403e+01 -8.564755e+01 1.718855e+02
      vertex   8.178183e+01 -8.540369e+01 1.717397e+02
    endloop
  endfacet
  facet normal 7.179663e-01 -4.416533e-01 5.380211e-01
    outer loop
      vertex   8.171299e+01 -8.520703e+01 1.719930e+02
      vertex   8.178183e+01 -8.540369e+01 1.717397e+02
      vertex   8.203097e+01 -8.514927e+01 1.716161e+02
    endloop
  endfacet
  facet normal 7.134290e-01 -4.296739e-01 5.535335e-01
    outer loop
      vertex   8.203097e+01 -8.514927e+01 1.716161e+02
      vertex   8.178183e+01 -8.540369e+01 1.717397e+02
      vertex   8.206101e+01 -8.538999e+01 1.713905e+02
    endloop
  endfacet
  facet normal 6.695626e-01 -4.616773e-01 5.818419e-01
    outer loop
      vertex   8.203097e+01 -8.514927e+01 1.716161e+02
      vertex   8.206101e+01 -8.538999e+01 1.713905e+02
      vertex   8.235843e+01 -8.509258e+01 1.712842e+02
    endloop
  endfacet
  facet normal 9.047534e-01 -3.827868e-01 1.868034e-01
    outer loop
      vertex   8.015771e+01 -8.729330e+01 1.735171e+02
      vertex   8.027280e+01 -8.717821e+01 1.731956e+02
      vertex   8.035730e+01 -8.688176e+01 1.733938e+02
    endloop
  endfacet
  facet normal 8.959051e-01 -3.933774e-01 2.064177e-01
    outer loop
      vertex   8.035730e+01 -8.688176e+01 1.733938e+02
      vertex   8.027280e+01 -8.717821e+01 1.731956e+02
      vertex   8.046702e+01 -8.676629e+01 1.731376e+02
    endloop
  endfacet
  facet normal 8.909476e-01 -3.865529e-01 2.383049e-01
    outer loop
      vertex   8.027280e+01 -8.717821e+01 1.731956e+02
      vertex   8.041705e+01 -8.703396e+01 1.728903e+02
      vertex   8.046702e+01 -8.676629e+01 1.731376e+02
    endloop
  endfacet
  facet normal 8.834131e-01 -3.961800e-01 2.502452e-01
    outer loop
      vertex   8.046702e+01 -8.676629e+01 1.731376e+02
      vertex   8.041705e+01 -8.703396e+01 1.728903e+02
      vertex   8.059843e+01 -8.662839e+01 1.728920e+02
    endloop
  endfacet
  facet normal 8.735720e-01 -3.919454e-01 2.885323e-01
    outer loop
      vertex   8.041705e+01 -8.703396e+01 1.728903e+02
      vertex   8.058844e+01 -8.686257e+01 1.726042e+02
      vertex   8.059843e+01 -8.662839e+01 1.728920e+02
    endloop
  endfacet
  facet normal 8.682260e-01 -3.992174e-01 2.946339e-01
    outer loop
      vertex   8.059843e+01 -8.662839e+01 1.728920e+02
      vertex   8.058844e+01 -8.686257e+01 1.726042e+02
      vertex   8.075078e+01 -8.646905e+01 1.726590e+02
    endloop
  endfacet
  facet normal 8.528957e-01 -3.987866e-01 3.369541e-01
    outer loop
      vertex   8.058844e+01 -8.686257e+01 1.726042e+02
      vertex   8.078480e+01 -8.666620e+01 1.723395e+02
      vertex   8.075078e+01 -8.646905e+01 1.726590e+02
    endloop
  endfacet
  facet normal 8.503813e-01 -4.024503e-01 3.389474e-01
    outer loop
      vertex   8.075078e+01 -8.646905e+01 1.726590e+02
      vertex   8.078480e+01 -8.666620e+01 1.723395e+02
      vertex   8.092286e+01 -8.628974e+01 1.724401e+02
    endloop
  endfacet
  facet normal 8.293559e-01 -4.065767e-01 3.832286e-01
    outer loop
      vertex   8.078480e+01 -8.666620e+01 1.723395e+02
      vertex   8.100386e+01 -8.644715e+01 1.720979e+02
      vertex   8.092286e+01 -8.628974e+01 1.724401e+02
    endloop
  endfacet
  facet normal 8.296944e-01 -4.060420e-01 3.830628e-01
    outer loop
      vertex   8.092286e+01 -8.628974e+01 1.724401e+02
      vertex   8.100386e+01 -8.644715e+01 1.720979e+02
      vertex   8.111332e+01 -8.609201e+01 1.722372e+02
    endloop
  endfacet
  facet normal 8.029908e-01 -4.152545e-01 4.275155e-01
    outer loop
      vertex   8.100386e+01 -8.644715e+01 1.720979e+02
      vertex   8.124331e+01 -8.620770e+01 1.718807e+02
      vertex   8.111332e+01 -8.609201e+01 1.722372e+02
    endloop
  endfacet
  facet normal 8.058335e-01 -4.103044e-01 4.269458e-01
    outer loop
      vertex   8.111332e+01 -8.609201e+01 1.722372e+02
      vertex   8.124331e+01 -8.620770e+01 1.718807e+02
      vertex   8.132082e+01 -8.587743e+01 1.720518e+02
    endloop
  endfacet
  facet normal 7.737208e-01 -4.249858e-01 4.698332e-01
    outer loop
      vertex   8.124331e+01 -8.620770e+01 1.718807e+02
      vertex   8.150088e+01 -8.595012e+01 1.716895e+02
      vertex   8.132082e+01 -8.587743e+01 1.720518e+02
    endloop
  endfacet
  facet normal 7.784720e-01 -4.156641e-01 4.703241e-01
    outer loop
      vertex   8.132082e+01 -8.587743e+01 1.720518e+02
      vertex   8.150088e+01 -8.595012e+01 1.716895e+02
      vertex   8.154403e+01 -8.564755e+01 1.718855e+02
    endloop
  endfacet
  facet normal 7.414476e-01 -4.360784e-01 5.099912e-01
    outer loop
      vertex   8.150088e+01 -8.595012e+01 1.716895e+02
      vertex   8.177429e+01 -8.567672e+01 1.715258e+02
      vertex   8.154403e+01 -8.564755e+01 1.718855e+02
    endloop
  endfacet
  facet normal 7.474689e-01 -4.223679e-01 5.127335e-01
    outer loop
      vertex   8.154403e+01 -8.564755e+01 1.718855e+02
      vertex   8.177429e+01 -8.567672e+01 1.715258e+02
      vertex   8.178183e+01 -8.540369e+01 1.717397e+02
    endloop
  endfacet
  facet normal 7.066405e-01 -4.483779e-01 5.473723e-01
    outer loop
      vertex   8.177429e+01 -8.567672e+01 1.715258e+02
      vertex   8.206101e+01 -8.538999e+01 1.713905e+02
      vertex   8.178183e+01 -8.540369e+01 1.717397e+02
    endloop
  endfacet
  facet normal 6.762715e-01 -4.376258e-01 5.925710e-01
    outer loop
      vertex   8.203097e+01 -8.514927e+01 1.716161e+02
      vertex   8.235843e+01 -8.509258e+01 1.712842e+02
      vertex   8.229074e+01 -8.488504e+01 1.715148e+02
    endloop
  endfacet
  facet normal 6.299997e-01 -4.760496e-01 6.135773e-01
    outer loop
      vertex   8.229074e+01 -8.488504e+01 1.715148e+02
      vertex   8.235843e+01 -8.509258e+01 1.712842e+02
      vertex   8.266389e+01 -8.478711e+01 1.712076e+02
    endloop
  endfacet
  facet normal 6.356090e-01 -4.464507e-01 6.298277e-01
    outer loop
      vertex   8.229074e+01 -8.488504e+01 1.715148e+02
      vertex   8.266389e+01 -8.478711e+01 1.712076e+02
      vertex   8.255872e+01 -8.461354e+01 1.714368e+02
    endloop
  endfacet
  facet normal 5.877990e-01 -4.918820e-01 6.422963e-01
    outer loop
      vertex   8.255872e+01 -8.461354e+01 1.714368e+02
      vertex   8.266389e+01 -8.478711e+01 1.712076e+02
      vertex   8.297477e+01 -8.447624e+01 1.711612e+02
    endloop
  endfacet
  facet normal 5.903823e-01 -4.656111e-01 6.592837e-01
    outer loop
      vertex   8.255872e+01 -8.461354e+01 1.714368e+02
      vertex   8.297477e+01 -8.447624e+01 1.711612e+02
      vertex   8.291043e+01 -8.425884e+01 1.713723e+02
    endloop
  endfacet
  facet normal 5.353869e-01 -5.015712e-01 6.795492e-01
    outer loop
      vertex   8.291043e+01 -8.425884e+01 1.713723e+02
      vertex   8.297477e+01 -8.447624e+01 1.711612e+02
      vertex   8.328842e+01 -8.416258e+01 1.711456e+02
    endloop
  endfacet
  facet normal 5.380801e-01 -4.787839e-01 6.937116e-01
    outer loop
      vertex   8.291043e+01 -8.425884e+01 1.713723e+02
      vertex   8.328842e+01 -8.416258e+01 1.711456e+02
      vertex   8.312275e+01 -8.376258e+01 1.715501e+02
    endloop
  endfacet
  facet normal 5.556418e-01 -4.807808e-01 6.783156e-01
    outer loop
      vertex   8.312275e+01 -8.376258e+01 1.715501e+02
      vertex   8.282292e+01 -8.406410e+01 1.715820e+02
      vertex   8.291043e+01 -8.425884e+01 1.713723e+02
    endloop
  endfacet
  facet normal 5.960775e-01 -4.489840e-01 6.656613e-01
    outer loop
      vertex   8.291043e+01 -8.425884e+01 1.713723e+02
      vertex   8.282292e+01 -8.406410e+01 1.715820e+02
      vertex   8.252937e+01 -8.436222e+01 1.716438e+02
    endloop
  endfacet
  facet normal 5.932778e-01 -4.694536e-01 6.539378e-01
    outer loop
      vertex   8.291043e+01 -8.425884e+01 1.713723e+02
      vertex   8.252937e+01 -8.436222e+01 1.716438e+02
      vertex   8.255872e+01 -8.461354e+01 1.714368e+02
    endloop
  endfacet
  facet normal 6.470608e-01 -4.383612e-01 6.238203e-01
    outer loop
      vertex   8.255872e+01 -8.461354e+01 1.714368e+02
      vertex   8.252937e+01 -8.436222e+01 1.716438e+02
      vertex   8.224477e+01 -8.465402e+01 1.717340e+02
    endloop
  endfacet
  facet normal 6.419374e-01 -4.566944e-01 6.159112e-01
    outer loop
      vertex   8.255872e+01 -8.461354e+01 1.714368e+02
      vertex   8.224477e+01 -8.465402e+01 1.717340e+02
      vertex   8.229074e+01 -8.488504e+01 1.715148e+02
    endloop
  endfacet
  facet normal 6.890738e-01 -4.219517e-01 5.891809e-01
    outer loop
      vertex   8.229074e+01 -8.488504e+01 1.715148e+02
      vertex   8.224477e+01 -8.465402e+01 1.717340e+02
      vertex   8.197176e+01 -8.493659e+01 1.718509e+02
    endloop
  endfacet
  facet normal 6.816706e-01 -4.484884e-01 5.780859e-01
    outer loop
      vertex   8.229074e+01 -8.488504e+01 1.715148e+02
      vertex   8.197176e+01 -8.493659e+01 1.718509e+02
      vertex   8.203097e+01 -8.514927e+01 1.716161e+02
    endloop
  endfacet
  facet normal 7.280459e-01 -4.066555e-01 5.518881e-01
    outer loop
      vertex   8.203097e+01 -8.514927e+01 1.716161e+02
      vertex   8.197176e+01 -8.493659e+01 1.718509e+02
      vertex   8.171299e+01 -8.520703e+01 1.719930e+02
    endloop
  endfacet
  facet normal 9.203554e-01 -3.754229e-01 1.095608e-01
    outer loop
      vertex   8.039229e+01 -8.664347e+01 1.737631e+02
      vertex   8.033429e+01 -8.670981e+01 1.740230e+02
      vertex   8.026993e+01 -8.697395e+01 1.736585e+02
    endloop
  endfacet
  facet normal 9.139983e-01 -3.876959e-01 1.195784e-01
    outer loop
      vertex   8.026993e+01 -8.697395e+01 1.736585e+02
      vertex   8.033429e+01 -8.670981e+01 1.740230e+02
      vertex   8.020566e+01 -8.704189e+01 1.739294e+02
    endloop
  endfacet
  facet normal 9.222012e-01 -3.789320e-01 7.717164e-02
    outer loop
      vertex   8.020566e+01 -8.704189e+01 1.739294e+02
      vertex   8.033429e+01 -8.670981e+01 1.740230e+02
      vertex   8.016473e+01 -8.708522e+01 1.742059e+02
    endloop
  endfacet
  facet normal 9.207103e-01 -3.851100e-01 6.311005e-02
    outer loop
      vertex   8.016473e+01 -8.708522e+01 1.742059e+02
      vertex   8.033429e+01 -8.670981e+01 1.740230e+02
      vertex   8.029983e+01 -8.674942e+01 1.742840e+02
    endloop
  endfacet
  facet normal 9.246351e-01 -3.794922e-01 3.217967e-02
    outer loop
      vertex   8.016473e+01 -8.708522e+01 1.742059e+02
      vertex   8.029983e+01 -8.674942e+01 1.742840e+02
      vertex   8.014757e+01 -8.710340e+01 1.744844e+02
    endloop
  endfacet
  facet normal 9.226598e-01 -3.850503e-01 2.086100e-02
    outer loop
      vertex   8.014757e+01 -8.710340e+01 1.744844e+02
      vertex   8.029983e+01 -8.674942e+01 1.742840e+02
      vertex   8.028842e+01 -8.676258e+01 1.745456e+02
    endloop
  endfacet
  facet normal 9.249084e-01 -3.799828e-01 -1.255384e-02
    outer loop
      vertex   8.014757e+01 -8.710340e+01 1.744844e+02
      vertex   8.028842e+01 -8.676258e+01 1.745456e+02
      vertex   8.015428e+01 -8.709629e+01 1.747634e+02
    endloop
  endfacet
  facet normal 9.228480e-01 -3.845973e-01 -2.089201e-02
    outer loop
      vertex   8.015428e+01 -8.709629e+01 1.747634e+02
      vertex   8.028842e+01 -8.676258e+01 1.745456e+02
      vertex   8.029983e+01 -8.674942e+01 1.748071e+02
    endloop
  endfacet
  facet normal 9.231401e-01 -3.799367e-01 -5.882615e-02
    outer loop
      vertex   8.015428e+01 -8.709629e+01 1.747634e+02
      vertex   8.029983e+01 -8.674942e+01 1.748071e+02
      vertex   8.018778e+01 -8.706082e+01 1.750600e+02
    endloop
  endfacet
  facet normal 9.214996e-01 -3.831512e-01 -6.351150e-02
    outer loop
      vertex   8.018778e+01 -8.706082e+01 1.750600e+02
      vertex   8.029983e+01 -8.674942e+01 1.748071e+02
      vertex   8.033429e+01 -8.670981e+01 1.750682e+02
    endloop
  endfacet
  facet normal 9.184469e-01 -3.808694e-01 -1.067414e-01
    outer loop
      vertex   8.018778e+01 -8.706082e+01 1.750600e+02
      vertex   8.033429e+01 -8.670981e+01 1.750682e+02
      vertex   8.024828e+01 -8.699683e+01 1.753522e+02
    endloop
  endfacet
  facet normal 9.180908e-01 -3.815140e-01 -1.075006e-01
    outer loop
      vertex   8.024828e+01 -8.699683e+01 1.753522e+02
      vertex   8.033429e+01 -8.670981e+01 1.750682e+02
      vertex   8.039229e+01 -8.664347e+01 1.753281e+02
    endloop
  endfacet
  facet normal 9.111160e-01 -3.819122e-01 -1.549538e-01
    outer loop
      vertex   8.024828e+01 -8.699683e+01 1.753522e+02
      vertex   8.039229e+01 -8.664347e+01 1.753281e+02
      vertex   8.033531e+01 -8.690494e+01 1.756375e+02
    endloop
  endfacet
  facet normal 9.120969e-01 -3.802179e-01 -1.533414e-01
    outer loop
      vertex   8.033531e+01 -8.690494e+01 1.756375e+02
      vertex   8.039229e+01 -8.664347e+01 1.753281e+02
      vertex   8.047435e+01 -8.655032e+01 1.755852e+02
    endloop
  endfacet
  facet normal 9.009947e-01 -3.832358e-01 -2.033198e-01
    outer loop
      vertex   8.033531e+01 -8.690494e+01 1.756375e+02
      vertex   8.047435e+01 -8.655032e+01 1.755852e+02
      vertex   8.044811e+01 -8.678617e+01 1.759135e+02
    endloop
  endfacet
  facet normal 9.029644e-01 -3.799233e-01 -2.007825e-01
    outer loop
      vertex   8.044811e+01 -8.678617e+01 1.759135e+02
      vertex   8.047435e+01 -8.655032e+01 1.755852e+02
      vertex   8.058081e+01 -8.643057e+01 1.758374e+02
    endloop
  endfacet
  facet normal 8.877645e-01 -3.852029e-01 -2.519780e-01
    outer loop
      vertex   8.044811e+01 -8.678617e+01 1.759135e+02
      vertex   8.058081e+01 -8.643057e+01 1.758374e+02
      vertex   8.058585e+01 -8.664157e+01 1.761777e+02
    endloop
  endfacet
  facet normal 8.902275e-01 -3.811208e-01 -2.494834e-01
    outer loop
      vertex   8.058585e+01 -8.664157e+01 1.761777e+02
      vertex   8.058081e+01 -8.643057e+01 1.758374e+02
      vertex   8.071204e+01 -8.628443e+01 1.760824e+02
    endloop
  endfacet
  facet normal 8.711095e-01 -3.880916e-01 -3.009206e-01
    outer loop
      vertex   8.058585e+01 -8.664157e+01 1.761777e+02
      vertex   8.071204e+01 -8.628443e+01 1.760824e+02
      vertex   8.074764e+01 -8.647233e+01 1.764278e+02
    endloop
  endfacet
  facet normal 8.736355e-01 -3.839368e-01 -2.989207e-01
    outer loop
      vertex   8.074764e+01 -8.647233e+01 1.764278e+02
      vertex   8.071204e+01 -8.628443e+01 1.760824e+02
      vertex   8.086785e+01 -8.611276e+01 1.763173e+02
    endloop
  endfacet
  facet normal 8.511628e-01 -3.918809e-01 -3.492153e-01
    outer loop
      vertex   8.074764e+01 -8.647233e+01 1.764278e+02
      vertex   8.086785e+01 -8.611276e+01 1.763173e+02
      vertex   8.093204e+01 -8.628019e+01 1.766616e+02
    endloop
  endfacet
  facet normal 8.535128e-01 -3.880274e-01 -3.477796e-01
    outer loop
      vertex   8.093204e+01 -8.628019e+01 1.766616e+02
      vertex   8.086785e+01 -8.611276e+01 1.763173e+02
      vertex   8.104711e+01 -8.591732e+01 1.765392e+02
    endloop
  endfacet
  facet normal 8.279013e-01 -3.964351e-01 -3.967602e-01
    outer loop
      vertex   8.093204e+01 -8.628019e+01 1.766616e+02
      vertex   8.104711e+01 -8.591732e+01 1.765392e+02
      vertex   8.113740e+01 -8.606707e+01 1.768772e+02
    endloop
  endfacet
  facet normal 8.295940e-01 -3.936627e-01 -3.959842e-01
    outer loop
      vertex   8.113740e+01 -8.606707e+01 1.768772e+02
      vertex   8.104711e+01 -8.591732e+01 1.765392e+02
      vertex   8.124860e+01 -8.569994e+01 1.767452e+02
    endloop
  endfacet
  facet normal 7.955824e-01 -4.034817e-01 -4.519416e-01
    outer loop
      vertex   8.113740e+01 -8.606707e+01 1.768772e+02
      vertex   8.124860e+01 -8.569994e+01 1.767452e+02
      vertex   8.145075e+01 -8.574350e+01 1.771399e+02
    endloop
  endfacet
  facet normal 8.003823e-01 -3.924467e-01 -4.531817e-01
    outer loop
      vertex   8.145075e+01 -8.574350e+01 1.771399e+02
      vertex   8.124860e+01 -8.569994e+01 1.767452e+02
      vertex   8.147110e+01 -8.546244e+01 1.769325e+02
    endloop
  endfacet
  facet normal 7.698567e-01 -4.141560e-01 -4.855877e-01
    outer loop
      vertex   8.145075e+01 -8.574350e+01 1.771399e+02
      vertex   8.147110e+01 -8.546244e+01 1.769325e+02
      vertex   8.171299e+01 -8.520703e+01 1.770981e+02
    endloop
  endfacet
  facet normal 7.493963e-01 -4.070101e-01 -5.222528e-01
    outer loop
      vertex   8.145075e+01 -8.574350e+01 1.771399e+02
      vertex   8.171299e+01 -8.520703e+01 1.770981e+02
      vertex   8.179608e+01 -8.538912e+01 1.773593e+02
    endloop
  endfacet
  facet normal 7.344031e-01 -4.244327e-01 -5.296310e-01
    outer loop
      vertex   8.179608e+01 -8.538912e+01 1.773593e+02
      vertex   8.171299e+01 -8.520703e+01 1.770981e+02
      vertex   8.197176e+01 -8.493659e+01 1.772402e+02
    endloop
  endfacet
  facet normal 6.990181e-01 -4.230374e-01 -5.765527e-01
    outer loop
      vertex   8.179608e+01 -8.538912e+01 1.773593e+02
      vertex   8.197176e+01 -8.493659e+01 1.772402e+02
      vertex   8.216752e+01 -8.501024e+01 1.775316e+02
    endloop
  endfacet
  facet normal 6.940655e-01 -4.323975e-01 -5.755914e-01
    outer loop
      vertex   8.216752e+01 -8.501024e+01 1.775316e+02
      vertex   8.197176e+01 -8.493659e+01 1.772402e+02
      vertex   8.224477e+01 -8.465402e+01 1.773572e+02
    endloop
  endfacet
  facet normal 6.454512e-01 -4.442482e-01 -6.213182e-01
    outer loop
      vertex   8.216752e+01 -8.501024e+01 1.775316e+02
      vertex   8.224477e+01 -8.465402e+01 1.773572e+02
      vertex   8.255872e+01 -8.461354e+01 1.776544e+02
    endloop
  endfacet
  facet normal 6.470608e-01 -4.383612e-01 -6.238203e-01
    outer loop
      vertex   8.255872e+01 -8.461354e+01 1.776544e+02
      vertex   8.224477e+01 -8.465402e+01 1.773572e+02
      vertex   8.252937e+01 -8.436222e+01 1.774473e+02
    endloop
  endfacet
  facet normal 5.932778e-01 -4.694536e-01 -6.539378e-01
    outer loop
      vertex   8.255872e+01 -8.461354e+01 1.776544e+02
      vertex   8.252937e+01 -8.436222e+01 1.774473e+02
      vertex   8.291043e+01 -8.425884e+01 1.777188e+02
    endloop
  endfacet
  facet normal 5.960775e-01 -4.489840e-01 -6.656613e-01
    outer loop
      vertex   8.291043e+01 -8.425884e+01 1.777188e+02
      vertex   8.252937e+01 -8.436222e+01 1.774473e+02
      vertex   8.282292e+01 -8.406410e+01 1.775091e+02
    endloop
  endfacet
  facet normal 5.556418e-01 -4.807808e-01 -6.783156e-01
    outer loop
      vertex   8.291043e+01 -8.425884e+01 1.777188e+02
      vertex   8.282292e+01 -8.406410e+01 1.775091e+02
      vertex   8.312275e+01 -8.376258e+01 1.775410e+02
    endloop
  endfacet
  facet normal 0.000000e+00 -1.000000e+00 0.000000e+00
    outer loop
      vertex   8.328842e+01 -8.416258e+01 1.779456e+02
      vertex   8.382030e+01 -8.416258e+01 1.779037e+02
      vertex   8.328842e+01 -8.416258e+01 1.783956e+02
    endloop
  endfacet
  facet normal 0.000000e+00 -1.000000e+00 0.000000e+00
    outer loop
      vertex   8.328842e+01 -8.416258e+01 1.783956e+02
      vertex   8.382030e+01 -8.416258e+01 1.779037e+02
      vertex   8.433908e+01 -8.416258e+01 1.777792e+02
    endloop
  endfacet
  facet normal 0.000000e+00 -1.000000e+00 0.000000e+00
    outer loop
      vertex   8.328842e+01 -8.416258e+01 1.783956e+02
      vertex   8.433908e+01 -8.416258e+01 1.777792e+02
      vertex   8.728842e+01 -8.416258e+01 1.783956e+02
    endloop
  endfacet
  facet normal 0.000000e+00 -1.000000e+00 0.000000e+00
    outer loop
      vertex   8.728842e+01 -8.416258e+01 1.783956e+02
      vertex   8.433908e+01 -8.416258e+01 1.777792e+02
      vertex   8.483199e+01 -8.416258e+01 1.775750e+02
    endloop
  endfacet
  facet normal 0.000000e+00 -1.000000e+00 0.000000e+00
    outer loop
      vertex   8.728842e+01 -8.416258e+01 1.783956e+02
      vertex   8.483199e+01 -8.416258e+01 1.775750e+02
      vertex   8.528689e+01 -8.416258e+01 1.772962e+02
    endloop
  endfacet
  facet normal 0.000000e+00 -1.000000e+00 0.000000e+00
    outer loop
      vertex   8.528689e+01 -8.416258e+01 1.772962e+02
      vertex   8.569259e+01 -8.416258e+01 1.769497e+02
      vertex   8.728842e+01 -8.416258e+01 1.783956e+02
    endloop
  endfacet
  facet normal 0.000000e+00 -1.000000e+00 0.000000e+00
    outer loop
      vertex   8.728842e+01 -8.416258e+01 1.783956e+02
      vertex   8.569259e+01 -8.416258e+01 1.769497e+02
      vertex   8.603908e+01 -8.416258e+01 1.765440e+02
    endloop
  endfacet
  facet normal 0.000000e+00 -1.000000e+00 0.000000e+00
    outer loop
      vertex   8.728842e+01 -8.416258e+01 1.783956e+02
      vertex   8.603908e+01 -8.416258e+01 1.765440e+02
      vertex   8.631784e+01 -8.416258e+01 1.760891e+02
    endloop
  endfacet
  facet normal 0.000000e+00 -1.000000e+00 0.000000e+00
    outer loop
      vertex   8.631784e+01 -8.416258e+01 1.760891e+02
      vertex   8.652201e+01 -8.416258e+01 1.755962e+02
      vertex   8.728842e+01 -8.416258e+01 1.783956e+02
    endloop
  endfacet
  facet normal 0.000000e+00 -1.000000e+00 0.000000e+00
    outer loop
      vertex   8.728842e+01 -8.416258e+01 1.783956e+02
      vertex   8.652201e+01 -8.416258e+01 1.755962e+02
      vertex   8.664656e+01 -8.416258e+01 1.750774e+02
    endloop
  endfacet
  facet normal 0.000000e+00 -1.000000e+00 0.000000e+00
    outer loop
      vertex   8.728842e+01 -8.416258e+01 1.783956e+02
      vertex   8.664656e+01 -8.416258e+01 1.750774e+02
      vertex   8.668842e+01 -8.416258e+01 1.745456e+02
    endloop
  endfacet
  facet normal 0.000000e+00 -1.000000e+00 -0.000000e+00
    outer loop
      vertex   8.728842e+01 -8.416258e+01 1.783956e+02
      vertex   8.668842e+01 -8.416258e+01 1.745456e+02
      vertex   8.728842e+01 -8.416258e+01 1.706956e+02
    endloop
  endfacet
  facet normal 0.000000e+00 -1.000000e+00 0.000000e+00
    outer loop
      vertex   8.728842e+01 -8.416258e+01 1.706956e+02
      vertex   8.668842e+01 -8.416258e+01 1.745456e+02
      vertex   8.664656e+01 -8.416258e+01 1.740137e+02
    endloop
  endfacet
  facet normal 0.000000e+00 -1.000000e+00 0.000000e+00
    outer loop
      vertex   8.728842e+01 -8.416258e+01 1.706956e+02
      vertex   8.664656e+01 -8.416258e+01 1.740137e+02
      vertex   8.652201e+01 -8.416258e+01 1.734949e+02
    endloop
  endfacet
  facet normal 0.000000e+00 -1.000000e+00 -0.000000e+00
    outer loop
      vertex   8.652201e+01 -8.416258e+01 1.734949e+02
      vertex   8.631784e+01 -8.416258e+01 1.730020e+02
      vertex   8.728842e+01 -8.416258e+01 1.706956e+02
    endloop
  endfacet
  facet normal 0.000000e+00 -1.000000e+00 0.000000e+00
    outer loop
      vertex   8.728842e+01 -8.416258e+01 1.706956e+02
      vertex   8.631784e+01 -8.416258e+01 1.730020e+02
      vertex   8.603908e+01 -8.416258e+01 1.725471e+02
    endloop
  endfacet
  facet normal 0.000000e+00 -1.000000e+00 0.000000e+00
    outer loop
      vertex   8.728842e+01 -8.416258e+01 1.706956e+02
      vertex   8.603908e+01 -8.416258e+01 1.725471e+02
      vertex   8.569259e+01 -8.416258e+01 1.721414e+02
    endloop
  endfacet
  facet normal 0.000000e+00 -1.000000e+00 -0.000000e+00
    outer loop
      vertex   8.569259e+01 -8.416258e+01 1.721414e+02
      vertex   8.528689e+01 -8.416258e+01 1.717949e+02
      vertex   8.728842e+01 -8.416258e+01 1.706956e+02
    endloop
  endfacet
  facet normal 0.000000e+00 -1.000000e+00 0.000000e+00
    outer loop
      vertex   8.728842e+01 -8.416258e+01 1.706956e+02
      vertex   8.528689e+01 -8.416258e+01 1.717949e+02
      vertex   8.483199e+01 -8.416258e+01 1.715161e+02
    endloop
  endfacet
  facet normal 0.000000e+00 -1.000000e+00 0.000000e+00
    outer loop
      vertex   8.728842e+01 -8.416258e+01 1.706956e+02
      vertex   8.483199e+01 -8.416258e+01 1.715161e+02
      vertex   8.433908e+01 -8.416258e+01 1.713120e+02
    endloop
  endfacet
  facet normal 0.000000e+00 -1.000000e+00 0.000000e+00
    outer loop
      vertex   8.728842e+01 -8.416258e+01 1.706956e+02
      vertex   8.433908e+01 -8.416258e+01 1.713120e+02
      vertex   8.328842e+01 -8.416258e+01 1.706956e+02
    endloop
  endfacet
  facet normal 0.000000e+00 -1.000000e+00 0.000000e+00
    outer loop
      vertex   8.328842e+01 -8.416258e+01 1.706956e+02
      vertex   8.433908e+01 -8.416258e+01 1.713120e+02
      vertex   8.382030e+01 -8.416258e+01 1.711874e+02
    endloop
  endfacet
  facet normal 0.000000e+00 -1.000000e+00 0.000000e+00
    outer loop
      vertex   8.328842e+01 -8.416258e+01 1.706956e+02
      vertex   8.382030e+01 -8.416258e+01 1.711874e+02
      vertex   8.328842e+01 -8.416258e+01 1.711456e+02
    endloop
  endfacet
  facet normal 9.965836e-01 -1.348541e-03 -8.257927e-02
    outer loop
      vertex   8.032934e+01 -7.916258e+01 1.750394e+02
      vertex   8.029983e+01 -8.674942e+01 1.748071e+02
      vertex   8.028842e+01 -7.916258e+01 1.745456e+02
    endloop
  endfacet
  facet normal 9.990503e-01 -9.340368e-15 -4.357094e-02
    outer loop
      vertex   8.028842e+01 -7.916258e+01 1.745456e+02
      vertex   8.029983e+01 -8.674942e+01 1.748071e+02
      vertex   8.028842e+01 -8.676258e+01 1.745456e+02
    endloop
  endfacet
  facet normal 9.990503e-01 -9.340368e-15 4.357094e-02
    outer loop
      vertex   8.028842e+01 -7.916258e+01 1.745456e+02
      vertex   8.028842e+01 -8.676258e+01 1.745456e+02
      vertex   8.029983e+01 -8.674942e+01 1.742840e+02
    endloop
  endfacet
  facet normal 9.693994e-01 -1.316648e-03 -2.454853e-01
    outer loop
      vertex   8.045097e+01 -7.916258e+01 1.755197e+02
      vertex   8.039229e+01 -8.664347e+01 1.753281e+02
      vertex   8.032934e+01 -7.916258e+01 1.750394e+02
    endloop
  endfacet
  facet normal 9.760021e-01 -1.910880e-04 -2.177612e-01
    outer loop
      vertex   8.032934e+01 -7.916258e+01 1.750394e+02
      vertex   8.039229e+01 -8.664347e+01 1.753281e+02
      vertex   8.033429e+01 -8.670981e+01 1.750682e+02
    endloop
  endfacet
  facet normal 9.913950e-01 1.508144e-04 -1.309045e-01
    outer loop
      vertex   8.032934e+01 -7.916258e+01 1.750394e+02
      vertex   8.033429e+01 -8.670981e+01 1.750682e+02
      vertex   8.029983e+01 -8.674942e+01 1.748071e+02
    endloop
  endfacet
  facet normal 9.157727e-01 -1.200350e-03 -4.016951e-01
    outer loop
      vertex   8.065000e+01 -7.916258e+01 1.759734e+02
      vertex   8.058081e+01 -8.643057e+01 1.758374e+02
      vertex   8.045097e+01 -7.916258e+01 1.755197e+02
    endloop
  endfacet
  facet normal 9.213654e-01 -5.322169e-04 -3.886972e-01
    outer loop
      vertex   8.045097e+01 -7.916258e+01 1.755197e+02
      vertex   8.058081e+01 -8.643057e+01 1.758374e+02
      vertex   8.047435e+01 -8.655032e+01 1.755852e+02
    endloop
  endfacet
  facet normal 9.526303e-01 3.168653e-04 -3.041307e-01
    outer loop
      vertex   8.045097e+01 -7.916258e+01 1.755197e+02
      vertex   8.047435e+01 -8.655032e+01 1.755852e+02
      vertex   8.039229e+01 -8.664347e+01 1.753281e+02
    endloop
  endfacet
  facet normal 8.814068e-01 4.492067e-04 -4.723578e-01
    outer loop
      vertex   8.058081e+01 -8.643057e+01 1.758374e+02
      vertex   8.065000e+01 -7.916258e+01 1.759734e+02
      vertex   8.071204e+01 -8.628443e+01 1.760824e+02
    endloop
  endfacet
  facet normal 8.371660e-01 -1.077665e-03 -5.469478e-01
    outer loop
      vertex   8.071204e+01 -8.628443e+01 1.760824e+02
      vertex   8.065000e+01 -7.916258e+01 1.759734e+02
      vertex   8.092100e+01 -7.916258e+01 1.763882e+02
    endloop
  endfacet
  facet normal 8.335709e-01 -7.375552e-04 -5.524120e-01
    outer loop
      vertex   8.071204e+01 -8.628443e+01 1.760824e+02
      vertex   8.092100e+01 -7.916258e+01 1.763882e+02
      vertex   8.086785e+01 -8.611276e+01 1.763173e+02
    endloop
  endfacet
  facet normal 7.776497e-01 4.684769e-04 -6.286976e-01
    outer loop
      vertex   8.086785e+01 -8.611276e+01 1.763173e+02
      vertex   8.092100e+01 -7.916258e+01 1.763882e+02
      vertex   8.104711e+01 -8.591732e+01 1.765392e+02
    endloop
  endfacet
  facet normal 7.357232e-01 -1.400027e-03 -6.772809e-01
    outer loop
      vertex   8.104711e+01 -8.591732e+01 1.765392e+02
      vertex   8.092100e+01 -7.916258e+01 1.763882e+02
      vertex   8.125658e+01 -7.916258e+01 1.767527e+02
    endloop
  endfacet
  facet normal 7.149455e-01 -6.326880e-05 -6.991802e-01
    outer loop
      vertex   8.104711e+01 -8.591732e+01 1.765392e+02
      vertex   8.125658e+01 -7.916258e+01 1.767527e+02
      vertex   8.124860e+01 -8.569994e+01 1.767452e+02
    endloop
  endfacet
  facet normal 6.439251e-01 9.973632e-05 -7.650885e-01
    outer loop
      vertex   8.124860e+01 -8.569994e+01 1.767452e+02
      vertex   8.125658e+01 -7.916258e+01 1.767527e+02
      vertex   8.147110e+01 -8.546244e+01 1.769325e+02
    endloop
  endfacet
  facet normal 6.142119e-01 -1.598173e-03 -7.891395e-01
    outer loop
      vertex   8.147110e+01 -8.546244e+01 1.769325e+02
      vertex   8.125658e+01 -7.916258e+01 1.767527e+02
      vertex   8.164758e+01 -7.916258e+01 1.770571e+02
    endloop
  endfacet
  facet normal 5.647019e-01 5.038922e-04 -8.252948e-01
    outer loop
      vertex   8.147110e+01 -8.546244e+01 1.769325e+02
      vertex   8.164758e+01 -7.916258e+01 1.770571e+02
      vertex   8.171299e+01 -8.520703e+01 1.770981e+02
    endloop
  endfacet
  facet normal 4.819177e-01 -7.379891e-04 -8.762162e-01
    outer loop
      vertex   8.171299e+01 -8.520703e+01 1.770981e+02
      vertex   8.164758e+01 -7.916258e+01 1.770571e+02
      vertex   8.197176e+01 -8.493659e+01 1.772402e+02
    endloop
  endfacet
  facet normal 4.759471e-01 -1.176537e-03 -8.794731e-01
    outer loop
      vertex   8.197176e+01 -8.493659e+01 1.772402e+02
      vertex   8.164758e+01 -7.916258e+01 1.770571e+02
      vertex   8.208334e+01 -7.916258e+01 1.772929e+02
    endloop
  endfacet
  facet normal 3.930028e-01 7.915579e-04 -9.195369e-01
    outer loop
      vertex   8.197176e+01 -8.493659e+01 1.772402e+02
      vertex   8.208334e+01 -7.916258e+01 1.772929e+02
      vertex   8.224477e+01 -8.465402e+01 1.773572e+02
    endloop
  endfacet
  facet normal 3.246991e-01 -1.523980e-03 -9.458161e-01
    outer loop
      vertex   8.224477e+01 -8.465402e+01 1.773572e+02
      vertex   8.208334e+01 -7.916258e+01 1.772929e+02
      vertex   8.255197e+01 -7.916258e+01 1.774538e+02
    endloop
  endfacet
  facet normal 3.021058e-01 -1.288802e-04 -9.532744e-01
    outer loop
      vertex   8.224477e+01 -8.465402e+01 1.773572e+02
      vertex   8.255197e+01 -7.916258e+01 1.774538e+02
      vertex   8.252937e+01 -8.436222e+01 1.774473e+02
    endloop
  endfacet
  facet normal 2.056528e-01 3.217247e-04 -9.786250e-01
    outer loop
      vertex   8.252937e+01 -8.436222e+01 1.774473e+02
      vertex   8.255197e+01 -7.916258e+01 1.774538e+02
      vertex   8.282292e+01 -8.406410e+01 1.775091e+02
    endloop
  endfacet
  facet normal 1.645942e-01 -2.035300e-03 -9.863593e-01
    outer loop
      vertex   8.282292e+01 -8.406410e+01 1.775091e+02
      vertex   8.255197e+01 -7.916258e+01 1.774538e+02
      vertex   8.304068e+01 -7.916258e+01 1.775353e+02
    endloop
  endfacet
  facet normal 1.051271e-01 6.500161e-04 -9.944586e-01
    outer loop
      vertex   8.282292e+01 -8.406410e+01 1.775091e+02
      vertex   8.304068e+01 -7.916258e+01 1.775353e+02
      vertex   8.312275e+01 -8.376258e+01 1.775410e+02
    endloop
  endfacet
  facet normal 0.000000e+00 -1.232230e-03 -9.999992e-01
    outer loop
      vertex   8.312275e+01 -8.376258e+01 1.775410e+02
      vertex   8.304068e+01 -7.916258e+01 1.775353e+02
      vertex   8.353616e+01 -7.916258e+01 1.775353e+02
    endloop
  endfacet
  facet normal -2.604603e-02 1.109014e-03 -9.996601e-01
    outer loop
      vertex   8.312275e+01 -8.376258e+01 1.775410e+02
      vertex   8.353616e+01 -7.916258e+01 1.775353e+02
      vertex   8.360986e+01 -8.376258e+01 1.775283e+02
    endloop
  endfacet
  facet normal -1.645945e-01 -1.131025e-03 -9.863607e-01
    outer loop
      vertex   8.360986e+01 -8.376258e+01 1.775283e+02
      vertex   8.353616e+01 -7.916258e+01 1.775353e+02
      vertex   8.402488e+01 -7.916258e+01 1.774538e+02
    endloop
  endfacet
  facet normal -1.875368e-01 1.005361e-03 -9.822571e-01
    outer loop
      vertex   8.360986e+01 -8.376258e+01 1.775283e+02
      vertex   8.402488e+01 -7.916258e+01 1.774538e+02
      vertex   8.408849e+01 -8.376258e+01 1.774369e+02
    endloop
  endfacet
  facet normal -3.246993e-01 -1.024925e-03 -9.458167e-01
    outer loop
      vertex   8.408849e+01 -8.376258e+01 1.774369e+02
      vertex   8.402488e+01 -7.916258e+01 1.774538e+02
      vertex   8.449351e+01 -7.916258e+01 1.772929e+02
    endloop
  endfacet
  facet normal -3.440800e-01 8.968135e-04 -9.389399e-01
    outer loop
      vertex   8.408849e+01 -8.376258e+01 1.774369e+02
      vertex   8.449351e+01 -7.916258e+01 1.772929e+02
      vertex   8.454602e+01 -8.376258e+01 1.772693e+02
    endloop
  endfacet
  facet normal -4.759472e-01 -9.139302e-04 -8.794734e-01
    outer loop
      vertex   8.454602e+01 -8.376258e+01 1.772693e+02
      vertex   8.449351e+01 -7.916258e+01 1.772929e+02
      vertex   8.492927e+01 -7.916258e+01 1.770571e+02
    endloop
  endfacet
  facet normal -4.915457e-01 7.833720e-04 -8.708514e-01
    outer loop
      vertex   8.454602e+01 -8.376258e+01 1.772693e+02
      vertex   8.492927e+01 -7.916258e+01 1.770571e+02
      vertex   8.497036e+01 -8.376258e+01 1.770297e+02
    endloop
  endfacet
  facet normal -6.142125e-01 -7.980421e-04 -7.891403e-01
    outer loop
      vertex   8.497036e+01 -8.376258e+01 1.770297e+02
      vertex   8.492927e+01 -7.916258e+01 1.770571e+02
      vertex   8.532027e+01 -7.916258e+01 1.767527e+02
    endloop
  endfacet
  facet normal -6.260433e-01 6.650374e-04 -7.797880e-01
    outer loop
      vertex   8.497036e+01 -8.376258e+01 1.770297e+02
      vertex   8.532027e+01 -7.916258e+01 1.767527e+02
      vertex   8.535034e+01 -8.376258e+01 1.767247e+02
    endloop
  endfacet
  facet normal -7.357237e-01 -6.772613e-04 -6.772814e-01
    outer loop
      vertex   8.535034e+01 -8.376258e+01 1.767247e+02
      vertex   8.532027e+01 -7.916258e+01 1.767527e+02
      vertex   8.565584e+01 -7.916258e+01 1.763882e+02
    endloop
  endfacet
  facet normal -7.440246e-01 5.418106e-04 -6.681521e-01
    outer loop
      vertex   8.535034e+01 -8.376258e+01 1.767247e+02
      vertex   8.565584e+01 -7.916258e+01 1.763882e+02
      vertex   8.567591e+01 -8.376258e+01 1.763621e+02
    endloop
  endfacet
  facet normal -8.371664e-01 -5.515887e-04 -5.469481e-01
    outer loop
      vertex   8.567591e+01 -8.376258e+01 1.763621e+02
      vertex   8.565584e+01 -7.916258e+01 1.763882e+02
      vertex   8.592684e+01 -7.916258e+01 1.759734e+02
    endloop
  endfacet
  facet normal -8.423768e-01 4.136924e-04 -5.388888e-01
    outer loop
      vertex   8.567591e+01 -8.376258e+01 1.763621e+02
      vertex   8.592684e+01 -7.916258e+01 1.759734e+02
      vertex   8.593850e+01 -8.376258e+01 1.759517e+02
    endloop
  endfacet
  facet normal -9.157732e-01 -4.210252e-04 -4.016954e-01
    outer loop
      vertex   8.593850e+01 -8.376258e+01 1.759517e+02
      vertex   8.592684e+01 -7.916258e+01 1.759734e+02
      vertex   8.612587e+01 -7.916258e+01 1.755197e+02
    endloop
  endfacet
  facet normal -9.185054e-01 2.806839e-04 -3.954084e-01
    outer loop
      vertex   8.593850e+01 -8.376258e+01 1.759517e+02
      vertex   8.612587e+01 -7.916258e+01 1.755197e+02
      vertex   8.613117e+01 -8.376258e+01 1.755041e+02
    endloop
  endfacet
  facet normal -9.694002e-01 -2.855720e-04 -2.454855e-01
    outer loop
      vertex   8.613117e+01 -8.376258e+01 1.755041e+02
      vertex   8.612587e+01 -7.916258e+01 1.755197e+02
      vertex   8.624751e+01 -7.916258e+01 1.750394e+02
    endloop
  endfacet
  facet normal -9.704017e-01 1.427861e-04 -2.414963e-01
    outer loop
      vertex   8.613117e+01 -8.376258e+01 1.755041e+02
      vertex   8.624751e+01 -7.916258e+01 1.750394e+02
      vertex   8.624885e+01 -8.376258e+01 1.750312e+02
    endloop
  endfacet
  facet normal -9.965845e-01 -1.452299e-04 -8.257934e-02
    outer loop
      vertex   8.624885e+01 -8.376258e+01 1.750312e+02
      vertex   8.624751e+01 -7.916258e+01 1.750394e+02
      vertex   8.628842e+01 -7.916258e+01 1.745456e+02
    endloop
  endfacet
  facet normal -9.966968e-01 8.736005e-15 -8.121295e-02
    outer loop
      vertex   8.624885e+01 -8.376258e+01 1.750312e+02
      vertex   8.628842e+01 -7.916258e+01 1.745456e+02
      vertex   8.628842e+01 -8.376258e+01 1.745456e+02
    endloop
  endfacet
  facet normal -9.966968e-01 9.739120e-15 8.121295e-02
    outer loop
      vertex   8.628842e+01 -8.376258e+01 1.745456e+02
      vertex   8.628842e+01 -7.916258e+01 1.745456e+02
      vertex   8.624885e+01 -8.376258e+01 1.740599e+02
    endloop
  endfacet
  facet normal -9.965845e-01 -1.452299e-04 8.257934e-02
    outer loop
      vertex   8.624885e+01 -8.376258e+01 1.740599e+02
      vertex   8.628842e+01 -7.916258e+01 1.745456e+02
      vertex   8.624751e+01 -7.916258e+01 1.740518e+02
    endloop
  endfacet
  facet normal -9.704017e-01 1.427861e-04 2.414963e-01
    outer loop
      vertex   8.624885e+01 -8.376258e+01 1.740599e+02
      vertex   8.624751e+01 -7.916258e+01 1.740518e+02
      vertex   8.613117e+01 -8.376258e+01 1.735870e+02
    endloop
  endfacet
  facet normal -9.694002e-01 -2.855720e-04 2.454855e-01
    outer loop
      vertex   8.613117e+01 -8.376258e+01 1.735870e+02
      vertex   8.624751e+01 -7.916258e+01 1.740518e+02
      vertex   8.612587e+01 -7.916258e+01 1.735715e+02
    endloop
  endfacet
  facet normal -9.185054e-01 2.806839e-04 3.954084e-01
    outer loop
      vertex   8.613117e+01 -8.376258e+01 1.735870e+02
      vertex   8.612587e+01 -7.916258e+01 1.735715e+02
      vertex   8.593850e+01 -8.376258e+01 1.731395e+02
    endloop
  endfacet
  facet normal -9.157732e-01 -4.210252e-04 4.016954e-01
    outer loop
      vertex   8.593850e+01 -8.376258e+01 1.731395e+02
      vertex   8.612587e+01 -7.916258e+01 1.735715e+02
      vertex   8.592684e+01 -7.916258e+01 1.731177e+02
    endloop
  endfacet
  facet normal -8.423768e-01 4.136924e-04 5.388888e-01
    outer loop
      vertex   8.593850e+01 -8.376258e+01 1.731395e+02
      vertex   8.592684e+01 -7.916258e+01 1.731177e+02
      vertex   8.567591e+01 -8.376258e+01 1.727290e+02
    endloop
  endfacet
  facet normal -8.371664e-01 -5.515887e-04 5.469481e-01
    outer loop
      vertex   8.567591e+01 -8.376258e+01 1.727290e+02
      vertex   8.592684e+01 -7.916258e+01 1.731177e+02
      vertex   8.565584e+01 -7.916258e+01 1.727029e+02
    endloop
  endfacet
  facet normal -7.440246e-01 5.418106e-04 6.681521e-01
    outer loop
      vertex   8.567591e+01 -8.376258e+01 1.727290e+02
      vertex   8.565584e+01 -7.916258e+01 1.727029e+02
      vertex   8.535034e+01 -8.376258e+01 1.723665e+02
    endloop
  endfacet
  facet normal -7.357237e-01 -6.772613e-04 6.772814e-01
    outer loop
      vertex   8.535034e+01 -8.376258e+01 1.723665e+02
      vertex   8.565584e+01 -7.916258e+01 1.727029e+02
      vertex   8.532027e+01 -7.916258e+01 1.723384e+02
    endloop
  endfacet
  facet normal -6.260433e-01 6.650374e-04 7.797880e-01
    outer loop
      vertex   8.535034e+01 -8.376258e+01 1.723665e+02
      vertex   8.532027e+01 -7.916258e+01 1.723384e+02
      vertex   8.497036e+01 -8.376258e+01 1.720614e+02
    endloop
  endfacet
  facet normal -6.142125e-01 -7.980421e-04 7.891403e-01
    outer loop
      vertex   8.497036e+01 -8.376258e+01 1.720614e+02
      vertex   8.532027e+01 -7.916258e+01 1.723384e+02
      vertex   8.492927e+01 -7.916258e+01 1.720341e+02
    endloop
  endfacet
  facet normal -4.915457e-01 7.833720e-04 8.708514e-01
    outer loop
      vertex   8.497036e+01 -8.376258e+01 1.720614e+02
      vertex   8.492927e+01 -7.916258e+01 1.720341e+02
      vertex   8.454602e+01 -8.376258e+01 1.718219e+02
    endloop
  endfacet
  facet normal -4.759472e-01 -9.139302e-04 8.794734e-01
    outer loop
      vertex   8.454602e+01 -8.376258e+01 1.718219e+02
      vertex   8.492927e+01 -7.916258e+01 1.720341e+02
      vertex   8.449351e+01 -7.916258e+01 1.717983e+02
    endloop
  endfacet
  facet normal -3.440800e-01 8.968135e-04 9.389399e-01
    outer loop
      vertex   8.454602e+01 -8.376258e+01 1.718219e+02
      vertex   8.449351e+01 -7.916258e+01 1.717983e+02
      vertex   8.408849e+01 -8.376258e+01 1.716542e+02
    endloop
  endfacet
  facet normal -3.246993e-01 -1.024925e-03 9.458167e-01
    outer loop
      vertex   8.408849e+01 -8.376258e+01 1.716542e+02
      vertex   8.449351e+01 -7.916258e+01 1.717983e+02
      vertex   8.402488e+01 -7.916258e+01 1.716374e+02
    endloop
  endfacet
  facet normal -1.875368e-01 1.005361e-03 9.822571e-01
    outer loop
      vertex   8.408849e+01 -8.376258e+01 1.716542e+02
      vertex   8.402488e+01 -7.916258e+01 1.716374e+02
      vertex   8.360986e+01 -8.376258e+01 1.715628e+02
    endloop
  endfacet
  facet normal -1.645945e-01 -1.131025e-03 9.863607e-01
    outer loop
      vertex   8.360986e+01 -8.376258e+01 1.715628e+02
      vertex   8.402488e+01 -7.916258e+01 1.716374e+02
      vertex   8.353616e+01 -7.916258e+01 1.715558e+02
    endloop
  endfacet
  facet normal -2.604603e-02 1.109014e-03 9.996601e-01
    outer loop
      vertex   8.360986e+01 -8.376258e+01 1.715628e+02
      vertex   8.353616e+01 -7.916258e+01 1.715558e+02
      vertex   8.312275e+01 -8.376258e+01 1.715501e+02
    endloop
  endfacet
  facet normal 0.000000e+00 -1.232230e-03 9.999992e-01
    outer loop
      vertex   8.312275e+01 -8.376258e+01 1.715501e+02
      vertex   8.353616e+01 -7.916258e+01 1.715558e+02
      vertex   8.304068e+01 -7.916258e+01 1.715558e+02
    endloop
  endfacet
  facet normal 1.051271e-01 6.500161e-04 9.944586e-01
    outer loop
      vertex   8.312275e+01 -8.376258e+01 1.715501e+02
      vertex   8.304068e+01 -7.916258e+01 1.715558e+02
      vertex   8.282292e+01 -8.406410e+01 1.715820e+02
    endloop
  endfacet
  facet normal 1.645942e-01 -2.035300e-03 9.863593e-01
    outer loop
      vertex   8.282292e+01 -8.406410e+01 1.715820e+02
      vertex   8.304068e+01 -7.916258e+01 1.715558e+02
      vertex   8.255197e+01 -7.916258e+01 1.716374e+02
    endloop
  endfacet
  facet normal 2.056528e-01 3.217247e-04 9.786250e-01
    outer loop
      vertex   8.282292e+01 -8.406410e+01 1.715820e+02
      vertex   8.255197e+01 -7.916258e+01 1.716374e+02
      vertex   8.252937e+01 -8.436222e+01 1.716438e+02
    endloop
  endfacet
  facet normal 3.021058e-01 -1.288802e-04 9.532744e-01
    outer loop
      vertex   8.252937e+01 -8.436222e+01 1.716438e+02
      vertex   8.255197e+01 -7.916258e+01 1.716374e+02
      vertex   8.224477e+01 -8.465402e+01 1.717340e+02
    endloop
  endfacet
  facet normal 3.246991e-01 -1.523980e-03 9.458161e-01
    outer loop
      vertex   8.224477e+01 -8.465402e+01 1.717340e+02
      vertex   8.255197e+01 -7.916258e+01 1.716374e+02
      vertex   8.208334e+01 -7.916258e+01 1.717983e+02
    endloop
  endfacet
  facet normal 3.930028e-01 7.915579e-04 9.195369e-01
    outer loop
      vertex   8.224477e+01 -8.465402e+01 1.717340e+02
      vertex   8.208334e+01 -7.916258e+01 1.717983e+02
      vertex   8.197176e+01 -8.493659e+01 1.718509e+02
    endloop
  endfacet
  facet normal 4.759471e-01 -1.176537e-03 8.794731e-01
    outer loop
      vertex   8.197176e+01 -8.493659e+01 1.718509e+02
      vertex   8.208334e+01 -7.916258e+01 1.717983e+02
      vertex   8.164758e+01 -7.916258e+01 1.720341e+02
    endloop
  endfacet
  facet normal 4.819177e-01 -7.379891e-04 8.762162e-01
    outer loop
      vertex   8.197176e+01 -8.493659e+01 1.718509e+02
      vertex   8.164758e+01 -7.916258e+01 1.720341e+02
      vertex   8.171299e+01 -8.520703e+01 1.719930e+02
    endloop
  endfacet
  facet normal 5.647019e-01 5.038922e-04 8.252948e-01
    outer loop
      vertex   8.171299e+01 -8.520703e+01 1.719930e+02
      vertex   8.164758e+01 -7.916258e+01 1.720341e+02
      vertex   8.147110e+01 -8.546244e+01 1.721587e+02
    endloop
  endfacet
  facet normal 6.142119e-01 -1.598173e-03 7.891395e-01
    outer loop
      vertex   8.147110e+01 -8.546244e+01 1.721587e+02
      vertex   8.164758e+01 -7.916258e+01 1.720341e+02
      vertex   8.125658e+01 -7.916258e+01 1.723384e+02
    endloop
  endfacet
  facet normal 6.439251e-01 9.973632e-05 7.650885e-01
    outer loop
      vertex   8.147110e+01 -8.546244e+01 1.721587e+02
      vertex   8.125658e+01 -7.916258e+01 1.723384e+02
      vertex   8.124860e+01 -8.569994e+01 1.723460e+02
    endloop
  endfacet
  facet normal 7.149455e-01 -6.326880e-05 6.991802e-01
    outer loop
      vertex   8.124860e+01 -8.569994e+01 1.723460e+02
      vertex   8.125658e+01 -7.916258e+01 1.723384e+02
      vertex   8.104711e+01 -8.591732e+01 1.725520e+02
    endloop
  endfacet
  facet normal 7.357232e-01 -1.400027e-03 6.772809e-01
    outer loop
      vertex   8.104711e+01 -8.591732e+01 1.725520e+02
      vertex   8.125658e+01 -7.916258e+01 1.723384e+02
      vertex   8.092100e+01 -7.916258e+01 1.727029e+02
    endloop
  endfacet
  facet normal 7.776497e-01 4.684769e-04 6.286976e-01
    outer loop
      vertex   8.104711e+01 -8.591732e+01 1.725520e+02
      vertex   8.092100e+01 -7.916258e+01 1.727029e+02
      vertex   8.086785e+01 -8.611276e+01 1.727739e+02
    endloop
  endfacet
  facet normal 8.335709e-01 -7.375552e-04 5.524120e-01
    outer loop
      vertex   8.086785e+01 -8.611276e+01 1.727739e+02
      vertex   8.092100e+01 -7.916258e+01 1.727029e+02
      vertex   8.071204e+01 -8.628443e+01 1.730087e+02
    endloop
  endfacet
  facet normal 8.371660e-01 -1.077665e-03 5.469478e-01
    outer loop
      vertex   8.071204e+01 -8.628443e+01 1.730087e+02
      vertex   8.092100e+01 -7.916258e+01 1.727029e+02
      vertex   8.065000e+01 -7.916258e+01 1.731177e+02
    endloop
  endfacet
  facet normal 8.814068e-01 4.492067e-04 4.723578e-01
    outer loop
      vertex   8.071204e+01 -8.628443e+01 1.730087e+02
      vertex   8.065000e+01 -7.916258e+01 1.731177e+02
      vertex   8.058081e+01 -8.643057e+01 1.732537e+02
    endloop
  endfacet
  facet normal 9.157727e-01 -1.200350e-03 4.016951e-01
    outer loop
      vertex   8.058081e+01 -8.643057e+01 1.732537e+02
      vertex   8.065000e+01 -7.916258e+01 1.731177e+02
      vertex   8.045097e+01 -7.916258e+01 1.735715e+02
    endloop
  endfacet
  facet normal 9.213654e-01 -5.322169e-04 3.886972e-01
    outer loop
      vertex   8.058081e+01 -8.643057e+01 1.732537e+02
      vertex   8.045097e+01 -7.916258e+01 1.735715e+02
      vertex   8.047435e+01 -8.655032e+01 1.735059e+02
    endloop
  endfacet
  facet normal 9.526303e-01 3.168653e-04 3.041307e-01
    outer loop
      vertex   8.047435e+01 -8.655032e+01 1.735059e+02
      vertex   8.045097e+01 -7.916258e+01 1.735715e+02
      vertex   8.039229e+01 -8.664347e+01 1.737631e+02
    endloop
  endfacet
  facet normal 9.693994e-01 -1.316648e-03 2.454853e-01
    outer loop
      vertex   8.039229e+01 -8.664347e+01 1.737631e+02
      vertex   8.045097e+01 -7.916258e+01 1.735715e+02
      vertex   8.032934e+01 -7.916258e+01 1.740518e+02
    endloop
  endfacet
  facet normal 9.760021e-01 -1.910880e-04 2.177612e-01
    outer loop
      vertex   8.039229e+01 -8.664347e+01 1.737631e+02
      vertex   8.032934e+01 -7.916258e+01 1.740518e+02
      vertex   8.033429e+01 -8.670981e+01 1.740230e+02
    endloop
  endfacet
  facet normal 9.913950e-01 1.508144e-04 1.309045e-01
    outer loop
      vertex   8.033429e+01 -8.670981e+01 1.740230e+02
      vertex   8.032934e+01 -7.916258e+01 1.740518e+02
      vertex   8.029983e+01 -8.674942e+01 1.742840e+02
    endloop
  endfacet
  facet normal 9.965836e-01 -1.348541e-03 8.257927e-02
    outer loop
      vertex   8.029983e+01 -8.674942e+01 1.742840e+02
      vertex   8.032934e+01 -7.916258e+01 1.740518e+02
      vertex   8.028842e+01 -7.916258e+01 1.745456e+02
    endloop
  endfacet
  facet normal 7.071068e-01 -7.071068e-01 0.000000e+00
    outer loop
      vertex   8.728842e+01 -8.416258e+01 1.783956e+02
      vertex   8.728842e+01 -8.416258e+01 1.706956e+02
      vertex   8.828842e+01 -8.316258e+01 1.773956e+02
    endloop
  endfacet
  facet normal 7.071068e-01 -7.071068e-01 0.000000e+00
    outer loop
      vertex   8.828842e+01 -8.316258e+01 1.773956e+02
      vertex   8.728842e+01 -8.416258e+01 1.706956e+02
      vertex   8.828842e+01 -8.316258e+01 1.706956e+02
    endloop
  endfacet
  facet normal 7.071068e-01 -8.373826e-16 7.071068e-01
    outer loop
      vertex   8.828842e+01 -8.316258e+01 1.773956e+02
      vertex   8.828842e+01 -5.916258e+01 1.773956e+02
      vertex   8.728842e+01 -8.416258e+01 1.783956e+02
    endloop
  endfacet
  facet normal 7.071068e-01 -0.000000e+00 7.071068e-01
    outer loop
      vertex   8.728842e+01 -8.416258e+01 1.783956e+02
      vertex   8.828842e+01 -5.916258e+01 1.773956e+02
      vertex   8.728842e+01 -5.649592e+01 1.783956e+02
    endloop
  endfacet
  facet normal 7.071068e-01 8.774046e-16 7.071068e-01
    outer loop
      vertex   8.728842e+01 -5.649592e+01 1.783956e+02
      vertex   8.828842e+01 -5.916258e+01 1.773956e+02
      vertex   9.068842e+01 -5.196258e+01 1.749956e+02
    endloop
  endfacet
  facet normal 0.000000e+00 -0.000000e+00 1.000000e+00
    outer loop
      vertex   8.728842e+01 -8.416258e+01 1.783956e+02
      vertex   8.728842e+01 -5.649592e+01 1.783956e+02
      vertex   8.328842e+01 -8.416258e+01 1.783956e+02
    endloop
  endfacet
  facet normal 0.000000e+00 -0.000000e+00 1.000000e+00
    outer loop
      vertex   8.328842e+01 -8.416258e+01 1.783956e+02
      vertex   8.728842e+01 -5.649592e+01 1.783956e+02
      vertex   7.900455e+01 -5.611742e+01 1.783956e+02
    endloop
  endfacet
  facet normal 0.000000e+00 0.000000e+00 1.000000e+00
    outer loop
      vertex   8.328842e+01 -8.416258e+01 1.783956e+02
      vertex   7.900455e+01 -5.611742e+01 1.783956e+02
      vertex   7.613842e+01 -8.416258e+01 1.783956e+02
    endloop
  endfacet
  facet normal 0.000000e+00 -0.000000e+00 1.000000e+00
    outer loop
      vertex   7.613842e+01 -8.416258e+01 1.783956e+02
      vertex   7.900455e+01 -5.611742e+01 1.783956e+02
      vertex   6.943842e+01 -8.233930e+01 1.783956e+02
    endloop
  endfacet
  facet normal 0.000000e+00 0.000000e+00 1.000000e+00
    outer loop
      vertex   7.613842e+01 -8.416258e+01 1.783956e+02
      vertex   6.943842e+01 -8.233930e+01 1.783956e+02
      vertex   7.043842e+01 -8.416258e+01 1.783956e+02
    endloop
  endfacet
  facet normal 0.000000e+00 0.000000e+00 1.000000e+00
    outer loop
      vertex   7.043842e+01 -8.416258e+01 1.783956e+02
      vertex   6.943842e+01 -8.233930e+01 1.783956e+02
      vertex   6.943842e+01 -1.013626e+02 1.783956e+02
    endloop
  endfacet
  facet normal 0.000000e+00 0.000000e+00 1.000000e+00
    outer loop
      vertex   7.043842e+01 -8.416258e+01 1.783956e+02
      vertex   6.943842e+01 -1.013626e+02 1.783956e+02
      vertex   7.043842e+01 -1.013626e+02 1.783956e+02
    endloop
  endfacet
  facet normal 0.000000e+00 0.000000e+00 1.000000e+00
    outer loop
      vertex   9.068842e+01 -5.196258e+01 1.783956e+02
      vertex   8.855264e+01 -5.116258e+01 1.783956e+02
      vertex   8.728842e+01 -5.649592e+01 1.783956e+02
    endloop
  endfacet
  facet normal 0.000000e+00 0.000000e+00 1.000000e+00
    outer loop
      vertex   8.728842e+01 -5.649592e+01 1.783956e+02
      vertex   8.855264e+01 -5.116258e+01 1.783956e+02
      vertex   8.843078e+01 -5.114751e+01 1.783956e+02
    endloop
  endfacet
  facet normal 0.000000e+00 0.000000e+00 1.000000e+00
    outer loop
      vertex   8.728842e+01 -5.649592e+01 1.783956e+02
      vertex   8.843078e+01 -5.114751e+01 1.783956e+02
      vertex   8.831627e+01 -5.110319e+01 1.783956e+02
    endloop
  endfacet
  facet normal 0.000000e+00 0.000000e+00 1.000000e+00
    outer loop
      vertex   9.074944e+01 -5.185613e+01 1.783956e+02
      vertex   9.070482e+01 -5.138579e+01 1.783956e+02
      vertex   9.068842e+01 -5.196258e+01 1.783956e+02
    endloop
  endfacet
  facet normal 0.000000e+00 -0.000000e+00 1.000000e+00
    outer loop
      vertex   9.068842e+01 -5.196258e+01 1.783956e+02
      vertex   9.070482e+01 -5.138579e+01 1.783956e+02
      vertex   9.062486e+01 -5.129271e+01 1.783956e+02
    endloop
  endfacet
  facet normal 0.000000e+00 0.000000e+00 1.000000e+00
    outer loop
      vertex   9.068842e+01 -5.196258e+01 1.783956e+02
      vertex   9.062486e+01 -5.129271e+01 1.783956e+02
      vertex   9.052465e+01 -5.122191e+01 1.783956e+02
    endloop
  endfacet
  facet normal 0.000000e+00 0.000000e+00 1.000000e+00
    outer loop
      vertex   9.070482e+01 -5.138579e+01 1.783956e+02
      vertex   9.074944e+01 -5.185613e+01 1.783956e+02
      vertex   9.075969e+01 -5.149554e+01 1.783956e+02
    endloop
  endfacet
  facet normal 0.000000e+00 0.000000e+00 1.000000e+00
    outer loop
      vertex   9.075969e+01 -5.149554e+01 1.783956e+02
      vertex   9.074944e+01 -5.185613e+01 1.783956e+02
      vertex   9.078270e+01 -5.173801e+01 1.783956e+02
    endloop
  endfacet
  facet normal 0.000000e+00 0.000000e+00 1.000000e+00
    outer loop
      vertex   9.075969e+01 -5.149554e+01 1.783956e+02
      vertex   9.078270e+01 -5.173801e+01 1.783956e+02
      vertex   9.078619e+01 -5.161536e+01 1.783956e+02
    endloop
  endfacet
  facet normal 0.000000e+00 0.000000e+00 1.000000e+00
    outer loop
      vertex   9.052465e+01 -5.122191e+01 1.783956e+02
      vertex   9.041020e+01 -5.117764e+01 1.783956e+02
      vertex   9.068842e+01 -5.196258e+01 1.783956e+02
    endloop
  endfacet
  facet normal 0.000000e+00 0.000000e+00 1.000000e+00
    outer loop
      vertex   9.068842e+01 -5.196258e+01 1.783956e+02
      vertex   9.041020e+01 -5.117764e+01 1.783956e+02
      vertex   9.028842e+01 -5.116258e+01 1.783956e+02
    endloop
  endfacet
  facet normal 0.000000e+00 0.000000e+00 1.000000e+00
    outer loop
      vertex   9.068842e+01 -5.196258e+01 1.783956e+02
      vertex   9.028842e+01 -5.116258e+01 1.783956e+02
      vertex   8.855264e+01 -5.116258e+01 1.783956e+02
    endloop
  endfacet
  facet normal 0.000000e+00 0.000000e+00 1.000000e+00
    outer loop
      vertex   8.831627e+01 -5.110319e+01 1.783956e+02
      vertex   8.821602e+01 -5.103230e+01 1.783956e+02
      vertex   8.728842e+01 -5.649592e+01 1.783956e+02
    endloop
  endfacet
  facet normal 0.000000e+00 0.000000e+00 1.000000e+00
    outer loop
      vertex   8.728842e+01 -5.649592e+01 1.783956e+02
      vertex   8.821602e+01 -5.103230e+01 1.783956e+02
      vertex   8.813606e+01 -5.093911e+01 1.783956e+02
    endloop
  endfacet
  facet normal 0.000000e+00 0.000000e+00 1.000000e+00
    outer loop
      vertex   8.728842e+01 -5.649592e+01 1.783956e+02
      vertex   8.813606e+01 -5.093911e+01 1.783956e+02
      vertex   8.761115e+01 -5.028138e+01 1.783956e+02
    endloop
  endfacet
  facet normal 0.000000e+00 0.000000e+00 1.000000e+00
    outer loop
      vertex   8.761115e+01 -5.028138e+01 1.783956e+02
      vertex   8.813606e+01 -5.093911e+01 1.783956e+02
      vertex   8.808123e+01 -5.082925e+01 1.783956e+02
    endloop
  endfacet
  facet normal 0.000000e+00 0.000000e+00 1.000000e+00
    outer loop
      vertex   8.761115e+01 -5.028138e+01 1.783956e+02
      vertex   8.808123e+01 -5.082925e+01 1.783956e+02
      vertex   8.781166e+01 -5.042316e+01 1.783956e+02
    endloop
  endfacet
  facet normal 0.000000e+00 0.000000e+00 1.000000e+00
    outer loop
      vertex   8.781166e+01 -5.042316e+01 1.783956e+02
      vertex   8.808123e+01 -5.082925e+01 1.783956e+02
      vertex   8.797157e+01 -5.060953e+01 1.783956e+02
    endloop
  endfacet
  facet normal 0.000000e+00 0.000000e+00 1.000000e+00
    outer loop
      vertex   8.761115e+01 -5.028138e+01 1.783956e+02
      vertex   8.738213e+01 -5.019274e+01 1.783956e+02
      vertex   8.728842e+01 -5.649592e+01 1.783956e+02
    endloop
  endfacet
  facet normal 0.000000e+00 -0.000000e+00 1.000000e+00
    outer loop
      vertex   8.728842e+01 -5.649592e+01 1.783956e+02
      vertex   8.738213e+01 -5.019274e+01 1.783956e+02
      vertex   8.713842e+01 -5.016258e+01 1.783956e+02
    endloop
  endfacet
  facet normal 0.000000e+00 0.000000e+00 1.000000e+00
    outer loop
      vertex   8.728842e+01 -5.649592e+01 1.783956e+02
      vertex   8.713842e+01 -5.016258e+01 1.783956e+02
      vertex   8.689471e+01 -5.019274e+01 1.783956e+02
    endloop
  endfacet
  facet normal 0.000000e+00 0.000000e+00 1.000000e+00
    outer loop
      vertex   8.689471e+01 -5.019274e+01 1.783956e+02
      vertex   8.666569e+01 -5.028138e+01 1.783956e+02
      vertex   8.728842e+01 -5.649592e+01 1.783956e+02
    endloop
  endfacet
  facet normal 0.000000e+00 0.000000e+00 1.000000e+00
    outer loop
      vertex   8.728842e+01 -5.649592e+01 1.783956e+02
      vertex   8.666569e+01 -5.028138e+01 1.783956e+02
      vertex   8.614078e+01 -5.093911e+01 1.783956e+02
    endloop
  endfacet
  facet normal 0.000000e+00 0.000000e+00 1.000000e+00
    outer loop
      vertex   8.728842e+01 -5.649592e+01 1.783956e+02
      vertex   8.614078e+01 -5.093911e+01 1.783956e+02
      vertex   8.606083e+01 -5.103230e+01 1.783956e+02
    endloop
  endfacet
  facet normal 0.000000e+00 0.000000e+00 1.000000e+00
    outer loop
      vertex   8.614078e+01 -5.093911e+01 1.783956e+02
      vertex   8.666569e+01 -5.028138e+01 1.783956e+02
      vertex   8.619561e+01 -5.082925e+01 1.783956e+02
    endloop
  endfacet
  facet normal 0.000000e+00 0.000000e+00 1.000000e+00
    outer loop
      vertex   8.619561e+01 -5.082925e+01 1.783956e+02
      vertex   8.666569e+01 -5.028138e+01 1.783956e+02
      vertex   8.646519e+01 -5.042316e+01 1.783956e+02
    endloop
  endfacet
  facet normal 0.000000e+00 0.000000e+00 1.000000e+00
    outer loop
      vertex   8.619561e+01 -5.082925e+01 1.783956e+02
      vertex   8.646519e+01 -5.042316e+01 1.783956e+02
      vertex   8.630528e+01 -5.060953e+01 1.783956e+02
    endloop
  endfacet
  facet normal 0.000000e+00 0.000000e+00 1.000000e+00
    outer loop
      vertex   8.606083e+01 -5.103230e+01 1.783956e+02
      vertex   8.596057e+01 -5.110319e+01 1.783956e+02
      vertex   8.728842e+01 -5.649592e+01 1.783956e+02
    endloop
  endfacet
  facet normal 0.000000e+00 0.000000e+00 1.000000e+00
    outer loop
      vertex   8.728842e+01 -5.649592e+01 1.783956e+02
      vertex   8.596057e+01 -5.110319e+01 1.783956e+02
      vertex   8.584606e+01 -5.114751e+01 1.783956e+02
    endloop
  endfacet
  facet normal 0.000000e+00 0.000000e+00 1.000000e+00
    outer loop
      vertex   8.728842e+01 -5.649592e+01 1.783956e+02
      vertex   8.584606e+01 -5.114751e+01 1.783956e+02
      vertex   8.572421e+01 -5.116258e+01 1.783956e+02
    endloop
  endfacet
  facet normal 0.000000e+00 0.000000e+00 1.000000e+00
    outer loop
      vertex   8.572421e+01 -5.116258e+01 1.783956e+02
      vertex   8.085264e+01 -5.116258e+01 1.783956e+02
      vertex   8.728842e+01 -5.649592e+01 1.783956e+02
    endloop
  endfacet
  facet normal 0.000000e+00 0.000000e+00 1.000000e+00
    outer loop
      vertex   8.728842e+01 -5.649592e+01 1.783956e+02
      vertex   8.085264e+01 -5.116258e+01 1.783956e+02
      vertex   7.900455e+01 -5.611742e+01 1.783956e+02
    endloop
  endfacet
  facet normal 0.000000e+00 0.000000e+00 1.000000e+00
    outer loop
      vertex   8.085264e+01 -5.116258e+01 1.783956e+02
      vertex   8.073078e+01 -5.114751e+01 1.783956e+02
      vertex   7.900455e+01 -5.611742e+01 1.783956e+02
    endloop
  endfacet
  facet normal 0.000000e+00 0.000000e+00 1.000000e+00
    outer loop
      vertex   7.900455e+01 -5.611742e+01 1.783956e+02
      vertex   8.073078e+01 -5.114751e+01 1.783956e+02
      vertex   8.061627e+01 -5.110319e+01 1.783956e+02
    endloop
  endfacet
  facet normal 0.000000e+00 0.000000e+00 1.000000e+00
    outer loop
      vertex   7.900455e+01 -5.611742e+01 1.783956e+02
      vertex   8.061627e+01 -5.110319e+01 1.783956e+02
      vertex   8.051602e+01 -5.103230e+01 1.783956e+02
    endloop
  endfacet
  facet normal 0.000000e+00 0.000000e+00 1.000000e+00
    outer loop
      vertex   8.051602e+01 -5.103230e+01 1.783956e+02
      vertex   8.043606e+01 -5.093911e+01 1.783956e+02
      vertex   7.900455e+01 -5.611742e+01 1.783956e+02
    endloop
  endfacet
  facet normal 0.000000e+00 0.000000e+00 1.000000e+00
    outer loop
      vertex   7.900455e+01 -5.611742e+01 1.783956e+02
      vertex   8.043606e+01 -5.093911e+01 1.783956e+02
      vertex   7.991115e+01 -5.028138e+01 1.783956e+02
    endloop
  endfacet
  facet normal 0.000000e+00 0.000000e+00 1.000000e+00
    outer loop
      vertex   7.900455e+01 -5.611742e+01 1.783956e+02
      vertex   7.991115e+01 -5.028138e+01 1.783956e+02
      vertex   7.968213e+01 -5.019274e+01 1.783956e+02
    endloop
  endfacet
  facet normal 0.000000e+00 0.000000e+00 1.000000e+00
    outer loop
      vertex   8.043606e+01 -5.093911e+01 1.783956e+02
      vertex   8.038123e+01 -5.082925e+01 1.783956e+02
      vertex   7.991115e+01 -5.028138e+01 1.783956e+02
    endloop
  endfacet
  facet normal 0.000000e+00 0.000000e+00 1.000000e+00
    outer loop
      vertex   7.991115e+01 -5.028138e+01 1.783956e+02
      vertex   8.038123e+01 -5.082925e+01 1.783956e+02
      vertex   8.011166e+01 -5.042316e+01 1.783956e+02
    endloop
  endfacet
  facet normal 0.000000e+00 0.000000e+00 1.000000e+00
    outer loop
      vertex   8.011166e+01 -5.042316e+01 1.783956e+02
      vertex   8.038123e+01 -5.082925e+01 1.783956e+02
      vertex   8.027157e+01 -5.060953e+01 1.783956e+02
    endloop
  endfacet
  facet normal 0.000000e+00 0.000000e+00 1.000000e+00
    outer loop
      vertex   7.968213e+01 -5.019274e+01 1.783956e+02
      vertex   7.943842e+01 -5.016258e+01 1.783956e+02
      vertex   7.900455e+01 -5.611742e+01 1.783956e+02
    endloop
  endfacet
  facet normal 0.000000e+00 0.000000e+00 1.000000e+00
    outer loop
      vertex   7.900455e+01 -5.611742e+01 1.783956e+02
      vertex   7.943842e+01 -5.016258e+01 1.783956e+02
      vertex   7.919471e+01 -5.019274e+01 1.783956e+02
    endloop
  endfacet
  facet normal 0.000000e+00 -0.000000e+00 1.000000e+00
    outer loop
      vertex   7.900455e+01 -5.611742e+01 1.783956e+02
      vertex   7.919471e+01 -5.019274e+01 1.783956e+02
      vertex   7.896569e+01 -5.028138e+01 1.783956e+02
    endloop
  endfacet
  facet normal -0.000000e+00 0.000000e+00 1.000000e+00
    outer loop
      vertex   7.876519e+01 -5.042316e+01 1.783956e+02
      vertex   7.849561e+01 -5.082925e+01 1.783956e+02
      vertex   7.896569e+01 -5.028138e+01 1.783956e+02
    endloop
  endfacet
  facet normal 0.000000e+00 0.000000e+00 1.000000e+00
    outer loop
      vertex   7.896569e+01 -5.028138e+01 1.783956e+02
      vertex   7.849561e+01 -5.082925e+01 1.783956e+02
      vertex   7.844078e+01 -5.093911e+01 1.783956e+02
    endloop
  endfacet
  facet normal 0.000000e+00 0.000000e+00 1.000000e+00
    outer loop
      vertex   7.896569e+01 -5.028138e+01 1.783956e+02
      vertex   7.844078e+01 -5.093911e+01 1.783956e+02
      vertex   7.900455e+01 -5.611742e+01 1.783956e+02
    endloop
  endfacet
  facet normal 0.000000e+00 0.000000e+00 1.000000e+00
    outer loop
      vertex   7.900455e+01 -5.611742e+01 1.783956e+02
      vertex   7.844078e+01 -5.093911e+01 1.783956e+02
      vertex   7.836083e+01 -5.103230e+01 1.783956e+02
    endloop
  endfacet
  facet normal 0.000000e+00 0.000000e+00 1.000000e+00
    outer loop
      vertex   7.900455e+01 -5.611742e+01 1.783956e+02
      vertex   7.836083e+01 -5.103230e+01 1.783956e+02
      vertex   7.826057e+01 -5.110319e+01 1.783956e+02
    endloop
  endfacet
  facet normal 0.000000e+00 0.000000e+00 1.000000e+00
    outer loop
      vertex   7.876519e+01 -5.042316e+01 1.783956e+02
      vertex   7.860528e+01 -5.060953e+01 1.783956e+02
      vertex   7.849561e+01 -5.082925e+01 1.783956e+02
    endloop
  endfacet
  facet normal 0.000000e+00 0.000000e+00 1.000000e+00
    outer loop
      vertex   7.826057e+01 -5.110319e+01 1.783956e+02
      vertex   7.814606e+01 -5.114751e+01 1.783956e+02
      vertex   7.900455e+01 -5.611742e+01 1.783956e+02
    endloop
  endfacet
  facet normal 0.000000e+00 0.000000e+00 1.000000e+00
    outer loop
      vertex   7.900455e+01 -5.611742e+01 1.783956e+02
      vertex   7.814606e+01 -5.114751e+01 1.783956e+02
      vertex   7.802421e+01 -5.116258e+01 1.783956e+02
    endloop
  endfacet
  facet normal 0.000000e+00 0.000000e+00 1.000000e+00
    outer loop
      vertex   7.900455e+01 -5.611742e+01 1.783956e+02
      vertex   7.802421e+01 -5.116258e+01 1.783956e+02
      vertex   7.588842e+01 -5.196258e+01 1.783956e+02
    endloop
  endfacet
  facet normal 0.000000e+00 0.000000e+00 1.000000e+00
    outer loop
      vertex   7.588842e+01 -5.196258e+01 1.783956e+02
      vertex   7.802421e+01 -5.116258e+01 1.783956e+02
      vertex   7.628842e+01 -5.116258e+01 1.783956e+02
    endloop
  endfacet
  facet normal 0.000000e+00 0.000000e+00 1.000000e+00
    outer loop
      vertex   7.588842e+01 -5.196258e+01 1.783956e+02
      vertex   7.628842e+01 -5.116258e+01 1.783956e+02
      vertex   7.616664e+01 -5.117764e+01 1.783956e+02
    endloop
  endfacet
  facet normal 0.000000e+00 0.000000e+00 1.000000e+00
    outer loop
      vertex   7.616664e+01 -5.117764e+01 1.783956e+02
      vertex   7.605220e+01 -5.122191e+01 1.783956e+02
      vertex   7.588842e+01 -5.196258e+01 1.783956e+02
    endloop
  endfacet
  facet normal 0.000000e+00 0.000000e+00 1.000000e+00
    outer loop
      vertex   7.588842e+01 -5.196258e+01 1.783956e+02
      vertex   7.605220e+01 -5.122191e+01 1.783956e+02
      vertex   7.595198e+01 -5.129271e+01 1.783956e+02
    endloop
  endfacet
  facet normal 0.000000e+00 -0.000000e+00 1.000000e+00
    outer loop
      vertex   7.588842e+01 -5.196258e+01 1.783956e+02
      vertex   7.595198e+01 -5.129271e+01 1.783956e+02
      vertex   7.587203e+01 -5.138579e+01 1.783956e+02
    endloop
  endfacet
  facet normal 0.000000e+00 0.000000e+00 1.000000e+00
    outer loop
      vertex   7.588842e+01 -5.196258e+01 1.783956e+02
      vertex   7.587203e+01 -5.138579e+01 1.783956e+02
      vertex   7.582740e+01 -5.185613e+01 1.783956e+02
    endloop
  endfacet
  facet normal 0.000000e+00 -0.000000e+00 1.000000e+00
    outer loop
      vertex   7.582740e+01 -5.185613e+01 1.783956e+02
      vertex   7.587203e+01 -5.138579e+01 1.783956e+02
      vertex   7.581715e+01 -5.149554e+01 1.783956e+02
    endloop
  endfacet
  facet normal 0.000000e+00 0.000000e+00 1.000000e+00
    outer loop
      vertex   7.582740e+01 -5.185613e+01 1.783956e+02
      vertex   7.581715e+01 -5.149554e+01 1.783956e+02
      vertex   7.579414e+01 -5.173801e+01 1.783956e+02
    endloop
  endfacet
  facet normal 0.000000e+00 -0.000000e+00 1.000000e+00
    outer loop
      vertex   7.579414e+01 -5.173801e+01 1.783956e+02
      vertex   7.581715e+01 -5.149554e+01 1.783956e+02
      vertex   7.579066e+01 -5.161536e+01 1.783956e+02
    endloop
  endfacet
  facet normal 0.000000e+00 0.000000e+00 1.000000e+00
    outer loop
      vertex   8.328842e+01 -8.416258e+01 1.783956e+02
      vertex   7.613842e+01 -8.416258e+01 1.783956e+02
      vertex   7.713842e+01 -9.031258e+01 1.783956e+02
    endloop
  endfacet
  facet normal 0.000000e+00 0.000000e+00 1.000000e+00
    outer loop
      vertex   7.713842e+01 -9.031258e+01 1.783956e+02
      vertex   7.613842e+01 -8.416258e+01 1.783956e+02
      vertex   7.613842e+01 -1.013626e+02 1.783956e+02
    endloop
  endfacet
  facet normal 0.000000e+00 0.000000e+00 1.000000e+00
    outer loop
      vertex   7.713842e+01 -9.031258e+01 1.783956e+02
      vertex   7.613842e+01 -1.013626e+02 1.783956e+02
      vertex   7.713842e+01 -1.013626e+02 1.783956e+02
    endloop
  endfacet
  facet normal -7.071068e-01 9.949101e-16 7.071068e-01
    outer loop
      vertex   6.843842e+01 -1.023626e+02 1.773956e+02
      vertex   6.943842e+01 -1.013626e+02 1.783956e+02
      vertex   6.843842e+01 -8.216258e+01 1.773956e+02
    endloop
  endfacet
  facet normal -7.071068e-01 0.000000e+00 7.071068e-01
    outer loop
      vertex   6.843842e+01 -8.216258e+01 1.773956e+02
      vertex   6.943842e+01 -1.013626e+02 1.783956e+02
      vertex   6.943842e+01 -8.233930e+01 1.783956e+02
    endloop
  endfacet
  facet normal -6.642825e-01 2.423401e-01 7.071068e-01
    outer loop
      vertex   6.843842e+01 -8.216258e+01 1.773956e+02
      vertex   6.943842e+01 -8.233930e+01 1.783956e+02
      vertex   7.691754e+01 -5.892033e+01 1.773956e+02
    endloop
  endfacet
  facet normal -6.642825e-01 2.423401e-01 7.071068e-01
    outer loop
      vertex   7.691754e+01 -5.892033e+01 1.773956e+02
      vertex   6.943842e+01 -8.233930e+01 1.783956e+02
      vertex   7.900455e+01 -5.611742e+01 1.783956e+02
    endloop
  endfacet
  facet normal -6.642825e-01 2.423401e-01 7.071068e-01
    outer loop
      vertex   7.691754e+01 -5.892033e+01 1.773956e+02
      vertex   7.900455e+01 -5.611742e+01 1.783956e+02
      vertex   7.588842e+01 -5.196258e+01 1.740442e+02
    endloop
  endfacet
  facet normal -1.000000e+00 1.407015e-15 -4.200946e-14
    outer loop
      vertex   6.843842e+01 -1.023626e+02 1.773956e+02
      vertex   6.843842e+01 -8.216258e+01 1.773956e+02
      vertex   6.843842e+01 -1.030626e+02 1.766956e+02
    endloop
  endfacet
  facet normal -1.000000e+00 0.000000e+00 0.000000e+00
    outer loop
      vertex   6.843842e+01 -1.030626e+02 1.766956e+02
      vertex   6.843842e+01 -8.216258e+01 1.773956e+02
      vertex   6.843842e+01 -8.216258e+01 1.706956e+02
    endloop
  endfacet
  facet normal -1.000000e+00 0.000000e+00 -0.000000e+00
    outer loop
      vertex   6.843842e+01 -1.030626e+02 1.766956e+02
      vertex   6.843842e+01 -8.216258e+01 1.706956e+02
      vertex   6.843842e+01 -1.131626e+02 1.706956e+02
    endloop
  endfacet
  facet normal -1.000000e+00 -0.000000e+00 0.000000e+00
    outer loop
      vertex   6.843842e+01 -1.030626e+02 1.766956e+02
      vertex   6.843842e+01 -1.131626e+02 1.706956e+02
      vertex   6.843842e+01 -1.110626e+02 1.766956e+02
    endloop
  endfacet
  facet normal -1.000000e+00 1.212013e-14 -4.242046e-15
    outer loop
      vertex   6.843842e+01 -1.110626e+02 1.766956e+02
      vertex   6.843842e+01 -1.131626e+02 1.706956e+02
      vertex   6.843842e+01 -1.131626e+02 1.773956e+02
    endloop
  endfacet
  facet normal -1.000000e+00 0.000000e+00 -4.060244e-14
    outer loop
      vertex   6.843842e+01 -1.110626e+02 1.766956e+02
      vertex   6.843842e+01 -1.131626e+02 1.773956e+02
      vertex   6.843842e+01 -1.117626e+02 1.773956e+02
    endloop
  endfacet
  facet normal -9.394374e-01 3.427207e-01 0.000000e+00
    outer loop
      vertex   7.691754e+01 -5.892033e+01 1.706956e+02
      vertex   6.843842e+01 -8.216258e+01 1.706956e+02
      vertex   7.691754e+01 -5.892033e+01 1.773956e+02
    endloop
  endfacet
  facet normal -9.394374e-01 3.427207e-01 0.000000e+00
    outer loop
      vertex   7.691754e+01 -5.892033e+01 1.773956e+02
      vertex   6.843842e+01 -8.216258e+01 1.706956e+02
      vertex   6.843842e+01 -8.216258e+01 1.773956e+02
    endloop
  endfacet
  facet normal 7.071068e-01 0.000000e+00 7.071068e-01
    outer loop
      vertex   7.813842e+01 -1.117626e+02 1.773956e+02
      vertex   7.713842e+01 -1.127626e+02 1.783956e+02
      vertex   7.813842e+01 -1.131626e+02 1.773956e+02
    endloop
  endfacet
  facet normal 7.071068e-01 0.000000e+00 7.071068e-01
    outer loop
      vertex   7.813842e+01 -1.131626e+02 1.773956e+02
      vertex   7.713842e+01 -1.127626e+02 1.783956e+02
      vertex   7.713842e+01 -1.131626e+02 1.783956e+02
    endloop
  endfacet
  facet normal -6.525060e-15 -7.071068e-01 7.071068e-01
    outer loop
      vertex   7.713842e+01 -1.131626e+02 1.783956e+02
      vertex   6.943842e+01 -1.131626e+02 1.783956e+02
      vertex   7.713842e+01 -1.141626e+02 1.773956e+02
    endloop
  endfacet
  facet normal -5.220048e-15 -7.071068e-01 7.071068e-01
    outer loop
      vertex   7.713842e+01 -1.141626e+02 1.773956e+02
      vertex   6.943842e+01 -1.131626e+02 1.783956e+02
      vertex   6.943842e+01 -1.141626e+02 1.773956e+02
    endloop
  endfacet
  facet normal -7.071068e-01 0.000000e+00 7.071068e-01
    outer loop
      vertex   6.843842e+01 -1.117626e+02 1.773956e+02
      vertex   6.843842e+01 -1.131626e+02 1.773956e+02
      vertex   6.943842e+01 -1.127626e+02 1.783956e+02
    endloop
  endfacet
  facet normal -7.071068e-01 0.000000e+00 7.071068e-01
    outer loop
      vertex   6.943842e+01 -1.127626e+02 1.783956e+02
      vertex   6.843842e+01 -1.131626e+02 1.773956e+02
      vertex   6.943842e+01 -1.131626e+02 1.783956e+02
    endloop
  endfacet
  facet normal -7.040626e-01 -9.269160e-02 7.040626e-01
    outer loop
      vertex   6.843842e+01 -1.131626e+02 1.773956e+02
      vertex   6.847250e+01 -1.134214e+02 1.773956e+02
      vertex   6.943842e+01 -1.131626e+02 1.783956e+02
    endloop
  endfacet
  facet normal -6.560819e-01 -2.717580e-01 7.040626e-01
    outer loop
      vertex   6.847250e+01 -1.134214e+02 1.773956e+02
      vertex   6.857240e+01 -1.136626e+02 1.773956e+02
      vertex   6.943842e+01 -1.131626e+02 1.783956e+02
    endloop
  endfacet
  facet normal -5.633903e-01 -4.323046e-01 7.040626e-01
    outer loop
      vertex   6.857240e+01 -1.136626e+02 1.773956e+02
      vertex   6.873132e+01 -1.138697e+02 1.773956e+02
      vertex   6.943842e+01 -1.131626e+02 1.783956e+02
    endloop
  endfacet
  facet normal -4.323046e-01 -5.633903e-01 7.040626e-01
    outer loop
      vertex   6.873132e+01 -1.138697e+02 1.773956e+02
      vertex   6.893842e+01 -1.140286e+02 1.773956e+02
      vertex   6.943842e+01 -1.131626e+02 1.783956e+02
    endloop
  endfacet
  facet normal -2.717580e-01 -6.560819e-01 7.040626e-01
    outer loop
      vertex   6.893842e+01 -1.140286e+02 1.773956e+02
      vertex   6.917960e+01 -1.141285e+02 1.773956e+02
      vertex   6.943842e+01 -1.131626e+02 1.783956e+02
    endloop
  endfacet
  facet normal -9.269160e-02 -7.040626e-01 7.040626e-01
    outer loop
      vertex   6.917960e+01 -1.141285e+02 1.773956e+02
      vertex   6.943842e+01 -1.141626e+02 1.773956e+02
      vertex   6.943842e+01 -1.131626e+02 1.783956e+02
    endloop
  endfacet
  facet normal 9.269160e-02 -7.040626e-01 7.040626e-01
    outer loop
      vertex   7.713842e+01 -1.141626e+02 1.773956e+02
      vertex   7.739724e+01 -1.141285e+02 1.773956e+02
      vertex   7.713842e+01 -1.131626e+02 1.783956e+02
    endloop
  endfacet
  facet normal 2.717580e-01 -6.560819e-01 7.040626e-01
    outer loop
      vertex   7.739724e+01 -1.141285e+02 1.773956e+02
      vertex   7.763842e+01 -1.140286e+02 1.773956e+02
      vertex   7.713842e+01 -1.131626e+02 1.783956e+02
    endloop
  endfacet
  facet normal 4.323046e-01 -5.633903e-01 7.040626e-01
    outer loop
      vertex   7.763842e+01 -1.140286e+02 1.773956e+02
      vertex   7.784553e+01 -1.138697e+02 1.773956e+02
      vertex   7.713842e+01 -1.131626e+02 1.783956e+02
    endloop
  endfacet
  facet normal 5.633903e-01 -4.323046e-01 7.040626e-01
    outer loop
      vertex   7.784553e+01 -1.138697e+02 1.773956e+02
      vertex   7.800445e+01 -1.136626e+02 1.773956e+02
      vertex   7.713842e+01 -1.131626e+02 1.783956e+02
    endloop
  endfacet
  facet normal 6.560819e-01 -2.717580e-01 7.040626e-01
    outer loop
      vertex   7.800445e+01 -1.136626e+02 1.773956e+02
      vertex   7.810435e+01 -1.134214e+02 1.773956e+02
      vertex   7.713842e+01 -1.131626e+02 1.783956e+02
    endloop
  endfacet
  facet normal 7.040626e-01 -9.269160e-02 7.040626e-01
    outer loop
      vertex   7.810435e+01 -1.134214e+02 1.773956e+02
      vertex   7.813842e+01 -1.131626e+02 1.773956e+02
      vertex   7.713842e+01 -1.131626e+02 1.783956e+02
    endloop
  endfacet
  facet normal 9.914449e-01 -1.305262e-01 2.102877e-15
    outer loop
      vertex   7.813842e+01 -1.131626e+02 1.706956e+02
      vertex   7.813842e+01 -1.131626e+02 1.773956e+02
      vertex   7.810435e+01 -1.134214e+02 1.740456e+02
    endloop
  endfacet
  facet normal 9.914449e-01 -1.305262e-01 4.205755e-15
    outer loop
      vertex   7.810435e+01 -1.134214e+02 1.740456e+02
      vertex   7.813842e+01 -1.131626e+02 1.773956e+02
      vertex   7.810435e+01 -1.134214e+02 1.773956e+02
    endloop
  endfacet
  facet normal 9.238795e-01 -3.826834e-01 3.919140e-15
    outer loop
      vertex   7.810435e+01 -1.134214e+02 1.740456e+02
      vertex   7.810435e+01 -1.134214e+02 1.773956e+02
      vertex   7.800445e+01 -1.136626e+02 1.740456e+02
    endloop
  endfacet
  facet normal 9.238795e-01 -3.826834e-01 0.000000e+00
    outer loop
      vertex   7.800445e+01 -1.136626e+02 1.740456e+02
      vertex   7.810435e+01 -1.134214e+02 1.773956e+02
      vertex   7.800445e+01 -1.136626e+02 1.773956e+02
    endloop
  endfacet
  facet normal 7.933533e-01 -6.087614e-01 0.000000e+00
    outer loop
      vertex   7.800445e+01 -1.136626e+02 1.740456e+02
      vertex   7.800445e+01 -1.136626e+02 1.773956e+02
      vertex   7.784553e+01 -1.138697e+02 1.740456e+02
    endloop
  endfacet
  facet normal 7.933533e-01 -6.087614e-01 0.000000e+00
    outer loop
      vertex   7.784553e+01 -1.138697e+02 1.740456e+02
      vertex   7.800445e+01 -1.136626e+02 1.773956e+02
      vertex   7.784553e+01 -1.138697e+02 1.773956e+02
    endloop
  endfacet
  facet normal 6.087614e-01 -7.933533e-01 0.000000e+00
    outer loop
      vertex   7.784553e+01 -1.138697e+02 1.740456e+02
      vertex   7.784553e+01 -1.138697e+02 1.773956e+02
      vertex   7.763842e+01 -1.140286e+02 1.740456e+02
    endloop
  endfacet
  facet normal 6.087614e-01 -7.933533e-01 0.000000e+00
    outer loop
      vertex   7.763842e+01 -1.140286e+02 1.740456e+02
      vertex   7.784553e+01 -1.138697e+02 1.773956e+02
      vertex   7.763842e+01 -1.140286e+02 1.773956e+02
    endloop
  endfacet
  facet normal 3.826834e-01 -9.238795e-01 0.000000e+00
    outer loop
      vertex   7.763842e+01 -1.140286e+02 1.740456e+02
      vertex   7.763842e+01 -1.140286e+02 1.773956e+02
      vertex   7.739724e+01 -1.141285e+02 1.740456e+02
    endloop
  endfacet
  facet normal 3.826834e-01 -9.238795e-01 3.919140e-15
    outer loop
      vertex   7.739724e+01 -1.141285e+02 1.740456e+02
      vertex   7.763842e+01 -1.140286e+02 1.773956e+02
      vertex   7.739724e+01 -1.141285e+02 1.773956e+02
    endloop
  endfacet
  facet normal 1.305262e-01 -9.914449e-01 4.205755e-15
    outer loop
      vertex   7.739724e+01 -1.141285e+02 1.740456e+02
      vertex   7.739724e+01 -1.141285e+02 1.773956e+02
      vertex   7.713842e+01 -1.141626e+02 1.773956e+02
    endloop
  endfacet
  facet normal 1.305262e-01 -9.914449e-01 8.411510e-15
    outer loop
      vertex   7.713842e+01 -1.141626e+02 1.773956e+02
      vertex   7.713842e+01 -1.141626e+02 1.706956e+02
      vertex   7.739724e+01 -1.141285e+02 1.740456e+02
    endloop
  endfacet
  facet normal 1.305262e-01 -9.914449e-01 -4.205755e-15
    outer loop
      vertex   7.739724e+01 -1.141285e+02 1.740456e+02
      vertex   7.713842e+01 -1.141626e+02 1.706956e+02
      vertex   7.739724e+01 -1.141285e+02 1.706956e+02
    endloop
  endfacet
  facet normal 3.826834e-01 -9.238795e-01 -3.919140e-15
    outer loop
      vertex   7.739724e+01 -1.141285e+02 1.740456e+02
      vertex   7.739724e+01 -1.141285e+02 1.706956e+02
      vertex   7.763842e+01 -1.140286e+02 1.740456e+02
    endloop
  endfacet
  facet normal 3.826834e-01 -9.238795e-01 0.000000e+00
    outer loop
      vertex   7.763842e+01 -1.140286e+02 1.740456e+02
      vertex   7.739724e+01 -1.141285e+02 1.706956e+02
      vertex   7.763842e+01 -1.140286e+02 1.706956e+02
    endloop
  endfacet
  facet normal 6.087614e-01 -7.933533e-01 0.000000e+00
    outer loop
      vertex   7.763842e+01 -1.140286e+02 1.740456e+02
      vertex   7.763842e+01 -1.140286e+02 1.706956e+02
      vertex   7.784553e+01 -1.138697e+02 1.740456e+02
    endloop
  endfacet
  facet normal 6.087614e-01 -7.933533e-01 0.000000e+00
    outer loop
      vertex   7.784553e+01 -1.138697e+02 1.740456e+02
      vertex   7.763842e+01 -1.140286e+02 1.706956e+02
      vertex   7.784553e+01 -1.138697e+02 1.706956e+02
    endloop
  endfacet
  facet normal 7.933533e-01 -6.087614e-01 0.000000e+00
    outer loop
      vertex   7.784553e+01 -1.138697e+02 1.740456e+02
      vertex   7.784553e+01 -1.138697e+02 1.706956e+02
      vertex   7.800445e+01 -1.136626e+02 1.740456e+02
    endloop
  endfacet
  facet normal 7.933533e-01 -6.087614e-01 0.000000e+00
    outer loop
      vertex   7.800445e+01 -1.136626e+02 1.740456e+02
      vertex   7.784553e+01 -1.138697e+02 1.706956e+02
      vertex   7.800445e+01 -1.136626e+02 1.706956e+02
    endloop
  endfacet
  facet normal 9.238795e-01 -3.826834e-01 0.000000e+00
    outer loop
      vertex   7.800445e+01 -1.136626e+02 1.740456e+02
      vertex   7.800445e+01 -1.136626e+02 1.706956e+02
      vertex   7.810435e+01 -1.134214e+02 1.740456e+02
    endloop
  endfacet
  facet normal 9.238795e-01 -3.826834e-01 0.000000e+00
    outer loop
      vertex   7.810435e+01 -1.134214e+02 1.740456e+02
      vertex   7.800445e+01 -1.136626e+02 1.706956e+02
      vertex   7.810435e+01 -1.134214e+02 1.706956e+02
    endloop
  endfacet
  facet normal 9.914449e-01 -1.305262e-01 0.000000e+00
    outer loop
      vertex   7.810435e+01 -1.134214e+02 1.740456e+02
      vertex   7.810435e+01 -1.134214e+02 1.706956e+02
      vertex   7.813842e+01 -1.131626e+02 1.706956e+02
    endloop
  endfacet
  facet normal -7.382262e-15 -1.000000e+00 8.484092e-15
    outer loop
      vertex   7.713842e+01 -1.141626e+02 1.773956e+02
      vertex   6.943842e+01 -1.141626e+02 1.773956e+02
      vertex   7.713842e+01 -1.141626e+02 1.706956e+02
    endloop
  endfacet
  facet normal -7.382262e-15 -1.000000e+00 8.484092e-15
    outer loop
      vertex   7.713842e+01 -1.141626e+02 1.706956e+02
      vertex   6.943842e+01 -1.141626e+02 1.773956e+02
      vertex   6.943842e+01 -1.141626e+02 1.706956e+02
    endloop
  endfacet
  facet normal -1.305262e-01 -9.914449e-01 8.411510e-15
    outer loop
      vertex   6.943842e+01 -1.141626e+02 1.706956e+02
      vertex   6.943842e+01 -1.141626e+02 1.773956e+02
      vertex   6.917960e+01 -1.141285e+02 1.740456e+02
    endloop
  endfacet
  facet normal -1.305262e-01 -9.914449e-01 4.205755e-15
    outer loop
      vertex   6.917960e+01 -1.141285e+02 1.740456e+02
      vertex   6.943842e+01 -1.141626e+02 1.773956e+02
      vertex   6.917960e+01 -1.141285e+02 1.773956e+02
    endloop
  endfacet
  facet normal -3.826834e-01 -9.238795e-01 3.919140e-15
    outer loop
      vertex   6.917960e+01 -1.141285e+02 1.740456e+02
      vertex   6.917960e+01 -1.141285e+02 1.773956e+02
      vertex   6.893842e+01 -1.140286e+02 1.740456e+02
    endloop
  endfacet
  facet normal -3.826834e-01 -9.238795e-01 0.000000e+00
    outer loop
      vertex   6.893842e+01 -1.140286e+02 1.740456e+02
      vertex   6.917960e+01 -1.141285e+02 1.773956e+02
      vertex   6.893842e+01 -1.140286e+02 1.773956e+02
    endloop
  endfacet
  facet normal -6.087614e-01 -7.933533e-01 0.000000e+00
    outer loop
      vertex   6.893842e+01 -1.140286e+02 1.740456e+02
      vertex   6.893842e+01 -1.140286e+02 1.773956e+02
      vertex   6.873132e+01 -1.138697e+02 1.740456e+02
    endloop
  endfacet
  facet normal -6.087614e-01 -7.933533e-01 2.582394e-15
    outer loop
      vertex   6.873132e+01 -1.138697e+02 1.740456e+02
      vertex   6.893842e+01 -1.140286e+02 1.773956e+02
      vertex   6.873132e+01 -1.138697e+02 1.773956e+02
    endloop
  endfacet
  facet normal -7.933533e-01 -6.087614e-01 3.365442e-15
    outer loop
      vertex   6.873132e+01 -1.138697e+02 1.740456e+02
      vertex   6.873132e+01 -1.138697e+02 1.773956e+02
      vertex   6.857240e+01 -1.136626e+02 1.740456e+02
    endloop
  endfacet
  facet normal -7.933533e-01 -6.087614e-01 0.000000e+00
    outer loop
      vertex   6.857240e+01 -1.136626e+02 1.740456e+02
      vertex   6.873132e+01 -1.138697e+02 1.773956e+02
      vertex   6.857240e+01 -1.136626e+02 1.773956e+02
    endloop
  endfacet
  facet normal -9.238795e-01 -3.826834e-01 0.000000e+00
    outer loop
      vertex   6.857240e+01 -1.136626e+02 1.740456e+02
      vertex   6.857240e+01 -1.136626e+02 1.773956e+02
      vertex   6.847250e+01 -1.134214e+02 1.740456e+02
    endloop
  endfacet
  facet normal -9.238795e-01 -3.826834e-01 0.000000e+00
    outer loop
      vertex   6.847250e+01 -1.134214e+02 1.740456e+02
      vertex   6.857240e+01 -1.136626e+02 1.773956e+02
      vertex   6.847250e+01 -1.134214e+02 1.773956e+02
    endloop
  endfacet
  facet normal -9.914449e-01 -1.305262e-01 0.000000e+00
    outer loop
      vertex   6.847250e+01 -1.134214e+02 1.740456e+02
      vertex   6.847250e+01 -1.134214e+02 1.773956e+02
      vertex   6.843842e+01 -1.131626e+02 1.773956e+02
    endloop
  endfacet
  facet normal -9.914449e-01 -1.305262e-01 -4.205755e-15
    outer loop
      vertex   6.843842e+01 -1.131626e+02 1.773956e+02
      vertex   6.843842e+01 -1.131626e+02 1.706956e+02
      vertex   6.847250e+01 -1.134214e+02 1.740456e+02
    endloop
  endfacet
  facet normal -9.914449e-01 -1.305262e-01 -0.000000e+00
    outer loop
      vertex   6.847250e+01 -1.134214e+02 1.740456e+02
      vertex   6.843842e+01 -1.131626e+02 1.706956e+02
      vertex   6.847250e+01 -1.134214e+02 1.706956e+02
    endloop
  endfacet
  facet normal -9.238795e-01 -3.826834e-01 -0.000000e+00
    outer loop
      vertex   6.847250e+01 -1.134214e+02 1.740456e+02
      vertex   6.847250e+01 -1.134214e+02 1.706956e+02
      vertex   6.857240e+01 -1.136626e+02 1.740456e+02
    endloop
  endfacet
  facet normal -9.238795e-01 -3.826834e-01 -0.000000e+00
    outer loop
      vertex   6.857240e+01 -1.136626e+02 1.740456e+02
      vertex   6.847250e+01 -1.134214e+02 1.706956e+02
      vertex   6.857240e+01 -1.136626e+02 1.706956e+02
    endloop
  endfacet
  facet normal -7.933533e-01 -6.087614e-01 -0.000000e+00
    outer loop
      vertex   6.857240e+01 -1.136626e+02 1.740456e+02
      vertex   6.857240e+01 -1.136626e+02 1.706956e+02
      vertex   6.873132e+01 -1.138697e+02 1.740456e+02
    endloop
  endfacet
  facet normal -7.933533e-01 -6.087614e-01 -5.947836e-15
    outer loop
      vertex   6.873132e+01 -1.138697e+02 1.740456e+02
      vertex   6.857240e+01 -1.136626e+02 1.706956e+02
      vertex   6.873132e+01 -1.138697e+02 1.706956e+02
    endloop
  endfacet
  facet normal -6.087614e-01 -7.933533e-01 -5.947836e-15
    outer loop
      vertex   6.873132e+01 -1.138697e+02 1.740456e+02
      vertex   6.873132e+01 -1.138697e+02 1.706956e+02
      vertex   6.893842e+01 -1.140286e+02 1.740456e+02
    endloop
  endfacet
  facet normal -6.087614e-01 -7.933533e-01 -0.000000e+00
    outer loop
      vertex   6.893842e+01 -1.140286e+02 1.740456e+02
      vertex   6.873132e+01 -1.138697e+02 1.706956e+02
      vertex   6.893842e+01 -1.140286e+02 1.706956e+02
    endloop
  endfacet
  facet normal -3.826834e-01 -9.238795e-01 -0.000000e+00
    outer loop
      vertex   6.893842e+01 -1.140286e+02 1.740456e+02
      vertex   6.893842e+01 -1.140286e+02 1.706956e+02
      vertex   6.917960e+01 -1.141285e+02 1.740456e+02
    endloop
  endfacet
  facet normal -3.826834e-01 -9.238795e-01 -0.000000e+00
    outer loop
      vertex   6.917960e+01 -1.141285e+02 1.740456e+02
      vertex   6.893842e+01 -1.140286e+02 1.706956e+02
      vertex   6.917960e+01 -1.141285e+02 1.706956e+02
    endloop
  endfacet
  facet normal -1.305262e-01 -9.914449e-01 -0.000000e+00
    outer loop
      vertex   6.917960e+01 -1.141285e+02 1.740456e+02
      vertex   6.917960e+01 -1.141285e+02 1.706956e+02
      vertex   6.943842e+01 -1.141626e+02 1.706956e+02
    endloop
  endfacet
  facet normal 7.071068e-01 -0.000000e+00 7.071068e-01
    outer loop
      vertex   7.713842e+01 -1.013626e+02 1.783956e+02
      vertex   7.813842e+01 -1.023626e+02 1.773956e+02
      vertex   7.713842e+01 -9.031258e+01 1.783956e+02
    endloop
  endfacet
  facet normal 7.071068e-01 0.000000e+00 7.071068e-01
    outer loop
      vertex   7.713842e+01 -9.031258e+01 1.783956e+02
      vertex   7.813842e+01 -1.023626e+02 1.773956e+02
      vertex   7.813842e+01 -8.931258e+01 1.773956e+02
    endloop
  endfacet
  facet normal 1.000000e+00 0.000000e+00 0.000000e+00
    outer loop
      vertex   7.813842e+01 -1.117626e+02 1.773956e+02
      vertex   7.813842e+01 -1.131626e+02 1.773956e+02
      vertex   7.813842e+01 -1.110626e+02 1.766956e+02
    endloop
  endfacet
  facet normal 1.000000e+00 7.070077e-16 2.121023e-15
    outer loop
      vertex   7.813842e+01 -1.110626e+02 1.766956e+02
      vertex   7.813842e+01 -1.131626e+02 1.773956e+02
      vertex   7.813842e+01 -1.131626e+02 1.706956e+02
    endloop
  endfacet
  facet normal 1.000000e+00 -0.000000e+00 2.368476e-15
    outer loop
      vertex   7.813842e+01 -1.110626e+02 1.766956e+02
      vertex   7.813842e+01 -1.131626e+02 1.706956e+02
      vertex   7.813842e+01 -1.030626e+02 1.766956e+02
    endloop
  endfacet
  facet normal 1.000000e+00 5.958430e-16 1.365473e-15
    outer loop
      vertex   7.813842e+01 -1.030626e+02 1.766956e+02
      vertex   7.813842e+01 -1.131626e+02 1.706956e+02
      vertex   7.813842e+01 -8.931258e+01 1.706956e+02
    endloop
  endfacet
  facet normal 1.000000e+00 -0.000000e+00 0.000000e+00
    outer loop
      vertex   7.813842e+01 -1.030626e+02 1.766956e+02
      vertex   7.813842e+01 -8.931258e+01 1.706956e+02
      vertex   7.813842e+01 -8.931258e+01 1.773956e+02
    endloop
  endfacet
  facet normal 1.000000e+00 0.000000e+00 0.000000e+00
    outer loop
      vertex   7.813842e+01 -8.931258e+01 1.773956e+02
      vertex   7.813842e+01 -1.023626e+02 1.773956e+02
      vertex   7.813842e+01 -1.030626e+02 1.766956e+02
    endloop
  endfacet
  facet normal 0.000000e+00 -7.071068e-01 7.071068e-01
    outer loop
      vertex   7.813842e+01 -1.030626e+02 1.766956e+02
      vertex   7.813842e+01 -1.023626e+02 1.773956e+02
      vertex   7.613842e+01 -1.030626e+02 1.766956e+02
    endloop
  endfacet
  facet normal 3.721701e-15 -7.071068e-01 7.071068e-01
    outer loop
      vertex   7.613842e+01 -1.030626e+02 1.766956e+02
      vertex   7.813842e+01 -1.023626e+02 1.773956e+02
      vertex   7.713842e+01 -1.013626e+02 1.783956e+02
    endloop
  endfacet
  facet normal 9.974705e-15 -7.071068e-01 7.071068e-01
    outer loop
      vertex   7.613842e+01 -1.030626e+02 1.766956e+02
      vertex   7.713842e+01 -1.013626e+02 1.783956e+02
      vertex   7.613842e+01 -1.013626e+02 1.783956e+02
    endloop
  endfacet
  facet normal -1.004859e-14 -7.071068e-01 7.071068e-01
    outer loop
      vertex   7.043842e+01 -1.013626e+02 1.783956e+02
      vertex   6.943842e+01 -1.013626e+02 1.783956e+02
      vertex   7.043842e+01 -1.030626e+02 1.766956e+02
    endloop
  endfacet
  facet normal -3.721701e-15 -7.071068e-01 7.071068e-01
    outer loop
      vertex   7.043842e+01 -1.030626e+02 1.766956e+02
      vertex   6.943842e+01 -1.013626e+02 1.783956e+02
      vertex   6.843842e+01 -1.023626e+02 1.773956e+02
    endloop
  endfacet
  facet normal 0.000000e+00 -7.071068e-01 7.071068e-01
    outer loop
      vertex   7.043842e+01 -1.030626e+02 1.766956e+02
      vertex   6.843842e+01 -1.023626e+02 1.773956e+02
      vertex   6.843842e+01 -1.030626e+02 1.766956e+02
    endloop
  endfacet
  facet normal 0.000000e+00 -0.000000e+00 1.000000e+00
    outer loop
      vertex   7.043842e+01 -1.110626e+02 1.766956e+02
      vertex   7.043842e+01 -1.030626e+02 1.766956e+02
      vertex   6.843842e+01 -1.110626e+02 1.766956e+02
    endloop
  endfacet
  facet normal 0.000000e+00 0.000000e+00 1.000000e+00
    outer loop
      vertex   6.843842e+01 -1.110626e+02 1.766956e+02
      vertex   7.043842e+01 -1.030626e+02 1.766956e+02
      vertex   6.843842e+01 -1.030626e+02 1.766956e+02
    endloop
  endfacet
  facet normal 1.256074e-14 7.071068e-01 7.071068e-01
    outer loop
      vertex   7.813842e+01 -1.117626e+02 1.773956e+02
      vertex   7.613842e+01 -1.121626e+02 1.777956e+02
      vertex   7.713842e+01 -1.127626e+02 1.783956e+02
    endloop
  endfacet
  facet normal -5.291028e-15 7.071068e-01 7.071068e-01
    outer loop
      vertex   7.713842e+01 -1.127626e+02 1.783956e+02
      vertex   7.613842e+01 -1.121626e+02 1.777956e+02
      vertex   7.043842e+01 -1.121626e+02 1.777956e+02
    endloop
  endfacet
  facet normal 0.000000e+00 7.071068e-01 7.071068e-01
    outer loop
      vertex   7.713842e+01 -1.127626e+02 1.783956e+02
      vertex   7.043842e+01 -1.121626e+02 1.777956e+02
      vertex   6.943842e+01 -1.127626e+02 1.783956e+02
    endloop
  endfacet
  facet normal 6.280370e-15 7.071068e-01 7.071068e-01
    outer loop
      vertex   6.943842e+01 -1.127626e+02 1.783956e+02
      vertex   7.043842e+01 -1.121626e+02 1.777956e+02
      vertex   6.843842e+01 -1.117626e+02 1.773956e+02
    endloop
  endfacet
  facet normal 3.193711e-15 7.071068e-01 7.071068e-01
    outer loop
      vertex   6.843842e+01 -1.117626e+02 1.773956e+02
      vertex   7.043842e+01 -1.121626e+02 1.777956e+02
      vertex   7.043842e+01 -1.110626e+02 1.766956e+02
    endloop
  endfacet
  facet normal 0.000000e+00 7.071068e-01 7.071068e-01
    outer loop
      vertex   6.843842e+01 -1.117626e+02 1.773956e+02
      vertex   7.043842e+01 -1.110626e+02 1.766956e+02
      vertex   6.843842e+01 -1.110626e+02 1.766956e+02
    endloop
  endfacet
  facet normal 0.000000e+00 7.071068e-01 7.071068e-01
    outer loop
      vertex   7.813842e+01 -1.110626e+02 1.766956e+02
      vertex   7.613842e+01 -1.110626e+02 1.766956e+02
      vertex   7.813842e+01 -1.117626e+02 1.773956e+02
    endloop
  endfacet
  facet normal 6.387422e-15 7.071068e-01 7.071068e-01
    outer loop
      vertex   7.813842e+01 -1.117626e+02 1.773956e+02
      vertex   7.613842e+01 -1.110626e+02 1.766956e+02
      vertex   7.613842e+01 -1.121626e+02 1.777956e+02
    endloop
  endfacet
  facet normal -0.000000e+00 0.000000e+00 1.000000e+00
    outer loop
      vertex   7.613842e+01 -1.030626e+02 1.766956e+02
      vertex   7.613842e+01 -1.110626e+02 1.766956e+02
      vertex   7.813842e+01 -1.030626e+02 1.766956e+02
    endloop
  endfacet
  facet normal 0.000000e+00 0.000000e+00 1.000000e+00
    outer loop
      vertex   7.813842e+01 -1.030626e+02 1.766956e+02
      vertex   7.613842e+01 -1.110626e+02 1.766956e+02
      vertex   7.813842e+01 -1.110626e+02 1.766956e+02
    endloop
  endfacet
  facet normal 0.000000e+00 0.000000e+00 1.000000e+00
    outer loop
      vertex   7.713842e+01 -1.127626e+02 1.783956e+02
      vertex   6.943842e+01 -1.127626e+02 1.783956e+02
      vertex   7.713842e+01 -1.131626e+02 1.783956e+02
    endloop
  endfacet
  facet normal 0.000000e+00 0.000000e+00 1.000000e+00
    outer loop
      vertex   7.713842e+01 -1.131626e+02 1.783956e+02
      vertex   6.943842e+01 -1.127626e+02 1.783956e+02
      vertex   6.943842e+01 -1.131626e+02 1.783956e+02
    endloop
  endfacet
  facet normal 1.000000e+00 -0.000000e+00 0.000000e+00
    outer loop
      vertex   7.043842e+01 -1.013626e+02 1.783956e+02
      vertex   7.043842e+01 -1.030626e+02 1.766956e+02
      vertex   7.043842e+01 -8.416258e+01 1.783956e+02
    endloop
  endfacet
  facet normal 1.000000e+00 0.000000e+00 0.000000e+00
    outer loop
      vertex   7.043842e+01 -8.416258e+01 1.783956e+02
      vertex   7.043842e+01 -1.030626e+02 1.766956e+02
      vertex   7.043842e+01 -8.416258e+01 1.746956e+02
    endloop
  endfacet
  facet normal 1.000000e+00 0.000000e+00 0.000000e+00
    outer loop
      vertex   7.043842e+01 -8.416258e+01 1.746956e+02
      vertex   7.043842e+01 -1.030626e+02 1.766956e+02
      vertex   7.043842e+01 -1.121626e+02 1.746956e+02
    endloop
  endfacet
  facet normal 1.000000e+00 0.000000e+00 0.000000e+00
    outer loop
      vertex   7.043842e+01 -1.121626e+02 1.746956e+02
      vertex   7.043842e+01 -1.030626e+02 1.766956e+02
      vertex   7.043842e+01 -1.110626e+02 1.766956e+02
    endloop
  endfacet
  facet normal 1.000000e+00 0.000000e+00 0.000000e+00
    outer loop
      vertex   7.043842e+01 -1.121626e+02 1.746956e+02
      vertex   7.043842e+01 -1.110626e+02 1.766956e+02
      vertex   7.043842e+01 -1.121626e+02 1.777956e+02
    endloop
  endfacet
  facet normal 8.947466e-01 4.465742e-01 0.000000e+00
    outer loop
      vertex   8.813606e+01 -5.093911e+01 1.783956e+02
      vertex   8.813606e+01 -5.093911e+01 1.758289e+02
      vertex   8.808123e+01 -5.082925e+01 1.783956e+02
    endloop
  endfacet
  facet normal 8.947466e-01 4.465742e-01 0.000000e+00
    outer loop
      vertex   8.808123e+01 -5.082925e+01 1.783956e+02
      vertex   8.813606e+01 -5.093911e+01 1.758289e+02
      vertex   8.813606e+01 -5.093911e+01 1.732622e+02
    endloop
  endfacet
  facet normal 8.947466e-01 4.465742e-01 0.000000e+00
    outer loop
      vertex   8.808123e+01 -5.082925e+01 1.783956e+02
      vertex   8.813606e+01 -5.093911e+01 1.732622e+02
      vertex   8.808123e+01 -5.082925e+01 1.706956e+02
    endloop
  endfacet
  facet normal 8.947466e-01 4.465742e-01 0.000000e+00
    outer loop
      vertex   8.808123e+01 -5.082925e+01 1.706956e+02
      vertex   8.813606e+01 -5.093911e+01 1.732622e+02
      vertex   8.813606e+01 -5.093911e+01 1.706956e+02
    endloop
  endfacet
  facet normal 7.589321e-01 6.511698e-01 -0.000000e+00
    outer loop
      vertex   8.813606e+01 -5.093911e+01 1.706956e+02
      vertex   8.813606e+01 -5.093911e+01 1.732622e+02
      vertex   8.821602e+01 -5.103230e+01 1.706956e+02
    endloop
  endfacet
  facet normal 7.589321e-01 6.511698e-01 1.802665e-15
    outer loop
      vertex   8.821602e+01 -5.103230e+01 1.706956e+02
      vertex   8.813606e+01 -5.093911e+01 1.732622e+02
      vertex   8.821602e+01 -5.103230e+01 1.732622e+02
    endloop
  endfacet
  facet normal 5.773503e-01 8.164966e-01 2.260347e-15
    outer loop
      vertex   8.821602e+01 -5.103230e+01 1.706956e+02
      vertex   8.821602e+01 -5.103230e+01 1.732622e+02
      vertex   8.831627e+01 -5.110319e+01 1.706956e+02
    endloop
  endfacet
  facet normal 5.773503e-01 8.164966e-01 -0.000000e+00
    outer loop
      vertex   8.831627e+01 -5.110319e+01 1.706956e+02
      vertex   8.821602e+01 -5.103230e+01 1.732622e+02
      vertex   8.831627e+01 -5.110319e+01 1.732622e+02
    endloop
  endfacet
  facet normal 3.609514e-01 9.325846e-01 -0.000000e+00
    outer loop
      vertex   8.831627e+01 -5.110319e+01 1.706956e+02
      vertex   8.831627e+01 -5.110319e+01 1.732622e+02
      vertex   8.843078e+01 -5.114751e+01 1.706956e+02
    endloop
  endfacet
  facet normal 3.609514e-01 9.325846e-01 -0.000000e+00
    outer loop
      vertex   8.843078e+01 -5.114751e+01 1.706956e+02
      vertex   8.831627e+01 -5.110319e+01 1.732622e+02
      vertex   8.843078e+01 -5.114751e+01 1.732622e+02
    endloop
  endfacet
  facet normal 1.227853e-01 9.924333e-01 -0.000000e+00
    outer loop
      vertex   8.843078e+01 -5.114751e+01 1.706956e+02
      vertex   8.843078e+01 -5.114751e+01 1.732622e+02
      vertex   8.855264e+01 -5.116258e+01 1.706956e+02
    endloop
  endfacet
  facet normal 1.227853e-01 9.924333e-01 0.000000e+00
    outer loop
      vertex   8.855264e+01 -5.116258e+01 1.706956e+02
      vertex   8.843078e+01 -5.114751e+01 1.732622e+02
      vertex   8.843078e+01 -5.114751e+01 1.758289e+02
    endloop
  endfacet
  facet normal 1.227853e-01 9.924333e-01 -0.000000e+00
    outer loop
      vertex   8.855264e+01 -5.116258e+01 1.706956e+02
      vertex   8.843078e+01 -5.114751e+01 1.758289e+02
      vertex   8.855264e+01 -5.116258e+01 1.783956e+02
    endloop
  endfacet
  facet normal 1.227853e-01 9.924333e-01 0.000000e+00
    outer loop
      vertex   8.855264e+01 -5.116258e+01 1.783956e+02
      vertex   8.843078e+01 -5.114751e+01 1.758289e+02
      vertex   8.843078e+01 -5.114751e+01 1.783956e+02
    endloop
  endfacet
  facet normal 3.609514e-01 9.325846e-01 0.000000e+00
    outer loop
      vertex   8.843078e+01 -5.114751e+01 1.783956e+02
      vertex   8.843078e+01 -5.114751e+01 1.758289e+02
      vertex   8.831627e+01 -5.110319e+01 1.783956e+02
    endloop
  endfacet
  facet normal 3.609514e-01 9.325846e-01 0.000000e+00
    outer loop
      vertex   8.831627e+01 -5.110319e+01 1.783956e+02
      vertex   8.843078e+01 -5.114751e+01 1.758289e+02
      vertex   8.831627e+01 -5.110319e+01 1.758289e+02
    endloop
  endfacet
  facet normal 5.773503e-01 8.164966e-01 0.000000e+00
    outer loop
      vertex   8.831627e+01 -5.110319e+01 1.783956e+02
      vertex   8.831627e+01 -5.110319e+01 1.758289e+02
      vertex   8.821602e+01 -5.103230e+01 1.783956e+02
    endloop
  endfacet
  facet normal 5.773503e-01 8.164966e-01 -2.260347e-15
    outer loop
      vertex   8.821602e+01 -5.103230e+01 1.783956e+02
      vertex   8.831627e+01 -5.110319e+01 1.758289e+02
      vertex   8.821602e+01 -5.103230e+01 1.758289e+02
    endloop
  endfacet
  facet normal 7.589321e-01 6.511698e-01 -1.802665e-15
    outer loop
      vertex   8.821602e+01 -5.103230e+01 1.783956e+02
      vertex   8.821602e+01 -5.103230e+01 1.758289e+02
      vertex   8.813606e+01 -5.093911e+01 1.783956e+02
    endloop
  endfacet
  facet normal 7.589321e-01 6.511698e-01 0.000000e+00
    outer loop
      vertex   8.813606e+01 -5.093911e+01 1.783956e+02
      vertex   8.821602e+01 -5.103230e+01 1.758289e+02
      vertex   8.813606e+01 -5.093911e+01 1.758289e+02
    endloop
  endfacet
  facet normal 7.589321e-01 6.511698e-01 0.000000e+00
    outer loop
      vertex   8.821602e+01 -5.103230e+01 1.732622e+02
      vertex   8.813606e+01 -5.093911e+01 1.732622e+02
      vertex   8.813606e+01 -5.093911e+01 1.758289e+02
    endloop
  endfacet
  facet normal 7.589321e-01 6.511698e-01 -0.000000e+00
    outer loop
      vertex   8.821602e+01 -5.103230e+01 1.732622e+02
      vertex   8.813606e+01 -5.093911e+01 1.758289e+02
      vertex   8.821602e+01 -5.103230e+01 1.758289e+02
    endloop
  endfacet
  facet normal 5.773503e-01 8.164966e-01 0.000000e+00
    outer loop
      vertex   8.831627e+01 -5.110319e+01 1.732622e+02
      vertex   8.821602e+01 -5.103230e+01 1.732622e+02
      vertex   8.821602e+01 -5.103230e+01 1.758289e+02
    endloop
  endfacet
  facet normal 5.773503e-01 8.164966e-01 -0.000000e+00
    outer loop
      vertex   8.831627e+01 -5.110319e+01 1.732622e+02
      vertex   8.821602e+01 -5.103230e+01 1.758289e+02
      vertex   8.831627e+01 -5.110319e+01 1.758289e+02
    endloop
  endfacet
  facet normal 3.609514e-01 9.325846e-01 0.000000e+00
    outer loop
      vertex   8.843078e+01 -5.114751e+01 1.732622e+02
      vertex   8.831627e+01 -5.110319e+01 1.732622e+02
      vertex   8.831627e+01 -5.110319e+01 1.758289e+02
    endloop
  endfacet
  facet normal 3.609514e-01 9.325846e-01 -0.000000e+00
    outer loop
      vertex   8.843078e+01 -5.114751e+01 1.732622e+02
      vertex   8.831627e+01 -5.110319e+01 1.758289e+02
      vertex   8.843078e+01 -5.114751e+01 1.758289e+02
    endloop
  endfacet
  facet normal -0.000000e+00 1.000000e+00 0.000000e+00
    outer loop
      vertex   8.855264e+01 -5.116258e+01 1.783956e+02
      vertex   9.028842e+01 -5.116258e+01 1.783956e+02
      vertex   8.855264e+01 -5.116258e+01 1.706956e+02
    endloop
  endfacet
  facet normal 0.000000e+00 1.000000e+00 0.000000e+00
    outer loop
      vertex   8.855264e+01 -5.116258e+01 1.706956e+02
      vertex   9.028842e+01 -5.116258e+01 1.783956e+02
      vertex   9.028842e+01 -5.116258e+01 1.706956e+02
    endloop
  endfacet
  facet normal -1.227853e-01 9.924333e-01 0.000000e+00
    outer loop
      vertex   8.584606e+01 -5.114751e+01 1.783956e+02
      vertex   8.584606e+01 -5.114751e+01 1.758289e+02
      vertex   8.572421e+01 -5.116258e+01 1.783956e+02
    endloop
  endfacet
  facet normal -1.227853e-01 9.924333e-01 0.000000e+00
    outer loop
      vertex   8.572421e+01 -5.116258e+01 1.783956e+02
      vertex   8.584606e+01 -5.114751e+01 1.758289e+02
      vertex   8.584606e+01 -5.114751e+01 1.732622e+02
    endloop
  endfacet
  facet normal -1.227853e-01 9.924333e-01 1.831601e-15
    outer loop
      vertex   8.572421e+01 -5.116258e+01 1.783956e+02
      vertex   8.584606e+01 -5.114751e+01 1.732622e+02
      vertex   8.572421e+01 -5.116258e+01 1.706956e+02
    endloop
  endfacet
  facet normal -1.227853e-01 9.924333e-01 0.000000e+00
    outer loop
      vertex   8.572421e+01 -5.116258e+01 1.706956e+02
      vertex   8.584606e+01 -5.114751e+01 1.732622e+02
      vertex   8.584606e+01 -5.114751e+01 1.706956e+02
    endloop
  endfacet
  facet normal -3.609514e-01 9.325846e-01 0.000000e+00
    outer loop
      vertex   8.584606e+01 -5.114751e+01 1.706956e+02
      vertex   8.584606e+01 -5.114751e+01 1.732622e+02
      vertex   8.596057e+01 -5.110319e+01 1.706956e+02
    endloop
  endfacet
  facet normal -3.609514e-01 9.325846e-01 0.000000e+00
    outer loop
      vertex   8.596057e+01 -5.110319e+01 1.706956e+02
      vertex   8.584606e+01 -5.114751e+01 1.732622e+02
      vertex   8.596057e+01 -5.110319e+01 1.732622e+02
    endloop
  endfacet
  facet normal -5.773503e-01 8.164966e-01 0.000000e+00
    outer loop
      vertex   8.596057e+01 -5.110319e+01 1.706956e+02
      vertex   8.596057e+01 -5.110319e+01 1.732622e+02
      vertex   8.606083e+01 -5.103230e+01 1.706956e+02
    endloop
  endfacet
  facet normal -5.773503e-01 8.164966e-01 4.520694e-15
    outer loop
      vertex   8.606083e+01 -5.103230e+01 1.706956e+02
      vertex   8.596057e+01 -5.110319e+01 1.732622e+02
      vertex   8.606083e+01 -5.103230e+01 1.732622e+02
    endloop
  endfacet
  facet normal -7.589321e-01 6.511698e-01 3.605329e-15
    outer loop
      vertex   8.606083e+01 -5.103230e+01 1.706956e+02
      vertex   8.606083e+01 -5.103230e+01 1.732622e+02
      vertex   8.614078e+01 -5.093911e+01 1.706956e+02
    endloop
  endfacet
  facet normal -7.589321e-01 6.511698e-01 0.000000e+00
    outer loop
      vertex   8.614078e+01 -5.093911e+01 1.706956e+02
      vertex   8.606083e+01 -5.103230e+01 1.732622e+02
      vertex   8.614078e+01 -5.093911e+01 1.732622e+02
    endloop
  endfacet
  facet normal -8.947466e-01 4.465742e-01 0.000000e+00
    outer loop
      vertex   8.614078e+01 -5.093911e+01 1.706956e+02
      vertex   8.614078e+01 -5.093911e+01 1.732622e+02
      vertex   8.619561e+01 -5.082925e+01 1.706956e+02
    endloop
  endfacet
  facet normal -8.947466e-01 4.465742e-01 0.000000e+00
    outer loop
      vertex   8.619561e+01 -5.082925e+01 1.706956e+02
      vertex   8.614078e+01 -5.093911e+01 1.732622e+02
      vertex   8.614078e+01 -5.093911e+01 1.758289e+02
    endloop
  endfacet
  facet normal -8.947466e-01 4.465742e-01 0.000000e+00
    outer loop
      vertex   8.619561e+01 -5.082925e+01 1.706956e+02
      vertex   8.614078e+01 -5.093911e+01 1.758289e+02
      vertex   8.619561e+01 -5.082925e+01 1.783956e+02
    endloop
  endfacet
  facet normal -8.947466e-01 4.465742e-01 0.000000e+00
    outer loop
      vertex   8.619561e+01 -5.082925e+01 1.783956e+02
      vertex   8.614078e+01 -5.093911e+01 1.758289e+02
      vertex   8.614078e+01 -5.093911e+01 1.783956e+02
    endloop
  endfacet
  facet normal -7.589321e-01 6.511698e-01 0.000000e+00
    outer loop
      vertex   8.614078e+01 -5.093911e+01 1.783956e+02
      vertex   8.614078e+01 -5.093911e+01 1.758289e+02
      vertex   8.606083e+01 -5.103230e+01 1.783956e+02
    endloop
  endfacet
  facet normal -7.589321e-01 6.511698e-01 -3.605329e-15
    outer loop
      vertex   8.606083e+01 -5.103230e+01 1.783956e+02
      vertex   8.614078e+01 -5.093911e+01 1.758289e+02
      vertex   8.606083e+01 -5.103230e+01 1.758289e+02
    endloop
  endfacet
  facet normal -5.773503e-01 8.164966e-01 -4.520694e-15
    outer loop
      vertex   8.606083e+01 -5.103230e+01 1.783956e+02
      vertex   8.606083e+01 -5.103230e+01 1.758289e+02
      vertex   8.596057e+01 -5.110319e+01 1.783956e+02
    endloop
  endfacet
  facet normal -5.773503e-01 8.164966e-01 0.000000e+00
    outer loop
      vertex   8.596057e+01 -5.110319e+01 1.783956e+02
      vertex   8.606083e+01 -5.103230e+01 1.758289e+02
      vertex   8.596057e+01 -5.110319e+01 1.758289e+02
    endloop
  endfacet
  facet normal -3.609514e-01 9.325846e-01 0.000000e+00
    outer loop
      vertex   8.596057e+01 -5.110319e+01 1.783956e+02
      vertex   8.596057e+01 -5.110319e+01 1.758289e+02
      vertex   8.584606e+01 -5.114751e+01 1.783956e+02
    endloop
  endfacet
  facet normal -3.609514e-01 9.325846e-01 0.000000e+00
    outer loop
      vertex   8.584606e+01 -5.114751e+01 1.783956e+02
      vertex   8.596057e+01 -5.110319e+01 1.758289e+02
      vertex   8.584606e+01 -5.114751e+01 1.758289e+02
    endloop
  endfacet
  facet normal -3.609514e-01 9.325846e-01 0.000000e+00
    outer loop
      vertex   8.596057e+01 -5.110319e+01 1.732622e+02
      vertex   8.584606e+01 -5.114751e+01 1.732622e+02
      vertex   8.584606e+01 -5.114751e+01 1.758289e+02
    endloop
  endfacet
  facet normal -3.609514e-01 9.325846e-01 0.000000e+00
    outer loop
      vertex   8.596057e+01 -5.110319e+01 1.732622e+02
      vertex   8.584606e+01 -5.114751e+01 1.758289e+02
      vertex   8.596057e+01 -5.110319e+01 1.758289e+02
    endloop
  endfacet
  facet normal -5.773503e-01 8.164966e-01 0.000000e+00
    outer loop
      vertex   8.606083e+01 -5.103230e+01 1.732622e+02
      vertex   8.596057e+01 -5.110319e+01 1.732622e+02
      vertex   8.596057e+01 -5.110319e+01 1.758289e+02
    endloop
  endfacet
  facet normal -5.773503e-01 8.164966e-01 0.000000e+00
    outer loop
      vertex   8.606083e+01 -5.103230e+01 1.732622e+02
      vertex   8.596057e+01 -5.110319e+01 1.758289e+02
      vertex   8.606083e+01 -5.103230e+01 1.758289e+02
    endloop
  endfacet
  facet normal -7.589321e-01 6.511698e-01 0.000000e+00
    outer loop
      vertex   8.614078e+01 -5.093911e+01 1.732622e+02
      vertex   8.606083e+01 -5.103230e+01 1.732622e+02
      vertex   8.606083e+01 -5.103230e+01 1.758289e+02
    endloop
  endfacet
  facet normal -7.589321e-01 6.511698e-01 0.000000e+00
    outer loop
      vertex   8.614078e+01 -5.093911e+01 1.732622e+02
      vertex   8.606083e+01 -5.103230e+01 1.758289e+02
      vertex   8.614078e+01 -5.093911e+01 1.758289e+02
    endloop
  endfacet
  facet normal 8.947466e-01 4.465742e-01 0.000000e+00
    outer loop
      vertex   8.797157e+01 -5.060953e+01 1.783956e+02
      vertex   8.808123e+01 -5.082925e+01 1.783956e+02
      vertex   8.797157e+01 -5.060953e+01 1.745456e+02
    endloop
  endfacet
  facet normal 8.947466e-01 4.465742e-01 0.000000e+00
    outer loop
      vertex   8.797157e+01 -5.060953e+01 1.745456e+02
      vertex   8.808123e+01 -5.082925e+01 1.783956e+02
      vertex   8.808123e+01 -5.082925e+01 1.706956e+02
    endloop
  endfacet
  facet normal 8.947466e-01 4.465742e-01 0.000000e+00
    outer loop
      vertex   8.797157e+01 -5.060953e+01 1.745456e+02
      vertex   8.808123e+01 -5.082925e+01 1.706956e+02
      vertex   8.797157e+01 -5.060953e+01 1.706956e+02
    endloop
  endfacet
  facet normal 7.589321e-01 6.511698e-01 0.000000e+00
    outer loop
      vertex   8.797157e+01 -5.060953e+01 1.745456e+02
      vertex   8.797157e+01 -5.060953e+01 1.706956e+02
      vertex   8.781166e+01 -5.042316e+01 1.745456e+02
    endloop
  endfacet
  facet normal 7.589321e-01 6.511698e-01 0.000000e+00
    outer loop
      vertex   8.781166e+01 -5.042316e+01 1.745456e+02
      vertex   8.797157e+01 -5.060953e+01 1.706956e+02
      vertex   8.781166e+01 -5.042316e+01 1.706956e+02
    endloop
  endfacet
  facet normal 5.773503e-01 8.164966e-01 0.000000e+00
    outer loop
      vertex   8.781166e+01 -5.042316e+01 1.745456e+02
      vertex   8.781166e+01 -5.042316e+01 1.706956e+02
      vertex   8.761115e+01 -5.028138e+01 1.745456e+02
    endloop
  endfacet
  facet normal 5.773503e-01 8.164966e-01 0.000000e+00
    outer loop
      vertex   8.761115e+01 -5.028138e+01 1.745456e+02
      vertex   8.781166e+01 -5.042316e+01 1.706956e+02
      vertex   8.761115e+01 -5.028138e+01 1.706956e+02
    endloop
  endfacet
  facet normal 3.609514e-01 9.325846e-01 0.000000e+00
    outer loop
      vertex   8.761115e+01 -5.028138e+01 1.745456e+02
      vertex   8.761115e+01 -5.028138e+01 1.706956e+02
      vertex   8.738213e+01 -5.019274e+01 1.745456e+02
    endloop
  endfacet
  facet normal 3.609514e-01 9.325846e-01 0.000000e+00
    outer loop
      vertex   8.738213e+01 -5.019274e+01 1.745456e+02
      vertex   8.761115e+01 -5.028138e+01 1.706956e+02
      vertex   8.738213e+01 -5.019274e+01 1.706956e+02
    endloop
  endfacet
  facet normal 1.227853e-01 9.924333e-01 0.000000e+00
    outer loop
      vertex   8.738213e+01 -5.019274e+01 1.745456e+02
      vertex   8.738213e+01 -5.019274e+01 1.706956e+02
      vertex   8.713842e+01 -5.016258e+01 1.745456e+02
    endloop
  endfacet
  facet normal 1.227853e-01 9.924333e-01 0.000000e+00
    outer loop
      vertex   8.713842e+01 -5.016258e+01 1.745456e+02
      vertex   8.738213e+01 -5.019274e+01 1.706956e+02
      vertex   8.713842e+01 -5.016258e+01 1.706956e+02
    endloop
  endfacet
  facet normal -1.227853e-01 9.924333e-01 0.000000e+00
    outer loop
      vertex   8.713842e+01 -5.016258e+01 1.745456e+02
      vertex   8.713842e+01 -5.016258e+01 1.706956e+02
      vertex   8.689471e+01 -5.019274e+01 1.745456e+02
    endloop
  endfacet
  facet normal -1.227853e-01 9.924333e-01 0.000000e+00
    outer loop
      vertex   8.689471e+01 -5.019274e+01 1.745456e+02
      vertex   8.713842e+01 -5.016258e+01 1.706956e+02
      vertex   8.689471e+01 -5.019274e+01 1.706956e+02
    endloop
  endfacet
  facet normal -3.609514e-01 9.325846e-01 0.000000e+00
    outer loop
      vertex   8.689471e+01 -5.019274e+01 1.745456e+02
      vertex   8.689471e+01 -5.019274e+01 1.706956e+02
      vertex   8.666569e+01 -5.028138e+01 1.745456e+02
    endloop
  endfacet
  facet normal -3.609514e-01 9.325846e-01 0.000000e+00
    outer loop
      vertex   8.666569e+01 -5.028138e+01 1.745456e+02
      vertex   8.689471e+01 -5.019274e+01 1.706956e+02
      vertex   8.666569e+01 -5.028138e+01 1.706956e+02
    endloop
  endfacet
  facet normal -5.773503e-01 8.164966e-01 0.000000e+00
    outer loop
      vertex   8.666569e+01 -5.028138e+01 1.745456e+02
      vertex   8.666569e+01 -5.028138e+01 1.706956e+02
      vertex   8.646519e+01 -5.042316e+01 1.745456e+02
    endloop
  endfacet
  facet normal -5.773503e-01 8.164966e-01 0.000000e+00
    outer loop
      vertex   8.646519e+01 -5.042316e+01 1.745456e+02
      vertex   8.666569e+01 -5.028138e+01 1.706956e+02
      vertex   8.646519e+01 -5.042316e+01 1.706956e+02
    endloop
  endfacet
  facet normal -7.589321e-01 6.511698e-01 0.000000e+00
    outer loop
      vertex   8.646519e+01 -5.042316e+01 1.745456e+02
      vertex   8.646519e+01 -5.042316e+01 1.706956e+02
      vertex   8.630528e+01 -5.060953e+01 1.745456e+02
    endloop
  endfacet
  facet normal -7.589321e-01 6.511698e-01 0.000000e+00
    outer loop
      vertex   8.630528e+01 -5.060953e+01 1.745456e+02
      vertex   8.646519e+01 -5.042316e+01 1.706956e+02
      vertex   8.630528e+01 -5.060953e+01 1.706956e+02
    endloop
  endfacet
  facet normal -8.947466e-01 4.465742e-01 0.000000e+00
    outer loop
      vertex   8.630528e+01 -5.060953e+01 1.745456e+02
      vertex   8.630528e+01 -5.060953e+01 1.706956e+02
      vertex   8.619561e+01 -5.082925e+01 1.706956e+02
    endloop
  endfacet
  facet normal -8.947466e-01 4.465742e-01 0.000000e+00
    outer loop
      vertex   8.619561e+01 -5.082925e+01 1.706956e+02
      vertex   8.619561e+01 -5.082925e+01 1.783956e+02
      vertex   8.630528e+01 -5.060953e+01 1.745456e+02
    endloop
  endfacet
  facet normal -8.947466e-01 4.465742e-01 0.000000e+00
    outer loop
      vertex   8.630528e+01 -5.060953e+01 1.745456e+02
      vertex   8.619561e+01 -5.082925e+01 1.783956e+02
      vertex   8.630528e+01 -5.060953e+01 1.783956e+02
    endloop
  endfacet
  facet normal -7.589321e-01 6.511698e-01 0.000000e+00
    outer loop
      vertex   8.630528e+01 -5.060953e+01 1.745456e+02
      vertex   8.630528e+01 -5.060953e+01 1.783956e+02
      vertex   8.646519e+01 -5.042316e+01 1.745456e+02
    endloop
  endfacet
  facet normal -7.589321e-01 6.511698e-01 0.000000e+00
    outer loop
      vertex   8.646519e+01 -5.042316e+01 1.745456e+02
      vertex   8.630528e+01 -5.060953e+01 1.783956e+02
      vertex   8.646519e+01 -5.042316e+01 1.783956e+02
    endloop
  endfacet
  facet normal -5.773503e-01 8.164966e-01 0.000000e+00
    outer loop
      vertex   8.646519e+01 -5.042316e+01 1.745456e+02
      vertex   8.646519e+01 -5.042316e+01 1.783956e+02
      vertex   8.666569e+01 -5.028138e+01 1.745456e+02
    endloop
  endfacet
  facet normal -5.773503e-01 8.164966e-01 0.000000e+00
    outer loop
      vertex   8.666569e+01 -5.028138e+01 1.745456e+02
      vertex   8.646519e+01 -5.042316e+01 1.783956e+02
      vertex   8.666569e+01 -5.028138e+01 1.783956e+02
    endloop
  endfacet
  facet normal -3.609514e-01 9.325846e-01 0.000000e+00
    outer loop
      vertex   8.666569e+01 -5.028138e+01 1.745456e+02
      vertex   8.666569e+01 -5.028138e+01 1.783956e+02
      vertex   8.689471e+01 -5.019274e+01 1.745456e+02
    endloop
  endfacet
  facet normal -3.609514e-01 9.325846e-01 0.000000e+00
    outer loop
      vertex   8.689471e+01 -5.019274e+01 1.745456e+02
      vertex   8.666569e+01 -5.028138e+01 1.783956e+02
      vertex   8.689471e+01 -5.019274e+01 1.783956e+02
    endloop
  endfacet
  facet normal -1.227853e-01 9.924333e-01 0.000000e+00
    outer loop
      vertex   8.689471e+01 -5.019274e+01 1.745456e+02
      vertex   8.689471e+01 -5.019274e+01 1.783956e+02
      vertex   8.713842e+01 -5.016258e+01 1.745456e+02
    endloop
  endfacet
  facet normal -1.227853e-01 9.924333e-01 0.000000e+00
    outer loop
      vertex   8.713842e+01 -5.016258e+01 1.745456e+02
      vertex   8.689471e+01 -5.019274e+01 1.783956e+02
      vertex   8.713842e+01 -5.016258e+01 1.783956e+02
    endloop
  endfacet
  facet normal 1.227853e-01 9.924333e-01 -0.000000e+00
    outer loop
      vertex   8.713842e+01 -5.016258e+01 1.745456e+02
      vertex   8.713842e+01 -5.016258e+01 1.783956e+02
      vertex   8.738213e+01 -5.019274e+01 1.745456e+02
    endloop
  endfacet
  facet normal 1.227853e-01 9.924333e-01 -0.000000e+00
    outer loop
      vertex   8.738213e+01 -5.019274e+01 1.745456e+02
      vertex   8.713842e+01 -5.016258e+01 1.783956e+02
      vertex   8.738213e+01 -5.019274e+01 1.783956e+02
    endloop
  endfacet
  facet normal 3.609514e-01 9.325846e-01 -0.000000e+00
    outer loop
      vertex   8.738213e+01 -5.019274e+01 1.745456e+02
      vertex   8.738213e+01 -5.019274e+01 1.783956e+02
      vertex   8.761115e+01 -5.028138e+01 1.745456e+02
    endloop
  endfacet
  facet normal 3.609514e-01 9.325846e-01 -0.000000e+00
    outer loop
      vertex   8.761115e+01 -5.028138e+01 1.745456e+02
      vertex   8.738213e+01 -5.019274e+01 1.783956e+02
      vertex   8.761115e+01 -5.028138e+01 1.783956e+02
    endloop
  endfacet
  facet normal 5.773503e-01 8.164966e-01 -0.000000e+00
    outer loop
      vertex   8.761115e+01 -5.028138e+01 1.745456e+02
      vertex   8.761115e+01 -5.028138e+01 1.783956e+02
      vertex   8.781166e+01 -5.042316e+01 1.745456e+02
    endloop
  endfacet
  facet normal 5.773503e-01 8.164966e-01 -0.000000e+00
    outer loop
      vertex   8.781166e+01 -5.042316e+01 1.745456e+02
      vertex   8.761115e+01 -5.028138e+01 1.783956e+02
      vertex   8.781166e+01 -5.042316e+01 1.783956e+02
    endloop
  endfacet
  facet normal 7.589321e-01 6.511698e-01 -0.000000e+00
    outer loop
      vertex   8.781166e+01 -5.042316e+01 1.745456e+02
      vertex   8.781166e+01 -5.042316e+01 1.783956e+02
      vertex   8.797157e+01 -5.060953e+01 1.745456e+02
    endloop
  endfacet
  facet normal 7.589321e-01 6.511698e-01 -0.000000e+00
    outer loop
      vertex   8.797157e+01 -5.060953e+01 1.745456e+02
      vertex   8.781166e+01 -5.042316e+01 1.783956e+02
      vertex   8.797157e+01 -5.060953e+01 1.783956e+02
    endloop
  endfacet
  facet normal 8.947466e-01 4.465742e-01 0.000000e+00
    outer loop
      vertex   8.043606e+01 -5.093911e+01 1.783956e+02
      vertex   8.043606e+01 -5.093911e+01 1.758289e+02
      vertex   8.038123e+01 -5.082925e+01 1.783956e+02
    endloop
  endfacet
  facet normal 8.947466e-01 4.465742e-01 0.000000e+00
    outer loop
      vertex   8.038123e+01 -5.082925e+01 1.783956e+02
      vertex   8.043606e+01 -5.093911e+01 1.758289e+02
      vertex   8.043606e+01 -5.093911e+01 1.732622e+02
    endloop
  endfacet
  facet normal 8.947466e-01 4.465742e-01 0.000000e+00
    outer loop
      vertex   8.038123e+01 -5.082925e+01 1.783956e+02
      vertex   8.043606e+01 -5.093911e+01 1.732622e+02
      vertex   8.038123e+01 -5.082925e+01 1.706956e+02
    endloop
  endfacet
  facet normal 8.947466e-01 4.465742e-01 0.000000e+00
    outer loop
      vertex   8.038123e+01 -5.082925e+01 1.706956e+02
      vertex   8.043606e+01 -5.093911e+01 1.732622e+02
      vertex   8.043606e+01 -5.093911e+01 1.706956e+02
    endloop
  endfacet
  facet normal 7.589321e-01 6.511698e-01 -0.000000e+00
    outer loop
      vertex   8.043606e+01 -5.093911e+01 1.706956e+02
      vertex   8.043606e+01 -5.093911e+01 1.732622e+02
      vertex   8.051602e+01 -5.103230e+01 1.706956e+02
    endloop
  endfacet
  facet normal 7.589321e-01 6.511698e-01 -0.000000e+00
    outer loop
      vertex   8.051602e+01 -5.103230e+01 1.706956e+02
      vertex   8.043606e+01 -5.093911e+01 1.732622e+02
      vertex   8.051602e+01 -5.103230e+01 1.732622e+02
    endloop
  endfacet
  facet normal 5.773503e-01 8.164966e-01 -0.000000e+00
    outer loop
      vertex   8.051602e+01 -5.103230e+01 1.706956e+02
      vertex   8.051602e+01 -5.103230e+01 1.732622e+02
      vertex   8.061627e+01 -5.110319e+01 1.706956e+02
    endloop
  endfacet
  facet normal 5.773503e-01 8.164966e-01 -0.000000e+00
    outer loop
      vertex   8.061627e+01 -5.110319e+01 1.706956e+02
      vertex   8.051602e+01 -5.103230e+01 1.732622e+02
      vertex   8.061627e+01 -5.110319e+01 1.732622e+02
    endloop
  endfacet
  facet normal 3.609514e-01 9.325846e-01 -0.000000e+00
    outer loop
      vertex   8.061627e+01 -5.110319e+01 1.706956e+02
      vertex   8.061627e+01 -5.110319e+01 1.732622e+02
      vertex   8.073078e+01 -5.114751e+01 1.706956e+02
    endloop
  endfacet
  facet normal 3.609514e-01 9.325846e-01 -0.000000e+00
    outer loop
      vertex   8.073078e+01 -5.114751e+01 1.706956e+02
      vertex   8.061627e+01 -5.110319e+01 1.732622e+02
      vertex   8.073078e+01 -5.114751e+01 1.732622e+02
    endloop
  endfacet
  facet normal 1.227853e-01 9.924333e-01 -0.000000e+00
    outer loop
      vertex   8.073078e+01 -5.114751e+01 1.706956e+02
      vertex   8.073078e+01 -5.114751e+01 1.732622e+02
      vertex   8.085264e+01 -5.116258e+01 1.706956e+02
    endloop
  endfacet
  facet normal 1.227853e-01 9.924333e-01 0.000000e+00
    outer loop
      vertex   8.085264e+01 -5.116258e+01 1.706956e+02
      vertex   8.073078e+01 -5.114751e+01 1.732622e+02
      vertex   8.073078e+01 -5.114751e+01 1.758289e+02
    endloop
  endfacet
  facet normal 1.227853e-01 9.924333e-01 -0.000000e+00
    outer loop
      vertex   8.085264e+01 -5.116258e+01 1.706956e+02
      vertex   8.073078e+01 -5.114751e+01 1.758289e+02
      vertex   8.085264e+01 -5.116258e+01 1.783956e+02
    endloop
  endfacet
  facet normal 1.227853e-01 9.924333e-01 0.000000e+00
    outer loop
      vertex   8.085264e+01 -5.116258e+01 1.783956e+02
      vertex   8.073078e+01 -5.114751e+01 1.758289e+02
      vertex   8.073078e+01 -5.114751e+01 1.783956e+02
    endloop
  endfacet
  facet normal 3.609514e-01 9.325846e-01 0.000000e+00
    outer loop
      vertex   8.073078e+01 -5.114751e+01 1.783956e+02
      vertex   8.073078e+01 -5.114751e+01 1.758289e+02
      vertex   8.061627e+01 -5.110319e+01 1.783956e+02
    endloop
  endfacet
  facet normal 3.609514e-01 9.325846e-01 0.000000e+00
    outer loop
      vertex   8.061627e+01 -5.110319e+01 1.783956e+02
      vertex   8.073078e+01 -5.114751e+01 1.758289e+02
      vertex   8.061627e+01 -5.110319e+01 1.758289e+02
    endloop
  endfacet
  facet normal 5.773503e-01 8.164966e-01 0.000000e+00
    outer loop
      vertex   8.061627e+01 -5.110319e+01 1.783956e+02
      vertex   8.061627e+01 -5.110319e+01 1.758289e+02
      vertex   8.051602e+01 -5.103230e+01 1.783956e+02
    endloop
  endfacet
  facet normal 5.773503e-01 8.164966e-01 0.000000e+00
    outer loop
      vertex   8.051602e+01 -5.103230e+01 1.783956e+02
      vertex   8.061627e+01 -5.110319e+01 1.758289e+02
      vertex   8.051602e+01 -5.103230e+01 1.758289e+02
    endloop
  endfacet
  facet normal 7.589321e-01 6.511698e-01 0.000000e+00
    outer loop
      vertex   8.051602e+01 -5.103230e+01 1.783956e+02
      vertex   8.051602e+01 -5.103230e+01 1.758289e+02
      vertex   8.043606e+01 -5.093911e+01 1.783956e+02
    endloop
  endfacet
  facet normal 7.589321e-01 6.511698e-01 0.000000e+00
    outer loop
      vertex   8.043606e+01 -5.093911e+01 1.783956e+02
      vertex   8.051602e+01 -5.103230e+01 1.758289e+02
      vertex   8.043606e+01 -5.093911e+01 1.758289e+02
    endloop
  endfacet
  facet normal 7.589321e-01 6.511698e-01 0.000000e+00
    outer loop
      vertex   8.051602e+01 -5.103230e+01 1.732622e+02
      vertex   8.043606e+01 -5.093911e+01 1.732622e+02
      vertex   8.043606e+01 -5.093911e+01 1.758289e+02
    endloop
  endfacet
  facet normal 7.589321e-01 6.511698e-01 -0.000000e+00
    outer loop
      vertex   8.051602e+01 -5.103230e+01 1.732622e+02
      vertex   8.043606e+01 -5.093911e+01 1.758289e+02
      vertex   8.051602e+01 -5.103230e+01 1.758289e+02
    endloop
  endfacet
  facet normal 5.773503e-01 8.164966e-01 0.000000e+00
    outer loop
      vertex   8.061627e+01 -5.110319e+01 1.732622e+02
      vertex   8.051602e+01 -5.103230e+01 1.732622e+02
      vertex   8.051602e+01 -5.103230e+01 1.758289e+02
    endloop
  endfacet
  facet normal 5.773503e-01 8.164966e-01 -0.000000e+00
    outer loop
      vertex   8.061627e+01 -5.110319e+01 1.732622e+02
      vertex   8.051602e+01 -5.103230e+01 1.758289e+02
      vertex   8.061627e+01 -5.110319e+01 1.758289e+02
    endloop
  endfacet
  facet normal 3.609514e-01 9.325846e-01 0.000000e+00
    outer loop
      vertex   8.073078e+01 -5.114751e+01 1.732622e+02
      vertex   8.061627e+01 -5.110319e+01 1.732622e+02
      vertex   8.061627e+01 -5.110319e+01 1.758289e+02
    endloop
  endfacet
  facet normal 3.609514e-01 9.325846e-01 -0.000000e+00
    outer loop
      vertex   8.073078e+01 -5.114751e+01 1.732622e+02
      vertex   8.061627e+01 -5.110319e+01 1.758289e+02
      vertex   8.073078e+01 -5.114751e+01 1.758289e+02
    endloop
  endfacet
  facet normal 4.419687e-12 1.000000e+00 1.845566e-15
    outer loop
      vertex   8.572421e+01 -5.116258e+01 1.706956e+02
      vertex   8.502816e+01 -5.116258e+01 1.743564e+02
      vertex   8.572421e+01 -5.116258e+01 1.783956e+02
    endloop
  endfacet
  facet normal 4.430397e-12 1.000000e+00 0.000000e+00
    outer loop
      vertex   8.572421e+01 -5.116258e+01 1.783956e+02
      vertex   8.502816e+01 -5.116258e+01 1.743564e+02
      vertex   8.502816e+01 -5.116258e+01 1.747348e+02
    endloop
  endfacet
  facet normal 2.053310e-12 1.000000e+00 4.519677e-13
    outer loop
      vertex   8.572421e+01 -5.116258e+01 1.783956e+02
      vertex   8.502816e+01 -5.116258e+01 1.747348e+02
      vertex   8.494682e+01 -5.116258e+01 1.751043e+02
    endloop
  endfacet
  facet normal 6.067564e-13 1.000000e+00 -7.397845e-13
    outer loop
      vertex   8.085264e+01 -5.116258e+01 1.706956e+02
      vertex   8.319368e+01 -5.116258e+01 1.727981e+02
      vertex   8.572421e+01 -5.116258e+01 1.706956e+02
    endloop
  endfacet
  facet normal 7.482097e-14 1.000000e+00 -1.379992e-12
    outer loop
      vertex   8.572421e+01 -5.116258e+01 1.706956e+02
      vertex   8.319368e+01 -5.116258e+01 1.727981e+02
      vertex   8.357154e+01 -5.116258e+01 1.728186e+02
    endloop
  endfacet
  facet normal 3.306254e-13 1.000000e+00 -1.120619e-12
    outer loop
      vertex   8.572421e+01 -5.116258e+01 1.706956e+02
      vertex   8.357154e+01 -5.116258e+01 1.728186e+02
      vertex   8.393616e+01 -5.116258e+01 1.729199e+02
    endloop
  endfacet
  facet normal 2.134364e-12 1.000000e+00 0.000000e+00
    outer loop
      vertex   8.085264e+01 -5.116258e+01 1.783956e+02
      vertex   8.153842e+01 -5.116258e+01 1.745456e+02
      vertex   8.085264e+01 -5.116258e+01 1.706956e+02
    endloop
  endfacet
  facet normal -1.361972e-11 1.000000e+00 2.806218e-12
    outer loop
      vertex   8.085264e+01 -5.116258e+01 1.706956e+02
      vertex   8.153842e+01 -5.116258e+01 1.745456e+02
      vertex   8.157934e+01 -5.116258e+01 1.741694e+02
    endloop
  endfacet
  facet normal -7.865121e-14 1.000000e+00 -2.650068e-14
    outer loop
      vertex   8.085264e+01 -5.116258e+01 1.706956e+02
      vertex   8.157934e+01 -5.116258e+01 1.741694e+02
      vertex   8.170017e+01 -5.116258e+01 1.738108e+02
    endloop
  endfacet
  facet normal 6.096734e-13 1.000000e+00 7.430324e-13
    outer loop
      vertex   8.572421e+01 -5.116258e+01 1.783956e+02
      vertex   8.319368e+01 -5.116258e+01 1.762930e+02
      vertex   8.085264e+01 -5.116258e+01 1.783956e+02
    endloop
  endfacet
  facet normal -8.901619e-15 1.000000e+00 5.429747e-14
    outer loop
      vertex   8.085264e+01 -5.116258e+01 1.783956e+02
      vertex   8.319368e+01 -5.116258e+01 1.762930e+02
      vertex   8.282025e+01 -5.116258e+01 1.762318e+02
    endloop
  endfacet
  facet normal -3.411099e-15 1.000000e+00 5.929020e-14
    outer loop
      vertex   8.085264e+01 -5.116258e+01 1.783956e+02
      vertex   8.282025e+01 -5.116258e+01 1.762318e+02
      vertex   8.246871e+01 -5.116258e+01 1.760917e+02
    endloop
  endfacet
  facet normal -2.974018e-14 1.000000e+00 -3.980757e-14
    outer loop
      vertex   8.170017e+01 -5.116258e+01 1.738108e+02
      vertex   8.189526e+01 -5.116258e+01 1.734865e+02
      vertex   8.085264e+01 -5.116258e+01 1.706956e+02
    endloop
  endfacet
  facet normal -3.854996e-14 1.000000e+00 -3.651646e-14
    outer loop
      vertex   8.085264e+01 -5.116258e+01 1.706956e+02
      vertex   8.189526e+01 -5.116258e+01 1.734865e+02
      vertex   8.215550e+01 -5.116258e+01 1.732118e+02
    endloop
  endfacet
  facet normal -2.834234e-14 1.000000e+00 -4.180182e-14
    outer loop
      vertex   8.085264e+01 -5.116258e+01 1.706956e+02
      vertex   8.215550e+01 -5.116258e+01 1.732118e+02
      vertex   8.246871e+01 -5.116258e+01 1.729994e+02
    endloop
  endfacet
  facet normal -3.411099e-15 1.000000e+00 -5.929020e-14
    outer loop
      vertex   8.246871e+01 -5.116258e+01 1.729994e+02
      vertex   8.282025e+01 -5.116258e+01 1.728594e+02
      vertex   8.085264e+01 -5.116258e+01 1.706956e+02
    endloop
  endfacet
  facet normal -8.901619e-15 1.000000e+00 -5.429747e-14
    outer loop
      vertex   8.085264e+01 -5.116258e+01 1.706956e+02
      vertex   8.282025e+01 -5.116258e+01 1.728594e+02
      vertex   8.319368e+01 -5.116258e+01 1.727981e+02
    endloop
  endfacet
  facet normal 5.153764e-13 1.000000e+00 -9.721029e-13
    outer loop
      vertex   8.393616e+01 -5.116258e+01 1.729199e+02
      vertex   8.427050e+01 -5.116258e+01 1.730971e+02
      vertex   8.572421e+01 -5.116258e+01 1.706956e+02
    endloop
  endfacet
  facet normal 7.203310e-13 1.000000e+00 -8.480392e-13
    outer loop
      vertex   8.572421e+01 -5.116258e+01 1.706956e+02
      vertex   8.427050e+01 -5.116258e+01 1.730971e+02
      vertex   8.455891e+01 -5.116258e+01 1.733421e+02
    endloop
  endfacet
  facet normal 1.009904e-12 1.000000e+00 -7.205370e-13
    outer loop
      vertex   8.572421e+01 -5.116258e+01 1.706956e+02
      vertex   8.455891e+01 -5.116258e+01 1.733421e+02
      vertex   8.478792e+01 -5.116258e+01 1.736434e+02
    endloop
  endfacet
  facet normal 1.334541e-12 1.000000e+00 -6.174245e-13
    outer loop
      vertex   8.478792e+01 -5.116258e+01 1.736434e+02
      vertex   8.494682e+01 -5.116258e+01 1.739868e+02
      vertex   8.572421e+01 -5.116258e+01 1.706956e+02
    endloop
  endfacet
  facet normal 2.043848e-12 1.000000e+00 -4.498849e-13
    outer loop
      vertex   8.572421e+01 -5.116258e+01 1.706956e+02
      vertex   8.494682e+01 -5.116258e+01 1.739868e+02
      vertex   8.502816e+01 -5.116258e+01 1.743564e+02
    endloop
  endfacet
  facet normal 1.340720e-12 1.000000e+00 6.202829e-13
    outer loop
      vertex   8.494682e+01 -5.116258e+01 1.751043e+02
      vertex   8.478792e+01 -5.116258e+01 1.754478e+02
      vertex   8.572421e+01 -5.116258e+01 1.783956e+02
    endloop
  endfacet
  facet normal 1.014377e-12 1.000000e+00 7.239372e-13
    outer loop
      vertex   8.572421e+01 -5.116258e+01 1.783956e+02
      vertex   8.478792e+01 -5.116258e+01 1.754478e+02
      vertex   8.455891e+01 -5.116258e+01 1.757490e+02
    endloop
  endfacet
  facet normal 7.236505e-13 1.000000e+00 8.519472e-13
    outer loop
      vertex   8.572421e+01 -5.116258e+01 1.783956e+02
      vertex   8.455891e+01 -5.116258e+01 1.757490e+02
      vertex   8.427050e+01 -5.116258e+01 1.759940e+02
    endloop
  endfacet
  facet normal 5.177514e-13 1.000000e+00 9.765827e-13
    outer loop
      vertex   8.427050e+01 -5.116258e+01 1.759940e+02
      vertex   8.393616e+01 -5.116258e+01 1.761713e+02
      vertex   8.572421e+01 -5.116258e+01 1.783956e+02
    endloop
  endfacet
  facet normal 3.320756e-13 1.000000e+00 1.125842e-12
    outer loop
      vertex   8.572421e+01 -5.116258e+01 1.783956e+02
      vertex   8.393616e+01 -5.116258e+01 1.761713e+02
      vertex   8.357154e+01 -5.116258e+01 1.762725e+02
    endloop
  endfacet
  facet normal 7.516498e-14 1.000000e+00 1.386336e-12
    outer loop
      vertex   8.572421e+01 -5.116258e+01 1.783956e+02
      vertex   8.357154e+01 -5.116258e+01 1.762725e+02
      vertex   8.319368e+01 -5.116258e+01 1.762930e+02
    endloop
  endfacet
  facet normal -2.834234e-14 1.000000e+00 4.180182e-14
    outer loop
      vertex   8.246871e+01 -5.116258e+01 1.760917e+02
      vertex   8.215550e+01 -5.116258e+01 1.758794e+02
      vertex   8.085264e+01 -5.116258e+01 1.783956e+02
    endloop
  endfacet
  facet normal -3.854996e-14 1.000000e+00 3.651646e-14
    outer loop
      vertex   8.085264e+01 -5.116258e+01 1.783956e+02
      vertex   8.215550e+01 -5.116258e+01 1.758794e+02
      vertex   8.189526e+01 -5.116258e+01 1.756046e+02
    endloop
  endfacet
  facet normal -2.974018e-14 1.000000e+00 3.980757e-14
    outer loop
      vertex   8.085264e+01 -5.116258e+01 1.783956e+02
      vertex   8.189526e+01 -5.116258e+01 1.756046e+02
      vertex   8.170017e+01 -5.116258e+01 1.752804e+02
    endloop
  endfacet
  facet normal -7.865121e-14 1.000000e+00 2.650068e-14
    outer loop
      vertex   8.170017e+01 -5.116258e+01 1.752804e+02
      vertex   8.157934e+01 -5.116258e+01 1.749218e+02
      vertex   8.085264e+01 -5.116258e+01 1.783956e+02
    endloop
  endfacet
  facet normal -1.361972e-11 1.000000e+00 -2.806218e-12
    outer loop
      vertex   8.085264e+01 -5.116258e+01 1.783956e+02
      vertex   8.157934e+01 -5.116258e+01 1.749218e+02
      vertex   8.153842e+01 -5.116258e+01 1.745456e+02
    endloop
  endfacet
  facet normal -1.227853e-01 9.924333e-01 0.000000e+00
    outer loop
      vertex   7.814606e+01 -5.114751e+01 1.783956e+02
      vertex   7.814606e+01 -5.114751e+01 1.758289e+02
      vertex   7.802421e+01 -5.116258e+01 1.783956e+02
    endloop
  endfacet
  facet normal -1.227853e-01 9.924333e-01 0.000000e+00
    outer loop
      vertex   7.802421e+01 -5.116258e+01 1.783956e+02
      vertex   7.814606e+01 -5.114751e+01 1.758289e+02
      vertex   7.814606e+01 -5.114751e+01 1.732622e+02
    endloop
  endfacet
  facet normal -1.227853e-01 9.924333e-01 0.000000e+00
    outer loop
      vertex   7.802421e+01 -5.116258e+01 1.783956e+02
      vertex   7.814606e+01 -5.114751e+01 1.732622e+02
      vertex   7.802421e+01 -5.116258e+01 1.706956e+02
    endloop
  endfacet
  facet normal -1.227853e-01 9.924333e-01 0.000000e+00
    outer loop
      vertex   7.802421e+01 -5.116258e+01 1.706956e+02
      vertex   7.814606e+01 -5.114751e+01 1.732622e+02
      vertex   7.814606e+01 -5.114751e+01 1.706956e+02
    endloop
  endfacet
  facet normal -3.609514e-01 9.325846e-01 0.000000e+00
    outer loop
      vertex   7.814606e+01 -5.114751e+01 1.706956e+02
      vertex   7.814606e+01 -5.114751e+01 1.732622e+02
      vertex   7.826057e+01 -5.110319e+01 1.706956e+02
    endloop
  endfacet
  facet normal -3.609514e-01 9.325846e-01 0.000000e+00
    outer loop
      vertex   7.826057e+01 -5.110319e+01 1.706956e+02
      vertex   7.814606e+01 -5.114751e+01 1.732622e+02
      vertex   7.826057e+01 -5.110319e+01 1.732622e+02
    endloop
  endfacet
  facet normal -5.773503e-01 8.164966e-01 0.000000e+00
    outer loop
      vertex   7.826057e+01 -5.110319e+01 1.706956e+02
      vertex   7.826057e+01 -5.110319e+01 1.732622e+02
      vertex   7.836083e+01 -5.103230e+01 1.706956e+02
    endloop
  endfacet
  facet normal -5.773503e-01 8.164966e-01 0.000000e+00
    outer loop
      vertex   7.836083e+01 -5.103230e+01 1.706956e+02
      vertex   7.826057e+01 -5.110319e+01 1.732622e+02
      vertex   7.836083e+01 -5.103230e+01 1.732622e+02
    endloop
  endfacet
  facet normal -7.589321e-01 6.511698e-01 0.000000e+00
    outer loop
      vertex   7.836083e+01 -5.103230e+01 1.706956e+02
      vertex   7.836083e+01 -5.103230e+01 1.732622e+02
      vertex   7.844078e+01 -5.093911e+01 1.706956e+02
    endloop
  endfacet
  facet normal -7.589321e-01 6.511698e-01 0.000000e+00
    outer loop
      vertex   7.844078e+01 -5.093911e+01 1.706956e+02
      vertex   7.836083e+01 -5.103230e+01 1.732622e+02
      vertex   7.844078e+01 -5.093911e+01 1.732622e+02
    endloop
  endfacet
  facet normal -8.947466e-01 4.465742e-01 0.000000e+00
    outer loop
      vertex   7.844078e+01 -5.093911e+01 1.706956e+02
      vertex   7.844078e+01 -5.093911e+01 1.732622e+02
      vertex   7.849561e+01 -5.082925e+01 1.706956e+02
    endloop
  endfacet
  facet normal -8.947466e-01 4.465742e-01 0.000000e+00
    outer loop
      vertex   7.849561e+01 -5.082925e+01 1.706956e+02
      vertex   7.844078e+01 -5.093911e+01 1.732622e+02
      vertex   7.844078e+01 -5.093911e+01 1.758289e+02
    endloop
  endfacet
  facet normal -8.947466e-01 4.465742e-01 0.000000e+00
    outer loop
      vertex   7.849561e+01 -5.082925e+01 1.706956e+02
      vertex   7.844078e+01 -5.093911e+01 1.758289e+02
      vertex   7.849561e+01 -5.082925e+01 1.783956e+02
    endloop
  endfacet
  facet normal -8.947466e-01 4.465742e-01 0.000000e+00
    outer loop
      vertex   7.849561e+01 -5.082925e+01 1.783956e+02
      vertex   7.844078e+01 -5.093911e+01 1.758289e+02
      vertex   7.844078e+01 -5.093911e+01 1.783956e+02
    endloop
  endfacet
  facet normal -7.589321e-01 6.511698e-01 0.000000e+00
    outer loop
      vertex   7.844078e+01 -5.093911e+01 1.783956e+02
      vertex   7.844078e+01 -5.093911e+01 1.758289e+02
      vertex   7.836083e+01 -5.103230e+01 1.783956e+02
    endloop
  endfacet
  facet normal -7.589321e-01 6.511698e-01 0.000000e+00
    outer loop
      vertex   7.836083e+01 -5.103230e+01 1.783956e+02
      vertex   7.844078e+01 -5.093911e+01 1.758289e+02
      vertex   7.836083e+01 -5.103230e+01 1.758289e+02
    endloop
  endfacet
  facet normal -5.773503e-01 8.164966e-01 0.000000e+00
    outer loop
      vertex   7.836083e+01 -5.103230e+01 1.783956e+02
      vertex   7.836083e+01 -5.103230e+01 1.758289e+02
      vertex   7.826057e+01 -5.110319e+01 1.783956e+02
    endloop
  endfacet
  facet normal -5.773503e-01 8.164966e-01 0.000000e+00
    outer loop
      vertex   7.826057e+01 -5.110319e+01 1.783956e+02
      vertex   7.836083e+01 -5.103230e+01 1.758289e+02
      vertex   7.826057e+01 -5.110319e+01 1.758289e+02
    endloop
  endfacet
  facet normal -3.609514e-01 9.325846e-01 0.000000e+00
    outer loop
      vertex   7.826057e+01 -5.110319e+01 1.783956e+02
      vertex   7.826057e+01 -5.110319e+01 1.758289e+02
      vertex   7.814606e+01 -5.114751e+01 1.783956e+02
    endloop
  endfacet
  facet normal -3.609514e-01 9.325846e-01 0.000000e+00
    outer loop
      vertex   7.814606e+01 -5.114751e+01 1.783956e+02
      vertex   7.826057e+01 -5.110319e+01 1.758289e+02
      vertex   7.814606e+01 -5.114751e+01 1.758289e+02
    endloop
  endfacet
  facet normal -3.609514e-01 9.325846e-01 0.000000e+00
    outer loop
      vertex   7.826057e+01 -5.110319e+01 1.732622e+02
      vertex   7.814606e+01 -5.114751e+01 1.732622e+02
      vertex   7.814606e+01 -5.114751e+01 1.758289e+02
    endloop
  endfacet
  facet normal -3.609514e-01 9.325846e-01 0.000000e+00
    outer loop
      vertex   7.826057e+01 -5.110319e+01 1.732622e+02
      vertex   7.814606e+01 -5.114751e+01 1.758289e+02
      vertex   7.826057e+01 -5.110319e+01 1.758289e+02
    endloop
  endfacet
  facet normal -5.773503e-01 8.164966e-01 0.000000e+00
    outer loop
      vertex   7.836083e+01 -5.103230e+01 1.732622e+02
      vertex   7.826057e+01 -5.110319e+01 1.732622e+02
      vertex   7.826057e+01 -5.110319e+01 1.758289e+02
    endloop
  endfacet
  facet normal -5.773503e-01 8.164966e-01 0.000000e+00
    outer loop
      vertex   7.836083e+01 -5.103230e+01 1.732622e+02
      vertex   7.826057e+01 -5.110319e+01 1.758289e+02
      vertex   7.836083e+01 -5.103230e+01 1.758289e+02
    endloop
  endfacet
  facet normal -7.589321e-01 6.511698e-01 0.000000e+00
    outer loop
      vertex   7.844078e+01 -5.093911e+01 1.732622e+02
      vertex   7.836083e+01 -5.103230e+01 1.732622e+02
      vertex   7.836083e+01 -5.103230e+01 1.758289e+02
    endloop
  endfacet
  facet normal -7.589321e-01 6.511698e-01 0.000000e+00
    outer loop
      vertex   7.844078e+01 -5.093911e+01 1.732622e+02
      vertex   7.836083e+01 -5.103230e+01 1.758289e+02
      vertex   7.844078e+01 -5.093911e+01 1.758289e+02
    endloop
  endfacet
  facet normal 8.947466e-01 4.465742e-01 0.000000e+00
    outer loop
      vertex   8.027157e+01 -5.060953e+01 1.783956e+02
      vertex   8.038123e+01 -5.082925e+01 1.783956e+02
      vertex   8.027157e+01 -5.060953e+01 1.745456e+02
    endloop
  endfacet
  facet normal 8.947466e-01 4.465742e-01 0.000000e+00
    outer loop
      vertex   8.027157e+01 -5.060953e+01 1.745456e+02
      vertex   8.038123e+01 -5.082925e+01 1.783956e+02
      vertex   8.038123e+01 -5.082925e+01 1.706956e+02
    endloop
  endfacet
  facet normal 8.947466e-01 4.465742e-01 0.000000e+00
    outer loop
      vertex   8.027157e+01 -5.060953e+01 1.745456e+02
      vertex   8.038123e+01 -5.082925e+01 1.706956e+02
      vertex   8.027157e+01 -5.060953e+01 1.706956e+02
    endloop
  endfacet
  facet normal 7.589321e-01 6.511698e-01 0.000000e+00
    outer loop
      vertex   8.027157e+01 -5.060953e+01 1.745456e+02
      vertex   8.027157e+01 -5.060953e+01 1.706956e+02
      vertex   8.011166e+01 -5.042316e+01 1.745456e+02
    endloop
  endfacet
  facet normal 7.589321e-01 6.511698e-01 1.201776e-15
    outer loop
      vertex   8.011166e+01 -5.042316e+01 1.745456e+02
      vertex   8.027157e+01 -5.060953e+01 1.706956e+02
      vertex   8.011166e+01 -5.042316e+01 1.706956e+02
    endloop
  endfacet
  facet normal 5.773503e-01 8.164966e-01 1.506898e-15
    outer loop
      vertex   8.011166e+01 -5.042316e+01 1.745456e+02
      vertex   8.011166e+01 -5.042316e+01 1.706956e+02
      vertex   7.991115e+01 -5.028138e+01 1.745456e+02
    endloop
  endfacet
  facet normal 5.773503e-01 8.164966e-01 0.000000e+00
    outer loop
      vertex   7.991115e+01 -5.028138e+01 1.745456e+02
      vertex   8.011166e+01 -5.042316e+01 1.706956e+02
      vertex   7.991115e+01 -5.028138e+01 1.706956e+02
    endloop
  endfacet
  facet normal 3.609514e-01 9.325846e-01 0.000000e+00
    outer loop
      vertex   7.991115e+01 -5.028138e+01 1.745456e+02
      vertex   7.991115e+01 -5.028138e+01 1.706956e+02
      vertex   7.968213e+01 -5.019274e+01 1.745456e+02
    endloop
  endfacet
  facet normal 3.609514e-01 9.325846e-01 0.000000e+00
    outer loop
      vertex   7.968213e+01 -5.019274e+01 1.745456e+02
      vertex   7.991115e+01 -5.028138e+01 1.706956e+02
      vertex   7.968213e+01 -5.019274e+01 1.706956e+02
    endloop
  endfacet
  facet normal 1.227853e-01 9.924333e-01 0.000000e+00
    outer loop
      vertex   7.968213e+01 -5.019274e+01 1.745456e+02
      vertex   7.968213e+01 -5.019274e+01 1.706956e+02
      vertex   7.943842e+01 -5.016258e+01 1.745456e+02
    endloop
  endfacet
  facet normal 1.227853e-01 9.924333e-01 0.000000e+00
    outer loop
      vertex   7.943842e+01 -5.016258e+01 1.745456e+02
      vertex   7.968213e+01 -5.019274e+01 1.706956e+02
      vertex   7.943842e+01 -5.016258e+01 1.706956e+02
    endloop
  endfacet
  facet normal -1.227853e-01 9.924333e-01 0.000000e+00
    outer loop
      vertex   7.943842e+01 -5.016258e+01 1.745456e+02
      vertex   7.943842e+01 -5.016258e+01 1.706956e+02
      vertex   7.919471e+01 -5.019274e+01 1.745456e+02
    endloop
  endfacet
  facet normal -1.227853e-01 9.924333e-01 0.000000e+00
    outer loop
      vertex   7.919471e+01 -5.019274e+01 1.745456e+02
      vertex   7.943842e+01 -5.016258e+01 1.706956e+02
      vertex   7.919471e+01 -5.019274e+01 1.706956e+02
    endloop
  endfacet
  facet normal -3.609514e-01 9.325846e-01 0.000000e+00
    outer loop
      vertex   7.919471e+01 -5.019274e+01 1.745456e+02
      vertex   7.919471e+01 -5.019274e+01 1.706956e+02
      vertex   7.896569e+01 -5.028138e+01 1.745456e+02
    endloop
  endfacet
  facet normal -3.609514e-01 9.325846e-01 0.000000e+00
    outer loop
      vertex   7.896569e+01 -5.028138e+01 1.745456e+02
      vertex   7.919471e+01 -5.019274e+01 1.706956e+02
      vertex   7.896569e+01 -5.028138e+01 1.706956e+02
    endloop
  endfacet
  facet normal -5.773503e-01 8.164966e-01 0.000000e+00
    outer loop
      vertex   7.896569e+01 -5.028138e+01 1.745456e+02
      vertex   7.896569e+01 -5.028138e+01 1.706956e+02
      vertex   7.876519e+01 -5.042316e+01 1.745456e+02
    endloop
  endfacet
  facet normal -5.773503e-01 8.164966e-01 0.000000e+00
    outer loop
      vertex   7.876519e+01 -5.042316e+01 1.745456e+02
      vertex   7.896569e+01 -5.028138e+01 1.706956e+02
      vertex   7.876519e+01 -5.042316e+01 1.706956e+02
    endloop
  endfacet
  facet normal -7.589321e-01 6.511698e-01 0.000000e+00
    outer loop
      vertex   7.876519e+01 -5.042316e+01 1.745456e+02
      vertex   7.876519e+01 -5.042316e+01 1.706956e+02
      vertex   7.860528e+01 -5.060953e+01 1.745456e+02
    endloop
  endfacet
  facet normal -7.589321e-01 6.511698e-01 0.000000e+00
    outer loop
      vertex   7.860528e+01 -5.060953e+01 1.745456e+02
      vertex   7.876519e+01 -5.042316e+01 1.706956e+02
      vertex   7.860528e+01 -5.060953e+01 1.706956e+02
    endloop
  endfacet
  facet normal -8.947466e-01 4.465742e-01 0.000000e+00
    outer loop
      vertex   7.860528e+01 -5.060953e+01 1.745456e+02
      vertex   7.860528e+01 -5.060953e+01 1.706956e+02
      vertex   7.849561e+01 -5.082925e+01 1.706956e+02
    endloop
  endfacet
  facet normal -8.947466e-01 4.465742e-01 0.000000e+00
    outer loop
      vertex   7.849561e+01 -5.082925e+01 1.706956e+02
      vertex   7.849561e+01 -5.082925e+01 1.783956e+02
      vertex   7.860528e+01 -5.060953e+01 1.745456e+02
    endloop
  endfacet
  facet normal -8.947466e-01 4.465742e-01 0.000000e+00
    outer loop
      vertex   7.860528e+01 -5.060953e+01 1.745456e+02
      vertex   7.849561e+01 -5.082925e+01 1.783956e+02
      vertex   7.860528e+01 -5.060953e+01 1.783956e+02
    endloop
  endfacet
  facet normal -7.589321e-01 6.511698e-01 0.000000e+00
    outer loop
      vertex   7.860528e+01 -5.060953e+01 1.745456e+02
      vertex   7.860528e+01 -5.060953e+01 1.783956e+02
      vertex   7.876519e+01 -5.042316e+01 1.745456e+02
    endloop
  endfacet
  facet normal -7.589321e-01 6.511698e-01 0.000000e+00
    outer loop
      vertex   7.876519e+01 -5.042316e+01 1.745456e+02
      vertex   7.860528e+01 -5.060953e+01 1.783956e+02
      vertex   7.876519e+01 -5.042316e+01 1.783956e+02
    endloop
  endfacet
  facet normal -5.773503e-01 8.164966e-01 0.000000e+00
    outer loop
      vertex   7.876519e+01 -5.042316e+01 1.745456e+02
      vertex   7.876519e+01 -5.042316e+01 1.783956e+02
      vertex   7.896569e+01 -5.028138e+01 1.745456e+02
    endloop
  endfacet
  facet normal -5.773503e-01 8.164966e-01 0.000000e+00
    outer loop
      vertex   7.896569e+01 -5.028138e+01 1.745456e+02
      vertex   7.876519e+01 -5.042316e+01 1.783956e+02
      vertex   7.896569e+01 -5.028138e+01 1.783956e+02
    endloop
  endfacet
  facet normal -3.609514e-01 9.325846e-01 0.000000e+00
    outer loop
      vertex   7.896569e+01 -5.028138e+01 1.745456e+02
      vertex   7.896569e+01 -5.028138e+01 1.783956e+02
      vertex   7.919471e+01 -5.019274e+01 1.745456e+02
    endloop
  endfacet
  facet normal -3.609514e-01 9.325846e-01 0.000000e+00
    outer loop
      vertex   7.919471e+01 -5.019274e+01 1.745456e+02
      vertex   7.896569e+01 -5.028138e+01 1.783956e+02
      vertex   7.919471e+01 -5.019274e+01 1.783956e+02
    endloop
  endfacet
  facet normal -1.227853e-01 9.924333e-01 0.000000e+00
    outer loop
      vertex   7.919471e+01 -5.019274e+01 1.745456e+02
      vertex   7.919471e+01 -5.019274e+01 1.783956e+02
      vertex   7.943842e+01 -5.016258e+01 1.745456e+02
    endloop
  endfacet
  facet normal -1.227853e-01 9.924333e-01 0.000000e+00
    outer loop
      vertex   7.943842e+01 -5.016258e+01 1.745456e+02
      vertex   7.919471e+01 -5.019274e+01 1.783956e+02
      vertex   7.943842e+01 -5.016258e+01 1.783956e+02
    endloop
  endfacet
  facet normal 1.227853e-01 9.924333e-01 -0.000000e+00
    outer loop
      vertex   7.943842e+01 -5.016258e+01 1.745456e+02
      vertex   7.943842e+01 -5.016258e+01 1.783956e+02
      vertex   7.968213e+01 -5.019274e+01 1.745456e+02
    endloop
  endfacet
  facet normal 1.227853e-01 9.924333e-01 -0.000000e+00
    outer loop
      vertex   7.968213e+01 -5.019274e+01 1.745456e+02
      vertex   7.943842e+01 -5.016258e+01 1.783956e+02
      vertex   7.968213e+01 -5.019274e+01 1.783956e+02
    endloop
  endfacet
  facet normal 3.609514e-01 9.325846e-01 -0.000000e+00
    outer loop
      vertex   7.968213e+01 -5.019274e+01 1.745456e+02
      vertex   7.968213e+01 -5.019274e+01 1.783956e+02
      vertex   7.991115e+01 -5.028138e+01 1.745456e+02
    endloop
  endfacet
  facet normal 3.609514e-01 9.325846e-01 -0.000000e+00
    outer loop
      vertex   7.991115e+01 -5.028138e+01 1.745456e+02
      vertex   7.968213e+01 -5.019274e+01 1.783956e+02
      vertex   7.991115e+01 -5.028138e+01 1.783956e+02
    endloop
  endfacet
  facet normal 5.773503e-01 8.164966e-01 -0.000000e+00
    outer loop
      vertex   7.991115e+01 -5.028138e+01 1.745456e+02
      vertex   7.991115e+01 -5.028138e+01 1.783956e+02
      vertex   8.011166e+01 -5.042316e+01 1.745456e+02
    endloop
  endfacet
  facet normal 5.773503e-01 8.164966e-01 -1.506898e-15
    outer loop
      vertex   8.011166e+01 -5.042316e+01 1.745456e+02
      vertex   7.991115e+01 -5.028138e+01 1.783956e+02
      vertex   8.011166e+01 -5.042316e+01 1.783956e+02
    endloop
  endfacet
  facet normal 7.589321e-01 6.511698e-01 -1.201776e-15
    outer loop
      vertex   8.011166e+01 -5.042316e+01 1.745456e+02
      vertex   8.011166e+01 -5.042316e+01 1.783956e+02
      vertex   8.027157e+01 -5.060953e+01 1.745456e+02
    endloop
  endfacet
  facet normal 7.589321e-01 6.511698e-01 -0.000000e+00
    outer loop
      vertex   8.027157e+01 -5.060953e+01 1.745456e+02
      vertex   8.011166e+01 -5.042316e+01 1.783956e+02
      vertex   8.027157e+01 -5.060953e+01 1.783956e+02
    endloop
  endfacet
  facet normal -1.227065e-01 9.924430e-01 0.000000e+00
    outer loop
      vertex   7.616664e+01 -5.117764e+01 1.706956e+02
      vertex   7.616664e+01 -5.117764e+01 1.732622e+02
      vertex   7.628842e+01 -5.116258e+01 1.706956e+02
    endloop
  endfacet
  facet normal -1.227065e-01 9.924430e-01 0.000000e+00
    outer loop
      vertex   7.628842e+01 -5.116258e+01 1.706956e+02
      vertex   7.616664e+01 -5.117764e+01 1.732622e+02
      vertex   7.616664e+01 -5.117764e+01 1.758289e+02
    endloop
  endfacet
  facet normal -1.227065e-01 9.924430e-01 0.000000e+00
    outer loop
      vertex   7.628842e+01 -5.116258e+01 1.706956e+02
      vertex   7.616664e+01 -5.117764e+01 1.758289e+02
      vertex   7.628842e+01 -5.116258e+01 1.783956e+02
    endloop
  endfacet
  facet normal -1.227065e-01 9.924430e-01 0.000000e+00
    outer loop
      vertex   7.628842e+01 -5.116258e+01 1.783956e+02
      vertex   7.616664e+01 -5.117764e+01 1.758289e+02
      vertex   7.616664e+01 -5.117764e+01 1.783956e+02
    endloop
  endfacet
  facet normal -3.607292e-01 9.326706e-01 0.000000e+00
    outer loop
      vertex   7.616664e+01 -5.117764e+01 1.783956e+02
      vertex   7.616664e+01 -5.117764e+01 1.758289e+02
      vertex   7.605220e+01 -5.122191e+01 1.783956e+02
    endloop
  endfacet
  facet normal -3.607292e-01 9.326706e-01 0.000000e+00
    outer loop
      vertex   7.605220e+01 -5.122191e+01 1.783956e+02
      vertex   7.616664e+01 -5.117764e+01 1.758289e+02
      vertex   7.605220e+01 -5.122191e+01 1.758289e+02
    endloop
  endfacet
  facet normal -5.770260e-01 8.167258e-01 0.000000e+00
    outer loop
      vertex   7.605220e+01 -5.122191e+01 1.783956e+02
      vertex   7.605220e+01 -5.122191e+01 1.758289e+02
      vertex   7.595198e+01 -5.129271e+01 1.783956e+02
    endloop
  endfacet
  facet normal -5.770260e-01 8.167258e-01 0.000000e+00
    outer loop
      vertex   7.595198e+01 -5.129271e+01 1.783956e+02
      vertex   7.605220e+01 -5.122191e+01 1.758289e+02
      vertex   7.595198e+01 -5.129271e+01 1.758289e+02
    endloop
  endfacet
  facet normal -7.585700e-01 6.515916e-01 0.000000e+00
    outer loop
      vertex   7.595198e+01 -5.129271e+01 1.783956e+02
      vertex   7.595198e+01 -5.129271e+01 1.758289e+02
      vertex   7.587203e+01 -5.138579e+01 1.783956e+02
    endloop
  endfacet
  facet normal -7.585700e-01 6.515916e-01 0.000000e+00
    outer loop
      vertex   7.587203e+01 -5.138579e+01 1.783956e+02
      vertex   7.595198e+01 -5.129271e+01 1.758289e+02
      vertex   7.587203e+01 -5.138579e+01 1.758289e+02
    endloop
  endfacet
  facet normal -8.944272e-01 4.472136e-01 0.000000e+00
    outer loop
      vertex   7.587203e+01 -5.138579e+01 1.783956e+02
      vertex   7.587203e+01 -5.138579e+01 1.758289e+02
      vertex   7.581715e+01 -5.149554e+01 1.783956e+02
    endloop
  endfacet
  facet normal -8.944272e-01 4.472136e-01 0.000000e+00
    outer loop
      vertex   7.581715e+01 -5.149554e+01 1.783956e+02
      vertex   7.587203e+01 -5.138579e+01 1.758289e+02
      vertex   7.581715e+01 -5.149554e+01 1.758289e+02
    endloop
  endfacet
  facet normal -9.764152e-01 2.159011e-01 0.000000e+00
    outer loop
      vertex   7.581715e+01 -5.149554e+01 1.783956e+02
      vertex   7.581715e+01 -5.149554e+01 1.758289e+02
      vertex   7.579066e+01 -5.161536e+01 1.783956e+02
    endloop
  endfacet
  facet normal -9.764152e-01 2.159011e-01 -5.406115e-15
    outer loop
      vertex   7.579066e+01 -5.161536e+01 1.783956e+02
      vertex   7.581715e+01 -5.149554e+01 1.758289e+02
      vertex   7.579066e+01 -5.161536e+01 1.758289e+02
    endloop
  endfacet
  facet normal -9.995962e-01 -2.841466e-02 -5.534461e-15
    outer loop
      vertex   7.579066e+01 -5.161536e+01 1.783956e+02
      vertex   7.579066e+01 -5.161536e+01 1.758289e+02
      vertex   7.579414e+01 -5.173801e+01 1.783956e+02
    endloop
  endfacet
  facet normal -9.995962e-01 -2.841466e-02 -0.000000e+00
    outer loop
      vertex   7.579414e+01 -5.173801e+01 1.783956e+02
      vertex   7.579066e+01 -5.161536e+01 1.758289e+02
      vertex   7.579414e+01 -5.173801e+01 1.758289e+02
    endloop
  endfacet
  facet normal -9.625740e-01 -2.710190e-01 -0.000000e+00
    outer loop
      vertex   7.579414e+01 -5.173801e+01 1.783956e+02
      vertex   7.579414e+01 -5.173801e+01 1.758289e+02
      vertex   7.582740e+01 -5.185613e+01 1.783956e+02
    endloop
  endfacet
  facet normal -9.625740e-01 -2.710190e-01 -0.000000e+00
    outer loop
      vertex   7.582740e+01 -5.185613e+01 1.783956e+02
      vertex   7.579414e+01 -5.173801e+01 1.758289e+02
      vertex   7.582740e+01 -5.185613e+01 1.758289e+02
    endloop
  endfacet
  facet normal -8.675783e-01 -4.973006e-01 -0.000000e+00
    outer loop
      vertex   7.582740e+01 -5.185613e+01 1.783956e+02
      vertex   7.582740e+01 -5.185613e+01 1.758289e+02
      vertex   7.588842e+01 -5.196258e+01 1.783956e+02
    endloop
  endfacet
  facet normal -8.675783e-01 -4.973006e-01 3.005553e-14
    outer loop
      vertex   7.588842e+01 -5.196258e+01 1.783956e+02
      vertex   7.582740e+01 -5.185613e+01 1.758289e+02
      vertex   7.588842e+01 -5.196258e+01 1.740442e+02
    endloop
  endfacet
  facet normal -8.675783e-01 -4.973006e-01 0.000000e+00
    outer loop
      vertex   7.588842e+01 -5.196258e+01 1.740442e+02
      vertex   7.582740e+01 -5.185613e+01 1.758289e+02
      vertex   7.582740e+01 -5.185613e+01 1.732622e+02
    endloop
  endfacet
  facet normal -8.675783e-01 -4.973006e-01 -3.800009e-14
    outer loop
      vertex   7.588842e+01 -5.196258e+01 1.740442e+02
      vertex   7.582740e+01 -5.185613e+01 1.732622e+02
      vertex   7.588842e+01 -5.196258e+01 1.706956e+02
    endloop
  endfacet
  facet normal -8.675783e-01 -4.973006e-01 0.000000e+00
    outer loop
      vertex   7.588842e+01 -5.196258e+01 1.706956e+02
      vertex   7.582740e+01 -5.185613e+01 1.732622e+02
      vertex   7.582740e+01 -5.185613e+01 1.706956e+02
    endloop
  endfacet
  facet normal -9.625740e-01 -2.710190e-01 0.000000e+00
    outer loop
      vertex   7.582740e+01 -5.185613e+01 1.706956e+02
      vertex   7.582740e+01 -5.185613e+01 1.732622e+02
      vertex   7.579414e+01 -5.173801e+01 1.706956e+02
    endloop
  endfacet
  facet normal -9.625740e-01 -2.710190e-01 0.000000e+00
    outer loop
      vertex   7.579414e+01 -5.173801e+01 1.706956e+02
      vertex   7.582740e+01 -5.185613e+01 1.732622e+02
      vertex   7.579414e+01 -5.173801e+01 1.732622e+02
    endloop
  endfacet
  facet normal -9.995962e-01 -2.841466e-02 0.000000e+00
    outer loop
      vertex   7.579414e+01 -5.173801e+01 1.706956e+02
      vertex   7.579414e+01 -5.173801e+01 1.732622e+02
      vertex   7.579066e+01 -5.161536e+01 1.706956e+02
    endloop
  endfacet
  facet normal -9.995962e-01 -2.841466e-02 5.534461e-15
    outer loop
      vertex   7.579066e+01 -5.161536e+01 1.706956e+02
      vertex   7.579414e+01 -5.173801e+01 1.732622e+02
      vertex   7.579066e+01 -5.161536e+01 1.732622e+02
    endloop
  endfacet
  facet normal -9.764152e-01 2.159011e-01 5.406115e-15
    outer loop
      vertex   7.579066e+01 -5.161536e+01 1.706956e+02
      vertex   7.579066e+01 -5.161536e+01 1.732622e+02
      vertex   7.581715e+01 -5.149554e+01 1.706956e+02
    endloop
  endfacet
  facet normal -9.764152e-01 2.159011e-01 0.000000e+00
    outer loop
      vertex   7.581715e+01 -5.149554e+01 1.706956e+02
      vertex   7.579066e+01 -5.161536e+01 1.732622e+02
      vertex   7.581715e+01 -5.149554e+01 1.732622e+02
    endloop
  endfacet
  facet normal -8.944272e-01 4.472136e-01 0.000000e+00
    outer loop
      vertex   7.581715e+01 -5.149554e+01 1.706956e+02
      vertex   7.581715e+01 -5.149554e+01 1.732622e+02
      vertex   7.587203e+01 -5.138579e+01 1.706956e+02
    endloop
  endfacet
  facet normal -8.944272e-01 4.472136e-01 0.000000e+00
    outer loop
      vertex   7.587203e+01 -5.138579e+01 1.706956e+02
      vertex   7.581715e+01 -5.149554e+01 1.732622e+02
      vertex   7.587203e+01 -5.138579e+01 1.732622e+02
    endloop
  endfacet
  facet normal -7.585700e-01 6.515916e-01 0.000000e+00
    outer loop
      vertex   7.587203e+01 -5.138579e+01 1.706956e+02
      vertex   7.587203e+01 -5.138579e+01 1.732622e+02
      vertex   7.595198e+01 -5.129271e+01 1.706956e+02
    endloop
  endfacet
  facet normal -7.585700e-01 6.515916e-01 0.000000e+00
    outer loop
      vertex   7.595198e+01 -5.129271e+01 1.706956e+02
      vertex   7.587203e+01 -5.138579e+01 1.732622e+02
      vertex   7.595198e+01 -5.129271e+01 1.732622e+02
    endloop
  endfacet
  facet normal -5.770260e-01 8.167258e-01 0.000000e+00
    outer loop
      vertex   7.595198e+01 -5.129271e+01 1.706956e+02
      vertex   7.595198e+01 -5.129271e+01 1.732622e+02
      vertex   7.605220e+01 -5.122191e+01 1.706956e+02
    endloop
  endfacet
  facet normal -5.770260e-01 8.167258e-01 0.000000e+00
    outer loop
      vertex   7.605220e+01 -5.122191e+01 1.706956e+02
      vertex   7.595198e+01 -5.129271e+01 1.732622e+02
      vertex   7.605220e+01 -5.122191e+01 1.732622e+02
    endloop
  endfacet
  facet normal -3.607292e-01 9.326706e-01 0.000000e+00
    outer loop
      vertex   7.605220e+01 -5.122191e+01 1.706956e+02
      vertex   7.605220e+01 -5.122191e+01 1.732622e+02
      vertex   7.616664e+01 -5.117764e+01 1.706956e+02
    endloop
  endfacet
  facet normal -3.607292e-01 9.326706e-01 0.000000e+00
    outer loop
      vertex   7.616664e+01 -5.117764e+01 1.706956e+02
      vertex   7.605220e+01 -5.122191e+01 1.732622e+02
      vertex   7.616664e+01 -5.117764e+01 1.732622e+02
    endloop
  endfacet
  facet normal -3.607292e-01 9.326706e-01 0.000000e+00
    outer loop
      vertex   7.605220e+01 -5.122191e+01 1.758289e+02
      vertex   7.616664e+01 -5.117764e+01 1.758289e+02
      vertex   7.616664e+01 -5.117764e+01 1.732622e+02
    endloop
  endfacet
  facet normal -3.607292e-01 9.326706e-01 0.000000e+00
    outer loop
      vertex   7.605220e+01 -5.122191e+01 1.758289e+02
      vertex   7.616664e+01 -5.117764e+01 1.732622e+02
      vertex   7.605220e+01 -5.122191e+01 1.732622e+02
    endloop
  endfacet
  facet normal -5.770260e-01 8.167258e-01 0.000000e+00
    outer loop
      vertex   7.595198e+01 -5.129271e+01 1.758289e+02
      vertex   7.605220e+01 -5.122191e+01 1.758289e+02
      vertex   7.605220e+01 -5.122191e+01 1.732622e+02
    endloop
  endfacet
  facet normal -5.770260e-01 8.167258e-01 0.000000e+00
    outer loop
      vertex   7.595198e+01 -5.129271e+01 1.758289e+02
      vertex   7.605220e+01 -5.122191e+01 1.732622e+02
      vertex   7.595198e+01 -5.129271e+01 1.732622e+02
    endloop
  endfacet
  facet normal -7.585700e-01 6.515916e-01 0.000000e+00
    outer loop
      vertex   7.587203e+01 -5.138579e+01 1.758289e+02
      vertex   7.595198e+01 -5.129271e+01 1.758289e+02
      vertex   7.595198e+01 -5.129271e+01 1.732622e+02
    endloop
  endfacet
  facet normal -7.585700e-01 6.515916e-01 0.000000e+00
    outer loop
      vertex   7.587203e+01 -5.138579e+01 1.758289e+02
      vertex   7.595198e+01 -5.129271e+01 1.732622e+02
      vertex   7.587203e+01 -5.138579e+01 1.732622e+02
    endloop
  endfacet
  facet normal -8.944272e-01 4.472136e-01 0.000000e+00
    outer loop
      vertex   7.581715e+01 -5.149554e+01 1.758289e+02
      vertex   7.587203e+01 -5.138579e+01 1.758289e+02
      vertex   7.587203e+01 -5.138579e+01 1.732622e+02
    endloop
  endfacet
  facet normal -8.944272e-01 4.472136e-01 -1.238043e-15
    outer loop
      vertex   7.581715e+01 -5.149554e+01 1.758289e+02
      vertex   7.587203e+01 -5.138579e+01 1.732622e+02
      vertex   7.581715e+01 -5.149554e+01 1.732622e+02
    endloop
  endfacet
  facet normal -9.764152e-01 2.159011e-01 -5.976171e-16
    outer loop
      vertex   7.579066e+01 -5.161536e+01 1.758289e+02
      vertex   7.581715e+01 -5.149554e+01 1.758289e+02
      vertex   7.581715e+01 -5.149554e+01 1.732622e+02
    endloop
  endfacet
  facet normal -9.764152e-01 2.159011e-01 0.000000e+00
    outer loop
      vertex   7.579066e+01 -5.161536e+01 1.758289e+02
      vertex   7.581715e+01 -5.149554e+01 1.732622e+02
      vertex   7.579066e+01 -5.161536e+01 1.732622e+02
    endloop
  endfacet
  facet normal -9.995962e-01 -2.841466e-02 0.000000e+00
    outer loop
      vertex   7.579414e+01 -5.173801e+01 1.758289e+02
      vertex   7.579066e+01 -5.161536e+01 1.758289e+02
      vertex   7.579066e+01 -5.161536e+01 1.732622e+02
    endloop
  endfacet
  facet normal -9.995962e-01 -2.841466e-02 -0.000000e+00
    outer loop
      vertex   7.579414e+01 -5.173801e+01 1.758289e+02
      vertex   7.579066e+01 -5.161536e+01 1.732622e+02
      vertex   7.579414e+01 -5.173801e+01 1.732622e+02
    endloop
  endfacet
  facet normal -9.625740e-01 -2.710190e-01 0.000000e+00
    outer loop
      vertex   7.582740e+01 -5.185613e+01 1.758289e+02
      vertex   7.579414e+01 -5.173801e+01 1.758289e+02
      vertex   7.579414e+01 -5.173801e+01 1.732622e+02
    endloop
  endfacet
  facet normal -9.625740e-01 -2.710190e-01 -0.000000e+00
    outer loop
      vertex   7.582740e+01 -5.185613e+01 1.758289e+02
      vertex   7.579414e+01 -5.173801e+01 1.732622e+02
      vertex   7.582740e+01 -5.185613e+01 1.732622e+02
    endloop
  endfacet
  facet normal 6.099303e-13 1.000000e+00 -0.000000e+00
    outer loop
      vertex   7.802421e+01 -5.116258e+01 1.706956e+02
      vertex   7.628842e+01 -5.116258e+01 1.706956e+02
      vertex   7.802421e+01 -5.116258e+01 1.783956e+02
    endloop
  endfacet
  facet normal 6.099303e-13 1.000000e+00 0.000000e+00
    outer loop
      vertex   7.802421e+01 -5.116258e+01 1.783956e+02
      vertex   7.628842e+01 -5.116258e+01 1.706956e+02
      vertex   7.628842e+01 -5.116258e+01 1.783956e+02
    endloop
  endfacet
  facet normal 8.675783e-01 -4.973006e-01 7.288779e-15
    outer loop
      vertex   9.068842e+01 -5.196258e+01 1.749956e+02
      vertex   9.068842e+01 -5.196258e+01 1.706956e+02
      vertex   9.074944e+01 -5.185613e+01 1.732622e+02
    endloop
  endfacet
  facet normal 8.675783e-01 -4.973006e-01 6.180219e-15
    outer loop
      vertex   9.074944e+01 -5.185613e+01 1.732622e+02
      vertex   9.068842e+01 -5.196258e+01 1.706956e+02
      vertex   9.074944e+01 -5.185613e+01 1.706956e+02
    endloop
  endfacet
  facet normal 9.625740e-01 -2.710190e-01 6.079755e-15
    outer loop
      vertex   9.074944e+01 -5.185613e+01 1.732622e+02
      vertex   9.074944e+01 -5.185613e+01 1.706956e+02
      vertex   9.078270e+01 -5.173801e+01 1.732622e+02
    endloop
  endfacet
  facet normal 9.625740e-01 -2.710190e-01 -5.329480e-15
    outer loop
      vertex   9.078270e+01 -5.173801e+01 1.732622e+02
      vertex   9.074944e+01 -5.185613e+01 1.706956e+02
      vertex   9.078270e+01 -5.173801e+01 1.706956e+02
    endloop
  endfacet
  facet normal 9.995962e-01 -2.841466e-02 -5.534461e-15
    outer loop
      vertex   9.078270e+01 -5.173801e+01 1.732622e+02
      vertex   9.078270e+01 -5.173801e+01 1.706956e+02
      vertex   9.078619e+01 -5.161536e+01 1.732622e+02
    endloop
  endfacet
  facet normal 9.995962e-01 -2.841466e-02 0.000000e+00
    outer loop
      vertex   9.078619e+01 -5.161536e+01 1.732622e+02
      vertex   9.078270e+01 -5.173801e+01 1.706956e+02
      vertex   9.078619e+01 -5.161536e+01 1.706956e+02
    endloop
  endfacet
  facet normal 9.764152e-01 2.159011e-01 0.000000e+00
    outer loop
      vertex   9.078619e+01 -5.161536e+01 1.732622e+02
      vertex   9.078619e+01 -5.161536e+01 1.706956e+02
      vertex   9.075969e+01 -5.149554e+01 1.732622e+02
    endloop
  endfacet
  facet normal 9.764152e-01 2.159011e-01 -5.406115e-15
    outer loop
      vertex   9.075969e+01 -5.149554e+01 1.732622e+02
      vertex   9.078619e+01 -5.161536e+01 1.706956e+02
      vertex   9.075969e+01 -5.149554e+01 1.706956e+02
    endloop
  endfacet
  facet normal 8.944272e-01 4.472136e-01 -4.952172e-15
    outer loop
      vertex   9.075969e+01 -5.149554e+01 1.732622e+02
      vertex   9.075969e+01 -5.149554e+01 1.706956e+02
      vertex   9.070482e+01 -5.138579e+01 1.732622e+02
    endloop
  endfacet
  facet normal 8.944272e-01 4.472136e-01 0.000000e+00
    outer loop
      vertex   9.070482e+01 -5.138579e+01 1.732622e+02
      vertex   9.075969e+01 -5.149554e+01 1.706956e+02
      vertex   9.070482e+01 -5.138579e+01 1.706956e+02
    endloop
  endfacet
  facet normal 7.585700e-01 6.515916e-01 0.000000e+00
    outer loop
      vertex   9.070482e+01 -5.138579e+01 1.732622e+02
      vertex   9.070482e+01 -5.138579e+01 1.706956e+02
      vertex   9.062486e+01 -5.129271e+01 1.732622e+02
    endloop
  endfacet
  facet normal 7.585700e-01 6.515916e-01 0.000000e+00
    outer loop
      vertex   9.062486e+01 -5.129271e+01 1.732622e+02
      vertex   9.070482e+01 -5.138579e+01 1.706956e+02
      vertex   9.062486e+01 -5.129271e+01 1.706956e+02
    endloop
  endfacet
  facet normal 5.770260e-01 8.167258e-01 0.000000e+00
    outer loop
      vertex   9.062486e+01 -5.129271e+01 1.732622e+02
      vertex   9.062486e+01 -5.129271e+01 1.706956e+02
      vertex   9.052465e+01 -5.122191e+01 1.732622e+02
    endloop
  endfacet
  facet normal 5.770260e-01 8.167258e-01 0.000000e+00
    outer loop
      vertex   9.052465e+01 -5.122191e+01 1.732622e+02
      vertex   9.062486e+01 -5.129271e+01 1.706956e+02
      vertex   9.052465e+01 -5.122191e+01 1.706956e+02
    endloop
  endfacet
  facet normal 3.607292e-01 9.326706e-01 0.000000e+00
    outer loop
      vertex   9.052465e+01 -5.122191e+01 1.732622e+02
      vertex   9.052465e+01 -5.122191e+01 1.706956e+02
      vertex   9.041020e+01 -5.117764e+01 1.732622e+02
    endloop
  endfacet
  facet normal 3.607292e-01 9.326706e-01 0.000000e+00
    outer loop
      vertex   9.041020e+01 -5.117764e+01 1.732622e+02
      vertex   9.052465e+01 -5.122191e+01 1.706956e+02
      vertex   9.041020e+01 -5.117764e+01 1.706956e+02
    endloop
  endfacet
  facet normal 1.227065e-01 9.924430e-01 0.000000e+00
    outer loop
      vertex   9.041020e+01 -5.117764e+01 1.732622e+02
      vertex   9.041020e+01 -5.117764e+01 1.706956e+02
      vertex   9.028842e+01 -5.116258e+01 1.706956e+02
    endloop
  endfacet
  facet normal 1.227065e-01 9.924430e-01 -0.000000e+00
    outer loop
      vertex   9.028842e+01 -5.116258e+01 1.706956e+02
      vertex   9.028842e+01 -5.116258e+01 1.783956e+02
      vertex   9.041020e+01 -5.117764e+01 1.732622e+02
    endloop
  endfacet
  facet normal 1.227065e-01 9.924430e-01 -0.000000e+00
    outer loop
      vertex   9.041020e+01 -5.117764e+01 1.732622e+02
      vertex   9.028842e+01 -5.116258e+01 1.783956e+02
      vertex   9.041020e+01 -5.117764e+01 1.758289e+02
    endloop
  endfacet
  facet normal 3.607292e-01 9.326706e-01 -0.000000e+00
    outer loop
      vertex   9.041020e+01 -5.117764e+01 1.732622e+02
      vertex   9.041020e+01 -5.117764e+01 1.758289e+02
      vertex   9.052465e+01 -5.122191e+01 1.732622e+02
    endloop
  endfacet
  facet normal 3.607292e-01 9.326706e-01 -0.000000e+00
    outer loop
      vertex   9.052465e+01 -5.122191e+01 1.732622e+02
      vertex   9.041020e+01 -5.117764e+01 1.758289e+02
      vertex   9.052465e+01 -5.122191e+01 1.758289e+02
    endloop
  endfacet
  facet normal 5.770260e-01 8.167258e-01 -0.000000e+00
    outer loop
      vertex   9.052465e+01 -5.122191e+01 1.732622e+02
      vertex   9.052465e+01 -5.122191e+01 1.758289e+02
      vertex   9.062486e+01 -5.129271e+01 1.732622e+02
    endloop
  endfacet
  facet normal 5.770260e-01 8.167258e-01 -0.000000e+00
    outer loop
      vertex   9.062486e+01 -5.129271e+01 1.732622e+02
      vertex   9.052465e+01 -5.122191e+01 1.758289e+02
      vertex   9.062486e+01 -5.129271e+01 1.758289e+02
    endloop
  endfacet
  facet normal 7.585700e-01 6.515916e-01 -0.000000e+00
    outer loop
      vertex   9.062486e+01 -5.129271e+01 1.732622e+02
      vertex   9.062486e+01 -5.129271e+01 1.758289e+02
      vertex   9.070482e+01 -5.138579e+01 1.732622e+02
    endloop
  endfacet
  facet normal 7.585700e-01 6.515916e-01 -0.000000e+00
    outer loop
      vertex   9.070482e+01 -5.138579e+01 1.732622e+02
      vertex   9.062486e+01 -5.129271e+01 1.758289e+02
      vertex   9.070482e+01 -5.138579e+01 1.758289e+02
    endloop
  endfacet
  facet normal 8.944272e-01 4.472136e-01 -0.000000e+00
    outer loop
      vertex   9.070482e+01 -5.138579e+01 1.732622e+02
      vertex   9.070482e+01 -5.138579e+01 1.758289e+02
      vertex   9.075969e+01 -5.149554e+01 1.732622e+02
    endloop
  endfacet
  facet normal 8.944272e-01 4.472136e-01 -0.000000e+00
    outer loop
      vertex   9.075969e+01 -5.149554e+01 1.732622e+02
      vertex   9.070482e+01 -5.138579e+01 1.758289e+02
      vertex   9.075969e+01 -5.149554e+01 1.758289e+02
    endloop
  endfacet
  facet normal 9.764152e-01 2.159011e-01 -0.000000e+00
    outer loop
      vertex   9.075969e+01 -5.149554e+01 1.732622e+02
      vertex   9.075969e+01 -5.149554e+01 1.758289e+02
      vertex   9.078619e+01 -5.161536e+01 1.732622e+02
    endloop
  endfacet
  facet normal 9.764152e-01 2.159011e-01 -0.000000e+00
    outer loop
      vertex   9.078619e+01 -5.161536e+01 1.732622e+02
      vertex   9.075969e+01 -5.149554e+01 1.758289e+02
      vertex   9.078619e+01 -5.161536e+01 1.758289e+02
    endloop
  endfacet
  facet normal 9.995962e-01 -2.841466e-02 0.000000e+00
    outer loop
      vertex   9.078619e+01 -5.161536e+01 1.732622e+02
      vertex   9.078619e+01 -5.161536e+01 1.758289e+02
      vertex   9.078270e+01 -5.173801e+01 1.732622e+02
    endloop
  endfacet
  facet normal 9.995962e-01 -2.841466e-02 0.000000e+00
    outer loop
      vertex   9.078270e+01 -5.173801e+01 1.732622e+02
      vertex   9.078619e+01 -5.161536e+01 1.758289e+02
      vertex   9.078270e+01 -5.173801e+01 1.758289e+02
    endloop
  endfacet
  facet normal 9.625740e-01 -2.710190e-01 0.000000e+00
    outer loop
      vertex   9.078270e+01 -5.173801e+01 1.732622e+02
      vertex   9.078270e+01 -5.173801e+01 1.758289e+02
      vertex   9.074944e+01 -5.185613e+01 1.732622e+02
    endloop
  endfacet
  facet normal 9.625740e-01 -2.710190e-01 0.000000e+00
    outer loop
      vertex   9.074944e+01 -5.185613e+01 1.732622e+02
      vertex   9.078270e+01 -5.173801e+01 1.758289e+02
      vertex   9.074944e+01 -5.185613e+01 1.758289e+02
    endloop
  endfacet
  facet normal 8.675783e-01 -4.973006e-01 0.000000e+00
    outer loop
      vertex   9.074944e+01 -5.185613e+01 1.732622e+02
      vertex   9.074944e+01 -5.185613e+01 1.758289e+02
      vertex   9.068842e+01 -5.196258e+01 1.749956e+02
    endloop
  endfacet
  facet normal 8.675783e-01 -4.973006e-01 -9.218161e-15
    outer loop
      vertex   9.068842e+01 -5.196258e+01 1.749956e+02
      vertex   9.074944e+01 -5.185613e+01 1.758289e+02
      vertex   9.068842e+01 -5.196258e+01 1.783956e+02
    endloop
  endfacet
  facet normal 8.675783e-01 -4.973006e-01 -6.179966e-15
    outer loop
      vertex   9.068842e+01 -5.196258e+01 1.783956e+02
      vertex   9.074944e+01 -5.185613e+01 1.758289e+02
      vertex   9.074944e+01 -5.185613e+01 1.783956e+02
    endloop
  endfacet
  facet normal 9.625740e-01 -2.710190e-01 -6.079755e-15
    outer loop
      vertex   9.074944e+01 -5.185613e+01 1.783956e+02
      vertex   9.074944e+01 -5.185613e+01 1.758289e+02
      vertex   9.078270e+01 -5.173801e+01 1.783956e+02
    endloop
  endfacet
  facet normal 9.625740e-01 -2.710190e-01 5.329480e-15
    outer loop
      vertex   9.078270e+01 -5.173801e+01 1.783956e+02
      vertex   9.074944e+01 -5.185613e+01 1.758289e+02
      vertex   9.078270e+01 -5.173801e+01 1.758289e+02
    endloop
  endfacet
  facet normal 9.995962e-01 -2.841466e-02 5.534461e-15
    outer loop
      vertex   9.078270e+01 -5.173801e+01 1.783956e+02
      vertex   9.078270e+01 -5.173801e+01 1.758289e+02
      vertex   9.078619e+01 -5.161536e+01 1.783956e+02
    endloop
  endfacet
  facet normal 9.995962e-01 -2.841466e-02 0.000000e+00
    outer loop
      vertex   9.078619e+01 -5.161536e+01 1.783956e+02
      vertex   9.078270e+01 -5.173801e+01 1.758289e+02
      vertex   9.078619e+01 -5.161536e+01 1.758289e+02
    endloop
  endfacet
  facet normal 9.764152e-01 2.159011e-01 0.000000e+00
    outer loop
      vertex   9.078619e+01 -5.161536e+01 1.783956e+02
      vertex   9.078619e+01 -5.161536e+01 1.758289e+02
      vertex   9.075969e+01 -5.149554e+01 1.783956e+02
    endloop
  endfacet
  facet normal 9.764152e-01 2.159011e-01 5.406115e-15
    outer loop
      vertex   9.075969e+01 -5.149554e+01 1.783956e+02
      vertex   9.078619e+01 -5.161536e+01 1.758289e+02
      vertex   9.075969e+01 -5.149554e+01 1.758289e+02
    endloop
  endfacet
  facet normal 8.944272e-01 4.472136e-01 4.952172e-15
    outer loop
      vertex   9.075969e+01 -5.149554e+01 1.783956e+02
      vertex   9.075969e+01 -5.149554e+01 1.758289e+02
      vertex   9.070482e+01 -5.138579e+01 1.783956e+02
    endloop
  endfacet
  facet normal 8.944272e-01 4.472136e-01 0.000000e+00
    outer loop
      vertex   9.070482e+01 -5.138579e+01 1.783956e+02
      vertex   9.075969e+01 -5.149554e+01 1.758289e+02
      vertex   9.070482e+01 -5.138579e+01 1.758289e+02
    endloop
  endfacet
  facet normal 7.585700e-01 6.515916e-01 0.000000e+00
    outer loop
      vertex   9.070482e+01 -5.138579e+01 1.783956e+02
      vertex   9.070482e+01 -5.138579e+01 1.758289e+02
      vertex   9.062486e+01 -5.129271e+01 1.783956e+02
    endloop
  endfacet
  facet normal 7.585700e-01 6.515916e-01 0.000000e+00
    outer loop
      vertex   9.062486e+01 -5.129271e+01 1.783956e+02
      vertex   9.070482e+01 -5.138579e+01 1.758289e+02
      vertex   9.062486e+01 -5.129271e+01 1.758289e+02
    endloop
  endfacet
  facet normal 5.770260e-01 8.167258e-01 0.000000e+00
    outer loop
      vertex   9.062486e+01 -5.129271e+01 1.783956e+02
      vertex   9.062486e+01 -5.129271e+01 1.758289e+02
      vertex   9.052465e+01 -5.122191e+01 1.783956e+02
    endloop
  endfacet
  facet normal 5.770260e-01 8.167258e-01 0.000000e+00
    outer loop
      vertex   9.052465e+01 -5.122191e+01 1.783956e+02
      vertex   9.062486e+01 -5.129271e+01 1.758289e+02
      vertex   9.052465e+01 -5.122191e+01 1.758289e+02
    endloop
  endfacet
  facet normal 3.607292e-01 9.326706e-01 0.000000e+00
    outer loop
      vertex   9.052465e+01 -5.122191e+01 1.783956e+02
      vertex   9.052465e+01 -5.122191e+01 1.758289e+02
      vertex   9.041020e+01 -5.117764e+01 1.783956e+02
    endloop
  endfacet
  facet normal 3.607292e-01 9.326706e-01 0.000000e+00
    outer loop
      vertex   9.041020e+01 -5.117764e+01 1.783956e+02
      vertex   9.052465e+01 -5.122191e+01 1.758289e+02
      vertex   9.041020e+01 -5.117764e+01 1.758289e+02
    endloop
  endfacet
  facet normal 1.227065e-01 9.924430e-01 0.000000e+00
    outer loop
      vertex   9.041020e+01 -5.117764e+01 1.783956e+02
      vertex   9.041020e+01 -5.117764e+01 1.758289e+02
      vertex   9.028842e+01 -5.116258e+01 1.783956e+02
    endloop
  endfacet
  facet normal -1.125357e-14 -1.000000e+00 1.223900e-15
    outer loop
      vertex   8.157934e+01 -7.916258e+01 1.749218e+02
      vertex   8.032934e+01 -7.916258e+01 1.750394e+02
      vertex   8.153842e+01 -7.916258e+01 1.745456e+02
    endloop
  endfacet
  facet normal -1.136868e-14 -1.000000e+00 9.420360e-16
    outer loop
      vertex   8.153842e+01 -7.916258e+01 1.745456e+02
      vertex   8.032934e+01 -7.916258e+01 1.750394e+02
      vertex   8.028842e+01 -7.916258e+01 1.745456e+02
    endloop
  endfacet
  facet normal -1.136868e-14 -1.000000e+00 -9.420360e-16
    outer loop
      vertex   8.153842e+01 -7.916258e+01 1.745456e+02
      vertex   8.028842e+01 -7.916258e+01 1.745456e+02
      vertex   8.032934e+01 -7.916258e+01 1.740518e+02
    endloop
  endfacet
  facet normal -1.110419e-14 -1.000000e+00 2.811962e-15
    outer loop
      vertex   8.032934e+01 -7.916258e+01 1.750394e+02
      vertex   8.157934e+01 -7.916258e+01 1.749218e+02
      vertex   8.045097e+01 -7.916258e+01 1.755197e+02
    endloop
  endfacet
  facet normal -1.068629e-14 -1.000000e+00 3.600629e-15
    outer loop
      vertex   8.045097e+01 -7.916258e+01 1.755197e+02
      vertex   8.157934e+01 -7.916258e+01 1.749218e+02
      vertex   8.170017e+01 -7.916258e+01 1.752804e+02
    endloop
  endfacet
  facet normal -1.049424e-14 -1.000000e+00 4.603199e-15
    outer loop
      vertex   8.045097e+01 -7.916258e+01 1.755197e+02
      vertex   8.170017e+01 -7.916258e+01 1.752804e+02
      vertex   8.065000e+01 -7.916258e+01 1.759734e+02
    endloop
  endfacet
  facet normal -9.686025e-15 -1.000000e+00 5.827888e-15
    outer loop
      vertex   8.065000e+01 -7.916258e+01 1.759734e+02
      vertex   8.170017e+01 -7.916258e+01 1.752804e+02
      vertex   8.189526e+01 -7.916258e+01 1.756046e+02
    endloop
  endfacet
  facet normal -1.806316e-14 -1.000000e+00 -2.245861e-14
    outer loop
      vertex   8.065000e+01 -7.916258e+01 1.759734e+02
      vertex   8.189526e+01 -7.916258e+01 1.756046e+02
      vertex   8.092100e+01 -7.916258e+01 1.763882e+02
    endloop
  endfacet
  facet normal 0.000000e+00 -1.000000e+00 0.000000e+00
    outer loop
      vertex   8.092100e+01 -7.916258e+01 1.763882e+02
      vertex   8.189526e+01 -7.916258e+01 1.756046e+02
      vertex   8.125658e+01 -7.916258e+01 1.767527e+02
    endloop
  endfacet
  facet normal 0.000000e+00 -1.000000e+00 0.000000e+00
    outer loop
      vertex   8.125658e+01 -7.916258e+01 1.767527e+02
      vertex   8.189526e+01 -7.916258e+01 1.756046e+02
      vertex   8.215550e+01 -7.916258e+01 1.758794e+02
    endloop
  endfacet
  facet normal 0.000000e+00 -1.000000e+00 0.000000e+00
    outer loop
      vertex   8.125658e+01 -7.916258e+01 1.767527e+02
      vertex   8.215550e+01 -7.916258e+01 1.758794e+02
      vertex   8.164758e+01 -7.916258e+01 1.770571e+02
    endloop
  endfacet
  facet normal 0.000000e+00 -1.000000e+00 0.000000e+00
    outer loop
      vertex   8.164758e+01 -7.916258e+01 1.770571e+02
      vertex   8.215550e+01 -7.916258e+01 1.758794e+02
      vertex   8.246871e+01 -7.916258e+01 1.760917e+02
    endloop
  endfacet
  facet normal 0.000000e+00 -1.000000e+00 0.000000e+00
    outer loop
      vertex   8.164758e+01 -7.916258e+01 1.770571e+02
      vertex   8.246871e+01 -7.916258e+01 1.760917e+02
      vertex   8.208334e+01 -7.916258e+01 1.772929e+02
    endloop
  endfacet
  facet normal -3.584277e-14 -1.000000e+00 -1.149940e-14
    outer loop
      vertex   8.208334e+01 -7.916258e+01 1.772929e+02
      vertex   8.246871e+01 -7.916258e+01 1.760917e+02
      vertex   8.282025e+01 -7.916258e+01 1.762318e+02
    endloop
  endfacet
  facet normal -3.712527e-15 -1.000000e+00 1.081422e-14
    outer loop
      vertex   8.208334e+01 -7.916258e+01 1.772929e+02
      vertex   8.282025e+01 -7.916258e+01 1.762318e+02
      vertex   8.255197e+01 -7.916258e+01 1.774538e+02
    endloop
  endfacet
  facet normal -2.992216e-14 -1.000000e+00 5.060016e-15
    outer loop
      vertex   8.255197e+01 -7.916258e+01 1.774538e+02
      vertex   8.282025e+01 -7.916258e+01 1.762318e+02
      vertex   8.304068e+01 -7.916258e+01 1.775353e+02
    endloop
  endfacet
  facet normal 0.000000e+00 -1.000000e+00 -0.000000e+00
    outer loop
      vertex   8.304068e+01 -7.916258e+01 1.775353e+02
      vertex   8.282025e+01 -7.916258e+01 1.762318e+02
      vertex   8.319368e+01 -7.916258e+01 1.762930e+02
    endloop
  endfacet
  facet normal 0.000000e+00 -1.000000e+00 0.000000e+00
    outer loop
      vertex   8.304068e+01 -7.916258e+01 1.775353e+02
      vertex   8.319368e+01 -7.916258e+01 1.762930e+02
      vertex   8.353616e+01 -7.916258e+01 1.775353e+02
    endloop
  endfacet
  facet normal 0.000000e+00 -1.000000e+00 -0.000000e+00
    outer loop
      vertex   8.353616e+01 -7.916258e+01 1.775353e+02
      vertex   8.319368e+01 -7.916258e+01 1.762930e+02
      vertex   8.357154e+01 -7.916258e+01 1.762725e+02
    endloop
  endfacet
  facet normal -2.921438e-14 -1.000000e+00 -8.185084e-16
    outer loop
      vertex   8.353616e+01 -7.916258e+01 1.775353e+02
      vertex   8.357154e+01 -7.916258e+01 1.762725e+02
      vertex   8.402488e+01 -7.916258e+01 1.774538e+02
    endloop
  endfacet
  facet normal -3.823964e-14 -1.000000e+00 2.645178e-15
    outer loop
      vertex   8.402488e+01 -7.916258e+01 1.774538e+02
      vertex   8.357154e+01 -7.916258e+01 1.762725e+02
      vertex   8.393616e+01 -7.916258e+01 1.761713e+02
    endloop
  endfacet
  facet normal 0.000000e+00 -1.000000e+00 -0.000000e+00
    outer loop
      vertex   8.402488e+01 -7.916258e+01 1.774538e+02
      vertex   8.393616e+01 -7.916258e+01 1.761713e+02
      vertex   8.449351e+01 -7.916258e+01 1.772929e+02
    endloop
  endfacet
  facet normal 0.000000e+00 -1.000000e+00 0.000000e+00
    outer loop
      vertex   8.449351e+01 -7.916258e+01 1.772929e+02
      vertex   8.393616e+01 -7.916258e+01 1.761713e+02
      vertex   8.427050e+01 -7.916258e+01 1.759940e+02
    endloop
  endfacet
  facet normal 0.000000e+00 -1.000000e+00 -0.000000e+00
    outer loop
      vertex   8.449351e+01 -7.916258e+01 1.772929e+02
      vertex   8.427050e+01 -7.916258e+01 1.759940e+02
      vertex   8.492927e+01 -7.916258e+01 1.770571e+02
    endloop
  endfacet
  facet normal 0.000000e+00 -1.000000e+00 -0.000000e+00
    outer loop
      vertex   8.492927e+01 -7.916258e+01 1.770571e+02
      vertex   8.427050e+01 -7.916258e+01 1.759940e+02
      vertex   8.532027e+01 -7.916258e+01 1.767527e+02
    endloop
  endfacet
  facet normal 0.000000e+00 -1.000000e+00 0.000000e+00
    outer loop
      vertex   8.532027e+01 -7.916258e+01 1.767527e+02
      vertex   8.427050e+01 -7.916258e+01 1.759940e+02
      vertex   8.455891e+01 -7.916258e+01 1.757490e+02
    endloop
  endfacet
  facet normal 0.000000e+00 -1.000000e+00 -0.000000e+00
    outer loop
      vertex   8.532027e+01 -7.916258e+01 1.767527e+02
      vertex   8.455891e+01 -7.916258e+01 1.757490e+02
      vertex   8.565584e+01 -7.916258e+01 1.763882e+02
    endloop
  endfacet
  facet normal 0.000000e+00 -1.000000e+00 0.000000e+00
    outer loop
      vertex   8.565584e+01 -7.916258e+01 1.763882e+02
      vertex   8.455891e+01 -7.916258e+01 1.757490e+02
      vertex   8.478792e+01 -7.916258e+01 1.754478e+02
    endloop
  endfacet
  facet normal -2.173516e-14 -1.000000e+00 2.005958e-14
    outer loop
      vertex   8.565584e+01 -7.916258e+01 1.763882e+02
      vertex   8.478792e+01 -7.916258e+01 1.754478e+02
      vertex   8.592684e+01 -7.916258e+01 1.759734e+02
    endloop
  endfacet
  facet normal -1.028207e-14 -1.000000e+00 -4.756993e-15
    outer loop
      vertex   8.592684e+01 -7.916258e+01 1.759734e+02
      vertex   8.478792e+01 -7.916258e+01 1.754478e+02
      vertex   8.494682e+01 -7.916258e+01 1.751043e+02
    endloop
  endfacet
  facet normal -1.043968e-14 -1.000000e+00 -4.579266e-15
    outer loop
      vertex   8.592684e+01 -7.916258e+01 1.759734e+02
      vertex   8.494682e+01 -7.916258e+01 1.751043e+02
      vertex   8.612587e+01 -7.916258e+01 1.755197e+02
    endloop
  endfacet
  facet normal -1.106564e-14 -1.000000e+00 -2.802201e-15
    outer loop
      vertex   8.612587e+01 -7.916258e+01 1.755197e+02
      vertex   8.494682e+01 -7.916258e+01 1.751043e+02
      vertex   8.624751e+01 -7.916258e+01 1.750394e+02
    endloop
  endfacet
  facet normal -1.104713e-14 -1.000000e+00 -2.431657e-15
    outer loop
      vertex   8.624751e+01 -7.916258e+01 1.750394e+02
      vertex   8.494682e+01 -7.916258e+01 1.751043e+02
      vertex   8.502816e+01 -7.916258e+01 1.747348e+02
    endloop
  endfacet
  facet normal -1.141819e-14 -1.000000e+00 -9.461382e-16
    outer loop
      vertex   8.624751e+01 -7.916258e+01 1.750394e+02
      vertex   8.502816e+01 -7.916258e+01 1.747348e+02
      vertex   8.628842e+01 -7.916258e+01 1.745456e+02
    endloop
  endfacet
  facet normal -1.127614e-14 -1.000000e+00 0.000000e+00
    outer loop
      vertex   8.628842e+01 -7.916258e+01 1.745456e+02
      vertex   8.502816e+01 -7.916258e+01 1.747348e+02
      vertex   8.502816e+01 -7.916258e+01 1.743564e+02
    endloop
  endfacet
  facet normal -1.141819e-14 -1.000000e+00 9.461382e-16
    outer loop
      vertex   8.628842e+01 -7.916258e+01 1.745456e+02
      vertex   8.502816e+01 -7.916258e+01 1.743564e+02
      vertex   8.624751e+01 -7.916258e+01 1.740518e+02
    endloop
  endfacet
  facet normal -1.104713e-14 -1.000000e+00 2.431657e-15
    outer loop
      vertex   8.624751e+01 -7.916258e+01 1.740518e+02
      vertex   8.502816e+01 -7.916258e+01 1.743564e+02
      vertex   8.494682e+01 -7.916258e+01 1.739868e+02
    endloop
  endfacet
  facet normal -1.106564e-14 -1.000000e+00 2.802201e-15
    outer loop
      vertex   8.624751e+01 -7.916258e+01 1.740518e+02
      vertex   8.494682e+01 -7.916258e+01 1.739868e+02
      vertex   8.612587e+01 -7.916258e+01 1.735715e+02
    endloop
  endfacet
  facet normal -1.043968e-14 -1.000000e+00 4.579266e-15
    outer loop
      vertex   8.612587e+01 -7.916258e+01 1.735715e+02
      vertex   8.494682e+01 -7.916258e+01 1.739868e+02
      vertex   8.592684e+01 -7.916258e+01 1.731177e+02
    endloop
  endfacet
  facet normal -1.028207e-14 -1.000000e+00 4.756993e-15
    outer loop
      vertex   8.592684e+01 -7.916258e+01 1.731177e+02
      vertex   8.494682e+01 -7.916258e+01 1.739868e+02
      vertex   8.478792e+01 -7.916258e+01 1.736434e+02
    endloop
  endfacet
  facet normal -2.173516e-14 -1.000000e+00 -2.005958e-14
    outer loop
      vertex   8.592684e+01 -7.916258e+01 1.731177e+02
      vertex   8.478792e+01 -7.916258e+01 1.736434e+02
      vertex   8.565584e+01 -7.916258e+01 1.727029e+02
    endloop
  endfacet
  facet normal 0.000000e+00 -1.000000e+00 0.000000e+00
    outer loop
      vertex   8.565584e+01 -7.916258e+01 1.727029e+02
      vertex   8.478792e+01 -7.916258e+01 1.736434e+02
      vertex   8.455891e+01 -7.916258e+01 1.733421e+02
    endloop
  endfacet
  facet normal -0.000000e+00 -1.000000e+00 0.000000e+00
    outer loop
      vertex   8.565584e+01 -7.916258e+01 1.727029e+02
      vertex   8.455891e+01 -7.916258e+01 1.733421e+02
      vertex   8.532027e+01 -7.916258e+01 1.723384e+02
    endloop
  endfacet
  facet normal 0.000000e+00 -1.000000e+00 0.000000e+00
    outer loop
      vertex   8.532027e+01 -7.916258e+01 1.723384e+02
      vertex   8.455891e+01 -7.916258e+01 1.733421e+02
      vertex   8.427050e+01 -7.916258e+01 1.730971e+02
    endloop
  endfacet
  facet normal -0.000000e+00 -1.000000e+00 0.000000e+00
    outer loop
      vertex   8.532027e+01 -7.916258e+01 1.723384e+02
      vertex   8.427050e+01 -7.916258e+01 1.730971e+02
      vertex   8.492927e+01 -7.916258e+01 1.720341e+02
    endloop
  endfacet
  facet normal -0.000000e+00 -1.000000e+00 0.000000e+00
    outer loop
      vertex   8.492927e+01 -7.916258e+01 1.720341e+02
      vertex   8.427050e+01 -7.916258e+01 1.730971e+02
      vertex   8.449351e+01 -7.916258e+01 1.717983e+02
    endloop
  endfacet
  facet normal 0.000000e+00 -1.000000e+00 0.000000e+00
    outer loop
      vertex   8.449351e+01 -7.916258e+01 1.717983e+02
      vertex   8.427050e+01 -7.916258e+01 1.730971e+02
      vertex   8.393616e+01 -7.916258e+01 1.729199e+02
    endloop
  endfacet
  facet normal -0.000000e+00 -1.000000e+00 0.000000e+00
    outer loop
      vertex   8.449351e+01 -7.916258e+01 1.717983e+02
      vertex   8.393616e+01 -7.916258e+01 1.729199e+02
      vertex   8.402488e+01 -7.916258e+01 1.716374e+02
    endloop
  endfacet
  facet normal -3.823964e-14 -1.000000e+00 -2.645178e-15
    outer loop
      vertex   8.402488e+01 -7.916258e+01 1.716374e+02
      vertex   8.393616e+01 -7.916258e+01 1.729199e+02
      vertex   8.357154e+01 -7.916258e+01 1.728186e+02
    endloop
  endfacet
  facet normal -2.921438e-14 -1.000000e+00 8.185084e-16
    outer loop
      vertex   8.402488e+01 -7.916258e+01 1.716374e+02
      vertex   8.357154e+01 -7.916258e+01 1.728186e+02
      vertex   8.353616e+01 -7.916258e+01 1.715558e+02
    endloop
  endfacet
  facet normal 0.000000e+00 -1.000000e+00 0.000000e+00
    outer loop
      vertex   8.353616e+01 -7.916258e+01 1.715558e+02
      vertex   8.357154e+01 -7.916258e+01 1.728186e+02
      vertex   8.319368e+01 -7.916258e+01 1.727981e+02
    endloop
  endfacet
  facet normal 0.000000e+00 -1.000000e+00 0.000000e+00
    outer loop
      vertex   8.353616e+01 -7.916258e+01 1.715558e+02
      vertex   8.319368e+01 -7.916258e+01 1.727981e+02
      vertex   8.304068e+01 -7.916258e+01 1.715558e+02
    endloop
  endfacet
  facet normal 0.000000e+00 -1.000000e+00 0.000000e+00
    outer loop
      vertex   8.304068e+01 -7.916258e+01 1.715558e+02
      vertex   8.319368e+01 -7.916258e+01 1.727981e+02
      vertex   8.282025e+01 -7.916258e+01 1.728594e+02
    endloop
  endfacet
  facet normal -2.992216e-14 -1.000000e+00 -5.060016e-15
    outer loop
      vertex   8.304068e+01 -7.916258e+01 1.715558e+02
      vertex   8.282025e+01 -7.916258e+01 1.728594e+02
      vertex   8.255197e+01 -7.916258e+01 1.716374e+02
    endloop
  endfacet
  facet normal -3.712527e-15 -1.000000e+00 -1.081422e-14
    outer loop
      vertex   8.255197e+01 -7.916258e+01 1.716374e+02
      vertex   8.282025e+01 -7.916258e+01 1.728594e+02
      vertex   8.208334e+01 -7.916258e+01 1.717983e+02
    endloop
  endfacet
  facet normal -3.584277e-14 -1.000000e+00 1.149940e-14
    outer loop
      vertex   8.208334e+01 -7.916258e+01 1.717983e+02
      vertex   8.282025e+01 -7.916258e+01 1.728594e+02
      vertex   8.246871e+01 -7.916258e+01 1.729994e+02
    endloop
  endfacet
  facet normal 0.000000e+00 -1.000000e+00 0.000000e+00
    outer loop
      vertex   8.208334e+01 -7.916258e+01 1.717983e+02
      vertex   8.246871e+01 -7.916258e+01 1.729994e+02
      vertex   8.164758e+01 -7.916258e+01 1.720341e+02
    endloop
  endfacet
  facet normal 0.000000e+00 -1.000000e+00 0.000000e+00
    outer loop
      vertex   8.164758e+01 -7.916258e+01 1.720341e+02
      vertex   8.246871e+01 -7.916258e+01 1.729994e+02
      vertex   8.215550e+01 -7.916258e+01 1.732118e+02
    endloop
  endfacet
  facet normal 0.000000e+00 -1.000000e+00 0.000000e+00
    outer loop
      vertex   8.164758e+01 -7.916258e+01 1.720341e+02
      vertex   8.215550e+01 -7.916258e+01 1.732118e+02
      vertex   8.125658e+01 -7.916258e+01 1.723384e+02
    endloop
  endfacet
  facet normal 0.000000e+00 -1.000000e+00 0.000000e+00
    outer loop
      vertex   8.125658e+01 -7.916258e+01 1.723384e+02
      vertex   8.215550e+01 -7.916258e+01 1.732118e+02
      vertex   8.189526e+01 -7.916258e+01 1.734865e+02
    endloop
  endfacet
  facet normal 0.000000e+00 -1.000000e+00 0.000000e+00
    outer loop
      vertex   8.125658e+01 -7.916258e+01 1.723384e+02
      vertex   8.189526e+01 -7.916258e+01 1.734865e+02
      vertex   8.092100e+01 -7.916258e+01 1.727029e+02
    endloop
  endfacet
  facet normal -1.806316e-14 -1.000000e+00 2.245861e-14
    outer loop
      vertex   8.092100e+01 -7.916258e+01 1.727029e+02
      vertex   8.189526e+01 -7.916258e+01 1.734865e+02
      vertex   8.065000e+01 -7.916258e+01 1.731177e+02
    endloop
  endfacet
  facet normal -9.686025e-15 -1.000000e+00 -5.827888e-15
    outer loop
      vertex   8.065000e+01 -7.916258e+01 1.731177e+02
      vertex   8.189526e+01 -7.916258e+01 1.734865e+02
      vertex   8.170017e+01 -7.916258e+01 1.738108e+02
    endloop
  endfacet
  facet normal -1.049424e-14 -1.000000e+00 -4.603199e-15
    outer loop
      vertex   8.065000e+01 -7.916258e+01 1.731177e+02
      vertex   8.170017e+01 -7.916258e+01 1.738108e+02
      vertex   8.045097e+01 -7.916258e+01 1.735715e+02
    endloop
  endfacet
  facet normal -1.068629e-14 -1.000000e+00 -3.600629e-15
    outer loop
      vertex   8.045097e+01 -7.916258e+01 1.735715e+02
      vertex   8.170017e+01 -7.916258e+01 1.738108e+02
      vertex   8.157934e+01 -7.916258e+01 1.741694e+02
    endloop
  endfacet
  facet normal -1.110419e-14 -1.000000e+00 -2.811962e-15
    outer loop
      vertex   8.045097e+01 -7.916258e+01 1.735715e+02
      vertex   8.157934e+01 -7.916258e+01 1.741694e+02
      vertex   8.032934e+01 -7.916258e+01 1.740518e+02
    endloop
  endfacet
  facet normal -1.125357e-14 -1.000000e+00 -1.223900e-15
    outer loop
      vertex   8.032934e+01 -7.916258e+01 1.740518e+02
      vertex   8.157934e+01 -7.916258e+01 1.741694e+02
      vertex   8.153842e+01 -7.916258e+01 1.745456e+02
    endloop
  endfacet
  facet normal 7.071068e-01 -7.071068e-01 4.466041e-14
    outer loop
      vertex   8.328842e+01 -8.416258e+01 1.711456e+02
      vertex   8.297477e+01 -8.447624e+01 1.711612e+02
      vertex   8.328842e+01 -8.416258e+01 1.706956e+02
    endloop
  endfacet
  facet normal 7.071068e-01 -7.071068e-01 2.397004e-14
    outer loop
      vertex   8.328842e+01 -8.416258e+01 1.706956e+02
      vertex   8.297477e+01 -8.447624e+01 1.711612e+02
      vertex   8.266389e+01 -8.478711e+01 1.712076e+02
    endloop
  endfacet
  facet normal 7.071068e-01 -7.071068e-01 8.606821e-14
    outer loop
      vertex   8.328842e+01 -8.416258e+01 1.706956e+02
      vertex   8.266389e+01 -8.478711e+01 1.712076e+02
      vertex   8.235843e+01 -8.509258e+01 1.712842e+02
    endloop
  endfacet
  facet normal 7.071068e-01 -7.071068e-01 -2.450143e-13
    outer loop
      vertex   8.235843e+01 -8.509258e+01 1.712842e+02
      vertex   8.206101e+01 -8.538999e+01 1.713905e+02
      vertex   8.328842e+01 -8.416258e+01 1.706956e+02
    endloop
  endfacet
  facet normal 7.071068e-01 -7.071068e-01 2.877898e-14
    outer loop
      vertex   8.328842e+01 -8.416258e+01 1.706956e+02
      vertex   8.206101e+01 -8.538999e+01 1.713905e+02
      vertex   7.813842e+01 -8.931258e+01 1.706956e+02
    endloop
  endfacet
  facet normal 7.071068e-01 -7.071068e-01 -4.646244e-14
    outer loop
      vertex   7.813842e+01 -8.931258e+01 1.706956e+02
      vertex   8.206101e+01 -8.538999e+01 1.713905e+02
      vertex   8.177429e+01 -8.567672e+01 1.715258e+02
    endloop
  endfacet
  facet normal 7.071068e-01 -7.071068e-01 9.166240e-14
    outer loop
      vertex   7.813842e+01 -8.931258e+01 1.706956e+02
      vertex   8.177429e+01 -8.567672e+01 1.715258e+02
      vertex   8.150088e+01 -8.595012e+01 1.716895e+02
    endloop
  endfacet
  facet normal 7.071068e-01 -7.071068e-01 -2.899626e-14
    outer loop
      vertex   8.150088e+01 -8.595012e+01 1.716895e+02
      vertex   8.124331e+01 -8.620770e+01 1.718807e+02
      vertex   7.813842e+01 -8.931258e+01 1.706956e+02
    endloop
  endfacet
  facet normal 7.071068e-01 -7.071068e-01 -6.030744e-14
    outer loop
      vertex   7.813842e+01 -8.931258e+01 1.706956e+02
      vertex   8.124331e+01 -8.620770e+01 1.718807e+02
      vertex   8.100386e+01 -8.644715e+01 1.720979e+02
    endloop
  endfacet
  facet normal 7.071068e-01 -7.071068e-01 -2.890036e-14
    outer loop
      vertex   7.813842e+01 -8.931258e+01 1.706956e+02
      vertex   8.100386e+01 -8.644715e+01 1.720979e+02
      vertex   8.078480e+01 -8.666620e+01 1.723395e+02
    endloop
  endfacet
  facet normal 7.071068e-01 -7.071068e-01 5.010355e-14
    outer loop
      vertex   8.078480e+01 -8.666620e+01 1.723395e+02
      vertex   8.058844e+01 -8.686257e+01 1.726042e+02
      vertex   7.813842e+01 -8.931258e+01 1.706956e+02
    endloop
  endfacet
  facet normal 7.071068e-01 -7.071068e-01 1.832694e-15
    outer loop
      vertex   7.813842e+01 -8.931258e+01 1.706956e+02
      vertex   8.058844e+01 -8.686257e+01 1.726042e+02
      vertex   8.041705e+01 -8.703396e+01 1.728903e+02
    endloop
  endfacet
  facet normal 7.071068e-01 -7.071068e-01 -4.404955e-14
    outer loop
      vertex   7.813842e+01 -8.931258e+01 1.706956e+02
      vertex   8.041705e+01 -8.703396e+01 1.728903e+02
      vertex   8.027280e+01 -8.717821e+01 1.731956e+02
    endloop
  endfacet
  facet normal 7.071068e-01 -7.071068e-01 4.285550e-14
    outer loop
      vertex   8.027280e+01 -8.717821e+01 1.731956e+02
      vertex   8.015771e+01 -8.729330e+01 1.735171e+02
      vertex   7.813842e+01 -8.931258e+01 1.706956e+02
    endloop
  endfacet
  facet normal 7.071068e-01 -7.071068e-01 -4.368485e-14
    outer loop
      vertex   7.813842e+01 -8.931258e+01 1.706956e+02
      vertex   8.015771e+01 -8.729330e+01 1.735171e+02
      vertex   8.007379e+01 -8.737721e+01 1.738520e+02
    endloop
  endfacet
  facet normal 7.071068e-01 -7.071068e-01 4.667304e-14
    outer loop
      vertex   7.813842e+01 -8.931258e+01 1.706956e+02
      vertex   8.007379e+01 -8.737721e+01 1.738520e+02
      vertex   8.002277e+01 -8.742824e+01 1.741964e+02
    endloop
  endfacet
  facet normal 7.071068e-01 -7.071068e-01 0.000000e+00
    outer loop
      vertex   7.813842e+01 -8.931258e+01 1.706956e+02
      vertex   8.002277e+01 -8.742824e+01 1.741964e+02
      vertex   7.813842e+01 -8.931258e+01 1.773956e+02
    endloop
  endfacet
  facet normal 7.071068e-01 -7.071068e-01 -3.072278e-14
    outer loop
      vertex   7.813842e+01 -8.931258e+01 1.773956e+02
      vertex   8.002277e+01 -8.742824e+01 1.741964e+02
      vertex   8.000558e+01 -8.744543e+01 1.745456e+02
    endloop
  endfacet
  facet normal 7.071068e-01 -7.071068e-01 5.375311e-14
    outer loop
      vertex   7.813842e+01 -8.931258e+01 1.773956e+02
      vertex   8.000558e+01 -8.744543e+01 1.745456e+02
      vertex   8.002277e+01 -8.742824e+01 1.748948e+02
    endloop
  endfacet
  facet normal 7.071068e-01 -7.071068e-01 -7.448346e-14
    outer loop
      vertex   8.002277e+01 -8.742824e+01 1.748948e+02
      vertex   8.007379e+01 -8.737721e+01 1.752392e+02
      vertex   7.813842e+01 -8.931258e+01 1.773956e+02
    endloop
  endfacet
  facet normal 7.071068e-01 -7.071068e-01 1.181838e-13
    outer loop
      vertex   7.813842e+01 -8.931258e+01 1.773956e+02
      vertex   8.007379e+01 -8.737721e+01 1.752392e+02
      vertex   8.015771e+01 -8.729330e+01 1.755740e+02
    endloop
  endfacet
  facet normal 7.071068e-01 -7.071068e-01 -1.235608e-13
    outer loop
      vertex   7.813842e+01 -8.931258e+01 1.773956e+02
      vertex   8.015771e+01 -8.729330e+01 1.755740e+02
      vertex   8.027280e+01 -8.717821e+01 1.758956e+02
    endloop
  endfacet
  facet normal 7.071068e-01 -7.071068e-01 2.636313e-14
    outer loop
      vertex   8.027280e+01 -8.717821e+01 1.758956e+02
      vertex   8.041705e+01 -8.703396e+01 1.762009e+02
      vertex   7.813842e+01 -8.931258e+01 1.773956e+02
    endloop
  endfacet
  facet normal 7.071068e-01 -7.071068e-01 2.639235e-14
    outer loop
      vertex   7.813842e+01 -8.931258e+01 1.773956e+02
      vertex   8.041705e+01 -8.703396e+01 1.762009e+02
      vertex   8.058844e+01 -8.686257e+01 1.764870e+02
    endloop
  endfacet
  facet normal 7.071068e-01 -7.071068e-01 -6.152862e-14
    outer loop
      vertex   7.813842e+01 -8.931258e+01 1.773956e+02
      vertex   8.058844e+01 -8.686257e+01 1.764870e+02
      vertex   8.078480e+01 -8.666620e+01 1.767516e+02
    endloop
  endfacet
  facet normal 7.071068e-01 -7.071068e-01 3.691002e-14
    outer loop
      vertex   8.078480e+01 -8.666620e+01 1.767516e+02
      vertex   8.100386e+01 -8.644715e+01 1.769933e+02
      vertex   7.813842e+01 -8.931258e+01 1.773956e+02
    endloop
  endfacet
  facet normal 7.071068e-01 -7.071068e-01 8.040255e-14
    outer loop
      vertex   7.813842e+01 -8.931258e+01 1.773956e+02
      vertex   8.100386e+01 -8.644715e+01 1.769933e+02
      vertex   8.124331e+01 -8.620770e+01 1.772105e+02
    endloop
  endfacet
  facet normal 7.071068e-01 -7.071068e-01 -1.057688e-13
    outer loop
      vertex   7.813842e+01 -8.931258e+01 1.773956e+02
      vertex   8.124331e+01 -8.620770e+01 1.772105e+02
      vertex   8.150088e+01 -8.595012e+01 1.774016e+02
    endloop
  endfacet
  facet normal 7.071068e-01 -7.071068e-01 0.000000e+00
    outer loop
      vertex   7.813842e+01 -8.931258e+01 1.773956e+02
      vertex   8.150088e+01 -8.595012e+01 1.774016e+02
      vertex   7.713842e+01 -9.031258e+01 1.783956e+02
    endloop
  endfacet
  facet normal 7.071068e-01 -7.071068e-01 4.586530e-14
    outer loop
      vertex   7.713842e+01 -9.031258e+01 1.783956e+02
      vertex   8.150088e+01 -8.595012e+01 1.774016e+02
      vertex   8.177429e+01 -8.567672e+01 1.775653e+02
    endloop
  endfacet
  facet normal 7.071068e-01 -7.071068e-01 -1.103338e-13
    outer loop
      vertex   7.713842e+01 -9.031258e+01 1.783956e+02
      vertex   8.177429e+01 -8.567672e+01 1.775653e+02
      vertex   8.206101e+01 -8.538999e+01 1.777006e+02
    endloop
  endfacet
  facet normal 7.071068e-01 -7.071068e-01 1.410701e-14
    outer loop
      vertex   7.713842e+01 -9.031258e+01 1.783956e+02
      vertex   8.206101e+01 -8.538999e+01 1.777006e+02
      vertex   8.328842e+01 -8.416258e+01 1.783956e+02
    endloop
  endfacet
  facet normal 7.071068e-01 -7.071068e-01 -2.841343e-13
    outer loop
      vertex   8.328842e+01 -8.416258e+01 1.783956e+02
      vertex   8.206101e+01 -8.538999e+01 1.777006e+02
      vertex   8.235843e+01 -8.509258e+01 1.778069e+02
    endloop
  endfacet
  facet normal 7.071068e-01 -7.071068e-01 -2.820723e-14
    outer loop
      vertex   8.328842e+01 -8.416258e+01 1.783956e+02
      vertex   8.235843e+01 -8.509258e+01 1.778069e+02
      vertex   8.266389e+01 -8.478711e+01 1.778835e+02
    endloop
  endfacet
  facet normal 7.071068e-01 -7.071068e-01 -2.412079e-14
    outer loop
      vertex   8.266389e+01 -8.478711e+01 1.778835e+02
      vertex   8.297477e+01 -8.447624e+01 1.779300e+02
      vertex   8.328842e+01 -8.416258e+01 1.783956e+02
    endloop
  endfacet
  facet normal 7.071068e-01 -7.071068e-01 -4.466041e-14
    outer loop
      vertex   8.328842e+01 -8.416258e+01 1.783956e+02
      vertex   8.297477e+01 -8.447624e+01 1.779300e+02
      vertex   8.328842e+01 -8.416258e+01 1.779456e+02
    endloop
  endfacet
  facet normal 9.941380e-01 -1.210933e-14 1.081190e-01
    outer loop
      vertex   8.157934e+01 -7.916258e+01 1.741694e+02
      vertex   8.157934e+01 -7.216258e+01 1.741694e+02
      vertex   8.153842e+01 -7.916258e+01 1.745456e+02
    endloop
  endfacet
  facet normal 9.941380e-01 -1.009111e-14 1.081190e-01
    outer loop
      vertex   8.153842e+01 -7.916258e+01 1.745456e+02
      vertex   8.157934e+01 -7.216258e+01 1.741694e+02
      vertex   8.153842e+01 -7.216258e+01 1.745456e+02
    endloop
  endfacet
  facet normal 9.941380e-01 -1.009111e-14 -1.081190e-01
    outer loop
      vertex   8.153842e+01 -7.916258e+01 1.745456e+02
      vertex   8.153842e+01 -7.216258e+01 1.745456e+02
      vertex   8.157934e+01 -7.916258e+01 1.749218e+02
    endloop
  endfacet
  facet normal 9.941380e-01 -1.210933e-14 -1.081190e-01
    outer loop
      vertex   8.157934e+01 -7.916258e+01 1.749218e+02
      vertex   8.153842e+01 -7.216258e+01 1.745456e+02
      vertex   8.157934e+01 -7.216258e+01 1.749218e+02
    endloop
  endfacet
  facet normal 9.476532e-01 -1.154311e-14 -3.193015e-01
    outer loop
      vertex   8.157934e+01 -7.916258e+01 1.749218e+02
      vertex   8.157934e+01 -7.216258e+01 1.749218e+02
      vertex   8.170017e+01 -7.916258e+01 1.752804e+02
    endloop
  endfacet
  facet normal 9.476532e-01 -9.619258e-15 -3.193015e-01
    outer loop
      vertex   8.170017e+01 -7.916258e+01 1.752804e+02
      vertex   8.157934e+01 -7.216258e+01 1.749218e+02
      vertex   8.170017e+01 -7.216258e+01 1.752804e+02
    endloop
  endfacet
  facet normal 8.568572e-01 -8.697623e-15 -5.155539e-01
    outer loop
      vertex   8.170017e+01 -7.916258e+01 1.752804e+02
      vertex   8.170017e+01 -7.216258e+01 1.752804e+02
      vertex   8.189526e+01 -7.916258e+01 1.756046e+02
    endloop
  endfacet
  facet normal 8.568572e-01 -8.697623e-15 -5.155539e-01
    outer loop
      vertex   8.189526e+01 -7.916258e+01 1.756046e+02
      vertex   8.170017e+01 -7.216258e+01 1.752804e+02
      vertex   8.189526e+01 -7.216258e+01 1.756046e+02
    endloop
  endfacet
  facet normal 7.259955e-01 -7.369297e-15 -6.876995e-01
    outer loop
      vertex   8.189526e+01 -7.916258e+01 1.756046e+02
      vertex   8.189526e+01 -7.216258e+01 1.756046e+02
      vertex   8.215550e+01 -7.916258e+01 1.758794e+02
    endloop
  endfacet
  facet normal 7.259955e-01 -7.369297e-15 -6.876995e-01
    outer loop
      vertex   8.215550e+01 -7.916258e+01 1.758794e+02
      vertex   8.189526e+01 -7.216258e+01 1.756046e+02
      vertex   8.215550e+01 -7.216258e+01 1.758794e+02
    endloop
  endfacet
  facet normal 5.611871e-01 -5.696391e-15 -8.276890e-01
    outer loop
      vertex   8.215550e+01 -7.916258e+01 1.758794e+02
      vertex   8.215550e+01 -7.216258e+01 1.758794e+02
      vertex   8.246871e+01 -7.916258e+01 1.760917e+02
    endloop
  endfacet
  facet normal 5.611871e-01 -5.696391e-15 -8.276890e-01
    outer loop
      vertex   8.246871e+01 -7.916258e+01 1.760917e+02
      vertex   8.215550e+01 -7.216258e+01 1.758794e+02
      vertex   8.246871e+01 -7.216258e+01 1.760917e+02
    endloop
  endfacet
  facet normal 3.701382e-01 -3.757128e-15 -9.289767e-01
    outer loop
      vertex   8.246871e+01 -7.916258e+01 1.760917e+02
      vertex   8.246871e+01 -7.216258e+01 1.760917e+02
      vertex   8.282025e+01 -7.916258e+01 1.762318e+02
    endloop
  endfacet
  facet normal 3.701382e-01 -3.757128e-15 -9.289767e-01
    outer loop
      vertex   8.282025e+01 -7.916258e+01 1.762318e+02
      vertex   8.246871e+01 -7.216258e+01 1.760917e+02
      vertex   8.282025e+01 -7.216258e+01 1.762318e+02
    endloop
  endfacet
  facet normal 1.617820e-01 -1.642186e-15 -9.868265e-01
    outer loop
      vertex   8.282025e+01 -7.916258e+01 1.762318e+02
      vertex   8.282025e+01 -7.216258e+01 1.762318e+02
      vertex   8.319368e+01 -7.916258e+01 1.762930e+02
    endloop
  endfacet
  facet normal 1.617820e-01 -1.642186e-15 -9.868265e-01
    outer loop
      vertex   8.319368e+01 -7.916258e+01 1.762930e+02
      vertex   8.282025e+01 -7.216258e+01 1.762318e+02
      vertex   8.319368e+01 -7.216258e+01 1.762930e+02
    endloop
  endfacet
  facet normal -5.413891e-02 5.495430e-16 -9.985334e-01
    outer loop
      vertex   8.319368e+01 -7.916258e+01 1.762930e+02
      vertex   8.319368e+01 -7.216258e+01 1.762930e+02
      vertex   8.357154e+01 -7.916258e+01 1.762725e+02
    endloop
  endfacet
  facet normal -5.413891e-02 5.495430e-16 -9.985334e-01
    outer loop
      vertex   8.357154e+01 -7.916258e+01 1.762725e+02
      vertex   8.319368e+01 -7.216258e+01 1.762930e+02
      vertex   8.357154e+01 -7.216258e+01 1.762725e+02
    endloop
  endfacet
  facet normal -2.675283e-01 2.715576e-15 -9.635500e-01
    outer loop
      vertex   8.357154e+01 -7.916258e+01 1.762725e+02
      vertex   8.357154e+01 -7.216258e+01 1.762725e+02
      vertex   8.393616e+01 -7.916258e+01 1.761713e+02
    endloop
  endfacet
  facet normal -2.675283e-01 2.715576e-15 -9.635500e-01
    outer loop
      vertex   8.393616e+01 -7.916258e+01 1.761713e+02
      vertex   8.357154e+01 -7.216258e+01 1.762725e+02
      vertex   8.393616e+01 -7.216258e+01 1.761713e+02
    endloop
  endfacet
  facet normal -4.684084e-01 4.754632e-15 -8.835120e-01
    outer loop
      vertex   8.393616e+01 -7.916258e+01 1.761713e+02
      vertex   8.393616e+01 -7.216258e+01 1.761713e+02
      vertex   8.427050e+01 -7.916258e+01 1.759940e+02
    endloop
  endfacet
  facet normal -4.684084e-01 2.852779e-15 -8.835120e-01
    outer loop
      vertex   8.427050e+01 -7.916258e+01 1.759940e+02
      vertex   8.393616e+01 -7.216258e+01 1.761713e+02
      vertex   8.427050e+01 -7.216258e+01 1.759940e+02
    endloop
  endfacet
  facet normal -6.473863e-01 3.942820e-15 -7.621621e-01
    outer loop
      vertex   8.427050e+01 -7.916258e+01 1.759940e+02
      vertex   8.427050e+01 -7.216258e+01 1.759940e+02
      vertex   8.455891e+01 -7.916258e+01 1.757490e+02
    endloop
  endfacet
  facet normal -6.473863e-01 6.571366e-15 -7.621621e-01
    outer loop
      vertex   8.455891e+01 -7.916258e+01 1.757490e+02
      vertex   8.427050e+01 -7.216258e+01 1.759940e+02
      vertex   8.455891e+01 -7.216258e+01 1.757490e+02
    endloop
  endfacet
  facet normal -7.960931e-01 8.080831e-15 -6.051742e-01
    outer loop
      vertex   8.455891e+01 -7.916258e+01 1.757490e+02
      vertex   8.455891e+01 -7.216258e+01 1.757490e+02
      vertex   8.478792e+01 -7.916258e+01 1.754478e+02
    endloop
  endfacet
  facet normal -7.960931e-01 8.080831e-15 -6.051742e-01
    outer loop
      vertex   8.478792e+01 -7.916258e+01 1.754478e+02
      vertex   8.455891e+01 -7.216258e+01 1.757490e+02
      vertex   8.478792e+01 -7.216258e+01 1.754478e+02
    endloop
  endfacet
  facet normal -9.075754e-01 9.212445e-15 -4.198891e-01
    outer loop
      vertex   8.478792e+01 -7.916258e+01 1.754478e+02
      vertex   8.478792e+01 -7.216258e+01 1.754478e+02
      vertex   8.494682e+01 -7.916258e+01 1.751043e+02
    endloop
  endfacet
  facet normal -9.075754e-01 9.212445e-15 -4.198891e-01
    outer loop
      vertex   8.494682e+01 -7.916258e+01 1.751043e+02
      vertex   8.478792e+01 -7.216258e+01 1.754478e+02
      vertex   8.494682e+01 -7.216258e+01 1.751043e+02
    endloop
  endfacet
  facet normal -9.766206e-01 9.913295e-15 -2.149704e-01
    outer loop
      vertex   8.494682e+01 -7.916258e+01 1.751043e+02
      vertex   8.494682e+01 -7.216258e+01 1.751043e+02
      vertex   8.502816e+01 -7.916258e+01 1.747348e+02
    endloop
  endfacet
  facet normal -9.766206e-01 9.913295e-15 -2.149704e-01
    outer loop
      vertex   8.502816e+01 -7.916258e+01 1.747348e+02
      vertex   8.494682e+01 -7.216258e+01 1.751043e+02
      vertex   8.502816e+01 -7.216258e+01 1.747348e+02
    endloop
  endfacet
  facet normal -1.000000e+00 1.015061e-14 0.000000e+00
    outer loop
      vertex   8.502816e+01 -7.916258e+01 1.747348e+02
      vertex   8.502816e+01 -7.216258e+01 1.747348e+02
      vertex   8.502816e+01 -7.916258e+01 1.743564e+02
    endloop
  endfacet
  facet normal -1.000000e+00 1.015061e-14 0.000000e+00
    outer loop
      vertex   8.502816e+01 -7.916258e+01 1.743564e+02
      vertex   8.502816e+01 -7.216258e+01 1.747348e+02
      vertex   8.502816e+01 -7.216258e+01 1.743564e+02
    endloop
  endfacet
  facet normal -9.766206e-01 9.913295e-15 2.149704e-01
    outer loop
      vertex   8.502816e+01 -7.916258e+01 1.743564e+02
      vertex   8.502816e+01 -7.216258e+01 1.743564e+02
      vertex   8.494682e+01 -7.916258e+01 1.739868e+02
    endloop
  endfacet
  facet normal -9.766206e-01 9.913295e-15 2.149704e-01
    outer loop
      vertex   8.494682e+01 -7.916258e+01 1.739868e+02
      vertex   8.502816e+01 -7.216258e+01 1.743564e+02
      vertex   8.494682e+01 -7.216258e+01 1.739868e+02
    endloop
  endfacet
  facet normal -9.075754e-01 9.212445e-15 4.198891e-01
    outer loop
      vertex   8.494682e+01 -7.916258e+01 1.739868e+02
      vertex   8.494682e+01 -7.216258e+01 1.739868e+02
      vertex   8.478792e+01 -7.916258e+01 1.736434e+02
    endloop
  endfacet
  facet normal -9.075754e-01 9.212445e-15 4.198891e-01
    outer loop
      vertex   8.478792e+01 -7.916258e+01 1.736434e+02
      vertex   8.494682e+01 -7.216258e+01 1.739868e+02
      vertex   8.478792e+01 -7.216258e+01 1.736434e+02
    endloop
  endfacet
  facet normal -7.960931e-01 8.080831e-15 6.051742e-01
    outer loop
      vertex   8.478792e+01 -7.916258e+01 1.736434e+02
      vertex   8.478792e+01 -7.216258e+01 1.736434e+02
      vertex   8.455891e+01 -7.916258e+01 1.733421e+02
    endloop
  endfacet
  facet normal -7.960931e-01 8.080831e-15 6.051742e-01
    outer loop
      vertex   8.455891e+01 -7.916258e+01 1.733421e+02
      vertex   8.478792e+01 -7.216258e+01 1.736434e+02
      vertex   8.455891e+01 -7.216258e+01 1.733421e+02
    endloop
  endfacet
  facet normal -6.473863e-01 6.571366e-15 7.621621e-01
    outer loop
      vertex   8.455891e+01 -7.916258e+01 1.733421e+02
      vertex   8.455891e+01 -7.216258e+01 1.733421e+02
      vertex   8.427050e+01 -7.916258e+01 1.730971e+02
    endloop
  endfacet
  facet normal -6.473863e-01 3.942820e-15 7.621621e-01
    outer loop
      vertex   8.427050e+01 -7.916258e+01 1.730971e+02
      vertex   8.455891e+01 -7.216258e+01 1.733421e+02
      vertex   8.427050e+01 -7.216258e+01 1.730971e+02
    endloop
  endfacet
  facet normal -4.684084e-01 2.852779e-15 8.835120e-01
    outer loop
      vertex   8.427050e+01 -7.916258e+01 1.730971e+02
      vertex   8.427050e+01 -7.216258e+01 1.730971e+02
      vertex   8.393616e+01 -7.916258e+01 1.729199e+02
    endloop
  endfacet
  facet normal -4.684084e-01 4.754632e-15 8.835120e-01
    outer loop
      vertex   8.393616e+01 -7.916258e+01 1.729199e+02
      vertex   8.427050e+01 -7.216258e+01 1.730971e+02
      vertex   8.393616e+01 -7.216258e+01 1.729199e+02
    endloop
  endfacet
  facet normal -2.675283e-01 2.715576e-15 9.635500e-01
    outer loop
      vertex   8.393616e+01 -7.916258e+01 1.729199e+02
      vertex   8.393616e+01 -7.216258e+01 1.729199e+02
      vertex   8.357154e+01 -7.916258e+01 1.728186e+02
    endloop
  endfacet
  facet normal -2.675283e-01 2.715576e-15 9.635500e-01
    outer loop
      vertex   8.357154e+01 -7.916258e+01 1.728186e+02
      vertex   8.393616e+01 -7.216258e+01 1.729199e+02
      vertex   8.357154e+01 -7.216258e+01 1.728186e+02
    endloop
  endfacet
  facet normal -5.413891e-02 5.495430e-16 9.985334e-01
    outer loop
      vertex   8.357154e+01 -7.916258e+01 1.728186e+02
      vertex   8.357154e+01 -7.216258e+01 1.728186e+02
      vertex   8.319368e+01 -7.916258e+01 1.727981e+02
    endloop
  endfacet
  facet normal -5.413891e-02 5.495430e-16 9.985334e-01
    outer loop
      vertex   8.319368e+01 -7.916258e+01 1.727981e+02
      vertex   8.357154e+01 -7.216258e+01 1.728186e+02
      vertex   8.319368e+01 -7.216258e+01 1.727981e+02
    endloop
  endfacet
  facet normal 1.617820e-01 -1.642186e-15 9.868265e-01
    outer loop
      vertex   8.319368e+01 -7.916258e+01 1.727981e+02
      vertex   8.319368e+01 -7.216258e+01 1.727981e+02
      vertex   8.282025e+01 -7.916258e+01 1.728594e+02
    endloop
  endfacet
  facet normal 1.617820e-01 -1.642186e-15 9.868265e-01
    outer loop
      vertex   8.282025e+01 -7.916258e+01 1.728594e+02
      vertex   8.319368e+01 -7.216258e+01 1.727981e+02
      vertex   8.282025e+01 -7.216258e+01 1.728594e+02
    endloop
  endfacet
  facet normal 3.701382e-01 -3.757128e-15 9.289767e-01
    outer loop
      vertex   8.282025e+01 -7.916258e+01 1.728594e+02
      vertex   8.282025e+01 -7.216258e+01 1.728594e+02
      vertex   8.246871e+01 -7.916258e+01 1.729994e+02
    endloop
  endfacet
  facet normal 3.701382e-01 -3.757128e-15 9.289767e-01
    outer loop
      vertex   8.246871e+01 -7.916258e+01 1.729994e+02
      vertex   8.282025e+01 -7.216258e+01 1.728594e+02
      vertex   8.246871e+01 -7.216258e+01 1.729994e+02
    endloop
  endfacet
  facet normal 5.611871e-01 -5.696391e-15 8.276890e-01
    outer loop
      vertex   8.246871e+01 -7.916258e+01 1.729994e+02
      vertex   8.246871e+01 -7.216258e+01 1.729994e+02
      vertex   8.215550e+01 -7.916258e+01 1.732118e+02
    endloop
  endfacet
  facet normal 5.611871e-01 -5.696391e-15 8.276890e-01
    outer loop
      vertex   8.215550e+01 -7.916258e+01 1.732118e+02
      vertex   8.246871e+01 -7.216258e+01 1.729994e+02
      vertex   8.215550e+01 -7.216258e+01 1.732118e+02
    endloop
  endfacet
  facet normal 7.259955e-01 -7.369297e-15 6.876995e-01
    outer loop
      vertex   8.215550e+01 -7.916258e+01 1.732118e+02
      vertex   8.215550e+01 -7.216258e+01 1.732118e+02
      vertex   8.189526e+01 -7.916258e+01 1.734865e+02
    endloop
  endfacet
  facet normal 7.259955e-01 -7.369297e-15 6.876995e-01
    outer loop
      vertex   8.189526e+01 -7.916258e+01 1.734865e+02
      vertex   8.215550e+01 -7.216258e+01 1.732118e+02
      vertex   8.189526e+01 -7.216258e+01 1.734865e+02
    endloop
  endfacet
  facet normal 8.568572e-01 -8.697623e-15 5.155539e-01
    outer loop
      vertex   8.189526e+01 -7.916258e+01 1.734865e+02
      vertex   8.189526e+01 -7.216258e+01 1.734865e+02
      vertex   8.170017e+01 -7.916258e+01 1.738108e+02
    endloop
  endfacet
  facet normal 8.568572e-01 -8.697623e-15 5.155539e-01
    outer loop
      vertex   8.170017e+01 -7.916258e+01 1.738108e+02
      vertex   8.189526e+01 -7.216258e+01 1.734865e+02
      vertex   8.170017e+01 -7.216258e+01 1.738108e+02
    endloop
  endfacet
  facet normal 9.476532e-01 -9.619258e-15 3.193015e-01
    outer loop
      vertex   8.170017e+01 -7.916258e+01 1.738108e+02
      vertex   8.170017e+01 -7.216258e+01 1.738108e+02
      vertex   8.157934e+01 -7.916258e+01 1.741694e+02
    endloop
  endfacet
  facet normal 9.476532e-01 -1.154311e-14 3.193015e-01
    outer loop
      vertex   8.157934e+01 -7.916258e+01 1.741694e+02
      vertex   8.170017e+01 -7.216258e+01 1.738108e+02
      vertex   8.157934e+01 -7.216258e+01 1.741694e+02
    endloop
  endfacet
  facet normal 9.941380e-01 -8.072886e-15 -1.081190e-01
    outer loop
      vertex   8.157934e+01 -5.116258e+01 1.749218e+02
      vertex   8.157934e+01 -5.816258e+01 1.749218e+02
      vertex   8.153842e+01 -5.116258e+01 1.745456e+02
    endloop
  endfacet
  facet normal 9.941380e-01 -8.072886e-15 -1.081190e-01
    outer loop
      vertex   8.153842e+01 -5.116258e+01 1.745456e+02
      vertex   8.157934e+01 -5.816258e+01 1.749218e+02
      vertex   8.153842e+01 -5.816258e+01 1.745456e+02
    endloop
  endfacet
  facet normal 9.941380e-01 -8.072886e-15 1.081190e-01
    outer loop
      vertex   8.153842e+01 -5.116258e+01 1.745456e+02
      vertex   8.153842e+01 -5.816258e+01 1.745456e+02
      vertex   8.157934e+01 -5.116258e+01 1.741694e+02
    endloop
  endfacet
  facet normal 9.941380e-01 -8.072886e-15 1.081190e-01
    outer loop
      vertex   8.157934e+01 -5.116258e+01 1.741694e+02
      vertex   8.153842e+01 -5.816258e+01 1.745456e+02
      vertex   8.157934e+01 -5.816258e+01 1.741694e+02
    endloop
  endfacet
  facet normal 9.476532e-01 -7.695407e-15 3.193015e-01
    outer loop
      vertex   8.157934e+01 -5.116258e+01 1.741694e+02
      vertex   8.157934e+01 -5.816258e+01 1.741694e+02
      vertex   8.170017e+01 -5.116258e+01 1.738108e+02
    endloop
  endfacet
  facet normal 9.476532e-01 -7.695407e-15 3.193015e-01
    outer loop
      vertex   8.170017e+01 -5.116258e+01 1.738108e+02
      vertex   8.157934e+01 -5.816258e+01 1.741694e+02
      vertex   8.170017e+01 -5.816258e+01 1.738108e+02
    endloop
  endfacet
  facet normal 8.568572e-01 -6.958099e-15 5.155539e-01
    outer loop
      vertex   8.170017e+01 -5.116258e+01 1.738108e+02
      vertex   8.170017e+01 -5.816258e+01 1.738108e+02
      vertex   8.189526e+01 -5.116258e+01 1.734865e+02
    endloop
  endfacet
  facet normal 8.568572e-01 -6.958099e-15 5.155539e-01
    outer loop
      vertex   8.189526e+01 -5.116258e+01 1.734865e+02
      vertex   8.170017e+01 -5.816258e+01 1.738108e+02
      vertex   8.189526e+01 -5.816258e+01 1.734865e+02
    endloop
  endfacet
  facet normal 7.259955e-01 -5.895438e-15 6.876995e-01
    outer loop
      vertex   8.189526e+01 -5.116258e+01 1.734865e+02
      vertex   8.189526e+01 -5.816258e+01 1.734865e+02
      vertex   8.215550e+01 -5.116258e+01 1.732118e+02
    endloop
  endfacet
  facet normal 7.259955e-01 -5.895438e-15 6.876995e-01
    outer loop
      vertex   8.215550e+01 -5.116258e+01 1.732118e+02
      vertex   8.189526e+01 -5.816258e+01 1.734865e+02
      vertex   8.215550e+01 -5.816258e+01 1.732118e+02
    endloop
  endfacet
  facet normal 5.611871e-01 -4.557113e-15 8.276890e-01
    outer loop
      vertex   8.215550e+01 -5.116258e+01 1.732118e+02
      vertex   8.215550e+01 -5.816258e+01 1.732118e+02
      vertex   8.246871e+01 -5.116258e+01 1.729994e+02
    endloop
  endfacet
  facet normal 5.611871e-01 -3.417835e-15 8.276890e-01
    outer loop
      vertex   8.246871e+01 -5.116258e+01 1.729994e+02
      vertex   8.215550e+01 -5.816258e+01 1.732118e+02
      vertex   8.246871e+01 -5.816258e+01 1.729994e+02
    endloop
  endfacet
  facet normal 3.701382e-01 -2.254277e-15 9.289767e-01
    outer loop
      vertex   8.246871e+01 -5.116258e+01 1.729994e+02
      vertex   8.246871e+01 -5.816258e+01 1.729994e+02
      vertex   8.282025e+01 -5.116258e+01 1.728594e+02
    endloop
  endfacet
  facet normal 3.701382e-01 -2.254277e-15 9.289767e-01
    outer loop
      vertex   8.282025e+01 -5.116258e+01 1.728594e+02
      vertex   8.246871e+01 -5.816258e+01 1.729994e+02
      vertex   8.282025e+01 -5.816258e+01 1.728594e+02
    endloop
  endfacet
  facet normal 1.617820e-01 -9.853116e-16 9.868265e-01
    outer loop
      vertex   8.282025e+01 -5.116258e+01 1.728594e+02
      vertex   8.282025e+01 -5.816258e+01 1.728594e+02
      vertex   8.319368e+01 -5.116258e+01 1.727981e+02
    endloop
  endfacet
  facet normal 1.617820e-01 -1.313749e-15 9.868265e-01
    outer loop
      vertex   8.319368e+01 -5.116258e+01 1.727981e+02
      vertex   8.282025e+01 -5.816258e+01 1.728594e+02
      vertex   8.319368e+01 -5.816258e+01 1.727981e+02
    endloop
  endfacet
  facet normal -5.413891e-02 4.396344e-16 9.985334e-01
    outer loop
      vertex   8.319368e+01 -5.116258e+01 1.727981e+02
      vertex   8.319368e+01 -5.816258e+01 1.727981e+02
      vertex   8.357154e+01 -5.116258e+01 1.728186e+02
    endloop
  endfacet
  facet normal -5.413891e-02 4.396344e-16 9.985334e-01
    outer loop
      vertex   8.357154e+01 -5.116258e+01 1.728186e+02
      vertex   8.319368e+01 -5.816258e+01 1.727981e+02
      vertex   8.357154e+01 -5.816258e+01 1.728186e+02
    endloop
  endfacet
  facet normal -2.675283e-01 2.172461e-15 9.635500e-01
    outer loop
      vertex   8.357154e+01 -5.116258e+01 1.728186e+02
      vertex   8.357154e+01 -5.816258e+01 1.728186e+02
      vertex   8.393616e+01 -5.116258e+01 1.729199e+02
    endloop
  endfacet
  facet normal -2.675283e-01 2.172461e-15 9.635500e-01
    outer loop
      vertex   8.393616e+01 -5.116258e+01 1.729199e+02
      vertex   8.357154e+01 -5.816258e+01 1.728186e+02
      vertex   8.393616e+01 -5.816258e+01 1.729199e+02
    endloop
  endfacet
  facet normal -4.684084e-01 3.803705e-15 8.835120e-01
    outer loop
      vertex   8.393616e+01 -5.116258e+01 1.729199e+02
      vertex   8.393616e+01 -5.816258e+01 1.729199e+02
      vertex   8.427050e+01 -5.116258e+01 1.730971e+02
    endloop
  endfacet
  facet normal -4.684084e-01 4.754632e-15 8.835120e-01
    outer loop
      vertex   8.427050e+01 -5.116258e+01 1.730971e+02
      vertex   8.393616e+01 -5.816258e+01 1.729199e+02
      vertex   8.427050e+01 -5.816258e+01 1.730971e+02
    endloop
  endfacet
  facet normal -6.473863e-01 6.571366e-15 7.621621e-01
    outer loop
      vertex   8.427050e+01 -5.116258e+01 1.730971e+02
      vertex   8.427050e+01 -5.816258e+01 1.730971e+02
      vertex   8.455891e+01 -5.116258e+01 1.733421e+02
    endloop
  endfacet
  facet normal -6.473863e-01 5.257093e-15 7.621621e-01
    outer loop
      vertex   8.455891e+01 -5.116258e+01 1.733421e+02
      vertex   8.427050e+01 -5.816258e+01 1.730971e+02
      vertex   8.455891e+01 -5.816258e+01 1.733421e+02
    endloop
  endfacet
  facet normal -7.960931e-01 6.464665e-15 6.051742e-01
    outer loop
      vertex   8.455891e+01 -5.116258e+01 1.733421e+02
      vertex   8.455891e+01 -5.816258e+01 1.733421e+02
      vertex   8.478792e+01 -5.116258e+01 1.736434e+02
    endloop
  endfacet
  facet normal -7.960931e-01 4.848498e-15 6.051742e-01
    outer loop
      vertex   8.478792e+01 -5.116258e+01 1.736434e+02
      vertex   8.455891e+01 -5.816258e+01 1.733421e+02
      vertex   8.478792e+01 -5.816258e+01 1.736434e+02
    endloop
  endfacet
  facet normal -9.075754e-01 5.527467e-15 4.198891e-01
    outer loop
      vertex   8.478792e+01 -5.116258e+01 1.736434e+02
      vertex   8.478792e+01 -5.816258e+01 1.736434e+02
      vertex   8.494682e+01 -5.116258e+01 1.739868e+02
    endloop
  endfacet
  facet normal -9.075754e-01 5.527467e-15 4.198891e-01
    outer loop
      vertex   8.494682e+01 -5.116258e+01 1.739868e+02
      vertex   8.478792e+01 -5.816258e+01 1.736434e+02
      vertex   8.494682e+01 -5.816258e+01 1.739868e+02
    endloop
  endfacet
  facet normal -9.766206e-01 5.947977e-15 2.149704e-01
    outer loop
      vertex   8.494682e+01 -5.116258e+01 1.739868e+02
      vertex   8.494682e+01 -5.816258e+01 1.739868e+02
      vertex   8.502816e+01 -5.116258e+01 1.743564e+02
    endloop
  endfacet
  facet normal -9.766206e-01 7.930636e-15 2.149704e-01
    outer loop
      vertex   8.502816e+01 -5.116258e+01 1.743564e+02
      vertex   8.494682e+01 -5.816258e+01 1.739868e+02
      vertex   8.502816e+01 -5.816258e+01 1.743564e+02
    endloop
  endfacet
  facet normal -1.000000e+00 8.120488e-15 0.000000e+00
    outer loop
      vertex   8.502816e+01 -5.116258e+01 1.743564e+02
      vertex   8.502816e+01 -5.816258e+01 1.743564e+02
      vertex   8.502816e+01 -5.116258e+01 1.747348e+02
    endloop
  endfacet
  facet normal -1.000000e+00 8.120488e-15 0.000000e+00
    outer loop
      vertex   8.502816e+01 -5.116258e+01 1.747348e+02
      vertex   8.502816e+01 -5.816258e+01 1.743564e+02
      vertex   8.502816e+01 -5.816258e+01 1.747348e+02
    endloop
  endfacet
  facet normal -9.766206e-01 7.930636e-15 -2.149704e-01
    outer loop
      vertex   8.502816e+01 -5.116258e+01 1.747348e+02
      vertex   8.502816e+01 -5.816258e+01 1.747348e+02
      vertex   8.494682e+01 -5.116258e+01 1.751043e+02
    endloop
  endfacet
  facet normal -9.766206e-01 5.947977e-15 -2.149704e-01
    outer loop
      vertex   8.494682e+01 -5.116258e+01 1.751043e+02
      vertex   8.502816e+01 -5.816258e+01 1.747348e+02
      vertex   8.494682e+01 -5.816258e+01 1.751043e+02
    endloop
  endfacet
  facet normal -9.075754e-01 5.527467e-15 -4.198891e-01
    outer loop
      vertex   8.494682e+01 -5.116258e+01 1.751043e+02
      vertex   8.494682e+01 -5.816258e+01 1.751043e+02
      vertex   8.478792e+01 -5.116258e+01 1.754478e+02
    endloop
  endfacet
  facet normal -9.075754e-01 5.527467e-15 -4.198891e-01
    outer loop
      vertex   8.478792e+01 -5.116258e+01 1.754478e+02
      vertex   8.494682e+01 -5.816258e+01 1.751043e+02
      vertex   8.478792e+01 -5.816258e+01 1.754478e+02
    endloop
  endfacet
  facet normal -7.960931e-01 4.848498e-15 -6.051742e-01
    outer loop
      vertex   8.478792e+01 -5.116258e+01 1.754478e+02
      vertex   8.478792e+01 -5.816258e+01 1.754478e+02
      vertex   8.455891e+01 -5.116258e+01 1.757490e+02
    endloop
  endfacet
  facet normal -7.960931e-01 6.464665e-15 -6.051742e-01
    outer loop
      vertex   8.455891e+01 -5.116258e+01 1.757490e+02
      vertex   8.478792e+01 -5.816258e+01 1.754478e+02
      vertex   8.455891e+01 -5.816258e+01 1.757490e+02
    endloop
  endfacet
  facet normal -6.473863e-01 5.257093e-15 -7.621621e-01
    outer loop
      vertex   8.455891e+01 -5.116258e+01 1.757490e+02
      vertex   8.455891e+01 -5.816258e+01 1.757490e+02
      vertex   8.427050e+01 -5.116258e+01 1.759940e+02
    endloop
  endfacet
  facet normal -6.473863e-01 6.571366e-15 -7.621621e-01
    outer loop
      vertex   8.427050e+01 -5.116258e+01 1.759940e+02
      vertex   8.455891e+01 -5.816258e+01 1.757490e+02
      vertex   8.427050e+01 -5.816258e+01 1.759940e+02
    endloop
  endfacet
  facet normal -4.684084e-01 4.754632e-15 -8.835120e-01
    outer loop
      vertex   8.427050e+01 -5.116258e+01 1.759940e+02
      vertex   8.427050e+01 -5.816258e+01 1.759940e+02
      vertex   8.393616e+01 -5.116258e+01 1.761713e+02
    endloop
  endfacet
  facet normal -4.684084e-01 3.803705e-15 -8.835120e-01
    outer loop
      vertex   8.393616e+01 -5.116258e+01 1.761713e+02
      vertex   8.427050e+01 -5.816258e+01 1.759940e+02
      vertex   8.393616e+01 -5.816258e+01 1.761713e+02
    endloop
  endfacet
  facet normal -2.675283e-01 2.172461e-15 -9.635500e-01
    outer loop
      vertex   8.393616e+01 -5.116258e+01 1.761713e+02
      vertex   8.393616e+01 -5.816258e+01 1.761713e+02
      vertex   8.357154e+01 -5.116258e+01 1.762725e+02
    endloop
  endfacet
  facet normal -2.675283e-01 2.172461e-15 -9.635500e-01
    outer loop
      vertex   8.357154e+01 -5.116258e+01 1.762725e+02
      vertex   8.393616e+01 -5.816258e+01 1.761713e+02
      vertex   8.357154e+01 -5.816258e+01 1.762725e+02
    endloop
  endfacet
  facet normal -5.413891e-02 4.396344e-16 -9.985334e-01
    outer loop
      vertex   8.357154e+01 -5.116258e+01 1.762725e+02
      vertex   8.357154e+01 -5.816258e+01 1.762725e+02
      vertex   8.319368e+01 -5.116258e+01 1.762930e+02
    endloop
  endfacet
  facet normal -5.413891e-02 4.396344e-16 -9.985334e-01
    outer loop
      vertex   8.319368e+01 -5.116258e+01 1.762930e+02
      vertex   8.357154e+01 -5.816258e+01 1.762725e+02
      vertex   8.319368e+01 -5.816258e+01 1.762930e+02
    endloop
  endfacet
  facet normal 1.617820e-01 -1.313749e-15 -9.868265e-01
    outer loop
      vertex   8.319368e+01 -5.116258e+01 1.762930e+02
      vertex   8.319368e+01 -5.816258e+01 1.762930e+02
      vertex   8.282025e+01 -5.116258e+01 1.762318e+02
    endloop
  endfacet
  facet normal 1.617820e-01 -9.853116e-16 -9.868265e-01
    outer loop
      vertex   8.282025e+01 -5.116258e+01 1.762318e+02
      vertex   8.319368e+01 -5.816258e+01 1.762930e+02
      vertex   8.282025e+01 -5.816258e+01 1.762318e+02
    endloop
  endfacet
  facet normal 3.701382e-01 -2.254277e-15 -9.289767e-01
    outer loop
      vertex   8.282025e+01 -5.116258e+01 1.762318e+02
      vertex   8.282025e+01 -5.816258e+01 1.762318e+02
      vertex   8.246871e+01 -5.116258e+01 1.760917e+02
    endloop
  endfacet
  facet normal 3.701382e-01 -2.254277e-15 -9.289767e-01
    outer loop
      vertex   8.246871e+01 -5.116258e+01 1.760917e+02
      vertex   8.282025e+01 -5.816258e+01 1.762318e+02
      vertex   8.246871e+01 -5.816258e+01 1.760917e+02
    endloop
  endfacet
  facet normal 5.611871e-01 -3.417835e-15 -8.276890e-01
    outer loop
      vertex   8.246871e+01 -5.116258e+01 1.760917e+02
      vertex   8.246871e+01 -5.816258e+01 1.760917e+02
      vertex   8.215550e+01 -5.116258e+01 1.758794e+02
    endloop
  endfacet
  facet normal 5.611871e-01 -4.557113e-15 -8.276890e-01
    outer loop
      vertex   8.215550e+01 -5.116258e+01 1.758794e+02
      vertex   8.246871e+01 -5.816258e+01 1.760917e+02
      vertex   8.215550e+01 -5.816258e+01 1.758794e+02
    endloop
  endfacet
  facet normal 7.259955e-01 -5.895438e-15 -6.876995e-01
    outer loop
      vertex   8.215550e+01 -5.116258e+01 1.758794e+02
      vertex   8.215550e+01 -5.816258e+01 1.758794e+02
      vertex   8.189526e+01 -5.116258e+01 1.756046e+02
    endloop
  endfacet
  facet normal 7.259955e-01 -5.895438e-15 -6.876995e-01
    outer loop
      vertex   8.189526e+01 -5.116258e+01 1.756046e+02
      vertex   8.215550e+01 -5.816258e+01 1.758794e+02
      vertex   8.189526e+01 -5.816258e+01 1.756046e+02
    endloop
  endfacet
  facet normal 8.568572e-01 -6.958099e-15 -5.155539e-01
    outer loop
      vertex   8.189526e+01 -5.116258e+01 1.756046e+02
      vertex   8.189526e+01 -5.816258e+01 1.756046e+02
      vertex   8.170017e+01 -5.116258e+01 1.752804e+02
    endloop
  endfacet
  facet normal 8.568572e-01 -6.958099e-15 -5.155539e-01
    outer loop
      vertex   8.170017e+01 -5.116258e+01 1.752804e+02
      vertex   8.189526e+01 -5.816258e+01 1.756046e+02
      vertex   8.170017e+01 -5.816258e+01 1.752804e+02
    endloop
  endfacet
  facet normal 9.476532e-01 -7.695407e-15 -3.193015e-01
    outer loop
      vertex   8.170017e+01 -5.116258e+01 1.752804e+02
      vertex   8.170017e+01 -5.816258e+01 1.752804e+02
      vertex   8.157934e+01 -5.116258e+01 1.749218e+02
    endloop
  endfacet
  facet normal 9.476532e-01 -7.695407e-15 -3.193015e-01
    outer loop
      vertex   8.157934e+01 -5.116258e+01 1.749218e+02
      vertex   8.170017e+01 -5.816258e+01 1.752804e+02
      vertex   8.157934e+01 -5.816258e+01 1.749218e+02
    endloop
  endfacet
  facet normal 9.941380e-01 -8.072886e-15 -1.081190e-01
    outer loop
      vertex   8.153842e+01 -7.216258e+01 1.745456e+02
      vertex   8.153842e+01 -6.516258e+01 1.745456e+02
      vertex   8.157934e+01 -7.216258e+01 1.749218e+02
    endloop
  endfacet
  facet normal 9.941380e-01 -6.054664e-15 -1.081190e-01
    outer loop
      vertex   8.157934e+01 -7.216258e+01 1.749218e+02
      vertex   8.153842e+01 -6.516258e+01 1.745456e+02
      vertex   8.157934e+01 -6.516258e+01 1.749218e+02
    endloop
  endfacet
  facet normal 9.476532e-01 -5.771555e-15 -3.193015e-01
    outer loop
      vertex   8.157934e+01 -7.216258e+01 1.749218e+02
      vertex   8.157934e+01 -6.516258e+01 1.749218e+02
      vertex   8.170017e+01 -7.216258e+01 1.752804e+02
    endloop
  endfacet
  facet normal 9.476532e-01 -7.695407e-15 -3.193015e-01
    outer loop
      vertex   8.170017e+01 -7.216258e+01 1.752804e+02
      vertex   8.157934e+01 -6.516258e+01 1.749218e+02
      vertex   8.170017e+01 -6.516258e+01 1.752804e+02
    endloop
  endfacet
  facet normal 8.568572e-01 -6.958099e-15 -5.155539e-01
    outer loop
      vertex   8.170017e+01 -7.216258e+01 1.752804e+02
      vertex   8.170017e+01 -6.516258e+01 1.752804e+02
      vertex   8.189526e+01 -7.216258e+01 1.756046e+02
    endloop
  endfacet
  facet normal 8.568572e-01 -6.958099e-15 -5.155539e-01
    outer loop
      vertex   8.189526e+01 -7.216258e+01 1.756046e+02
      vertex   8.170017e+01 -6.516258e+01 1.752804e+02
      vertex   8.189526e+01 -6.516258e+01 1.756046e+02
    endloop
  endfacet
  facet normal 7.259955e-01 -5.895438e-15 -6.876995e-01
    outer loop
      vertex   8.189526e+01 -7.216258e+01 1.756046e+02
      vertex   8.189526e+01 -6.516258e+01 1.756046e+02
      vertex   8.215550e+01 -7.216258e+01 1.758794e+02
    endloop
  endfacet
  facet normal 7.259955e-01 -5.895438e-15 -6.876995e-01
    outer loop
      vertex   8.215550e+01 -7.216258e+01 1.758794e+02
      vertex   8.189526e+01 -6.516258e+01 1.756046e+02
      vertex   8.215550e+01 -6.516258e+01 1.758794e+02
    endloop
  endfacet
  facet normal 5.611871e-01 -4.557113e-15 -8.276890e-01
    outer loop
      vertex   8.215550e+01 -7.216258e+01 1.758794e+02
      vertex   8.215550e+01 -6.516258e+01 1.758794e+02
      vertex   8.246871e+01 -7.216258e+01 1.760917e+02
    endloop
  endfacet
  facet normal 5.611871e-01 -3.417835e-15 -8.276890e-01
    outer loop
      vertex   8.246871e+01 -7.216258e+01 1.760917e+02
      vertex   8.215550e+01 -6.516258e+01 1.758794e+02
      vertex   8.246871e+01 -6.516258e+01 1.760917e+02
    endloop
  endfacet
  facet normal 3.701382e-01 -2.254277e-15 -9.289767e-01
    outer loop
      vertex   8.246871e+01 -7.216258e+01 1.760917e+02
      vertex   8.246871e+01 -6.516258e+01 1.760917e+02
      vertex   8.282025e+01 -7.216258e+01 1.762318e+02
    endloop
  endfacet
  facet normal 3.701382e-01 -3.005703e-15 -9.289767e-01
    outer loop
      vertex   8.282025e+01 -7.216258e+01 1.762318e+02
      vertex   8.246871e+01 -6.516258e+01 1.760917e+02
      vertex   8.282025e+01 -6.516258e+01 1.762318e+02
    endloop
  endfacet
  facet normal 1.617820e-01 -1.313749e-15 -9.868265e-01
    outer loop
      vertex   8.282025e+01 -7.216258e+01 1.762318e+02
      vertex   8.282025e+01 -6.516258e+01 1.762318e+02
      vertex   8.319368e+01 -7.216258e+01 1.762930e+02
    endloop
  endfacet
  facet normal 1.617820e-01 -1.313749e-15 -9.868265e-01
    outer loop
      vertex   8.319368e+01 -7.216258e+01 1.762930e+02
      vertex   8.282025e+01 -6.516258e+01 1.762318e+02
      vertex   8.319368e+01 -6.516258e+01 1.762930e+02
    endloop
  endfacet
  facet normal -5.413891e-02 4.396344e-16 -9.985334e-01
    outer loop
      vertex   8.319368e+01 -7.216258e+01 1.762930e+02
      vertex   8.319368e+01 -6.516258e+01 1.762930e+02
      vertex   8.357154e+01 -7.216258e+01 1.762725e+02
    endloop
  endfacet
  facet normal -5.413891e-02 4.396344e-16 -9.985334e-01
    outer loop
      vertex   8.357154e+01 -7.216258e+01 1.762725e+02
      vertex   8.319368e+01 -6.516258e+01 1.762930e+02
      vertex   8.357154e+01 -6.516258e+01 1.762725e+02
    endloop
  endfacet
  facet normal -2.675283e-01 2.172461e-15 -9.635500e-01
    outer loop
      vertex   8.357154e+01 -7.216258e+01 1.762725e+02
      vertex   8.357154e+01 -6.516258e+01 1.762725e+02
      vertex   8.393616e+01 -7.216258e+01 1.761713e+02
    endloop
  endfacet
  facet normal -2.675283e-01 2.172461e-15 -9.635500e-01
    outer loop
      vertex   8.393616e+01 -7.216258e+01 1.761713e+02
      vertex   8.357154e+01 -6.516258e+01 1.762725e+02
      vertex   8.393616e+01 -6.516258e+01 1.761713e+02
    endloop
  endfacet
  facet normal -4.684084e-01 3.803705e-15 -8.835120e-01
    outer loop
      vertex   8.393616e+01 -7.216258e+01 1.761713e+02
      vertex   8.393616e+01 -6.516258e+01 1.761713e+02
      vertex   8.427050e+01 -7.216258e+01 1.759940e+02
    endloop
  endfacet
  facet normal -4.684084e-01 3.803705e-15 -8.835120e-01
    outer loop
      vertex   8.427050e+01 -7.216258e+01 1.759940e+02
      vertex   8.393616e+01 -6.516258e+01 1.761713e+02
      vertex   8.427050e+01 -6.516258e+01 1.759940e+02
    endloop
  endfacet
  facet normal -6.473863e-01 5.257093e-15 -7.621621e-01
    outer loop
      vertex   8.427050e+01 -7.216258e+01 1.759940e+02
      vertex   8.427050e+01 -6.516258e+01 1.759940e+02
      vertex   8.455891e+01 -7.216258e+01 1.757490e+02
    endloop
  endfacet
  facet normal -6.473863e-01 5.257093e-15 -7.621621e-01
    outer loop
      vertex   8.455891e+01 -7.216258e+01 1.757490e+02
      vertex   8.427050e+01 -6.516258e+01 1.759940e+02
      vertex   8.455891e+01 -6.516258e+01 1.757490e+02
    endloop
  endfacet
  facet normal -7.960931e-01 6.464665e-15 -6.051742e-01
    outer loop
      vertex   8.455891e+01 -7.216258e+01 1.757490e+02
      vertex   8.455891e+01 -6.516258e+01 1.757490e+02
      vertex   8.478792e+01 -7.216258e+01 1.754478e+02
    endloop
  endfacet
  facet normal -7.960931e-01 6.464665e-15 -6.051742e-01
    outer loop
      vertex   8.478792e+01 -7.216258e+01 1.754478e+02
      vertex   8.455891e+01 -6.516258e+01 1.757490e+02
      vertex   8.478792e+01 -6.516258e+01 1.754478e+02
    endloop
  endfacet
  facet normal -9.075754e-01 7.369956e-15 -4.198891e-01
    outer loop
      vertex   8.478792e+01 -7.216258e+01 1.754478e+02
      vertex   8.478792e+01 -6.516258e+01 1.754478e+02
      vertex   8.494682e+01 -7.216258e+01 1.751043e+02
    endloop
  endfacet
  facet normal -9.075754e-01 5.527467e-15 -4.198891e-01
    outer loop
      vertex   8.494682e+01 -7.216258e+01 1.751043e+02
      vertex   8.478792e+01 -6.516258e+01 1.754478e+02
      vertex   8.494682e+01 -6.516258e+01 1.751043e+02
    endloop
  endfacet
  facet normal -9.766206e-01 5.947977e-15 -2.149704e-01
    outer loop
      vertex   8.494682e+01 -7.216258e+01 1.751043e+02
      vertex   8.494682e+01 -6.516258e+01 1.751043e+02
      vertex   8.502816e+01 -7.216258e+01 1.747348e+02
    endloop
  endfacet
  facet normal -9.766206e-01 7.930636e-15 -2.149704e-01
    outer loop
      vertex   8.502816e+01 -7.216258e+01 1.747348e+02
      vertex   8.494682e+01 -6.516258e+01 1.751043e+02
      vertex   8.502816e+01 -6.516258e+01 1.747348e+02
    endloop
  endfacet
  facet normal -1.000000e+00 8.120488e-15 0.000000e+00
    outer loop
      vertex   8.502816e+01 -7.216258e+01 1.747348e+02
      vertex   8.502816e+01 -6.516258e+01 1.747348e+02
      vertex   8.502816e+01 -7.216258e+01 1.743564e+02
    endloop
  endfacet
  facet normal -1.000000e+00 8.120488e-15 0.000000e+00
    outer loop
      vertex   8.502816e+01 -7.216258e+01 1.743564e+02
      vertex   8.502816e+01 -6.516258e+01 1.747348e+02
      vertex   8.502816e+01 -6.516258e+01 1.743564e+02
    endloop
  endfacet
  facet normal -9.766206e-01 7.930636e-15 2.149704e-01
    outer loop
      vertex   8.502816e+01 -7.216258e+01 1.743564e+02
      vertex   8.502816e+01 -6.516258e+01 1.743564e+02
      vertex   8.494682e+01 -7.216258e+01 1.739868e+02
    endloop
  endfacet
  facet normal -9.766206e-01 5.947977e-15 2.149704e-01
    outer loop
      vertex   8.494682e+01 -7.216258e+01 1.739868e+02
      vertex   8.502816e+01 -6.516258e+01 1.743564e+02
      vertex   8.494682e+01 -6.516258e+01 1.739868e+02
    endloop
  endfacet
  facet normal -9.075754e-01 5.527467e-15 4.198891e-01
    outer loop
      vertex   8.494682e+01 -7.216258e+01 1.739868e+02
      vertex   8.494682e+01 -6.516258e+01 1.739868e+02
      vertex   8.478792e+01 -7.216258e+01 1.736434e+02
    endloop
  endfacet
  facet normal -9.075754e-01 7.369956e-15 4.198891e-01
    outer loop
      vertex   8.478792e+01 -7.216258e+01 1.736434e+02
      vertex   8.494682e+01 -6.516258e+01 1.739868e+02
      vertex   8.478792e+01 -6.516258e+01 1.736434e+02
    endloop
  endfacet
  facet normal -7.960931e-01 6.464665e-15 6.051742e-01
    outer loop
      vertex   8.478792e+01 -7.216258e+01 1.736434e+02
      vertex   8.478792e+01 -6.516258e+01 1.736434e+02
      vertex   8.455891e+01 -7.216258e+01 1.733421e+02
    endloop
  endfacet
  facet normal -7.960931e-01 6.464665e-15 6.051742e-01
    outer loop
      vertex   8.455891e+01 -7.216258e+01 1.733421e+02
      vertex   8.478792e+01 -6.516258e+01 1.736434e+02
      vertex   8.455891e+01 -6.516258e+01 1.733421e+02
    endloop
  endfacet
  facet normal -6.473863e-01 5.257093e-15 7.621621e-01
    outer loop
      vertex   8.455891e+01 -7.216258e+01 1.733421e+02
      vertex   8.455891e+01 -6.516258e+01 1.733421e+02
      vertex   8.427050e+01 -7.216258e+01 1.730971e+02
    endloop
  endfacet
  facet normal -6.473863e-01 5.257093e-15 7.621621e-01
    outer loop
      vertex   8.427050e+01 -7.216258e+01 1.730971e+02
      vertex   8.455891e+01 -6.516258e+01 1.733421e+02
      vertex   8.427050e+01 -6.516258e+01 1.730971e+02
    endloop
  endfacet
  facet normal -4.684084e-01 3.803705e-15 8.835120e-01
    outer loop
      vertex   8.427050e+01 -7.216258e+01 1.730971e+02
      vertex   8.427050e+01 -6.516258e+01 1.730971e+02
      vertex   8.393616e+01 -7.216258e+01 1.729199e+02
    endloop
  endfacet
  facet normal -4.684084e-01 3.803705e-15 8.835120e-01
    outer loop
      vertex   8.393616e+01 -7.216258e+01 1.729199e+02
      vertex   8.427050e+01 -6.516258e+01 1.730971e+02
      vertex   8.393616e+01 -6.516258e+01 1.729199e+02
    endloop
  endfacet
  facet normal -2.675283e-01 2.172461e-15 9.635500e-01
    outer loop
      vertex   8.393616e+01 -7.216258e+01 1.729199e+02
      vertex   8.393616e+01 -6.516258e+01 1.729199e+02
      vertex   8.357154e+01 -7.216258e+01 1.728186e+02
    endloop
  endfacet
  facet normal -2.675283e-01 2.172461e-15 9.635500e-01
    outer loop
      vertex   8.357154e+01 -7.216258e+01 1.728186e+02
      vertex   8.393616e+01 -6.516258e+01 1.729199e+02
      vertex   8.357154e+01 -6.516258e+01 1.728186e+02
    endloop
  endfacet
  facet normal -5.413891e-02 4.396344e-16 9.985334e-01
    outer loop
      vertex   8.357154e+01 -7.216258e+01 1.728186e+02
      vertex   8.357154e+01 -6.516258e+01 1.728186e+02
      vertex   8.319368e+01 -7.216258e+01 1.727981e+02
    endloop
  endfacet
  facet normal -5.413891e-02 4.396344e-16 9.985334e-01
    outer loop
      vertex   8.319368e+01 -7.216258e+01 1.727981e+02
      vertex   8.357154e+01 -6.516258e+01 1.728186e+02
      vertex   8.319368e+01 -6.516258e+01 1.727981e+02
    endloop
  endfacet
  facet normal 1.617820e-01 -1.313749e-15 9.868265e-01
    outer loop
      vertex   8.319368e+01 -7.216258e+01 1.727981e+02
      vertex   8.319368e+01 -6.516258e+01 1.727981e+02
      vertex   8.282025e+01 -7.216258e+01 1.728594e+02
    endloop
  endfacet
  facet normal 1.617820e-01 -1.313749e-15 9.868265e-01
    outer loop
      vertex   8.282025e+01 -7.216258e+01 1.728594e+02
      vertex   8.319368e+01 -6.516258e+01 1.727981e+02
      vertex   8.282025e+01 -6.516258e+01 1.728594e+02
    endloop
  endfacet
  facet normal 3.701382e-01 -3.005703e-15 9.289767e-01
    outer loop
      vertex   8.282025e+01 -7.216258e+01 1.728594e+02
      vertex   8.282025e+01 -6.516258e+01 1.728594e+02
      vertex   8.246871e+01 -7.216258e+01 1.729994e+02
    endloop
  endfacet
  facet normal 3.701382e-01 -2.254277e-15 9.289767e-01
    outer loop
      vertex   8.246871e+01 -7.216258e+01 1.729994e+02
      vertex   8.282025e+01 -6.516258e+01 1.728594e+02
      vertex   8.246871e+01 -6.516258e+01 1.729994e+02
    endloop
  endfacet
  facet normal 5.611871e-01 -3.417835e-15 8.276890e-01
    outer loop
      vertex   8.246871e+01 -7.216258e+01 1.729994e+02
      vertex   8.246871e+01 -6.516258e+01 1.729994e+02
      vertex   8.215550e+01 -7.216258e+01 1.732118e+02
    endloop
  endfacet
  facet normal 5.611871e-01 -4.557113e-15 8.276890e-01
    outer loop
      vertex   8.215550e+01 -7.216258e+01 1.732118e+02
      vertex   8.246871e+01 -6.516258e+01 1.729994e+02
      vertex   8.215550e+01 -6.516258e+01 1.732118e+02
    endloop
  endfacet
  facet normal 7.259955e-01 -5.895438e-15 6.876995e-01
    outer loop
      vertex   8.215550e+01 -7.216258e+01 1.732118e+02
      vertex   8.215550e+01 -6.516258e+01 1.732118e+02
      vertex   8.189526e+01 -7.216258e+01 1.734865e+02
    endloop
  endfacet
  facet normal 7.259955e-01 -5.895438e-15 6.876995e-01
    outer loop
      vertex   8.189526e+01 -7.216258e+01 1.734865e+02
      vertex   8.215550e+01 -6.516258e+01 1.732118e+02
      vertex   8.189526e+01 -6.516258e+01 1.734865e+02
    endloop
  endfacet
  facet normal 8.568572e-01 -6.958099e-15 5.155539e-01
    outer loop
      vertex   8.189526e+01 -7.216258e+01 1.734865e+02
      vertex   8.189526e+01 -6.516258e+01 1.734865e+02
      vertex   8.170017e+01 -7.216258e+01 1.738108e+02
    endloop
  endfacet
  facet normal 8.568572e-01 -6.958099e-15 5.155539e-01
    outer loop
      vertex   8.170017e+01 -7.216258e+01 1.738108e+02
      vertex   8.189526e+01 -6.516258e+01 1.734865e+02
      vertex   8.170017e+01 -6.516258e+01 1.738108e+02
    endloop
  endfacet
  facet normal 9.476532e-01 -7.695407e-15 3.193015e-01
    outer loop
      vertex   8.170017e+01 -7.216258e+01 1.738108e+02
      vertex   8.170017e+01 -6.516258e+01 1.738108e+02
      vertex   8.157934e+01 -7.216258e+01 1.741694e+02
    endloop
  endfacet
  facet normal 9.476532e-01 -5.771555e-15 3.193015e-01
    outer loop
      vertex   8.157934e+01 -7.216258e+01 1.741694e+02
      vertex   8.170017e+01 -6.516258e+01 1.738108e+02
      vertex   8.157934e+01 -6.516258e+01 1.741694e+02
    endloop
  endfacet
  facet normal 9.941380e-01 -6.054664e-15 1.081190e-01
    outer loop
      vertex   8.157934e+01 -7.216258e+01 1.741694e+02
      vertex   8.157934e+01 -6.516258e+01 1.741694e+02
      vertex   8.153842e+01 -7.216258e+01 1.745456e+02
    endloop
  endfacet
  facet normal 9.941380e-01 -8.072886e-15 1.081190e-01
    outer loop
      vertex   8.153842e+01 -7.216258e+01 1.745456e+02
      vertex   8.157934e+01 -6.516258e+01 1.741694e+02
      vertex   8.153842e+01 -6.516258e+01 1.745456e+02
    endloop
  endfacet
  facet normal 9.941380e-01 -1.009111e-14 -1.081190e-01
    outer loop
      vertex   8.153842e+01 -6.516258e+01 1.745456e+02
      vertex   8.153842e+01 -5.816258e+01 1.745456e+02
      vertex   8.157934e+01 -6.516258e+01 1.749218e+02
    endloop
  endfacet
  facet normal 9.941380e-01 -1.009111e-14 -1.081190e-01
    outer loop
      vertex   8.157934e+01 -6.516258e+01 1.749218e+02
      vertex   8.153842e+01 -5.816258e+01 1.745456e+02
      vertex   8.157934e+01 -5.816258e+01 1.749218e+02
    endloop
  endfacet
  facet normal 9.476532e-01 -9.619258e-15 -3.193015e-01
    outer loop
      vertex   8.157934e+01 -6.516258e+01 1.749218e+02
      vertex   8.157934e+01 -5.816258e+01 1.749218e+02
      vertex   8.170017e+01 -6.516258e+01 1.752804e+02
    endloop
  endfacet
  facet normal 9.476532e-01 -7.695407e-15 -3.193015e-01
    outer loop
      vertex   8.170017e+01 -6.516258e+01 1.752804e+02
      vertex   8.157934e+01 -5.816258e+01 1.749218e+02
      vertex   8.170017e+01 -5.816258e+01 1.752804e+02
    endloop
  endfacet
  facet normal 8.568572e-01 -6.958099e-15 -5.155539e-01
    outer loop
      vertex   8.170017e+01 -6.516258e+01 1.752804e+02
      vertex   8.170017e+01 -5.816258e+01 1.752804e+02
      vertex   8.189526e+01 -6.516258e+01 1.756046e+02
    endloop
  endfacet
  facet normal 8.568572e-01 -8.697623e-15 -5.155539e-01
    outer loop
      vertex   8.189526e+01 -6.516258e+01 1.756046e+02
      vertex   8.170017e+01 -5.816258e+01 1.752804e+02
      vertex   8.189526e+01 -5.816258e+01 1.756046e+02
    endloop
  endfacet
  facet normal 7.259955e-01 -7.369297e-15 -6.876995e-01
    outer loop
      vertex   8.189526e+01 -6.516258e+01 1.756046e+02
      vertex   8.189526e+01 -5.816258e+01 1.756046e+02
      vertex   8.215550e+01 -6.516258e+01 1.758794e+02
    endloop
  endfacet
  facet normal 7.259955e-01 -7.369297e-15 -6.876995e-01
    outer loop
      vertex   8.215550e+01 -6.516258e+01 1.758794e+02
      vertex   8.189526e+01 -5.816258e+01 1.756046e+02
      vertex   8.215550e+01 -5.816258e+01 1.758794e+02
    endloop
  endfacet
  facet normal 5.611871e-01 -5.696391e-15 -8.276890e-01
    outer loop
      vertex   8.215550e+01 -6.516258e+01 1.758794e+02
      vertex   8.215550e+01 -5.816258e+01 1.758794e+02
      vertex   8.246871e+01 -6.516258e+01 1.760917e+02
    endloop
  endfacet
  facet normal 5.611871e-01 -6.835670e-15 -8.276890e-01
    outer loop
      vertex   8.246871e+01 -6.516258e+01 1.760917e+02
      vertex   8.215550e+01 -5.816258e+01 1.758794e+02
      vertex   8.246871e+01 -5.816258e+01 1.760917e+02
    endloop
  endfacet
  facet normal 3.701382e-01 -4.508554e-15 -9.289767e-01
    outer loop
      vertex   8.246871e+01 -6.516258e+01 1.760917e+02
      vertex   8.246871e+01 -5.816258e+01 1.760917e+02
      vertex   8.282025e+01 -6.516258e+01 1.762318e+02
    endloop
  endfacet
  facet normal 3.701382e-01 -3.757128e-15 -9.289767e-01
    outer loop
      vertex   8.282025e+01 -6.516258e+01 1.762318e+02
      vertex   8.246871e+01 -5.816258e+01 1.760917e+02
      vertex   8.282025e+01 -5.816258e+01 1.762318e+02
    endloop
  endfacet
  facet normal 1.617820e-01 -1.642186e-15 -9.868265e-01
    outer loop
      vertex   8.282025e+01 -6.516258e+01 1.762318e+02
      vertex   8.282025e+01 -5.816258e+01 1.762318e+02
      vertex   8.319368e+01 -6.516258e+01 1.762930e+02
    endloop
  endfacet
  facet normal 1.617820e-01 -1.313749e-15 -9.868265e-01
    outer loop
      vertex   8.319368e+01 -6.516258e+01 1.762930e+02
      vertex   8.282025e+01 -5.816258e+01 1.762318e+02
      vertex   8.319368e+01 -5.816258e+01 1.762930e+02
    endloop
  endfacet
  facet normal -5.413891e-02 4.396344e-16 -9.985334e-01
    outer loop
      vertex   8.319368e+01 -6.516258e+01 1.762930e+02
      vertex   8.319368e+01 -5.816258e+01 1.762930e+02
      vertex   8.357154e+01 -6.516258e+01 1.762725e+02
    endloop
  endfacet
  facet normal -5.413891e-02 5.495430e-16 -9.985334e-01
    outer loop
      vertex   8.357154e+01 -6.516258e+01 1.762725e+02
      vertex   8.319368e+01 -5.816258e+01 1.762930e+02
      vertex   8.357154e+01 -5.816258e+01 1.762725e+02
    endloop
  endfacet
  facet normal -2.675283e-01 2.715576e-15 -9.635500e-01
    outer loop
      vertex   8.357154e+01 -6.516258e+01 1.762725e+02
      vertex   8.357154e+01 -5.816258e+01 1.762725e+02
      vertex   8.393616e+01 -6.516258e+01 1.761713e+02
    endloop
  endfacet
  facet normal -2.675283e-01 2.715576e-15 -9.635500e-01
    outer loop
      vertex   8.393616e+01 -6.516258e+01 1.761713e+02
      vertex   8.357154e+01 -5.816258e+01 1.762725e+02
      vertex   8.393616e+01 -5.816258e+01 1.761713e+02
    endloop
  endfacet
  facet normal -4.684084e-01 4.754632e-15 -8.835120e-01
    outer loop
      vertex   8.393616e+01 -6.516258e+01 1.761713e+02
      vertex   8.393616e+01 -5.816258e+01 1.761713e+02
      vertex   8.427050e+01 -6.516258e+01 1.759940e+02
    endloop
  endfacet
  facet normal -4.684084e-01 4.754632e-15 -8.835120e-01
    outer loop
      vertex   8.427050e+01 -6.516258e+01 1.759940e+02
      vertex   8.393616e+01 -5.816258e+01 1.761713e+02
      vertex   8.427050e+01 -5.816258e+01 1.759940e+02
    endloop
  endfacet
  facet normal -6.473863e-01 6.571366e-15 -7.621621e-01
    outer loop
      vertex   8.427050e+01 -6.516258e+01 1.759940e+02
      vertex   8.427050e+01 -5.816258e+01 1.759940e+02
      vertex   8.455891e+01 -6.516258e+01 1.757490e+02
    endloop
  endfacet
  facet normal -6.473863e-01 6.571366e-15 -7.621621e-01
    outer loop
      vertex   8.455891e+01 -6.516258e+01 1.757490e+02
      vertex   8.427050e+01 -5.816258e+01 1.759940e+02
      vertex   8.455891e+01 -5.816258e+01 1.757490e+02
    endloop
  endfacet
  facet normal -7.960931e-01 8.080831e-15 -6.051742e-01
    outer loop
      vertex   8.455891e+01 -6.516258e+01 1.757490e+02
      vertex   8.455891e+01 -5.816258e+01 1.757490e+02
      vertex   8.478792e+01 -6.516258e+01 1.754478e+02
    endloop
  endfacet
  facet normal -7.960931e-01 8.080831e-15 -6.051742e-01
    outer loop
      vertex   8.478792e+01 -6.516258e+01 1.754478e+02
      vertex   8.455891e+01 -5.816258e+01 1.757490e+02
      vertex   8.478792e+01 -5.816258e+01 1.754478e+02
    endloop
  endfacet
  facet normal -9.075754e-01 9.212445e-15 -4.198891e-01
    outer loop
      vertex   8.478792e+01 -6.516258e+01 1.754478e+02
      vertex   8.478792e+01 -5.816258e+01 1.754478e+02
      vertex   8.494682e+01 -6.516258e+01 1.751043e+02
    endloop
  endfacet
  facet normal -9.075754e-01 1.105493e-14 -4.198891e-01
    outer loop
      vertex   8.494682e+01 -6.516258e+01 1.751043e+02
      vertex   8.478792e+01 -5.816258e+01 1.754478e+02
      vertex   8.494682e+01 -5.816258e+01 1.751043e+02
    endloop
  endfacet
  facet normal -9.766206e-01 1.189595e-14 -2.149704e-01
    outer loop
      vertex   8.494682e+01 -6.516258e+01 1.751043e+02
      vertex   8.494682e+01 -5.816258e+01 1.751043e+02
      vertex   8.502816e+01 -6.516258e+01 1.747348e+02
    endloop
  endfacet
  facet normal -9.766206e-01 7.930636e-15 -2.149704e-01
    outer loop
      vertex   8.502816e+01 -6.516258e+01 1.747348e+02
      vertex   8.494682e+01 -5.816258e+01 1.751043e+02
      vertex   8.502816e+01 -5.816258e+01 1.747348e+02
    endloop
  endfacet
  facet normal -1.000000e+00 8.120488e-15 0.000000e+00
    outer loop
      vertex   8.502816e+01 -6.516258e+01 1.747348e+02
      vertex   8.502816e+01 -5.816258e+01 1.747348e+02
      vertex   8.502816e+01 -6.516258e+01 1.743564e+02
    endloop
  endfacet
  facet normal -1.000000e+00 8.120488e-15 0.000000e+00
    outer loop
      vertex   8.502816e+01 -6.516258e+01 1.743564e+02
      vertex   8.502816e+01 -5.816258e+01 1.747348e+02
      vertex   8.502816e+01 -5.816258e+01 1.743564e+02
    endloop
  endfacet
  facet normal -9.766206e-01 7.930636e-15 2.149704e-01
    outer loop
      vertex   8.502816e+01 -6.516258e+01 1.743564e+02
      vertex   8.502816e+01 -5.816258e+01 1.743564e+02
      vertex   8.494682e+01 -6.516258e+01 1.739868e+02
    endloop
  endfacet
  facet normal -9.766206e-01 1.189595e-14 2.149704e-01
    outer loop
      vertex   8.494682e+01 -6.516258e+01 1.739868e+02
      vertex   8.502816e+01 -5.816258e+01 1.743564e+02
      vertex   8.494682e+01 -5.816258e+01 1.739868e+02
    endloop
  endfacet
  facet normal -9.075754e-01 1.105493e-14 4.198891e-01
    outer loop
      vertex   8.494682e+01 -6.516258e+01 1.739868e+02
      vertex   8.494682e+01 -5.816258e+01 1.739868e+02
      vertex   8.478792e+01 -6.516258e+01 1.736434e+02
    endloop
  endfacet
  facet normal -9.075754e-01 9.212445e-15 4.198891e-01
    outer loop
      vertex   8.478792e+01 -6.516258e+01 1.736434e+02
      vertex   8.494682e+01 -5.816258e+01 1.739868e+02
      vertex   8.478792e+01 -5.816258e+01 1.736434e+02
    endloop
  endfacet
  facet normal -7.960931e-01 8.080831e-15 6.051742e-01
    outer loop
      vertex   8.478792e+01 -6.516258e+01 1.736434e+02
      vertex   8.478792e+01 -5.816258e+01 1.736434e+02
      vertex   8.455891e+01 -6.516258e+01 1.733421e+02
    endloop
  endfacet
  facet normal -7.960931e-01 8.080831e-15 6.051742e-01
    outer loop
      vertex   8.455891e+01 -6.516258e+01 1.733421e+02
      vertex   8.478792e+01 -5.816258e+01 1.736434e+02
      vertex   8.455891e+01 -5.816258e+01 1.733421e+02
    endloop
  endfacet
  facet normal -6.473863e-01 6.571366e-15 7.621621e-01
    outer loop
      vertex   8.455891e+01 -6.516258e+01 1.733421e+02
      vertex   8.455891e+01 -5.816258e+01 1.733421e+02
      vertex   8.427050e+01 -6.516258e+01 1.730971e+02
    endloop
  endfacet
  facet normal -6.473863e-01 6.571366e-15 7.621621e-01
    outer loop
      vertex   8.427050e+01 -6.516258e+01 1.730971e+02
      vertex   8.455891e+01 -5.816258e+01 1.733421e+02
      vertex   8.427050e+01 -5.816258e+01 1.730971e+02
    endloop
  endfacet
  facet normal -4.684084e-01 4.754632e-15 8.835120e-01
    outer loop
      vertex   8.427050e+01 -6.516258e+01 1.730971e+02
      vertex   8.427050e+01 -5.816258e+01 1.730971e+02
      vertex   8.393616e+01 -6.516258e+01 1.729199e+02
    endloop
  endfacet
  facet normal -4.684084e-01 4.754632e-15 8.835120e-01
    outer loop
      vertex   8.393616e+01 -6.516258e+01 1.729199e+02
      vertex   8.427050e+01 -5.816258e+01 1.730971e+02
      vertex   8.393616e+01 -5.816258e+01 1.729199e+02
    endloop
  endfacet
  facet normal -2.675283e-01 2.715576e-15 9.635500e-01
    outer loop
      vertex   8.393616e+01 -6.516258e+01 1.729199e+02
      vertex   8.393616e+01 -5.816258e+01 1.729199e+02
      vertex   8.357154e+01 -6.516258e+01 1.728186e+02
    endloop
  endfacet
  facet normal -2.675283e-01 2.715576e-15 9.635500e-01
    outer loop
      vertex   8.357154e+01 -6.516258e+01 1.728186e+02
      vertex   8.393616e+01 -5.816258e+01 1.729199e+02
      vertex   8.357154e+01 -5.816258e+01 1.728186e+02
    endloop
  endfacet
  facet normal -5.413891e-02 5.495430e-16 9.985334e-01
    outer loop
      vertex   8.357154e+01 -6.516258e+01 1.728186e+02
      vertex   8.357154e+01 -5.816258e+01 1.728186e+02
      vertex   8.319368e+01 -6.516258e+01 1.727981e+02
    endloop
  endfacet
  facet normal -5.413891e-02 4.396344e-16 9.985334e-01
    outer loop
      vertex   8.319368e+01 -6.516258e+01 1.727981e+02
      vertex   8.357154e+01 -5.816258e+01 1.728186e+02
      vertex   8.319368e+01 -5.816258e+01 1.727981e+02
    endloop
  endfacet
  facet normal 1.617820e-01 -1.313749e-15 9.868265e-01
    outer loop
      vertex   8.319368e+01 -6.516258e+01 1.727981e+02
      vertex   8.319368e+01 -5.816258e+01 1.727981e+02
      vertex   8.282025e+01 -6.516258e+01 1.728594e+02
    endloop
  endfacet
  facet normal 1.617820e-01 -1.642186e-15 9.868265e-01
    outer loop
      vertex   8.282025e+01 -6.516258e+01 1.728594e+02
      vertex   8.319368e+01 -5.816258e+01 1.727981e+02
      vertex   8.282025e+01 -5.816258e+01 1.728594e+02
    endloop
  endfacet
  facet normal 3.701382e-01 -3.757128e-15 9.289767e-01
    outer loop
      vertex   8.282025e+01 -6.516258e+01 1.728594e+02
      vertex   8.282025e+01 -5.816258e+01 1.728594e+02
      vertex   8.246871e+01 -6.516258e+01 1.729994e+02
    endloop
  endfacet
  facet normal 3.701382e-01 -4.508554e-15 9.289767e-01
    outer loop
      vertex   8.246871e+01 -6.516258e+01 1.729994e+02
      vertex   8.282025e+01 -5.816258e+01 1.728594e+02
      vertex   8.246871e+01 -5.816258e+01 1.729994e+02
    endloop
  endfacet
  facet normal 5.611871e-01 -6.835670e-15 8.276890e-01
    outer loop
      vertex   8.246871e+01 -6.516258e+01 1.729994e+02
      vertex   8.246871e+01 -5.816258e+01 1.729994e+02
      vertex   8.215550e+01 -6.516258e+01 1.732118e+02
    endloop
  endfacet
  facet normal 5.611871e-01 -5.696391e-15 8.276890e-01
    outer loop
      vertex   8.215550e+01 -6.516258e+01 1.732118e+02
      vertex   8.246871e+01 -5.816258e+01 1.729994e+02
      vertex   8.215550e+01 -5.816258e+01 1.732118e+02
    endloop
  endfacet
  facet normal 7.259955e-01 -7.369297e-15 6.876995e-01
    outer loop
      vertex   8.215550e+01 -6.516258e+01 1.732118e+02
      vertex   8.215550e+01 -5.816258e+01 1.732118e+02
      vertex   8.189526e+01 -6.516258e+01 1.734865e+02
    endloop
  endfacet
  facet normal 7.259955e-01 -7.369297e-15 6.876995e-01
    outer loop
      vertex   8.189526e+01 -6.516258e+01 1.734865e+02
      vertex   8.215550e+01 -5.816258e+01 1.732118e+02
      vertex   8.189526e+01 -5.816258e+01 1.734865e+02
    endloop
  endfacet
  facet normal 8.568572e-01 -8.697623e-15 5.155539e-01
    outer loop
      vertex   8.189526e+01 -6.516258e+01 1.734865e+02
      vertex   8.189526e+01 -5.816258e+01 1.734865e+02
      vertex   8.170017e+01 -6.516258e+01 1.738108e+02
    endloop
  endfacet
  facet normal 8.568572e-01 -6.958099e-15 5.155539e-01
    outer loop
      vertex   8.170017e+01 -6.516258e+01 1.738108e+02
      vertex   8.189526e+01 -5.816258e+01 1.734865e+02
      vertex   8.170017e+01 -5.816258e+01 1.738108e+02
    endloop
  endfacet
  facet normal 9.476532e-01 -7.695407e-15 3.193015e-01
    outer loop
      vertex   8.170017e+01 -6.516258e+01 1.738108e+02
      vertex   8.170017e+01 -5.816258e+01 1.738108e+02
      vertex   8.157934e+01 -6.516258e+01 1.741694e+02
    endloop
  endfacet
  facet normal 9.476532e-01 -9.619258e-15 3.193015e-01
    outer loop
      vertex   8.157934e+01 -6.516258e+01 1.741694e+02
      vertex   8.170017e+01 -5.816258e+01 1.738108e+02
      vertex   8.157934e+01 -5.816258e+01 1.741694e+02
    endloop
  endfacet
  facet normal 9.941380e-01 -1.009111e-14 1.081190e-01
    outer loop
      vertex   8.157934e+01 -6.516258e+01 1.741694e+02
      vertex   8.157934e+01 -5.816258e+01 1.741694e+02
      vertex   8.153842e+01 -6.516258e+01 1.745456e+02
    endloop
  endfacet
  facet normal 9.941380e-01 -1.009111e-14 1.081190e-01
    outer loop
      vertex   8.153842e+01 -6.516258e+01 1.745456e+02
      vertex   8.157934e+01 -5.816258e+01 1.741694e+02
      vertex   8.153842e+01 -5.816258e+01 1.745456e+02
    endloop
  endfacet
  facet normal 8.000000e-01 -6.000000e-01 1.290778e-15
    outer loop
      vertex   8.728842e+01 -5.649592e+01 1.783956e+02
      vertex   9.068842e+01 -5.196258e+01 1.749956e+02
      vertex   9.068842e+01 -5.196258e+01 1.783956e+02
    endloop
  endfacet
  facet normal -0.000000e+00 0.000000e+00 1.000000e+00
    outer loop
      vertex   7.474799e+01 -8.781666e+01 1.746956e+02
      vertex   7.478842e+01 -8.816258e+01 1.746956e+02
      vertex   7.613842e+01 -8.416258e+01 1.746956e+02
    endloop
  endfacet
  facet normal 0.000000e+00 0.000000e+00 1.000000e+00
    outer loop
      vertex   7.613842e+01 -8.416258e+01 1.746956e+02
      vertex   7.478842e+01 -8.816258e+01 1.746956e+02
      vertex   7.474799e+01 -8.850851e+01 1.746956e+02
    endloop
  endfacet
  facet normal 0.000000e+00 0.000000e+00 1.000000e+00
    outer loop
      vertex   7.613842e+01 -8.416258e+01 1.746956e+02
      vertex   7.474799e+01 -8.850851e+01 1.746956e+02
      vertex   7.613842e+01 -1.121626e+02 1.746956e+02
    endloop
  endfacet
  facet normal 0.000000e+00 0.000000e+00 1.000000e+00
    outer loop
      vertex   7.613842e+01 -1.121626e+02 1.746956e+02
      vertex   7.474799e+01 -8.850851e+01 1.746956e+02
      vertex   7.462887e+01 -8.883578e+01 1.746956e+02
    endloop
  endfacet
  facet normal 0.000000e+00 0.000000e+00 1.000000e+00
    outer loop
      vertex   7.613842e+01 -1.121626e+02 1.746956e+02
      vertex   7.462887e+01 -8.883578e+01 1.746956e+02
      vertex   7.443749e+01 -8.912677e+01 1.746956e+02
    endloop
  endfacet
  facet normal 0.000000e+00 0.000000e+00 1.000000e+00
    outer loop
      vertex   7.443749e+01 -8.912677e+01 1.746956e+02
      vertex   7.418416e+01 -8.936577e+01 1.746956e+02
      vertex   7.613842e+01 -1.121626e+02 1.746956e+02
    endloop
  endfacet
  facet normal 0.000000e+00 0.000000e+00 1.000000e+00
    outer loop
      vertex   7.613842e+01 -1.121626e+02 1.746956e+02
      vertex   7.418416e+01 -8.936577e+01 1.746956e+02
      vertex   7.388254e+01 -8.953991e+01 1.746956e+02
    endloop
  endfacet
  facet normal 0.000000e+00 0.000000e+00 1.000000e+00
    outer loop
      vertex   7.613842e+01 -1.121626e+02 1.746956e+02
      vertex   7.388254e+01 -8.953991e+01 1.746956e+02
      vertex   7.354889e+01 -8.963980e+01 1.746956e+02
    endloop
  endfacet
  facet normal 0.000000e+00 0.000000e+00 1.000000e+00
    outer loop
      vertex   7.354889e+01 -8.963980e+01 1.746956e+02
      vertex   7.320120e+01 -8.966005e+01 1.746956e+02
      vertex   7.613842e+01 -1.121626e+02 1.746956e+02
    endloop
  endfacet
  facet normal 0.000000e+00 0.000000e+00 1.000000e+00
    outer loop
      vertex   7.613842e+01 -1.121626e+02 1.746956e+02
      vertex   7.320120e+01 -8.966005e+01 1.746956e+02
      vertex   7.043842e+01 -1.121626e+02 1.746956e+02
    endloop
  endfacet
  facet normal 0.000000e+00 0.000000e+00 1.000000e+00
    outer loop
      vertex   7.043842e+01 -1.121626e+02 1.746956e+02
      vertex   7.320120e+01 -8.966005e+01 1.746956e+02
      vertex   7.285822e+01 -8.959957e+01 1.746956e+02
    endloop
  endfacet
  facet normal 0.000000e+00 0.000000e+00 1.000000e+00
    outer loop
      vertex   7.043842e+01 -1.121626e+02 1.746956e+02
      vertex   7.285822e+01 -8.959957e+01 1.746956e+02
      vertex   7.253842e+01 -8.946162e+01 1.746956e+02
    endloop
  endfacet
  facet normal 0.000000e+00 0.000000e+00 1.000000e+00
    outer loop
      vertex   7.253842e+01 -8.946162e+01 1.746956e+02
      vertex   7.225906e+01 -8.925365e+01 1.746956e+02
      vertex   7.043842e+01 -1.121626e+02 1.746956e+02
    endloop
  endfacet
  facet normal 0.000000e+00 0.000000e+00 1.000000e+00
    outer loop
      vertex   7.043842e+01 -1.121626e+02 1.746956e+02
      vertex   7.225906e+01 -8.925365e+01 1.746956e+02
      vertex   7.203519e+01 -8.898685e+01 1.746956e+02
    endloop
  endfacet
  facet normal 0.000000e+00 0.000000e+00 1.000000e+00
    outer loop
      vertex   7.043842e+01 -1.121626e+02 1.746956e+02
      vertex   7.203519e+01 -8.898685e+01 1.746956e+02
      vertex   7.187888e+01 -8.867562e+01 1.746956e+02
    endloop
  endfacet
  facet normal 0.000000e+00 0.000000e+00 1.000000e+00
    outer loop
      vertex   7.187888e+01 -8.867562e+01 1.746956e+02
      vertex   7.179856e+01 -8.833672e+01 1.746956e+02
      vertex   7.043842e+01 -1.121626e+02 1.746956e+02
    endloop
  endfacet
  facet normal 0.000000e+00 0.000000e+00 1.000000e+00
    outer loop
      vertex   7.043842e+01 -1.121626e+02 1.746956e+02
      vertex   7.179856e+01 -8.833672e+01 1.746956e+02
      vertex   7.043842e+01 -8.416258e+01 1.746956e+02
    endloop
  endfacet
  facet normal 0.000000e+00 0.000000e+00 1.000000e+00
    outer loop
      vertex   7.043842e+01 -8.416258e+01 1.746956e+02
      vertex   7.179856e+01 -8.833672e+01 1.746956e+02
      vertex   7.179856e+01 -8.798845e+01 1.746956e+02
    endloop
  endfacet
  facet normal 0.000000e+00 0.000000e+00 1.000000e+00
    outer loop
      vertex   7.043842e+01 -8.416258e+01 1.746956e+02
      vertex   7.179856e+01 -8.798845e+01 1.746956e+02
      vertex   7.187888e+01 -8.764955e+01 1.746956e+02
    endloop
  endfacet
  facet normal 0.000000e+00 -0.000000e+00 1.000000e+00
    outer loop
      vertex   7.187888e+01 -8.764955e+01 1.746956e+02
      vertex   7.203519e+01 -8.733832e+01 1.746956e+02
      vertex   7.043842e+01 -8.416258e+01 1.746956e+02
    endloop
  endfacet
  facet normal 0.000000e+00 0.000000e+00 1.000000e+00
    outer loop
      vertex   7.043842e+01 -8.416258e+01 1.746956e+02
      vertex   7.203519e+01 -8.733832e+01 1.746956e+02
      vertex   7.225906e+01 -8.707152e+01 1.746956e+02
    endloop
  endfacet
  facet normal 0.000000e+00 0.000000e+00 1.000000e+00
    outer loop
      vertex   7.043842e+01 -8.416258e+01 1.746956e+02
      vertex   7.225906e+01 -8.707152e+01 1.746956e+02
      vertex   7.253842e+01 -8.686355e+01 1.746956e+02
    endloop
  endfacet
  facet normal 0.000000e+00 -0.000000e+00 1.000000e+00
    outer loop
      vertex   7.253842e+01 -8.686355e+01 1.746956e+02
      vertex   7.285822e+01 -8.672560e+01 1.746956e+02
      vertex   7.043842e+01 -8.416258e+01 1.746956e+02
    endloop
  endfacet
  facet normal 0.000000e+00 0.000000e+00 1.000000e+00
    outer loop
      vertex   7.043842e+01 -8.416258e+01 1.746956e+02
      vertex   7.285822e+01 -8.672560e+01 1.746956e+02
      vertex   7.320120e+01 -8.666512e+01 1.746956e+02
    endloop
  endfacet
  facet normal -0.000000e+00 0.000000e+00 1.000000e+00
    outer loop
      vertex   7.043842e+01 -8.416258e+01 1.746956e+02
      vertex   7.320120e+01 -8.666512e+01 1.746956e+02
      vertex   7.613842e+01 -8.416258e+01 1.746956e+02
    endloop
  endfacet
  facet normal 0.000000e+00 0.000000e+00 1.000000e+00
    outer loop
      vertex   7.613842e+01 -8.416258e+01 1.746956e+02
      vertex   7.320120e+01 -8.666512e+01 1.746956e+02
      vertex   7.354889e+01 -8.668537e+01 1.746956e+02
    endloop
  endfacet
  facet normal 0.000000e+00 0.000000e+00 1.000000e+00
    outer loop
      vertex   7.613842e+01 -8.416258e+01 1.746956e+02
      vertex   7.354889e+01 -8.668537e+01 1.746956e+02
      vertex   7.388254e+01 -8.678526e+01 1.746956e+02
    endloop
  endfacet
  facet normal -0.000000e+00 0.000000e+00 1.000000e+00
    outer loop
      vertex   7.388254e+01 -8.678526e+01 1.746956e+02
      vertex   7.418416e+01 -8.695940e+01 1.746956e+02
      vertex   7.613842e+01 -8.416258e+01 1.746956e+02
    endloop
  endfacet
  facet normal 0.000000e+00 0.000000e+00 1.000000e+00
    outer loop
      vertex   7.613842e+01 -8.416258e+01 1.746956e+02
      vertex   7.418416e+01 -8.695940e+01 1.746956e+02
      vertex   7.443749e+01 -8.719840e+01 1.746956e+02
    endloop
  endfacet
  facet normal 0.000000e+00 0.000000e+00 1.000000e+00
    outer loop
      vertex   7.613842e+01 -8.416258e+01 1.746956e+02
      vertex   7.443749e+01 -8.719840e+01 1.746956e+02
      vertex   7.462887e+01 -8.748939e+01 1.746956e+02
    endloop
  endfacet
  facet normal -0.000000e+00 0.000000e+00 1.000000e+00
    outer loop
      vertex   7.462887e+01 -8.748939e+01 1.746956e+02
      vertex   7.474799e+01 -8.781666e+01 1.746956e+02
      vertex   7.613842e+01 -8.416258e+01 1.746956e+02
    endloop
  endfacet
  facet normal 7.479397e-15 1.000000e+00 0.000000e+00
    outer loop
      vertex   7.043842e+01 -1.121626e+02 1.777956e+02
      vertex   7.613842e+01 -1.121626e+02 1.777956e+02
      vertex   7.043842e+01 -1.121626e+02 1.746956e+02
    endloop
  endfacet
  facet normal 7.479397e-15 1.000000e+00 0.000000e+00
    outer loop
      vertex   7.043842e+01 -1.121626e+02 1.746956e+02
      vertex   7.613842e+01 -1.121626e+02 1.777956e+02
      vertex   7.613842e+01 -1.121626e+02 1.746956e+02
    endloop
  endfacet
  facet normal -1.000000e+00 0.000000e+00 -0.000000e+00
    outer loop
      vertex   7.613842e+01 -1.013626e+02 1.783956e+02
      vertex   7.613842e+01 -8.416258e+01 1.783956e+02
      vertex   7.613842e+01 -1.030626e+02 1.766956e+02
    endloop
  endfacet
  facet normal -1.000000e+00 0.000000e+00 0.000000e+00
    outer loop
      vertex   7.613842e+01 -1.030626e+02 1.766956e+02
      vertex   7.613842e+01 -8.416258e+01 1.783956e+02
      vertex   7.613842e+01 -8.416258e+01 1.746956e+02
    endloop
  endfacet
  facet normal -1.000000e+00 0.000000e+00 -0.000000e+00
    outer loop
      vertex   7.613842e+01 -1.030626e+02 1.766956e+02
      vertex   7.613842e+01 -8.416258e+01 1.746956e+02
      vertex   7.613842e+01 -1.121626e+02 1.746956e+02
    endloop
  endfacet
  facet normal -1.000000e+00 0.000000e+00 0.000000e+00
    outer loop
      vertex   7.613842e+01 -1.121626e+02 1.777956e+02
      vertex   7.613842e+01 -1.110626e+02 1.766956e+02
      vertex   7.613842e+01 -1.121626e+02 1.746956e+02
    endloop
  endfacet
  facet normal -1.000000e+00 0.000000e+00 0.000000e+00
    outer loop
      vertex   7.613842e+01 -1.121626e+02 1.746956e+02
      vertex   7.613842e+01 -1.110626e+02 1.766956e+02
      vertex   7.613842e+01 -1.030626e+02 1.766956e+02
    endloop
  endfacet
  facet normal 0.000000e+00 -1.000000e+00 0.000000e+00
    outer loop
      vertex   7.043842e+01 -8.416258e+01 1.746956e+02
      vertex   7.613842e+01 -8.416258e+01 1.746956e+02
      vertex   7.043842e+01 -8.416258e+01 1.783956e+02
    endloop
  endfacet
  facet normal 0.000000e+00 -1.000000e+00 0.000000e+00
    outer loop
      vertex   7.043842e+01 -8.416258e+01 1.783956e+02
      vertex   7.613842e+01 -8.416258e+01 1.746956e+02
      vertex   7.613842e+01 -8.416258e+01 1.783956e+02
    endloop
  endfacet
endsolid
