solid ASCII
  facet normal 6.633724e-16 7.071068e-01 7.071068e-01
    outer loop
      vertex   6.353787e-01 3.710998e+01 6.000000e-01
      vertex   2.418538e+01 3.710998e+01 6.000000e-01
      vertex   1.035379e+00 3.750998e+01 2.000000e-01
    endloop
  endfacet
  facet normal 6.815236e-16 7.071068e-01 7.071068e-01
    outer loop
      vertex   1.035379e+00 3.750998e+01 2.000000e-01
      vertex   2.418538e+01 3.710998e+01 6.000000e-01
      vertex   2.378538e+01 3.750998e+01 2.000000e-01
    endloop
  endfacet
  facet normal -1.557163e-15 1.693516e-16 1.000000e+00
    outer loop
      vertex   -6.286914e-01 3.387457e+01 6.000000e-01
      vertex   6.987713e+00 3.375998e+01 6.000000e-01
      vertex   -5.889463e-01 3.424002e+01 6.000000e-01
    endloop
  endfacet
  facet normal -1.810614e-15 -3.831014e-15 1.000000e+00
    outer loop
      vertex   -5.889463e-01 3.424002e+01 6.000000e-01
      vertex   6.987713e+00 3.375998e+01 6.000000e-01
      vertex   6.353787e-01 3.710998e+01 6.000000e-01
    endloop
  endfacet
  facet normal -8.598804e-15 -9.351764e-16 1.000000e+00
    outer loop
      vertex   -5.889463e-01 3.424002e+01 6.000000e-01
      vertex   6.353787e-01 3.710998e+01 6.000000e-01
      vertex   -6.286914e-01 3.460547e+01 6.000000e-01
    endloop
  endfacet
  facet normal -5.888912e-15 -2.302904e-15 1.000000e+00
    outer loop
      vertex   -6.286914e-01 3.460547e+01 6.000000e-01
      vertex   6.353787e-01 3.710998e+01 6.000000e-01
      vertex   -7.460681e-01 3.495383e+01 6.000000e-01
    endloop
  endfacet
  facet normal -4.890556e-15 -2.942550e-15 1.000000e+00
    outer loop
      vertex   -7.460681e-01 3.495383e+01 6.000000e-01
      vertex   6.353787e-01 3.710998e+01 6.000000e-01
      vertex   -9.355881e-01 3.526881e+01 6.000000e-01
    endloop
  endfacet
  facet normal -3.951908e-15 -3.743446e-15 1.000000e+00
    outer loop
      vertex   -9.355881e-01 3.526881e+01 6.000000e-01
      vertex   6.353787e-01 3.710998e+01 6.000000e-01
      vertex   -1.188390e+00 3.553569e+01 6.000000e-01
    endloop
  endfacet
  facet normal -3.160075e-15 -4.660762e-15 1.000000e+00
    outer loop
      vertex   -1.188390e+00 3.553569e+01 6.000000e-01
      vertex   6.353787e-01 3.710998e+01 6.000000e-01
      vertex   -1.492652e+00 3.574199e+01 6.000000e-01
    endloop
  endfacet
  facet normal -2.355620e-15 -5.912160e-15 1.000000e+00
    outer loop
      vertex   -1.492652e+00 3.574199e+01 6.000000e-01
      vertex   6.353787e-01 3.710998e+01 6.000000e-01
      vertex   -1.834148e+00 3.587805e+01 6.000000e-01
    endloop
  endfacet
  facet normal -8.664267e-15 6.734159e-15 1.000000e+00
    outer loop
      vertex   -1.834148e+00 3.587805e+01 6.000000e-01
      vertex   6.353787e-01 3.710998e+01 6.000000e-01
      vertex   -1.289621e+00 4.285998e+01 6.000000e-01
    endloop
  endfacet
  facet normal 9.806893e-16 5.981940e-15 1.000000e+00
    outer loop
      vertex   -1.834148e+00 3.587805e+01 6.000000e-01
      vertex   -1.289621e+00 4.285998e+01 6.000000e-01
      vertex   -2.196910e+00 3.593752e+01 6.000000e-01
    endloop
  endfacet
  facet normal 7.908137e-16 6.006826e-15 1.000000e+00
    outer loop
      vertex   -2.196910e+00 3.593752e+01 6.000000e-01
      vertex   -1.289621e+00 4.285998e+01 6.000000e-01
      vertex   -1.522558e+00 4.289065e+01 6.000000e-01
    endloop
  endfacet
  facet normal -3.315827e-16 6.115682e-15 1.000000e+00
    outer loop
      vertex   -2.196910e+00 3.593752e+01 6.000000e-01
      vertex   -1.522558e+00 4.289065e+01 6.000000e-01
      vertex   -2.563976e+00 3.591762e+01 6.000000e-01
    endloop
  endfacet
  facet normal 2.366301e-15 5.712755e-15 1.000000e+00
    outer loop
      vertex   -2.563976e+00 3.591762e+01 6.000000e-01
      vertex   -1.522558e+00 4.289065e+01 6.000000e-01
      vertex   -1.739621e+00 4.298056e+01 6.000000e-01
    endloop
  endfacet
  facet normal -1.718511e-15 6.189516e-15 1.000000e+00
    outer loop
      vertex   -2.563976e+00 3.591762e+01 6.000000e-01
      vertex   -1.739621e+00 4.298056e+01 6.000000e-01
      vertex   -2.918181e+00 3.581928e+01 6.000000e-01
    endloop
  endfacet
  facet normal 3.495341e-15 5.331452e-15 1.000000e+00
    outer loop
      vertex   -2.918181e+00 3.581928e+01 6.000000e-01
      vertex   -1.739621e+00 4.298056e+01 6.000000e-01
      vertex   -1.926017e+00 4.312359e+01 6.000000e-01
    endloop
  endfacet
  facet normal -3.317152e-15 6.256811e-15 1.000000e+00
    outer loop
      vertex   -2.918181e+00 3.581928e+01 6.000000e-01
      vertex   -1.926017e+00 4.312359e+01 6.000000e-01
      vertex   -3.242964e+00 3.564709e+01 6.000000e-01
    endloop
  endfacet
  facet normal 6.643693e-15 4.502259e-15 1.000000e+00
    outer loop
      vertex   -3.242964e+00 3.564709e+01 6.000000e-01
      vertex   -1.926017e+00 4.312359e+01 6.000000e-01
      vertex   -2.069044e+00 4.330998e+01 6.000000e-01
    endloop
  endfacet
  facet normal 5.719642e-15 4.643820e-15 1.000000e+00
    outer loop
      vertex   -3.242964e+00 3.564709e+01 6.000000e-01
      vertex   -2.069044e+00 4.330998e+01 6.000000e-01
      vertex   -5.243229e+00 3.526575e+01 6.000000e-01
    endloop
  endfacet
  facet normal 8.532021e-15 3.534079e-15 1.000000e+00
    outer loop
      vertex   -5.243229e+00 3.526575e+01 6.000000e-01
      vertex   -2.069044e+00 4.330998e+01 6.000000e-01
      vertex   -2.158955e+00 4.352705e+01 6.000000e-01
    endloop
  endfacet
  facet normal 1.330598e-14 1.751766e-15 1.000000e+00
    outer loop
      vertex   -5.243229e+00 3.526575e+01 6.000000e-01
      vertex   -2.158955e+00 4.352705e+01 6.000000e-01
      vertex   -2.189621e+00 4.375998e+01 6.000000e-01
    endloop
  endfacet
  facet normal -2.800739e-15 9.436789e-16 1.000000e+00
    outer loop
      vertex   -7.460681e-01 3.352621e+01 6.000000e-01
      vertex   1.782104e+00 2.773529e+01 6.000000e-01
      vertex   -6.286914e-01 3.387457e+01 6.000000e-01
    endloop
  endfacet
  facet normal 3.661528e-16 2.187265e-15 1.000000e+00
    outer loop
      vertex   -6.286914e-01 3.387457e+01 6.000000e-01
      vertex   1.782104e+00 2.773529e+01 6.000000e-01
      vertex   2.804613e+00 2.756412e+01 6.000000e-01
    endloop
  endfacet
  facet normal -1.468282e-15 1.189211e-15 1.000000e+00
    outer loop
      vertex   -6.286914e-01 3.387457e+01 6.000000e-01
      vertex   2.804613e+00 2.756412e+01 6.000000e-01
      vertex   7.026875e+00 3.333736e+01 6.000000e-01
    endloop
  endfacet
  facet normal 1.135799e-16 3.231627e-17 1.000000e+00
    outer loop
      vertex   7.026875e+00 3.333736e+01 6.000000e-01
      vertex   2.804613e+00 2.756412e+01 6.000000e-01
      vertex   7.143027e+00 3.292913e+01 6.000000e-01
    endloop
  endfacet
  facet normal 2.540796e-17 1.036165e-16 1.000000e+00
    outer loop
      vertex   7.143027e+00 3.292913e+01 6.000000e-01
      vertex   2.804613e+00 2.756412e+01 6.000000e-01
      vertex   3.811521e+00 2.731721e+01 6.000000e-01
    endloop
  endfacet
  facet normal 1.087404e-16 5.414629e-17 1.000000e+00
    outer loop
      vertex   7.143027e+00 3.292913e+01 6.000000e-01
      vertex   3.811521e+00 2.731721e+01 6.000000e-01
      vertex   7.332214e+00 3.254919e+01 6.000000e-01
    endloop
  endfacet
  facet normal 3.403273e-17 1.044184e-16 1.000000e+00
    outer loop
      vertex   7.332214e+00 3.254919e+01 6.000000e-01
      vertex   3.811521e+00 2.731721e+01 6.000000e-01
      vertex   4.797225e+00 2.699594e+01 6.000000e-01
    endloop
  endfacet
  facet normal 9.900028e-17 7.476154e-17 1.000000e+00
    outer loop
      vertex   7.332214e+00 3.254919e+01 6.000000e-01
      vertex   4.797225e+00 2.699594e+01 6.000000e-01
      vertex   7.587993e+00 3.221048e+01 6.000000e-01
    endloop
  endfacet
  facet normal 1.379160e-16 5.393423e-17 1.000000e+00
    outer loop
      vertex   7.587993e+00 3.221048e+01 6.000000e-01
      vertex   4.797225e+00 2.699594e+01 6.000000e-01
      vertex   5.756242e+00 2.660210e+01 6.000000e-01
    endloop
  endfacet
  facet normal 6.952929e-17 7.627000e-17 1.000000e+00
    outer loop
      vertex   7.587993e+00 3.221048e+01 6.000000e-01
      vertex   5.756242e+00 2.660210e+01 6.000000e-01
      vertex   7.901654e+00 3.192454e+01 6.000000e-01
    endloop
  endfacet
  facet normal 2.978891e-16 -1.577909e-17 1.000000e+00
    outer loop
      vertex   7.901654e+00 3.192454e+01 6.000000e-01
      vertex   5.756242e+00 2.660210e+01 6.000000e-01
      vertex   8.262515e+00 3.170111e+01 6.000000e-01
    endloop
  endfacet
  facet normal 5.249983e-17 1.048351e-16 1.000000e+00
    outer loop
      vertex   8.262515e+00 3.170111e+01 6.000000e-01
      vertex   5.756242e+00 2.660210e+01 6.000000e-01
      vertex   6.683237e+00 2.613788e+01 6.000000e-01
    endloop
  endfacet
  facet normal 4.179105e-17 1.078751e-16 1.000000e+00
    outer loop
      vertex   8.262515e+00 3.170111e+01 6.000000e-01
      vertex   6.683237e+00 2.613788e+01 6.000000e-01
      vertex   8.658289e+00 3.154778e+01 6.000000e-01
    endloop
  endfacet
  facet normal 1.628449e-16 6.368071e-17 1.000000e+00
    outer loop
      vertex   8.658289e+00 3.154778e+01 6.000000e-01
      vertex   6.683237e+00 2.613788e+01 6.000000e-01
      vertex   7.573054e+00 2.560585e+01 6.000000e-01
    endloop
  endfacet
  facet normal 1.688718e-17 9.033845e-17 1.000000e+00
    outer loop
      vertex   8.658289e+00 3.154778e+01 6.000000e-01
      vertex   7.573054e+00 2.560585e+01 6.000000e-01
      vertex   9.075496e+00 3.146979e+01 6.000000e-01
    endloop
  endfacet
  facet normal -0.000000e+00 9.466523e-17 1.000000e+00
    outer loop
      vertex   9.075496e+00 3.146979e+01 6.000000e-01
      vertex   7.573054e+00 2.560585e+01 6.000000e-01
      vertex   9.499931e+00 3.146979e+01 6.000000e-01
    endloop
  endfacet
  facet normal 1.604926e-16 4.192776e-17 1.000000e+00
    outer loop
      vertex   9.499931e+00 3.146979e+01 6.000000e-01
      vertex   7.573054e+00 2.560585e+01 6.000000e-01
      vertex   8.420741e+00 2.500898e+01 6.000000e-01
    endloop
  endfacet
  facet normal -1.326309e-17 7.095126e-17 1.000000e+00
    outer loop
      vertex   9.499931e+00 3.146979e+01 6.000000e-01
      vertex   8.420741e+00 2.500898e+01 6.000000e-01
      vertex   9.917138e+00 3.154778e+01 6.000000e-01
    endloop
  endfacet
  facet normal 4.699361e-17 5.716158e-17 1.000000e+00
    outer loop
      vertex   9.917138e+00 3.154778e+01 6.000000e-01
      vertex   8.420741e+00 2.500898e+01 6.000000e-01
      vertex   9.221584e+00 2.435060e+01 6.000000e-01
    endloop
  endfacet
  facet normal -2.483369e-17 6.410315e-17 1.000000e+00
    outer loop
      vertex   9.917138e+00 3.154778e+01 6.000000e-01
      vertex   9.221584e+00 2.435060e+01 6.000000e-01
      vertex   1.031291e+01 3.170111e+01 6.000000e-01
    endloop
  endfacet
  facet normal 5.055920e-17 5.290959e-17 1.000000e+00
    outer loop
      vertex   1.031291e+01 3.170111e+01 6.000000e-01
      vertex   9.221584e+00 2.435060e+01 6.000000e-01
      vertex   9.971128e+00 2.363435e+01 6.000000e-01
    endloop
  endfacet
  facet normal 4.936463e-17 5.296021e-17 1.000000e+00
    outer loop
      vertex   1.031291e+01 3.170111e+01 6.000000e-01
      vertex   9.971128e+00 2.363435e+01 6.000000e-01
      vertex   1.269049e+01 2.319594e+01 6.000000e-01
    endloop
  endfacet
  facet normal 2.941526e-17 -7.078314e-17 1.000000e+00
    outer loop
      vertex   1.269049e+01 2.319594e+01 6.000000e-01
      vertex   9.971128e+00 2.363435e+01 6.000000e-01
      vertex   1.219431e+01 2.298975e+01 6.000000e-01
    endloop
  endfacet
  facet normal 3.345082e-17 -5.686470e-17 1.000000e+00
    outer loop
      vertex   1.219431e+01 2.298975e+01 6.000000e-01
      vertex   9.971128e+00 2.363435e+01 6.000000e-01
      vertex   1.173119e+01 2.271732e+01 6.000000e-01
    endloop
  endfacet
  facet normal -2.268610e-17 -1.646082e-16 1.000000e+00
    outer loop
      vertex   1.173119e+01 2.271732e+01 6.000000e-01
      vertex   9.971128e+00 2.363435e+01 6.000000e-01
      vertex   1.066520e+01 2.286423e+01 6.000000e-01
    endloop
  endfacet
  facet normal 0.000000e+00 0.000000e+00 1.000000e+00
    outer loop
      vertex   1.173119e+01 2.271732e+01 6.000000e-01
      vertex   1.066520e+01 2.286423e+01 6.000000e-01
      vertex   1.155695e+01 2.262710e+01 6.000000e-01
    endloop
  endfacet
  facet normal 0.000000e+00 0.000000e+00 1.000000e+00
    outer loop
      vertex   1.155695e+01 2.262710e+01 6.000000e-01
      vertex   1.066520e+01 2.286423e+01 6.000000e-01
      vertex   1.136599e+01 2.258202e+01 6.000000e-01
    endloop
  endfacet
  facet normal 0.000000e+00 0.000000e+00 1.000000e+00
    outer loop
      vertex   1.136599e+01 2.258202e+01 6.000000e-01
      vertex   1.066520e+01 2.286423e+01 6.000000e-01
      vertex   1.116980e+01 2.258477e+01 6.000000e-01
    endloop
  endfacet
  facet normal 0.000000e+00 0.000000e+00 1.000000e+00
    outer loop
      vertex   1.116980e+01 2.258477e+01 6.000000e-01
      vertex   1.066520e+01 2.286423e+01 6.000000e-01
      vertex   1.098019e+01 2.263519e+01 6.000000e-01
    endloop
  endfacet
  facet normal 0.000000e+00 0.000000e+00 1.000000e+00
    outer loop
      vertex   1.098019e+01 2.263519e+01 6.000000e-01
      vertex   1.066520e+01 2.286423e+01 6.000000e-01
      vertex   1.080854e+01 2.273025e+01 6.000000e-01
    endloop
  endfacet
  facet normal -2.086589e-15 1.255459e-15 1.000000e+00
    outer loop
      vertex   -7.460681e-01 3.352621e+01 6.000000e-01
      vertex   -9.355881e-01 3.321122e+01 6.000000e-01
      vertex   1.782104e+00 2.773529e+01 6.000000e-01
    endloop
  endfacet
  facet normal 3.322928e-16 2.455944e-15 1.000000e+00
    outer loop
      vertex   1.782104e+00 2.773529e+01 6.000000e-01
      vertex   -9.355881e-01 3.321122e+01 6.000000e-01
      vertex   7.496806e-01 2.782977e+01 6.000000e-01
    endloop
  endfacet
  facet normal -1.865962e-15 1.767533e-15 1.000000e+00
    outer loop
      vertex   7.496806e-01 2.782977e+01 6.000000e-01
      vertex   -9.355881e-01 3.321122e+01 6.000000e-01
      vertex   -1.188390e+00 3.294434e+01 6.000000e-01
    endloop
  endfacet
  facet normal 4.148934e-17 2.490325e-15 1.000000e+00
    outer loop
      vertex   7.496806e-01 2.782977e+01 6.000000e-01
      vertex   -1.188390e+00 3.294434e+01 6.000000e-01
      vertex   -2.869132e-01 2.784704e+01 6.000000e-01
    endloop
  endfacet
  facet normal -1.503253e-15 2.217132e-15 1.000000e+00
    outer loop
      vertex   -2.869132e-01 2.784704e+01 6.000000e-01
      vertex   -1.188390e+00 3.294434e+01 6.000000e-01
      vertex   -1.492652e+00 3.273805e+01 6.000000e-01
    endloop
  endfacet
  facet normal -4.223865e-17 2.577303e-15 1.000000e+00
    outer loop
      vertex   -2.869132e-01 2.784704e+01 6.000000e-01
      vertex   -1.492652e+00 3.273805e+01 6.000000e-01
      vertex   -1.321911e+00 2.778700e+01 6.000000e-01
    endloop
  endfacet
  facet normal -1.013545e-15 2.543807e-15 1.000000e+00
    outer loop
      vertex   -1.321911e+00 2.778700e+01 6.000000e-01
      vertex   -1.492652e+00 3.273805e+01 6.000000e-01
      vertex   -1.834148e+00 3.260198e+01 6.000000e-01
    endloop
  endfacet
  facet normal -4.272613e-16 2.606178e-15 1.000000e+00
    outer loop
      vertex   -1.321911e+00 2.778700e+01 6.000000e-01
      vertex   -1.834148e+00 3.260198e+01 6.000000e-01
      vertex   -2.196910e+00 3.254251e+01 6.000000e-01
    endloop
  endfacet
  facet normal -3.493883e-16 2.620507e-15 1.000000e+00
    outer loop
      vertex   -1.321911e+00 2.778700e+01 6.000000e-01
      vertex   -2.196910e+00 3.254251e+01 6.000000e-01
      vertex   -2.349555e+00 2.764999e+01 6.000000e-01
    endloop
  endfacet
  facet normal 1.412498e-16 2.605199e-15 1.000000e+00
    outer loop
      vertex   -2.349555e+00 2.764999e+01 6.000000e-01
      vertex   -2.196910e+00 3.254251e+01 6.000000e-01
      vertex   -2.563976e+00 3.256241e+01 6.000000e-01
    endloop
  endfacet
  facet normal -5.412589e-16 2.575408e-15 1.000000e+00
    outer loop
      vertex   -2.349555e+00 2.764999e+01 6.000000e-01
      vertex   -2.563976e+00 3.256241e+01 6.000000e-01
      vertex   -3.364128e+00 2.743676e+01 6.000000e-01
    endloop
  endfacet
  facet normal 6.628681e-16 2.387435e-15 1.000000e+00
    outer loop
      vertex   -3.364128e+00 2.743676e+01 6.000000e-01
      vertex   -2.563976e+00 3.256241e+01 6.000000e-01
      vertex   -2.918181e+00 3.266076e+01 6.000000e-01
    endloop
  endfacet
  facet normal 1.239635e-15 2.338200e-15 1.000000e+00
    outer loop
      vertex   -3.364128e+00 2.743676e+01 6.000000e-01
      vertex   -2.918181e+00 3.266076e+01 6.000000e-01
      vertex   -3.242964e+00 3.283295e+01 6.000000e-01
    endloop
  endfacet
  facet normal 5.420897e-16 2.353862e-15 1.000000e+00
    outer loop
      vertex   -3.364128e+00 2.743676e+01 6.000000e-01
      vertex   -3.242964e+00 3.283295e+01 6.000000e-01
      vertex   -5.410921e+00 2.790813e+01 6.000000e-01
    endloop
  endfacet
  facet normal 1.602778e-15 1.886936e-15 1.000000e+00
    outer loop
      vertex   -5.410921e+00 2.790813e+01 6.000000e-01
      vertex   -3.242964e+00 3.283295e+01 6.000000e-01
      vertex   -3.523139e+00 3.307093e+01 6.000000e-01
    endloop
  endfacet
  facet normal 2.196593e-15 1.669807e-15 1.000000e+00
    outer loop
      vertex   -5.410921e+00 2.790813e+01 6.000000e-01
      vertex   -3.523139e+00 3.307093e+01 6.000000e-01
      vertex   -3.745604e+00 3.336358e+01 6.000000e-01
    endloop
  endfacet
  facet normal 7.895779e-15 -6.991484e-17 1.000000e+00
    outer loop
      vertex   -5.410921e+00 2.790813e+01 6.000000e-01
      vertex   -3.745604e+00 3.336358e+01 6.000000e-01
      vertex   -5.410921e+00 3.425998e+01 6.000000e-01
    endloop
  endfacet
  facet normal 1.056428e-14 4.887558e-15 1.000000e+00
    outer loop
      vertex   -5.410921e+00 3.425998e+01 6.000000e-01
      vertex   -3.745604e+00 3.336358e+01 6.000000e-01
      vertex   -3.899957e+00 3.369721e+01 6.000000e-01
    endloop
  endfacet
  facet normal 9.524741e-15 2.096554e-15 1.000000e+00
    outer loop
      vertex   -5.410921e+00 3.425998e+01 6.000000e-01
      vertex   -3.899957e+00 3.369721e+01 6.000000e-01
      vertex   -3.978981e+00 3.405622e+01 6.000000e-01
    endloop
  endfacet
  facet normal 9.226399e-15 9.128340e-23 1.000000e+00
    outer loop
      vertex   -3.978981e+00 3.405622e+01 6.000000e-01
      vertex   -3.978981e+00 3.442382e+01 6.000000e-01
      vertex   -5.410921e+00 3.425998e+01 6.000000e-01
    endloop
  endfacet
  facet normal 9.322478e-15 -8.397325e-16 1.000000e+00
    outer loop
      vertex   -5.410921e+00 3.425998e+01 6.000000e-01
      vertex   -3.978981e+00 3.442382e+01 6.000000e-01
      vertex   -5.392137e+00 3.460073e+01 6.000000e-01
    endloop
  endfacet
  facet normal 9.234848e-15 -1.539731e-15 1.000000e+00
    outer loop
      vertex   -5.392137e+00 3.460073e+01 6.000000e-01
      vertex   -3.978981e+00 3.442382e+01 6.000000e-01
      vertex   -5.336013e+00 3.493734e+01 6.000000e-01
    endloop
  endfacet
  facet normal 8.869264e-15 -2.505816e-15 1.000000e+00
    outer loop
      vertex   -5.336013e+00 3.493734e+01 6.000000e-01
      vertex   -3.978981e+00 3.442382e+01 6.000000e-01
      vertex   -5.243229e+00 3.526575e+01 6.000000e-01
    endloop
  endfacet
  facet normal 9.190771e-15 -2.023042e-15 1.000000e+00
    outer loop
      vertex   -5.243229e+00 3.526575e+01 6.000000e-01
      vertex   -3.978981e+00 3.442382e+01 6.000000e-01
      vertex   -3.899957e+00 3.478283e+01 6.000000e-01
    endloop
  endfacet
  facet normal 8.401105e-15 -4.219537e-15 1.000000e+00
    outer loop
      vertex   -5.243229e+00 3.526575e+01 6.000000e-01
      vertex   -3.899957e+00 3.478283e+01 6.000000e-01
      vertex   -3.745604e+00 3.511646e+01 6.000000e-01
    endloop
  endfacet
  facet normal 8.200318e-15 -6.233720e-15 1.000000e+00
    outer loop
      vertex   -3.745604e+00 3.511646e+01 6.000000e-01
      vertex   -3.523139e+00 3.540911e+01 6.000000e-01
      vertex   -5.243229e+00 3.526575e+01 6.000000e-01
    endloop
  endfacet
  facet normal 8.516394e-15 -1.002627e-14 1.000000e+00
    outer loop
      vertex   -5.243229e+00 3.526575e+01 6.000000e-01
      vertex   -3.523139e+00 3.540911e+01 6.000000e-01
      vertex   -3.242964e+00 3.564709e+01 6.000000e-01
    endloop
  endfacet
  facet normal 9.025931e-15 -9.816291e-16 1.000000e+00
    outer loop
      vertex   3.182015e+01 4.394533e+00 6.000000e-01
      vertex   3.327583e+01 4.546568e+00 6.000000e-01
      vertex   3.185990e+01 4.759982e+00 6.000000e-01
    endloop
  endfacet
  facet normal 9.197437e-15 1.562581e-16 1.000000e+00
    outer loop
      vertex   3.185990e+01 4.759982e+00 6.000000e-01
      vertex   3.327583e+01 4.546568e+00 6.000000e-01
      vertex   3.326747e+01 5.038454e+00 6.000000e-01
    endloop
  endfacet
  facet normal 9.033975e-15 9.825041e-16 1.000000e+00
    outer loop
      vertex   3.185990e+01 4.759982e+00 6.000000e-01
      vertex   3.326747e+01 5.038454e+00 6.000000e-01
      vertex   3.182015e+01 5.125432e+00 6.000000e-01
    endloop
  endfacet
  facet normal 9.140869e-15 2.761219e-15 1.000000e+00
    outer loop
      vertex   3.182015e+01 5.125432e+00 6.000000e-01
      vertex   3.326747e+01 5.038454e+00 6.000000e-01
      vertex   3.170278e+01 5.473794e+00 6.000000e-01
    endloop
  endfacet
  facet normal 1.005604e-14 6.050518e-15 1.000000e+00
    outer loop
      vertex   3.170278e+01 5.473794e+00 6.000000e-01
      vertex   3.326747e+01 5.038454e+00 6.000000e-01
      vertex   3.151326e+01 5.788778e+00 6.000000e-01
    endloop
  endfacet
  facet normal 1.255484e-14 1.189258e-14 1.000000e+00
    outer loop
      vertex   3.151326e+01 5.788778e+00 6.000000e-01
      vertex   3.326747e+01 5.038454e+00 6.000000e-01
      vertex   3.126045e+01 6.055658e+00 6.000000e-01
    endloop
  endfacet
  facet normal 6.830955e-15 5.989265e-16 1.000000e+00
    outer loop
      vertex   3.126045e+01 6.055658e+00 6.000000e-01
      vertex   3.326747e+01 5.038454e+00 6.000000e-01
      vertex   3.170257e+01 2.121841e+01 6.000000e-01
    endloop
  endfacet
  facet normal 5.306364e-16 7.826302e-16 1.000000e+00
    outer loop
      vertex   3.126045e+01 6.055658e+00 6.000000e-01
      vertex   3.170257e+01 2.121841e+01 6.000000e-01
      vertex   3.095619e+01 6.261953e+00 6.000000e-01
    endloop
  endfacet
  facet normal 3.160942e-16 7.933365e-16 1.000000e+00
    outer loop
      vertex   3.095619e+01 6.261953e+00 6.000000e-01
      vertex   3.170257e+01 2.121841e+01 6.000000e-01
      vertex   3.061470e+01 6.398017e+00 6.000000e-01
    endloop
  endfacet
  facet normal 1.322730e-16 8.068297e-16 1.000000e+00
    outer loop
      vertex   3.061470e+01 6.398017e+00 6.000000e-01
      vertex   3.170257e+01 2.121841e+01 6.000000e-01
      vertex   3.025193e+01 6.457489e+00 6.000000e-01
    endloop
  endfacet
  facet normal -4.468795e-17 8.242206e-16 1.000000e+00
    outer loop
      vertex   3.025193e+01 6.457489e+00 6.000000e-01
      vertex   3.170257e+01 2.121841e+01 6.000000e-01
      vertex   2.988487e+01 6.437587e+00 6.000000e-01
    endloop
  endfacet
  facet normal -2.353539e-16 8.476681e-16 1.000000e+00
    outer loop
      vertex   2.988487e+01 6.437587e+00 6.000000e-01
      vertex   3.170257e+01 2.121841e+01 6.000000e-01
      vertex   2.953066e+01 6.339243e+00 6.000000e-01
    endloop
  endfacet
  facet normal -4.673597e-16 8.815338e-16 1.000000e+00
    outer loop
      vertex   2.953066e+01 6.339243e+00 6.000000e-01
      vertex   3.170257e+01 2.121841e+01 6.000000e-01
      vertex   2.920588e+01 6.167054e+00 6.000000e-01
    endloop
  endfacet
  facet normal -1.478393e-16 8.285325e-16 1.000000e+00
    outer loop
      vertex   2.920588e+01 6.167054e+00 6.000000e-01
      vertex   3.170257e+01 2.121841e+01 6.000000e-01
      vertex   1.764910e+01 1.830878e+01 6.000000e-01
    endloop
  endfacet
  facet normal -4.552360e-16 5.359452e-16 1.000000e+00
    outer loop
      vertex   2.920588e+01 6.167054e+00 6.000000e-01
      vertex   1.764910e+01 1.830878e+01 6.000000e-01
      vertex   2.892571e+01 5.929071e+00 6.000000e-01
    endloop
  endfacet
  facet normal -1.034692e-15 8.122286e-18 1.000000e+00
    outer loop
      vertex   2.892571e+01 5.929071e+00 6.000000e-01
      vertex   1.764910e+01 1.830878e+01 6.000000e-01
      vertex   1.789715e+01 8.900826e+00 6.000000e-01
    endloop
  endfacet
  facet normal -1.249006e-15 -7.872254e-16 1.000000e+00
    outer loop
      vertex   2.892571e+01 5.929071e+00 6.000000e-01
      vertex   1.789715e+01 8.900826e+00 6.000000e-01
      vertex   1.800809e+01 8.583781e+00 6.000000e-01
    endloop
  endfacet
  facet normal 8.593437e-15 -2.895466e-15 1.000000e+00
    outer loop
      vertex   3.170278e+01 4.046171e+00 6.000000e-01
      vertex   3.306054e+01 3.589679e+00 6.000000e-01
      vertex   3.182015e+01 4.394533e+00 6.000000e-01
    endloop
  endfacet
  facet normal 8.717816e-15 -2.703781e-15 1.000000e+00
    outer loop
      vertex   3.182015e+01 4.394533e+00 6.000000e-01
      vertex   3.306054e+01 3.589679e+00 6.000000e-01
      vertex   3.320627e+01 4.059555e+00 6.000000e-01
    endloop
  endfacet
  facet normal 9.058543e-15 -1.293872e-15 1.000000e+00
    outer loop
      vertex   3.182015e+01 4.394533e+00 6.000000e-01
      vertex   3.320627e+01 4.059555e+00 6.000000e-01
      vertex   3.327583e+01 4.546568e+00 6.000000e-01
    endloop
  endfacet
  facet normal 8.010524e-15 -4.819772e-15 1.000000e+00
    outer loop
      vertex   3.151326e+01 3.731186e+00 6.000000e-01
      vertex   3.255709e+01 2.747942e+00 6.000000e-01
      vertex   3.170278e+01 4.046171e+00 6.000000e-01
    endloop
  endfacet
  facet normal 7.165476e-15 -5.375862e-15 1.000000e+00
    outer loop
      vertex   3.170278e+01 4.046171e+00 6.000000e-01
      vertex   3.255709e+01 2.747942e+00 6.000000e-01
      vertex   3.284231e+01 3.148773e+00 6.000000e-01
    endloop
  endfacet
  facet normal 8.202043e-15 -4.059605e-15 1.000000e+00
    outer loop
      vertex   3.170278e+01 4.046171e+00 6.000000e-01
      vertex   3.284231e+01 3.148773e+00 6.000000e-01
      vertex   3.306054e+01 3.589679e+00 6.000000e-01
    endloop
  endfacet
  facet normal 6.513437e-15 -6.409106e-15 1.000000e+00
    outer loop
      vertex   3.255709e+01 2.747942e+00 6.000000e-01
      vertex   3.151326e+01 3.731186e+00 6.000000e-01
      vertex   3.221204e+01 2.397279e+00 6.000000e-01
    endloop
  endfacet
  facet normal 6.676069e-15 -6.323909e-15 1.000000e+00
    outer loop
      vertex   3.221204e+01 2.397279e+00 6.000000e-01
      vertex   3.151326e+01 3.731186e+00 6.000000e-01
      vertex   3.126045e+01 3.464307e+00 6.000000e-01
    endloop
  endfacet
  facet normal 5.456412e-15 -7.411611e-15 1.000000e+00
    outer loop
      vertex   3.221204e+01 2.397279e+00 6.000000e-01
      vertex   3.126045e+01 3.464307e+00 6.000000e-01
      vertex   3.181587e+01 2.105617e+00 6.000000e-01
    endloop
  endfacet
  facet normal 5.118777e-15 -7.549631e-15 1.000000e+00
    outer loop
      vertex   3.181587e+01 2.105617e+00 6.000000e-01
      vertex   3.126045e+01 3.464307e+00 6.000000e-01
      vertex   3.095619e+01 3.258012e+00 6.000000e-01
    endloop
  endfacet
  facet normal 4.230933e-15 -8.211952e-15 1.000000e+00
    outer loop
      vertex   3.181587e+01 2.105617e+00 6.000000e-01
      vertex   3.095619e+01 3.258012e+00 6.000000e-01
      vertex   3.137854e+01 1.880300e+00 6.000000e-01
    endloop
  endfacet
  facet normal 2.833473e-15 -8.640354e-15 1.000000e+00
    outer loop
      vertex   3.137854e+01 1.880300e+00 6.000000e-01
      vertex   3.095619e+01 3.258012e+00 6.000000e-01
      vertex   3.091108e+01 1.727003e+00 6.000000e-01
    endloop
  endfacet
  facet normal 3.449869e-15 -8.658517e-15 1.000000e+00
    outer loop
      vertex   3.091108e+01 1.727003e+00 6.000000e-01
      vertex   3.095619e+01 3.258012e+00 6.000000e-01
      vertex   3.061470e+01 3.121947e+00 6.000000e-01
    endloop
  endfacet
  facet normal 1.447529e-15 -9.083953e-15 1.000000e+00
    outer loop
      vertex   3.091108e+01 1.727003e+00 6.000000e-01
      vertex   3.061470e+01 3.121947e+00 6.000000e-01
      vertex   3.042525e+01 1.649586e+00 6.000000e-01
    endloop
  endfacet
  facet normal 1.490137e-15 -9.089435e-15 1.000000e+00
    outer loop
      vertex   3.042525e+01 1.649586e+00 6.000000e-01
      vertex   3.061470e+01 3.121947e+00 6.000000e-01
      vertex   3.025193e+01 3.062475e+00 6.000000e-01
    endloop
  endfacet
  facet normal 2.179007e-16 -9.245499e-15 1.000000e+00
    outer loop
      vertex   3.042525e+01 1.649586e+00 6.000000e-01
      vertex   3.025193e+01 3.062475e+00 6.000000e-01
      vertex   2.993330e+01 1.650000e+00 6.000000e-01
    endloop
  endfacet
  facet normal -4.925863e-16 -9.085222e-15 1.000000e+00
    outer loop
      vertex   2.993330e+01 1.650000e+00 6.000000e-01
      vertex   3.025193e+01 3.062475e+00 6.000000e-01
      vertex   2.988487e+01 3.082377e+00 6.000000e-01
    endloop
  endfacet
  facet normal -2.541735e-15 -9.154502e-15 1.000000e+00
    outer loop
      vertex   2.993330e+01 1.650000e+00 6.000000e-01
      vertex   2.988487e+01 3.082377e+00 6.000000e-01
      vertex   2.953066e+01 3.180722e+00 6.000000e-01
    endloop
  endfacet
  facet normal -5.228018e-15 -9.861089e-15 1.000000e+00
    outer loop
      vertex   2.953066e+01 3.180722e+00 6.000000e-01
      vertex   2.920588e+01 3.352911e+00 6.000000e-01
      vertex   2.993330e+01 1.650000e+00 6.000000e-01
    endloop
  endfacet
  facet normal -1.016875e-14 -1.197157e-14 1.000000e+00
    outer loop
      vertex   2.993330e+01 1.650000e+00 6.000000e-01
      vertex   2.920588e+01 3.352911e+00 6.000000e-01
      vertex   2.892571e+01 3.590893e+00 6.000000e-01
    endloop
  endfacet
  facet normal -2.776520e-14 -2.110655e-14 1.000000e+00
    outer loop
      vertex   2.993330e+01 1.650000e+00 6.000000e-01
      vertex   2.892571e+01 3.590893e+00 6.000000e-01
      vertex   2.870324e+01 3.883541e+00 6.000000e-01
    endloop
  endfacet
  facet normal -1.173484e-15 -5.429114e-16 1.000000e+00
    outer loop
      vertex   2.854889e+01 4.217170e+00 6.000000e-01
      vertex   1.748093e+01 7.077253e+00 6.000000e-01
      vertex   2.870324e+01 3.883541e+00 6.000000e-01
    endloop
  endfacet
  facet normal -7.013336e-16 1.116166e-15 1.000000e+00
    outer loop
      vertex   2.870324e+01 3.883541e+00 6.000000e-01
      vertex   1.748093e+01 7.077253e+00 6.000000e-01
      vertex   1.719652e+01 6.898547e+00 6.000000e-01
    endloop
  endfacet
  facet normal -2.942190e-15 -7.436026e-15 1.000000e+00
    outer loop
      vertex   2.870324e+01 3.883541e+00 6.000000e-01
      vertex   1.719652e+01 6.898547e+00 6.000000e-01
      vertex   2.993330e+01 1.650000e+00 6.000000e-01
    endloop
  endfacet
  facet normal 5.603900e-17 -1.601502e-16 1.000000e+00
    outer loop
      vertex   2.993330e+01 1.650000e+00 6.000000e-01
      vertex   1.719652e+01 6.898547e+00 6.000000e-01
      vertex   1.687948e+01 6.787608e+00 6.000000e-01
    endloop
  endfacet
  facet normal 3.206130e-17 -2.210736e-16 1.000000e+00
    outer loop
      vertex   2.993330e+01 1.650000e+00 6.000000e-01
      vertex   1.687948e+01 6.787608e+00 6.000000e-01
      vertex   9.156419e+00 1.650000e+00 6.000000e-01
    endloop
  endfacet
  facet normal 2.345058e-17 -2.081297e-16 1.000000e+00
    outer loop
      vertex   9.156419e+00 1.650000e+00 6.000000e-01
      vertex   1.687948e+01 6.787608e+00 6.000000e-01
      vertex   1.654569e+01 6.750000e+00 6.000000e-01
    endloop
  endfacet
  facet normal -1.686852e-17 -1.497122e-16 1.000000e+00
    outer loop
      vertex   9.156419e+00 1.650000e+00 6.000000e-01
      vertex   1.654569e+01 6.750000e+00 6.000000e-01
      vertex   1.621191e+01 6.787608e+00 6.000000e-01
    endloop
  endfacet
  facet normal -8.210269e-16 8.210269e-16 1.000000e+00
    outer loop
      vertex   1.748093e+01 7.077253e+00 6.000000e-01
      vertex   2.854889e+01 4.217170e+00 6.000000e-01
      vertex   1.771844e+01 7.314765e+00 6.000000e-01
    endloop
  endfacet
  facet normal -1.126784e-15 -2.480240e-16 1.000000e+00
    outer loop
      vertex   1.771844e+01 7.314765e+00 6.000000e-01
      vertex   2.854889e+01 4.217170e+00 6.000000e-01
      vertex   2.846986e+01 4.576180e+00 6.000000e-01
    endloop
  endfacet
  facet normal -9.168637e-16 5.761036e-16 1.000000e+00
    outer loop
      vertex   1.771844e+01 7.314765e+00 6.000000e-01
      vertex   2.846986e+01 4.576180e+00 6.000000e-01
      vertex   1.789715e+01 7.599174e+00 6.000000e-01
    endloop
  endfacet
  facet normal -1.081586e-15 -1.070089e-23 1.000000e+00
    outer loop
      vertex   1.789715e+01 7.599174e+00 6.000000e-01
      vertex   2.846986e+01 4.576180e+00 6.000000e-01
      vertex   2.846986e+01 4.943785e+00 6.000000e-01
    endloop
  endfacet
  facet normal -9.942114e-16 3.478896e-16 1.000000e+00
    outer loop
      vertex   1.789715e+01 7.599174e+00 6.000000e-01
      vertex   2.846986e+01 4.943785e+00 6.000000e-01
      vertex   1.800809e+01 7.916219e+00 6.000000e-01
    endloop
  endfacet
  facet normal -1.028719e-15 2.264381e-16 1.000000e+00
    outer loop
      vertex   1.800809e+01 7.916219e+00 6.000000e-01
      vertex   2.846986e+01 4.943785e+00 6.000000e-01
      vertex   2.854889e+01 5.302795e+00 6.000000e-01
    endloop
  endfacet
  facet normal -1.055378e-15 1.189125e-16 1.000000e+00
    outer loop
      vertex   1.800809e+01 7.916219e+00 6.000000e-01
      vertex   2.854889e+01 5.302795e+00 6.000000e-01
      vertex   1.804569e+01 8.250000e+00 6.000000e-01
    endloop
  endfacet
  facet normal -1.046292e-15 1.512942e-16 1.000000e+00
    outer loop
      vertex   1.804569e+01 8.250000e+00 6.000000e-01
      vertex   2.854889e+01 5.302795e+00 6.000000e-01
      vertex   2.870324e+01 5.636424e+00 6.000000e-01
    endloop
  endfacet
  facet normal -1.114180e-15 -1.255379e-16 1.000000e+00
    outer loop
      vertex   1.804569e+01 8.250000e+00 6.000000e-01
      vertex   2.870324e+01 5.636424e+00 6.000000e-01
      vertex   1.800809e+01 8.583781e+00 6.000000e-01
    endloop
  endfacet
  facet normal -8.925949e-16 6.785330e-16 1.000000e+00
    outer loop
      vertex   1.800809e+01 8.583781e+00 6.000000e-01
      vertex   2.870324e+01 5.636424e+00 6.000000e-01
      vertex   2.892571e+01 5.929071e+00 6.000000e-01
    endloop
  endfacet
  facet normal -1.567287e-16 4.235822e-17 1.000000e+00
    outer loop
      vertex   9.156419e+00 1.650000e+00 6.000000e-01
      vertex   1.621191e+01 6.787608e+00 6.000000e-01
      vertex   1.083626e+01 5.244517e+00 6.000000e-01
    endloop
  endfacet
  facet normal -7.941874e-17 -2.269657e-16 1.000000e+00
    outer loop
      vertex   1.083626e+01 5.244517e+00 6.000000e-01
      vertex   1.621191e+01 6.787608e+00 6.000000e-01
      vertex   1.589487e+01 6.898547e+00 6.000000e-01
    endloop
  endfacet
  facet normal -2.030470e-16 1.511331e-16 1.000000e+00
    outer loop
      vertex   1.083626e+01 5.244517e+00 6.000000e-01
      vertex   1.589487e+01 6.898547e+00 6.000000e-01
      vertex   1.144912e+01 6.067893e+00 6.000000e-01
    endloop
  endfacet
  facet normal -1.347422e-16 -2.144410e-16 1.000000e+00
    outer loop
      vertex   1.144912e+01 6.067893e+00 6.000000e-01
      vertex   1.589487e+01 6.898547e+00 6.000000e-01
      vertex   1.561046e+01 7.077253e+00 6.000000e-01
    endloop
  endfacet
  facet normal -2.207797e-16 1.402700e-16 1.000000e+00
    outer loop
      vertex   1.144912e+01 6.067893e+00 6.000000e-01
      vertex   1.561046e+01 7.077253e+00 6.000000e-01
      vertex   1.199955e+01 6.934249e+00 6.000000e-01
    endloop
  endfacet
  facet normal -2.070256e-16 -2.070256e-16 1.000000e+00
    outer loop
      vertex   1.199955e+01 6.934249e+00 6.000000e-01
      vertex   1.561046e+01 7.077253e+00 6.000000e-01
      vertex   1.537295e+01 7.314765e+00 6.000000e-01
    endloop
  endfacet
  facet normal -2.151303e-16 -1.351753e-16 1.000000e+00
    outer loop
      vertex   1.199955e+01 6.934249e+00 6.000000e-01
      vertex   1.537295e+01 7.314765e+00 6.000000e-01
      vertex   1.519424e+01 7.599174e+00 6.000000e-01
    endloop
  endfacet
  facet normal -2.738204e-16 1.468059e-16 1.000000e+00
    outer loop
      vertex   1.199955e+01 6.934249e+00 6.000000e-01
      vertex   1.519424e+01 7.599174e+00 6.000000e-01
      vertex   1.248455e+01 7.838860e+00 6.000000e-01
    endloop
  endfacet
  facet normal -2.959668e-16 -1.035633e-16 1.000000e+00
    outer loop
      vertex   1.248455e+01 7.838860e+00 6.000000e-01
      vertex   1.519424e+01 7.599174e+00 6.000000e-01
      vertex   1.508330e+01 7.916219e+00 6.000000e-01
    endloop
  endfacet
  facet normal -2.994889e-16 1.475693e-17 1.000000e+00
    outer loop
      vertex   1.248455e+01 7.838860e+00 6.000000e-01
      vertex   1.508330e+01 7.916219e+00 6.000000e-01
      vertex   1.290147e+01 8.776794e+00 6.000000e-01
    endloop
  endfacet
  facet normal -3.195088e-16 -3.600000e-17 1.000000e+00
    outer loop
      vertex   1.290147e+01 8.776794e+00 6.000000e-01
      vertex   1.508330e+01 7.916219e+00 6.000000e-01
      vertex   1.504569e+01 8.250000e+00 6.000000e-01
    endloop
  endfacet
  facet normal -3.022963e-16 3.406061e-17 1.000000e+00
    outer loop
      vertex   1.290147e+01 8.776794e+00 6.000000e-01
      vertex   1.504569e+01 8.250000e+00 6.000000e-01
      vertex   1.508330e+01 8.583781e+00 6.000000e-01
    endloop
  endfacet
  facet normal -3.057719e-16 -5.227407e-18 1.000000e+00
    outer loop
      vertex   1.290147e+01 8.776794e+00 6.000000e-01
      vertex   1.508330e+01 8.583781e+00 6.000000e-01
      vertex   1.324804e+01 9.742938e+00 6.000000e-01
    endloop
  endfacet
  facet normal -4.288627e-16 -2.001137e-16 1.000000e+00
    outer loop
      vertex   1.324804e+01 9.742938e+00 6.000000e-01
      vertex   1.508330e+01 8.583781e+00 6.000000e-01
      vertex   1.519424e+01 8.900826e+00 6.000000e-01
    endloop
  endfacet
  facet normal -3.055987e-16 8.476083e-17 1.000000e+00
    outer loop
      vertex   1.324804e+01 9.742938e+00 6.000000e-01
      vertex   1.519424e+01 8.900826e+00 6.000000e-01
      vertex   1.352237e+01 1.073202e+01 6.000000e-01
    endloop
  endfacet
  facet normal -2.360099e-16 1.482948e-16 1.000000e+00
    outer loop
      vertex   1.352237e+01 1.073202e+01 6.000000e-01
      vertex   1.519424e+01 8.900826e+00 6.000000e-01
      vertex   1.537295e+01 9.185235e+00 6.000000e-01
    endloop
  endfacet
  facet normal -1.960740e-16 1.960740e-16 1.000000e+00
    outer loop
      vertex   1.352237e+01 1.073202e+01 6.000000e-01
      vertex   1.537295e+01 9.185235e+00 6.000000e-01
      vertex   1.561046e+01 9.422747e+00 6.000000e-01
    endloop
  endfacet
  facet normal -2.835829e-16 5.651110e-17 1.000000e+00
    outer loop
      vertex   1.352237e+01 1.073202e+01 6.000000e-01
      vertex   1.561046e+01 9.422747e+00 6.000000e-01
      vertex   1.372297e+01 1.173865e+01 6.000000e-01
    endloop
  endfacet
  facet normal -1.195238e-16 1.902211e-16 1.000000e+00
    outer loop
      vertex   1.372297e+01 1.173865e+01 6.000000e-01
      vertex   1.561046e+01 9.422747e+00 6.000000e-01
      vertex   1.589487e+01 9.601453e+00 6.000000e-01
    endloop
  endfacet
  facet normal -8.045425e-17 2.299250e-16 1.000000e+00
    outer loop
      vertex   1.372297e+01 1.173865e+01 6.000000e-01
      vertex   1.589487e+01 9.601453e+00 6.000000e-01
      vertex   1.621191e+01 9.712392e+00 6.000000e-01
    endloop
  endfacet
  facet normal -3.238164e-16 -6.900707e-17 1.000000e+00
    outer loop
      vertex   1.372297e+01 1.173865e+01 6.000000e-01
      vertex   1.621191e+01 9.712392e+00 6.000000e-01
      vertex   1.384874e+01 1.275734e+01 6.000000e-01
    endloop
  endfacet
  facet normal -1.888915e-17 1.676459e-16 1.000000e+00
    outer loop
      vertex   1.384874e+01 1.275734e+01 6.000000e-01
      vertex   1.621191e+01 9.712392e+00 6.000000e-01
      vertex   1.654569e+01 9.750000e+00 6.000000e-01
    endloop
  endfacet
  facet normal -1.769527e-16 2.589596e-17 1.000000e+00
    outer loop
      vertex   1.384874e+01 1.275734e+01 6.000000e-01
      vertex   1.654569e+01 9.750000e+00 6.000000e-01
      vertex   1.557227e+01 1.596010e+01 6.000000e-01
    endloop
  endfacet
  facet normal 1.899260e-16 8.340384e-17 1.000000e+00
    outer loop
      vertex   1.557227e+01 1.596010e+01 6.000000e-01
      vertex   1.654569e+01 9.750000e+00 6.000000e-01
      vertex   1.604328e+01 1.621866e+01 6.000000e-01
    endloop
  endfacet
  facet normal 7.803558e-18 6.925850e-17 1.000000e+00
    outer loop
      vertex   1.604328e+01 1.621866e+01 6.000000e-01
      vertex   1.654569e+01 9.750000e+00 6.000000e-01
      vertex   1.687948e+01 9.712392e+00 6.000000e-01
    endloop
  endfacet
  facet normal -4.637458e-17 6.229541e-17 1.000000e+00
    outer loop
      vertex   1.604328e+01 1.621866e+01 6.000000e-01
      vertex   1.687948e+01 9.712392e+00 6.000000e-01
      vertex   1.647428e+01 1.653951e+01 6.000000e-01
    endloop
  endfacet
  facet normal 2.324394e-17 6.642736e-17 1.000000e+00
    outer loop
      vertex   1.647428e+01 1.653951e+01 6.000000e-01
      vertex   1.687948e+01 9.712392e+00 6.000000e-01
      vertex   1.719652e+01 9.601453e+00 6.000000e-01
    endloop
  endfacet
  facet normal -3.202290e-16 3.067231e-17 1.000000e+00
    outer loop
      vertex   1.647428e+01 1.653951e+01 6.000000e-01
      vertex   1.719652e+01 9.601453e+00 6.000000e-01
      vertex   1.685709e+01 1.691656e+01 6.000000e-01
    endloop
  endfacet
  facet normal 2.946846e-17 4.689878e-17 1.000000e+00
    outer loop
      vertex   1.685709e+01 1.691656e+01 6.000000e-01
      vertex   1.719652e+01 9.601453e+00 6.000000e-01
      vertex   1.748093e+01 9.422747e+00 6.000000e-01
    endloop
  endfacet
  facet normal -5.219442e-17 4.010056e-17 1.000000e+00
    outer loop
      vertex   1.685709e+01 1.691656e+01 6.000000e-01
      vertex   1.748093e+01 9.422747e+00 6.000000e-01
      vertex   1.718444e+01 1.734264e+01 6.000000e-01
    endloop
  endfacet
  facet normal 4.369005e-17 4.369005e-17 1.000000e+00
    outer loop
      vertex   1.718444e+01 1.734264e+01 6.000000e-01
      vertex   1.748093e+01 9.422747e+00 6.000000e-01
      vertex   1.771844e+01 9.185235e+00 6.000000e-01
    endloop
  endfacet
  facet normal -6.436584e-17 3.661651e-17 1.000000e+00
    outer loop
      vertex   1.718444e+01 1.734264e+01 6.000000e-01
      vertex   1.771844e+01 9.185235e+00 6.000000e-01
      vertex   1.745013e+01 1.780967e+01 6.000000e-01
    endloop
  endfacet
  facet normal 6.466343e-17 4.063073e-17 1.000000e+00
    outer loop
      vertex   1.745013e+01 1.780967e+01 6.000000e-01
      vertex   1.771844e+01 9.185235e+00 6.000000e-01
      vertex   1.789715e+01 8.900826e+00 6.000000e-01
    endloop
  endfacet
  facet normal -8.329742e-17 3.320648e-17 1.000000e+00
    outer loop
      vertex   1.745013e+01 1.780967e+01 6.000000e-01
      vertex   1.789715e+01 8.900826e+00 6.000000e-01
      vertex   1.764910e+01 1.830878e+01 6.000000e-01
    endloop
  endfacet
  facet normal -4.300494e-17 -3.984994e-18 1.000000e+00
    outer loop
      vertex   1.154855e+01 3.418261e+01 6.000000e-01
      vertex   1.158771e+01 3.375998e+01 6.000000e-01
      vertex   2.418538e+01 3.710998e+01 6.000000e-01
    endloop
  endfacet
  facet normal -4.517788e-17 4.186347e-18 1.000000e+00
    outer loop
      vertex   2.418538e+01 3.710998e+01 6.000000e-01
      vertex   1.158771e+01 3.375998e+01 6.000000e-01
      vertex   1.154855e+01 3.333736e+01 6.000000e-01
    endloop
  endfacet
  facet normal -4.197934e-17 -6.527524e-18 1.000000e+00
    outer loop
      vertex   2.418538e+01 3.710998e+01 6.000000e-01
      vertex   1.154855e+01 3.333736e+01 6.000000e-01
      vertex   1.581337e+01 2.291812e+01 6.000000e-01
    endloop
  endfacet
  facet normal 2.869702e-16 1.281185e-16 1.000000e+00
    outer loop
      vertex   1.581337e+01 2.291812e+01 6.000000e-01
      vertex   1.154855e+01 3.333736e+01 6.000000e-01
      vertex   1.532574e+01 2.314378e+01 6.000000e-01
    endloop
  endfacet
  facet normal -3.325260e-17 9.461181e-18 1.000000e+00
    outer loop
      vertex   1.532574e+01 2.314378e+01 6.000000e-01
      vertex   1.154855e+01 3.333736e+01 6.000000e-01
      vertex   1.143240e+01 3.292913e+01 6.000000e-01
    endloop
  endfacet
  facet normal 7.861274e-18 2.581936e-17 1.000000e+00
    outer loop
      vertex   1.532574e+01 2.314378e+01 6.000000e-01
      vertex   1.143240e+01 3.292913e+01 6.000000e-01
      vertex   1.481172e+01 2.330029e+01 6.000000e-01
    endloop
  endfacet
  facet normal -2.716502e-17 1.352657e-17 1.000000e+00
    outer loop
      vertex   1.481172e+01 2.330029e+01 6.000000e-01
      vertex   1.143240e+01 3.292913e+01 6.000000e-01
      vertex   1.124321e+01 3.254919e+01 6.000000e-01
    endloop
  endfacet
  facet normal 4.066493e-18 2.557666e-17 1.000000e+00
    outer loop
      vertex   1.481172e+01 2.330029e+01 6.000000e-01
      vertex   1.124321e+01 3.254919e+01 6.000000e-01
      vertex   1.428108e+01 2.338466e+01 6.000000e-01
    endloop
  endfacet
  facet normal -2.229678e-17 1.683775e-17 1.000000e+00
    outer loop
      vertex   1.428108e+01 2.338466e+01 6.000000e-01
      vertex   1.124321e+01 3.254919e+01 6.000000e-01
      vertex   1.098743e+01 3.221048e+01 6.000000e-01
    endloop
  endfacet
  facet normal 5.016748e-19 2.534573e-17 1.000000e+00
    outer loop
      vertex   1.428108e+01 2.338466e+01 6.000000e-01
      vertex   1.098743e+01 3.221048e+01 6.000000e-01
      vertex   1.374387e+01 2.339529e+01 6.000000e-01
    endloop
  endfacet
  facet normal -1.786901e-17 1.960137e-17 1.000000e+00
    outer loop
      vertex   1.374387e+01 2.339529e+01 6.000000e-01
      vertex   1.098743e+01 3.221048e+01 6.000000e-01
      vertex   1.067377e+01 3.192454e+01 6.000000e-01
    endloop
  endfacet
  facet normal -2.962176e-18 2.496707e-17 1.000000e+00
    outer loop
      vertex   1.374387e+01 2.339529e+01 6.000000e-01
      vertex   1.067377e+01 3.192454e+01 6.000000e-01
      vertex   1.321030e+01 2.333199e+01 6.000000e-01
    endloop
  endfacet
  facet normal -6.278063e-18 2.398822e-17 1.000000e+00
    outer loop
      vertex   1.321030e+01 2.333199e+01 6.000000e-01
      vertex   1.067377e+01 3.192454e+01 6.000000e-01
      vertex   1.269049e+01 2.319594e+01 6.000000e-01
    endloop
  endfacet
  facet normal -2.829341e-16 -3.993230e-17 1.000000e+00
    outer loop
      vertex   1.269049e+01 2.319594e+01 6.000000e-01
      vertex   1.067377e+01 3.192454e+01 6.000000e-01
      vertex   1.031291e+01 3.170111e+01 6.000000e-01
    endloop
  endfacet
  facet normal -1.561888e-15 -1.447302e-16 1.000000e+00
    outer loop
      vertex   7.026875e+00 3.333736e+01 6.000000e-01
      vertex   6.987713e+00 3.375998e+01 6.000000e-01
      vertex   -6.286914e-01 3.387457e+01 6.000000e-01
    endloop
  endfacet
  facet normal 1.999574e-16 -1.852878e-17 1.000000e+00
    outer loop
      vertex   6.987713e+00 3.375998e+01 6.000000e-01
      vertex   7.026875e+00 3.418261e+01 6.000000e-01
      vertex   6.353787e-01 3.710998e+01 6.000000e-01
    endloop
  endfacet
  facet normal 7.421256e-17 -2.930742e-16 1.000000e+00
    outer loop
      vertex   6.353787e-01 3.710998e+01 6.000000e-01
      vertex   7.026875e+00 3.418261e+01 6.000000e-01
      vertex   7.143027e+00 3.459084e+01 6.000000e-01
    endloop
  endfacet
  facet normal 1.573357e-16 -7.834389e-17 1.000000e+00
    outer loop
      vertex   6.353787e-01 3.710998e+01 6.000000e-01
      vertex   7.143027e+00 3.459084e+01 6.000000e-01
      vertex   7.332214e+00 3.497078e+01 6.000000e-01
    endloop
  endfacet
  facet normal 1.469205e-16 -1.109492e-16 1.000000e+00
    outer loop
      vertex   7.332214e+00 3.497078e+01 6.000000e-01
      vertex   7.587993e+00 3.530948e+01 6.000000e-01
      vertex   6.353787e-01 3.710998e+01 6.000000e-01
    endloop
  endfacet
  facet normal 1.367933e-16 -1.500551e-16 1.000000e+00
    outer loop
      vertex   6.353787e-01 3.710998e+01 6.000000e-01
      vertex   7.587993e+00 3.530948e+01 6.000000e-01
      vertex   7.901654e+00 3.559542e+01 6.000000e-01
    endloop
  endfacet
  facet normal 4.825604e-17 -5.748227e-16 1.000000e+00
    outer loop
      vertex   6.353787e-01 3.710998e+01 6.000000e-01
      vertex   7.901654e+00 3.559542e+01 6.000000e-01
      vertex   8.262515e+00 3.581886e+01 6.000000e-01
    endloop
  endfacet
  facet normal 1.012985e-16 -2.614816e-16 1.000000e+00
    outer loop
      vertex   8.262515e+00 3.581886e+01 6.000000e-01
      vertex   8.658289e+00 3.597218e+01 6.000000e-01
      vertex   6.353787e-01 3.710998e+01 6.000000e-01
    endloop
  endfacet
  facet normal 7.868561e-17 -4.209308e-16 1.000000e+00
    outer loop
      vertex   6.353787e-01 3.710998e+01 6.000000e-01
      vertex   8.658289e+00 3.597218e+01 6.000000e-01
      vertex   9.075496e+00 3.605017e+01 6.000000e-01
    endloop
  endfacet
  facet normal 0.000000e+00 -1.047567e-15 1.000000e+00
    outer loop
      vertex   6.353787e-01 3.710998e+01 6.000000e-01
      vertex   9.075496e+00 3.605017e+01 6.000000e-01
      vertex   9.499931e+00 3.605017e+01 6.000000e-01
    endloop
  endfacet
  facet normal 3.300026e-17 -7.715434e-16 1.000000e+00
    outer loop
      vertex   6.353787e-01 3.710998e+01 6.000000e-01
      vertex   9.499931e+00 3.605017e+01 6.000000e-01
      vertex   2.418538e+01 3.710998e+01 6.000000e-01
    endloop
  endfacet
  facet normal -1.636295e-17 -8.753407e-17 1.000000e+00
    outer loop
      vertex   2.418538e+01 3.710998e+01 6.000000e-01
      vertex   9.499931e+00 3.605017e+01 6.000000e-01
      vertex   9.917138e+00 3.597218e+01 6.000000e-01
    endloop
  endfacet
  facet normal -1.935845e-17 -4.996993e-17 1.000000e+00
    outer loop
      vertex   2.418538e+01 3.710998e+01 6.000000e-01
      vertex   9.917138e+00 3.597218e+01 6.000000e-01
      vertex   1.031291e+01 3.581886e+01 6.000000e-01
    endloop
  endfacet
  facet normal 1.933081e-17 -4.656662e-16 1.000000e+00
    outer loop
      vertex   1.031291e+01 3.581886e+01 6.000000e-01
      vertex   1.067377e+01 3.559542e+01 6.000000e-01
      vertex   2.418538e+01 3.710998e+01 6.000000e-01
    endloop
  endfacet
  facet normal -2.926839e-17 -3.210589e-17 1.000000e+00
    outer loop
      vertex   2.418538e+01 3.710998e+01 6.000000e-01
      vertex   1.067377e+01 3.559542e+01 6.000000e-01
      vertex   1.098743e+01 3.530948e+01 6.000000e-01
    endloop
  endfacet
  facet normal -3.050562e-17 -2.303678e-17 1.000000e+00
    outer loop
      vertex   2.418538e+01 3.710998e+01 6.000000e-01
      vertex   1.098743e+01 3.530948e+01 6.000000e-01
      vertex   1.124321e+01 3.497078e+01 6.000000e-01
    endloop
  endfacet
  facet normal -3.170398e-17 -1.578671e-17 1.000000e+00
    outer loop
      vertex   1.124321e+01 3.497078e+01 6.000000e-01
      vertex   1.143240e+01 3.459084e+01 6.000000e-01
      vertex   2.418538e+01 3.710998e+01 6.000000e-01
    endloop
  endfacet
  facet normal 1.789303e-17 -2.668679e-16 1.000000e+00
    outer loop
      vertex   2.418538e+01 3.710998e+01 6.000000e-01
      vertex   1.143240e+01 3.459084e+01 6.000000e-01
      vertex   1.154855e+01 3.418261e+01 6.000000e-01
    endloop
  endfacet
  facet normal -2.909204e-14 3.830040e-15 1.000000e+00
    outer loop
      vertex   -4.202881e-01 4.352705e+01 6.000000e-01
      vertex   6.353787e-01 3.710998e+01 6.000000e-01
      vertex   -3.896213e-01 4.375998e+01 6.000000e-01
    endloop
  endfacet
  facet normal -5.431316e-14 -5.742533e-17 1.000000e+00
    outer loop
      vertex   -3.896213e-01 4.375998e+01 6.000000e-01
      vertex   6.353787e-01 3.710998e+01 6.000000e-01
      vertex   6.353787e-01 4.870998e+01 6.000000e-01
    endloop
  endfacet
  facet normal -3.337264e-14 -4.393592e-15 1.000000e+00
    outer loop
      vertex   -3.896213e-01 4.375998e+01 6.000000e-01
      vertex   6.353787e-01 4.870998e+01 6.000000e-01
      vertex   -4.202881e-01 4.399292e+01 6.000000e-01
    endloop
  endfacet
  facet normal -1.859263e-14 -7.701321e-15 1.000000e+00
    outer loop
      vertex   -4.202881e-01 4.399292e+01 6.000000e-01
      vertex   6.353787e-01 4.870998e+01 6.000000e-01
      vertex   -5.101984e-01 4.420998e+01 6.000000e-01
    endloop
  endfacet
  facet normal -1.158516e-14 -9.485232e-15 1.000000e+00
    outer loop
      vertex   -5.101984e-01 4.420998e+01 6.000000e-01
      vertex   6.353787e-01 4.870998e+01 6.000000e-01
      vertex   -6.532252e-01 4.439638e+01 6.000000e-01
    endloop
  endfacet
  facet normal -8.565971e-15 -1.038716e-14 1.000000e+00
    outer loop
      vertex   -6.532252e-01 4.439638e+01 6.000000e-01
      vertex   6.353787e-01 4.870998e+01 6.000000e-01
      vertex   -8.396213e-01 4.453941e+01 6.000000e-01
    endloop
  endfacet
  facet normal -4.847269e-15 -1.170234e-14 1.000000e+00
    outer loop
      vertex   -8.396213e-01 4.453941e+01 6.000000e-01
      vertex   6.353787e-01 4.870998e+01 6.000000e-01
      vertex   -1.056684e+00 4.462932e+01 6.000000e-01
    endloop
  endfacet
  facet normal -9.693030e-15 -9.693030e-15 1.000000e+00
    outer loop
      vertex   -1.056684e+00 4.462932e+01 6.000000e-01
      vertex   6.353787e-01 4.870998e+01 6.000000e-01
      vertex   3.537870e-02 4.930998e+01 6.000000e-01
    endloop
  endfacet
  facet normal -1.526944e-15 -1.159829e-14 1.000000e+00
    outer loop
      vertex   -1.056684e+00 4.462932e+01 6.000000e-01
      vertex   3.537870e-02 4.930998e+01 6.000000e-01
      vertex   -1.289621e+00 4.465998e+01 6.000000e-01
    endloop
  endfacet
  facet normal 8.886746e-17 -1.205871e-14 1.000000e+00
    outer loop
      vertex   -1.289621e+00 4.465998e+01 6.000000e-01
      vertex   3.537870e-02 4.930998e+01 6.000000e-01
      vertex   -2.463225e+00 4.930998e+01 6.000000e-01
    endloop
  endfacet
  facet normal 1.539363e-15 -1.169262e-14 1.000000e+00
    outer loop
      vertex   -1.289621e+00 4.465998e+01 6.000000e-01
      vertex   -2.463225e+00 4.930998e+01 6.000000e-01
      vertex   -1.522558e+00 4.462932e+01 6.000000e-01
    endloop
  endfacet
  facet normal 8.565426e-15 -1.028060e-14 1.000000e+00
    outer loop
      vertex   -1.522558e+00 4.462932e+01 6.000000e-01
      vertex   -2.463225e+00 4.930998e+01 6.000000e-01
      vertex   -3.055544e+00 4.880568e+01 6.000000e-01
    endloop
  endfacet
  facet normal 4.826794e-15 -1.165291e-14 1.000000e+00
    outer loop
      vertex   -1.522558e+00 4.462932e+01 6.000000e-01
      vertex   -3.055544e+00 4.880568e+01 6.000000e-01
      vertex   -1.739621e+00 4.453941e+01 6.000000e-01
    endloop
  endfacet
  facet normal 7.672456e-15 -1.077517e-14 1.000000e+00
    outer loop
      vertex   -1.739621e+00 4.453941e+01 6.000000e-01
      vertex   -3.055544e+00 4.880568e+01 6.000000e-01
      vertex   -1.926017e+00 4.439638e+01 6.000000e-01
    endloop
  endfacet
  facet normal 1.244814e-14 -9.551793e-15 1.000000e+00
    outer loop
      vertex   -1.926017e+00 4.439638e+01 6.000000e-01
      vertex   -3.055544e+00 4.880568e+01 6.000000e-01
      vertex   -2.069044e+00 4.420998e+01 6.000000e-01
    endloop
  endfacet
  facet normal 1.943782e-14 -8.051410e-15 1.000000e+00
    outer loop
      vertex   -2.069044e+00 4.420998e+01 6.000000e-01
      vertex   -3.055544e+00 4.880568e+01 6.000000e-01
      vertex   -2.158955e+00 4.399292e+01 6.000000e-01
    endloop
  endfacet
  facet normal 3.671234e-14 -4.833271e-15 1.000000e+00
    outer loop
      vertex   -2.158955e+00 4.399292e+01 6.000000e-01
      vertex   -3.055544e+00 4.880568e+01 6.000000e-01
      vertex   -2.189621e+00 4.375998e+01 6.000000e-01
    endloop
  endfacet
  facet normal 3.326792e-14 -5.424389e-15 1.000000e+00
    outer loop
      vertex   -2.189621e+00 4.375998e+01 6.000000e-01
      vertex   -3.055544e+00 4.880568e+01 6.000000e-01
      vertex   -5.243229e+00 3.526575e+01 6.000000e-01
    endloop
  endfacet
  facet normal -1.488787e-14 6.166758e-15 1.000000e+00
    outer loop
      vertex   -4.202881e-01 4.352705e+01 6.000000e-01
      vertex   -5.101984e-01 4.330998e+01 6.000000e-01
      vertex   6.353787e-01 3.710998e+01 6.000000e-01
    endloop
  endfacet
  facet normal -9.991859e-15 7.071397e-15 1.000000e+00
    outer loop
      vertex   6.353787e-01 3.710998e+01 6.000000e-01
      vertex   -5.101984e-01 4.330998e+01 6.000000e-01
      vertex   -6.532252e-01 4.312359e+01 6.000000e-01
    endloop
  endfacet
  facet normal -6.070791e-15 7.911609e-15 1.000000e+00
    outer loop
      vertex   6.353787e-01 3.710998e+01 6.000000e-01
      vertex   -6.532252e-01 4.312359e+01 6.000000e-01
      vertex   -8.396213e-01 4.298056e+01 6.000000e-01
    endloop
  endfacet
  facet normal -3.540436e-15 8.547368e-15 1.000000e+00
    outer loop
      vertex   -8.396213e-01 4.298056e+01 6.000000e-01
      vertex   -1.056684e+00 4.289065e+01 6.000000e-01
      vertex   6.353787e-01 3.710998e+01 6.000000e-01
    endloop
  endfacet
  facet normal -1.214899e-15 9.228078e-15 1.000000e+00
    outer loop
      vertex   6.353787e-01 3.710998e+01 6.000000e-01
      vertex   -1.056684e+00 4.289065e+01 6.000000e-01
      vertex   -1.289621e+00 4.285998e+01 6.000000e-01
    endloop
  endfacet
  facet normal -7.029112e-15 9.254002e-16 1.000000e+00
    outer loop
      vertex   2.697971e+01 4.352705e+01 6.000000e-01
      vertex   3.161313e+01 2.197453e+01 6.000000e-01
      vertex   2.701038e+01 4.375998e+01 6.000000e-01
    endloop
  endfacet
  facet normal -3.466703e-14 -4.913842e-15 1.000000e+00
    outer loop
      vertex   2.701038e+01 4.375998e+01 6.000000e-01
      vertex   3.161313e+01 2.197453e+01 6.000000e-01
      vertex   2.785979e+01 4.879314e+01 6.000000e-01
    endloop
  endfacet
  facet normal -3.583155e-14 -4.717313e-15 1.000000e+00
    outer loop
      vertex   2.701038e+01 4.375998e+01 6.000000e-01
      vertex   2.785979e+01 4.879314e+01 6.000000e-01
      vertex   2.697971e+01 4.399292e+01 6.000000e-01
    endloop
  endfacet
  facet normal -1.888819e-14 -7.823743e-15 1.000000e+00
    outer loop
      vertex   2.697971e+01 4.399292e+01 6.000000e-01
      vertex   2.785979e+01 4.879314e+01 6.000000e-01
      vertex   2.688980e+01 4.420998e+01 6.000000e-01
    endloop
  endfacet
  facet normal -1.146682e-14 -9.394423e-15 1.000000e+00
    outer loop
      vertex   2.688980e+01 4.420998e+01 6.000000e-01
      vertex   2.785979e+01 4.879314e+01 6.000000e-01
      vertex   2.674677e+01 4.439638e+01 6.000000e-01
    endloop
  endfacet
  facet normal -7.901198e-15 -1.029704e-14 1.000000e+00
    outer loop
      vertex   2.674677e+01 4.439638e+01 6.000000e-01
      vertex   2.785979e+01 4.879314e+01 6.000000e-01
      vertex   2.656038e+01 4.453941e+01 6.000000e-01
    endloop
  endfacet
  facet normal -4.673573e-15 -1.128300e-14 1.000000e+00
    outer loop
      vertex   2.656038e+01 4.453941e+01 6.000000e-01
      vertex   2.785979e+01 4.879314e+01 6.000000e-01
      vertex   2.634332e+01 4.462932e+01 6.000000e-01
    endloop
  endfacet
  facet normal -1.631307e-15 -1.239101e-14 1.000000e+00
    outer loop
      vertex   2.634332e+01 4.462932e+01 6.000000e-01
      vertex   2.785979e+01 4.879314e+01 6.000000e-01
      vertex   2.611038e+01 4.465998e+01 6.000000e-01
    endloop
  endfacet
  facet normal -8.453026e-15 -9.503623e-15 1.000000e+00
    outer loop
      vertex   2.611038e+01 4.465998e+01 6.000000e-01
      vertex   2.785979e+01 4.879314e+01 6.000000e-01
      vertex   2.726559e+01 4.930998e+01 6.000000e-01
    endloop
  endfacet
  facet normal 4.476332e-17 -1.161474e-14 1.000000e+00
    outer loop
      vertex   2.611038e+01 4.465998e+01 6.000000e-01
      vertex   2.726559e+01 4.930998e+01 6.000000e-01
      vertex   2.478538e+01 4.930998e+01 6.000000e-01
    endloop
  endfacet
  facet normal -3.872461e-15 1.604026e-15 1.000000e+00
    outer loop
      vertex   2.697971e+01 4.352705e+01 6.000000e-01
      vertex   2.688980e+01 4.330998e+01 6.000000e-01
      vertex   3.161313e+01 2.197453e+01 6.000000e-01
    endloop
  endfacet
  facet normal -2.489430e-15 1.910207e-15 1.000000e+00
    outer loop
      vertex   3.161313e+01 2.197453e+01 6.000000e-01
      vertex   2.688980e+01 4.330998e+01 6.000000e-01
      vertex   2.674677e+01 4.312359e+01 6.000000e-01
    endloop
  endfacet
  facet normal 9.779398e-15 4.733241e-15 1.000000e+00
    outer loop
      vertex   3.161313e+01 2.197453e+01 6.000000e-01
      vertex   2.674677e+01 4.312359e+01 6.000000e-01
      vertex   2.418538e+01 3.710998e+01 6.000000e-01
    endloop
  endfacet
  facet normal -1.014328e-14 1.321898e-14 1.000000e+00
    outer loop
      vertex   2.418538e+01 3.710998e+01 6.000000e-01
      vertex   2.674677e+01 4.312359e+01 6.000000e-01
      vertex   2.656038e+01 4.298056e+01 6.000000e-01
    endloop
  endfacet
  facet normal -4.535814e-15 1.095042e-14 1.000000e+00
    outer loop
      vertex   2.418538e+01 3.710998e+01 6.000000e-01
      vertex   2.656038e+01 4.298056e+01 6.000000e-01
      vertex   2.634332e+01 4.289065e+01 6.000000e-01
    endloop
  endfacet
  facet normal -1.281725e-15 9.735664e-15 1.000000e+00
    outer loop
      vertex   2.634332e+01 4.289065e+01 6.000000e-01
      vertex   2.611038e+01 4.285998e+01 6.000000e-01
      vertex   2.418538e+01 3.710998e+01 6.000000e-01
    endloop
  endfacet
  facet normal 1.173510e-15 8.913694e-15 1.000000e+00
    outer loop
      vertex   2.418538e+01 3.710998e+01 6.000000e-01
      vertex   2.611038e+01 4.285998e+01 6.000000e-01
      vertex   2.587744e+01 4.289065e+01 6.000000e-01
    endloop
  endfacet
  facet normal 3.419820e-15 8.256176e-15 1.000000e+00
    outer loop
      vertex   2.418538e+01 3.710998e+01 6.000000e-01
      vertex   2.587744e+01 4.289065e+01 6.000000e-01
      vertex   2.566038e+01 4.298056e+01 6.000000e-01
    endloop
  endfacet
  facet normal 5.863971e-15 7.642075e-15 1.000000e+00
    outer loop
      vertex   2.566038e+01 4.298056e+01 6.000000e-01
      vertex   2.547398e+01 4.312359e+01 6.000000e-01
      vertex   2.418538e+01 3.710998e+01 6.000000e-01
    endloop
  endfacet
  facet normal 9.065341e-15 6.956081e-15 1.000000e+00
    outer loop
      vertex   2.418538e+01 3.710998e+01 6.000000e-01
      vertex   2.547398e+01 4.312359e+01 6.000000e-01
      vertex   2.533096e+01 4.330998e+01 6.000000e-01
    endloop
  endfacet
  facet normal 1.440955e-14 5.968630e-15 1.000000e+00
    outer loop
      vertex   2.418538e+01 3.710998e+01 6.000000e-01
      vertex   2.533096e+01 4.330998e+01 6.000000e-01
      vertex   2.524105e+01 4.352705e+01 6.000000e-01
    endloop
  endfacet
  facet normal 2.815736e-14 3.706986e-15 1.000000e+00
    outer loop
      vertex   2.524105e+01 4.352705e+01 6.000000e-01
      vertex   2.521038e+01 4.375998e+01 6.000000e-01
      vertex   2.418538e+01 3.710998e+01 6.000000e-01
    endloop
  endfacet
  facet normal 5.258013e-14 -5.742533e-17 1.000000e+00
    outer loop
      vertex   2.418538e+01 3.710998e+01 6.000000e-01
      vertex   2.521038e+01 4.375998e+01 6.000000e-01
      vertex   2.418538e+01 4.870998e+01 6.000000e-01
    endloop
  endfacet
  facet normal 3.231320e-14 -4.254113e-15 1.000000e+00
    outer loop
      vertex   2.418538e+01 4.870998e+01 6.000000e-01
      vertex   2.521038e+01 4.375998e+01 6.000000e-01
      vertex   2.524105e+01 4.399292e+01 6.000000e-01
    endloop
  endfacet
  facet normal 1.800239e-14 -7.456835e-15 1.000000e+00
    outer loop
      vertex   2.418538e+01 4.870998e+01 6.000000e-01
      vertex   2.524105e+01 4.399292e+01 6.000000e-01
      vertex   2.533096e+01 4.420998e+01 6.000000e-01
    endloop
  endfacet
  facet normal 1.119887e-14 -9.188824e-15 1.000000e+00
    outer loop
      vertex   2.533096e+01 4.420998e+01 6.000000e-01
      vertex   2.547398e+01 4.439638e+01 6.000000e-01
      vertex   2.418538e+01 4.870998e+01 6.000000e-01
    endloop
  endfacet
  facet normal 7.824353e-15 -1.019690e-14 1.000000e+00
    outer loop
      vertex   2.418538e+01 4.870998e+01 6.000000e-01
      vertex   2.547398e+01 4.439638e+01 6.000000e-01
      vertex   2.566038e+01 4.453941e+01 6.000000e-01
    endloop
  endfacet
  facet normal 4.683770e-15 -1.130762e-14 1.000000e+00
    outer loop
      vertex   2.418538e+01 4.870998e+01 6.000000e-01
      vertex   2.566038e+01 4.453941e+01 6.000000e-01
      vertex   2.587744e+01 4.462932e+01 6.000000e-01
    endloop
  endfacet
  facet normal 9.366082e-15 -9.366082e-15 1.000000e+00
    outer loop
      vertex   2.418538e+01 4.870998e+01 6.000000e-01
      vertex   2.587744e+01 4.462932e+01 6.000000e-01
      vertex   2.478538e+01 4.930998e+01 6.000000e-01
    endloop
  endfacet
  facet normal 1.475440e-15 -1.120708e-14 1.000000e+00
    outer loop
      vertex   2.478538e+01 4.930998e+01 6.000000e-01
      vertex   2.587744e+01 4.462932e+01 6.000000e-01
      vertex   2.611038e+01 4.465998e+01 6.000000e-01
    endloop
  endfacet
  facet normal 0.000000e+00 0.000000e+00 1.000000e+00
    outer loop
      vertex   6.149342e-01 4.886527e+01 6.000000e-01
      vertex   5.549939e-01 4.900998e+01 6.000000e-01
      vertex   6.353787e-01 4.870998e+01 6.000000e-01
    endloop
  endfacet
  facet normal 0.000000e+00 0.000000e+00 1.000000e+00
    outer loop
      vertex   6.353787e-01 4.870998e+01 6.000000e-01
      vertex   5.549939e-01 4.900998e+01 6.000000e-01
      vertex   4.596428e-01 4.913425e+01 6.000000e-01
    endloop
  endfacet
  facet normal 0.000000e+00 0.000000e+00 1.000000e+00
    outer loop
      vertex   6.353787e-01 4.870998e+01 6.000000e-01
      vertex   4.596428e-01 4.913425e+01 6.000000e-01
      vertex   3.353787e-01 4.922960e+01 6.000000e-01
    endloop
  endfacet
  facet normal 0.000000e+00 0.000000e+00 1.000000e+00
    outer loop
      vertex   3.353787e-01 4.922960e+01 6.000000e-01
      vertex   1.906701e-01 4.928954e+01 6.000000e-01
      vertex   6.353787e-01 4.870998e+01 6.000000e-01
    endloop
  endfacet
  facet normal 0.000000e+00 0.000000e+00 1.000000e+00
    outer loop
      vertex   6.353787e-01 4.870998e+01 6.000000e-01
      vertex   1.906701e-01 4.928954e+01 6.000000e-01
      vertex   3.537870e-02 4.930998e+01 6.000000e-01
    endloop
  endfacet
  facet normal -8.920913e-16 8.276459e-16 1.000000e+00
    outer loop
      vertex   -2.463225e+00 4.930998e+01 6.000000e-01
      vertex   -2.602990e+00 4.929348e+01 6.000000e-01
      vertex   -3.055544e+00 4.880568e+01 6.000000e-01
    endloop
  endfacet
  facet normal 1.276438e-15 -1.184227e-15 1.000000e+00
    outer loop
      vertex   -3.055544e+00 4.880568e+01 6.000000e-01
      vertex   -2.602990e+00 4.929348e+01 6.000000e-01
      vertex   -2.735065e+00 4.924487e+01 6.000000e-01
    endloop
  endfacet
  facet normal 3.278351e-16 -4.920184e-16 1.000000e+00
    outer loop
      vertex   -3.055544e+00 4.880568e+01 6.000000e-01
      vertex   -2.735065e+00 4.924487e+01 6.000000e-01
      vertex   -2.852184e+00 4.916683e+01 6.000000e-01
    endloop
  endfacet
  facet normal 8.430097e-16 -7.821101e-16 1.000000e+00
    outer loop
      vertex   -2.852184e+00 4.916683e+01 6.000000e-01
      vertex   -2.947904e+00 4.906366e+01 6.000000e-01
      vertex   -3.055544e+00 4.880568e+01 6.000000e-01
    endloop
  endfacet
  facet normal -3.256771e-15 9.285318e-16 1.000000e+00
    outer loop
      vertex   -3.055544e+00 4.880568e+01 6.000000e-01
      vertex   -2.947904e+00 4.906366e+01 6.000000e-01
      vertex   -3.016956e+00 4.894103e+01 6.000000e-01
    endloop
  endfacet
  facet normal 2.359646e-15 8.729805e-16 1.000000e+00
    outer loop
      vertex   -5.388703e+00 2.772090e+01 6.000000e-01
      vertex   -5.323282e+00 2.754407e+01 6.000000e-01
      vertex   -5.410921e+00 2.790813e+01 6.000000e-01
    endloop
  endfacet
  facet normal 7.097408e-16 4.758055e-16 1.000000e+00
    outer loop
      vertex   -5.410921e+00 2.790813e+01 6.000000e-01
      vertex   -5.323282e+00 2.754407e+01 6.000000e-01
      vertex   -5.218291e+00 2.738746e+01 6.000000e-01
    endloop
  endfacet
  facet normal 2.976010e-16 3.233292e-16 1.000000e+00
    outer loop
      vertex   -5.410921e+00 2.790813e+01 6.000000e-01
      vertex   -5.218291e+00 2.738746e+01 6.000000e-01
      vertex   -5.079564e+00 2.725977e+01 6.000000e-01
    endloop
  endfacet
  facet normal 1.331377e-16 2.392773e-16 1.000000e+00
    outer loop
      vertex   -5.079564e+00 2.725977e+01 6.000000e-01
      vertex   -4.914806e+00 2.716809e+01 6.000000e-01
      vertex   -5.410921e+00 2.790813e+01 6.000000e-01
    endloop
  endfacet
  facet normal 5.135021e-17 1.844475e-16 1.000000e+00
    outer loop
      vertex   -5.410921e+00 2.790813e+01 6.000000e-01
      vertex   -4.914806e+00 2.716809e+01 6.000000e-01
      vertex   -4.733168e+00 2.711753e+01 6.000000e-01
    endloop
  endfacet
  facet normal 5.112940e-18 1.448102e-16 1.000000e+00
    outer loop
      vertex   -5.410921e+00 2.790813e+01 6.000000e-01
      vertex   -4.733168e+00 2.711753e+01 6.000000e-01
      vertex   -4.544739e+00 2.711087e+01 6.000000e-01
    endloop
  endfacet
  facet normal 4.688141e-16 6.485992e-16 1.000000e+00
    outer loop
      vertex   -4.544739e+00 2.711087e+01 6.000000e-01
      vertex   -4.359987e+00 2.714850e+01 6.000000e-01
      vertex   -5.410921e+00 2.790813e+01 6.000000e-01
    endloop
  endfacet
  facet normal 0.000000e+00 0.000000e+00 1.000000e+00
    outer loop
      vertex   -5.410921e+00 2.790813e+01 6.000000e-01
      vertex   -4.359987e+00 2.714850e+01 6.000000e-01
      vertex   -3.364128e+00 2.743676e+01 6.000000e-01
    endloop
  endfacet
  facet normal -1.458461e-17 -2.268812e-17 1.000000e+00
    outer loop
      vertex   1.581337e+01 2.291812e+01 6.000000e-01
      vertex   1.626535e+01 2.262757e+01 6.000000e-01
      vertex   2.418538e+01 3.710998e+01 6.000000e-01
    endloop
  endfacet
  facet normal 1.674009e-16 -1.222109e-16 1.000000e+00
    outer loop
      vertex   2.418538e+01 3.710998e+01 6.000000e-01
      vertex   1.626535e+01 2.262757e+01 6.000000e-01
      vertex   1.667311e+01 2.227766e+01 6.000000e-01
    endloop
  endfacet
  facet normal -2.692232e-17 -2.379018e-17 1.000000e+00
    outer loop
      vertex   2.418538e+01 3.710998e+01 6.000000e-01
      vertex   1.667311e+01 2.227766e+01 6.000000e-01
      vertex   1.702890e+01 2.187502e+01 6.000000e-01
    endloop
  endfacet
  facet normal -3.215164e-17 -2.133376e-17 1.000000e+00
    outer loop
      vertex   1.702890e+01 2.187502e+01 6.000000e-01
      vertex   1.732598e+01 2.142730e+01 6.000000e-01
      vertex   2.418538e+01 3.710998e+01 6.000000e-01
    endloop
  endfacet
  facet normal 3.299156e-17 -4.982654e-17 1.000000e+00
    outer loop
      vertex   2.418538e+01 3.710998e+01 6.000000e-01
      vertex   1.732598e+01 2.142730e+01 6.000000e-01
      vertex   3.161313e+01 2.197453e+01 6.000000e-01
    endloop
  endfacet
  facet normal 3.914308e-17 -2.104331e-16 1.000000e+00
    outer loop
      vertex   1.732598e+01 2.142730e+01 6.000000e-01
      vertex   1.755870e+01 2.094300e+01 6.000000e-01
      vertex   3.161313e+01 2.197453e+01 6.000000e-01
    endloop
  endfacet
  facet normal 2.315387e-17 7.418558e-18 1.000000e+00
    outer loop
      vertex   3.161313e+01 2.197453e+01 6.000000e-01
      vertex   1.755870e+01 2.094300e+01 6.000000e-01
      vertex   1.772265e+01 2.043131e+01 6.000000e-01
    endloop
  endfacet
  facet normal 2.352356e-17 4.090940e-18 1.000000e+00
    outer loop
      vertex   3.161313e+01 2.197453e+01 6.000000e-01
      vertex   1.772265e+01 2.043131e+01 6.000000e-01
      vertex   1.781471e+01 1.990194e+01 6.000000e-01
    endloop
  endfacet
  facet normal 5.140765e-17 -2.049822e-16 1.000000e+00
    outer loop
      vertex   1.783314e+01 1.936494e+01 6.000000e-01
      vertex   3.170257e+01 2.121841e+01 6.000000e-01
      vertex   1.781471e+01 1.990194e+01 6.000000e-01
    endloop
  endfacet
  facet normal 7.294590e-17 -4.321958e-16 1.000000e+00
    outer loop
      vertex   1.781471e+01 1.990194e+01 6.000000e-01
      vertex   3.170257e+01 2.121841e+01 6.000000e-01
      vertex   3.167634e+01 2.147087e+01 6.000000e-01
    endloop
  endfacet
  facet normal 2.371055e-17 2.804522e-18 1.000000e+00
    outer loop
      vertex   1.781471e+01 1.990194e+01 6.000000e-01
      vertex   3.167634e+01 2.147087e+01 6.000000e-01
      vertex   3.164653e+01 2.172292e+01 6.000000e-01
    endloop
  endfacet
  facet normal 2.435276e-17 -2.531464e-18 1.000000e+00
    outer loop
      vertex   1.783314e+01 1.936494e+01 6.000000e-01
      vertex   1.777758e+01 1.883051e+01 6.000000e-01
      vertex   3.170257e+01 2.121841e+01 6.000000e-01
    endloop
  endfacet
  facet normal 2.497328e-17 -6.150031e-18 1.000000e+00
    outer loop
      vertex   3.170257e+01 2.121841e+01 6.000000e-01
      vertex   1.777758e+01 1.883051e+01 6.000000e-01
      vertex   1.764910e+01 1.830878e+01 6.000000e-01
    endloop
  endfacet
  facet normal -1.417423e-16 6.947861e-18 1.000000e+00
    outer loop
      vertex   1.384874e+01 1.275734e+01 6.000000e-01
      vertex   1.557227e+01 1.596010e+01 6.000000e-01
      vertex   1.389899e+01 1.378253e+01 6.000000e-01
    endloop
  endfacet
  facet normal -2.577523e-16 9.609192e-17 1.000000e+00
    outer loop
      vertex   1.389899e+01 1.378253e+01 6.000000e-01
      vertex   1.557227e+01 1.596010e+01 6.000000e-01
      vertex   1.507019e+01 1.576872e+01 6.000000e-01
    endloop
  endfacet
  facet normal 1.489030e-17 -6.467748e-17 1.000000e+00
    outer loop
      vertex   1.389899e+01 1.378253e+01 6.000000e-01
      vertex   1.507019e+01 1.576872e+01 6.000000e-01
      vertex   1.454657e+01 1.564817e+01 6.000000e-01
    endloop
  endfacet
  facet normal 4.217419e-16 -2.058996e-16 1.000000e+00
    outer loop
      vertex   1.389899e+01 1.378253e+01 6.000000e-01
      vertex   1.454657e+01 1.564817e+01 6.000000e-01
      vertex   1.387345e+01 1.480864e+01 6.000000e-01
    endloop
  endfacet
  facet normal 7.160021e-16 -4.418300e-16 1.000000e+00
    outer loop
      vertex   1.387345e+01 1.480864e+01 6.000000e-01
      vertex   1.454657e+01 1.564817e+01 6.000000e-01
      vertex   1.435802e+01 1.559390e+01 6.000000e-01
    endloop
  endfacet
  facet normal 0.000000e+00 0.000000e+00 1.000000e+00
    outer loop
      vertex   1.387345e+01 1.480864e+01 6.000000e-01
      vertex   1.435802e+01 1.559390e+01 6.000000e-01
      vertex   1.418835e+01 1.549536e+01 6.000000e-01
    endloop
  endfacet
  facet normal 0.000000e+00 0.000000e+00 1.000000e+00
    outer loop
      vertex   1.418835e+01 1.549536e+01 6.000000e-01
      vertex   1.404777e+01 1.535849e+01 6.000000e-01
      vertex   1.387345e+01 1.480864e+01 6.000000e-01
    endloop
  endfacet
  facet normal 0.000000e+00 0.000000e+00 1.000000e+00
    outer loop
      vertex   1.387345e+01 1.480864e+01 6.000000e-01
      vertex   1.404777e+01 1.535849e+01 6.000000e-01
      vertex   1.394474e+01 1.519151e+01 6.000000e-01
    endloop
  endfacet
  facet normal 0.000000e+00 0.000000e+00 1.000000e+00
    outer loop
      vertex   1.387345e+01 1.480864e+01 6.000000e-01
      vertex   1.394474e+01 1.519151e+01 6.000000e-01
      vertex   1.388544e+01 1.500448e+01 6.000000e-01
    endloop
  endfacet
  facet normal -2.814286e-16 1.006348e-16 1.000000e+00
    outer loop
      vertex   1.083626e+01 5.244517e+00 6.000000e-01
      vertex   1.016431e+01 4.468612e+00 6.000000e-01
      vertex   9.156419e+00 1.650000e+00 6.000000e-01
    endloop
  endfacet
  facet normal 2.370209e-16 -8.475528e-17 1.000000e+00
    outer loop
      vertex   9.156419e+00 1.650000e+00 6.000000e-01
      vertex   1.016431e+01 4.468612e+00 6.000000e-01
      vertex   9.436941e+00 3.744406e+00 6.000000e-01
    endloop
  endfacet
  facet normal -1.096539e-16 -3.832204e-17 1.000000e+00
    outer loop
      vertex   9.156419e+00 1.650000e+00 6.000000e-01
      vertex   9.436941e+00 3.744406e+00 6.000000e-01
      vertex   8.658110e+00 3.075850e+00 6.000000e-01
    endloop
  endfacet
  facet normal 8.344846e-16 -2.851882e-17 1.000000e+00
    outer loop
      vertex   8.520256e+00 2.935074e+00 6.000000e-01
      vertex   8.616545e+00 1.859630e+00 6.000000e-01
      vertex   8.658110e+00 3.075850e+00 6.000000e-01
    endloop
  endfacet
  facet normal 0.000000e+00 0.000000e+00 1.000000e+00
    outer loop
      vertex   8.658110e+00 3.075850e+00 6.000000e-01
      vertex   8.616545e+00 1.859630e+00 6.000000e-01
      vertex   8.777215e+00 1.745582e+00 6.000000e-01
    endloop
  endfacet
  facet normal 0.000000e+00 0.000000e+00 1.000000e+00
    outer loop
      vertex   8.658110e+00 3.075850e+00 6.000000e-01
      vertex   8.777215e+00 1.745582e+00 6.000000e-01
      vertex   8.960886e+00 1.674263e+00 6.000000e-01
    endloop
  endfacet
  facet normal -1.351089e-16 -1.153308e-16 1.000000e+00
    outer loop
      vertex   8.616545e+00 1.859630e+00 6.000000e-01
      vertex   8.520256e+00 2.935074e+00 6.000000e-01
      vertex   8.488624e+00 2.009489e+00 6.000000e-01
    endloop
  endfacet
  facet normal -9.695935e-16 -8.681194e-17 1.000000e+00
    outer loop
      vertex   8.488624e+00 2.009489e+00 6.000000e-01
      vertex   8.520256e+00 2.935074e+00 6.000000e-01
      vertex   8.420991e+00 2.764875e+00 6.000000e-01
    endloop
  endfacet
  facet normal 0.000000e+00 0.000000e+00 1.000000e+00
    outer loop
      vertex   8.488624e+00 2.009489e+00 6.000000e-01
      vertex   8.420991e+00 2.764875e+00 6.000000e-01
      vertex   8.401210e+00 2.186068e+00 6.000000e-01
    endloop
  endfacet
  facet normal 0.000000e+00 -0.000000e+00 1.000000e+00
    outer loop
      vertex   8.401210e+00 2.186068e+00 6.000000e-01
      vertex   8.420991e+00 2.764875e+00 6.000000e-01
      vertex   8.366336e+00 2.575575e+00 6.000000e-01
    endloop
  endfacet
  facet normal 0.000000e+00 0.000000e+00 1.000000e+00
    outer loop
      vertex   8.401210e+00 2.186068e+00 6.000000e-01
      vertex   8.366336e+00 2.575575e+00 6.000000e-01
      vertex   8.359606e+00 2.378658e+00 6.000000e-01
    endloop
  endfacet
  facet normal -0.000000e+00 -0.000000e+00 1.000000e+00
    outer loop
      vertex   8.960886e+00 1.674263e+00 6.000000e-01
      vertex   9.156419e+00 1.650000e+00 6.000000e-01
      vertex   8.658110e+00 3.075850e+00 6.000000e-01
    endloop
  endfacet
  facet normal 2.366626e-17 3.140895e-18 1.000000e+00
    outer loop
      vertex   3.164653e+01 2.172292e+01 6.000000e-01
      vertex   3.161313e+01 2.197453e+01 6.000000e-01
      vertex   1.781471e+01 1.990194e+01 6.000000e-01
    endloop
  endfacet
  facet normal 2.890612e-15 1.567856e-15 1.000000e+00
    outer loop
      vertex   2.782330e+01 4.893124e+01 6.000000e-01
      vertex   2.775520e+01 4.905679e+01 6.000000e-01
      vertex   2.785979e+01 4.879314e+01 6.000000e-01
    endloop
  endfacet
  facet normal 8.283534e-16 7.497201e-16 1.000000e+00
    outer loop
      vertex   2.785979e+01 4.879314e+01 6.000000e-01
      vertex   2.775520e+01 4.905679e+01 6.000000e-01
      vertex   2.765935e+01 4.916269e+01 6.000000e-01
    endloop
  endfacet
  facet normal 3.229885e-16 4.756124e-16 1.000000e+00
    outer loop
      vertex   2.785979e+01 4.879314e+01 6.000000e-01
      vertex   2.765935e+01 4.916269e+01 6.000000e-01
      vertex   2.754119e+01 4.924294e+01 6.000000e-01
    endloop
  endfacet
  facet normal 1.256052e-16 3.357988e-16 1.000000e+00
    outer loop
      vertex   2.754119e+01 4.924294e+01 6.000000e-01
      vertex   2.740741e+01 4.929298e+01 6.000000e-01
      vertex   2.785979e+01 4.879314e+01 6.000000e-01
    endloop
  endfacet
  facet normal 2.986852e-17 2.491501e-16 1.000000e+00
    outer loop
      vertex   2.785979e+01 4.879314e+01 6.000000e-01
      vertex   2.740741e+01 4.929298e+01 6.000000e-01
      vertex   2.726559e+01 4.930998e+01 6.000000e-01
    endloop
  endfacet
  facet normal 0.000000e+00 0.000000e+00 1.000000e+00
    outer loop
      vertex   2.478538e+01 4.930998e+01 6.000000e-01
      vertex   2.463009e+01 4.928954e+01 6.000000e-01
      vertex   2.418538e+01 4.870998e+01 6.000000e-01
    endloop
  endfacet
  facet normal 1.124677e-15 -8.629953e-16 1.000000e+00
    outer loop
      vertex   2.418538e+01 4.870998e+01 6.000000e-01
      vertex   2.463009e+01 4.928954e+01 6.000000e-01
      vertex   2.448538e+01 4.922960e+01 6.000000e-01
    endloop
  endfacet
  facet normal 2.943516e-16 -3.836065e-16 1.000000e+00
    outer loop
      vertex   2.418538e+01 4.870998e+01 6.000000e-01
      vertex   2.448538e+01 4.922960e+01 6.000000e-01
      vertex   2.436111e+01 4.913425e+01 6.000000e-01
    endloop
  endfacet
  facet normal 7.410709e-16 -5.686437e-16 1.000000e+00
    outer loop
      vertex   2.436111e+01 4.913425e+01 6.000000e-01
      vertex   2.426576e+01 4.900998e+01 6.000000e-01
      vertex   2.418538e+01 4.870998e+01 6.000000e-01
    endloop
  endfacet
  facet normal -2.715211e-15 3.574644e-16 1.000000e+00
    outer loop
      vertex   2.418538e+01 4.870998e+01 6.000000e-01
      vertex   2.426576e+01 4.900998e+01 6.000000e-01
      vertex   2.420582e+01 4.886527e+01 6.000000e-01
    endloop
  endfacet
  facet normal 1.932421e-16 7.071068e-01 -7.071068e-01
    outer loop
      vertex   1.035379e+00 3.750998e+01 -6.600000e+00
      vertex   2.378538e+01 3.750998e+01 -6.600000e+00
      vertex   6.353787e-01 3.710998e+01 -7.000000e+00
    endloop
  endfacet
  facet normal 2.666824e-17 7.071068e-01 -7.071068e-01
    outer loop
      vertex   6.353787e-01 3.710998e+01 -7.000000e+00
      vertex   2.378538e+01 3.750998e+01 -6.600000e+00
      vertex   2.418538e+01 3.710998e+01 -7.000000e+00
    endloop
  endfacet
  facet normal 9.369794e-16 1.000000e+00 6.119154e-32
    outer loop
      vertex   1.035379e+00 3.750998e+01 2.000000e-01
      vertex   2.378538e+01 3.750998e+01 2.000000e-01
      vertex   1.035379e+00 3.750998e+01 -6.600000e+00
    endloop
  endfacet
  facet normal 9.369794e-16 1.000000e+00 0.000000e+00
    outer loop
      vertex   1.035379e+00 3.750998e+01 -6.600000e+00
      vertex   2.378538e+01 3.750998e+01 2.000000e-01
      vertex   2.378538e+01 3.750998e+01 -6.600000e+00
    endloop
  endfacet
  facet normal 7.071068e-01 -4.556072e-17 7.071068e-01
    outer loop
      vertex   1.035379e+00 4.870998e+01 2.000000e-01
      vertex   6.353787e-01 4.870998e+01 6.000000e-01
      vertex   1.035379e+00 3.750998e+01 2.000000e-01
    endloop
  endfacet
  facet normal 7.071068e-01 -4.229775e-17 7.071068e-01
    outer loop
      vertex   1.035379e+00 3.750998e+01 2.000000e-01
      vertex   6.353787e-01 4.870998e+01 6.000000e-01
      vertex   6.353787e-01 3.710998e+01 6.000000e-01
    endloop
  endfacet
  facet normal -7.071068e-01 1.759586e-16 7.071068e-01
    outer loop
      vertex   2.418538e+01 3.710998e+01 6.000000e-01
      vertex   2.418538e+01 4.870998e+01 6.000000e-01
      vertex   2.378538e+01 3.750998e+01 2.000000e-01
    endloop
  endfacet
  facet normal -7.071068e-01 5.851048e-15 7.071068e-01
    outer loop
      vertex   2.378538e+01 3.750998e+01 2.000000e-01
      vertex   2.418538e+01 4.870998e+01 6.000000e-01
      vertex   2.378538e+01 4.870998e+01 2.000000e-01
    endloop
  endfacet
  facet normal -7.071068e-01 -3.364484e-15 -7.071068e-01
    outer loop
      vertex   2.378538e+01 4.870998e+01 -6.600000e+00
      vertex   2.418538e+01 4.870998e+01 -7.000000e+00
      vertex   2.378538e+01 3.750998e+01 -6.600000e+00
    endloop
  endfacet
  facet normal -7.071068e-01 -3.764500e-16 -7.071068e-01
    outer loop
      vertex   2.378538e+01 3.750998e+01 -6.600000e+00
      vertex   2.418538e+01 4.870998e+01 -7.000000e+00
      vertex   2.418538e+01 3.710998e+01 -7.000000e+00
    endloop
  endfacet
  facet normal 7.071068e-01 -5.143406e-16 -7.071068e-01
    outer loop
      vertex   6.353787e-01 3.710998e+01 -7.000000e+00
      vertex   6.353787e-01 4.870998e+01 -7.000000e+00
      vertex   1.035379e+00 3.750998e+01 -6.600000e+00
    endloop
  endfacet
  facet normal 7.071068e-01 -5.327099e-16 -7.071068e-01
    outer loop
      vertex   1.035379e+00 3.750998e+01 -6.600000e+00
      vertex   6.353787e-01 4.870998e+01 -7.000000e+00
      vertex   1.035379e+00 4.870998e+01 -6.600000e+00
    endloop
  endfacet
  facet normal -2.070838e-03 -7.070649e-01 -7.071456e-01
    outer loop
      vertex   2.991772e+01 1.250000e+00 -6.600000e+00
      vertex   2.993330e+01 1.650000e+00 -7.000000e+00
      vertex   3.042558e+01 1.248513e+00 -6.600000e+00
    endloop
  endfacet
  facet normal -5.938163e-04 -7.061585e-01 -7.080535e-01
    outer loop
      vertex   3.042558e+01 1.248513e+00 -6.600000e+00
      vertex   2.993330e+01 1.650000e+00 -7.000000e+00
      vertex   3.042525e+01 1.649586e+00 -7.000000e+00
    endloop
  endfacet
  facet normal 1.006513e-01 -7.025315e-01 -7.044990e-01
    outer loop
      vertex   3.042558e+01 1.248513e+00 -6.600000e+00
      vertex   3.042525e+01 1.649586e+00 -7.000000e+00
      vertex   3.092830e+01 1.320538e+00 -6.600000e+00
    endloop
  endfacet
  facet normal 1.107033e-01 -6.947174e-01 -7.107127e-01
    outer loop
      vertex   3.092830e+01 1.320538e+00 -6.600000e+00
      vertex   3.042525e+01 1.649586e+00 -7.000000e+00
      vertex   3.091108e+01 1.727003e+00 -7.000000e+00
    endloop
  endfacet
  facet normal 2.018675e-01 -6.826167e-01 -7.023417e-01
    outer loop
      vertex   3.092830e+01 1.320538e+00 -6.600000e+00
      vertex   3.091108e+01 1.727003e+00 -7.000000e+00
      vertex   3.141531e+01 1.464559e+00 -6.600000e+00
    endloop
  endfacet
  facet normal 2.185568e-01 -6.664642e-01 -7.127822e-01
    outer loop
      vertex   3.141531e+01 1.464559e+00 -6.600000e+00
      vertex   3.091108e+01 1.727003e+00 -7.000000e+00
      vertex   3.137854e+01 1.880300e+00 -7.000000e+00
    endloop
  endfacet
  facet normal 2.992133e-01 -6.476942e-01 -7.006879e-01
    outer loop
      vertex   3.141531e+01 1.464559e+00 -6.600000e+00
      vertex   3.137854e+01 1.880300e+00 -7.000000e+00
      vertex   3.187635e+01 1.677544e+00 -6.600000e+00
    endloop
  endfacet
  facet normal 3.205389e-01 -6.221441e-01 -7.142770e-01
    outer loop
      vertex   3.187635e+01 1.677544e+00 -6.600000e+00
      vertex   3.137854e+01 1.880300e+00 -7.000000e+00
      vertex   3.181587e+01 2.105617e+00 -7.000000e+00
    endloop
  endfacet
  facet normal 3.904080e-01 -5.985093e-01 -6.995485e-01
    outer loop
      vertex   3.187635e+01 1.677544e+00 -6.600000e+00
      vertex   3.181587e+01 2.105617e+00 -7.000000e+00
      vertex   3.230171e+01 1.955008e+00 -6.600000e+00
    endloop
  endfacet
  facet normal 4.143588e-01 -5.628362e-01 -7.152078e-01
    outer loop
      vertex   3.230171e+01 1.955008e+00 -6.600000e+00
      vertex   3.181587e+01 2.105617e+00 -7.000000e+00
      vertex   3.221204e+01 2.397279e+00 -7.000000e+00
    endloop
  endfacet
  facet normal 4.733140e-01 -5.361615e-01 -6.989311e-01
    outer loop
      vertex   3.230171e+01 1.955008e+00 -6.600000e+00
      vertex   3.221204e+01 2.397279e+00 -7.000000e+00
      vertex   3.268244e+01 2.291110e+00 -6.600000e+00
    endloop
  endfacet
  facet normal 4.979064e-01 -4.899311e-01 -7.155814e-01
    outer loop
      vertex   3.268244e+01 2.291110e+00 -6.600000e+00
      vertex   3.221204e+01 2.397279e+00 -7.000000e+00
      vertex   3.255709e+01 2.747942e+00 -7.000000e+00
    endloop
  endfacet
  facet normal 5.459927e-01 -4.620769e-01 -6.988397e-01
    outer loop
      vertex   3.268244e+01 2.291110e+00 -6.600000e+00
      vertex   3.255709e+01 2.747942e+00 -7.000000e+00
      vertex   3.301052e+01 2.678773e+00 -6.600000e+00
    endloop
  endfacet
  facet normal 5.692925e-01 -4.051029e-01 -7.154003e-01
    outer loop
      vertex   3.301052e+01 2.678773e+00 -6.600000e+00
      vertex   3.255709e+01 2.747942e+00 -7.000000e+00
      vertex   3.284231e+01 3.148773e+00 -7.000000e+00
    endloop
  endfacet
  facet normal 6.067554e-01 -3.779714e-01 -6.992750e-01
    outer loop
      vertex   3.301052e+01 2.678773e+00 -6.600000e+00
      vertex   3.284231e+01 3.148773e+00 -7.000000e+00
      vertex   3.327905e+01 3.109835e+00 -6.600000e+00
    endloop
  endfacet
  facet normal 6.268848e-01 -3.102769e-01 -7.146633e-01
    outer loop
      vertex   3.327905e+01 3.109835e+00 -6.600000e+00
      vertex   3.284231e+01 3.148773e+00 -7.000000e+00
      vertex   3.306054e+01 3.589679e+00 -7.000000e+00
    endloop
  endfacet
  facet normal 6.542070e-01 -2.858067e-01 -7.002340e-01
    outer loop
      vertex   3.327905e+01 3.109835e+00 -6.600000e+00
      vertex   3.306054e+01 3.589679e+00 -7.000000e+00
      vertex   3.348236e+01 3.575219e+00 -6.600000e+00
    endloop
  endfacet
  facet normal 6.693398e-01 -2.075919e-01 -7.133651e-01
    outer loop
      vertex   3.348236e+01 3.575219e+00 -6.600000e+00
      vertex   3.306054e+01 3.589679e+00 -7.000000e+00
      vertex   3.320627e+01 4.059555e+00 -7.000000e+00
    endloop
  endfacet
  facet normal 6.872820e-01 -1.877388e-01 -7.017105e-01
    outer loop
      vertex   3.348236e+01 3.575219e+00 -6.600000e+00
      vertex   3.320627e+01 4.059555e+00 -7.000000e+00
      vertex   3.361619e+01 4.065128e+00 -6.600000e+00
    endloop
  endfacet
  facet normal 6.956296e-01 -9.935987e-02 -7.114964e-01
    outer loop
      vertex   3.361619e+01 4.065128e+00 -6.600000e+00
      vertex   3.320627e+01 4.059555e+00 -7.000000e+00
      vertex   3.327583e+01 4.546568e+00 -7.000000e+00
    endloop
  endfacet
  facet normal 7.052711e-01 -8.606160e-02 -7.036946e-01
    outer loop
      vertex   3.361619e+01 4.065128e+00 -6.600000e+00
      vertex   3.327583e+01 4.546568e+00 -7.000000e+00
      vertex   3.367770e+01 4.569247e+00 -6.600000e+00
    endloop
  endfacet
  facet normal 7.050628e-01 1.197853e-02 -7.090437e-01
    outer loop
      vertex   3.367770e+01 4.569247e+00 -6.600000e+00
      vertex   3.327583e+01 4.546568e+00 -7.000000e+00
      vertex   3.326747e+01 5.038454e+00 -7.000000e+00
    endloop
  endfacet
  facet normal 7.078385e-01 1.685255e-02 -7.061732e-01
    outer loop
      vertex   3.367770e+01 4.569247e+00 -6.600000e+00
      vertex   3.326747e+01 5.038454e+00 -7.000000e+00
      vertex   3.366562e+01 5.076961e+00 -6.600000e+00
    endloop
  endfacet
  facet normal -4.774295e-16 -7.071068e-01 -7.071068e-01
    outer loop
      vertex   -2.310921e+00 1.250000e+00 -6.600000e+00
      vertex   -2.310921e+00 1.650000e+00 -7.000000e+00
      vertex   2.991772e+01 1.250000e+00 -6.600000e+00
    endloop
  endfacet
  facet normal -4.869377e-16 -7.071068e-01 -7.071068e-01
    outer loop
      vertex   2.991772e+01 1.250000e+00 -6.600000e+00
      vertex   -2.310921e+00 1.650000e+00 -7.000000e+00
      vertex   2.993330e+01 1.650000e+00 -7.000000e+00
    endloop
  endfacet
  facet normal -5.050872e-02 -7.062042e-01 -7.062042e-01
    outer loop
      vertex   -2.310921e+00 1.250000e+00 -6.600000e+00
      vertex   -2.809023e+00 1.285625e+00 -6.600000e+00
      vertex   -2.310921e+00 1.650000e+00 -7.000000e+00
    endloop
  endfacet
  facet normal -5.531744e-02 -7.028748e-01 -7.091594e-01
    outer loop
      vertex   -2.310921e+00 1.650000e+00 -7.000000e+00
      vertex   -2.809023e+00 1.285625e+00 -6.600000e+00
      vertex   -2.795868e+00 1.688166e+00 -7.000000e+00
    endloop
  endfacet
  facet normal -1.510337e-01 -6.942906e-01 -7.036685e-01
    outer loop
      vertex   -2.795868e+00 1.688166e+00 -7.000000e+00
      vertex   -2.809023e+00 1.285625e+00 -6.600000e+00
      vertex   -3.296985e+00 1.391775e+00 -6.600000e+00
    endloop
  endfacet
  facet normal -1.640043e-01 -6.831270e-01 -7.116461e-01
    outer loop
      vertex   -2.795868e+00 1.688166e+00 -7.000000e+00
      vertex   -3.296985e+00 1.391775e+00 -6.600000e+00
      vertex   -3.268874e+00 1.801725e+00 -7.000000e+00
    endloop
  endfacet
  facet normal -2.489915e-01 -6.675721e-01 -7.016770e-01
    outer loop
      vertex   -3.268874e+00 1.801725e+00 -7.000000e+00
      vertex   -3.296985e+00 1.391775e+00 -6.600000e+00
      vertex   -3.764874e+00 1.566288e+00 -6.600000e+00
    endloop
  endfacet
  facet normal -2.681314e-01 -6.473266e-01 -7.134941e-01
    outer loop
      vertex   -3.268874e+00 1.801725e+00 -7.000000e+00
      vertex   -3.764874e+00 1.566288e+00 -6.600000e+00
      vertex   -3.718292e+00 1.987880e+00 -7.000000e+00
    endloop
  endfacet
  facet normal -3.421375e-01 -6.265781e-01 -7.002441e-01
    outer loop
      vertex   -3.718292e+00 1.987880e+00 -7.000000e+00
      vertex   -3.764874e+00 1.566288e+00 -6.600000e+00
      vertex   -4.203164e+00 1.805613e+00 -6.600000e+00
    endloop
  endfacet
  facet normal -3.654421e-01 -5.963473e-01 -7.147181e-01
    outer loop
      vertex   -3.718292e+00 1.987880e+00 -7.000000e+00
      vertex   -4.203164e+00 1.805613e+00 -6.600000e+00
      vertex   -4.133055e+00 2.242047e+00 -7.000000e+00
    endloop
  endfacet
  facet normal -4.283337e-01 -5.721868e-01 -6.993801e-01
    outer loop
      vertex   -4.133055e+00 2.242047e+00 -7.000000e+00
      vertex   -4.203164e+00 1.805613e+00 -6.600000e+00
      vertex   -4.602934e+00 2.104876e+00 -6.600000e+00
    endloop
  endfacet
  facet normal -4.538272e-01 -5.313634e-01 -7.153278e-01
    outer loop
      vertex   -4.133055e+00 2.242047e+00 -7.000000e+00
      vertex   -4.602934e+00 2.104876e+00 -6.600000e+00
      vertex   -4.502952e+00 2.557969e+00 -7.000000e+00
    endloop
  endfacet
  facet normal -5.056042e-01 -5.056042e-01 -6.990914e-01
    outer loop
      vertex   -4.502952e+00 2.557969e+00 -7.000000e+00
      vertex   -4.602934e+00 2.104876e+00 -6.600000e+00
      vertex   -4.956045e+00 2.457987e+00 -6.600000e+00
    endloop
  endfacet
  facet normal -5.313634e-01 -4.538272e-01 -7.153278e-01
    outer loop
      vertex   -4.502952e+00 2.557969e+00 -7.000000e+00
      vertex   -4.956045e+00 2.457987e+00 -6.600000e+00
      vertex   -4.818874e+00 2.927866e+00 -7.000000e+00
    endloop
  endfacet
  facet normal -5.721868e-01 -4.283337e-01 -6.993801e-01
    outer loop
      vertex   -4.818874e+00 2.927866e+00 -7.000000e+00
      vertex   -4.956045e+00 2.457987e+00 -6.600000e+00
      vertex   -5.255309e+00 2.857757e+00 -6.600000e+00
    endloop
  endfacet
  facet normal -5.963473e-01 -3.654421e-01 -7.147181e-01
    outer loop
      vertex   -4.818874e+00 2.927866e+00 -7.000000e+00
      vertex   -5.255309e+00 2.857757e+00 -6.600000e+00
      vertex   -5.073041e+00 3.342629e+00 -7.000000e+00
    endloop
  endfacet
  facet normal -6.265781e-01 -3.421375e-01 -7.002441e-01
    outer loop
      vertex   -5.073041e+00 3.342629e+00 -7.000000e+00
      vertex   -5.255309e+00 2.857757e+00 -6.600000e+00
      vertex   -5.494633e+00 3.296047e+00 -6.600000e+00
    endloop
  endfacet
  facet normal -6.473266e-01 -2.681314e-01 -7.134941e-01
    outer loop
      vertex   -5.073041e+00 3.342629e+00 -7.000000e+00
      vertex   -5.494633e+00 3.296047e+00 -6.600000e+00
      vertex   -5.259196e+00 3.792047e+00 -7.000000e+00
    endloop
  endfacet
  facet normal -6.675721e-01 -2.489915e-01 -7.016770e-01
    outer loop
      vertex   -5.259196e+00 3.792047e+00 -7.000000e+00
      vertex   -5.494633e+00 3.296047e+00 -6.600000e+00
      vertex   -5.669147e+00 3.763936e+00 -6.600000e+00
    endloop
  endfacet
  facet normal -6.831270e-01 -1.640043e-01 -7.116461e-01
    outer loop
      vertex   -5.259196e+00 3.792047e+00 -7.000000e+00
      vertex   -5.669147e+00 3.763936e+00 -6.600000e+00
      vertex   -5.372755e+00 4.265053e+00 -7.000000e+00
    endloop
  endfacet
  facet normal -6.942906e-01 -1.510337e-01 -7.036685e-01
    outer loop
      vertex   -5.372755e+00 4.265053e+00 -7.000000e+00
      vertex   -5.669147e+00 3.763936e+00 -6.600000e+00
      vertex   -5.775296e+00 4.251898e+00 -6.600000e+00
    endloop
  endfacet
  facet normal -7.028748e-01 -5.531744e-02 -7.091594e-01
    outer loop
      vertex   -5.372755e+00 4.265053e+00 -7.000000e+00
      vertex   -5.775296e+00 4.251898e+00 -6.600000e+00
      vertex   -5.410921e+00 4.750000e+00 -7.000000e+00
    endloop
  endfacet
  facet normal -7.062042e-01 -5.050872e-02 -7.062042e-01
    outer loop
      vertex   -5.410921e+00 4.750000e+00 -7.000000e+00
      vertex   -5.775296e+00 4.251898e+00 -6.600000e+00
      vertex   -5.810921e+00 4.750000e+00 -6.600000e+00
    endloop
  endfacet
  facet normal -7.071068e-01 8.874436e-16 -7.071068e-01
    outer loop
      vertex   -5.810921e+00 1.395000e+01 -6.600000e+00
      vertex   -5.410921e+00 1.395000e+01 -7.000000e+00
      vertex   -5.810921e+00 4.750000e+00 -6.600000e+00
    endloop
  endfacet
  facet normal -7.071068e-01 -6.826489e-16 -7.071068e-01
    outer loop
      vertex   -5.810921e+00 4.750000e+00 -6.600000e+00
      vertex   -5.410921e+00 1.395000e+01 -7.000000e+00
      vertex   -5.410921e+00 4.750000e+00 -7.000000e+00
    endloop
  endfacet
  facet normal -7.071068e-01 -6.995918e-09 -7.071068e-01
    outer loop
      vertex   -5.410921e+00 1.395000e+01 -7.000000e+00
      vertex   -5.810921e+00 1.395000e+01 -6.600000e+00
      vertex   -5.410921e+00 3.425998e+01 -7.000000e+00
    endloop
  endfacet
  facet normal -7.071068e-01 -6.995917e-09 -7.071068e-01
    outer loop
      vertex   -5.410921e+00 3.425998e+01 -7.000000e+00
      vertex   -5.810921e+00 1.395000e+01 -6.600000e+00
      vertex   -5.810921e+00 3.425998e+01 -6.600000e+00
    endloop
  endfacet
  facet normal -6.794904e-01 1.919751e-01 -7.081232e-01
    outer loop
      vertex   -5.243229e+00 3.526575e+01 -7.000000e+00
      vertex   -5.336013e+00 3.493734e+01 -7.000000e+00
      vertex   -5.632830e+00 3.536222e+01 -6.600000e+00
    endloop
  endfacet
  facet normal -6.834281e-01 1.869246e-01 -7.056807e-01
    outer loop
      vertex   -5.632830e+00 3.536222e+01 -6.600000e+00
      vertex   -5.336013e+00 3.493734e+01 -7.000000e+00
      vertex   -5.731392e+00 3.500186e+01 -6.600000e+00
    endloop
  endfacet
  facet normal -6.969511e-01 1.162031e-01 -7.076412e-01
    outer loop
      vertex   -5.731392e+00 3.500186e+01 -6.600000e+00
      vertex   -5.336013e+00 3.493734e+01 -7.000000e+00
      vertex   -5.392137e+00 3.460073e+01 -7.000000e+00
    endloop
  endfacet
  facet normal -6.990202e-01 1.129427e-01 -7.061265e-01
    outer loop
      vertex   -5.731392e+00 3.500186e+01 -6.600000e+00
      vertex   -5.392137e+00 3.460073e+01 -7.000000e+00
      vertex   -5.790982e+00 3.463305e+01 -6.600000e+00
    endloop
  endfacet
  facet normal -7.060180e-01 3.891996e-02 -7.071236e-01
    outer loop
      vertex   -5.790982e+00 3.463305e+01 -6.600000e+00
      vertex   -5.392137e+00 3.460073e+01 -7.000000e+00
      vertex   -5.410921e+00 3.425998e+01 -7.000000e+00
    endloop
  endfacet
  facet normal -7.066023e-01 3.776574e-02 -7.066023e-01
    outer loop
      vertex   -5.790982e+00 3.463305e+01 -6.600000e+00
      vertex   -5.410921e+00 3.425998e+01 -7.000000e+00
      vertex   -5.810921e+00 3.425998e+01 -6.600000e+00
    endloop
  endfacet
  facet normal 9.269160e-02 7.040626e-01 -7.040626e-01
    outer loop
      vertex   3.537870e-02 4.930998e+01 -7.000000e+00
      vertex   3.537870e-02 4.970998e+01 -6.600000e+00
      vertex   1.906701e-01 4.928954e+01 -7.000000e+00
    endloop
  endfacet
  facet normal 9.269160e-02 7.040626e-01 -7.040626e-01
    outer loop
      vertex   1.906701e-01 4.928954e+01 -7.000000e+00
      vertex   3.537870e-02 4.970998e+01 -6.600000e+00
      vertex   2.941977e-01 4.967591e+01 -6.600000e+00
    endloop
  endfacet
  facet normal 2.717580e-01 6.560819e-01 -7.040626e-01
    outer loop
      vertex   1.906701e-01 4.928954e+01 -7.000000e+00
      vertex   2.941977e-01 4.967591e+01 -6.600000e+00
      vertex   3.353787e-01 4.922960e+01 -7.000000e+00
    endloop
  endfacet
  facet normal 2.717580e-01 6.560819e-01 -7.040626e-01
    outer loop
      vertex   3.353787e-01 4.922960e+01 -7.000000e+00
      vertex   2.941977e-01 4.967591e+01 -6.600000e+00
      vertex   5.353787e-01 4.957601e+01 -6.600000e+00
    endloop
  endfacet
  facet normal 4.323046e-01 5.633903e-01 -7.040626e-01
    outer loop
      vertex   3.353787e-01 4.922960e+01 -7.000000e+00
      vertex   5.353787e-01 4.957601e+01 -6.600000e+00
      vertex   4.596428e-01 4.913425e+01 -7.000000e+00
    endloop
  endfacet
  facet normal 4.323046e-01 5.633903e-01 -7.040626e-01
    outer loop
      vertex   4.596428e-01 4.913425e+01 -7.000000e+00
      vertex   5.353787e-01 4.957601e+01 -6.600000e+00
      vertex   7.424855e-01 4.941709e+01 -6.600000e+00
    endloop
  endfacet
  facet normal 5.633903e-01 4.323046e-01 -7.040626e-01
    outer loop
      vertex   4.596428e-01 4.913425e+01 -7.000000e+00
      vertex   7.424855e-01 4.941709e+01 -6.600000e+00
      vertex   5.549939e-01 4.900998e+01 -7.000000e+00
    endloop
  endfacet
  facet normal 5.633903e-01 4.323046e-01 -7.040626e-01
    outer loop
      vertex   5.549939e-01 4.900998e+01 -7.000000e+00
      vertex   7.424855e-01 4.941709e+01 -6.600000e+00
      vertex   9.014041e-01 4.920998e+01 -6.600000e+00
    endloop
  endfacet
  facet normal 6.560819e-01 2.717580e-01 -7.040626e-01
    outer loop
      vertex   5.549939e-01 4.900998e+01 -7.000000e+00
      vertex   9.014041e-01 4.920998e+01 -6.600000e+00
      vertex   6.149342e-01 4.886527e+01 -7.000000e+00
    endloop
  endfacet
  facet normal 6.560819e-01 2.717580e-01 -7.040626e-01
    outer loop
      vertex   6.149342e-01 4.886527e+01 -7.000000e+00
      vertex   9.014041e-01 4.920998e+01 -6.600000e+00
      vertex   1.001305e+00 4.896880e+01 -6.600000e+00
    endloop
  endfacet
  facet normal 7.040626e-01 9.269160e-02 -7.040626e-01
    outer loop
      vertex   6.149342e-01 4.886527e+01 -7.000000e+00
      vertex   1.001305e+00 4.896880e+01 -6.600000e+00
      vertex   6.353787e-01 4.870998e+01 -7.000000e+00
    endloop
  endfacet
  facet normal 7.040626e-01 9.269160e-02 -7.040626e-01
    outer loop
      vertex   6.353787e-01 4.870998e+01 -7.000000e+00
      vertex   1.001305e+00 4.896880e+01 -6.600000e+00
      vertex   1.035379e+00 4.870998e+01 -6.600000e+00
    endloop
  endfacet
  facet normal -1.734351e-14 7.071068e-01 -7.071068e-01
    outer loop
      vertex   -2.463225e+00 4.970998e+01 -6.600000e+00
      vertex   3.537870e-02 4.970998e+01 -6.600000e+00
      vertex   -2.463225e+00 4.930998e+01 -7.000000e+00
    endloop
  endfacet
  facet normal -4.021682e-15 7.071068e-01 -7.071068e-01
    outer loop
      vertex   -2.463225e+00 4.930998e+01 -7.000000e+00
      vertex   3.537870e-02 4.970998e+01 -6.600000e+00
      vertex   3.537870e-02 4.930998e+01 -7.000000e+00
    endloop
  endfacet
  facet normal -6.823593e-01 1.945462e-01 -7.046542e-01
    outer loop
      vertex   -3.055544e+00 4.880568e+01 -7.000000e+00
      vertex   -3.450423e+00 4.886949e+01 -6.600000e+00
      vertex   -3.016956e+00 4.894103e+01 -7.000000e+00
    endloop
  endfacet
  facet normal -6.823593e-01 1.945462e-01 -7.046542e-01
    outer loop
      vertex   -3.016956e+00 4.894103e+01 -7.000000e+00
      vertex   -3.450423e+00 4.886949e+01 -6.600000e+00
      vertex   -3.386110e+00 4.909506e+01 -6.600000e+00
    endloop
  endfacet
  facet normal -6.182703e-01 3.481441e-01 -7.046542e-01
    outer loop
      vertex   -3.016956e+00 4.894103e+01 -7.000000e+00
      vertex   -3.386110e+00 4.909506e+01 -6.600000e+00
      vertex   -2.947904e+00 4.906366e+01 -7.000000e+00
    endloop
  endfacet
  facet normal -6.182703e-01 3.481441e-01 -7.046542e-01
    outer loop
      vertex   -2.947904e+00 4.906366e+01 -7.000000e+00
      vertex   -3.386110e+00 4.909506e+01 -6.600000e+00
      vertex   -3.271022e+00 4.929944e+01 -6.600000e+00
    endloop
  endfacet
  facet normal -5.201649e-01 4.825878e-01 -7.046542e-01
    outer loop
      vertex   -2.947904e+00 4.906366e+01 -7.000000e+00
      vertex   -3.271022e+00 4.929944e+01 -6.600000e+00
      vertex   -2.852184e+00 4.916683e+01 -7.000000e+00
    endloop
  endfacet
  facet normal -5.201649e-01 4.825878e-01 -7.046542e-01
    outer loop
      vertex   -2.852184e+00 4.916683e+01 -7.000000e+00
      vertex   -3.271022e+00 4.929944e+01 -6.600000e+00
      vertex   -3.111491e+00 4.947140e+01 -6.600000e+00
    endloop
  endfacet
  facet normal -3.934408e-01 5.904801e-01 -7.046542e-01
    outer loop
      vertex   -2.852184e+00 4.916683e+01 -7.000000e+00
      vertex   -3.111491e+00 4.947140e+01 -6.600000e+00
      vertex   -2.735065e+00 4.924487e+01 -7.000000e+00
    endloop
  endfacet
  facet normal -3.934408e-01 5.904801e-01 -7.046542e-01
    outer loop
      vertex   -2.735065e+00 4.924487e+01 -7.000000e+00
      vertex   -3.111491e+00 4.947140e+01 -6.600000e+00
      vertex   -2.916292e+00 4.960146e+01 -6.600000e+00
    endloop
  endfacet
  facet normal -2.450702e-01 6.658852e-01 -7.046542e-01
    outer loop
      vertex   -2.735065e+00 4.924487e+01 -7.000000e+00
      vertex   -2.916292e+00 4.960146e+01 -6.600000e+00
      vertex   -2.602990e+00 4.929348e+01 -7.000000e+00
    endloop
  endfacet
  facet normal -2.450702e-01 6.658852e-01 -7.046542e-01
    outer loop
      vertex   -2.602990e+00 4.929348e+01 -7.000000e+00
      vertex   -2.916292e+00 4.960146e+01 -6.600000e+00
      vertex   -2.696167e+00 4.968247e+01 -6.600000e+00
    endloop
  endfacet
  facet normal -8.321621e-02 7.046542e-01 -7.046542e-01
    outer loop
      vertex   -2.602990e+00 4.929348e+01 -7.000000e+00
      vertex   -2.696167e+00 4.968247e+01 -6.600000e+00
      vertex   -2.463225e+00 4.930998e+01 -7.000000e+00
    endloop
  endfacet
  facet normal -8.321621e-02 7.046542e-01 -7.046542e-01
    outer loop
      vertex   -2.463225e+00 4.930998e+01 -7.000000e+00
      vertex   -2.696167e+00 4.968247e+01 -6.600000e+00
      vertex   -2.463225e+00 4.970998e+01 -6.600000e+00
    endloop
  endfacet
  facet normal -6.980539e-01 1.127865e-01 -7.071068e-01
    outer loop
      vertex   -5.632830e+00 3.536222e+01 -6.600000e+00
      vertex   -3.450423e+00 4.886949e+01 -6.600000e+00
      vertex   -5.243229e+00 3.526575e+01 -7.000000e+00
    endloop
  endfacet
  facet normal -6.980539e-01 1.127865e-01 -7.071068e-01
    outer loop
      vertex   -5.243229e+00 3.526575e+01 -7.000000e+00
      vertex   -3.450423e+00 4.886949e+01 -6.600000e+00
      vertex   -3.055544e+00 4.880568e+01 -7.000000e+00
    endloop
  endfacet
  facet normal 7.038225e-01 6.807289e-02 -7.071068e-01
    outer loop
      vertex   3.366562e+01 5.076961e+00 -6.600000e+00
      vertex   3.326747e+01 5.038454e+00 -7.000000e+00
      vertex   3.210071e+01 2.125692e+01 -6.600000e+00
    endloop
  endfacet
  facet normal 7.038225e-01 6.807289e-02 -7.071068e-01
    outer loop
      vertex   3.210071e+01 2.125692e+01 -6.600000e+00
      vertex   3.326747e+01 5.038454e+00 -7.000000e+00
      vertex   3.170257e+01 2.121841e+01 -7.000000e+00
    endloop
  endfacet
  facet normal 7.033299e-01 7.307287e-02 -7.070979e-01
    outer loop
      vertex   3.210071e+01 2.125692e+01 -6.600000e+00
      vertex   3.170257e+01 2.121841e+01 -7.000000e+00
      vertex   3.207389e+01 2.151503e+01 -6.600000e+00
    endloop
  endfacet
  facet normal 7.033299e-01 7.307287e-02 -7.070979e-01
    outer loop
      vertex   3.207389e+01 2.151503e+01 -6.600000e+00
      vertex   3.170257e+01 2.121841e+01 -7.000000e+00
      vertex   3.167634e+01 2.147087e+01 -7.000000e+00
    endloop
  endfacet
  facet normal 7.022205e-01 8.305980e-02 -7.070979e-01
    outer loop
      vertex   3.207389e+01 2.151503e+01 -6.600000e+00
      vertex   3.167634e+01 2.147087e+01 -7.000000e+00
      vertex   3.204341e+01 2.177273e+01 -6.600000e+00
    endloop
  endfacet
  facet normal 7.022205e-01 8.305980e-02 -7.070979e-01
    outer loop
      vertex   3.204341e+01 2.177273e+01 -6.600000e+00
      vertex   3.167634e+01 2.147087e+01 -7.000000e+00
      vertex   3.164653e+01 2.172292e+01 -7.000000e+00
    endloop
  endfacet
  facet normal 7.009694e-01 9.302996e-02 -7.070979e-01
    outer loop
      vertex   3.204341e+01 2.177273e+01 -6.600000e+00
      vertex   3.164653e+01 2.172292e+01 -7.000000e+00
      vertex   3.200927e+01 2.202997e+01 -6.600000e+00
    endloop
  endfacet
  facet normal 7.009694e-01 9.302996e-02 -7.070979e-01
    outer loop
      vertex   3.200927e+01 2.202997e+01 -6.600000e+00
      vertex   3.164653e+01 2.172292e+01 -7.000000e+00
      vertex   3.161313e+01 2.197453e+01 -7.000000e+00
    endloop
  endfacet
  facet normal 7.002819e-01 9.800637e-02 -7.071068e-01
    outer loop
      vertex   2.785979e+01 4.879314e+01 -7.000000e+00
      vertex   2.825593e+01 4.884858e+01 -6.600000e+00
      vertex   3.161313e+01 2.197453e+01 -7.000000e+00
    endloop
  endfacet
  facet normal 7.002819e-01 9.800637e-02 -7.071068e-01
    outer loop
      vertex   3.161313e+01 2.197453e+01 -7.000000e+00
      vertex   2.825593e+01 4.884858e+01 -6.600000e+00
      vertex   3.200927e+01 2.202997e+01 -6.600000e+00
    endloop
  endfacet
  facet normal 8.446617e-02 7.045798e-01 -7.045798e-01
    outer loop
      vertex   2.726559e+01 4.930998e+01 -7.000000e+00
      vertex   2.726559e+01 4.970998e+01 -6.600000e+00
      vertex   2.740741e+01 4.929298e+01 -7.000000e+00
    endloop
  endfacet
  facet normal 8.446617e-02 7.045798e-01 -7.045798e-01
    outer loop
      vertex   2.740741e+01 4.929298e+01 -7.000000e+00
      vertex   2.726559e+01 4.970998e+01 -6.600000e+00
      vertex   2.750195e+01 4.968165e+01 -6.600000e+00
    endloop
  endfacet
  facet normal 2.486117e-01 6.646499e-01 -7.045798e-01
    outer loop
      vertex   2.740741e+01 4.929298e+01 -7.000000e+00
      vertex   2.750195e+01 4.968165e+01 -6.600000e+00
      vertex   2.754119e+01 4.924294e+01 -7.000000e+00
    endloop
  endfacet
  facet normal 2.486117e-01 6.646499e-01 -7.045798e-01
    outer loop
      vertex   2.754119e+01 4.924294e+01 -7.000000e+00
      vertex   2.750195e+01 4.968165e+01 -6.600000e+00
      vertex   2.772492e+01 4.959824e+01 -6.600000e+00
    endloop
  endfacet
  facet normal 3.986678e-01 5.870530e-01 -7.045798e-01
    outer loop
      vertex   2.754119e+01 4.924294e+01 -7.000000e+00
      vertex   2.772492e+01 4.959824e+01 -6.600000e+00
      vertex   2.765935e+01 4.916269e+01 -7.000000e+00
    endloop
  endfacet
  facet normal 3.986678e-01 5.870530e-01 -7.045798e-01
    outer loop
      vertex   2.765935e+01 4.916269e+01 -7.000000e+00
      vertex   2.772492e+01 4.959824e+01 -6.600000e+00
      vertex   2.792186e+01 4.946450e+01 -6.600000e+00
    endloop
  endfacet
  facet normal 5.261307e-01 4.761866e-01 -7.045798e-01
    outer loop
      vertex   2.765935e+01 4.916269e+01 -7.000000e+00
      vertex   2.792186e+01 4.946450e+01 -6.600000e+00
      vertex   2.775520e+01 4.905679e+01 -7.000000e+00
    endloop
  endfacet
  facet normal 5.261307e-01 4.761866e-01 -7.045798e-01
    outer loop
      vertex   2.775520e+01 4.905679e+01 -7.000000e+00
      vertex   2.792186e+01 4.946450e+01 -6.600000e+00
      vertex   2.808161e+01 4.928800e+01 -6.600000e+00
    endloop
  endfacet
  facet normal 6.237768e-01 3.383339e-01 -7.045798e-01
    outer loop
      vertex   2.775520e+01 4.905679e+01 -7.000000e+00
      vertex   2.808161e+01 4.928800e+01 -6.600000e+00
      vertex   2.782330e+01 4.893124e+01 -7.000000e+00
    endloop
  endfacet
  facet normal 6.237768e-01 3.383339e-01 -7.045798e-01
    outer loop
      vertex   2.782330e+01 4.893124e+01 -7.000000e+00
      vertex   2.808161e+01 4.928800e+01 -6.600000e+00
      vertex   2.819511e+01 4.907874e+01 -6.600000e+00
    endloop
  endfacet
  facet normal 6.860722e-01 1.813071e-01 -7.045798e-01
    outer loop
      vertex   2.782330e+01 4.893124e+01 -7.000000e+00
      vertex   2.819511e+01 4.907874e+01 -6.600000e+00
      vertex   2.785979e+01 4.879314e+01 -7.000000e+00
    endloop
  endfacet
  facet normal 6.860722e-01 1.813071e-01 -7.045798e-01
    outer loop
      vertex   2.785979e+01 4.879314e+01 -7.000000e+00
      vertex   2.819511e+01 4.907874e+01 -6.600000e+00
      vertex   2.825593e+01 4.884858e+01 -6.600000e+00
    endloop
  endfacet
  facet normal -8.356247e-15 7.071068e-01 -7.071068e-01
    outer loop
      vertex   2.478538e+01 4.970998e+01 -6.600000e+00
      vertex   2.726559e+01 4.970998e+01 -6.600000e+00
      vertex   2.478538e+01 4.930998e+01 -7.000000e+00
    endloop
  endfacet
  facet normal -4.051514e-15 7.071068e-01 -7.071068e-01
    outer loop
      vertex   2.478538e+01 4.930998e+01 -7.000000e+00
      vertex   2.726559e+01 4.970998e+01 -6.600000e+00
      vertex   2.726559e+01 4.930998e+01 -7.000000e+00
    endloop
  endfacet
  facet normal -7.040626e-01 9.269160e-02 -7.040626e-01
    outer loop
      vertex   2.418538e+01 4.870998e+01 -7.000000e+00
      vertex   2.378538e+01 4.870998e+01 -6.600000e+00
      vertex   2.420582e+01 4.886527e+01 -7.000000e+00
    endloop
  endfacet
  facet normal -7.040626e-01 9.269160e-02 -7.040626e-01
    outer loop
      vertex   2.420582e+01 4.886527e+01 -7.000000e+00
      vertex   2.378538e+01 4.870998e+01 -6.600000e+00
      vertex   2.381945e+01 4.896880e+01 -6.600000e+00
    endloop
  endfacet
  facet normal -6.560819e-01 2.717580e-01 -7.040626e-01
    outer loop
      vertex   2.420582e+01 4.886527e+01 -7.000000e+00
      vertex   2.381945e+01 4.896880e+01 -6.600000e+00
      vertex   2.426576e+01 4.900998e+01 -7.000000e+00
    endloop
  endfacet
  facet normal -6.560819e-01 2.717580e-01 -7.040626e-01
    outer loop
      vertex   2.426576e+01 4.900998e+01 -7.000000e+00
      vertex   2.381945e+01 4.896880e+01 -6.600000e+00
      vertex   2.391935e+01 4.920998e+01 -6.600000e+00
    endloop
  endfacet
  facet normal -5.633903e-01 4.323046e-01 -7.040626e-01
    outer loop
      vertex   2.426576e+01 4.900998e+01 -7.000000e+00
      vertex   2.391935e+01 4.920998e+01 -6.600000e+00
      vertex   2.436111e+01 4.913425e+01 -7.000000e+00
    endloop
  endfacet
  facet normal -5.633903e-01 4.323046e-01 -7.040626e-01
    outer loop
      vertex   2.436111e+01 4.913425e+01 -7.000000e+00
      vertex   2.391935e+01 4.920998e+01 -6.600000e+00
      vertex   2.407827e+01 4.941709e+01 -6.600000e+00
    endloop
  endfacet
  facet normal -4.323046e-01 5.633903e-01 -7.040626e-01
    outer loop
      vertex   2.436111e+01 4.913425e+01 -7.000000e+00
      vertex   2.407827e+01 4.941709e+01 -6.600000e+00
      vertex   2.448538e+01 4.922960e+01 -7.000000e+00
    endloop
  endfacet
  facet normal -4.323046e-01 5.633903e-01 -7.040626e-01
    outer loop
      vertex   2.448538e+01 4.922960e+01 -7.000000e+00
      vertex   2.407827e+01 4.941709e+01 -6.600000e+00
      vertex   2.428538e+01 4.957601e+01 -6.600000e+00
    endloop
  endfacet
  facet normal -2.717580e-01 6.560819e-01 -7.040626e-01
    outer loop
      vertex   2.448538e+01 4.922960e+01 -7.000000e+00
      vertex   2.428538e+01 4.957601e+01 -6.600000e+00
      vertex   2.463009e+01 4.928954e+01 -7.000000e+00
    endloop
  endfacet
  facet normal -2.717580e-01 6.560819e-01 -7.040626e-01
    outer loop
      vertex   2.463009e+01 4.928954e+01 -7.000000e+00
      vertex   2.428538e+01 4.957601e+01 -6.600000e+00
      vertex   2.452656e+01 4.967591e+01 -6.600000e+00
    endloop
  endfacet
  facet normal -9.269160e-02 7.040626e-01 -7.040626e-01
    outer loop
      vertex   2.463009e+01 4.928954e+01 -7.000000e+00
      vertex   2.452656e+01 4.967591e+01 -6.600000e+00
      vertex   2.478538e+01 4.930998e+01 -7.000000e+00
    endloop
  endfacet
  facet normal -9.269160e-02 7.040626e-01 -7.040626e-01
    outer loop
      vertex   2.478538e+01 4.930998e+01 -7.000000e+00
      vertex   2.452656e+01 4.967591e+01 -6.600000e+00
      vertex   2.478538e+01 4.970998e+01 -6.600000e+00
    endloop
  endfacet
  facet normal 9.914449e-01 1.305262e-01 0.000000e+00
    outer loop
      vertex   1.035379e+00 4.870998e+01 2.000000e-01
      vertex   1.035379e+00 4.870998e+01 -6.600000e+00
      vertex   1.001305e+00 4.896880e+01 -3.200000e+00
    endloop
  endfacet
  facet normal 9.914449e-01 1.305262e-01 -5.965204e-16
    outer loop
      vertex   1.001305e+00 4.896880e+01 -3.200000e+00
      vertex   1.035379e+00 4.870998e+01 -6.600000e+00
      vertex   1.001305e+00 4.896880e+01 -6.600000e+00
    endloop
  endfacet
  facet normal 9.238795e-01 3.826834e-01 -1.101424e-15
    outer loop
      vertex   1.001305e+00 4.896880e+01 -3.200000e+00
      vertex   1.001305e+00 4.896880e+01 -6.600000e+00
      vertex   9.014041e-01 4.920998e+01 -3.200000e+00
    endloop
  endfacet
  facet normal 9.238795e-01 3.826834e-01 -1.734952e-15
    outer loop
      vertex   9.014041e-01 4.920998e+01 -3.200000e+00
      vertex   1.001305e+00 4.896880e+01 -6.600000e+00
      vertex   9.014041e-01 4.920998e+01 -6.600000e+00
    endloop
  endfacet
  facet normal 7.933533e-01 6.087614e-01 -2.075290e-15
    outer loop
      vertex   9.014041e-01 4.920998e+01 -3.200000e+00
      vertex   9.014041e-01 4.920998e+01 -6.600000e+00
      vertex   7.424855e-01 4.941709e+01 -3.200000e+00
    endloop
  endfacet
  facet normal 7.933533e-01 6.087614e-01 -3.140252e-15
    outer loop
      vertex   7.424855e-01 4.941709e+01 -3.200000e+00
      vertex   9.014041e-01 4.920998e+01 -6.600000e+00
      vertex   7.424855e-01 4.941709e+01 -6.600000e+00
    endloop
  endfacet
  facet normal 6.087614e-01 7.933533e-01 -3.773150e-15
    outer loop
      vertex   7.424855e-01 4.941709e+01 -3.200000e+00
      vertex   7.424855e-01 4.941709e+01 -6.600000e+00
      vertex   5.353787e-01 4.957601e+01 -3.200000e+00
    endloop
  endfacet
  facet normal 6.087614e-01 7.933533e-01 -1.817001e-15
    outer loop
      vertex   5.353787e-01 4.957601e+01 -3.200000e+00
      vertex   7.424855e-01 4.941709e+01 -6.600000e+00
      vertex   5.353787e-01 4.957601e+01 -6.600000e+00
    endloop
  endfacet
  facet normal 3.826834e-01 9.238795e-01 -2.030721e-15
    outer loop
      vertex   5.353787e-01 4.957601e+01 -3.200000e+00
      vertex   5.353787e-01 4.957601e+01 -6.600000e+00
      vertex   2.941977e-01 4.967591e+01 -3.200000e+00
    endloop
  endfacet
  facet normal 3.826834e-01 9.238795e-01 -4.142665e-15
    outer loop
      vertex   2.941977e-01 4.967591e+01 -3.200000e+00
      vertex   5.353787e-01 4.957601e+01 -6.600000e+00
      vertex   2.941977e-01 4.967591e+01 -6.600000e+00
    endloop
  endfacet
  facet normal 1.305262e-01 9.914449e-01 -4.239804e-15
    outer loop
      vertex   2.941977e-01 4.967591e+01 -3.200000e+00
      vertex   2.941977e-01 4.967591e+01 -6.600000e+00
      vertex   3.537870e-02 4.970998e+01 -6.600000e+00
    endloop
  endfacet
  facet normal 1.305262e-01 9.914449e-01 -2.062629e-15
    outer loop
      vertex   3.537870e-02 4.970998e+01 -6.600000e+00
      vertex   3.537870e-02 4.970998e+01 2.000000e-01
      vertex   2.941977e-01 4.967591e+01 -3.200000e+00
    endloop
  endfacet
  facet normal 1.305262e-01 9.914449e-01 4.262152e-18
    outer loop
      vertex   2.941977e-01 4.967591e+01 -3.200000e+00
      vertex   3.537870e-02 4.970998e+01 2.000000e-01
      vertex   2.941977e-01 4.967591e+01 2.000000e-01
    endloop
  endfacet
  facet normal 3.826834e-01 9.238795e-01 1.249600e-17
    outer loop
      vertex   2.941977e-01 4.967591e+01 -3.200000e+00
      vertex   2.941977e-01 4.967591e+01 2.000000e-01
      vertex   5.353787e-01 4.957601e+01 -3.200000e+00
    endloop
  endfacet
  facet normal 3.826834e-01 9.238795e-01 -2.355617e-15
    outer loop
      vertex   5.353787e-01 4.957601e+01 -3.200000e+00
      vertex   2.941977e-01 4.967591e+01 2.000000e-01
      vertex   5.353787e-01 4.957601e+01 2.000000e-01
    endloop
  endfacet
  facet normal 6.087614e-01 7.933533e-01 -2.333836e-15
    outer loop
      vertex   5.353787e-01 4.957601e+01 -3.200000e+00
      vertex   5.353787e-01 4.957601e+01 2.000000e-01
      vertex   7.424855e-01 4.941709e+01 -3.200000e+00
    endloop
  endfacet
  facet normal 6.087614e-01 7.933533e-01 -5.764696e-16
    outer loop
      vertex   7.424855e-01 4.941709e+01 -3.200000e+00
      vertex   5.353787e-01 4.957601e+01 2.000000e-01
      vertex   7.424855e-01 4.941709e+01 2.000000e-01
    endloop
  endfacet
  facet normal 7.933533e-01 6.087614e-01 -7.512699e-16
    outer loop
      vertex   7.424855e-01 4.941709e+01 -3.200000e+00
      vertex   7.424855e-01 4.941709e+01 2.000000e-01
      vertex   9.014041e-01 4.920998e+01 -3.200000e+00
    endloop
  endfacet
  facet normal 7.933533e-01 6.087614e-01 -4.663054e-16
    outer loop
      vertex   9.014041e-01 4.920998e+01 -3.200000e+00
      vertex   7.424855e-01 4.941709e+01 2.000000e-01
      vertex   9.014041e-01 4.920998e+01 2.000000e-01
    endloop
  endfacet
  facet normal 9.238795e-01 3.826834e-01 -5.430242e-16
    outer loop
      vertex   9.014041e-01 4.920998e+01 -3.200000e+00
      vertex   9.014041e-01 4.920998e+01 2.000000e-01
      vertex   1.001305e+00 4.896880e+01 -3.200000e+00
    endloop
  endfacet
  facet normal 9.238795e-01 3.826834e-01 -6.033602e-16
    outer loop
      vertex   1.001305e+00 4.896880e+01 -3.200000e+00
      vertex   9.014041e-01 4.920998e+01 2.000000e-01
      vertex   1.001305e+00 4.896880e+01 2.000000e-01
    endloop
  endfacet
  facet normal 9.914449e-01 1.305262e-01 -6.474852e-16
    outer loop
      vertex   1.001305e+00 4.896880e+01 -3.200000e+00
      vertex   1.001305e+00 4.896880e+01 2.000000e-01
      vertex   1.035379e+00 4.870998e+01 2.000000e-01
    endloop
  endfacet
  facet normal 5.687518e-15 1.000000e+00 -2.089832e-15
    outer loop
      vertex   3.537870e-02 4.970998e+01 -6.600000e+00
      vertex   -2.463225e+00 4.970998e+01 -6.600000e+00
      vertex   3.537870e-02 4.970998e+01 2.000000e-01
    endloop
  endfacet
  facet normal 0.000000e+00 1.000000e+00 0.000000e+00
    outer loop
      vertex   3.537870e-02 4.970998e+01 2.000000e-01
      vertex   -2.463225e+00 4.970998e+01 -6.600000e+00
      vertex   -2.463225e+00 4.970998e+01 2.000000e-01
    endloop
  endfacet
  facet normal -1.172801e-01 9.930989e-01 0.000000e+00
    outer loop
      vertex   -2.463225e+00 4.970998e+01 2.000000e-01
      vertex   -2.463225e+00 4.970998e+01 -6.600000e+00
      vertex   -2.696167e+00 4.968247e+01 -3.200000e+00
    endloop
  endfacet
  facet normal -1.172801e-01 9.930989e-01 -2.152002e-15
    outer loop
      vertex   -2.696167e+00 4.968247e+01 -3.200000e+00
      vertex   -2.463225e+00 4.970998e+01 -6.600000e+00
      vertex   -2.696167e+00 4.968247e+01 -6.600000e+00
    endloop
  endfacet
  facet normal -3.453878e-01 9.384601e-01 -2.186787e-15
    outer loop
      vertex   -2.696167e+00 4.968247e+01 -3.200000e+00
      vertex   -2.696167e+00 4.968247e+01 -6.600000e+00
      vertex   -2.916292e+00 4.960146e+01 -3.200000e+00
    endloop
  endfacet
  facet normal -3.453878e-01 9.384601e-01 -4.148010e-15
    outer loop
      vertex   -2.916292e+00 4.960146e+01 -3.200000e+00
      vertex   -2.696167e+00 4.968247e+01 -6.600000e+00
      vertex   -2.916292e+00 4.960146e+01 -6.600000e+00
    endloop
  endfacet
  facet normal -5.544927e-01 8.321886e-01 -3.840392e-15
    outer loop
      vertex   -2.916292e+00 4.960146e+01 -3.200000e+00
      vertex   -2.916292e+00 4.960146e+01 -6.600000e+00
      vertex   -3.111491e+00 4.947140e+01 -3.200000e+00
    endloop
  endfacet
  facet normal -5.544927e-01 8.321886e-01 -7.242478e-17
    outer loop
      vertex   -3.111491e+00 4.947140e+01 -3.200000e+00
      vertex   -2.916292e+00 4.960146e+01 -6.600000e+00
      vertex   -3.111491e+00 4.947140e+01 -6.600000e+00
    endloop
  endfacet
  facet normal -7.330903e-01 6.801313e-01 -9.575221e-17
    outer loop
      vertex   -3.111491e+00 4.947140e+01 -3.200000e+00
      vertex   -3.111491e+00 4.947140e+01 -6.600000e+00
      vertex   -3.271022e+00 4.929944e+01 -3.200000e+00
    endloop
  endfacet
  facet normal -7.330903e-01 6.801313e-01 -3.608737e-15
    outer loop
      vertex   -3.271022e+00 4.929944e+01 -3.200000e+00
      vertex   -3.111491e+00 4.947140e+01 -6.600000e+00
      vertex   -3.271022e+00 4.929944e+01 -6.600000e+00
    endloop
  endfacet
  facet normal -8.713544e-01 4.906542e-01 -2.961261e-15
    outer loop
      vertex   -3.271022e+00 4.929944e+01 -3.200000e+00
      vertex   -3.271022e+00 4.929944e+01 -6.600000e+00
      vertex   -3.386110e+00 4.909506e+01 -3.200000e+00
    endloop
  endfacet
  facet normal -8.713544e-01 4.906542e-01 -5.690575e-16
    outer loop
      vertex   -3.386110e+00 4.909506e+01 -3.200000e+00
      vertex   -3.271022e+00 4.929944e+01 -6.600000e+00
      vertex   -3.386110e+00 4.909506e+01 -6.600000e+00
    endloop
  endfacet
  facet normal -9.616778e-01 2.741821e-01 -6.280452e-16
    outer loop
      vertex   -3.386110e+00 4.909506e+01 -3.200000e+00
      vertex   -3.386110e+00 4.909506e+01 -6.600000e+00
      vertex   -3.450423e+00 4.886949e+01 -6.600000e+00
    endloop
  endfacet
  facet normal -9.616778e-01 2.741821e-01 0.000000e+00
    outer loop
      vertex   -3.450423e+00 4.886949e+01 -6.600000e+00
      vertex   -3.450423e+00 4.886949e+01 2.000000e-01
      vertex   -3.386110e+00 4.909506e+01 -3.200000e+00
    endloop
  endfacet
  facet normal -9.616778e-01 2.741821e-01 -1.130481e-15
    outer loop
      vertex   -3.386110e+00 4.909506e+01 -3.200000e+00
      vertex   -3.450423e+00 4.886949e+01 2.000000e-01
      vertex   -3.386110e+00 4.909506e+01 2.000000e-01
    endloop
  endfacet
  facet normal -8.713544e-01 4.906542e-01 -1.024303e-15
    outer loop
      vertex   -3.386110e+00 4.909506e+01 -3.200000e+00
      vertex   -3.386110e+00 4.909506e+01 2.000000e-01
      vertex   -3.271022e+00 4.929944e+01 -3.200000e+00
    endloop
  endfacet
  facet normal -8.713544e-01 4.906542e-01 -1.024303e-15
    outer loop
      vertex   -3.271022e+00 4.929944e+01 -3.200000e+00
      vertex   -3.386110e+00 4.909506e+01 2.000000e-01
      vertex   -3.271022e+00 4.929944e+01 2.000000e-01
    endloop
  endfacet
  facet normal -7.330903e-01 6.801313e-01 -8.617698e-16
    outer loop
      vertex   -3.271022e+00 4.929944e+01 -3.200000e+00
      vertex   -3.271022e+00 4.929944e+01 2.000000e-01
      vertex   -3.111491e+00 4.947140e+01 -3.200000e+00
    endloop
  endfacet
  facet normal -7.330903e-01 6.801313e-01 -4.183251e-15
    outer loop
      vertex   -3.111491e+00 4.947140e+01 -3.200000e+00
      vertex   -3.271022e+00 4.929944e+01 2.000000e-01
      vertex   -3.111491e+00 4.947140e+01 2.000000e-01
    endloop
  endfacet
  facet normal -5.544927e-01 8.321886e-01 -4.492215e-15
    outer loop
      vertex   -3.111491e+00 4.947140e+01 -3.200000e+00
      vertex   -3.111491e+00 4.947140e+01 2.000000e-01
      vertex   -2.916292e+00 4.960146e+01 -3.200000e+00
    endloop
  endfacet
  facet normal -5.544927e-01 8.321886e-01 -2.246107e-15
    outer loop
      vertex   -2.916292e+00 4.960146e+01 -3.200000e+00
      vertex   -3.111491e+00 4.947140e+01 2.000000e-01
      vertex   -2.916292e+00 4.960146e+01 2.000000e-01
    endloop
  endfacet
  facet normal -3.453878e-01 9.384601e-01 -2.277012e-15
    outer loop
      vertex   -2.916292e+00 4.960146e+01 -3.200000e+00
      vertex   -2.916292e+00 4.960146e+01 2.000000e-01
      vertex   -2.696167e+00 4.968247e+01 -3.200000e+00
    endloop
  endfacet
  facet normal -3.453878e-01 9.384601e-01 -4.012672e-15
    outer loop
      vertex   -2.696167e+00 4.968247e+01 -3.200000e+00
      vertex   -2.916292e+00 4.960146e+01 2.000000e-01
      vertex   -2.696167e+00 4.968247e+01 2.000000e-01
    endloop
  endfacet
  facet normal -1.172801e-01 9.930989e-01 -4.181456e-15
    outer loop
      vertex   -2.696167e+00 4.968247e+01 -3.200000e+00
      vertex   -2.696167e+00 4.968247e+01 2.000000e-01
      vertex   -2.463225e+00 4.970998e+01 2.000000e-01
    endloop
  endfacet
  facet normal -9.871972e-01 1.595042e-01 0.000000e+00
    outer loop
      vertex   -3.450423e+00 4.886949e+01 -6.600000e+00
      vertex   -5.632830e+00 3.536222e+01 -6.600000e+00
      vertex   -3.450423e+00 4.886949e+01 2.000000e-01
    endloop
  endfacet
  facet normal -9.871972e-01 1.595042e-01 0.000000e+00
    outer loop
      vertex   -3.450423e+00 4.886949e+01 2.000000e-01
      vertex   -5.632830e+00 3.536222e+01 -6.600000e+00
      vertex   -5.632830e+00 3.536222e+01 2.000000e-01
    endloop
  endfacet
  facet normal -9.645718e-01 2.638204e-01 0.000000e+00
    outer loop
      vertex   -5.632830e+00 3.536222e+01 2.000000e-01
      vertex   -5.632830e+00 3.536222e+01 -6.600000e+00
      vertex   -5.731392e+00 3.500186e+01 2.000000e-01
    endloop
  endfacet
  facet normal -9.645718e-01 2.638204e-01 -2.756701e-16
    outer loop
      vertex   -5.731392e+00 3.500186e+01 2.000000e-01
      vertex   -5.632830e+00 3.536222e+01 -6.600000e+00
      vertex   -5.731392e+00 3.500186e+01 -6.600000e+00
    endloop
  endfacet
  facet normal -9.871972e-01 1.595042e-01 -1.666685e-16
    outer loop
      vertex   -5.731392e+00 3.500186e+01 2.000000e-01
      vertex   -5.731392e+00 3.500186e+01 -6.600000e+00
      vertex   -5.790982e+00 3.463305e+01 2.000000e-01
    endloop
  endfacet
  facet normal -9.871972e-01 1.595042e-01 -1.666685e-16
    outer loop
      vertex   -5.790982e+00 3.463305e+01 2.000000e-01
      vertex   -5.731392e+00 3.500186e+01 -6.600000e+00
      vertex   -5.790982e+00 3.463305e+01 -6.600000e+00
    endloop
  endfacet
  facet normal -9.985748e-01 5.337077e-02 -5.576796e-17
    outer loop
      vertex   -5.790982e+00 3.463305e+01 2.000000e-01
      vertex   -5.790982e+00 3.463305e+01 -6.600000e+00
      vertex   -5.810921e+00 3.425998e+01 2.000000e-01
    endloop
  endfacet
  facet normal -9.985748e-01 5.337077e-02 -5.576796e-17
    outer loop
      vertex   -5.810921e+00 3.425998e+01 2.000000e-01
      vertex   -5.790982e+00 3.463305e+01 -6.600000e+00
      vertex   -5.810921e+00 3.425998e+01 -6.600000e+00
    endloop
  endfacet
  facet normal -1.000000e+00 -9.893721e-09 1.033811e-23
    outer loop
      vertex   -5.810921e+00 3.425998e+01 2.000000e-01
      vertex   -5.810921e+00 3.425998e+01 -6.600000e+00
      vertex   -5.810921e+00 2.790813e+01 -4.600000e+00
    endloop
  endfacet
  facet normal -1.000000e+00 -9.893721e-09 6.885012e-16
    outer loop
      vertex   -5.810921e+00 2.790813e+01 -4.600000e+00
      vertex   -5.810921e+00 3.425998e+01 -6.600000e+00
      vertex   -5.810921e+00 1.395000e+01 -6.600000e+00
    endloop
  endfacet
  facet normal -1.000000e+00 -9.893721e-09 1.517096e-23
    outer loop
      vertex   -5.810921e+00 2.790813e+01 -4.600000e+00
      vertex   -5.810921e+00 1.395000e+01 -6.600000e+00
      vertex   -5.810921e+00 1.395000e+01 -4.600000e+00
    endloop
  endfacet
  facet normal -1.000000e+00 -9.893721e-09 -1.850372e-16
    outer loop
      vertex   -5.810921e+00 2.790813e+01 -4.600000e+00
      vertex   -5.810921e+00 2.790813e+01 2.000000e-01
      vertex   -5.810921e+00 3.425998e+01 2.000000e-01
    endloop
  endfacet
  facet normal -1.000000e+00 9.654113e-17 -1.714915e-31
    outer loop
      vertex   -5.810921e+00 1.395000e+01 -6.600000e+00
      vertex   -5.810921e+00 4.750000e+00 -6.600000e+00
      vertex   -5.810921e+00 1.395000e+01 -4.600000e+00
    endloop
  endfacet
  facet normal -1.000000e+00 9.654113e-17 0.000000e+00
    outer loop
      vertex   -5.810921e+00 1.395000e+01 -4.600000e+00
      vertex   -5.810921e+00 4.750000e+00 -6.600000e+00
      vertex   -5.810921e+00 4.750000e+00 -4.600000e+00
    endloop
  endfacet
  facet normal -9.974521e-01 -7.133918e-02 -0.000000e+00
    outer loop
      vertex   -5.810921e+00 4.750000e+00 -4.600000e+00
      vertex   -5.810921e+00 4.750000e+00 -6.600000e+00
      vertex   -5.775296e+00 4.251898e+00 -4.600000e+00
    endloop
  endfacet
  facet normal -9.974521e-01 -7.133918e-02 4.112768e-16
    outer loop
      vertex   -5.775296e+00 4.251898e+00 -4.600000e+00
      vertex   -5.810921e+00 4.750000e+00 -6.600000e+00
      vertex   -5.775296e+00 4.251898e+00 -6.600000e+00
    endloop
  endfacet
  facet normal -9.771469e-01 -2.125653e-01 3.395424e-16
    outer loop
      vertex   -5.775296e+00 4.251898e+00 -4.600000e+00
      vertex   -5.775296e+00 4.251898e+00 -6.600000e+00
      vertex   -5.669147e+00 3.763936e+00 -4.600000e+00
    endloop
  endfacet
  facet normal -9.771469e-01 -2.125653e-01 4.719898e-17
    outer loop
      vertex   -5.669147e+00 3.763936e+00 -4.600000e+00
      vertex   -5.775296e+00 4.251898e+00 -6.600000e+00
      vertex   -5.669147e+00 3.763936e+00 -6.600000e+00
    endloop
  endfacet
  facet normal -9.369497e-01 -3.494642e-01 7.759664e-17
    outer loop
      vertex   -5.669147e+00 3.763936e+00 -4.600000e+00
      vertex   -5.669147e+00 3.763936e+00 -6.600000e+00
      vertex   -5.494633e+00 3.296047e+00 -4.600000e+00
    endloop
  endfacet
  facet normal -9.369497e-01 -3.494642e-01 4.160893e-16
    outer loop
      vertex   -5.494633e+00 3.296047e+00 -4.600000e+00
      vertex   -5.669147e+00 3.763936e+00 -6.600000e+00
      vertex   -5.494633e+00 3.296047e+00 -6.600000e+00
    endloop
  endfacet
  facet normal -8.776790e-01 -4.792490e-01 3.897678e-16
    outer loop
      vertex   -5.494633e+00 3.296047e+00 -4.600000e+00
      vertex   -5.494633e+00 3.296047e+00 -6.600000e+00
      vertex   -5.255309e+00 2.857757e+00 -4.600000e+00
    endloop
  endfacet
  facet normal -8.776790e-01 -4.792490e-01 1.064147e-16
    outer loop
      vertex   -5.255309e+00 2.857757e+00 -4.600000e+00
      vertex   -5.494633e+00 3.296047e+00 -6.600000e+00
      vertex   -5.255309e+00 2.857757e+00 -6.600000e+00
    endloop
  endfacet
  facet normal -8.005412e-01 -5.992777e-01 1.330664e-16
    outer loop
      vertex   -5.255309e+00 2.857757e+00 -4.600000e+00
      vertex   -5.255309e+00 2.857757e+00 -6.600000e+00
      vertex   -4.956045e+00 2.457987e+00 -4.600000e+00
    endloop
  endfacet
  facet normal -8.005412e-01 -5.992777e-01 3.555117e-16
    outer loop
      vertex   -4.956045e+00 2.457987e+00 -4.600000e+00
      vertex   -5.255309e+00 2.857757e+00 -6.600000e+00
      vertex   -4.956045e+00 2.457987e+00 -6.600000e+00
    endloop
  endfacet
  facet normal -7.071068e-01 -7.071068e-01 3.140185e-16
    outer loop
      vertex   -4.956045e+00 2.457987e+00 -4.600000e+00
      vertex   -4.956045e+00 2.457987e+00 -6.600000e+00
      vertex   -4.602934e+00 2.104876e+00 -4.600000e+00
    endloop
  endfacet
  facet normal -7.071068e-01 -7.071068e-01 1.570092e-16
    outer loop
      vertex   -4.602934e+00 2.104876e+00 -4.600000e+00
      vertex   -4.956045e+00 2.457987e+00 -6.600000e+00
      vertex   -4.602934e+00 2.104876e+00 -6.600000e+00
    endloop
  endfacet
  facet normal -5.992777e-01 -8.005412e-01 1.777559e-16
    outer loop
      vertex   -4.602934e+00 2.104876e+00 -4.600000e+00
      vertex   -4.602934e+00 2.104876e+00 -6.600000e+00
      vertex   -4.203164e+00 1.805613e+00 -4.600000e+00
    endloop
  endfacet
  facet normal -5.992777e-01 -8.005412e-01 8.887793e-17
    outer loop
      vertex   -4.203164e+00 1.805613e+00 -4.600000e+00
      vertex   -4.602934e+00 2.104876e+00 -6.600000e+00
      vertex   -4.203164e+00 1.805613e+00 -6.600000e+00
    endloop
  endfacet
  facet normal -4.792490e-01 -8.776790e-01 9.744194e-17
    outer loop
      vertex   -4.203164e+00 1.805613e+00 -4.600000e+00
      vertex   -4.203164e+00 1.805613e+00 -6.600000e+00
      vertex   -3.764874e+00 1.566288e+00 -4.600000e+00
    endloop
  endfacet
  facet normal -4.792490e-01 -8.776790e-01 3.012985e-16
    outer loop
      vertex   -3.764874e+00 1.566288e+00 -4.600000e+00
      vertex   -4.203164e+00 1.805613e+00 -6.600000e+00
      vertex   -3.764874e+00 1.566288e+00 -6.600000e+00
    endloop
  endfacet
  facet normal -3.494642e-01 -9.369497e-01 2.856413e-16
    outer loop
      vertex   -3.764874e+00 1.566288e+00 -4.600000e+00
      vertex   -3.764874e+00 1.566288e+00 -6.600000e+00
      vertex   -3.296985e+00 1.391775e+00 -4.600000e+00
    endloop
  endfacet
  facet normal -3.494642e-01 -9.369497e-01 3.120669e-16
    outer loop
      vertex   -3.296985e+00 1.391775e+00 -4.600000e+00
      vertex   -3.764874e+00 1.566288e+00 -6.600000e+00
      vertex   -3.296985e+00 1.391775e+00 -6.600000e+00
    endloop
  endfacet
  facet normal -2.125653e-01 -9.771469e-01 3.254553e-16
    outer loop
      vertex   -3.296985e+00 1.391775e+00 -4.600000e+00
      vertex   -3.296985e+00 1.391775e+00 -6.600000e+00
      vertex   -2.809023e+00 1.285625e+00 -4.600000e+00
    endloop
  endfacet
  facet normal -2.125653e-01 -9.771469e-01 -0.000000e+00
    outer loop
      vertex   -2.809023e+00 1.285625e+00 -4.600000e+00
      vertex   -3.296985e+00 1.391775e+00 -6.600000e+00
      vertex   -2.809023e+00 1.285625e+00 -6.600000e+00
    endloop
  endfacet
  facet normal -7.133918e-02 -9.974521e-01 -0.000000e+00
    outer loop
      vertex   -2.809023e+00 1.285625e+00 -4.600000e+00
      vertex   -2.809023e+00 1.285625e+00 -6.600000e+00
      vertex   -2.310921e+00 1.250000e+00 -4.600000e+00
    endloop
  endfacet
  facet normal -7.133918e-02 -9.974521e-01 -0.000000e+00
    outer loop
      vertex   -2.310921e+00 1.250000e+00 -4.600000e+00
      vertex   -2.809023e+00 1.285625e+00 -6.600000e+00
      vertex   -2.310921e+00 1.250000e+00 -6.600000e+00
    endloop
  endfacet
  facet normal -1.355425e-16 -1.000000e+00 -0.000000e+00
    outer loop
      vertex   -2.310921e+00 1.250000e+00 -4.600000e+00
      vertex   -2.310921e+00 1.250000e+00 -6.600000e+00
      vertex   9.156419e+00 1.250000e+00 -4.600000e+00
    endloop
  endfacet
  facet normal -1.240140e-16 -1.000000e+00 -6.610079e-17
    outer loop
      vertex   9.156419e+00 1.250000e+00 -4.600000e+00
      vertex   -2.310921e+00 1.250000e+00 -6.600000e+00
      vertex   2.991772e+01 1.250000e+00 -6.600000e+00
    endloop
  endfacet
  facet normal -3.900573e-17 -1.000000e+00 8.163405e-16
    outer loop
      vertex   9.156419e+00 1.250000e+00 -4.600000e+00
      vertex   2.991772e+01 1.250000e+00 -6.600000e+00
      vertex   2.991772e+01 1.250000e+00 2.000000e-01
    endloop
  endfacet
  facet normal 1.497317e-16 -1.000000e+00 0.000000e+00
    outer loop
      vertex   2.991772e+01 1.250000e+00 2.000000e-01
      vertex   9.156419e+00 1.250000e+00 2.000000e-01
      vertex   9.156419e+00 1.250000e+00 -4.600000e+00
    endloop
  endfacet
  facet normal -2.928768e-03 -9.999957e-01 8.163370e-16
    outer loop
      vertex   2.991772e+01 1.250000e+00 2.000000e-01
      vertex   2.991772e+01 1.250000e+00 -6.600000e+00
      vertex   3.042558e+01 1.248513e+00 2.000000e-01
    endloop
  endfacet
  facet normal -2.928768e-03 -9.999957e-01 7.183765e-16
    outer loop
      vertex   3.042558e+01 1.248513e+00 2.000000e-01
      vertex   2.991772e+01 1.250000e+00 -6.600000e+00
      vertex   3.042558e+01 1.248513e+00 -6.600000e+00
    endloop
  endfacet
  facet normal 1.418214e-01 -9.898923e-01 7.111184e-16
    outer loop
      vertex   3.042558e+01 1.248513e+00 2.000000e-01
      vertex   3.042558e+01 1.248513e+00 -6.600000e+00
      vertex   3.092830e+01 1.320538e+00 2.000000e-01
    endloop
  endfacet
  facet normal 1.418214e-01 -9.898923e-01 7.111184e-16
    outer loop
      vertex   3.092830e+01 1.320538e+00 2.000000e-01
      vertex   3.042558e+01 1.248513e+00 -6.600000e+00
      vertex   3.092830e+01 1.320538e+00 -6.600000e+00
    endloop
  endfacet
  facet normal 2.835855e-01 -9.589470e-01 6.888879e-16
    outer loop
      vertex   3.092830e+01 1.320538e+00 2.000000e-01
      vertex   3.092830e+01 1.320538e+00 -6.600000e+00
      vertex   3.141531e+01 1.464559e+00 2.000000e-01
    endloop
  endfacet
  facet normal 2.835855e-01 -9.589470e-01 6.888879e-16
    outer loop
      vertex   3.141531e+01 1.464559e+00 2.000000e-01
      vertex   3.092830e+01 1.320538e+00 -6.600000e+00
      vertex   3.141531e+01 1.464559e+00 -6.600000e+00
    endloop
  endfacet
  facet normal 4.193788e-01 -9.078113e-01 6.521531e-16
    outer loop
      vertex   3.141531e+01 1.464559e+00 2.000000e-01
      vertex   3.141531e+01 1.464559e+00 -6.600000e+00
      vertex   3.187635e+01 1.677544e+00 2.000000e-01
    endloop
  endfacet
  facet normal 4.193788e-01 -9.078113e-01 6.521531e-16
    outer loop
      vertex   3.187635e+01 1.677544e+00 2.000000e-01
      vertex   3.141531e+01 1.464559e+00 -6.600000e+00
      vertex   3.187635e+01 1.677544e+00 -6.600000e+00
    endloop
  endfacet
  facet normal 5.463423e-01 -8.375620e-01 6.016875e-16
    outer loop
      vertex   3.187635e+01 1.677544e+00 2.000000e-01
      vertex   3.187635e+01 1.677544e+00 -6.600000e+00
      vertex   3.230171e+01 1.955008e+00 2.000000e-01
    endloop
  endfacet
  facet normal 5.463423e-01 -8.375620e-01 6.290369e-16
    outer loop
      vertex   3.230171e+01 1.955008e+00 2.000000e-01
      vertex   3.187635e+01 1.677544e+00 -6.600000e+00
      vertex   3.230171e+01 1.955008e+00 -6.600000e+00
    endloop
  endfacet
  facet normal 6.618027e-01 -7.496781e-01 5.630331e-16
    outer loop
      vertex   3.230171e+01 1.955008e+00 2.000000e-01
      vertex   3.230171e+01 1.955008e+00 -6.600000e+00
      vertex   3.268244e+01 2.291110e+00 2.000000e-01
    endloop
  endfacet
  facet normal 6.618027e-01 -7.496781e-01 5.385534e-16
    outer loop
      vertex   3.268244e+01 2.291110e+00 2.000000e-01
      vertex   3.230171e+01 1.955008e+00 -6.600000e+00
      vertex   3.268244e+01 2.291110e+00 -6.600000e+00
    endloop
  endfacet
  facet normal 7.633290e-01 -6.460099e-01 4.640804e-16
    outer loop
      vertex   3.268244e+01 2.291110e+00 2.000000e-01
      vertex   3.268244e+01 2.291110e+00 -6.600000e+00
      vertex   3.301052e+01 2.678773e+00 2.000000e-01
    endloop
  endfacet
  facet normal 7.633290e-01 -6.460099e-01 4.640804e-16
    outer loop
      vertex   3.301052e+01 2.678773e+00 2.000000e-01
      vertex   3.268244e+01 2.291110e+00 -6.600000e+00
      vertex   3.301052e+01 2.678773e+00 -6.600000e+00
    endloop
  endfacet
  facet normal 8.487837e-01 -5.287402e-01 3.798362e-16
    outer loop
      vertex   3.301052e+01 2.678773e+00 2.000000e-01
      vertex   3.301052e+01 2.678773e+00 -6.600000e+00
      vertex   3.327905e+01 3.109835e+00 2.000000e-01
    endloop
  endfacet
  facet normal 8.487837e-01 -5.287402e-01 3.798362e-16
    outer loop
      vertex   3.327905e+01 3.109835e+00 2.000000e-01
      vertex   3.301052e+01 2.678773e+00 -6.600000e+00
      vertex   3.327905e+01 3.109835e+00 -6.600000e+00
    endloop
  endfacet
  facet normal 9.163675e-01 -4.003381e-01 2.875947e-16
    outer loop
      vertex   3.327905e+01 3.109835e+00 2.000000e-01
      vertex   3.327905e+01 3.109835e+00 -6.600000e+00
      vertex   3.348236e+01 3.575219e+00 2.000000e-01
    endloop
  endfacet
  facet normal 9.163675e-01 -4.003381e-01 2.614498e-16
    outer loop
      vertex   3.348236e+01 3.575219e+00 2.000000e-01
      vertex   3.327905e+01 3.109835e+00 -6.600000e+00
      vertex   3.348236e+01 3.575219e+00 -6.600000e+00
    endloop
  endfacet
  facet normal 9.646575e-01 -2.635070e-01 1.720891e-16
    outer loop
      vertex   3.348236e+01 3.575219e+00 2.000000e-01
      vertex   3.348236e+01 3.575219e+00 -6.600000e+00
      vertex   3.361619e+01 4.065128e+00 2.000000e-01
    endloop
  endfacet
  facet normal 9.646575e-01 -2.635070e-01 2.409248e-16
    outer loop
      vertex   3.361619e+01 4.065128e+00 2.000000e-01
      vertex   3.348236e+01 3.575219e+00 -6.600000e+00
      vertex   3.361619e+01 4.065128e+00 -6.600000e+00
    endloop
  endfacet
  facet normal 9.926369e-01 -1.211278e-01 1.107473e-16
    outer loop
      vertex   3.361619e+01 4.065128e+00 2.000000e-01
      vertex   3.361619e+01 4.065128e+00 -6.600000e+00
      vertex   3.367770e+01 4.569247e+00 2.000000e-01
    endloop
  endfacet
  facet normal 9.926369e-01 -1.211278e-01 7.910521e-17
    outer loop
      vertex   3.367770e+01 4.569247e+00 2.000000e-01
      vertex   3.361619e+01 4.065128e+00 -6.600000e+00
      vertex   3.367770e+01 4.569247e+00 -6.600000e+00
    endloop
  endfacet
  facet normal 9.997167e-01 2.380172e-02 -1.554424e-17
    outer loop
      vertex   3.367770e+01 4.569247e+00 2.000000e-01
      vertex   3.367770e+01 4.569247e+00 -6.600000e+00
      vertex   3.366562e+01 5.076961e+00 2.000000e-01
    endloop
  endfacet
  facet normal 9.997167e-01 2.380172e-02 -1.865309e-17
    outer loop
      vertex   3.366562e+01 5.076961e+00 2.000000e-01
      vertex   3.367770e+01 4.569247e+00 -6.600000e+00
      vertex   3.366562e+01 5.076961e+00 -6.600000e+00
    endloop
  endfacet
  facet normal -2.746331e-14 -8.422382e-16 -1.000000e+00
    outer loop
      vertex   2.418538e+01 4.870998e+01 -7.000000e+00
      vertex   2.521038e+01 4.375998e+01 -7.000000e+00
      vertex   2.418538e+01 3.710998e+01 -7.000000e+00
    endloop
  endfacet
  facet normal -1.775900e-14 -2.338016e-15 -1.000000e+00
    outer loop
      vertex   2.418538e+01 3.710998e+01 -7.000000e+00
      vertex   2.521038e+01 4.375998e+01 -7.000000e+00
      vertex   2.524105e+01 4.352705e+01 -7.000000e+00
    endloop
  endfacet
  facet normal -9.088179e-15 -3.764447e-15 -1.000000e+00
    outer loop
      vertex   2.418538e+01 3.710998e+01 -7.000000e+00
      vertex   2.524105e+01 4.352705e+01 -7.000000e+00
      vertex   2.533096e+01 4.330998e+01 -7.000000e+00
    endloop
  endfacet
  facet normal 0.000000e+00 -0.000000e+00 -1.000000e+00
    outer loop
      vertex   2.420582e+01 4.886527e+01 -7.000000e+00
      vertex   2.426576e+01 4.900998e+01 -7.000000e+00
      vertex   2.418538e+01 4.870998e+01 -7.000000e+00
    endloop
  endfacet
  facet normal 0.000000e+00 0.000000e+00 -1.000000e+00
    outer loop
      vertex   2.418538e+01 4.870998e+01 -7.000000e+00
      vertex   2.426576e+01 4.900998e+01 -7.000000e+00
      vertex   2.436111e+01 4.913425e+01 -7.000000e+00
    endloop
  endfacet
  facet normal 0.000000e+00 0.000000e+00 -1.000000e+00
    outer loop
      vertex   2.418538e+01 4.870998e+01 -7.000000e+00
      vertex   2.436111e+01 4.913425e+01 -7.000000e+00
      vertex   2.448538e+01 4.922960e+01 -7.000000e+00
    endloop
  endfacet
  facet normal 0.000000e+00 -0.000000e+00 -1.000000e+00
    outer loop
      vertex   2.448538e+01 4.922960e+01 -7.000000e+00
      vertex   2.463009e+01 4.928954e+01 -7.000000e+00
      vertex   2.418538e+01 4.870998e+01 -7.000000e+00
    endloop
  endfacet
  facet normal -6.362136e-15 4.881839e-15 -1.000000e+00
    outer loop
      vertex   2.418538e+01 4.870998e+01 -7.000000e+00
      vertex   2.463009e+01 4.928954e+01 -7.000000e+00
      vertex   2.478538e+01 4.930998e+01 -7.000000e+00
    endloop
  endfacet
  facet normal -5.354416e-15 3.874119e-15 -1.000000e+00
    outer loop
      vertex   2.418538e+01 4.870998e+01 -7.000000e+00
      vertex   2.478538e+01 4.930998e+01 -7.000000e+00
      vertex   2.587744e+01 4.462932e+01 -7.000000e+00
    endloop
  endfacet
  facet normal -6.544044e-16 4.970695e-15 -1.000000e+00
    outer loop
      vertex   2.587744e+01 4.462932e+01 -7.000000e+00
      vertex   2.478538e+01 4.930998e+01 -7.000000e+00
      vertex   2.611038e+01 4.465998e+01 -7.000000e+00
    endloop
  endfacet
  facet normal -2.845463e-29 5.157165e-15 -1.000000e+00
    outer loop
      vertex   2.611038e+01 4.465998e+01 -7.000000e+00
      vertex   2.478538e+01 4.930998e+01 -7.000000e+00
      vertex   2.726559e+01 4.930998e+01 -7.000000e+00
    endloop
  endfacet
  facet normal 1.230358e-15 4.851505e-15 -1.000000e+00
    outer loop
      vertex   2.611038e+01 4.465998e+01 -7.000000e+00
      vertex   2.726559e+01 4.930998e+01 -7.000000e+00
      vertex   2.785979e+01 4.879314e+01 -7.000000e+00
    endloop
  endfacet
  facet normal 4.778963e-16 3.986401e-15 -1.000000e+00
    outer loop
      vertex   2.785979e+01 4.879314e+01 -7.000000e+00
      vertex   2.726559e+01 4.930998e+01 -7.000000e+00
      vertex   2.740741e+01 4.929298e+01 -7.000000e+00
    endloop
  endfacet
  facet normal -1.806405e-14 -1.279541e-14 -1.000000e+00
    outer loop
      vertex   2.785979e+01 4.879314e+01 -7.000000e+00
      vertex   2.740741e+01 4.929298e+01 -7.000000e+00
      vertex   2.754119e+01 4.924294e+01 -7.000000e+00
    endloop
  endfacet
  facet normal 0.000000e+00 0.000000e+00 -1.000000e+00
    outer loop
      vertex   2.754119e+01 4.924294e+01 -7.000000e+00
      vertex   2.765935e+01 4.916269e+01 -7.000000e+00
      vertex   2.785979e+01 4.879314e+01 -7.000000e+00
    endloop
  endfacet
  facet normal 0.000000e+00 0.000000e+00 -1.000000e+00
    outer loop
      vertex   2.785979e+01 4.879314e+01 -7.000000e+00
      vertex   2.765935e+01 4.916269e+01 -7.000000e+00
      vertex   2.775520e+01 4.905679e+01 -7.000000e+00
    endloop
  endfacet
  facet normal 9.711847e-14 3.852867e-14 -1.000000e+00
    outer loop
      vertex   2.785979e+01 4.879314e+01 -7.000000e+00
      vertex   2.775520e+01 4.905679e+01 -7.000000e+00
      vertex   2.782330e+01 4.893124e+01 -7.000000e+00
    endloop
  endfacet
  facet normal 1.618598e-14 1.503559e-15 -1.000000e+00
    outer loop
      vertex   3.161313e+01 2.197453e+01 -7.000000e+00
      vertex   2.701038e+01 4.375998e+01 -7.000000e+00
      vertex   2.785979e+01 4.879314e+01 -7.000000e+00
    endloop
  endfacet
  facet normal 1.409766e-14 1.855992e-15 -1.000000e+00
    outer loop
      vertex   2.785979e+01 4.879314e+01 -7.000000e+00
      vertex   2.701038e+01 4.375998e+01 -7.000000e+00
      vertex   2.697971e+01 4.399292e+01 -7.000000e+00
    endloop
  endfacet
  facet normal 7.431418e-15 3.078194e-15 -1.000000e+00
    outer loop
      vertex   2.785979e+01 4.879314e+01 -7.000000e+00
      vertex   2.697971e+01 4.399292e+01 -7.000000e+00
      vertex   2.688980e+01 4.420998e+01 -7.000000e+00
    endloop
  endfacet
  facet normal -9.929124e-16 -1.317755e-16 -1.000000e+00
    outer loop
      vertex   3.164653e+01 2.172292e+01 -7.000000e+00
      vertex   2.199647e+01 2.029394e+01 -7.000000e+00
      vertex   3.161313e+01 2.197453e+01 -7.000000e+00
    endloop
  endfacet
  facet normal -9.902705e-16 -1.468928e-16 -1.000000e+00
    outer loop
      vertex   3.161313e+01 2.197453e+01 -7.000000e+00
      vertex   2.199647e+01 2.029394e+01 -7.000000e+00
      vertex   2.187984e+01 2.108023e+01 -7.000000e+00
    endloop
  endfacet
  facet normal -8.777326e-16 -1.371732e-15 -1.000000e+00
    outer loop
      vertex   3.161313e+01 2.197453e+01 -7.000000e+00
      vertex   2.187984e+01 2.108023e+01 -7.000000e+00
      vertex   2.168669e+01 2.185131e+01 -7.000000e+00
    endloop
  endfacet
  facet normal -9.949982e-16 -1.176900e-16 -1.000000e+00
    outer loop
      vertex   3.164653e+01 2.172292e+01 -7.000000e+00
      vertex   3.167634e+01 2.147087e+01 -7.000000e+00
      vertex   2.199647e+01 2.029394e+01 -7.000000e+00
    endloop
  endfacet
  facet normal -9.967169e-16 -1.035545e-16 -1.000000e+00
    outer loop
      vertex   2.199647e+01 2.029394e+01 -7.000000e+00
      vertex   3.167634e+01 2.147087e+01 -7.000000e+00
      vertex   3.170257e+01 2.121841e+01 -7.000000e+00
    endloop
  endfacet
  facet normal -8.958360e-16 -1.162708e-15 -1.000000e+00
    outer loop
      vertex   2.199647e+01 2.029394e+01 -7.000000e+00
      vertex   3.170257e+01 2.121841e+01 -7.000000e+00
      vertex   2.203548e+01 1.950000e+01 -7.000000e+00
    endloop
  endfacet
  facet normal -9.116200e-16 -1.073914e-15 -1.000000e+00
    outer loop
      vertex   2.203548e+01 1.950000e+01 -7.000000e+00
      vertex   3.170257e+01 2.121841e+01 -7.000000e+00
      vertex   2.199647e+01 1.870606e+01 -7.000000e+00
    endloop
  endfacet
  facet normal -1.237094e-15 1.835055e-16 -1.000000e+00
    outer loop
      vertex   2.199647e+01 1.870606e+01 -7.000000e+00
      vertex   3.170257e+01 2.121841e+01 -7.000000e+00
      vertex   2.187984e+01 1.791977e+01 -7.000000e+00
    endloop
  endfacet
  facet normal -4.387382e-16 -2.193845e-15 -1.000000e+00
    outer loop
      vertex   2.187984e+01 1.791977e+01 -7.000000e+00
      vertex   3.170257e+01 2.121841e+01 -7.000000e+00
      vertex   2.168669e+01 1.714869e+01 -7.000000e+00
    endloop
  endfacet
  facet normal -7.694225e-16 -1.380006e-15 -1.000000e+00
    outer loop
      vertex   2.168669e+01 1.714869e+01 -7.000000e+00
      vertex   3.170257e+01 2.121841e+01 -7.000000e+00
      vertex   2.953066e+01 6.339243e+00 -7.000000e+00
    endloop
  endfacet
  facet normal 7.583715e-16 -2.713496e-16 -1.000000e+00
    outer loop
      vertex   2.168669e+01 1.714869e+01 -7.000000e+00
      vertex   2.953066e+01 6.339243e+00 -7.000000e+00
      vertex   2.141890e+01 1.640026e+01 -7.000000e+00
    endloop
  endfacet
  facet normal 3.278759e-16 -6.184395e-16 -1.000000e+00
    outer loop
      vertex   2.141890e+01 1.640026e+01 -7.000000e+00
      vertex   2.953066e+01 6.339243e+00 -7.000000e+00
      vertex   2.920588e+01 6.167054e+00 -7.000000e+00
    endloop
  endfacet
  facet normal -2.983066e-16 -1.094934e-15 -1.000000e+00
    outer loop
      vertex   2.141890e+01 1.640026e+01 -7.000000e+00
      vertex   2.920588e+01 6.167054e+00 -7.000000e+00
      vertex   2.107904e+01 1.568169e+01 -7.000000e+00
    endloop
  endfacet
  facet normal 4.135693e-16 -4.868914e-16 -1.000000e+00
    outer loop
      vertex   2.107904e+01 1.568169e+01 -7.000000e+00
      vertex   2.920588e+01 6.167054e+00 -7.000000e+00
      vertex   2.892571e+01 5.929071e+00 -7.000000e+00
    endloop
  endfacet
  facet normal 5.838090e-16 -3.499216e-16 -1.000000e+00
    outer loop
      vertex   2.107904e+01 1.568169e+01 -7.000000e+00
      vertex   2.892571e+01 5.929071e+00 -7.000000e+00
      vertex   2.067038e+01 1.499988e+01 -7.000000e+00
    endloop
  endfacet
  facet normal 5.276037e-16 -4.010739e-16 -1.000000e+00
    outer loop
      vertex   2.067038e+01 1.499988e+01 -7.000000e+00
      vertex   2.892571e+01 5.929071e+00 -7.000000e+00
      vertex   2.870324e+01 5.636424e+00 -7.000000e+00
    endloop
  endfacet
  facet normal -3.359762e-16 -1.141935e-15 -1.000000e+00
    outer loop
      vertex   2.067038e+01 1.499988e+01 -7.000000e+00
      vertex   2.870324e+01 5.636424e+00 -7.000000e+00
      vertex   2.019686e+01 1.436141e+01 -7.000000e+00
    endloop
  endfacet
  facet normal -1.285341e-15 -2.067512e-15 -1.000000e+00
    outer loop
      vertex   2.019686e+01 1.436141e+01 -7.000000e+00
      vertex   2.870324e+01 5.636424e+00 -7.000000e+00
      vertex   2.854889e+01 5.302795e+00 -7.000000e+00
    endloop
  endfacet
  facet normal 4.826392e-16 -4.374386e-16 -1.000000e+00
    outer loop
      vertex   2.019686e+01 1.436141e+01 -7.000000e+00
      vertex   2.854889e+01 5.302795e+00 -7.000000e+00
      vertex   1.966304e+01 1.377244e+01 -7.000000e+00
    endloop
  endfacet
  facet normal 1.302487e-15 4.226974e-16 -1.000000e+00
    outer loop
      vertex   1.966304e+01 1.377244e+01 -7.000000e+00
      vertex   2.854889e+01 5.302795e+00 -7.000000e+00
      vertex   1.804569e+01 8.250000e+00 -7.000000e+00
    endloop
  endfacet
  facet normal 1.982917e-15 2.234211e-16 -1.000000e+00
    outer loop
      vertex   1.966304e+01 1.377244e+01 -7.000000e+00
      vertex   1.804569e+01 8.250000e+00 -7.000000e+00
      vertex   1.800809e+01 8.583781e+00 -7.000000e+00
    endloop
  endfacet
  facet normal -6.400577e-15 -1.277781e-15 -1.000000e+00
    outer loop
      vertex   3.326747e+01 5.038454e+00 -7.000000e+00
      vertex   3.126045e+01 6.055658e+00 -7.000000e+00
      vertex   3.170257e+01 2.121841e+01 -7.000000e+00
    endloop
  endfacet
  facet normal -9.736448e-16 -1.436019e-15 -1.000000e+00
    outer loop
      vertex   3.170257e+01 2.121841e+01 -7.000000e+00
      vertex   3.126045e+01 6.055658e+00 -7.000000e+00
      vertex   3.095619e+01 6.261953e+00 -7.000000e+00
    endloop
  endfacet
  facet normal -5.799893e-16 -1.455663e-15 -1.000000e+00
    outer loop
      vertex   3.170257e+01 2.121841e+01 -7.000000e+00
      vertex   3.095619e+01 6.261953e+00 -7.000000e+00
      vertex   3.061470e+01 6.398017e+00 -7.000000e+00
    endloop
  endfacet
  facet normal -8.804384e-15 -1.495804e-16 -1.000000e+00
    outer loop
      vertex   3.327583e+01 4.546568e+00 -7.000000e+00
      vertex   3.185990e+01 4.759982e+00 -7.000000e+00
      vertex   3.326747e+01 5.038454e+00 -7.000000e+00
    endloop
  endfacet
  facet normal -8.647908e-15 -9.405167e-16 -1.000000e+00
    outer loop
      vertex   3.326747e+01 5.038454e+00 -7.000000e+00
      vertex   3.185990e+01 4.759982e+00 -7.000000e+00
      vertex   3.182015e+01 5.125432e+00 -7.000000e+00
    endloop
  endfacet
  facet normal -8.925334e-15 -5.556882e-15 -1.000000e+00
    outer loop
      vertex   3.326747e+01 5.038454e+00 -7.000000e+00
      vertex   3.182015e+01 5.125432e+00 -7.000000e+00
      vertex   3.170278e+01 5.473794e+00 -7.000000e+00
    endloop
  endfacet
  facet normal -8.640208e-15 9.396791e-16 -1.000000e+00
    outer loop
      vertex   3.185990e+01 4.759982e+00 -7.000000e+00
      vertex   3.327583e+01 4.546568e+00 -7.000000e+00
      vertex   3.182015e+01 4.394533e+00 -7.000000e+00
    endloop
  endfacet
  facet normal -8.478065e-15 -6.127659e-16 -1.000000e+00
    outer loop
      vertex   3.182015e+01 4.394533e+00 -7.000000e+00
      vertex   3.327583e+01 4.546568e+00 -7.000000e+00
      vertex   3.320627e+01 4.059555e+00 -7.000000e+00
    endloop
  endfacet
  facet normal -7.749170e-15 2.403361e-15 -1.000000e+00
    outer loop
      vertex   3.182015e+01 4.394533e+00 -7.000000e+00
      vertex   3.320627e+01 4.059555e+00 -7.000000e+00
      vertex   3.306054e+01 3.589679e+00 -7.000000e+00
    endloop
  endfacet
  facet normal -8.996165e-15 4.815742e-16 -1.000000e+00
    outer loop
      vertex   3.182015e+01 4.394533e+00 -7.000000e+00
      vertex   3.306054e+01 3.589679e+00 -7.000000e+00
      vertex   3.170278e+01 4.046171e+00 -7.000000e+00
    endloop
  endfacet
  facet normal -9.012825e-15 4.320211e-16 -1.000000e+00
    outer loop
      vertex   3.170278e+01 4.046171e+00 -7.000000e+00
      vertex   3.306054e+01 3.589679e+00 -7.000000e+00
      vertex   3.284231e+01 3.148773e+00 -7.000000e+00
    endloop
  endfacet
  facet normal -5.994064e-15 4.265317e-15 -1.000000e+00
    outer loop
      vertex   3.170278e+01 4.046171e+00 -7.000000e+00
      vertex   3.284231e+01 3.148773e+00 -7.000000e+00
      vertex   3.255709e+01 2.747942e+00 -7.000000e+00
    endloop
  endfacet
  facet normal -6.517037e-15 3.921171e-15 -1.000000e+00
    outer loop
      vertex   3.170278e+01 4.046171e+00 -7.000000e+00
      vertex   3.255709e+01 2.747942e+00 -7.000000e+00
      vertex   3.151326e+01 3.731186e+00 -7.000000e+00
    endloop
  endfacet
  facet normal -5.299067e-15 5.214188e-15 -1.000000e+00
    outer loop
      vertex   3.151326e+01 3.731186e+00 -7.000000e+00
      vertex   3.255709e+01 2.747942e+00 -7.000000e+00
      vertex   3.221204e+01 2.397279e+00 -7.000000e+00
    endloop
  endfacet
  facet normal -5.431379e-15 5.144875e-15 -1.000000e+00
    outer loop
      vertex   3.151326e+01 3.731186e+00 -7.000000e+00
      vertex   3.221204e+01 2.397279e+00 -7.000000e+00
      vertex   3.126045e+01 3.464307e+00 -7.000000e+00
    endloop
  endfacet
  facet normal -5.792465e-15 4.822855e-15 -1.000000e+00
    outer loop
      vertex   3.126045e+01 3.464307e+00 -7.000000e+00
      vertex   3.221204e+01 2.397279e+00 -7.000000e+00
      vertex   3.181587e+01 2.105617e+00 -7.000000e+00
    endloop
  endfacet
  facet normal -3.817393e-15 5.630233e-15 -1.000000e+00
    outer loop
      vertex   3.126045e+01 3.464307e+00 -7.000000e+00
      vertex   3.181587e+01 2.105617e+00 -7.000000e+00
      vertex   3.095619e+01 3.258012e+00 -7.000000e+00
    endloop
  endfacet
  facet normal -3.155272e-15 6.124167e-15 -1.000000e+00
    outer loop
      vertex   3.095619e+01 3.258012e+00 -7.000000e+00
      vertex   3.181587e+01 2.105617e+00 -7.000000e+00
      vertex   3.137854e+01 1.880300e+00 -7.000000e+00
    endloop
  endfacet
  facet normal -3.839539e-15 5.914400e-15 -1.000000e+00
    outer loop
      vertex   3.095619e+01 3.258012e+00 -7.000000e+00
      vertex   3.137854e+01 1.880300e+00 -7.000000e+00
      vertex   3.091108e+01 1.727003e+00 -7.000000e+00
    endloop
  endfacet
  facet normal -2.338894e-15 5.870181e-15 -1.000000e+00
    outer loop
      vertex   3.095619e+01 3.258012e+00 -7.000000e+00
      vertex   3.091108e+01 1.727003e+00 -7.000000e+00
      vertex   3.061470e+01 3.121947e+00 -7.000000e+00
    endloop
  endfacet
  facet normal -9.813758e-16 6.158612e-15 -1.000000e+00
    outer loop
      vertex   3.061470e+01 3.121947e+00 -7.000000e+00
      vertex   3.091108e+01 1.727003e+00 -7.000000e+00
      vertex   3.042525e+01 1.649586e+00 -7.000000e+00
    endloop
  endfacet
  facet normal -1.010263e-15 6.162329e-15 -1.000000e+00
    outer loop
      vertex   3.061470e+01 3.121947e+00 -7.000000e+00
      vertex   3.042525e+01 1.649586e+00 -7.000000e+00
      vertex   3.025193e+01 3.062475e+00 -7.000000e+00
    endloop
  endfacet
  facet normal 5.286726e-18 6.286906e-15 -1.000000e+00
    outer loop
      vertex   3.025193e+01 3.062475e+00 -7.000000e+00
      vertex   3.042525e+01 1.649586e+00 -7.000000e+00
      vertex   2.993330e+01 1.650000e+00 -7.000000e+00
    endloop
  endfacet
  facet normal 3.368112e-16 6.212118e-15 -1.000000e+00
    outer loop
      vertex   3.025193e+01 3.062475e+00 -7.000000e+00
      vertex   2.993330e+01 1.650000e+00 -7.000000e+00
      vertex   2.988487e+01 3.082377e+00 -7.000000e+00
    endloop
  endfacet
  facet normal 1.737938e-15 6.259489e-15 -1.000000e+00
    outer loop
      vertex   2.988487e+01 3.082377e+00 -7.000000e+00
      vertex   2.993330e+01 1.650000e+00 -7.000000e+00
      vertex   2.953066e+01 3.180722e+00 -7.000000e+00
    endloop
  endfacet
  facet normal 3.574713e-15 6.742625e-15 -1.000000e+00
    outer loop
      vertex   2.953066e+01 3.180722e+00 -7.000000e+00
      vertex   2.993330e+01 1.650000e+00 -7.000000e+00
      vertex   2.920588e+01 3.352911e+00 -7.000000e+00
    endloop
  endfacet
  facet normal 6.952988e-15 8.185691e-15 -1.000000e+00
    outer loop
      vertex   2.920588e+01 3.352911e+00 -7.000000e+00
      vertex   2.993330e+01 1.650000e+00 -7.000000e+00
      vertex   2.892571e+01 3.590893e+00 -7.000000e+00
    endloop
  endfacet
  facet normal 1.898475e-14 1.443183e-14 -1.000000e+00
    outer loop
      vertex   2.892571e+01 3.590893e+00 -7.000000e+00
      vertex   2.993330e+01 1.650000e+00 -7.000000e+00
      vertex   2.870324e+01 3.883541e+00 -7.000000e+00
    endloop
  endfacet
  facet normal 2.480508e-15 5.342615e-15 -1.000000e+00
    outer loop
      vertex   2.870324e+01 3.883541e+00 -7.000000e+00
      vertex   2.993330e+01 1.650000e+00 -7.000000e+00
      vertex   1.719652e+01 6.898547e+00 -7.000000e+00
    endloop
  endfacet
  facet normal 7.626152e-16 -1.213695e-15 -1.000000e+00
    outer loop
      vertex   2.870324e+01 3.883541e+00 -7.000000e+00
      vertex   1.719652e+01 6.898547e+00 -7.000000e+00
      vertex   1.748093e+01 7.077253e+00 -7.000000e+00
    endloop
  endfacet
  facet normal -5.509071e-16 -2.142753e-15 -1.000000e+00
    outer loop
      vertex   -2.310921e+00 1.650000e+00 -7.000000e+00
      vertex   1.654569e+01 6.750000e+00 -7.000000e+00
      vertex   2.993330e+01 1.650000e+00 -7.000000e+00
    endloop
  endfacet
  facet normal 6.057343e-17 -5.376041e-16 -1.000000e+00
    outer loop
      vertex   2.993330e+01 1.650000e+00 -7.000000e+00
      vertex   1.654569e+01 6.750000e+00 -7.000000e+00
      vertex   1.687948e+01 6.787608e+00 -7.000000e+00
    endloop
  endfacet
  facet normal 1.280891e-16 -3.660577e-16 -1.000000e+00
    outer loop
      vertex   2.993330e+01 1.650000e+00 -7.000000e+00
      vertex   1.687948e+01 6.787608e+00 -7.000000e+00
      vertex   1.719652e+01 6.898547e+00 -7.000000e+00
    endloop
  endfacet
  facet normal -3.926953e-15 -3.353935e-15 -1.000000e+00
    outer loop
      vertex   -2.795868e+00 1.688166e+00 -7.000000e+00
      vertex   -5.410921e+00 4.750000e+00 -7.000000e+00
      vertex   -2.310921e+00 1.650000e+00 -7.000000e+00
    endloop
  endfacet
  facet normal -1.085270e-15 -5.122514e-16 -1.000000e+00
    outer loop
      vertex   -2.310921e+00 1.650000e+00 -7.000000e+00
      vertex   -5.410921e+00 4.750000e+00 -7.000000e+00
      vertex   -1.063815e+00 1.114495e+01 -7.000000e+00
    endloop
  endfacet
  facet normal -2.027779e-15 -3.884583e-16 -1.000000e+00
    outer loop
      vertex   -2.310921e+00 1.650000e+00 -7.000000e+00
      vertex   -1.063815e+00 1.114495e+01 -7.000000e+00
      vertex   -6.000771e-01 1.101063e+01 -7.000000e+00
    endloop
  endfacet
  facet normal 0.000000e+00 0.000000e+00 -1.000000e+00
    outer loop
      vertex   -2.795868e+00 1.688166e+00 -7.000000e+00
      vertex   -3.268874e+00 1.801725e+00 -7.000000e+00
      vertex   -5.410921e+00 4.750000e+00 -7.000000e+00
    endloop
  endfacet
  facet normal -2.827078e-15 -2.053992e-15 -1.000000e+00
    outer loop
      vertex   -5.410921e+00 4.750000e+00 -7.000000e+00
      vertex   -3.268874e+00 1.801725e+00 -7.000000e+00
      vertex   -3.718292e+00 1.987880e+00 -7.000000e+00
    endloop
  endfacet
  facet normal -3.155453e-16 -5.149232e-16 -1.000000e+00
    outer loop
      vertex   -5.410921e+00 4.750000e+00 -7.000000e+00
      vertex   -3.718292e+00 1.987880e+00 -7.000000e+00
      vertex   -4.133055e+00 2.242047e+00 -7.000000e+00
    endloop
  endfacet
  facet normal -5.355087e-16 -6.270001e-16 -1.000000e+00
    outer loop
      vertex   -4.133055e+00 2.242047e+00 -7.000000e+00
      vertex   -4.502952e+00 2.557969e+00 -7.000000e+00
      vertex   -5.410921e+00 4.750000e+00 -7.000000e+00
    endloop
  endfacet
  facet normal -9.211535e-16 -7.867394e-16 -1.000000e+00
    outer loop
      vertex   -5.410921e+00 4.750000e+00 -7.000000e+00
      vertex   -4.502952e+00 2.557969e+00 -7.000000e+00
      vertex   -4.818874e+00 2.927866e+00 -7.000000e+00
    endloop
  endfacet
  facet normal -1.693194e-15 -1.037591e-15 -1.000000e+00
    outer loop
      vertex   -5.410921e+00 4.750000e+00 -7.000000e+00
      vertex   -4.818874e+00 2.927866e+00 -7.000000e+00
      vertex   -5.073041e+00 3.342629e+00 -7.000000e+00
    endloop
  endfacet
  facet normal 7.725025e-15 1.223524e-15 -1.000000e+00
    outer loop
      vertex   -5.073041e+00 3.342629e+00 -7.000000e+00
      vertex   -5.259196e+00 3.792047e+00 -7.000000e+00
      vertex   -5.410921e+00 4.750000e+00 -7.000000e+00
    endloop
  endfacet
  facet normal 0.000000e+00 0.000000e+00 -1.000000e+00
    outer loop
      vertex   -5.410921e+00 4.750000e+00 -7.000000e+00
      vertex   -5.259196e+00 3.792047e+00 -7.000000e+00
      vertex   -5.372755e+00 4.265053e+00 -7.000000e+00
    endloop
  endfacet
  facet normal -5.383475e-16 -9.654113e-16 -1.000000e+00
    outer loop
      vertex   -5.410921e+00 1.395000e+01 -7.000000e+00
      vertex   -2.535570e+00 1.234660e+01 -7.000000e+00
      vertex   -5.410921e+00 4.750000e+00 -7.000000e+00
    endloop
  endfacet
  facet normal -1.034711e-15 -7.775352e-16 -1.000000e+00
    outer loop
      vertex   -5.410921e+00 4.750000e+00 -7.000000e+00
      vertex   -2.535570e+00 1.234660e+01 -7.000000e+00
      vertex   -2.245532e+00 1.196063e+01 -7.000000e+00
    endloop
  endfacet
  facet normal 9.620308e-16 -1.654083e-15 -1.000000e+00
    outer loop
      vertex   -5.410921e+00 4.750000e+00 -7.000000e+00
      vertex   -2.245532e+00 1.196063e+01 -7.000000e+00
      vertex   -1.897336e+00 1.162619e+01 -7.000000e+00
    endloop
  endfacet
  facet normal -6.114114e-15 -7.434292e-16 -1.000000e+00
    outer loop
      vertex   -5.410921e+00 3.425998e+01 -7.000000e+00
      vertex   -3.523139e+00 3.307093e+01 -7.000000e+00
      vertex   -5.410921e+00 1.395000e+01 -7.000000e+00
    endloop
  endfacet
  facet normal -1.055679e-15 -1.242841e-15 -1.000000e+00
    outer loop
      vertex   -5.410921e+00 1.395000e+01 -7.000000e+00
      vertex   -3.523139e+00 3.307093e+01 -7.000000e+00
      vertex   -3.242964e+00 3.283295e+01 -7.000000e+00
    endloop
  endfacet
  facet normal 1.670099e-17 -1.365962e-15 -1.000000e+00
    outer loop
      vertex   -5.410921e+00 1.395000e+01 -7.000000e+00
      vertex   -3.242964e+00 3.283295e+01 -7.000000e+00
      vertex   -2.245532e+00 1.593937e+01 -7.000000e+00
    endloop
  endfacet
  facet normal -1.171397e-15 -1.436109e-15 -1.000000e+00
    outer loop
      vertex   -2.245532e+00 1.593937e+01 -7.000000e+00
      vertex   -3.242964e+00 3.283295e+01 -7.000000e+00
      vertex   -1.897336e+00 1.627381e+01 -7.000000e+00
    endloop
  endfacet
  facet normal -7.429171e-16 -1.401290e-15 -1.000000e+00
    outer loop
      vertex   -1.897336e+00 1.627381e+01 -7.000000e+00
      vertex   -3.242964e+00 3.283295e+01 -7.000000e+00
      vertex   -2.918181e+00 3.266076e+01 -7.000000e+00
    endloop
  endfacet
  facet normal 8.967358e-16 -1.299146e-15 -1.000000e+00
    outer loop
      vertex   -1.897336e+00 1.627381e+01 -7.000000e+00
      vertex   -2.918181e+00 3.266076e+01 -7.000000e+00
      vertex   -1.500000e+00 1.654808e+01 -7.000000e+00
    endloop
  endfacet
  facet normal -3.922048e-16 -1.412594e-15 -1.000000e+00
    outer loop
      vertex   -1.500000e+00 1.654808e+01 -7.000000e+00
      vertex   -2.918181e+00 3.266076e+01 -7.000000e+00
      vertex   -2.563976e+00 3.256241e+01 -7.000000e+00
    endloop
  endfacet
  facet normal 6.378123e-16 -1.344161e-15 -1.000000e+00
    outer loop
      vertex   -1.500000e+00 1.654808e+01 -7.000000e+00
      vertex   -2.563976e+00 3.256241e+01 -7.000000e+00
      vertex   -1.063815e+00 1.675505e+01 -7.000000e+00
    endloop
  endfacet
  facet normal -7.655402e-17 -1.411956e-15 -1.000000e+00
    outer loop
      vertex   -1.063815e+00 1.675505e+01 -7.000000e+00
      vertex   -2.563976e+00 3.256241e+01 -7.000000e+00
      vertex   -2.196910e+00 3.254251e+01 -7.000000e+00
    endloop
  endfacet
  facet normal -3.353421e-15 -1.647143e-15 -1.000000e+00
    outer loop
      vertex   -1.063815e+00 1.675505e+01 -7.000000e+00
      vertex   -2.196910e+00 3.254251e+01 -7.000000e+00
      vertex   -6.000771e-01 1.688937e+01 -7.000000e+00
    endloop
  endfacet
  facet normal 2.104325e-16 -1.283581e-15 -1.000000e+00
    outer loop
      vertex   -6.000771e-01 1.688937e+01 -7.000000e+00
      vertex   -2.196910e+00 3.254251e+01 -7.000000e+00
      vertex   -1.834148e+00 3.260198e+01 -7.000000e+00
    endloop
  endfacet
  facet normal 1.563706e-16 -1.287827e-15 -1.000000e+00
    outer loop
      vertex   -6.000771e-01 1.688937e+01 -7.000000e+00
      vertex   -1.834148e+00 3.260198e+01 -7.000000e+00
      vertex   -1.207978e-01 1.694757e+01 -7.000000e+00
    endloop
  endfacet
  facet normal -7.523243e-16 -1.387283e-15 -1.000000e+00
    outer loop
      vertex   -1.207978e-01 1.694757e+01 -7.000000e+00
      vertex   -1.834148e+00 3.260198e+01 -7.000000e+00
      vertex   6.184259e+00 2.185131e+01 -7.000000e+00
    endloop
  endfacet
  facet normal -9.021259e-17 -2.238603e-15 -1.000000e+00
    outer loop
      vertex   -1.207978e-01 1.694757e+01 -7.000000e+00
      vertex   6.184259e+00 2.185131e+01 -7.000000e+00
      vertex   3.616100e-01 1.692813e+01 -7.000000e+00
    endloop
  endfacet
  facet normal -1.280206e-15 -8.311965e-16 -1.000000e+00
    outer loop
      vertex   3.616100e-01 1.692813e+01 -7.000000e+00
      vertex   6.184259e+00 2.185131e+01 -7.000000e+00
      vertex   5.991115e+00 2.108023e+01 -7.000000e+00
    endloop
  endfacet
  facet normal -4.104358e-16 -2.010448e-15 -1.000000e+00
    outer loop
      vertex   3.616100e-01 1.692813e+01 -7.000000e+00
      vertex   5.991115e+00 2.108023e+01 -7.000000e+00
      vertex   8.346524e-01 1.683155e+01 -7.000000e+00
    endloop
  endfacet
  facet normal -2.354750e-15 3.492941e-16 -1.000000e+00
    outer loop
      vertex   8.346524e-01 1.683155e+01 -7.000000e+00
      vertex   5.991115e+00 2.108023e+01 -7.000000e+00
      vertex   5.874480e+00 2.029394e+01 -7.000000e+00
    endloop
  endfacet
  facet normal -2.019885e-15 -1.381330e-16 -1.000000e+00
    outer loop
      vertex   8.346524e-01 1.683155e+01 -7.000000e+00
      vertex   5.874480e+00 2.029394e+01 -7.000000e+00
      vertex   1.286078e+00 1.666035e+01 -7.000000e+00
    endloop
  endfacet
  facet normal -1.293698e-15 -1.055143e-15 -1.000000e+00
    outer loop
      vertex   1.286078e+00 1.666035e+01 -7.000000e+00
      vertex   5.874480e+00 2.029394e+01 -7.000000e+00
      vertex   5.835476e+00 1.950000e+01 -7.000000e+00
    endloop
  endfacet
  facet normal -9.381029e-16 -1.624842e-15 -1.000000e+00
    outer loop
      vertex   1.286078e+00 1.666035e+01 -7.000000e+00
      vertex   5.835476e+00 1.950000e+01 -7.000000e+00
      vertex   1.704194e+00 1.641895e+01 -7.000000e+00
    endloop
  endfacet
  facet normal -1.123582e-15 -1.376139e-15 -1.000000e+00
    outer loop
      vertex   1.704194e+00 1.641895e+01 -7.000000e+00
      vertex   5.835476e+00 1.950000e+01 -7.000000e+00
      vertex   2.078173e+00 1.611361e+01 -7.000000e+00
    endloop
  endfacet
  facet normal -1.298131e-15 -1.182472e-15 -1.000000e+00
    outer loop
      vertex   2.078173e+00 1.611361e+01 -7.000000e+00
      vertex   5.835476e+00 1.950000e+01 -7.000000e+00
      vertex   5.874480e+00 1.870606e+01 -7.000000e+00
    endloop
  endfacet
  facet normal -2.662121e-16 -2.693581e-15 -1.000000e+00
    outer loop
      vertex   2.078173e+00 1.611361e+01 -7.000000e+00
      vertex   5.874480e+00 1.870606e+01 -7.000000e+00
      vertex   2.398328e+00 1.575223e+01 -7.000000e+00
    endloop
  endfacet
  facet normal -2.269054e-15 -3.365824e-16 -1.000000e+00
    outer loop
      vertex   2.398328e+00 1.575223e+01 -7.000000e+00
      vertex   5.874480e+00 1.870606e+01 -7.000000e+00
      vertex   5.991115e+00 1.791977e+01 -7.000000e+00
    endloop
  endfacet
  facet normal -1.789435e-15 -1.131570e-15 -1.000000e+00
    outer loop
      vertex   2.398328e+00 1.575223e+01 -7.000000e+00
      vertex   5.991115e+00 1.791977e+01 -7.000000e+00
      vertex   2.656368e+00 1.534417e+01 -7.000000e+00
    endloop
  endfacet
  facet normal -7.407890e-16 -2.489301e-15 -1.000000e+00
    outer loop
      vertex   2.656368e+00 1.534417e+01 -7.000000e+00
      vertex   5.991115e+00 1.791977e+01 -7.000000e+00
      vertex   6.184259e+00 1.714869e+01 -7.000000e+00
    endloop
  endfacet
  facet normal -1.653684e-15 -7.045688e-16 -1.000000e+00
    outer loop
      vertex   2.656368e+00 1.534417e+01 -7.000000e+00
      vertex   6.184259e+00 1.714869e+01 -7.000000e+00
      vertex   2.845609e+00 1.490000e+01 -7.000000e+00
    endloop
  endfacet
  facet normal -1.714943e-15 -6.136164e-16 -1.000000e+00
    outer loop
      vertex   2.845609e+00 1.490000e+01 -7.000000e+00
      vertex   6.184259e+00 1.714869e+01 -7.000000e+00
      vertex   6.452052e+00 1.640026e+01 -7.000000e+00
    endloop
  endfacet
  facet normal -1.786979e-15 -4.404508e-16 -1.000000e+00
    outer loop
      vertex   2.845609e+00 1.490000e+01 -7.000000e+00
      vertex   6.452052e+00 1.640026e+01 -7.000000e+00
      vertex   2.961151e+00 1.443123e+01 -7.000000e+00
    endloop
  endfacet
  facet normal -1.056415e-15 -1.735670e-15 -1.000000e+00
    outer loop
      vertex   2.961151e+00 1.443123e+01 -7.000000e+00
      vertex   6.452052e+00 1.640026e+01 -7.000000e+00
      vertex   6.791914e+00 1.568169e+01 -7.000000e+00
    endloop
  endfacet
  facet normal -4.073317e-16 -3.724138e-15 -1.000000e+00
    outer loop
      vertex   2.961151e+00 1.443123e+01 -7.000000e+00
      vertex   6.791914e+00 1.568169e+01 -7.000000e+00
      vertex   3.000000e+00 1.395000e+01 -7.000000e+00
    endloop
  endfacet
  facet normal -1.655043e-15 -9.919949e-16 -1.000000e+00
    outer loop
      vertex   3.000000e+00 1.395000e+01 -7.000000e+00
      vertex   6.791914e+00 1.568169e+01 -7.000000e+00
      vertex   7.200572e+00 1.499988e+01 -7.000000e+00
    endloop
  endfacet
  facet normal -2.883749e-15 3.924055e-15 -1.000000e+00
    outer loop
      vertex   3.000000e+00 1.395000e+01 -7.000000e+00
      vertex   7.200572e+00 1.499988e+01 -7.000000e+00
      vertex   2.961151e+00 1.346877e+01 -7.000000e+00
    endloop
  endfacet
  facet normal -7.604312e-16 -1.955086e-15 -1.000000e+00
    outer loop
      vertex   2.961151e+00 1.346877e+01 -7.000000e+00
      vertex   7.200572e+00 1.499988e+01 -7.000000e+00
      vertex   7.674091e+00 1.436141e+01 -7.000000e+00
    endloop
  endfacet
  facet normal -5.679405e-17 -5.670099e-15 -1.000000e+00
    outer loop
      vertex   2.961151e+00 1.346877e+01 -7.000000e+00
      vertex   7.674091e+00 1.436141e+01 -7.000000e+00
      vertex   2.845609e+00 1.300000e+01 -7.000000e+00
    endloop
  endfacet
  facet normal -1.318555e-15 -1.195068e-15 -1.000000e+00
    outer loop
      vertex   2.845609e+00 1.300000e+01 -7.000000e+00
      vertex   7.674091e+00 1.436141e+01 -7.000000e+00
      vertex   8.207911e+00 1.377244e+01 -7.000000e+00
    endloop
  endfacet
  facet normal -1.588177e-15 6.766589e-16 -1.000000e+00
    outer loop
      vertex   2.845609e+00 1.300000e+01 -7.000000e+00
      vertex   8.207911e+00 1.377244e+01 -7.000000e+00
      vertex   2.656368e+00 1.255583e+01 -7.000000e+00
    endloop
  endfacet
  facet normal -1.159526e-15 -1.279339e-15 -1.000000e+00
    outer loop
      vertex   2.656368e+00 1.255583e+01 -7.000000e+00
      vertex   8.207911e+00 1.377244e+01 -7.000000e+00
      vertex   8.796890e+00 1.323862e+01 -7.000000e+00
    endloop
  endfacet
  facet normal -1.400236e-15 8.854557e-16 -1.000000e+00
    outer loop
      vertex   2.656368e+00 1.255583e+01 -7.000000e+00
      vertex   8.796890e+00 1.323862e+01 -7.000000e+00
      vertex   2.398328e+00 1.214777e+01 -7.000000e+00
    endloop
  endfacet
  facet normal -4.957724e-16 -4.419865e-15 -1.000000e+00
    outer loop
      vertex   2.398328e+00 1.214777e+01 -7.000000e+00
      vertex   8.796890e+00 1.323862e+01 -7.000000e+00
      vertex   9.435357e+00 1.276510e+01 -7.000000e+00
    endloop
  endfacet
  facet normal -7.241816e-16 -1.816168e-15 -1.000000e+00
    outer loop
      vertex   2.398328e+00 1.214777e+01 -7.000000e+00
      vertex   9.435357e+00 1.276510e+01 -7.000000e+00
      vertex   2.078173e+00 1.178639e+01 -7.000000e+00
    endloop
  endfacet
  facet normal -7.903655e-16 -1.318645e-15 -1.000000e+00
    outer loop
      vertex   2.078173e+00 1.178639e+01 -7.000000e+00
      vertex   9.435357e+00 1.276510e+01 -7.000000e+00
      vertex   1.011716e+01 1.235644e+01 -7.000000e+00
    endloop
  endfacet
  facet normal -9.679349e-16 1.185505e-15 -1.000000e+00
    outer loop
      vertex   2.078173e+00 1.178639e+01 -7.000000e+00
      vertex   1.011716e+01 1.235644e+01 -7.000000e+00
      vertex   1.704194e+00 1.148105e+01 -7.000000e+00
    endloop
  endfacet
  facet normal -7.838873e-16 -5.832935e-16 -1.000000e+00
    outer loop
      vertex   1.704194e+00 1.148105e+01 -7.000000e+00
      vertex   1.011716e+01 1.235644e+01 -7.000000e+00
      vertex   -2.310921e+00 1.650000e+00 -7.000000e+00
    endloop
  endfacet
  facet normal 6.825442e-16 -1.182201e-15 -1.000000e+00
    outer loop
      vertex   1.704194e+00 1.148105e+01 -7.000000e+00
      vertex   -2.310921e+00 1.650000e+00 -7.000000e+00
      vertex   1.286078e+00 1.123965e+01 -7.000000e+00
    endloop
  endfacet
  facet normal -4.178089e-15 6.409825e-16 -1.000000e+00
    outer loop
      vertex   1.286078e+00 1.123965e+01 -7.000000e+00
      vertex   -2.310921e+00 1.650000e+00 -7.000000e+00
      vertex   8.346524e-01 1.106845e+01 -7.000000e+00
    endloop
  endfacet
  facet normal 1.652847e-16 -8.096179e-16 -1.000000e+00
    outer loop
      vertex   8.346524e-01 1.106845e+01 -7.000000e+00
      vertex   -2.310921e+00 1.650000e+00 -7.000000e+00
      vertex   3.616101e-01 1.097187e+01 -7.000000e+00
    endloop
  endfacet
  facet normal 3.107593e-17 -7.711410e-16 -1.000000e+00
    outer loop
      vertex   3.616101e-01 1.097187e+01 -7.000000e+00
      vertex   -2.310921e+00 1.650000e+00 -7.000000e+00
      vertex   -1.207978e-01 1.095243e+01 -7.000000e+00
    endloop
  endfacet
  facet normal -9.016747e-17 -7.425960e-16 -1.000000e+00
    outer loop
      vertex   -1.207978e-01 1.095243e+01 -7.000000e+00
      vertex   -2.310921e+00 1.650000e+00 -7.000000e+00
      vertex   -6.000771e-01 1.101063e+01 -7.000000e+00
    endloop
  endfacet
  facet normal -8.114589e-15 4.473250e-16 -1.000000e+00
    outer loop
      vertex   -5.392137e+00 3.460073e+01 -7.000000e+00
      vertex   -3.978981e+00 3.442382e+01 -7.000000e+00
      vertex   -5.410921e+00 3.425998e+01 -7.000000e+00
    endloop
  endfacet
  facet normal -8.063407e-15 -7.977709e-23 -1.000000e+00
    outer loop
      vertex   -5.410921e+00 3.425998e+01 -7.000000e+00
      vertex   -3.978981e+00 3.442382e+01 -7.000000e+00
      vertex   -3.978981e+00 3.405622e+01 -7.000000e+00
    endloop
  endfacet
  facet normal -8.324143e-15 -1.832283e-15 -1.000000e+00
    outer loop
      vertex   -5.410921e+00 3.425998e+01 -7.000000e+00
      vertex   -3.978981e+00 3.405622e+01 -7.000000e+00
      vertex   -3.899957e+00 3.369721e+01 -7.000000e+00
    endloop
  endfacet
  facet normal -8.327092e-15 -1.250166e-15 -1.000000e+00
    outer loop
      vertex   -5.392137e+00 3.460073e+01 -7.000000e+00
      vertex   -5.336013e+00 3.493734e+01 -7.000000e+00
      vertex   -3.978981e+00 3.442382e+01 -7.000000e+00
    endloop
  endfacet
  facet normal -7.095412e-15 2.004653e-15 -1.000000e+00
    outer loop
      vertex   -3.978981e+00 3.442382e+01 -7.000000e+00
      vertex   -5.336013e+00 3.493734e+01 -7.000000e+00
      vertex   -5.243229e+00 3.526575e+01 -7.000000e+00
    endloop
  endfacet
  facet normal -7.352617e-15 1.618433e-15 -1.000000e+00
    outer loop
      vertex   -3.978981e+00 3.442382e+01 -7.000000e+00
      vertex   -5.243229e+00 3.526575e+01 -7.000000e+00
      vertex   -3.899957e+00 3.478283e+01 -7.000000e+00
    endloop
  endfacet
  facet normal -8.444134e-15 -1.417676e-15 -1.000000e+00
    outer loop
      vertex   -3.899957e+00 3.478283e+01 -7.000000e+00
      vertex   -5.243229e+00 3.526575e+01 -7.000000e+00
      vertex   -3.745604e+00 3.511646e+01 -7.000000e+00
    endloop
  endfacet
  facet normal -7.717946e-15 5.867030e-15 -1.000000e+00
    outer loop
      vertex   -3.745604e+00 3.511646e+01 -7.000000e+00
      vertex   -5.243229e+00 3.526575e+01 -7.000000e+00
      vertex   -3.523139e+00 3.540911e+01 -7.000000e+00
    endloop
  endfacet
  facet normal -8.015430e-15 9.436493e-15 -1.000000e+00
    outer loop
      vertex   -3.523139e+00 3.540911e+01 -7.000000e+00
      vertex   -5.243229e+00 3.526575e+01 -7.000000e+00
      vertex   -3.242964e+00 3.564709e+01 -7.000000e+00
    endloop
  endfacet
  facet normal -5.379175e-15 -4.391723e-15 -1.000000e+00
    outer loop
      vertex   -3.242964e+00 3.564709e+01 -7.000000e+00
      vertex   -5.243229e+00 3.526575e+01 -7.000000e+00
      vertex   -2.069044e+00 4.330998e+01 -7.000000e+00
    endloop
  endfacet
  facet normal -5.666118e-15 -4.347765e-15 -1.000000e+00
    outer loop
      vertex   -3.242964e+00 3.564709e+01 -7.000000e+00
      vertex   -2.069044e+00 4.330998e+01 -7.000000e+00
      vertex   -1.926017e+00 4.312359e+01 -7.000000e+00
    endloop
  endfacet
  facet normal -2.653019e-14 3.368201e-15 -1.000000e+00
    outer loop
      vertex   -3.055544e+00 4.880568e+01 -7.000000e+00
      vertex   -2.189621e+00 4.375998e+01 -7.000000e+00
      vertex   -5.243229e+00 3.526575e+01 -7.000000e+00
    endloop
  endfacet
  facet normal -1.256085e-14 -1.653667e-15 -1.000000e+00
    outer loop
      vertex   -5.243229e+00 3.526575e+01 -7.000000e+00
      vertex   -2.189621e+00 4.375998e+01 -7.000000e+00
      vertex   -2.158955e+00 4.352705e+01 -7.000000e+00
    endloop
  endfacet
  facet normal -8.054228e-15 -3.336170e-15 -1.000000e+00
    outer loop
      vertex   -5.243229e+00 3.526575e+01 -7.000000e+00
      vertex   -2.158955e+00 4.352705e+01 -7.000000e+00
      vertex   -2.069044e+00 4.330998e+01 -7.000000e+00
    endloop
  endfacet
  facet normal 0.000000e+00 -0.000000e+00 -1.000000e+00
    outer loop
      vertex   -3.016956e+00 4.894103e+01 -7.000000e+00
      vertex   -2.947904e+00 4.906366e+01 -7.000000e+00
      vertex   -3.055544e+00 4.880568e+01 -7.000000e+00
    endloop
  endfacet
  facet normal 0.000000e+00 0.000000e+00 -1.000000e+00
    outer loop
      vertex   -3.055544e+00 4.880568e+01 -7.000000e+00
      vertex   -2.947904e+00 4.906366e+01 -7.000000e+00
      vertex   -2.852184e+00 4.916683e+01 -7.000000e+00
    endloop
  endfacet
  facet normal 0.000000e+00 0.000000e+00 -1.000000e+00
    outer loop
      vertex   -3.055544e+00 4.880568e+01 -7.000000e+00
      vertex   -2.852184e+00 4.916683e+01 -7.000000e+00
      vertex   -2.735065e+00 4.924487e+01 -7.000000e+00
    endloop
  endfacet
  facet normal 0.000000e+00 -0.000000e+00 -1.000000e+00
    outer loop
      vertex   -2.735065e+00 4.924487e+01 -7.000000e+00
      vertex   -2.602990e+00 4.929348e+01 -7.000000e+00
      vertex   -3.055544e+00 4.880568e+01 -7.000000e+00
    endloop
  endfacet
  facet normal -7.136730e-15 6.621167e-15 -1.000000e+00
    outer loop
      vertex   -3.055544e+00 4.880568e+01 -7.000000e+00
      vertex   -2.602990e+00 4.929348e+01 -7.000000e+00
      vertex   -2.463225e+00 4.930998e+01 -7.000000e+00
    endloop
  endfacet
  facet normal -7.488261e-15 7.034055e-15 -1.000000e+00
    outer loop
      vertex   -3.055544e+00 4.880568e+01 -7.000000e+00
      vertex   -2.463225e+00 4.930998e+01 -7.000000e+00
      vertex   -1.522558e+00 4.462932e+01 -7.000000e+00
    endloop
  endfacet
  facet normal -1.095199e-15 8.318860e-15 -1.000000e+00
    outer loop
      vertex   -1.522558e+00 4.462932e+01 -7.000000e+00
      vertex   -2.463225e+00 4.930998e+01 -7.000000e+00
      vertex   -1.289621e+00 4.465998e+01 -7.000000e+00
    endloop
  endfacet
  facet normal -4.997213e-29 8.595275e-15 -1.000000e+00
    outer loop
      vertex   -1.289621e+00 4.465998e+01 -7.000000e+00
      vertex   -2.463225e+00 4.930998e+01 -7.000000e+00
      vertex   3.537870e-02 4.930998e+01 -7.000000e+00
    endloop
  endfacet
  facet normal 1.090674e-15 8.284492e-15 -1.000000e+00
    outer loop
      vertex   -1.289621e+00 4.465998e+01 -7.000000e+00
      vertex   3.537870e-02 4.930998e+01 -7.000000e+00
      vertex   -1.056684e+00 4.462932e+01 -7.000000e+00
    endloop
  endfacet
  facet normal 5.723332e-15 7.203630e-15 -1.000000e+00
    outer loop
      vertex   -1.056684e+00 4.462932e+01 -7.000000e+00
      vertex   3.537870e-02 4.930998e+01 -7.000000e+00
      vertex   6.353787e-01 4.870998e+01 -7.000000e+00
    endloop
  endfacet
  facet normal 3.385394e-15 8.173064e-15 -1.000000e+00
    outer loop
      vertex   -1.056684e+00 4.462932e+01 -7.000000e+00
      vertex   6.353787e-01 4.870998e+01 -7.000000e+00
      vertex   -8.396213e-01 4.453941e+01 -7.000000e+00
    endloop
  endfacet
  facet normal 9.403288e-15 6.044727e-15 -1.000000e+00
    outer loop
      vertex   -8.396213e-01 4.453941e+01 -7.000000e+00
      vertex   6.353787e-01 4.870998e+01 -7.000000e+00
      vertex   -6.532252e-01 4.439638e+01 -7.000000e+00
    endloop
  endfacet
  facet normal 8.305158e-15 6.372772e-15 -1.000000e+00
    outer loop
      vertex   -6.532252e-01 4.439638e+01 -7.000000e+00
      vertex   6.353787e-01 4.870998e+01 -7.000000e+00
      vertex   -5.101984e-01 4.420998e+01 -7.000000e+00
    endloop
  endfacet
  facet normal 1.269021e-14 5.256457e-15 -1.000000e+00
    outer loop
      vertex   -5.101984e-01 4.420998e+01 -7.000000e+00
      vertex   6.353787e-01 4.870998e+01 -7.000000e+00
      vertex   -4.202881e-01 4.399292e+01 -7.000000e+00
    endloop
  endfacet
  facet normal 2.277815e-14 2.998801e-15 -1.000000e+00
    outer loop
      vertex   -4.202881e-01 4.399292e+01 -7.000000e+00
      vertex   6.353787e-01 4.870998e+01 -7.000000e+00
      vertex   -3.896213e-01 4.375998e+01 -7.000000e+00
    endloop
  endfacet
  facet normal 4.132756e-14 -8.422382e-16 -1.000000e+00
    outer loop
      vertex   -3.896213e-01 4.375998e+01 -7.000000e+00
      vertex   6.353787e-01 4.870998e+01 -7.000000e+00
      vertex   6.353787e-01 3.710998e+01 -7.000000e+00
    endloop
  endfacet
  facet normal 2.523647e-14 -3.322444e-15 -1.000000e+00
    outer loop
      vertex   -3.896213e-01 4.375998e+01 -7.000000e+00
      vertex   6.353787e-01 3.710998e+01 -7.000000e+00
      vertex   -4.202881e-01 4.352705e+01 -7.000000e+00
    endloop
  endfacet
  facet normal 1.291478e-14 -5.349477e-15 -1.000000e+00
    outer loop
      vertex   -4.202881e-01 4.352705e+01 -7.000000e+00
      vertex   6.353787e-01 3.710998e+01 -7.000000e+00
      vertex   -5.101984e-01 4.330998e+01 -7.000000e+00
    endloop
  endfacet
  facet normal 8.124953e-15 -6.234496e-15 -1.000000e+00
    outer loop
      vertex   -5.101984e-01 4.330998e+01 -7.000000e+00
      vertex   6.353787e-01 3.710998e+01 -7.000000e+00
      vertex   -6.532252e-01 4.312359e+01 -7.000000e+00
    endloop
  endfacet
  facet normal 1.163518e-15 -7.726202e-15 -1.000000e+00
    outer loop
      vertex   -6.532252e-01 4.312359e+01 -7.000000e+00
      vertex   6.353787e-01 3.710998e+01 -7.000000e+00
      vertex   -8.396213e-01 4.298056e+01 -7.000000e+00
    endloop
  endfacet
  facet normal 3.008306e-15 -7.262694e-15 -1.000000e+00
    outer loop
      vertex   -8.396213e-01 4.298056e+01 -7.000000e+00
      vertex   6.353787e-01 3.710998e+01 -7.000000e+00
      vertex   -1.056684e+00 4.289065e+01 -7.000000e+00
    endloop
  endfacet
  facet normal 1.032299e-15 -7.841092e-15 -1.000000e+00
    outer loop
      vertex   -1.056684e+00 4.289065e+01 -7.000000e+00
      vertex   6.353787e-01 3.710998e+01 -7.000000e+00
      vertex   -1.289621e+00 4.285998e+01 -7.000000e+00
    endloop
  endfacet
  facet normal 6.273181e-15 -6.086536e-15 -1.000000e+00
    outer loop
      vertex   -1.289621e+00 4.285998e+01 -7.000000e+00
      vertex   6.353787e-01 3.710998e+01 -7.000000e+00
      vertex   -1.834148e+00 3.587805e+01 -7.000000e+00
    endloop
  endfacet
  facet normal -9.060436e-16 -5.526622e-15 -1.000000e+00
    outer loop
      vertex   -1.289621e+00 4.285998e+01 -7.000000e+00
      vertex   -1.834148e+00 3.587805e+01 -7.000000e+00
      vertex   -2.196910e+00 3.593752e+01 -7.000000e+00
    endloop
  endfacet
  facet normal 2.244319e-16 1.704729e-15 -1.000000e+00
    outer loop
      vertex   3.537870e-02 4.930998e+01 -7.000000e+00
      vertex   1.906701e-01 4.928954e+01 -7.000000e+00
      vertex   6.353787e-01 4.870998e+01 -7.000000e+00
    endloop
  endfacet
  facet normal 9.305538e-16 2.246556e-15 -1.000000e+00
    outer loop
      vertex   6.353787e-01 4.870998e+01 -7.000000e+00
      vertex   1.906701e-01 4.928954e+01 -7.000000e+00
      vertex   3.353787e-01 4.922960e+01 -7.000000e+00
    endloop
  endfacet
  facet normal -1.047772e-14 -4.340012e-15 -1.000000e+00
    outer loop
      vertex   6.353787e-01 4.870998e+01 -7.000000e+00
      vertex   3.353787e-01 4.922960e+01 -7.000000e+00
      vertex   4.596428e-01 4.913425e+01 -7.000000e+00
    endloop
  endfacet
  facet normal 2.024139e-14 8.384260e-15 -1.000000e+00
    outer loop
      vertex   4.596428e-01 4.913425e+01 -7.000000e+00
      vertex   5.549939e-01 4.900998e+01 -7.000000e+00
      vertex   6.353787e-01 4.870998e+01 -7.000000e+00
    endloop
  endfacet
  facet normal 2.024139e-14 8.384260e-15 -1.000000e+00
    outer loop
      vertex   6.353787e-01 4.870998e+01 -7.000000e+00
      vertex   5.549939e-01 4.900998e+01 -7.000000e+00
      vertex   6.149342e-01 4.886527e+01 -7.000000e+00
    endloop
  endfacet
  facet normal -5.657187e-16 -5.864340e-15 -1.000000e+00
    outer loop
      vertex   2.418538e+01 3.710998e+01 -7.000000e+00
      vertex   9.470638e+00 3.550040e+01 -7.000000e+00
      vertex   6.353787e-01 3.710998e+01 -7.000000e+00
    endloop
  endfacet
  facet normal 0.000000e+00 -2.759026e-15 -1.000000e+00
    outer loop
      vertex   6.353787e-01 3.710998e+01 -7.000000e+00
      vertex   9.470638e+00 3.550040e+01 -7.000000e+00
      vertex   9.104789e+00 3.550040e+01 -7.000000e+00
    endloop
  endfacet
  facet normal 2.768305e-16 -1.302385e-15 -1.000000e+00
    outer loop
      vertex   6.353787e-01 3.710998e+01 -7.000000e+00
      vertex   9.104789e+00 3.550040e+01 -7.000000e+00
      vertex   8.746934e+00 3.542433e+01 -7.000000e+00
    endloop
  endfacet
  facet normal 4.046496e-15 4.400830e-16 -1.000000e+00
    outer loop
      vertex   -6.286914e-01 3.460547e+01 -7.000000e+00
      vertex   6.353787e-01 3.710998e+01 -7.000000e+00
      vertex   -5.889463e-01 3.424002e+01 -7.000000e+00
    endloop
  endfacet
  facet normal 1.510690e-15 1.521856e-15 -1.000000e+00
    outer loop
      vertex   -5.889463e-01 3.424002e+01 -7.000000e+00
      vertex   6.353787e-01 3.710998e+01 -7.000000e+00
      vertex   7.537713e+00 3.375998e+01 -7.000000e+00
    endloop
  endfacet
  facet normal 1.411726e-15 -1.535344e-16 -1.000000e+00
    outer loop
      vertex   -5.889463e-01 3.424002e+01 -7.000000e+00
      vertex   7.537713e+00 3.375998e+01 -7.000000e+00
      vertex   -6.286914e-01 3.387457e+01 -7.000000e+00
    endloop
  endfacet
  facet normal 1.415969e-15 1.488243e-16 -1.000000e+00
    outer loop
      vertex   -6.286914e-01 3.387457e+01 -7.000000e+00
      vertex   7.537713e+00 3.375998e+01 -7.000000e+00
      vertex   7.575955e+00 3.339614e+01 -7.000000e+00
    endloop
  endfacet
  facet normal 1.234366e-15 -2.965493e-15 -1.000000e+00
    outer loop
      vertex   -6.286914e-01 3.387457e+01 -7.000000e+00
      vertex   7.575955e+00 3.339614e+01 -7.000000e+00
      vertex   -7.460681e-01 3.352621e+01 -7.000000e+00
    endloop
  endfacet
  facet normal 1.287252e-15 4.182536e-16 -1.000000e+00
    outer loop
      vertex   -7.460681e-01 3.352621e+01 -7.000000e+00
      vertex   7.575955e+00 3.339614e+01 -7.000000e+00
      vertex   7.689009e+00 3.304819e+01 -7.000000e+00
    endloop
  endfacet
  facet normal 1.221887e-15 -7.351851e-16 -1.000000e+00
    outer loop
      vertex   -7.460681e-01 3.352621e+01 -7.000000e+00
      vertex   7.689009e+00 3.304819e+01 -7.000000e+00
      vertex   -9.355881e-01 3.321122e+01 -7.000000e+00
    endloop
  endfacet
  facet normal 1.195845e-15 -2.112862e-15 -1.000000e+00
    outer loop
      vertex   -9.355881e-01 3.321122e+01 -7.000000e+00
      vertex   7.689009e+00 3.304819e+01 -7.000000e+00
      vertex   7.871934e+00 3.273136e+01 -7.000000e+00
    endloop
  endfacet
  facet normal 1.327569e-15 3.048176e-16 -1.000000e+00
    outer loop
      vertex   -9.355881e-01 3.321122e+01 -7.000000e+00
      vertex   7.871934e+00 3.273136e+01 -7.000000e+00
      vertex   7.200572e+00 2.400012e+01 -7.000000e+00
    endloop
  endfacet
  facet normal -4.797410e-15 7.757789e-16 -1.000000e+00
    outer loop
      vertex   7.200572e+00 2.400012e+01 -7.000000e+00
      vertex   7.871934e+00 3.273136e+01 -7.000000e+00
      vertex   7.674091e+00 2.463859e+01 -7.000000e+00
    endloop
  endfacet
  facet normal -7.466802e-16 6.767515e-16 -1.000000e+00
    outer loop
      vertex   7.674091e+00 2.463859e+01 -7.000000e+00
      vertex   7.871934e+00 3.273136e+01 -7.000000e+00
      vertex   8.207911e+00 2.522756e+01 -7.000000e+00
    endloop
  endfacet
  facet normal 8.300127e-16 7.473468e-16 -1.000000e+00
    outer loop
      vertex   8.207911e+00 2.522756e+01 -7.000000e+00
      vertex   7.871934e+00 3.273136e+01 -7.000000e+00
      vertex   8.116735e+00 3.245948e+01 -7.000000e+00
    endloop
  endfacet
  facet normal -6.603260e-16 7.285574e-16 -1.000000e+00
    outer loop
      vertex   8.207911e+00 2.522756e+01 -7.000000e+00
      vertex   8.116735e+00 3.245948e+01 -7.000000e+00
      vertex   8.796890e+00 2.576138e+01 -7.000000e+00
    endloop
  endfacet
  facet normal 6.240875e-16 8.589827e-16 -1.000000e+00
    outer loop
      vertex   8.796890e+00 2.576138e+01 -7.000000e+00
      vertex   8.116735e+00 3.245948e+01 -7.000000e+00
      vertex   8.412713e+00 3.224444e+01 -7.000000e+00
    endloop
  endfacet
  facet normal 3.758955e-16 8.442752e-16 -1.000000e+00
    outer loop
      vertex   8.796890e+00 2.576138e+01 -7.000000e+00
      vertex   8.412713e+00 3.224444e+01 -7.000000e+00
      vertex   8.746934e+00 3.209563e+01 -7.000000e+00
    endloop
  endfacet
  facet normal 9.007946e-15 -2.064043e-15 -1.000000e+00
    outer loop
      vertex   -6.286914e-01 3.460547e+01 -7.000000e+00
      vertex   -7.460681e-01 3.495383e+01 -7.000000e+00
      vertex   6.353787e-01 3.710998e+01 -7.000000e+00
    endloop
  endfacet
  facet normal 2.984068e-15 1.795454e-15 -1.000000e+00
    outer loop
      vertex   6.353787e-01 3.710998e+01 -7.000000e+00
      vertex   -7.460681e-01 3.495383e+01 -7.000000e+00
      vertex   -9.355881e-01 3.526881e+01 -7.000000e+00
    endloop
  endfacet
  facet normal 2.411334e-15 2.284137e-15 -1.000000e+00
    outer loop
      vertex   6.353787e-01 3.710998e+01 -7.000000e+00
      vertex   -9.355881e-01 3.526881e+01 -7.000000e+00
      vertex   -1.188390e+00 3.553569e+01 -7.000000e+00
    endloop
  endfacet
  facet normal 1.928181e-15 2.843855e-15 -1.000000e+00
    outer loop
      vertex   -1.188390e+00 3.553569e+01 -7.000000e+00
      vertex   -1.492652e+00 3.574199e+01 -7.000000e+00
      vertex   6.353787e-01 3.710998e+01 -7.000000e+00
    endloop
  endfacet
  facet normal 1.437327e-15 3.607420e-15 -1.000000e+00
    outer loop
      vertex   6.353787e-01 3.710998e+01 -7.000000e+00
      vertex   -1.492652e+00 3.574199e+01 -7.000000e+00
      vertex   -1.834148e+00 3.587805e+01 -7.000000e+00
    endloop
  endfacet
  facet normal -7.306205e-16 -5.549614e-15 -1.000000e+00
    outer loop
      vertex   -1.289621e+00 4.285998e+01 -7.000000e+00
      vertex   -2.196910e+00 3.593752e+01 -7.000000e+00
      vertex   -1.522558e+00 4.289065e+01 -7.000000e+00
    endloop
  endfacet
  facet normal 3.063441e-16 -5.650184e-15 -1.000000e+00
    outer loop
      vertex   -1.522558e+00 4.289065e+01 -7.000000e+00
      vertex   -2.196910e+00 3.593752e+01 -7.000000e+00
      vertex   -2.563976e+00 3.591762e+01 -7.000000e+00
    endloop
  endfacet
  facet normal -2.186189e-15 -5.277926e-15 -1.000000e+00
    outer loop
      vertex   -1.522558e+00 4.289065e+01 -7.000000e+00
      vertex   -2.563976e+00 3.591762e+01 -7.000000e+00
      vertex   -1.739621e+00 4.298056e+01 -7.000000e+00
    endloop
  endfacet
  facet normal 1.587705e-15 -5.718398e-15 -1.000000e+00
    outer loop
      vertex   -1.739621e+00 4.298056e+01 -7.000000e+00
      vertex   -2.563976e+00 3.591762e+01 -7.000000e+00
      vertex   -2.918181e+00 3.581928e+01 -7.000000e+00
    endloop
  endfacet
  facet normal 5.128580e-16 -5.541506e-15 -1.000000e+00
    outer loop
      vertex   -1.739621e+00 4.298056e+01 -7.000000e+00
      vertex   -2.918181e+00 3.581928e+01 -7.000000e+00
      vertex   -1.926017e+00 4.312359e+01 -7.000000e+00
    endloop
  endfacet
  facet normal 3.126111e-15 -5.896471e-15 -1.000000e+00
    outer loop
      vertex   -1.926017e+00 4.312359e+01 -7.000000e+00
      vertex   -2.918181e+00 3.581928e+01 -7.000000e+00
      vertex   -3.242964e+00 3.564709e+01 -7.000000e+00
    endloop
  endfacet
  facet normal -1.043065e-14 -7.487906e-15 -1.000000e+00
    outer loop
      vertex   -3.899957e+00 3.369721e+01 -7.000000e+00
      vertex   -3.745604e+00 3.336358e+01 -7.000000e+00
      vertex   -5.410921e+00 3.425998e+01 -7.000000e+00
    endloop
  endfacet
  facet normal -1.083268e-14 -8.234790e-15 -1.000000e+00
    outer loop
      vertex   -5.410921e+00 3.425998e+01 -7.000000e+00
      vertex   -3.745604e+00 3.336358e+01 -7.000000e+00
      vertex   -3.523139e+00 3.307093e+01 -7.000000e+00
    endloop
  endfacet
  facet normal 2.537611e-16 -6.368924e-16 -1.000000e+00
    outer loop
      vertex   -1.834148e+00 3.260198e+01 -7.000000e+00
      vertex   -1.492652e+00 3.273805e+01 -7.000000e+00
      vertex   6.184259e+00 2.185131e+01 -7.000000e+00
    endloop
  endfacet
  facet normal 7.675072e-16 -2.746184e-16 -1.000000e+00
    outer loop
      vertex   6.184259e+00 2.185131e+01 -7.000000e+00
      vertex   -1.492652e+00 3.273805e+01 -7.000000e+00
      vertex   6.452052e+00 2.259974e+01 -7.000000e+00
    endloop
  endfacet
  facet normal 3.878916e-16 -5.720973e-16 -1.000000e+00
    outer loop
      vertex   6.452052e+00 2.259974e+01 -7.000000e+00
      vertex   -1.492652e+00 3.273805e+01 -7.000000e+00
      vertex   -1.188390e+00 3.294434e+01 -7.000000e+00
    endloop
  endfacet
  facet normal -3.115264e-16 -1.088682e-15 -1.000000e+00
    outer loop
      vertex   6.452052e+00 2.259974e+01 -7.000000e+00
      vertex   -1.188390e+00 3.294434e+01 -7.000000e+00
      vertex   6.791914e+00 2.331831e+01 -7.000000e+00
    endloop
  endfacet
  facet normal 5.813564e-16 -3.484516e-16 -1.000000e+00
    outer loop
      vertex   6.791914e+00 2.331831e+01 -7.000000e+00
      vertex   -1.188390e+00 3.294434e+01 -7.000000e+00
      vertex   7.200572e+00 2.400012e+01 -7.000000e+00
    endloop
  endfacet
  facet normal 4.740778e-16 -4.490703e-16 -1.000000e+00
    outer loop
      vertex   7.200572e+00 2.400012e+01 -7.000000e+00
      vertex   -1.188390e+00 3.294434e+01 -7.000000e+00
      vertex   -9.355881e-01 3.321122e+01 -7.000000e+00
    endloop
  endfacet
  facet normal -8.908037e-16 -3.187347e-16 -1.000000e+00
    outer loop
      vertex   2.168669e+01 2.185131e+01 -7.000000e+00
      vertex   2.141890e+01 2.259974e+01 -7.000000e+00
      vertex   3.161313e+01 2.197453e+01 -7.000000e+00
    endloop
  endfacet
  facet normal -9.753527e-16 -1.697330e-15 -1.000000e+00
    outer loop
      vertex   3.161313e+01 2.197453e+01 -7.000000e+00
      vertex   2.141890e+01 2.259974e+01 -7.000000e+00
      vertex   2.107904e+01 2.331831e+01 -7.000000e+00
    endloop
  endfacet
  facet normal -8.813811e-16 -9.606772e-16 -1.000000e+00
    outer loop
      vertex   3.161313e+01 2.197453e+01 -7.000000e+00
      vertex   2.107904e+01 2.331831e+01 -7.000000e+00
      vertex   2.418538e+01 3.710998e+01 -7.000000e+00
    endloop
  endfacet
  facet normal -1.405747e-15 -8.425726e-16 -1.000000e+00
    outer loop
      vertex   2.418538e+01 3.710998e+01 -7.000000e+00
      vertex   2.107904e+01 2.331831e+01 -7.000000e+00
      vertex   2.067038e+01 2.400012e+01 -7.000000e+00
    endloop
  endfacet
  facet normal 1.547624e-15 -1.634427e-15 -1.000000e+00
    outer loop
      vertex   2.418538e+01 3.710998e+01 -7.000000e+00
      vertex   2.067038e+01 2.400012e+01 -7.000000e+00
      vertex   2.019686e+01 2.463859e+01 -7.000000e+00
    endloop
  endfacet
  facet normal -9.293040e-16 -8.422721e-16 -1.000000e+00
    outer loop
      vertex   2.019686e+01 2.463859e+01 -7.000000e+00
      vertex   1.966304e+01 2.522756e+01 -7.000000e+00
      vertex   2.418538e+01 3.710998e+01 -7.000000e+00
    endloop
  endfacet
  facet normal -8.059437e-16 -8.892218e-16 -1.000000e+00
    outer loop
      vertex   2.418538e+01 3.710998e+01 -7.000000e+00
      vertex   1.966304e+01 2.522756e+01 -7.000000e+00
      vertex   1.907406e+01 2.576138e+01 -7.000000e+00
    endloop
  endfacet
  facet normal 3.466236e-16 -1.408329e-15 -1.000000e+00
    outer loop
      vertex   2.418538e+01 3.710998e+01 -7.000000e+00
      vertex   1.907406e+01 2.576138e+01 -7.000000e+00
      vertex   1.843559e+01 2.623490e+01 -7.000000e+00
    endloop
  endfacet
  facet normal -5.575798e-16 -9.302657e-16 -1.000000e+00
    outer loop
      vertex   1.843559e+01 2.623490e+01 -7.000000e+00
      vertex   1.775379e+01 2.664356e+01 -7.000000e+00
      vertex   2.418538e+01 3.710998e+01 -7.000000e+00
    endloop
  endfacet
  facet normal -4.664643e-16 -9.862560e-16 -1.000000e+00
    outer loop
      vertex   2.418538e+01 3.710998e+01 -7.000000e+00
      vertex   1.775379e+01 2.664356e+01 -7.000000e+00
      vertex   1.703521e+01 2.698342e+01 -7.000000e+00
    endloop
  endfacet
  facet normal -3.757948e-16 -1.050276e-15 -1.000000e+00
    outer loop
      vertex   2.418538e+01 3.710998e+01 -7.000000e+00
      vertex   1.703521e+01 2.698342e+01 -7.000000e+00
      vertex   1.628678e+01 2.725122e+01 -7.000000e+00
    endloop
  endfacet
  facet normal 1.571964e-15 1.677105e-15 -1.000000e+00
    outer loop
      vertex   1.551571e+01 2.744436e+01 -7.000000e+00
      vertex   1.103771e+01 3.375998e+01 -7.000000e+00
      vertex   1.628678e+01 2.725122e+01 -7.000000e+00
    endloop
  endfacet
  facet normal 9.857865e-15 8.359364e-15 -1.000000e+00
    outer loop
      vertex   1.628678e+01 2.725122e+01 -7.000000e+00
      vertex   1.103771e+01 3.375998e+01 -7.000000e+00
      vertex   1.099947e+01 3.412383e+01 -7.000000e+00
    endloop
  endfacet
  facet normal -1.354188e-15 -2.664115e-16 -1.000000e+00
    outer loop
      vertex   1.628678e+01 2.725122e+01 -7.000000e+00
      vertex   1.099947e+01 3.412383e+01 -7.000000e+00
      vertex   2.418538e+01 3.710998e+01 -7.000000e+00
    endloop
  endfacet
  facet normal -1.317570e-15 -4.281046e-16 -1.000000e+00
    outer loop
      vertex   2.418538e+01 3.710998e+01 -7.000000e+00
      vertex   1.099947e+01 3.412383e+01 -7.000000e+00
      vertex   1.088642e+01 3.447177e+01 -7.000000e+00
    endloop
  endfacet
  facet normal -7.594113e-16 -3.241730e-15 -1.000000e+00
    outer loop
      vertex   2.418538e+01 3.710998e+01 -7.000000e+00
      vertex   1.088642e+01 3.447177e+01 -7.000000e+00
      vertex   1.070349e+01 3.478861e+01 -7.000000e+00
    endloop
  endfacet
  facet normal 9.325082e-17 6.286460e-16 -1.000000e+00
    outer loop
      vertex   1.551571e+01 2.744436e+01 -7.000000e+00
      vertex   1.472941e+01 2.756100e+01 -7.000000e+00
      vertex   1.103771e+01 3.375998e+01 -7.000000e+00
    endloop
  endfacet
  facet normal -1.127027e-14 -6.138708e-15 -1.000000e+00
    outer loop
      vertex   1.103771e+01 3.375998e+01 -7.000000e+00
      vertex   1.472941e+01 2.756100e+01 -7.000000e+00
      vertex   1.099947e+01 3.339614e+01 -7.000000e+00
    endloop
  endfacet
  facet normal 5.404090e-17 1.100028e-15 -1.000000e+00
    outer loop
      vertex   1.099947e+01 3.339614e+01 -7.000000e+00
      vertex   1.472941e+01 2.756100e+01 -7.000000e+00
      vertex   1.393548e+01 2.760000e+01 -7.000000e+00
    endloop
  endfacet
  facet normal -1.290078e-15 4.191716e-16 -1.000000e+00
    outer loop
      vertex   1.099947e+01 3.339614e+01 -7.000000e+00
      vertex   1.393548e+01 2.760000e+01 -7.000000e+00
      vertex   1.088642e+01 3.304819e+01 -7.000000e+00
    endloop
  endfacet
  facet normal -5.456142e-17 1.110623e-15 -1.000000e+00
    outer loop
      vertex   1.088642e+01 3.304819e+01 -7.000000e+00
      vertex   1.393548e+01 2.760000e+01 -7.000000e+00
      vertex   1.314154e+01 2.756100e+01 -7.000000e+00
    endloop
  endfacet
  facet normal -3.982815e-15 -5.038041e-16 -1.000000e+00
    outer loop
      vertex   1.088642e+01 3.304819e+01 -7.000000e+00
      vertex   1.314154e+01 2.756100e+01 -7.000000e+00
      vertex   1.070349e+01 3.273136e+01 -7.000000e+00
    endloop
  endfacet
  facet normal -1.905258e-16 1.284420e-15 -1.000000e+00
    outer loop
      vertex   1.070349e+01 3.273136e+01 -7.000000e+00
      vertex   1.314154e+01 2.756100e+01 -7.000000e+00
      vertex   1.235524e+01 2.744436e+01 -7.000000e+00
    endloop
  endfacet
  facet normal -1.108113e-15 9.977497e-16 -1.000000e+00
    outer loop
      vertex   1.070349e+01 3.273136e+01 -7.000000e+00
      vertex   1.235524e+01 2.744436e+01 -7.000000e+00
      vertex   1.045869e+01 3.245948e+01 -7.000000e+00
    endloop
  endfacet
  facet normal -1.376383e-15 8.962991e-16 -1.000000e+00
    outer loop
      vertex   1.045869e+01 3.245948e+01 -7.000000e+00
      vertex   1.235524e+01 2.744436e+01 -7.000000e+00
      vertex   1.158417e+01 2.725122e+01 -7.000000e+00
    endloop
  endfacet
  facet normal -7.496048e-16 1.031742e-15 -1.000000e+00
    outer loop
      vertex   1.045869e+01 3.245948e+01 -7.000000e+00
      vertex   1.158417e+01 2.725122e+01 -7.000000e+00
      vertex   1.016271e+01 3.224444e+01 -7.000000e+00
    endloop
  endfacet
  facet normal -4.920105e-16 1.105074e-15 -1.000000e+00
    outer loop
      vertex   1.016271e+01 3.224444e+01 -7.000000e+00
      vertex   1.158417e+01 2.725122e+01 -7.000000e+00
      vertex   9.828493e+00 3.209563e+01 -7.000000e+00
    endloop
  endfacet
  facet normal -4.064913e-16 1.136067e-15 -1.000000e+00
    outer loop
      vertex   9.828493e+00 3.209563e+01 -7.000000e+00
      vertex   1.158417e+01 2.725122e+01 -7.000000e+00
      vertex   1.083574e+01 2.698342e+01 -7.000000e+00
    endloop
  endfacet
  facet normal -2.481114e-16 1.167272e-15 -1.000000e+00
    outer loop
      vertex   9.828493e+00 3.209563e+01 -7.000000e+00
      vertex   1.083574e+01 2.698342e+01 -7.000000e+00
      vertex   9.470638e+00 3.201957e+01 -7.000000e+00
    endloop
  endfacet
  facet normal -5.175376e-16 1.094241e-15 -1.000000e+00
    outer loop
      vertex   9.470638e+00 3.201957e+01 -7.000000e+00
      vertex   1.083574e+01 2.698342e+01 -7.000000e+00
      vertex   1.011716e+01 2.664356e+01 -7.000000e+00
    endloop
  endfacet
  facet normal 0.000000e+00 1.156481e-15 -1.000000e+00
    outer loop
      vertex   9.470638e+00 3.201957e+01 -7.000000e+00
      vertex   1.011716e+01 2.664356e+01 -7.000000e+00
      vertex   9.104789e+00 3.201957e+01 -7.000000e+00
    endloop
  endfacet
  facet normal -6.228648e-16 1.039187e-15 -1.000000e+00
    outer loop
      vertex   9.104789e+00 3.201957e+01 -7.000000e+00
      vertex   1.011716e+01 2.664356e+01 -7.000000e+00
      vertex   9.435357e+00 2.623490e+01 -7.000000e+00
    endloop
  endfacet
  facet normal 2.312608e-16 1.087997e-15 -1.000000e+00
    outer loop
      vertex   9.104789e+00 3.201957e+01 -7.000000e+00
      vertex   9.435357e+00 2.623490e+01 -7.000000e+00
      vertex   8.746934e+00 3.209563e+01 -7.000000e+00
    endloop
  endfacet
  facet normal -2.003352e-15 8.255107e-16 -1.000000e+00
    outer loop
      vertex   8.746934e+00 3.209563e+01 -7.000000e+00
      vertex   9.435357e+00 2.623490e+01 -7.000000e+00
      vertex   8.796890e+00 2.576138e+01 -7.000000e+00
    endloop
  endfacet
  facet normal -4.559315e-16 -9.639861e-16 -1.000000e+00
    outer loop
      vertex   1.011716e+01 1.235644e+01 -7.000000e+00
      vertex   1.083574e+01 1.201658e+01 -7.000000e+00
      vertex   -2.310921e+00 1.650000e+00 -7.000000e+00
    endloop
  endfacet
  facet normal -1.308132e-15 1.167554e-16 -1.000000e+00
    outer loop
      vertex   -2.310921e+00 1.650000e+00 -7.000000e+00
      vertex   1.083574e+01 1.201658e+01 -7.000000e+00
      vertex   1.519424e+01 7.599174e+00 -7.000000e+00
    endloop
  endfacet
  facet normal -1.706818e-16 -3.230137e-15 -1.000000e+00
    outer loop
      vertex   -2.310921e+00 1.650000e+00 -7.000000e+00
      vertex   1.519424e+01 7.599174e+00 -7.000000e+00
      vertex   1.537295e+01 7.314765e+00 -7.000000e+00
    endloop
  endfacet
  facet normal 7.783909e-16 2.175457e-15 -1.000000e+00
    outer loop
      vertex   1.083574e+01 1.201658e+01 -7.000000e+00
      vertex   1.158417e+01 1.174878e+01 -7.000000e+00
      vertex   1.519424e+01 7.599174e+00 -7.000000e+00
    endloop
  endfacet
  facet normal -2.880944e-15 -1.008086e-15 -1.000000e+00
    outer loop
      vertex   1.519424e+01 7.599174e+00 -7.000000e+00
      vertex   1.158417e+01 1.174878e+01 -7.000000e+00
      vertex   1.508330e+01 7.916219e+00 -7.000000e+00
    endloop
  endfacet
  facet normal 2.020232e-15 3.466688e-15 -1.000000e+00
    outer loop
      vertex   1.508330e+01 7.916219e+00 -7.000000e+00
      vertex   1.158417e+01 1.174878e+01 -7.000000e+00
      vertex   1.235524e+01 1.155564e+01 -7.000000e+00
    endloop
  endfacet
  facet normal -3.065335e-15 -3.453803e-16 -1.000000e+00
    outer loop
      vertex   1.508330e+01 7.916219e+00 -7.000000e+00
      vertex   1.235524e+01 1.155564e+01 -7.000000e+00
      vertex   1.504569e+01 8.250000e+00 -7.000000e+00
    endloop
  endfacet
  facet normal 3.626261e-16 2.444627e-15 -1.000000e+00
    outer loop
      vertex   1.504569e+01 8.250000e+00 -7.000000e+00
      vertex   1.235524e+01 1.155564e+01 -7.000000e+00
      vertex   1.314154e+01 1.143900e+01 -7.000000e+00
    endloop
  endfacet
  facet normal -3.139172e-15 3.536998e-16 -1.000000e+00
    outer loop
      vertex   1.504569e+01 8.250000e+00 -7.000000e+00
      vertex   1.314154e+01 1.143900e+01 -7.000000e+00
      vertex   1.508330e+01 8.583781e+00 -7.000000e+00
    endloop
  endfacet
  facet normal 1.264814e-16 2.574589e-15 -1.000000e+00
    outer loop
      vertex   1.508330e+01 8.583781e+00 -7.000000e+00
      vertex   1.314154e+01 1.143900e+01 -7.000000e+00
      vertex   1.393548e+01 1.140000e+01 -7.000000e+00
    endloop
  endfacet
  facet normal -3.330777e-15 1.165489e-15 -1.000000e+00
    outer loop
      vertex   1.508330e+01 8.583781e+00 -7.000000e+00
      vertex   1.393548e+01 1.140000e+01 -7.000000e+00
      vertex   1.519424e+01 8.900826e+00 -7.000000e+00
    endloop
  endfacet
  facet normal -5.270253e-15 1.886291e-16 -1.000000e+00
    outer loop
      vertex   1.519424e+01 8.900826e+00 -7.000000e+00
      vertex   1.393548e+01 1.140000e+01 -7.000000e+00
      vertex   1.537295e+01 9.185235e+00 -7.000000e+00
    endloop
  endfacet
  facet normal -1.718314e-16 3.497708e-15 -1.000000e+00
    outer loop
      vertex   1.537295e+01 9.185235e+00 -7.000000e+00
      vertex   1.393548e+01 1.140000e+01 -7.000000e+00
      vertex   1.472941e+01 1.143900e+01 -7.000000e+00
    endloop
  endfacet
  facet normal -2.758983e-15 2.758983e-15 -1.000000e+00
    outer loop
      vertex   1.537295e+01 9.185235e+00 -7.000000e+00
      vertex   1.472941e+01 1.143900e+01 -7.000000e+00
      vertex   1.561046e+01 9.422747e+00 -7.000000e+00
    endloop
  endfacet
  facet normal -5.522910e-16 3.723243e-15 -1.000000e+00
    outer loop
      vertex   1.561046e+01 9.422747e+00 -7.000000e+00
      vertex   1.472941e+01 1.143900e+01 -7.000000e+00
      vertex   1.551571e+01 1.155564e+01 -7.000000e+00
    endloop
  endfacet
  facet normal -2.290937e-15 3.646005e-15 -1.000000e+00
    outer loop
      vertex   1.561046e+01 9.422747e+00 -7.000000e+00
      vertex   1.551571e+01 1.155564e+01 -7.000000e+00
      vertex   1.589487e+01 9.601453e+00 -7.000000e+00
    endloop
  endfacet
  facet normal -1.340331e-15 3.830446e-15 -1.000000e+00
    outer loop
      vertex   1.589487e+01 9.601453e+00 -7.000000e+00
      vertex   1.551571e+01 1.155564e+01 -7.000000e+00
      vertex   1.621191e+01 9.712392e+00 -7.000000e+00
    endloop
  endfacet
  facet normal -2.044707e-15 3.564399e-15 -1.000000e+00
    outer loop
      vertex   1.621191e+01 9.712392e+00 -7.000000e+00
      vertex   1.551571e+01 1.155564e+01 -7.000000e+00
      vertex   1.628678e+01 1.174878e+01 -7.000000e+00
    endloop
  endfacet
  facet normal -3.947766e-16 3.503739e-15 -1.000000e+00
    outer loop
      vertex   1.621191e+01 9.712392e+00 -7.000000e+00
      vertex   1.628678e+01 1.174878e+01 -7.000000e+00
      vertex   1.654569e+01 9.750000e+00 -7.000000e+00
    endloop
  endfacet
  facet normal 4.064708e-16 3.607528e-15 -1.000000e+00
    outer loop
      vertex   1.654569e+01 9.750000e+00 -7.000000e+00
      vertex   1.628678e+01 1.174878e+01 -7.000000e+00
      vertex   1.687948e+01 9.712392e+00 -7.000000e+00
    endloop
  endfacet
  facet normal -1.130713e-15 3.160130e-15 -1.000000e+00
    outer loop
      vertex   1.687948e+01 9.712392e+00 -7.000000e+00
      vertex   1.628678e+01 1.174878e+01 -7.000000e+00
      vertex   1.703521e+01 1.201658e+01 -7.000000e+00
    endloop
  endfacet
  facet normal 1.054106e-15 3.012461e-15 -1.000000e+00
    outer loop
      vertex   1.687948e+01 9.712392e+00 -7.000000e+00
      vertex   1.703521e+01 1.201658e+01 -7.000000e+00
      vertex   1.719652e+01 9.601453e+00 -7.000000e+00
    endloop
  endfacet
  facet normal -1.348879e-15 2.851964e-15 -1.000000e+00
    outer loop
      vertex   1.719652e+01 9.601453e+00 -7.000000e+00
      vertex   1.703521e+01 1.201658e+01 -7.000000e+00
      vertex   1.775379e+01 1.235644e+01 -7.000000e+00
    endloop
  endfacet
  facet normal 1.437821e-15 2.288279e-15 -1.000000e+00
    outer loop
      vertex   1.719652e+01 9.601453e+00 -7.000000e+00
      vertex   1.775379e+01 1.235644e+01 -7.000000e+00
      vertex   1.748093e+01 9.422747e+00 -7.000000e+00
    endloop
  endfacet
  facet normal 2.215910e-15 2.215910e-15 -1.000000e+00
    outer loop
      vertex   1.748093e+01 9.422747e+00 -7.000000e+00
      vertex   1.775379e+01 1.235644e+01 -7.000000e+00
      vertex   1.771844e+01 9.185235e+00 -7.000000e+00
    endloop
  endfacet
  facet normal -1.352002e-15 2.255680e-15 -1.000000e+00
    outer loop
      vertex   1.771844e+01 9.185235e+00 -7.000000e+00
      vertex   1.775379e+01 1.235644e+01 -7.000000e+00
      vertex   1.843559e+01 1.276510e+01 -7.000000e+00
    endloop
  endfacet
  facet normal 6.163749e-15 7.500498e-16 -1.000000e+00
    outer loop
      vertex   1.771844e+01 9.185235e+00 -7.000000e+00
      vertex   1.843559e+01 1.276510e+01 -7.000000e+00
      vertex   1.789715e+01 8.900826e+00 -7.000000e+00
    endloop
  endfacet
  facet normal -4.433650e-15 2.226691e-15 -1.000000e+00
    outer loop
      vertex   1.789715e+01 8.900826e+00 -7.000000e+00
      vertex   1.843559e+01 1.276510e+01 -7.000000e+00
      vertex   1.907406e+01 1.323862e+01 -7.000000e+00
    endloop
  endfacet
  facet normal 1.647966e-15 5.766481e-16 -1.000000e+00
    outer loop
      vertex   1.789715e+01 8.900826e+00 -7.000000e+00
      vertex   1.907406e+01 1.323862e+01 -7.000000e+00
      vertex   1.800809e+01 8.583781e+00 -7.000000e+00
    endloop
  endfacet
  facet normal -1.091171e-15 1.203921e-15 -1.000000e+00
    outer loop
      vertex   1.800809e+01 8.583781e+00 -7.000000e+00
      vertex   1.907406e+01 1.323862e+01 -7.000000e+00
      vertex   1.966304e+01 1.377244e+01 -7.000000e+00
    endloop
  endfacet
  facet normal -8.862949e-15 -5.332660e-15 -1.000000e+00
    outer loop
      vertex   3.170278e+01 5.473794e+00 -7.000000e+00
      vertex   3.151326e+01 5.788778e+00 -7.000000e+00
      vertex   3.326747e+01 5.038454e+00 -7.000000e+00
    endloop
  endfacet
  facet normal -1.106528e-14 -1.048159e-14 -1.000000e+00
    outer loop
      vertex   3.326747e+01 5.038454e+00 -7.000000e+00
      vertex   3.151326e+01 5.788778e+00 -7.000000e+00
      vertex   3.126045e+01 6.055658e+00 -7.000000e+00
    endloop
  endfacet
  facet normal -2.427028e-16 -1.480421e-15 -1.000000e+00
    outer loop
      vertex   3.061470e+01 6.398017e+00 -7.000000e+00
      vertex   3.025193e+01 6.457489e+00 -7.000000e+00
      vertex   3.170257e+01 2.121841e+01 -7.000000e+00
    endloop
  endfacet
  facet normal 8.199624e-17 -1.512331e-15 -1.000000e+00
    outer loop
      vertex   3.170257e+01 2.121841e+01 -7.000000e+00
      vertex   3.025193e+01 6.457489e+00 -7.000000e+00
      vertex   2.988487e+01 6.437587e+00 -7.000000e+00
    endloop
  endfacet
  facet normal 4.318420e-16 -1.555354e-15 -1.000000e+00
    outer loop
      vertex   3.170257e+01 2.121841e+01 -7.000000e+00
      vertex   2.988487e+01 6.437587e+00 -7.000000e+00
      vertex   2.953066e+01 6.339243e+00 -7.000000e+00
    endloop
  endfacet
  facet normal 1.147595e-15 -1.293029e-16 -1.000000e+00
    outer loop
      vertex   1.804569e+01 8.250000e+00 -7.000000e+00
      vertex   2.854889e+01 5.302795e+00 -7.000000e+00
      vertex   1.800809e+01 7.916219e+00 -7.000000e+00
    endloop
  endfacet
  facet normal 1.118607e-15 -2.462239e-16 -1.000000e+00
    outer loop
      vertex   1.800809e+01 7.916219e+00 -7.000000e+00
      vertex   2.854889e+01 5.302795e+00 -7.000000e+00
      vertex   2.846986e+01 4.943785e+00 -7.000000e+00
    endloop
  endfacet
  facet normal 1.081084e-15 -3.782877e-16 -1.000000e+00
    outer loop
      vertex   1.800809e+01 7.916219e+00 -7.000000e+00
      vertex   2.846986e+01 4.943785e+00 -7.000000e+00
      vertex   1.789715e+01 7.599174e+00 -7.000000e+00
    endloop
  endfacet
  facet normal 1.176093e-15 1.163592e-23 -1.000000e+00
    outer loop
      vertex   1.789715e+01 7.599174e+00 -7.000000e+00
      vertex   2.846986e+01 4.943785e+00 -7.000000e+00
      vertex   2.846986e+01 4.576180e+00 -7.000000e+00
    endloop
  endfacet
  facet normal 2.400555e-16 -3.273727e-15 -1.000000e+00
    outer loop
      vertex   1.789715e+01 7.599174e+00 -7.000000e+00
      vertex   2.846986e+01 4.576180e+00 -7.000000e+00
      vertex   1.771844e+01 7.314765e+00 -7.000000e+00
    endloop
  endfacet
  facet normal 1.137724e-15 2.504320e-16 -1.000000e+00
    outer loop
      vertex   1.771844e+01 7.314765e+00 -7.000000e+00
      vertex   2.846986e+01 4.576180e+00 -7.000000e+00
      vertex   2.854889e+01 4.217170e+00 -7.000000e+00
    endloop
  endfacet
  facet normal 8.289980e-16 -8.289980e-16 -1.000000e+00
    outer loop
      vertex   1.771844e+01 7.314765e+00 -7.000000e+00
      vertex   2.854889e+01 4.217170e+00 -7.000000e+00
      vertex   1.748093e+01 7.077253e+00 -7.000000e+00
    endloop
  endfacet
  facet normal 4.035283e-16 -2.475482e-15 -1.000000e+00
    outer loop
      vertex   1.748093e+01 7.077253e+00 -7.000000e+00
      vertex   2.854889e+01 4.217170e+00 -7.000000e+00
      vertex   2.870324e+01 3.883541e+00 -7.000000e+00
    endloop
  endfacet
  facet normal -1.595076e-15 1.198621e-15 -1.000000e+00
    outer loop
      vertex   -2.245532e+00 1.593937e+01 -7.000000e+00
      vertex   -2.535570e+00 1.555340e+01 -7.000000e+00
      vertex   -5.410921e+00 1.395000e+01 -7.000000e+00
    endloop
  endfacet
  facet normal -1.310112e-15 6.875996e-16 -1.000000e+00
    outer loop
      vertex   -5.410921e+00 1.395000e+01 -7.000000e+00
      vertex   -2.535570e+00 1.555340e+01 -7.000000e+00
      vertex   -2.759938e+00 1.512590e+01 -7.000000e+00
    endloop
  endfacet
  facet normal -1.179828e-15 3.938845e-16 -1.000000e+00
    outer loop
      vertex   -5.410921e+00 1.395000e+01 -7.000000e+00
      vertex   -2.759938e+00 1.512590e+01 -7.000000e+00
      vertex   -2.912825e+00 1.466795e+01 -7.000000e+00
    endloop
  endfacet
  facet normal 5.667826e-16 -5.683446e-15 -1.000000e+00
    outer loop
      vertex   -2.912825e+00 1.466795e+01 -7.000000e+00
      vertex   -2.990272e+00 1.419140e+01 -7.000000e+00
      vertex   -5.410921e+00 1.395000e+01 -7.000000e+00
    endloop
  endfacet
  facet normal 0.000000e+00 0.000000e+00 -1.000000e+00
    outer loop
      vertex   -5.410921e+00 1.395000e+01 -7.000000e+00
      vertex   -2.990272e+00 1.419140e+01 -7.000000e+00
      vertex   -2.990272e+00 1.370860e+01 -7.000000e+00
    endloop
  endfacet
  facet normal 0.000000e+00 0.000000e+00 -1.000000e+00
    outer loop
      vertex   -5.410921e+00 1.395000e+01 -7.000000e+00
      vertex   -2.990272e+00 1.370860e+01 -7.000000e+00
      vertex   -2.912825e+00 1.323205e+01 -7.000000e+00
    endloop
  endfacet
  facet normal -0.000000e+00 -0.000000e+00 -1.000000e+00
    outer loop
      vertex   -2.912825e+00 1.323205e+01 -7.000000e+00
      vertex   -2.759938e+00 1.277410e+01 -7.000000e+00
      vertex   -5.410921e+00 1.395000e+01 -7.000000e+00
    endloop
  endfacet
  facet normal 0.000000e+00 0.000000e+00 -1.000000e+00
    outer loop
      vertex   -5.410921e+00 1.395000e+01 -7.000000e+00
      vertex   -2.759938e+00 1.277410e+01 -7.000000e+00
      vertex   -2.535570e+00 1.234660e+01 -7.000000e+00
    endloop
  endfacet
  facet normal -5.931973e-16 -8.593946e-16 -1.000000e+00
    outer loop
      vertex   -1.897336e+00 1.162619e+01 -7.000000e+00
      vertex   -1.500000e+00 1.135192e+01 -7.000000e+00
      vertex   -5.410921e+00 4.750000e+00 -7.000000e+00
    endloop
  endfacet
  facet normal -4.484697e-16 -9.451300e-16 -1.000000e+00
    outer loop
      vertex   -5.410921e+00 4.750000e+00 -7.000000e+00
      vertex   -1.500000e+00 1.135192e+01 -7.000000e+00
      vertex   -1.063815e+00 1.114495e+01 -7.000000e+00
    endloop
  endfacet
  facet normal -9.129563e-16 -9.129563e-16 -1.000000e+00
    outer loop
      vertex   1.537295e+01 7.314765e+00 -7.000000e+00
      vertex   1.561046e+01 7.077253e+00 -7.000000e+00
      vertex   -2.310921e+00 1.650000e+00 -7.000000e+00
    endloop
  endfacet
  facet normal -8.026070e-16 -1.277342e-15 -1.000000e+00
    outer loop
      vertex   -2.310921e+00 1.650000e+00 -7.000000e+00
      vertex   1.561046e+01 7.077253e+00 -7.000000e+00
      vertex   1.589487e+01 6.898547e+00 -7.000000e+00
    endloop
  endfacet
  facet normal -6.419547e-16 -1.834601e-15 -1.000000e+00
    outer loop
      vertex   -2.310921e+00 1.650000e+00 -7.000000e+00
      vertex   1.589487e+01 6.898547e+00 -7.000000e+00
      vertex   1.621191e+01 6.787608e+00 -7.000000e+00
    endloop
  endfacet
  facet normal -3.324417e-16 -2.950501e-15 -1.000000e+00
    outer loop
      vertex   1.621191e+01 6.787608e+00 -7.000000e+00
      vertex   1.654569e+01 6.750000e+00 -7.000000e+00
      vertex   -2.310921e+00 1.650000e+00 -7.000000e+00
    endloop
  endfacet
  facet normal -1.140733e-15 -1.027121e-15 -1.000000e+00
    outer loop
      vertex   1.070349e+01 3.478861e+01 -7.000000e+00
      vertex   1.045869e+01 3.506049e+01 -7.000000e+00
      vertex   2.418538e+01 3.710998e+01 -7.000000e+00
    endloop
  endfacet
  facet normal -1.073485e-15 -1.477525e-15 -1.000000e+00
    outer loop
      vertex   2.418538e+01 3.710998e+01 -7.000000e+00
      vertex   1.045869e+01 3.506049e+01 -7.000000e+00
      vertex   1.016271e+01 3.527553e+01 -7.000000e+00
    endloop
  endfacet
  facet normal -9.790909e-16 -2.199074e-15 -1.000000e+00
    outer loop
      vertex   2.418538e+01 3.710998e+01 -7.000000e+00
      vertex   1.016271e+01 3.527553e+01 -7.000000e+00
      vertex   9.828493e+00 3.542433e+01 -7.000000e+00
    endloop
  endfacet
  facet normal -7.970283e-16 -3.749723e-15 -1.000000e+00
    outer loop
      vertex   9.828493e+00 3.542433e+01 -7.000000e+00
      vertex   9.470638e+00 3.550040e+01 -7.000000e+00
      vertex   2.418538e+01 3.710998e+01 -7.000000e+00
    endloop
  endfacet
  facet normal 3.732598e-16 -8.383553e-16 -1.000000e+00
    outer loop
      vertex   8.746934e+00 3.542433e+01 -7.000000e+00
      vertex   8.412713e+00 3.527553e+01 -7.000000e+00
      vertex   6.353787e-01 3.710998e+01 -7.000000e+00
    endloop
  endfacet
  facet normal 4.310606e-16 -5.933040e-16 -1.000000e+00
    outer loop
      vertex   6.353787e-01 3.710998e+01 -7.000000e+00
      vertex   8.412713e+00 3.527553e+01 -7.000000e+00
      vertex   8.116735e+00 3.506049e+01 -7.000000e+00
    endloop
  endfacet
  facet normal 4.761467e-16 -4.287244e-16 -1.000000e+00
    outer loop
      vertex   6.353787e-01 3.710998e+01 -7.000000e+00
      vertex   8.116735e+00 3.506049e+01 -7.000000e+00
      vertex   7.871934e+00 3.478861e+01 -7.000000e+00
    endloop
  endfacet
  facet normal -2.409502e-16 -2.664171e-15 -1.000000e+00
    outer loop
      vertex   7.871934e+00 3.478861e+01 -7.000000e+00
      vertex   7.689009e+00 3.447177e+01 -7.000000e+00
      vertex   6.353787e-01 3.710998e+01 -7.000000e+00
    endloop
  endfacet
  facet normal 6.736418e-16 -2.188795e-16 -1.000000e+00
    outer loop
      vertex   6.353787e-01 3.710998e+01 -7.000000e+00
      vertex   7.689009e+00 3.447177e+01 -7.000000e+00
      vertex   7.575955e+00 3.412383e+01 -7.000000e+00
    endloop
  endfacet
  facet normal 7.345950e-16 -7.720904e-17 -1.000000e+00
    outer loop
      vertex   6.353787e-01 3.710998e+01 -7.000000e+00
      vertex   7.575955e+00 3.412383e+01 -7.000000e+00
      vertex   7.537713e+00 3.375998e+01 -7.000000e+00
    endloop
  endfacet
  facet normal 4.750913e-15 3.645504e-15 -1.000000e+00
    outer loop
      vertex   2.688980e+01 4.420998e+01 -7.000000e+00
      vertex   2.674677e+01 4.439638e+01 -7.000000e+00
      vertex   2.785979e+01 4.879314e+01 -7.000000e+00
    endloop
  endfacet
  facet normal 7.105024e-15 3.049572e-15 -1.000000e+00
    outer loop
      vertex   2.785979e+01 4.879314e+01 -7.000000e+00
      vertex   2.674677e+01 4.439638e+01 -7.000000e+00
      vertex   2.656038e+01 4.453941e+01 -7.000000e+00
    endloop
  endfacet
  facet normal 1.919332e-15 4.633677e-15 -1.000000e+00
    outer loop
      vertex   2.785979e+01 4.879314e+01 -7.000000e+00
      vertex   2.656038e+01 4.453941e+01 -7.000000e+00
      vertex   2.634332e+01 4.462932e+01 -7.000000e+00
    endloop
  endfacet
  facet normal 6.699413e-16 5.088709e-15 -1.000000e+00
    outer loop
      vertex   2.634332e+01 4.462932e+01 -7.000000e+00
      vertex   2.611038e+01 4.465998e+01 -7.000000e+00
      vertex   2.785979e+01 4.879314e+01 -7.000000e+00
    endloop
  endfacet
  facet normal -2.154342e-15 5.201041e-15 -1.000000e+00
    outer loop
      vertex   2.587744e+01 4.462932e+01 -7.000000e+00
      vertex   2.566038e+01 4.453941e+01 -7.000000e+00
      vertex   2.418538e+01 4.870998e+01 -7.000000e+00
    endloop
  endfacet
  facet normal -7.346784e-15 3.364640e-15 -1.000000e+00
    outer loop
      vertex   2.418538e+01 4.870998e+01 -7.000000e+00
      vertex   2.566038e+01 4.453941e+01 -7.000000e+00
      vertex   2.547398e+01 4.439638e+01 -7.000000e+00
    endloop
  endfacet
  facet normal -5.214867e-15 4.001508e-15 -1.000000e+00
    outer loop
      vertex   2.418538e+01 4.870998e+01 -7.000000e+00
      vertex   2.547398e+01 4.439638e+01 -7.000000e+00
      vertex   2.533096e+01 4.420998e+01 -7.000000e+00
    endloop
  endfacet
  facet normal -7.968272e-15 3.300566e-15 -1.000000e+00
    outer loop
      vertex   2.533096e+01 4.420998e+01 -7.000000e+00
      vertex   2.524105e+01 4.399292e+01 -7.000000e+00
      vertex   2.418538e+01 4.870998e+01 -7.000000e+00
    endloop
  endfacet
  facet normal -1.430256e-14 1.882968e-15 -1.000000e+00
    outer loop
      vertex   2.418538e+01 4.870998e+01 -7.000000e+00
      vertex   2.524105e+01 4.399292e+01 -7.000000e+00
      vertex   2.521038e+01 4.375998e+01 -7.000000e+00
    endloop
  endfacet
  facet normal -5.717560e-15 -4.387238e-15 -1.000000e+00
    outer loop
      vertex   2.533096e+01 4.330998e+01 -7.000000e+00
      vertex   2.547398e+01 4.312359e+01 -7.000000e+00
      vertex   2.418538e+01 3.710998e+01 -7.000000e+00
    endloop
  endfacet
  facet normal 4.485875e-15 -6.573645e-15 -1.000000e+00
    outer loop
      vertex   2.418538e+01 3.710998e+01 -7.000000e+00
      vertex   2.547398e+01 4.312359e+01 -7.000000e+00
      vertex   2.566038e+01 4.298056e+01 -7.000000e+00
    endloop
  endfacet
  facet normal -2.043378e-15 -4.933151e-15 -1.000000e+00
    outer loop
      vertex   2.418538e+01 3.710998e+01 -7.000000e+00
      vertex   2.566038e+01 4.298056e+01 -7.000000e+00
      vertex   2.587744e+01 4.289065e+01 -7.000000e+00
    endloop
  endfacet
  facet normal -7.011845e-16 -5.326025e-15 -1.000000e+00
    outer loop
      vertex   2.587744e+01 4.289065e+01 -7.000000e+00
      vertex   2.611038e+01 4.285998e+01 -7.000000e+00
      vertex   2.418538e+01 3.710998e+01 -7.000000e+00
    endloop
  endfacet
  facet normal 7.658437e-16 -5.817160e-15 -1.000000e+00
    outer loop
      vertex   2.418538e+01 3.710998e+01 -7.000000e+00
      vertex   2.611038e+01 4.285998e+01 -7.000000e+00
      vertex   2.634332e+01 4.289065e+01 -7.000000e+00
    endloop
  endfacet
  facet normal 2.710196e-15 -6.542992e-15 -1.000000e+00
    outer loop
      vertex   2.418538e+01 3.710998e+01 -7.000000e+00
      vertex   2.634332e+01 4.289065e+01 -7.000000e+00
      vertex   2.656038e+01 4.298056e+01 -7.000000e+00
    endloop
  endfacet
  facet normal -7.759502e-15 -2.307372e-15 -1.000000e+00
    outer loop
      vertex   2.656038e+01 4.298056e+01 -7.000000e+00
      vertex   2.674677e+01 4.312359e+01 -7.000000e+00
      vertex   2.418538e+01 3.710998e+01 -7.000000e+00
    endloop
  endfacet
  facet normal -5.546359e-15 -3.250024e-15 -1.000000e+00
    outer loop
      vertex   2.418538e+01 3.710998e+01 -7.000000e+00
      vertex   2.674677e+01 4.312359e+01 -7.000000e+00
      vertex   3.161313e+01 2.197453e+01 -7.000000e+00
    endloop
  endfacet
  facet normal 1.978913e-15 -1.518473e-15 -1.000000e+00
    outer loop
      vertex   2.674677e+01 4.312359e+01 -7.000000e+00
      vertex   2.688980e+01 4.330998e+01 -7.000000e+00
      vertex   3.161313e+01 2.197453e+01 -7.000000e+00
    endloop
  endfacet
  facet normal 3.078320e-15 -1.275082e-15 -1.000000e+00
    outer loop
      vertex   3.161313e+01 2.197453e+01 -7.000000e+00
      vertex   2.688980e+01 4.330998e+01 -7.000000e+00
      vertex   2.697971e+01 4.352705e+01 -7.000000e+00
    endloop
  endfacet
  facet normal 5.587624e-15 -7.356247e-16 -1.000000e+00
    outer loop
      vertex   3.161313e+01 2.197453e+01 -7.000000e+00
      vertex   2.697971e+01 4.352705e+01 -7.000000e+00
      vertex   2.701038e+01 4.375998e+01 -7.000000e+00
    endloop
  endfacet
  facet normal -3.517347e-15 8.491626e-15 -1.000000e+00
    outer loop
      vertex   -1.522558e+00 4.462932e+01 -7.000000e+00
      vertex   -1.739621e+00 4.453941e+01 -7.000000e+00
      vertex   -3.055544e+00 4.880568e+01 -7.000000e+00
    endloop
  endfacet
  facet normal -9.795052e-15 6.555285e-15 -1.000000e+00
    outer loop
      vertex   -3.055544e+00 4.880568e+01 -7.000000e+00
      vertex   -1.739621e+00 4.453941e+01 -7.000000e+00
      vertex   -1.926017e+00 4.439638e+01 -7.000000e+00
    endloop
  endfacet
  facet normal -8.856384e-15 6.795742e-15 -1.000000e+00
    outer loop
      vertex   -3.055544e+00 4.880568e+01 -7.000000e+00
      vertex   -1.926017e+00 4.439638e+01 -7.000000e+00
      vertex   -2.069044e+00 4.420998e+01 -7.000000e+00
    endloop
  endfacet
  facet normal -1.382928e-14 5.728276e-15 -1.000000e+00
    outer loop
      vertex   -2.069044e+00 4.420998e+01 -7.000000e+00
      vertex   -2.158955e+00 4.399292e+01 -7.000000e+00
      vertex   -3.055544e+00 4.880568e+01 -7.000000e+00
    endloop
  endfacet
  facet normal -2.611945e-14 3.438691e-15 -1.000000e+00
    outer loop
      vertex   -3.055544e+00 4.880568e+01 -7.000000e+00
      vertex   -2.158955e+00 4.399292e+01 -7.000000e+00
      vertex   -2.189621e+00 4.375998e+01 -7.000000e+00
    endloop
  endfacet
  facet normal -3.923030e-01 -5.774871e-01 7.159658e-01
    outer loop
      vertex   8.901119e+00 2.409988e+01 -4.600000e+00
      vertex   8.684049e+00 2.428607e+01 -4.568764e+00
      vertex   8.657102e+00 2.426565e+01 -4.600000e+00
    endloop
  endfacet
  facet normal -2.805235e-01 -6.744653e-01 6.829371e-01
    outer loop
      vertex   8.657102e+00 2.426565e+01 -4.600000e+00
      vertex   8.684049e+00 2.428607e+01 -4.568764e+00
      vertex   8.465216e+00 2.446559e+01 -4.481353e+00
    endloop
  endfacet
  facet normal -2.392751e-01 -6.549615e-01 7.167795e-01
    outer loop
      vertex   8.657102e+00 2.426565e+01 -4.600000e+00
      vertex   8.465216e+00 2.446559e+01 -4.481353e+00
      vertex   8.380018e+00 2.436687e+01 -4.600000e+00
    endloop
  endfacet
  facet normal -1.470803e-01 -7.058530e-01 6.929206e-01
    outer loop
      vertex   8.380018e+00 2.436687e+01 -4.600000e+00
      vertex   8.465216e+00 2.446559e+01 -4.481353e+00
      vertex   8.247916e+00 2.463681e+01 -4.353066e+00
    endloop
  endfacet
  facet normal -7.211630e-02 -6.921973e-01 7.180962e-01
    outer loop
      vertex   8.380018e+00 2.436687e+01 -4.600000e+00
      vertex   8.247916e+00 2.463681e+01 -4.353066e+00
      vertex   8.086610e+00 2.439744e+01 -4.600000e+00
    endloop
  endfacet
  facet normal -2.492120e-02 -7.096142e-01 7.041496e-01
    outer loop
      vertex   8.086610e+00 2.439744e+01 -4.600000e+00
      vertex   8.247916e+00 2.463681e+01 -4.353066e+00
      vertex   8.038217e+00 2.479606e+01 -4.200000e+00
    endloop
  endfacet
  facet normal 9.909438e-02 -6.988219e-01 7.083983e-01
    outer loop
      vertex   8.086610e+00 2.439744e+01 -4.600000e+00
      vertex   8.038217e+00 2.479606e+01 -4.200000e+00
      vertex   7.734398e+00 2.475298e+01 -4.200000e+00
    endloop
  endfacet
  facet normal 1.002717e-01 -6.981805e-01 7.088650e-01
    outer loop
      vertex   8.086610e+00 2.439744e+01 -4.600000e+00
      vertex   7.734398e+00 2.475298e+01 -4.200000e+00
      vertex   7.794610e+00 2.435551e+01 -4.600000e+00
    endloop
  endfacet
  facet normal 2.324562e-01 -6.721920e-01 7.029382e-01
    outer loop
      vertex   7.794610e+00 2.435551e+01 -4.600000e+00
      vertex   7.734398e+00 2.475298e+01 -4.200000e+00
      vertex   7.444391e+00 2.465269e+01 -4.200000e+00
    endloop
  endfacet
  facet normal 2.656315e-01 -6.478829e-01 7.139241e-01
    outer loop
      vertex   7.794610e+00 2.435551e+01 -4.600000e+00
      vertex   7.444391e+00 2.465269e+01 -4.200000e+00
      vertex   7.521664e+00 2.424360e+01 -4.600000e+00
    endloop
  endfacet
  facet normal 3.576653e-01 -6.174577e-01 7.005866e-01
    outer loop
      vertex   7.521664e+00 2.424360e+01 -4.600000e+00
      vertex   7.444391e+00 2.465269e+01 -4.200000e+00
      vertex   7.178863e+00 2.449888e+01 -4.200000e+00
    endloop
  endfacet
  facet normal 4.150930e-01 -5.627237e-01 7.148705e-01
    outer loop
      vertex   7.521664e+00 2.424360e+01 -4.600000e+00
      vertex   7.178863e+00 2.449888e+01 -4.200000e+00
      vertex   7.284267e+00 2.406848e+01 -4.600000e+00
    endloop
  endfacet
  facet normal 4.684083e-01 -5.371880e-01 7.014433e-01
    outer loop
      vertex   7.284267e+00 2.406848e+01 -4.600000e+00
      vertex   7.178863e+00 2.449888e+01 -4.200000e+00
      vertex   6.947581e+00 2.429721e+01 -4.200000e+00
    endloop
  endfacet
  facet normal 5.422861e-01 -4.464691e-01 7.117521e-01
    outer loop
      vertex   7.284267e+00 2.406848e+01 -4.600000e+00
      vertex   6.947581e+00 2.429721e+01 -4.200000e+00
      vertex   7.096766e+00 2.384074e+01 -4.600000e+00
    endloop
  endfacet
  facet normal 5.591984e-01 -4.354385e-01 7.054718e-01
    outer loop
      vertex   7.096766e+00 2.384074e+01 -4.600000e+00
      vertex   6.947581e+00 2.429721e+01 -4.200000e+00
      vertex   6.759052e+00 2.405510e+01 -4.200000e+00
    endloop
  endfacet
  facet normal 6.145666e-01 -3.505221e-01 7.067122e-01
    outer loop
      vertex   7.096766e+00 2.384074e+01 -4.600000e+00
      vertex   6.759052e+00 2.405510e+01 -4.200000e+00
      vertex   6.717845e+00 2.317638e+01 -4.600000e+00
    endloop
  endfacet
  facet normal 6.145666e-01 -3.505221e-01 7.067122e-01
    outer loop
      vertex   6.717845e+00 2.317638e+01 -4.600000e+00
      vertex   6.759052e+00 2.405510e+01 -4.200000e+00
      vertex   6.361419e+00 2.335793e+01 -4.200000e+00
    endloop
  endfacet
  facet normal 6.448872e-01 -2.909954e-01 7.067122e-01
    outer loop
      vertex   6.717845e+00 2.317638e+01 -4.600000e+00
      vertex   6.361419e+00 2.335793e+01 -4.200000e+00
      vertex   6.403274e+00 2.247925e+01 -4.600000e+00
    endloop
  endfacet
  facet normal 6.448872e-01 -2.909954e-01 7.067122e-01
    outer loop
      vertex   6.403274e+00 2.247925e+01 -4.600000e+00
      vertex   6.361419e+00 2.335793e+01 -4.200000e+00
      vertex   6.031313e+00 2.262637e+01 -4.200000e+00
    endloop
  endfacet
  facet normal 6.694583e-01 -2.288743e-01 7.067122e-01
    outer loop
      vertex   6.403274e+00 2.247925e+01 -4.600000e+00
      vertex   6.031313e+00 2.262637e+01 -4.200000e+00
      vertex   6.155856e+00 2.175555e+01 -4.600000e+00
    endloop
  endfacet
  facet normal 6.694583e-01 -2.288743e-01 7.067122e-01
    outer loop
      vertex   6.155856e+00 2.175555e+01 -4.600000e+00
      vertex   6.031313e+00 2.262637e+01 -4.200000e+00
      vertex   5.771678e+00 2.186694e+01 -4.200000e+00
    endloop
  endfacet
  facet normal 6.880608e-01 -1.647126e-01 7.067122e-01
    outer loop
      vertex   6.155856e+00 2.175555e+01 -4.600000e+00
      vertex   5.771678e+00 2.186694e+01 -4.200000e+00
      vertex   5.977799e+00 2.101175e+01 -4.600000e+00
    endloop
  endfacet
  facet normal 6.880608e-01 -1.647126e-01 7.067122e-01
    outer loop
      vertex   5.977799e+00 2.101175e+01 -4.600000e+00
      vertex   5.771678e+00 2.186694e+01 -4.200000e+00
      vertex   5.584827e+00 2.108640e+01 -4.200000e+00
    endloop
  endfacet
  facet normal 7.005287e-01 -9.908242e-02 7.067122e-01
    outer loop
      vertex   5.977799e+00 2.101175e+01 -4.600000e+00
      vertex   5.584827e+00 2.108640e+01 -4.200000e+00
      vertex   5.870689e+00 2.025446e+01 -4.600000e+00
    endloop
  endfacet
  facet normal 7.005287e-01 -9.908242e-02 7.067122e-01
    outer loop
      vertex   5.870689e+00 2.025446e+01 -4.600000e+00
      vertex   5.584827e+00 2.108640e+01 -4.200000e+00
      vertex   5.472428e+00 2.029172e+01 -4.200000e+00
    endloop
  endfacet
  facet normal 7.067511e-01 -3.256886e-02 7.067122e-01
    outer loop
      vertex   5.870689e+00 2.025446e+01 -4.600000e+00
      vertex   5.472428e+00 2.029172e+01 -4.200000e+00
      vertex   5.835482e+00 1.949045e+01 -4.600000e+00
    endloop
  endfacet
  facet normal 7.067511e-01 -3.256886e-02 7.067122e-01
    outer loop
      vertex   5.835482e+00 1.949045e+01 -4.600000e+00
      vertex   5.472428e+00 2.029172e+01 -4.200000e+00
      vertex   5.435482e+00 1.948998e+01 -4.200000e+00
    endloop
  endfacet
  facet normal 7.066723e-01 3.423507e-02 7.067122e-01
    outer loop
      vertex   5.835482e+00 1.949045e+01 -4.600000e+00
      vertex   5.435482e+00 1.948998e+01 -4.200000e+00
      vertex   5.872490e+00 1.872653e+01 -4.600000e+00
    endloop
  endfacet
  facet normal 7.066723e-01 3.423507e-02 7.067122e-01
    outer loop
      vertex   5.872490e+00 1.872653e+01 -4.600000e+00
      vertex   5.435482e+00 1.948998e+01 -4.200000e+00
      vertex   5.474318e+00 1.868833e+01 -4.200000e+00
    endloop
  endfacet
  facet normal 7.002932e-01 1.007338e-01 7.067122e-01
    outer loop
      vertex   5.872490e+00 1.872653e+01 -4.600000e+00
      vertex   5.474318e+00 1.868833e+01 -4.200000e+00
      vertex   5.981385e+00 1.796950e+01 -4.600000e+00
    endloop
  endfacet
  facet normal 7.002932e-01 1.007338e-01 7.067122e-01
    outer loop
      vertex   5.981385e+00 1.796950e+01 -4.600000e+00
      vertex   5.474318e+00 1.868833e+01 -4.200000e+00
      vertex   5.588591e+00 1.789392e+01 -4.200000e+00
    endloop
  endfacet
  facet normal 6.876705e-01 1.663344e-01 7.067122e-01
    outer loop
      vertex   5.981385e+00 1.796950e+01 -4.600000e+00
      vertex   5.588591e+00 1.789392e+01 -4.200000e+00
      vertex   6.161196e+00 1.722611e+01 -4.600000e+00
    endloop
  endfacet
  facet normal 6.876705e-01 1.663344e-01 7.067122e-01
    outer loop
      vertex   6.161196e+00 1.722611e+01 -4.600000e+00
      vertex   5.588591e+00 1.789392e+01 -4.200000e+00
      vertex   5.777281e+00 1.711382e+01 -4.200000e+00
    endloop
  endfacet
  facet normal 6.689168e-01 2.304520e-01 7.067122e-01
    outer loop
      vertex   6.161196e+00 1.722611e+01 -4.600000e+00
      vertex   5.777281e+00 1.711382e+01 -4.200000e+00
      vertex   6.410319e+00 1.650300e+01 -4.600000e+00
    endloop
  endfacet
  facet normal 6.689168e-01 2.304520e-01 7.067122e-01
    outer loop
      vertex   6.410319e+00 1.650300e+01 -4.600000e+00
      vertex   5.777281e+00 1.711382e+01 -4.200000e+00
      vertex   6.038706e+00 1.635500e+01 -4.200000e+00
    endloop
  endfacet
  facet normal 6.441993e-01 2.925150e-01 7.067122e-01
    outer loop
      vertex   6.410319e+00 1.650300e+01 -4.600000e+00
      vertex   6.038706e+00 1.635500e+01 -4.200000e+00
      vertex   6.726533e+00 1.580661e+01 -4.600000e+00
    endloop
  endfacet
  facet normal 6.441993e-01 2.925150e-01 7.067122e-01
    outer loop
      vertex   6.726533e+00 1.580661e+01 -4.600000e+00
      vertex   6.038706e+00 1.635500e+01 -4.200000e+00
      vertex   6.370536e+00 1.562422e+01 -4.200000e+00
    endloop
  endfacet
  facet normal 6.137385e-01 3.519701e-01 7.067122e-01
    outer loop
      vertex   6.726533e+00 1.580661e+01 -4.600000e+00
      vertex   6.370536e+00 1.562422e+01 -4.200000e+00
      vertex   7.107019e+00 1.514315e+01 -4.600000e+00
    endloop
  endfacet
  facet normal 6.137385e-01 3.519701e-01 7.067122e-01
    outer loop
      vertex   7.107019e+00 1.514315e+01 -4.600000e+00
      vertex   6.370536e+00 1.562422e+01 -4.200000e+00
      vertex   6.769811e+00 1.492799e+01 -4.200000e+00
    endloop
  endfacet
  facet normal 5.778057e-01 4.082872e-01 7.067122e-01
    outer loop
      vertex   7.107019e+00 1.514315e+01 -4.600000e+00
      vertex   6.769811e+00 1.492799e+01 -4.200000e+00
      vertex   7.548385e+00 1.451853e+01 -4.600000e+00
    endloop
  endfacet
  facet normal 5.778057e-01 4.082872e-01 7.067122e-01
    outer loop
      vertex   7.548385e+00 1.451853e+01 -4.600000e+00
      vertex   6.769811e+00 1.492799e+01 -4.200000e+00
      vertex   7.232973e+00 1.427253e+01 -4.200000e+00
    endloop
  endfacet
  facet normal 5.367215e-01 4.609641e-01 7.067122e-01
    outer loop
      vertex   7.548385e+00 1.451853e+01 -4.600000e+00
      vertex   7.232973e+00 1.427253e+01 -4.200000e+00
      vertex   8.046696e+00 1.393832e+01 -4.600000e+00
    endloop
  endfacet
  facet normal 5.367215e-01 4.609641e-01 7.067122e-01
    outer loop
      vertex   8.046696e+00 1.393832e+01 -4.600000e+00
      vertex   7.232973e+00 1.427253e+01 -4.200000e+00
      vertex   7.755892e+00 1.366367e+01 -4.200000e+00
    endloop
  endfacet
  facet normal 4.908521e-01 5.095312e-01 7.067122e-01
    outer loop
      vertex   8.046696e+00 1.393832e+01 -4.600000e+00
      vertex   7.755892e+00 1.366367e+01 -4.200000e+00
      vertex   8.597508e+00 1.340770e+01 -4.600000e+00
    endloop
  endfacet
  facet normal 4.908521e-01 5.095312e-01 7.067122e-01
    outer loop
      vertex   8.597508e+00 1.340770e+01 -4.600000e+00
      vertex   7.755892e+00 1.366367e+01 -4.200000e+00
      vertex   8.333905e+00 1.310685e+01 -4.200000e+00
    endloop
  endfacet
  facet normal 4.406064e-01 5.535556e-01 7.067122e-01
    outer loop
      vertex   8.597508e+00 1.340770e+01 -4.600000e+00
      vertex   8.333905e+00 1.310685e+01 -4.200000e+00
      vertex   9.195912e+00 1.293140e+01 -4.600000e+00
    endloop
  endfacet
  facet normal 4.406064e-01 5.535556e-01 7.067122e-01
    outer loop
      vertex   9.195912e+00 1.293140e+01 -4.600000e+00
      vertex   8.333905e+00 1.310685e+01 -4.200000e+00
      vertex   8.961859e+00 1.260702e+01 -4.200000e+00
    endloop
  endfacet
  facet normal 3.864325e-01 5.926447e-01 7.067122e-01
    outer loop
      vertex   9.195912e+00 1.293140e+01 -4.600000e+00
      vertex   8.961859e+00 1.260702e+01 -4.200000e+00
      vertex   9.836572e+00 1.251366e+01 -4.600000e+00
    endloop
  endfacet
  facet normal 3.864325e-01 5.926447e-01 7.067122e-01
    outer loop
      vertex   9.836572e+00 1.251366e+01 -4.600000e+00
      vertex   8.961859e+00 1.260702e+01 -4.200000e+00
      vertex   9.634157e+00 1.216865e+01 -4.200000e+00
    endloop
  endfacet
  facet normal 3.288133e-01 6.264500e-01 7.067122e-01
    outer loop
      vertex   9.836572e+00 1.251366e+01 -4.600000e+00
      vertex   9.634157e+00 1.216865e+01 -4.200000e+00
      vertex   1.051378e+01 1.215820e+01 -4.600000e+00
    endloop
  endfacet
  facet normal 3.288133e-01 6.264500e-01 7.067122e-01
    outer loop
      vertex   1.051378e+01 1.215820e+01 -4.600000e+00
      vertex   9.634157e+00 1.216865e+01 -4.200000e+00
      vertex   1.034480e+01 1.179565e+01 -4.200000e+00
    endloop
  endfacet
  facet normal 2.682626e-01 6.546702e-01 7.067122e-01
    outer loop
      vertex   1.051378e+01 1.215820e+01 -4.600000e+00
      vertex   1.034480e+01 1.179565e+01 -4.200000e+00
      vertex   1.122149e+01 1.186821e+01 -4.600000e+00
    endloop
  endfacet
  facet normal 2.682626e-01 6.546702e-01 7.067122e-01
    outer loop
      vertex   1.122149e+01 1.186821e+01 -4.600000e+00
      vertex   1.034480e+01 1.179565e+01 -4.200000e+00
      vertex   1.108746e+01 1.149133e+01 -4.200000e+00
    endloop
  endfacet
  facet normal 2.053201e-01 6.770536e-01 7.067122e-01
    outer loop
      vertex   1.122149e+01 1.186821e+01 -4.600000e+00
      vertex   1.108746e+01 1.149133e+01 -4.200000e+00
      vertex   1.195339e+01 1.164625e+01 -4.600000e+00
    endloop
  endfacet
  facet normal 2.053201e-01 6.770536e-01 7.067122e-01
    outer loop
      vertex   1.195339e+01 1.164625e+01 -4.600000e+00
      vertex   1.108746e+01 1.149133e+01 -4.200000e+00
      vertex   1.185551e+01 1.125841e+01 -4.200000e+00
    endloop
  endfacet
  facet normal -4.084662e-01 5.756102e-01 7.083983e-01
    outer loop
      vertex   1.304359e+01 1.142215e+01 -4.200000e+00
      vertex   1.329384e+01 1.159973e+01 -4.200000e+00
      vertex   1.305494e+01 1.192248e+01 -4.600000e+00
    endloop
  endfacet
  facet normal -5.059458e-01 4.981889e-01 7.041496e-01
    outer loop
      vertex   1.305494e+01 1.192248e+01 -4.600000e+00
      vertex   1.329384e+01 1.159973e+01 -4.200000e+00
      vertex   1.333664e+01 1.185954e+01 -4.353066e+00
    endloop
  endfacet
  facet normal -5.282451e-01 4.530949e-01 7.180962e-01
    outer loop
      vertex   1.305494e+01 1.192248e+01 -4.600000e+00
      vertex   1.333664e+01 1.185954e+01 -4.353066e+00
      vertex   1.324700e+01 1.214639e+01 -4.600000e+00
    endloop
  endfacet
  facet normal -5.920720e-01 4.114751e-01 6.929206e-01
    outer loop
      vertex   1.324700e+01 1.214639e+01 -4.600000e+00
      vertex   1.333664e+01 1.185954e+01 -4.353066e+00
      vertex   1.337674e+01 1.213327e+01 -4.481353e+00
    endloop
  endfacet
  facet normal -6.240368e-01 3.111353e-01 7.167795e-01
    outer loop
      vertex   1.324700e+01 1.214639e+01 -4.600000e+00
      vertex   1.337674e+01 1.213327e+01 -4.481353e+00
      vertex   1.337863e+01 1.241039e+01 -4.600000e+00
    endloop
  endfacet
  facet normal -6.674000e-01 2.969414e-01 6.829371e-01
    outer loop
      vertex   1.337863e+01 1.241039e+01 -4.600000e+00
      vertex   1.337674e+01 1.213327e+01 -4.481353e+00
      vertex   1.341223e+01 1.241409e+01 -4.568764e+00
    endloop
  endfacet
  facet normal -6.819033e-01 1.496693e-01 7.159658e-01
    outer loop
      vertex   1.337863e+01 1.241039e+01 -4.600000e+00
      vertex   1.341223e+01 1.241409e+01 -4.568764e+00
      vertex   1.344187e+01 1.269853e+01 -4.600000e+00
    endloop
  endfacet
  facet normal -4.071703e-01 5.759539e-01 7.088650e-01
    outer loop
      vertex   1.305494e+01 1.192248e+01 -4.600000e+00
      vertex   1.281406e+01 1.175219e+01 -4.600000e+00
      vertex   1.304359e+01 1.142215e+01 -4.200000e+00
    endloop
  endfacet
  facet normal -2.933112e-01 6.479556e-01 7.029382e-01
    outer loop
      vertex   1.304359e+01 1.142215e+01 -4.200000e+00
      vertex   1.281406e+01 1.175219e+01 -4.600000e+00
      vertex   1.276404e+01 1.129560e+01 -4.200000e+00
    endloop
  endfacet
  facet normal -2.525072e-01 6.531099e-01 7.139241e-01
    outer loop
      vertex   1.276404e+01 1.129560e+01 -4.200000e+00
      vertex   1.281406e+01 1.175219e+01 -4.600000e+00
      vertex   1.253891e+01 1.164581e+01 -4.600000e+00
    endloop
  endfacet
  facet normal -1.647554e-01 6.942868e-01 7.005866e-01
    outer loop
      vertex   1.276404e+01 1.129560e+01 -4.200000e+00
      vertex   1.253891e+01 1.164581e+01 -4.600000e+00
      vertex   1.246547e+01 1.122475e+01 -4.200000e+00
    endloop
  endfacet
  facet normal -8.542279e-02 6.940195e-01 7.148705e-01
    outer loop
      vertex   1.246547e+01 1.122475e+01 -4.200000e+00
      vertex   1.253891e+01 1.164581e+01 -4.600000e+00
      vertex   1.224613e+01 1.160977e+01 -4.600000e+00
    endloop
  endfacet
  facet normal -2.914981e-02 7.121289e-01 7.014433e-01
    outer loop
      vertex   1.246547e+01 1.122475e+01 -4.200000e+00
      vertex   1.224613e+01 1.160977e+01 -4.600000e+00
      vertex   1.215887e+01 1.121220e+01 -4.200000e+00
    endloop
  endfacet
  facet normal 8.686804e-02 6.970387e-01 7.117521e-01
    outer loop
      vertex   1.215887e+01 1.121220e+01 -4.200000e+00
      vertex   1.224613e+01 1.160977e+01 -4.600000e+00
      vertex   1.195339e+01 1.164625e+01 -4.600000e+00
    endloop
  endfacet
  facet normal 1.067331e-01 7.006551e-01 7.054718e-01
    outer loop
      vertex   1.215887e+01 1.121220e+01 -4.200000e+00
      vertex   1.195339e+01 1.164625e+01 -4.600000e+00
      vertex   1.185551e+01 1.125841e+01 -4.200000e+00
    endloop
  endfacet
  facet normal 4.087440e-16 1.566874e-15 1.000000e+00
    outer loop
      vertex   3.961072e+00 1.339331e+01 -4.200000e+00
      vertex   6.769811e+00 1.492799e+01 -4.200000e+00
      vertex   4.000000e+00 1.395000e+01 -4.200000e+00
    endloop
  endfacet
  facet normal 7.999984e-16 4.587875e-16 1.000000e+00
    outer loop
      vertex   4.000000e+00 1.395000e+01 -4.200000e+00
      vertex   6.769811e+00 1.492799e+01 -4.200000e+00
      vertex   6.370536e+00 1.562422e+01 -4.200000e+00
    endloop
  endfacet
  facet normal 1.071123e-15 7.490024e-17 1.000000e+00
    outer loop
      vertex   4.000000e+00 1.395000e+01 -4.200000e+00
      vertex   6.370536e+00 1.562422e+01 -4.200000e+00
      vertex   3.961072e+00 1.450669e+01 -4.200000e+00
    endloop
  endfacet
  facet normal 9.134804e-16 4.147889e-16 1.000000e+00
    outer loop
      vertex   3.961072e+00 1.450669e+01 -4.200000e+00
      vertex   6.370536e+00 1.562422e+01 -4.200000e+00
      vertex   6.038706e+00 1.635500e+01 -4.200000e+00
    endloop
  endfacet
  facet normal -1.387955e-16 1.597625e-15 1.000000e+00
    outer loop
      vertex   3.961072e+00 1.450669e+01 -4.200000e+00
      vertex   6.038706e+00 1.635500e+01 -4.200000e+00
      vertex   3.845047e+00 1.505255e+01 -4.200000e+00
    endloop
  endfacet
  facet normal 9.532141e-17 1.203312e-15 1.000000e+00
    outer loop
      vertex   3.845047e+00 1.505255e+01 -4.200000e+00
      vertex   6.038706e+00 1.635500e+01 -4.200000e+00
      vertex   5.777281e+00 1.711382e+01 -4.200000e+00
    endloop
  endfacet
  facet normal 9.933121e-16 3.615361e-16 1.000000e+00
    outer loop
      vertex   3.845047e+00 1.505255e+01 -4.200000e+00
      vertex   5.777281e+00 1.711382e+01 -4.200000e+00
      vertex   3.654182e+00 1.557695e+01 -4.200000e+00
    endloop
  endfacet
  facet normal 9.062215e-16 4.818465e-16 1.000000e+00
    outer loop
      vertex   3.654182e+00 1.557695e+01 -4.200000e+00
      vertex   5.777281e+00 1.711382e+01 -4.200000e+00
      vertex   3.392192e+00 1.606968e+01 -4.200000e+00
    endloop
  endfacet
  facet normal 1.010194e-15 2.443467e-16 1.000000e+00
    outer loop
      vertex   3.392192e+00 1.606968e+01 -4.200000e+00
      vertex   5.777281e+00 1.711382e+01 -4.200000e+00
      vertex   5.588591e+00 1.789392e+01 -4.200000e+00
    endloop
  endfacet
  facet normal 7.565866e-16 5.496923e-16 1.000000e+00
    outer loop
      vertex   3.392192e+00 1.606968e+01 -4.200000e+00
      vertex   5.588591e+00 1.789392e+01 -4.200000e+00
      vertex   3.064178e+00 1.652115e+01 -4.200000e+00
    endloop
  endfacet
  facet normal 4.150602e-16 1.177734e-15 1.000000e+00
    outer loop
      vertex   3.064178e+00 1.652115e+01 -4.200000e+00
      vertex   5.588591e+00 1.789392e+01 -4.200000e+00
      vertex   5.474318e+00 1.868833e+01 -4.200000e+00
    endloop
  endfacet
  facet normal 7.889728e-16 7.619022e-16 1.000000e+00
    outer loop
      vertex   3.064178e+00 1.652115e+01 -4.200000e+00
      vertex   5.474318e+00 1.868833e+01 -4.200000e+00
      vertex   2.676522e+00 1.692258e+01 -4.200000e+00
    endloop
  endfacet
  facet normal 1.232153e-15 5.969222e-17 1.000000e+00
    outer loop
      vertex   2.676522e+00 1.692258e+01 -4.200000e+00
      vertex   5.474318e+00 1.868833e+01 -4.200000e+00
      vertex   5.435482e+00 1.948998e+01 -4.200000e+00
    endloop
  endfacet
  facet normal 5.877031e-16 7.522257e-16 1.000000e+00
    outer loop
      vertex   2.676522e+00 1.692258e+01 -4.200000e+00
      vertex   5.435482e+00 1.948998e+01 -4.200000e+00
      vertex   2.236772e+00 1.726615e+01 -4.200000e+00
    endloop
  endfacet
  facet normal 3.517583e-16 1.091604e-15 1.000000e+00
    outer loop
      vertex   2.236772e+00 1.726615e+01 -4.200000e+00
      vertex   5.435482e+00 1.948998e+01 -4.200000e+00
      vertex   5.472428e+00 2.029172e+01 -4.200000e+00
    endloop
  endfacet
  facet normal 5.239313e-16 9.074756e-16 1.000000e+00
    outer loop
      vertex   2.236772e+00 1.726615e+01 -4.200000e+00
      vertex   5.472428e+00 2.029172e+01 -4.200000e+00
      vertex   1.753485e+00 1.754518e+01 -4.200000e+00
    endloop
  endfacet
  facet normal 4.117155e-16 1.059421e-15 1.000000e+00
    outer loop
      vertex   1.753485e+00 1.754518e+01 -4.200000e+00
      vertex   5.472428e+00 2.029172e+01 -4.200000e+00
      vertex   5.584827e+00 2.108640e+01 -4.200000e+00
    endloop
  endfacet
  facet normal 4.230703e-16 1.047136e-15 1.000000e+00
    outer loop
      vertex   1.753485e+00 1.754518e+01 -4.200000e+00
      vertex   5.584827e+00 2.108640e+01 -4.200000e+00
      vertex   1.236068e+00 1.775423e+01 -4.200000e+00
    endloop
  endfacet
  facet normal -4.886174e-16 2.236962e-15 1.000000e+00
    outer loop
      vertex   1.236068e+00 1.775423e+01 -4.200000e+00
      vertex   5.584827e+00 2.108640e+01 -4.200000e+00
      vertex   2.631359e+00 2.719107e+01 -4.200000e+00
    endloop
  endfacet
  facet normal 3.398637e-16 2.114467e-15 1.000000e+00
    outer loop
      vertex   1.236068e+00 1.775423e+01 -4.200000e+00
      vertex   2.631359e+00 2.719107e+01 -4.200000e+00
      vertex   1.650524e+00 2.734872e+01 -4.200000e+00
    endloop
  endfacet
  facet normal 3.783950e-16 1.622418e-15 1.000000e+00
    outer loop
      vertex   6.769811e+00 1.492799e+01 -4.200000e+00
      vertex   3.961072e+00 1.339331e+01 -4.200000e+00
      vertex   7.232973e+00 1.427253e+01 -4.200000e+00
    endloop
  endfacet
  facet normal 3.999756e-16 1.542109e-15 1.000000e+00
    outer loop
      vertex   7.232973e+00 1.427253e+01 -4.200000e+00
      vertex   3.961072e+00 1.339331e+01 -4.200000e+00
      vertex   3.845047e+00 1.284745e+01 -4.200000e+00
    endloop
  endfacet
  facet normal 7.703434e-16 6.616107e-16 1.000000e+00
    outer loop
      vertex   7.232973e+00 1.427253e+01 -4.200000e+00
      vertex   3.845047e+00 1.284745e+01 -4.200000e+00
      vertex   7.755892e+00 1.366367e+01 -4.200000e+00
    endloop
  endfacet
  facet normal 9.831059e-16 -3.578213e-16 1.000000e+00
    outer loop
      vertex   7.755892e+00 1.366367e+01 -4.200000e+00
      vertex   3.845047e+00 1.284745e+01 -4.200000e+00
      vertex   3.654182e+00 1.232305e+01 -4.200000e+00
    endloop
  endfacet
  facet normal 2.574609e-16 1.862339e-15 1.000000e+00
    outer loop
      vertex   7.755892e+00 1.366367e+01 -4.200000e+00
      vertex   3.654182e+00 1.232305e+01 -4.200000e+00
      vertex   8.333905e+00 1.310685e+01 -4.200000e+00
    endloop
  endfacet
  facet normal 2.936206e-16 1.646444e-15 1.000000e+00
    outer loop
      vertex   8.333905e+00 1.310685e+01 -4.200000e+00
      vertex   3.654182e+00 1.232305e+01 -4.200000e+00
      vertex   3.392192e+00 1.183032e+01 -4.200000e+00
    endloop
  endfacet
  facet normal 8.824240e-16 -6.329468e-16 1.000000e+00
    outer loop
      vertex   8.333905e+00 1.310685e+01 -4.200000e+00
      vertex   3.392192e+00 1.183032e+01 -4.200000e+00
      vertex   8.408956e+00 3.388776e+00 -4.200000e+00
    endloop
  endfacet
  facet normal 8.762372e-16 -6.366236e-16 1.000000e+00
    outer loop
      vertex   8.408956e+00 3.388776e+00 -4.200000e+00
      vertex   3.392192e+00 1.183032e+01 -4.200000e+00
      vertex   3.064178e+00 1.137885e+01 -4.200000e+00
    endloop
  endfacet
  facet normal -7.377825e-15 -6.157990e-15 1.000000e+00
    outer loop
      vertex   8.408956e+00 3.388776e+00 -4.200000e+00
      vertex   3.064178e+00 1.137885e+01 -4.200000e+00
      vertex   8.212700e+00 3.191212e+00 -4.200000e+00
    endloop
  endfacet
  facet normal 9.524533e-16 -9.197734e-16 1.000000e+00
    outer loop
      vertex   8.212700e+00 3.191212e+00 -4.200000e+00
      vertex   3.064178e+00 1.137885e+01 -4.200000e+00
      vertex   2.676522e+00 1.097742e+01 -4.200000e+00
    endloop
  endfacet
  facet normal 1.206705e-15 -7.389944e-16 1.000000e+00
    outer loop
      vertex   8.212700e+00 3.191212e+00 -4.200000e+00
      vertex   2.676522e+00 1.097742e+01 -4.200000e+00
      vertex   8.067266e+00 2.953732e+00 -4.200000e+00
    endloop
  endfacet
  facet normal 3.442984e-15 7.634575e-16 1.000000e+00
    outer loop
      vertex   8.067266e+00 2.953732e+00 -4.200000e+00
      vertex   2.676522e+00 1.097742e+01 -4.200000e+00
      vertex   2.236772e+00 1.063385e+01 -4.200000e+00
    endloop
  endfacet
  facet normal 1.702048e-15 -5.582039e-16 1.000000e+00
    outer loop
      vertex   8.067266e+00 2.953732e+00 -4.200000e+00
      vertex   2.236772e+00 1.063385e+01 -4.200000e+00
      vertex   7.980485e+00 2.689125e+00 -4.200000e+00
    endloop
  endfacet
  facet normal 7.285981e-16 -1.261969e-15 1.000000e+00
    outer loop
      vertex   7.980485e+00 2.689125e+00 -4.200000e+00
      vertex   2.236772e+00 1.063385e+01 -4.200000e+00
      vertex   1.753485e+00 1.035482e+01 -4.200000e+00
    endloop
  endfacet
  facet normal 5.639168e-16 -1.395743e-15 1.000000e+00
    outer loop
      vertex   7.980485e+00 2.689125e+00 -4.200000e+00
      vertex   1.753485e+00 1.035482e+01 -4.200000e+00
      vertex   1.236068e+00 1.014577e+01 -4.200000e+00
    endloop
  endfacet
  facet normal 1.539936e-15 4.025115e-16 1.000000e+00
    outer loop
      vertex   6.945927e-01 1.001077e+01 -4.200000e+00
      vertex   -2.310921e+00 1.650000e+00 -4.200000e+00
      vertex   1.236068e+00 1.014577e+01 -4.200000e+00
    endloop
  endfacet
  facet normal 2.151586e-15 1.471474e-16 1.000000e+00
    outer loop
      vertex   1.236068e+00 1.014577e+01 -4.200000e+00
      vertex   -2.310921e+00 1.650000e+00 -4.200000e+00
      vertex   7.957032e+00 2.411641e+00 -4.200000e+00
    endloop
  endfacet
  facet normal 5.163387e-15 2.764403e-15 1.000000e+00
    outer loop
      vertex   1.236068e+00 1.014577e+01 -4.200000e+00
      vertex   7.957032e+00 2.411641e+00 -4.200000e+00
      vertex   7.980485e+00 2.689125e+00 -4.200000e+00
    endloop
  endfacet
  facet normal 1.558742e-15 3.957514e-16 1.000000e+00
    outer loop
      vertex   6.945927e-01 1.001077e+01 -4.200000e+00
      vertex   1.395980e-01 9.952437e+00 -4.200000e+00
      vertex   -2.310921e+00 1.650000e+00 -4.200000e+00
    endloop
  endfacet
  facet normal 2.958114e-17 8.470933e-16 1.000000e+00
    outer loop
      vertex   -2.310921e+00 1.650000e+00 -4.200000e+00
      vertex   1.395980e-01 9.952437e+00 -4.200000e+00
      vertex   -4.181138e-01 9.971912e+00 -4.200000e+00
    endloop
  endfacet
  facet normal 1.447466e-16 8.208990e-16 1.000000e+00
    outer loop
      vertex   -2.310921e+00 1.650000e+00 -4.200000e+00
      vertex   -4.181138e-01 9.971912e+00 -4.200000e+00
      vertex   -9.676875e-01 1.006882e+01 -4.200000e+00
    endloop
  endfacet
  facet normal 2.607143e-16 8.023962e-16 1.000000e+00
    outer loop
      vertex   -9.676875e-01 1.006882e+01 -4.200000e+00
      vertex   -1.498426e+00 1.024126e+01 -4.200000e+00
      vertex   -2.310921e+00 1.650000e+00 -4.200000e+00
    endloop
  endfacet
  facet normal 6.460956e-17 8.209423e-16 1.000000e+00
    outer loop
      vertex   -2.310921e+00 1.650000e+00 -4.200000e+00
      vertex   -1.498426e+00 1.024126e+01 -4.200000e+00
      vertex   -2.795868e+00 1.688166e+00 -4.200000e+00
    endloop
  endfacet
  facet normal 8.259745e-16 7.054489e-16 1.000000e+00
    outer loop
      vertex   -2.795868e+00 1.688166e+00 -4.200000e+00
      vertex   -1.498426e+00 1.024126e+01 -4.200000e+00
      vertex   -5.410921e+00 4.750000e+00 -4.200000e+00
    endloop
  endfacet
  facet normal 0.000000e+00 0.000000e+00 1.000000e+00
    outer loop
      vertex   -2.795868e+00 1.688166e+00 -4.200000e+00
      vertex   -5.410921e+00 4.750000e+00 -4.200000e+00
      vertex   -3.268874e+00 1.801725e+00 -4.200000e+00
    endloop
  endfacet
  facet normal 0.000000e+00 0.000000e+00 1.000000e+00
    outer loop
      vertex   -3.268874e+00 1.801725e+00 -4.200000e+00
      vertex   -5.410921e+00 4.750000e+00 -4.200000e+00
      vertex   -3.718292e+00 1.987880e+00 -4.200000e+00
    endloop
  endfacet
  facet normal 0.000000e+00 0.000000e+00 1.000000e+00
    outer loop
      vertex   -3.718292e+00 1.987880e+00 -4.200000e+00
      vertex   -5.410921e+00 4.750000e+00 -4.200000e+00
      vertex   -4.133055e+00 2.242047e+00 -4.200000e+00
    endloop
  endfacet
  facet normal 0.000000e+00 0.000000e+00 1.000000e+00
    outer loop
      vertex   -4.133055e+00 2.242047e+00 -4.200000e+00
      vertex   -5.410921e+00 4.750000e+00 -4.200000e+00
      vertex   -4.502952e+00 2.557969e+00 -4.200000e+00
    endloop
  endfacet
  facet normal 0.000000e+00 0.000000e+00 1.000000e+00
    outer loop
      vertex   -4.502952e+00 2.557969e+00 -4.200000e+00
      vertex   -5.410921e+00 4.750000e+00 -4.200000e+00
      vertex   -4.818874e+00 2.927866e+00 -4.200000e+00
    endloop
  endfacet
  facet normal 0.000000e+00 0.000000e+00 1.000000e+00
    outer loop
      vertex   -4.818874e+00 2.927866e+00 -4.200000e+00
      vertex   -5.410921e+00 4.750000e+00 -4.200000e+00
      vertex   -5.073041e+00 3.342629e+00 -4.200000e+00
    endloop
  endfacet
  facet normal 0.000000e+00 0.000000e+00 1.000000e+00
    outer loop
      vertex   -5.073041e+00 3.342629e+00 -4.200000e+00
      vertex   -5.410921e+00 4.750000e+00 -4.200000e+00
      vertex   -5.259196e+00 3.792047e+00 -4.200000e+00
    endloop
  endfacet
  facet normal 0.000000e+00 0.000000e+00 1.000000e+00
    outer loop
      vertex   -5.259196e+00 3.792047e+00 -4.200000e+00
      vertex   -5.410921e+00 4.750000e+00 -4.200000e+00
      vertex   -5.372755e+00 4.265053e+00 -4.200000e+00
    endloop
  endfacet
  facet normal 4.683480e-16 9.602557e-16 1.000000e+00
    outer loop
      vertex   -1.498426e+00 1.024126e+01 -4.200000e+00
      vertex   -2.000000e+00 1.048590e+01 -4.200000e+00
      vertex   -5.410921e+00 4.750000e+00 -4.200000e+00
    endloop
  endfacet
  facet normal 5.963560e-16 8.841342e-16 1.000000e+00
    outer loop
      vertex   -5.410921e+00 4.750000e+00 -4.200000e+00
      vertex   -2.000000e+00 1.048590e+01 -4.200000e+00
      vertex   -2.462646e+00 1.079796e+01 -4.200000e+00
    endloop
  endfacet
  facet normal 7.351548e-16 8.164722e-16 1.000000e+00
    outer loop
      vertex   -5.410921e+00 4.750000e+00 -4.200000e+00
      vertex   -2.462646e+00 1.079796e+01 -4.200000e+00
      vertex   -2.877359e+00 1.117137e+01 -4.200000e+00
    endloop
  endfacet
  facet normal 8.969542e-16 7.526339e-16 1.000000e+00
    outer loop
      vertex   -2.877359e+00 1.117137e+01 -4.200000e+00
      vertex   -3.236068e+00 1.159886e+01 -4.200000e+00
      vertex   -5.410921e+00 4.750000e+00 -4.200000e+00
    endloop
  endfacet
  facet normal 1.100849e-15 6.878871e-16 1.000000e+00
    outer loop
      vertex   -5.410921e+00 4.750000e+00 -4.200000e+00
      vertex   -3.236068e+00 1.159886e+01 -4.200000e+00
      vertex   -3.531790e+00 1.207211e+01 -4.200000e+00
    endloop
  endfacet
  facet normal 7.718176e-16 7.723291e-16 1.000000e+00
    outer loop
      vertex   -5.410921e+00 4.750000e+00 -4.200000e+00
      vertex   -3.531790e+00 1.207211e+01 -4.200000e+00
      vertex   -5.410921e+00 1.395000e+01 -4.200000e+00
    endloop
  endfacet
  facet normal 0.000000e+00 0.000000e+00 1.000000e+00
    outer loop
      vertex   -5.410921e+00 1.395000e+01 -4.200000e+00
      vertex   -3.531790e+00 1.207211e+01 -4.200000e+00
      vertex   -3.758770e+00 1.258192e+01 -4.200000e+00
    endloop
  endfacet
  facet normal 1.797933e-15 2.171258e-15 1.000000e+00
    outer loop
      vertex   -5.410921e+00 1.395000e+01 -4.200000e+00
      vertex   -3.758770e+00 1.258192e+01 -4.200000e+00
      vertex   -3.912590e+00 1.311835e+01 -4.200000e+00
    endloop
  endfacet
  facet normal 1.610489e-15 1.833551e-15 1.000000e+00
    outer loop
      vertex   -3.912590e+00 1.311835e+01 -4.200000e+00
      vertex   -3.990256e+00 1.367097e+01 -4.200000e+00
      vertex   -5.410921e+00 1.395000e+01 -4.200000e+00
    endloop
  endfacet
  facet normal 1.250370e-15 1.237081e-23 1.000000e+00
    outer loop
      vertex   -5.410921e+00 1.395000e+01 -4.200000e+00
      vertex   -3.990256e+00 1.367097e+01 -4.200000e+00
      vertex   -3.990256e+00 1.422903e+01 -4.200000e+00
    endloop
  endfacet
  facet normal 1.285864e-15 -1.807163e-16 1.000000e+00
    outer loop
      vertex   -5.410921e+00 1.395000e+01 -4.200000e+00
      vertex   -3.990256e+00 1.422903e+01 -4.200000e+00
      vertex   -3.912590e+00 1.478165e+01 -4.200000e+00
    endloop
  endfacet
  facet normal 3.170128e-16 1.564807e-15 1.000000e+00
    outer loop
      vertex   -3.912590e+00 1.478165e+01 -4.200000e+00
      vertex   -3.758770e+00 1.531808e+01 -4.200000e+00
      vertex   -5.410921e+00 1.395000e+01 -4.200000e+00
    endloop
  endfacet
  facet normal 2.694799e-16 1.622210e-15 1.000000e+00
    outer loop
      vertex   -5.410921e+00 1.395000e+01 -4.200000e+00
      vertex   -3.758770e+00 1.531808e+01 -4.200000e+00
      vertex   -3.531790e+00 1.582789e+01 -4.200000e+00
    endloop
  endfacet
  facet normal 5.245590e-16 1.366962e-15 1.000000e+00
    outer loop
      vertex   -5.410921e+00 1.395000e+01 -4.200000e+00
      vertex   -3.531790e+00 1.582789e+01 -4.200000e+00
      vertex   -5.207148e+00 2.686673e+01 -4.200000e+00
    endloop
  endfacet
  facet normal -1.657592e-15 1.035778e-15 1.000000e+00
    outer loop
      vertex   -5.207148e+00 2.686673e+01 -4.200000e+00
      vertex   -3.531790e+00 1.582789e+01 -4.200000e+00
      vertex   -3.236068e+00 1.630114e+01 -4.200000e+00
    endloop
  endfacet
  facet normal 6.458459e-16 1.465500e-15 1.000000e+00
    outer loop
      vertex   -5.207148e+00 2.686673e+01 -4.200000e+00
      vertex   -3.236068e+00 1.630114e+01 -4.200000e+00
      vertex   -4.977238e+00 2.676541e+01 -4.200000e+00
    endloop
  endfacet
  facet normal 7.156805e-16 1.477120e-15 1.000000e+00
    outer loop
      vertex   -4.977238e+00 2.676541e+01 -4.200000e+00
      vertex   -3.236068e+00 1.630114e+01 -4.200000e+00
      vertex   -2.877359e+00 1.672863e+01 -4.200000e+00
    endloop
  endfacet
  facet normal 2.890532e-16 1.387861e-15 1.000000e+00
    outer loop
      vertex   -4.977238e+00 2.676541e+01 -4.200000e+00
      vertex   -2.877359e+00 1.672863e+01 -4.200000e+00
      vertex   -4.731269e+00 2.671418e+01 -4.200000e+00
    endloop
  endfacet
  facet normal -1.029256e-15 1.143105e-15 1.000000e+00
    outer loop
      vertex   -4.731269e+00 2.671418e+01 -4.200000e+00
      vertex   -2.877359e+00 1.672863e+01 -4.200000e+00
      vertex   -2.462646e+00 1.710204e+01 -4.200000e+00
    endloop
  endfacet
  facet normal -6.118875e-18 1.384582e-15 1.000000e+00
    outer loop
      vertex   -4.731269e+00 2.671418e+01 -4.200000e+00
      vertex   -2.462646e+00 1.710204e+01 -4.200000e+00
      vertex   -4.480025e+00 2.671529e+01 -4.200000e+00
    endloop
  endfacet
  facet normal 8.628645e-16 1.566942e-15 1.000000e+00
    outer loop
      vertex   -4.480025e+00 2.671529e+01 -4.200000e+00
      vertex   -2.462646e+00 1.710204e+01 -4.200000e+00
      vertex   -2.000000e+00 1.741410e+01 -4.200000e+00
    endloop
  endfacet
  facet normal 2.708063e-14 8.557523e-15 1.000000e+00
    outer loop
      vertex   -4.480025e+00 2.671529e+01 -4.200000e+00
      vertex   -2.000000e+00 1.741410e+01 -4.200000e+00
      vertex   -4.234520e+00 2.676869e+01 -4.200000e+00
    endloop
  endfacet
  facet normal 2.045261e-15 2.577355e-15 1.000000e+00
    outer loop
      vertex   -4.234520e+00 2.676869e+01 -4.200000e+00
      vertex   -2.000000e+00 1.741410e+01 -4.200000e+00
      vertex   -3.280405e+00 2.704538e+01 -4.200000e+00
    endloop
  endfacet
  facet normal -1.055975e-15 2.165070e-15 1.000000e+00
    outer loop
      vertex   -3.280405e+00 2.704538e+01 -4.200000e+00
      vertex   -2.000000e+00 1.741410e+01 -4.200000e+00
      vertex   -1.498426e+00 1.765874e+01 -4.200000e+00
    endloop
  endfacet
  facet normal -4.815008e-16 2.274129e-15 1.000000e+00
    outer loop
      vertex   -3.280405e+00 2.704538e+01 -4.200000e+00
      vertex   -1.498426e+00 1.765874e+01 -4.200000e+00
      vertex   -2.308527e+00 2.725115e+01 -4.200000e+00
    endloop
  endfacet
  facet normal 8.967470e-16 2.390525e-15 1.000000e+00
    outer loop
      vertex   -2.308527e+00 2.725115e+01 -4.200000e+00
      vertex   -1.498426e+00 1.765874e+01 -4.200000e+00
      vertex   -9.676876e-01 1.783118e+01 -4.200000e+00
    endloop
  endfacet
  facet normal -3.016282e-16 2.219948e-15 1.000000e+00
    outer loop
      vertex   -2.308527e+00 2.725115e+01 -4.200000e+00
      vertex   -9.676876e-01 1.783118e+01 -4.200000e+00
      vertex   -1.324148e+00 2.738490e+01 -4.200000e+00
    endloop
  endfacet
  facet normal 1.214710e-15 2.276524e-15 1.000000e+00
    outer loop
      vertex   -1.324148e+00 2.738490e+01 -4.200000e+00
      vertex   -9.676876e-01 1.783118e+01 -4.200000e+00
      vertex   -4.181139e-01 1.792809e+01 -4.200000e+00
    endloop
  endfacet
  facet normal -1.321106e-16 2.147489e-15 1.000000e+00
    outer loop
      vertex   -1.324148e+00 2.738490e+01 -4.200000e+00
      vertex   -4.181139e-01 1.792809e+01 -4.200000e+00
      vertex   -3.325985e-01 2.744590e+01 -4.200000e+00
    endloop
  endfacet
  facet normal -7.497406e-17 2.146976e-15 1.000000e+00
    outer loop
      vertex   -3.325985e-01 2.744590e+01 -4.200000e+00
      vertex   -4.181139e-01 1.792809e+01 -4.200000e+00
      vertex   1.395979e-01 1.794756e+01 -4.200000e+00
    endloop
  endfacet
  facet normal 2.617475e-17 2.152004e-15 1.000000e+00
    outer loop
      vertex   -3.325985e-01 2.744590e+01 -4.200000e+00
      vertex   1.395979e-01 1.794756e+01 -4.200000e+00
      vertex   6.607518e-01 2.743382e+01 -4.200000e+00
    endloop
  endfacet
  facet normal 2.250364e-16 2.141079e-15 1.000000e+00
    outer loop
      vertex   6.607518e-01 2.743382e+01 -4.200000e+00
      vertex   1.395979e-01 1.794756e+01 -4.200000e+00
      vertex   6.945927e-01 1.788923e+01 -4.200000e+00
    endloop
  endfacet
  facet normal 1.840707e-16 2.140934e-15 1.000000e+00
    outer loop
      vertex   6.607518e-01 2.743382e+01 -4.200000e+00
      vertex   6.945927e-01 1.788923e+01 -4.200000e+00
      vertex   1.650524e+00 2.734872e+01 -4.200000e+00
    endloop
  endfacet
  facet normal 5.251997e-16 2.106461e-15 1.000000e+00
    outer loop
      vertex   1.650524e+00 2.734872e+01 -4.200000e+00
      vertex   6.945927e-01 1.788923e+01 -4.200000e+00
      vertex   1.236068e+00 1.775423e+01 -4.200000e+00
    endloop
  endfacet
  facet normal 5.500129e-14 -2.486031e-15 1.000000e+00
    outer loop
      vertex   1.329384e+01 1.159973e+01 -4.200000e+00
      vertex   1.304359e+01 1.142215e+01 -4.200000e+00
      vertex   1.308921e+01 1.064506e+01 -4.200000e+00
    endloop
  endfacet
  facet normal 2.519962e-15 -5.566864e-15 1.000000e+00
    outer loop
      vertex   1.308921e+01 1.064506e+01 -4.200000e+00
      vertex   1.304359e+01 1.142215e+01 -4.200000e+00
      vertex   1.276404e+01 1.129560e+01 -4.200000e+00
    endloop
  endfacet
  facet normal 1.448156e-15 -6.102597e-15 1.000000e+00
    outer loop
      vertex   1.308921e+01 1.064506e+01 -4.200000e+00
      vertex   1.276404e+01 1.129560e+01 -4.200000e+00
      vertex   1.246547e+01 1.122475e+01 -4.200000e+00
    endloop
  endfacet
  facet normal 6.295750e-15 -8.866991e-16 1.000000e+00
    outer loop
      vertex   1.308921e+01 1.064506e+01 -4.200000e+00
      vertex   1.246547e+01 1.122475e+01 -4.200000e+00
      vertex   1.281611e+01 9.707675e+00 -4.200000e+00
    endloop
  endfacet
  facet normal 2.964660e-15 -1.656603e-15 1.000000e+00
    outer loop
      vertex   1.281611e+01 9.707675e+00 -4.200000e+00
      vertex   1.246547e+01 1.122475e+01 -4.200000e+00
      vertex   1.215887e+01 1.121220e+01 -4.200000e+00
    endloop
  endfacet
  facet normal -4.816948e-16 -3.162112e-15 1.000000e+00
    outer loop
      vertex   1.281611e+01 9.707675e+00 -4.200000e+00
      vertex   1.215887e+01 1.121220e+01 -4.200000e+00
      vertex   1.185551e+01 1.125841e+01 -4.200000e+00
    endloop
  endfacet
  facet normal 2.889454e-15 -1.073870e-15 1.000000e+00
    outer loop
      vertex   1.281611e+01 9.707675e+00 -4.200000e+00
      vertex   1.185551e+01 1.125841e+01 -4.200000e+00
      vertex   1.247598e+01 8.792481e+00 -4.200000e+00
    endloop
  endfacet
  facet normal -5.912458e-16 -1.949663e-15 1.000000e+00
    outer loop
      vertex   1.247598e+01 8.792481e+00 -4.200000e+00
      vertex   1.185551e+01 1.125841e+01 -4.200000e+00
      vertex   1.108746e+01 1.149133e+01 -4.200000e+00
    endloop
  endfacet
  facet normal 2.724743e-15 -2.436399e-16 1.000000e+00
    outer loop
      vertex   1.247598e+01 8.792481e+00 -4.200000e+00
      vertex   1.108746e+01 1.149133e+01 -4.200000e+00
      vertex   1.207059e+01 7.904263e+00 -4.200000e+00
    endloop
  endfacet
  facet normal 2.469184e-15 -3.136822e-16 1.000000e+00
    outer loop
      vertex   1.207059e+01 7.904263e+00 -4.200000e+00
      vertex   1.108746e+01 1.149133e+01 -4.200000e+00
      vertex   1.160206e+01 7.047667e+00 -4.200000e+00
    endloop
  endfacet
  facet normal 9.975743e-16 -4.841020e-16 1.000000e+00
    outer loop
      vertex   1.160206e+01 7.047667e+00 -4.200000e+00
      vertex   1.108746e+01 1.149133e+01 -4.200000e+00
      vertex   1.034480e+01 1.179565e+01 -4.200000e+00
    endloop
  endfacet
  facet normal 2.012278e-15 -2.154101e-16 1.000000e+00
    outer loop
      vertex   1.160206e+01 7.047667e+00 -4.200000e+00
      vertex   1.034480e+01 1.179565e+01 -4.200000e+00
      vertex   1.107285e+01 6.227175e+00 -4.200000e+00
    endloop
  endfacet
  facet normal -1.611572e-15 -6.892078e-16 1.000000e+00
    outer loop
      vertex   1.107285e+01 6.227175e+00 -4.200000e+00
      vertex   1.034480e+01 1.179565e+01 -4.200000e+00
      vertex   9.634157e+00 1.216865e+01 -4.200000e+00
    endloop
  endfacet
  facet normal 1.445068e-15 5.093867e-17 1.000000e+00
    outer loop
      vertex   1.107285e+01 6.227175e+00 -4.200000e+00
      vertex   9.634157e+00 1.216865e+01 -4.200000e+00
      vertex   1.048572e+01 5.447078e+00 -4.200000e+00
    endloop
  endfacet
  facet normal 1.322193e-16 -1.153874e-16 1.000000e+00
    outer loop
      vertex   1.048572e+01 5.447078e+00 -4.200000e+00
      vertex   9.634157e+00 1.216865e+01 -4.200000e+00
      vertex   9.843744e+00 4.711456e+00 -4.200000e+00
    endloop
  endfacet
  facet normal 1.266661e-15 -8.350347e-17 1.000000e+00
    outer loop
      vertex   9.843744e+00 4.711456e+00 -4.200000e+00
      vertex   9.634157e+00 1.216865e+01 -4.200000e+00
      vertex   8.961859e+00 1.260702e+01 -4.200000e+00
    endloop
  endfacet
  facet normal 1.353890e-15 -7.376051e-17 1.000000e+00
    outer loop
      vertex   9.843744e+00 4.711456e+00 -4.200000e+00
      vertex   8.961859e+00 1.260702e+01 -4.200000e+00
      vertex   9.150281e+00 4.024157e+00 -4.200000e+00
    endloop
  endfacet
  facet normal -6.968759e-15 -2.564693e-16 1.000000e+00
    outer loop
      vertex   9.150281e+00 4.024157e+00 -4.200000e+00
      vertex   8.961859e+00 1.260702e+01 -4.200000e+00
      vertex   8.408956e+00 3.388776e+00 -4.200000e+00
    endloop
  endfacet
  facet normal -5.123722e-16 -6.437185e-16 1.000000e+00
    outer loop
      vertex   8.408956e+00 3.388776e+00 -4.200000e+00
      vertex   8.961859e+00 1.260702e+01 -4.200000e+00
      vertex   8.333905e+00 1.310685e+01 -4.200000e+00
    endloop
  endfacet
  facet normal -3.750555e-16 2.291904e-15 1.000000e+00
    outer loop
      vertex   2.631359e+00 2.719107e+01 -4.200000e+00
      vertex   5.584827e+00 2.108640e+01 -4.200000e+00
      vertex   3.597945e+00 2.696172e+01 -4.200000e+00
    endloop
  endfacet
  facet normal -2.217656e-15 1.668784e-15 1.000000e+00
    outer loop
      vertex   3.597945e+00 2.696172e+01 -4.200000e+00
      vertex   5.584827e+00 2.108640e+01 -4.200000e+00
      vertex   5.771678e+00 2.186694e+01 -4.200000e+00
    endloop
  endfacet
  facet normal 9.570462e-16 3.023299e-15 1.000000e+00
    outer loop
      vertex   3.597945e+00 2.696172e+01 -4.200000e+00
      vertex   5.771678e+00 2.186694e+01 -4.200000e+00
      vertex   4.545047e+00 2.666191e+01 -4.200000e+00
    endloop
  endfacet
  facet normal -4.648635e-15 1.589275e-15 1.000000e+00
    outer loop
      vertex   4.545047e+00 2.666191e+01 -4.200000e+00
      vertex   5.771678e+00 2.186694e+01 -4.200000e+00
      vertex   6.031313e+00 2.262637e+01 -4.200000e+00
    endloop
  endfacet
  facet normal 4.180052e-16 3.455292e-15 1.000000e+00
    outer loop
      vertex   4.545047e+00 2.666191e+01 -4.200000e+00
      vertex   6.031313e+00 2.262637e+01 -4.200000e+00
      vertex   5.467538e+00 2.629326e+01 -4.200000e+00
    endloop
  endfacet
  facet normal -3.598352e-15 2.837787e-15 1.000000e+00
    outer loop
      vertex   5.467538e+00 2.629326e+01 -4.200000e+00
      vertex   6.031313e+00 2.262637e+01 -4.200000e+00
      vertex   6.361419e+00 2.335793e+01 -4.200000e+00
    endloop
  endfacet
  facet normal 2.253180e-15 4.619727e-15 1.000000e+00
    outer loop
      vertex   5.467538e+00 2.629326e+01 -4.200000e+00
      vertex   6.361419e+00 2.335793e+01 -4.200000e+00
      vertex   6.360423e+00 2.585777e+01 -4.200000e+00
    endloop
  endfacet
  facet normal -5.860383e-15 4.616493e-15 1.000000e+00
    outer loop
      vertex   6.360423e+00 2.585777e+01 -4.200000e+00
      vertex   6.361419e+00 2.335793e+01 -4.200000e+00
      vertex   6.759052e+00 2.405510e+01 -4.200000e+00
    endloop
  endfacet
  facet normal -2.244381e-15 5.416109e-15 1.000000e+00
    outer loop
      vertex   6.360423e+00 2.585777e+01 -4.200000e+00
      vertex   6.759052e+00 2.405510e+01 -4.200000e+00
      vertex   6.947581e+00 2.429721e+01 -4.200000e+00
    endloop
  endfacet
  facet normal 3.344467e-15 7.518907e-15 1.000000e+00
    outer loop
      vertex   6.360423e+00 2.585777e+01 -4.200000e+00
      vertex   6.947581e+00 2.429721e+01 -4.200000e+00
      vertex   7.218865e+00 2.535780e+01 -4.200000e+00
    endloop
  endfacet
  facet normal -9.398303e-15 1.077832e-14 1.000000e+00
    outer loop
      vertex   7.218865e+00 2.535780e+01 -4.200000e+00
      vertex   6.947581e+00 2.429721e+01 -4.200000e+00
      vertex   7.178863e+00 2.449888e+01 -4.200000e+00
    endloop
  endfacet
  facet normal -6.155926e-15 1.062732e-14 1.000000e+00
    outer loop
      vertex   7.218865e+00 2.535780e+01 -4.200000e+00
      vertex   7.178863e+00 2.449888e+01 -4.200000e+00
      vertex   7.444391e+00 2.465269e+01 -4.200000e+00
    endloop
  endfacet
  facet normal -3.922188e-15 1.134177e-14 1.000000e+00
    outer loop
      vertex   7.444391e+00 2.465269e+01 -4.200000e+00
      vertex   7.734398e+00 2.475298e+01 -4.200000e+00
      vertex   7.218865e+00 2.535780e+01 -4.200000e+00
    endloop
  endfacet
  facet normal 3.987246e-14 4.867097e-14 1.000000e+00
    outer loop
      vertex   7.218865e+00 2.535780e+01 -4.200000e+00
      vertex   7.734398e+00 2.475298e+01 -4.200000e+00
      vertex   8.038217e+00 2.479606e+01 -4.200000e+00
    endloop
  endfacet
  facet normal 9.807383e-16 1.359765e-15 1.000000e+00
    outer loop
      vertex   -5.207148e+00 2.686673e+01 -4.200000e+00
      vertex   -5.410921e+00 2.701370e+01 -4.200000e+00
      vertex   -5.410921e+00 1.395000e+01 -4.200000e+00
    endloop
  endfacet
  facet normal 1.932117e-15 9.161557e-15 1.000000e+00
    outer loop
      vertex   8.261991e+00 1.650000e+00 -4.200000e+00
      vertex   8.101680e+00 1.877701e+00 -4.200000e+00
      vertex   -2.310921e+00 1.650000e+00 -4.200000e+00
    endloop
  endfacet
  facet normal 2.113951e-15 8.464219e-16 1.000000e+00
    outer loop
      vertex   -2.310921e+00 1.650000e+00 -4.200000e+00
      vertex   8.101680e+00 1.877701e+00 -4.200000e+00
      vertex   7.998168e+00 2.136222e+00 -4.200000e+00
    endloop
  endfacet
  facet normal 2.138805e-15 3.194521e-16 1.000000e+00
    outer loop
      vertex   -2.310921e+00 1.650000e+00 -4.200000e+00
      vertex   7.998168e+00 2.136222e+00 -4.200000e+00
      vertex   7.957032e+00 2.411641e+00 -4.200000e+00
    endloop
  endfacet
  facet normal -7.071068e-01 -6.995917e-09 7.071068e-01
    outer loop
      vertex   -5.410921e+00 1.395000e+01 -4.200000e+00
      vertex   -5.579987e+00 2.720038e+01 -4.369066e+00
      vertex   -5.810921e+00 1.395000e+01 -4.600000e+00
    endloop
  endfacet
  facet normal -7.071068e-01 -6.995916e-09 7.071068e-01
    outer loop
      vertex   -5.810921e+00 1.395000e+01 -4.600000e+00
      vertex   -5.579987e+00 2.720038e+01 -4.369066e+00
      vertex   -5.706366e+00 2.741823e+01 -4.495445e+00
    endloop
  endfacet
  facet normal -7.071068e-01 -6.995917e-09 7.071068e-01
    outer loop
      vertex   -5.810921e+00 1.395000e+01 -4.600000e+00
      vertex   -5.706366e+00 2.741823e+01 -4.495445e+00
      vertex   -5.751728e+00 2.753589e+01 -4.540807e+00
    endloop
  endfacet
  facet normal -7.071068e-01 -6.995916e-09 7.071068e-01
    outer loop
      vertex   -5.410921e+00 1.395000e+01 -4.200000e+00
      vertex   -5.410921e+00 2.701370e+01 -4.200000e+00
      vertex   -5.579987e+00 2.720038e+01 -4.369066e+00
    endloop
  endfacet
  facet normal -7.071068e-01 -6.995917e-09 7.071068e-01
    outer loop
      vertex   -5.751728e+00 2.753589e+01 -4.540807e+00
      vertex   -5.784492e+00 2.765766e+01 -4.573570e+00
      vertex   -5.810921e+00 1.395000e+01 -4.600000e+00
    endloop
  endfacet
  facet normal -7.071068e-01 -6.995916e-09 7.071068e-01
    outer loop
      vertex   -5.810921e+00 1.395000e+01 -4.600000e+00
      vertex   -5.784492e+00 2.765766e+01 -4.573570e+00
      vertex   -5.804296e+00 2.778220e+01 -4.593374e+00
    endloop
  endfacet
  facet normal -7.071068e-01 -6.995916e-09 7.071068e-01
    outer loop
      vertex   -5.810921e+00 1.395000e+01 -4.600000e+00
      vertex   -5.804296e+00 2.778220e+01 -4.593374e+00
      vertex   -5.810921e+00 2.790813e+01 -4.600000e+00
    endloop
  endfacet
  facet normal -7.071068e-01 4.778542e-16 7.071068e-01
    outer loop
      vertex   -5.410921e+00 1.395000e+01 -4.200000e+00
      vertex   -5.810921e+00 1.395000e+01 -4.600000e+00
      vertex   -5.410921e+00 4.750000e+00 -4.200000e+00
    endloop
  endfacet
  facet normal -7.071068e-01 -6.933153e-17 7.071068e-01
    outer loop
      vertex   -5.410921e+00 4.750000e+00 -4.200000e+00
      vertex   -5.810921e+00 1.395000e+01 -4.600000e+00
      vertex   -5.810921e+00 4.750000e+00 -4.600000e+00
    endloop
  endfacet
  facet normal -7.062042e-01 -5.050872e-02 7.062042e-01
    outer loop
      vertex   -5.810921e+00 4.750000e+00 -4.600000e+00
      vertex   -5.775296e+00 4.251898e+00 -4.600000e+00
      vertex   -5.410921e+00 4.750000e+00 -4.200000e+00
    endloop
  endfacet
  facet normal -7.028748e-01 -5.531744e-02 7.091594e-01
    outer loop
      vertex   -5.410921e+00 4.750000e+00 -4.200000e+00
      vertex   -5.775296e+00 4.251898e+00 -4.600000e+00
      vertex   -5.372755e+00 4.265053e+00 -4.200000e+00
    endloop
  endfacet
  facet normal -6.942906e-01 -1.510337e-01 7.036685e-01
    outer loop
      vertex   -5.372755e+00 4.265053e+00 -4.200000e+00
      vertex   -5.775296e+00 4.251898e+00 -4.600000e+00
      vertex   -5.669147e+00 3.763936e+00 -4.600000e+00
    endloop
  endfacet
  facet normal -6.831270e-01 -1.640043e-01 7.116461e-01
    outer loop
      vertex   -5.372755e+00 4.265053e+00 -4.200000e+00
      vertex   -5.669147e+00 3.763936e+00 -4.600000e+00
      vertex   -5.259196e+00 3.792047e+00 -4.200000e+00
    endloop
  endfacet
  facet normal -6.675721e-01 -2.489915e-01 7.016770e-01
    outer loop
      vertex   -5.259196e+00 3.792047e+00 -4.200000e+00
      vertex   -5.669147e+00 3.763936e+00 -4.600000e+00
      vertex   -5.494633e+00 3.296047e+00 -4.600000e+00
    endloop
  endfacet
  facet normal -6.473266e-01 -2.681314e-01 7.134941e-01
    outer loop
      vertex   -5.259196e+00 3.792047e+00 -4.200000e+00
      vertex   -5.494633e+00 3.296047e+00 -4.600000e+00
      vertex   -5.073041e+00 3.342629e+00 -4.200000e+00
    endloop
  endfacet
  facet normal -6.265781e-01 -3.421375e-01 7.002441e-01
    outer loop
      vertex   -5.073041e+00 3.342629e+00 -4.200000e+00
      vertex   -5.494633e+00 3.296047e+00 -4.600000e+00
      vertex   -5.255309e+00 2.857757e+00 -4.600000e+00
    endloop
  endfacet
  facet normal -5.963473e-01 -3.654421e-01 7.147181e-01
    outer loop
      vertex   -5.073041e+00 3.342629e+00 -4.200000e+00
      vertex   -5.255309e+00 2.857757e+00 -4.600000e+00
      vertex   -4.818874e+00 2.927866e+00 -4.200000e+00
    endloop
  endfacet
  facet normal -5.721868e-01 -4.283337e-01 6.993801e-01
    outer loop
      vertex   -4.818874e+00 2.927866e+00 -4.200000e+00
      vertex   -5.255309e+00 2.857757e+00 -4.600000e+00
      vertex   -4.956045e+00 2.457987e+00 -4.600000e+00
    endloop
  endfacet
  facet normal -5.313634e-01 -4.538272e-01 7.153278e-01
    outer loop
      vertex   -4.818874e+00 2.927866e+00 -4.200000e+00
      vertex   -4.956045e+00 2.457987e+00 -4.600000e+00
      vertex   -4.502952e+00 2.557969e+00 -4.200000e+00
    endloop
  endfacet
  facet normal -5.056042e-01 -5.056042e-01 6.990914e-01
    outer loop
      vertex   -4.502952e+00 2.557969e+00 -4.200000e+00
      vertex   -4.956045e+00 2.457987e+00 -4.600000e+00
      vertex   -4.602934e+00 2.104876e+00 -4.600000e+00
    endloop
  endfacet
  facet normal -4.538272e-01 -5.313634e-01 7.153278e-01
    outer loop
      vertex   -4.502952e+00 2.557969e+00 -4.200000e+00
      vertex   -4.602934e+00 2.104876e+00 -4.600000e+00
      vertex   -4.133055e+00 2.242047e+00 -4.200000e+00
    endloop
  endfacet
  facet normal -4.283337e-01 -5.721868e-01 6.993801e-01
    outer loop
      vertex   -4.133055e+00 2.242047e+00 -4.200000e+00
      vertex   -4.602934e+00 2.104876e+00 -4.600000e+00
      vertex   -4.203164e+00 1.805613e+00 -4.600000e+00
    endloop
  endfacet
  facet normal -3.654421e-01 -5.963473e-01 7.147181e-01
    outer loop
      vertex   -4.133055e+00 2.242047e+00 -4.200000e+00
      vertex   -4.203164e+00 1.805613e+00 -4.600000e+00
      vertex   -3.718292e+00 1.987880e+00 -4.200000e+00
    endloop
  endfacet
  facet normal -3.421375e-01 -6.265781e-01 7.002441e-01
    outer loop
      vertex   -3.718292e+00 1.987880e+00 -4.200000e+00
      vertex   -4.203164e+00 1.805613e+00 -4.600000e+00
      vertex   -3.764874e+00 1.566288e+00 -4.600000e+00
    endloop
  endfacet
  facet normal -2.681314e-01 -6.473266e-01 7.134941e-01
    outer loop
      vertex   -3.718292e+00 1.987880e+00 -4.200000e+00
      vertex   -3.764874e+00 1.566288e+00 -4.600000e+00
      vertex   -3.268874e+00 1.801725e+00 -4.200000e+00
    endloop
  endfacet
  facet normal -2.489915e-01 -6.675721e-01 7.016770e-01
    outer loop
      vertex   -3.268874e+00 1.801725e+00 -4.200000e+00
      vertex   -3.764874e+00 1.566288e+00 -4.600000e+00
      vertex   -3.296985e+00 1.391775e+00 -4.600000e+00
    endloop
  endfacet
  facet normal -1.640043e-01 -6.831270e-01 7.116461e-01
    outer loop
      vertex   -3.268874e+00 1.801725e+00 -4.200000e+00
      vertex   -3.296985e+00 1.391775e+00 -4.600000e+00
      vertex   -2.795868e+00 1.688166e+00 -4.200000e+00
    endloop
  endfacet
  facet normal -1.510337e-01 -6.942906e-01 7.036685e-01
    outer loop
      vertex   -2.795868e+00 1.688166e+00 -4.200000e+00
      vertex   -3.296985e+00 1.391775e+00 -4.600000e+00
      vertex   -2.809023e+00 1.285625e+00 -4.600000e+00
    endloop
  endfacet
  facet normal -5.531744e-02 -7.028748e-01 7.091594e-01
    outer loop
      vertex   -2.795868e+00 1.688166e+00 -4.200000e+00
      vertex   -2.809023e+00 1.285625e+00 -4.600000e+00
      vertex   -2.310921e+00 1.650000e+00 -4.200000e+00
    endloop
  endfacet
  facet normal -5.050872e-02 -7.062042e-01 7.062042e-01
    outer loop
      vertex   -2.310921e+00 1.650000e+00 -4.200000e+00
      vertex   -2.809023e+00 1.285625e+00 -4.600000e+00
      vertex   -2.310921e+00 1.250000e+00 -4.600000e+00
    endloop
  endfacet
  facet normal -8.625874e-16 -7.071068e-01 7.071068e-01
    outer loop
      vertex   9.156419e+00 1.250000e+00 -4.600000e+00
      vertex   9.030490e+00 1.256626e+00 -4.593374e+00
      vertex   -2.310921e+00 1.250000e+00 -4.600000e+00
    endloop
  endfacet
  facet normal -9.194927e-16 -7.071068e-01 7.071068e-01
    outer loop
      vertex   -2.310921e+00 1.250000e+00 -4.600000e+00
      vertex   9.030490e+00 1.256626e+00 -4.593374e+00
      vertex   8.905953e+00 1.276430e+00 -4.573570e+00
    endloop
  endfacet
  facet normal -8.871595e-16 -7.071068e-01 7.071068e-01
    outer loop
      vertex   -2.310921e+00 1.250000e+00 -4.600000e+00
      vertex   8.905953e+00 1.276430e+00 -4.573570e+00
      vertex   8.784182e+00 1.309193e+00 -4.540807e+00
    endloop
  endfacet
  facet normal -9.441573e-16 -7.071068e-01 7.071068e-01
    outer loop
      vertex   8.784182e+00 1.309193e+00 -4.540807e+00
      vertex   8.666521e+00 1.354555e+00 -4.495445e+00
      vertex   -2.310921e+00 1.250000e+00 -4.600000e+00
    endloop
  endfacet
  facet normal -8.890320e-16 -7.071068e-01 7.071068e-01
    outer loop
      vertex   -2.310921e+00 1.250000e+00 -4.600000e+00
      vertex   8.666521e+00 1.354555e+00 -4.495445e+00
      vertex   8.448668e+00 1.480934e+00 -4.369066e+00
    endloop
  endfacet
  facet normal -2.485284e-16 -7.071068e-01 7.071068e-01
    outer loop
      vertex   -2.310921e+00 1.250000e+00 -4.600000e+00
      vertex   8.448668e+00 1.480934e+00 -4.369066e+00
      vertex   -2.310921e+00 1.650000e+00 -4.200000e+00
    endloop
  endfacet
  facet normal 1.217712e-15 -7.071068e-01 7.071068e-01
    outer loop
      vertex   -2.310921e+00 1.650000e+00 -4.200000e+00
      vertex   8.448668e+00 1.480934e+00 -4.369066e+00
      vertex   8.261991e+00 1.650000e+00 -4.200000e+00
    endloop
  endfacet
  facet normal -6.794904e-01 1.919751e-01 7.081232e-01
    outer loop
      vertex   -5.243229e+00 3.526575e+01 6.000000e-01
      vertex   -5.632830e+00 3.536222e+01 2.000000e-01
      vertex   -5.336013e+00 3.493734e+01 6.000000e-01
    endloop
  endfacet
  facet normal -6.834281e-01 1.869246e-01 7.056807e-01
    outer loop
      vertex   -5.336013e+00 3.493734e+01 6.000000e-01
      vertex   -5.632830e+00 3.536222e+01 2.000000e-01
      vertex   -5.731392e+00 3.500186e+01 2.000000e-01
    endloop
  endfacet
  facet normal -6.969511e-01 1.162031e-01 7.076412e-01
    outer loop
      vertex   -5.336013e+00 3.493734e+01 6.000000e-01
      vertex   -5.731392e+00 3.500186e+01 2.000000e-01
      vertex   -5.392137e+00 3.460073e+01 6.000000e-01
    endloop
  endfacet
  facet normal -6.990202e-01 1.129427e-01 7.061265e-01
    outer loop
      vertex   -5.392137e+00 3.460073e+01 6.000000e-01
      vertex   -5.731392e+00 3.500186e+01 2.000000e-01
      vertex   -5.790982e+00 3.463305e+01 2.000000e-01
    endloop
  endfacet
  facet normal -7.060180e-01 3.891996e-02 7.071236e-01
    outer loop
      vertex   -5.392137e+00 3.460073e+01 6.000000e-01
      vertex   -5.790982e+00 3.463305e+01 2.000000e-01
      vertex   -5.410921e+00 3.425998e+01 6.000000e-01
    endloop
  endfacet
  facet normal -7.066023e-01 3.776574e-02 7.066023e-01
    outer loop
      vertex   -5.410921e+00 3.425998e+01 6.000000e-01
      vertex   -5.790982e+00 3.463305e+01 2.000000e-01
      vertex   -5.810921e+00 3.425998e+01 2.000000e-01
    endloop
  endfacet
  facet normal -2.070838e-03 -7.070649e-01 7.071456e-01
    outer loop
      vertex   2.991772e+01 1.250000e+00 2.000000e-01
      vertex   3.042558e+01 1.248513e+00 2.000000e-01
      vertex   2.993330e+01 1.650000e+00 6.000000e-01
    endloop
  endfacet
  facet normal -5.938163e-04 -7.061585e-01 7.080535e-01
    outer loop
      vertex   2.993330e+01 1.650000e+00 6.000000e-01
      vertex   3.042558e+01 1.248513e+00 2.000000e-01
      vertex   3.042525e+01 1.649586e+00 6.000000e-01
    endloop
  endfacet
  facet normal 1.006513e-01 -7.025315e-01 7.044990e-01
    outer loop
      vertex   3.042525e+01 1.649586e+00 6.000000e-01
      vertex   3.042558e+01 1.248513e+00 2.000000e-01
      vertex   3.092830e+01 1.320538e+00 2.000000e-01
    endloop
  endfacet
  facet normal 1.107033e-01 -6.947174e-01 7.107127e-01
    outer loop
      vertex   3.042525e+01 1.649586e+00 6.000000e-01
      vertex   3.092830e+01 1.320538e+00 2.000000e-01
      vertex   3.091108e+01 1.727003e+00 6.000000e-01
    endloop
  endfacet
  facet normal 2.018675e-01 -6.826167e-01 7.023417e-01
    outer loop
      vertex   3.091108e+01 1.727003e+00 6.000000e-01
      vertex   3.092830e+01 1.320538e+00 2.000000e-01
      vertex   3.141531e+01 1.464559e+00 2.000000e-01
    endloop
  endfacet
  facet normal 2.185568e-01 -6.664642e-01 7.127822e-01
    outer loop
      vertex   3.091108e+01 1.727003e+00 6.000000e-01
      vertex   3.141531e+01 1.464559e+00 2.000000e-01
      vertex   3.137854e+01 1.880300e+00 6.000000e-01
    endloop
  endfacet
  facet normal 2.992133e-01 -6.476942e-01 7.006879e-01
    outer loop
      vertex   3.137854e+01 1.880300e+00 6.000000e-01
      vertex   3.141531e+01 1.464559e+00 2.000000e-01
      vertex   3.187635e+01 1.677544e+00 2.000000e-01
    endloop
  endfacet
  facet normal 3.205389e-01 -6.221441e-01 7.142770e-01
    outer loop
      vertex   3.137854e+01 1.880300e+00 6.000000e-01
      vertex   3.187635e+01 1.677544e+00 2.000000e-01
      vertex   3.181587e+01 2.105617e+00 6.000000e-01
    endloop
  endfacet
  facet normal 3.904080e-01 -5.985093e-01 6.995485e-01
    outer loop
      vertex   3.181587e+01 2.105617e+00 6.000000e-01
      vertex   3.187635e+01 1.677544e+00 2.000000e-01
      vertex   3.230171e+01 1.955008e+00 2.000000e-01
    endloop
  endfacet
  facet normal 4.143588e-01 -5.628362e-01 7.152078e-01
    outer loop
      vertex   3.181587e+01 2.105617e+00 6.000000e-01
      vertex   3.230171e+01 1.955008e+00 2.000000e-01
      vertex   3.221204e+01 2.397279e+00 6.000000e-01
    endloop
  endfacet
  facet normal 4.733140e-01 -5.361615e-01 6.989311e-01
    outer loop
      vertex   3.221204e+01 2.397279e+00 6.000000e-01
      vertex   3.230171e+01 1.955008e+00 2.000000e-01
      vertex   3.268244e+01 2.291110e+00 2.000000e-01
    endloop
  endfacet
  facet normal 4.979064e-01 -4.899311e-01 7.155814e-01
    outer loop
      vertex   3.221204e+01 2.397279e+00 6.000000e-01
      vertex   3.268244e+01 2.291110e+00 2.000000e-01
      vertex   3.255709e+01 2.747942e+00 6.000000e-01
    endloop
  endfacet
  facet normal 5.459927e-01 -4.620769e-01 6.988397e-01
    outer loop
      vertex   3.255709e+01 2.747942e+00 6.000000e-01
      vertex   3.268244e+01 2.291110e+00 2.000000e-01
      vertex   3.301052e+01 2.678773e+00 2.000000e-01
    endloop
  endfacet
  facet normal 5.692925e-01 -4.051029e-01 7.154003e-01
    outer loop
      vertex   3.255709e+01 2.747942e+00 6.000000e-01
      vertex   3.301052e+01 2.678773e+00 2.000000e-01
      vertex   3.284231e+01 3.148773e+00 6.000000e-01
    endloop
  endfacet
  facet normal 6.067554e-01 -3.779714e-01 6.992750e-01
    outer loop
      vertex   3.284231e+01 3.148773e+00 6.000000e-01
      vertex   3.301052e+01 2.678773e+00 2.000000e-01
      vertex   3.327905e+01 3.109835e+00 2.000000e-01
    endloop
  endfacet
  facet normal 6.268848e-01 -3.102769e-01 7.146633e-01
    outer loop
      vertex   3.284231e+01 3.148773e+00 6.000000e-01
      vertex   3.327905e+01 3.109835e+00 2.000000e-01
      vertex   3.306054e+01 3.589679e+00 6.000000e-01
    endloop
  endfacet
  facet normal 6.542070e-01 -2.858067e-01 7.002340e-01
    outer loop
      vertex   3.306054e+01 3.589679e+00 6.000000e-01
      vertex   3.327905e+01 3.109835e+00 2.000000e-01
      vertex   3.348236e+01 3.575219e+00 2.000000e-01
    endloop
  endfacet
  facet normal 6.693398e-01 -2.075919e-01 7.133651e-01
    outer loop
      vertex   3.306054e+01 3.589679e+00 6.000000e-01
      vertex   3.348236e+01 3.575219e+00 2.000000e-01
      vertex   3.320627e+01 4.059555e+00 6.000000e-01
    endloop
  endfacet
  facet normal 6.872820e-01 -1.877388e-01 7.017105e-01
    outer loop
      vertex   3.320627e+01 4.059555e+00 6.000000e-01
      vertex   3.348236e+01 3.575219e+00 2.000000e-01
      vertex   3.361619e+01 4.065128e+00 2.000000e-01
    endloop
  endfacet
  facet normal 6.956296e-01 -9.935987e-02 7.114964e-01
    outer loop
      vertex   3.320627e+01 4.059555e+00 6.000000e-01
      vertex   3.361619e+01 4.065128e+00 2.000000e-01
      vertex   3.327583e+01 4.546568e+00 6.000000e-01
    endloop
  endfacet
  facet normal 7.052711e-01 -8.606160e-02 7.036946e-01
    outer loop
      vertex   3.327583e+01 4.546568e+00 6.000000e-01
      vertex   3.361619e+01 4.065128e+00 2.000000e-01
      vertex   3.367770e+01 4.569247e+00 2.000000e-01
    endloop
  endfacet
  facet normal 7.050628e-01 1.197853e-02 7.090437e-01
    outer loop
      vertex   3.327583e+01 4.546568e+00 6.000000e-01
      vertex   3.367770e+01 4.569247e+00 2.000000e-01
      vertex   3.326747e+01 5.038454e+00 6.000000e-01
    endloop
  endfacet
  facet normal 7.078385e-01 1.685255e-02 7.061732e-01
    outer loop
      vertex   3.326747e+01 5.038454e+00 6.000000e-01
      vertex   3.367770e+01 4.569247e+00 2.000000e-01
      vertex   3.366562e+01 5.076961e+00 2.000000e-01
    endloop
  endfacet
  facet normal 7.038225e-01 6.807289e-02 7.071068e-01
    outer loop
      vertex   3.170257e+01 2.121841e+01 6.000000e-01
      vertex   3.326747e+01 5.038454e+00 6.000000e-01
      vertex   3.210071e+01 2.125692e+01 2.000000e-01
    endloop
  endfacet
  facet normal 7.038225e-01 6.807289e-02 7.071068e-01
    outer loop
      vertex   3.210071e+01 2.125692e+01 2.000000e-01
      vertex   3.326747e+01 5.038454e+00 6.000000e-01
      vertex   3.366562e+01 5.076961e+00 2.000000e-01
    endloop
  endfacet
  facet normal 7.009694e-01 9.302996e-02 7.070979e-01
    outer loop
      vertex   3.200927e+01 2.202997e+01 2.000000e-01
      vertex   3.161313e+01 2.197453e+01 6.000000e-01
      vertex   3.204341e+01 2.177273e+01 2.000000e-01
    endloop
  endfacet
  facet normal 7.009694e-01 9.302996e-02 7.070979e-01
    outer loop
      vertex   3.204341e+01 2.177273e+01 2.000000e-01
      vertex   3.161313e+01 2.197453e+01 6.000000e-01
      vertex   3.164653e+01 2.172292e+01 6.000000e-01
    endloop
  endfacet
  facet normal 7.022205e-01 8.305980e-02 7.070979e-01
    outer loop
      vertex   3.204341e+01 2.177273e+01 2.000000e-01
      vertex   3.164653e+01 2.172292e+01 6.000000e-01
      vertex   3.207389e+01 2.151503e+01 2.000000e-01
    endloop
  endfacet
  facet normal 7.022205e-01 8.305980e-02 7.070979e-01
    outer loop
      vertex   3.207389e+01 2.151503e+01 2.000000e-01
      vertex   3.164653e+01 2.172292e+01 6.000000e-01
      vertex   3.167634e+01 2.147087e+01 6.000000e-01
    endloop
  endfacet
  facet normal 7.033299e-01 7.307287e-02 7.070979e-01
    outer loop
      vertex   3.207389e+01 2.151503e+01 2.000000e-01
      vertex   3.167634e+01 2.147087e+01 6.000000e-01
      vertex   3.210071e+01 2.125692e+01 2.000000e-01
    endloop
  endfacet
  facet normal 7.033299e-01 7.307287e-02 7.070979e-01
    outer loop
      vertex   3.210071e+01 2.125692e+01 2.000000e-01
      vertex   3.167634e+01 2.147087e+01 6.000000e-01
      vertex   3.170257e+01 2.121841e+01 6.000000e-01
    endloop
  endfacet
  facet normal 7.002819e-01 9.800637e-02 7.071068e-01
    outer loop
      vertex   2.785979e+01 4.879314e+01 6.000000e-01
      vertex   3.161313e+01 2.197453e+01 6.000000e-01
      vertex   2.825593e+01 4.884858e+01 2.000000e-01
    endloop
  endfacet
  facet normal 7.002819e-01 9.800637e-02 7.071068e-01
    outer loop
      vertex   2.825593e+01 4.884858e+01 2.000000e-01
      vertex   3.161313e+01 2.197453e+01 6.000000e-01
      vertex   3.200927e+01 2.202997e+01 2.000000e-01
    endloop
  endfacet
  facet normal 8.446617e-02 7.045798e-01 7.045798e-01
    outer loop
      vertex   2.726559e+01 4.970998e+01 2.000000e-01
      vertex   2.726559e+01 4.930998e+01 6.000000e-01
      vertex   2.750195e+01 4.968165e+01 2.000000e-01
    endloop
  endfacet
  facet normal 8.446617e-02 7.045798e-01 7.045798e-01
    outer loop
      vertex   2.750195e+01 4.968165e+01 2.000000e-01
      vertex   2.726559e+01 4.930998e+01 6.000000e-01
      vertex   2.740741e+01 4.929298e+01 6.000000e-01
    endloop
  endfacet
  facet normal 2.486117e-01 6.646499e-01 7.045798e-01
    outer loop
      vertex   2.750195e+01 4.968165e+01 2.000000e-01
      vertex   2.740741e+01 4.929298e+01 6.000000e-01
      vertex   2.772492e+01 4.959824e+01 2.000000e-01
    endloop
  endfacet
  facet normal 2.486117e-01 6.646499e-01 7.045798e-01
    outer loop
      vertex   2.772492e+01 4.959824e+01 2.000000e-01
      vertex   2.740741e+01 4.929298e+01 6.000000e-01
      vertex   2.754119e+01 4.924294e+01 6.000000e-01
    endloop
  endfacet
  facet normal 3.986678e-01 5.870530e-01 7.045798e-01
    outer loop
      vertex   2.772492e+01 4.959824e+01 2.000000e-01
      vertex   2.754119e+01 4.924294e+01 6.000000e-01
      vertex   2.792186e+01 4.946450e+01 2.000000e-01
    endloop
  endfacet
  facet normal 3.986678e-01 5.870530e-01 7.045798e-01
    outer loop
      vertex   2.792186e+01 4.946450e+01 2.000000e-01
      vertex   2.754119e+01 4.924294e+01 6.000000e-01
      vertex   2.765935e+01 4.916269e+01 6.000000e-01
    endloop
  endfacet
  facet normal 5.261307e-01 4.761866e-01 7.045798e-01
    outer loop
      vertex   2.792186e+01 4.946450e+01 2.000000e-01
      vertex   2.765935e+01 4.916269e+01 6.000000e-01
      vertex   2.808161e+01 4.928800e+01 2.000000e-01
    endloop
  endfacet
  facet normal 5.261307e-01 4.761866e-01 7.045798e-01
    outer loop
      vertex   2.808161e+01 4.928800e+01 2.000000e-01
      vertex   2.765935e+01 4.916269e+01 6.000000e-01
      vertex   2.775520e+01 4.905679e+01 6.000000e-01
    endloop
  endfacet
  facet normal 6.237768e-01 3.383339e-01 7.045798e-01
    outer loop
      vertex   2.808161e+01 4.928800e+01 2.000000e-01
      vertex   2.775520e+01 4.905679e+01 6.000000e-01
      vertex   2.819511e+01 4.907874e+01 2.000000e-01
    endloop
  endfacet
  facet normal 6.237768e-01 3.383339e-01 7.045798e-01
    outer loop
      vertex   2.819511e+01 4.907874e+01 2.000000e-01
      vertex   2.775520e+01 4.905679e+01 6.000000e-01
      vertex   2.782330e+01 4.893124e+01 6.000000e-01
    endloop
  endfacet
  facet normal 6.860722e-01 1.813071e-01 7.045798e-01
    outer loop
      vertex   2.819511e+01 4.907874e+01 2.000000e-01
      vertex   2.782330e+01 4.893124e+01 6.000000e-01
      vertex   2.825593e+01 4.884858e+01 2.000000e-01
    endloop
  endfacet
  facet normal 6.860722e-01 1.813071e-01 7.045798e-01
    outer loop
      vertex   2.825593e+01 4.884858e+01 2.000000e-01
      vertex   2.782330e+01 4.893124e+01 6.000000e-01
      vertex   2.785979e+01 4.879314e+01 6.000000e-01
    endloop
  endfacet
  facet normal 3.165245e-17 7.071068e-01 7.071068e-01
    outer loop
      vertex   2.478538e+01 4.930998e+01 6.000000e-01
      vertex   2.726559e+01 4.930998e+01 6.000000e-01
      vertex   2.478538e+01 4.970998e+01 2.000000e-01
    endloop
  endfacet
  facet normal 2.669884e-14 7.071068e-01 7.071068e-01
    outer loop
      vertex   2.478538e+01 4.970998e+01 2.000000e-01
      vertex   2.726559e+01 4.930998e+01 6.000000e-01
      vertex   2.726559e+01 4.970998e+01 2.000000e-01
    endloop
  endfacet
  facet normal -7.040626e-01 9.269160e-02 7.040626e-01
    outer loop
      vertex   2.378538e+01 4.870998e+01 2.000000e-01
      vertex   2.418538e+01 4.870998e+01 6.000000e-01
      vertex   2.381945e+01 4.896880e+01 2.000000e-01
    endloop
  endfacet
  facet normal -7.040626e-01 9.269160e-02 7.040626e-01
    outer loop
      vertex   2.381945e+01 4.896880e+01 2.000000e-01
      vertex   2.418538e+01 4.870998e+01 6.000000e-01
      vertex   2.420582e+01 4.886527e+01 6.000000e-01
    endloop
  endfacet
  facet normal -6.560819e-01 2.717580e-01 7.040626e-01
    outer loop
      vertex   2.381945e+01 4.896880e+01 2.000000e-01
      vertex   2.420582e+01 4.886527e+01 6.000000e-01
      vertex   2.391935e+01 4.920998e+01 2.000000e-01
    endloop
  endfacet
  facet normal -6.560819e-01 2.717580e-01 7.040626e-01
    outer loop
      vertex   2.391935e+01 4.920998e+01 2.000000e-01
      vertex   2.420582e+01 4.886527e+01 6.000000e-01
      vertex   2.426576e+01 4.900998e+01 6.000000e-01
    endloop
  endfacet
  facet normal -5.633903e-01 4.323046e-01 7.040626e-01
    outer loop
      vertex   2.391935e+01 4.920998e+01 2.000000e-01
      vertex   2.426576e+01 4.900998e+01 6.000000e-01
      vertex   2.407827e+01 4.941709e+01 2.000000e-01
    endloop
  endfacet
  facet normal -5.633903e-01 4.323046e-01 7.040626e-01
    outer loop
      vertex   2.407827e+01 4.941709e+01 2.000000e-01
      vertex   2.426576e+01 4.900998e+01 6.000000e-01
      vertex   2.436111e+01 4.913425e+01 6.000000e-01
    endloop
  endfacet
  facet normal -4.323046e-01 5.633903e-01 7.040626e-01
    outer loop
      vertex   2.407827e+01 4.941709e+01 2.000000e-01
      vertex   2.436111e+01 4.913425e+01 6.000000e-01
      vertex   2.428538e+01 4.957601e+01 2.000000e-01
    endloop
  endfacet
  facet normal -4.323046e-01 5.633903e-01 7.040626e-01
    outer loop
      vertex   2.428538e+01 4.957601e+01 2.000000e-01
      vertex   2.436111e+01 4.913425e+01 6.000000e-01
      vertex   2.448538e+01 4.922960e+01 6.000000e-01
    endloop
  endfacet
  facet normal -2.717580e-01 6.560819e-01 7.040626e-01
    outer loop
      vertex   2.428538e+01 4.957601e+01 2.000000e-01
      vertex   2.448538e+01 4.922960e+01 6.000000e-01
      vertex   2.452656e+01 4.967591e+01 2.000000e-01
    endloop
  endfacet
  facet normal -2.717580e-01 6.560819e-01 7.040626e-01
    outer loop
      vertex   2.452656e+01 4.967591e+01 2.000000e-01
      vertex   2.448538e+01 4.922960e+01 6.000000e-01
      vertex   2.463009e+01 4.928954e+01 6.000000e-01
    endloop
  endfacet
  facet normal -9.269160e-02 7.040626e-01 7.040626e-01
    outer loop
      vertex   2.452656e+01 4.967591e+01 2.000000e-01
      vertex   2.463009e+01 4.928954e+01 6.000000e-01
      vertex   2.478538e+01 4.970998e+01 2.000000e-01
    endloop
  endfacet
  facet normal -9.269160e-02 7.040626e-01 7.040626e-01
    outer loop
      vertex   2.478538e+01 4.970998e+01 2.000000e-01
      vertex   2.463009e+01 4.928954e+01 6.000000e-01
      vertex   2.478538e+01 4.930998e+01 6.000000e-01
    endloop
  endfacet
  facet normal 9.269160e-02 7.040626e-01 7.040626e-01
    outer loop
      vertex   3.537870e-02 4.970998e+01 2.000000e-01
      vertex   3.537870e-02 4.930998e+01 6.000000e-01
      vertex   2.941977e-01 4.967591e+01 2.000000e-01
    endloop
  endfacet
  facet normal 9.269160e-02 7.040626e-01 7.040626e-01
    outer loop
      vertex   2.941977e-01 4.967591e+01 2.000000e-01
      vertex   3.537870e-02 4.930998e+01 6.000000e-01
      vertex   1.906701e-01 4.928954e+01 6.000000e-01
    endloop
  endfacet
  facet normal 2.717580e-01 6.560819e-01 7.040626e-01
    outer loop
      vertex   2.941977e-01 4.967591e+01 2.000000e-01
      vertex   1.906701e-01 4.928954e+01 6.000000e-01
      vertex   5.353787e-01 4.957601e+01 2.000000e-01
    endloop
  endfacet
  facet normal 2.717580e-01 6.560819e-01 7.040626e-01
    outer loop
      vertex   5.353787e-01 4.957601e+01 2.000000e-01
      vertex   1.906701e-01 4.928954e+01 6.000000e-01
      vertex   3.353787e-01 4.922960e+01 6.000000e-01
    endloop
  endfacet
  facet normal 4.323046e-01 5.633903e-01 7.040626e-01
    outer loop
      vertex   5.353787e-01 4.957601e+01 2.000000e-01
      vertex   3.353787e-01 4.922960e+01 6.000000e-01
      vertex   7.424855e-01 4.941709e+01 2.000000e-01
    endloop
  endfacet
  facet normal 4.323046e-01 5.633903e-01 7.040626e-01
    outer loop
      vertex   7.424855e-01 4.941709e+01 2.000000e-01
      vertex   3.353787e-01 4.922960e+01 6.000000e-01
      vertex   4.596428e-01 4.913425e+01 6.000000e-01
    endloop
  endfacet
  facet normal 5.633903e-01 4.323046e-01 7.040626e-01
    outer loop
      vertex   7.424855e-01 4.941709e+01 2.000000e-01
      vertex   4.596428e-01 4.913425e+01 6.000000e-01
      vertex   9.014041e-01 4.920998e+01 2.000000e-01
    endloop
  endfacet
  facet normal 5.633903e-01 4.323046e-01 7.040626e-01
    outer loop
      vertex   9.014041e-01 4.920998e+01 2.000000e-01
      vertex   4.596428e-01 4.913425e+01 6.000000e-01
      vertex   5.549939e-01 4.900998e+01 6.000000e-01
    endloop
  endfacet
  facet normal 6.560819e-01 2.717580e-01 7.040626e-01
    outer loop
      vertex   9.014041e-01 4.920998e+01 2.000000e-01
      vertex   5.549939e-01 4.900998e+01 6.000000e-01
      vertex   1.001305e+00 4.896880e+01 2.000000e-01
    endloop
  endfacet
  facet normal 6.560819e-01 2.717580e-01 7.040626e-01
    outer loop
      vertex   1.001305e+00 4.896880e+01 2.000000e-01
      vertex   5.549939e-01 4.900998e+01 6.000000e-01
      vertex   6.149342e-01 4.886527e+01 6.000000e-01
    endloop
  endfacet
  facet normal 7.040626e-01 9.269160e-02 7.040626e-01
    outer loop
      vertex   1.001305e+00 4.896880e+01 2.000000e-01
      vertex   6.149342e-01 4.886527e+01 6.000000e-01
      vertex   1.035379e+00 4.870998e+01 2.000000e-01
    endloop
  endfacet
  facet normal 7.040626e-01 9.269160e-02 7.040626e-01
    outer loop
      vertex   1.035379e+00 4.870998e+01 2.000000e-01
      vertex   6.149342e-01 4.886527e+01 6.000000e-01
      vertex   6.353787e-01 4.870998e+01 6.000000e-01
    endloop
  endfacet
  facet normal -1.948002e-15 7.071068e-01 7.071068e-01
    outer loop
      vertex   -2.463225e+00 4.930998e+01 6.000000e-01
      vertex   3.537870e-02 4.930998e+01 6.000000e-01
      vertex   -2.463225e+00 4.970998e+01 2.000000e-01
    endloop
  endfacet
  facet normal 2.771976e-14 7.071068e-01 7.071068e-01
    outer loop
      vertex   -2.463225e+00 4.970998e+01 2.000000e-01
      vertex   3.537870e-02 4.930998e+01 6.000000e-01
      vertex   3.537870e-02 4.970998e+01 2.000000e-01
    endloop
  endfacet
  facet normal -6.823593e-01 1.945462e-01 7.046542e-01
    outer loop
      vertex   -3.450423e+00 4.886949e+01 2.000000e-01
      vertex   -3.055544e+00 4.880568e+01 6.000000e-01
      vertex   -3.386110e+00 4.909506e+01 2.000000e-01
    endloop
  endfacet
  facet normal -6.823593e-01 1.945462e-01 7.046542e-01
    outer loop
      vertex   -3.386110e+00 4.909506e+01 2.000000e-01
      vertex   -3.055544e+00 4.880568e+01 6.000000e-01
      vertex   -3.016956e+00 4.894103e+01 6.000000e-01
    endloop
  endfacet
  facet normal -6.182703e-01 3.481441e-01 7.046542e-01
    outer loop
      vertex   -3.386110e+00 4.909506e+01 2.000000e-01
      vertex   -3.016956e+00 4.894103e+01 6.000000e-01
      vertex   -3.271022e+00 4.929944e+01 2.000000e-01
    endloop
  endfacet
  facet normal -6.182703e-01 3.481441e-01 7.046542e-01
    outer loop
      vertex   -3.271022e+00 4.929944e+01 2.000000e-01
      vertex   -3.016956e+00 4.894103e+01 6.000000e-01
      vertex   -2.947904e+00 4.906366e+01 6.000000e-01
    endloop
  endfacet
  facet normal -5.201649e-01 4.825878e-01 7.046542e-01
    outer loop
      vertex   -3.271022e+00 4.929944e+01 2.000000e-01
      vertex   -2.947904e+00 4.906366e+01 6.000000e-01
      vertex   -3.111491e+00 4.947140e+01 2.000000e-01
    endloop
  endfacet
  facet normal -5.201649e-01 4.825878e-01 7.046542e-01
    outer loop
      vertex   -3.111491e+00 4.947140e+01 2.000000e-01
      vertex   -2.947904e+00 4.906366e+01 6.000000e-01
      vertex   -2.852184e+00 4.916683e+01 6.000000e-01
    endloop
  endfacet
  facet normal -3.934408e-01 5.904801e-01 7.046542e-01
    outer loop
      vertex   -3.111491e+00 4.947140e+01 2.000000e-01
      vertex   -2.852184e+00 4.916683e+01 6.000000e-01
      vertex   -2.916292e+00 4.960146e+01 2.000000e-01
    endloop
  endfacet
  facet normal -3.934408e-01 5.904801e-01 7.046542e-01
    outer loop
      vertex   -2.916292e+00 4.960146e+01 2.000000e-01
      vertex   -2.852184e+00 4.916683e+01 6.000000e-01
      vertex   -2.735065e+00 4.924487e+01 6.000000e-01
    endloop
  endfacet
  facet normal -2.450702e-01 6.658852e-01 7.046542e-01
    outer loop
      vertex   -2.916292e+00 4.960146e+01 2.000000e-01
      vertex   -2.735065e+00 4.924487e+01 6.000000e-01
      vertex   -2.696167e+00 4.968247e+01 2.000000e-01
    endloop
  endfacet
  facet normal -2.450702e-01 6.658852e-01 7.046542e-01
    outer loop
      vertex   -2.696167e+00 4.968247e+01 2.000000e-01
      vertex   -2.735065e+00 4.924487e+01 6.000000e-01
      vertex   -2.602990e+00 4.929348e+01 6.000000e-01
    endloop
  endfacet
  facet normal -8.321621e-02 7.046542e-01 7.046542e-01
    outer loop
      vertex   -2.696167e+00 4.968247e+01 2.000000e-01
      vertex   -2.602990e+00 4.929348e+01 6.000000e-01
      vertex   -2.463225e+00 4.970998e+01 2.000000e-01
    endloop
  endfacet
  facet normal -8.321621e-02 7.046542e-01 7.046542e-01
    outer loop
      vertex   -2.463225e+00 4.970998e+01 2.000000e-01
      vertex   -2.602990e+00 4.929348e+01 6.000000e-01
      vertex   -2.463225e+00 4.930998e+01 6.000000e-01
    endloop
  endfacet
  facet normal -6.980539e-01 1.127865e-01 7.071068e-01
    outer loop
      vertex   -3.055544e+00 4.880568e+01 6.000000e-01
      vertex   -3.450423e+00 4.886949e+01 2.000000e-01
      vertex   -5.243229e+00 3.526575e+01 6.000000e-01
    endloop
  endfacet
  facet normal -6.980539e-01 1.127865e-01 7.071068e-01
    outer loop
      vertex   -5.243229e+00 3.526575e+01 6.000000e-01
      vertex   -3.450423e+00 4.886949e+01 2.000000e-01
      vertex   -5.632830e+00 3.536222e+01 2.000000e-01
    endloop
  endfacet
  facet normal -7.071068e-01 -6.995917e-09 7.071068e-01
    outer loop
      vertex   -5.410921e+00 2.790813e+01 6.000000e-01
      vertex   -5.410921e+00 3.425998e+01 6.000000e-01
      vertex   -5.810921e+00 2.790813e+01 2.000000e-01
    endloop
  endfacet
  facet normal -7.071068e-01 -6.995914e-09 7.071068e-01
    outer loop
      vertex   -5.810921e+00 2.790813e+01 2.000000e-01
      vertex   -5.410921e+00 3.425998e+01 6.000000e-01
      vertex   -5.810921e+00 3.425998e+01 2.000000e-01
    endloop
  endfacet
  facet normal 1.416230e-01 -6.952977e-01 7.046305e-01
    outer loop
      vertex   -4.234520e+00 2.676869e+01 2.000000e-01
      vertex   -4.359987e+00 2.714850e+01 6.000000e-01
      vertex   -4.511648e+00 2.671224e+01 2.000000e-01
    endloop
  endfacet
  facet normal 1.416230e-01 -6.952977e-01 7.046305e-01
    outer loop
      vertex   -4.511648e+00 2.671224e+01 2.000000e-01
      vertex   -4.359987e+00 2.714850e+01 6.000000e-01
      vertex   -4.544739e+00 2.711087e+01 6.000000e-01
    endloop
  endfacet
  facet normal -2.503796e-02 -7.091326e-01 7.046305e-01
    outer loop
      vertex   -4.511648e+00 2.671224e+01 2.000000e-01
      vertex   -4.544739e+00 2.711087e+01 6.000000e-01
      vertex   -4.794291e+00 2.672222e+01 2.000000e-01
    endloop
  endfacet
  facet normal -2.503796e-02 -7.091326e-01 7.046305e-01
    outer loop
      vertex   -4.794291e+00 2.672222e+01 2.000000e-01
      vertex   -4.544739e+00 2.711087e+01 6.000000e-01
      vertex   -4.733168e+00 2.711753e+01 6.000000e-01
    endloop
  endfacet
  facet normal -1.903081e-01 -6.835779e-01 7.046305e-01
    outer loop
      vertex   -4.794291e+00 2.672222e+01 2.000000e-01
      vertex   -4.733168e+00 2.711753e+01 6.000000e-01
      vertex   -5.066748e+00 2.679808e+01 2.000000e-01
    endloop
  endfacet
  facet normal -1.903081e-01 -6.835779e-01 7.046305e-01
    outer loop
      vertex   -5.066748e+00 2.679808e+01 2.000000e-01
      vertex   -4.733168e+00 2.711753e+01 6.000000e-01
      vertex   -4.914806e+00 2.716809e+01 6.000000e-01
    endloop
  endfacet
  facet normal -3.450074e-01 -6.200531e-01 7.046305e-01
    outer loop
      vertex   -5.066748e+00 2.679808e+01 2.000000e-01
      vertex   -4.914806e+00 2.716809e+01 6.000000e-01
      vertex   -5.313886e+00 2.693559e+01 2.000000e-01
    endloop
  endfacet
  facet normal -3.450074e-01 -6.200531e-01 7.046305e-01
    outer loop
      vertex   -5.313886e+00 2.693559e+01 2.000000e-01
      vertex   -4.914806e+00 2.716809e+01 6.000000e-01
      vertex   -5.079564e+00 2.725977e+01 6.000000e-01
    endloop
  endfacet
  facet normal -4.805428e-01 -5.220867e-01 7.046305e-01
    outer loop
      vertex   -5.313886e+00 2.693559e+01 2.000000e-01
      vertex   -5.079564e+00 2.725977e+01 6.000000e-01
      vertex   -5.521977e+00 2.712712e+01 2.000000e-01
    endloop
  endfacet
  facet normal -4.805428e-01 -5.220867e-01 7.046305e-01
    outer loop
      vertex   -5.521977e+00 2.712712e+01 2.000000e-01
      vertex   -5.079564e+00 2.725977e+01 6.000000e-01
      vertex   -5.218291e+00 2.738746e+01 6.000000e-01
    endloop
  endfacet
  facet normal -5.893859e-01 -3.951204e-01 7.046305e-01
    outer loop
      vertex   -5.521977e+00 2.712712e+01 2.000000e-01
      vertex   -5.218291e+00 2.738746e+01 6.000000e-01
      vertex   -5.679462e+00 2.736203e+01 2.000000e-01
    endloop
  endfacet
  facet normal -5.893859e-01 -3.951204e-01 7.046305e-01
    outer loop
      vertex   -5.679462e+00 2.736203e+01 2.000000e-01
      vertex   -5.218291e+00 2.738746e+01 6.000000e-01
      vertex   -5.323282e+00 2.754407e+01 6.000000e-01
    endloop
  endfacet
  facet normal -6.654909e-01 -2.462067e-01 7.046305e-01
    outer loop
      vertex   -5.679462e+00 2.736203e+01 2.000000e-01
      vertex   -5.323282e+00 2.754407e+01 6.000000e-01
      vertex   -5.777594e+00 2.762728e+01 2.000000e-01
    endloop
  endfacet
  facet normal -6.654909e-01 -2.462067e-01 7.046305e-01
    outer loop
      vertex   -5.777594e+00 2.762728e+01 2.000000e-01
      vertex   -5.323282e+00 2.754407e+01 6.000000e-01
      vertex   -5.388703e+00 2.772090e+01 6.000000e-01
    endloop
  endfacet
  facet normal -7.046305e-01 -8.361709e-02 7.046305e-01
    outer loop
      vertex   -5.777594e+00 2.762728e+01 2.000000e-01
      vertex   -5.388703e+00 2.772090e+01 6.000000e-01
      vertex   -5.810921e+00 2.790813e+01 2.000000e-01
    endloop
  endfacet
  facet normal -7.046305e-01 -8.361709e-02 7.046305e-01
    outer loop
      vertex   -5.810921e+00 2.790813e+01 2.000000e-01
      vertex   -5.388703e+00 2.772090e+01 6.000000e-01
      vertex   -5.410921e+00 2.790813e+01 6.000000e-01
    endloop
  endfacet
  facet normal -5.254434e-01 -4.735580e-01 7.068607e-01
    outer loop
      vertex   1.035829e+01 2.260770e+01 2.000000e-01
      vertex   1.066520e+01 2.286423e+01 6.000000e-01
      vertex   9.684189e+00 2.335566e+01 2.000000e-01
    endloop
  endfacet
  facet normal -5.254434e-01 -4.735580e-01 7.068607e-01
    outer loop
      vertex   9.684189e+00 2.335566e+01 2.000000e-01
      vertex   1.066520e+01 2.286423e+01 6.000000e-01
      vertex   9.971128e+00 2.363435e+01 6.000000e-01
    endloop
  endfacet
  facet normal -4.886859e-01 -5.114040e-01 7.068607e-01
    outer loop
      vertex   9.684189e+00 2.335566e+01 2.000000e-01
      vertex   9.971128e+00 2.363435e+01 6.000000e-01
      vertex   8.956215e+00 2.405130e+01 2.000000e-01
    endloop
  endfacet
  facet normal -4.886859e-01 -5.114040e-01 7.068607e-01
    outer loop
      vertex   8.956215e+00 2.405130e+01 2.000000e-01
      vertex   9.971128e+00 2.363435e+01 6.000000e-01
      vertex   9.221584e+00 2.435060e+01 6.000000e-01
    endloop
  endfacet
  facet normal -4.492099e-01 -5.464050e-01 7.068607e-01
    outer loop
      vertex   8.956215e+00 2.405130e+01 2.000000e-01
      vertex   9.221584e+00 2.435060e+01 6.000000e-01
      vertex   8.178418e+00 2.469074e+01 2.000000e-01
    endloop
  endfacet
  facet normal -4.492099e-01 -5.464050e-01 7.068607e-01
    outer loop
      vertex   8.178418e+00 2.469074e+01 2.000000e-01
      vertex   9.221584e+00 2.435060e+01 6.000000e-01
      vertex   8.420741e+00 2.500898e+01 6.000000e-01
    endloop
  endfacet
  facet normal -4.072349e-01 -5.783664e-01 7.068607e-01
    outer loop
      vertex   8.178418e+00 2.469074e+01 2.000000e-01
      vertex   8.420741e+00 2.500898e+01 6.000000e-01
      vertex   7.355124e+00 2.527043e+01 2.000000e-01
    endloop
  endfacet
  facet normal -4.072349e-01 -5.783664e-01 7.068607e-01
    outer loop
      vertex   7.355124e+00 2.527043e+01 2.000000e-01
      vertex   8.420741e+00 2.500898e+01 6.000000e-01
      vertex   7.573054e+00 2.560585e+01 6.000000e-01
    endloop
  endfacet
  facet normal -3.629945e-01 -6.071103e-01 7.068607e-01
    outer loop
      vertex   7.355124e+00 2.527043e+01 2.000000e-01
      vertex   7.573054e+00 2.560585e+01 6.000000e-01
      vertex   6.490914e+00 2.578715e+01 2.000000e-01
    endloop
  endfacet
  facet normal -3.629945e-01 -6.071103e-01 7.068607e-01
    outer loop
      vertex   6.490914e+00 2.578715e+01 2.000000e-01
      vertex   7.573054e+00 2.560585e+01 6.000000e-01
      vertex   6.683237e+00 2.613788e+01 6.000000e-01
    endloop
  endfacet
  facet normal -3.167347e-01 -6.324769e-01 7.068607e-01
    outer loop
      vertex   6.490914e+00 2.578715e+01 2.000000e-01
      vertex   6.683237e+00 2.613788e+01 6.000000e-01
      vertex   5.590595e+00 2.623801e+01 2.000000e-01
    endloop
  endfacet
  facet normal -3.167347e-01 -6.324769e-01 7.068607e-01
    outer loop
      vertex   5.590595e+00 2.623801e+01 2.000000e-01
      vertex   6.683237e+00 2.613788e+01 6.000000e-01
      vertex   5.756242e+00 2.660210e+01 6.000000e-01
    endloop
  endfacet
  facet normal -2.687130e-01 -6.543251e-01 7.068607e-01
    outer loop
      vertex   5.590595e+00 2.623801e+01 2.000000e-01
      vertex   5.756242e+00 2.660210e+01 6.000000e-01
      vertex   4.659175e+00 2.662052e+01 2.000000e-01
    endloop
  endfacet
  facet normal -2.687130e-01 -6.543251e-01 7.068607e-01
    outer loop
      vertex   4.659175e+00 2.662052e+01 2.000000e-01
      vertex   5.756242e+00 2.660210e+01 6.000000e-01
      vertex   4.797225e+00 2.699594e+01 6.000000e-01
    endloop
  endfacet
  facet normal -2.191964e-01 -6.725332e-01 7.068607e-01
    outer loop
      vertex   4.659175e+00 2.662052e+01 2.000000e-01
      vertex   4.797225e+00 2.699594e+01 6.000000e-01
      vertex   3.701837e+00 2.693254e+01 2.000000e-01
    endloop
  endfacet
  facet normal -2.191964e-01 -6.725332e-01 7.068607e-01
    outer loop
      vertex   3.701837e+00 2.693254e+01 2.000000e-01
      vertex   4.797225e+00 2.699594e+01 6.000000e-01
      vertex   3.811521e+00 2.731721e+01 6.000000e-01
    endloop
  endfacet
  facet normal -1.684604e-01 -6.870000e-01 7.068607e-01
    outer loop
      vertex   3.701837e+00 2.693254e+01 2.000000e-01
      vertex   3.811521e+00 2.731721e+01 6.000000e-01
      vertex   2.723905e+00 2.717234e+01 2.000000e-01
    endloop
  endfacet
  facet normal -1.684604e-01 -6.870000e-01 7.068607e-01
    outer loop
      vertex   2.723905e+00 2.717234e+01 2.000000e-01
      vertex   3.811521e+00 2.731721e+01 6.000000e-01
      vertex   2.804613e+00 2.756412e+01 6.000000e-01
    endloop
  endfacet
  facet normal -1.167872e-01 -6.976451e-01 7.068607e-01
    outer loop
      vertex   2.723905e+00 2.717234e+01 2.000000e-01
      vertex   2.804613e+00 2.756412e+01 6.000000e-01
      vertex   1.730820e+00 2.733859e+01 2.000000e-01
    endloop
  endfacet
  facet normal -1.167872e-01 -6.976451e-01 7.068607e-01
    outer loop
      vertex   1.730820e+00 2.733859e+01 2.000000e-01
      vertex   2.804613e+00 2.756412e+01 6.000000e-01
      vertex   1.782104e+00 2.773529e+01 6.000000e-01
    endloop
  endfacet
  facet normal -6.446444e-02 -7.044092e-01 7.068607e-01
    outer loop
      vertex   1.730820e+00 2.733859e+01 2.000000e-01
      vertex   1.782104e+00 2.773529e+01 6.000000e-01
      vertex   7.281070e-01 2.743035e+01 2.000000e-01
    endloop
  endfacet
  facet normal -6.446444e-02 -7.044092e-01 7.068607e-01
    outer loop
      vertex   7.281070e-01 2.743035e+01 2.000000e-01
      vertex   1.782104e+00 2.773529e+01 6.000000e-01
      vertex   7.496806e-01 2.782977e+01 6.000000e-01
    endloop
  endfacet
  facet normal -1.178301e-02 -7.072546e-01 7.068607e-01
    outer loop
      vertex   7.281070e-01 2.743035e+01 2.000000e-01
      vertex   7.496806e-01 2.782977e+01 6.000000e-01
      vertex   -2.786567e-01 2.744712e+01 2.000000e-01
    endloop
  endfacet
  facet normal -1.178301e-02 -7.072546e-01 7.068607e-01
    outer loop
      vertex   -2.786567e-01 2.744712e+01 2.000000e-01
      vertex   7.496806e-01 2.782977e+01 6.000000e-01
      vertex   -2.869132e-01 2.784704e+01 6.000000e-01
    endloop
  endfacet
  facet normal 4.096397e-02 -7.061656e-01 7.068607e-01
    outer loop
      vertex   -2.786567e-01 2.744712e+01 2.000000e-01
      vertex   -2.869132e-01 2.784704e+01 6.000000e-01
      vertex   -1.283870e+00 2.738881e+01 2.000000e-01
    endloop
  endfacet
  facet normal 4.096397e-02 -7.061656e-01 7.068607e-01
    outer loop
      vertex   -1.283870e+00 2.738881e+01 2.000000e-01
      vertex   -2.869132e-01 2.784704e+01 6.000000e-01
      vertex   -1.321911e+00 2.778700e+01 6.000000e-01
    endloop
  endfacet
  facet normal 9.348306e-02 -7.011482e-01 7.068607e-01
    outer loop
      vertex   -1.283870e+00 2.738881e+01 2.000000e-01
      vertex   -1.321911e+00 2.778700e+01 6.000000e-01
      vertex   -2.281942e+00 2.725574e+01 2.000000e-01
    endloop
  endfacet
  facet normal 9.348306e-02 -7.011482e-01 7.068607e-01
    outer loop
      vertex   -2.281942e+00 2.725574e+01 2.000000e-01
      vertex   -1.321911e+00 2.778700e+01 6.000000e-01
      vertex   -2.349555e+00 2.764999e+01 6.000000e-01
    endloop
  endfacet
  facet normal 1.454821e-01 -6.922304e-01 7.068607e-01
    outer loop
      vertex   -2.281942e+00 2.725574e+01 2.000000e-01
      vertex   -2.349555e+00 2.764999e+01 6.000000e-01
      vertex   -3.267319e+00 2.704865e+01 2.000000e-01
    endloop
  endfacet
  facet normal 1.454821e-01 -6.922304e-01 7.068607e-01
    outer loop
      vertex   -3.267319e+00 2.704865e+01 2.000000e-01
      vertex   -2.349555e+00 2.764999e+01 6.000000e-01
      vertex   -3.364128e+00 2.743676e+01 6.000000e-01
    endloop
  endfacet
  facet normal 1.966718e-01 -6.794616e-01 7.068607e-01
    outer loop
      vertex   -3.267319e+00 2.704865e+01 2.000000e-01
      vertex   -3.364128e+00 2.743676e+01 6.000000e-01
      vertex   -4.234520e+00 2.676869e+01 2.000000e-01
    endloop
  endfacet
  facet normal 1.966718e-01 -6.794616e-01 7.068607e-01
    outer loop
      vertex   -4.234520e+00 2.676869e+01 2.000000e-01
      vertex   -3.364128e+00 2.743676e+01 6.000000e-01
      vertex   -4.359987e+00 2.714850e+01 6.000000e-01
    endloop
  endfacet
  facet normal 3.263375e-01 -6.303109e-01 7.044232e-01
    outer loop
      vertex   1.195727e+01 2.238733e+01 2.000000e-01
      vertex   1.173119e+01 2.271732e+01 6.000000e-01
      vertex   1.169591e+01 2.225202e+01 2.000000e-01
    endloop
  endfacet
  facet normal 3.263375e-01 -6.303109e-01 7.044232e-01
    outer loop
      vertex   1.169591e+01 2.225202e+01 2.000000e-01
      vertex   1.173119e+01 2.271732e+01 6.000000e-01
      vertex   1.155695e+01 2.262710e+01 6.000000e-01
    endloop
  endfacet
  facet normal 1.630998e-01 -6.907868e-01 7.044232e-01
    outer loop
      vertex   1.169591e+01 2.225202e+01 2.000000e-01
      vertex   1.155695e+01 2.262710e+01 6.000000e-01
      vertex   1.140947e+01 2.218439e+01 2.000000e-01
    endloop
  endfacet
  facet normal 1.630998e-01 -6.907868e-01 7.044232e-01
    outer loop
      vertex   1.140947e+01 2.218439e+01 2.000000e-01
      vertex   1.155695e+01 2.262710e+01 6.000000e-01
      vertex   1.136599e+01 2.258202e+01 6.000000e-01
    endloop
  endfacet
  facet normal -9.948668e-03 -7.097105e-01 7.044232e-01
    outer loop
      vertex   1.140947e+01 2.218439e+01 2.000000e-01
      vertex   1.136599e+01 2.258202e+01 6.000000e-01
      vertex   1.111519e+01 2.218851e+01 2.000000e-01
    endloop
  endfacet
  facet normal -9.948668e-03 -7.097105e-01 7.044232e-01
    outer loop
      vertex   1.111519e+01 2.218851e+01 2.000000e-01
      vertex   1.136599e+01 2.258202e+01 6.000000e-01
      vertex   1.116980e+01 2.258477e+01 6.000000e-01
    endloop
  endfacet
  facet normal -1.823987e-01 -6.859437e-01 7.044232e-01
    outer loop
      vertex   1.111519e+01 2.218851e+01 2.000000e-01
      vertex   1.116980e+01 2.258477e+01 6.000000e-01
      vertex   1.083077e+01 2.226415e+01 2.000000e-01
    endloop
  endfacet
  facet normal -1.823987e-01 -6.859437e-01 7.044232e-01
    outer loop
      vertex   1.083077e+01 2.226415e+01 2.000000e-01
      vertex   1.116980e+01 2.258477e+01 6.000000e-01
      vertex   1.098019e+01 2.263519e+01 6.000000e-01
    endloop
  endfacet
  facet normal -3.438771e-01 -6.209159e-01 7.044232e-01
    outer loop
      vertex   1.083077e+01 2.226415e+01 2.000000e-01
      vertex   1.098019e+01 2.263519e+01 6.000000e-01
      vertex   1.057330e+01 2.240673e+01 2.000000e-01
    endloop
  endfacet
  facet normal -3.438771e-01 -6.209159e-01 7.044232e-01
    outer loop
      vertex   1.057330e+01 2.240673e+01 2.000000e-01
      vertex   1.098019e+01 2.263519e+01 6.000000e-01
      vertex   1.080854e+01 2.273025e+01 6.000000e-01
    endloop
  endfacet
  facet normal -4.846706e-01 -5.185387e-01 7.044232e-01
    outer loop
      vertex   1.057330e+01 2.240673e+01 2.000000e-01
      vertex   1.080854e+01 2.273025e+01 6.000000e-01
      vertex   1.035829e+01 2.260770e+01 2.000000e-01
    endloop
  endfacet
  facet normal -4.846706e-01 -5.185387e-01 7.044232e-01
    outer loop
      vertex   1.035829e+01 2.260770e+01 2.000000e-01
      vertex   1.080854e+01 2.273025e+01 6.000000e-01
      vertex   1.066520e+01 2.286423e+01 6.000000e-01
    endloop
  endfacet
  facet normal -1.588314e-01 6.898998e-01 7.062654e-01
    outer loop
      vertex   1.454657e+01 1.564817e+01 6.000000e-01
      vertex   1.507019e+01 1.576872e+01 6.000000e-01
      vertex   1.448390e+01 1.604323e+01 2.000000e-01
    endloop
  endfacet
  facet normal -1.621987e-01 6.864640e-01 7.088432e-01
    outer loop
      vertex   1.448390e+01 1.604323e+01 2.000000e-01
      vertex   1.507019e+01 1.576872e+01 6.000000e-01
      vertex   1.499222e+01 1.616334e+01 2.000000e-01
    endloop
  endfacet
  facet normal -2.529493e-01 6.636250e-01 7.040018e-01
    outer loop
      vertex   1.499222e+01 1.616334e+01 2.000000e-01
      vertex   1.507019e+01 1.576872e+01 6.000000e-01
      vertex   1.557227e+01 1.596010e+01 6.000000e-01
    endloop
  endfacet
  facet normal -2.617073e-01 6.525799e-01 7.110899e-01
    outer loop
      vertex   1.499222e+01 1.616334e+01 2.000000e-01
      vertex   1.557227e+01 1.596010e+01 6.000000e-01
      vertex   1.547700e+01 1.635776e+01 2.000000e-01
    endloop
  endfacet
  facet normal -3.426499e-01 6.241794e-01 7.021332e-01
    outer loop
      vertex   1.547700e+01 1.635776e+01 2.000000e-01
      vertex   1.557227e+01 1.596010e+01 6.000000e-01
      vertex   1.604328e+01 1.621866e+01 6.000000e-01
    endloop
  endfacet
  facet normal -3.549936e-01 6.048083e-01 7.128720e-01
    outer loop
      vertex   1.547700e+01 1.635776e+01 2.000000e-01
      vertex   1.604328e+01 1.621866e+01 6.000000e-01
      vertex   1.592746e+01 1.662215e+01 2.000000e-01
    endloop
  endfacet
  facet normal -4.260487e-01 5.723152e-01 7.006695e-01
    outer loop
      vertex   1.592746e+01 1.662215e+01 2.000000e-01
      vertex   1.604328e+01 1.621866e+01 6.000000e-01
      vertex   1.647428e+01 1.653951e+01 6.000000e-01
    endloop
  endfacet
  facet normal -4.401961e-01 5.441931e-01 7.141998e-01
    outer loop
      vertex   1.592746e+01 1.662215e+01 2.000000e-01
      vertex   1.647428e+01 1.653951e+01 6.000000e-01
      vertex   1.633355e+01 1.695064e+01 2.000000e-01
    endloop
  endfacet
  facet normal -5.013906e-01 5.090594e-01 6.996185e-01
    outer loop
      vertex   1.633355e+01 1.695064e+01 2.000000e-01
      vertex   1.647428e+01 1.653951e+01 6.000000e-01
      vertex   1.685709e+01 1.691656e+01 6.000000e-01
    endloop
  endfacet
  facet normal -5.156158e-01 4.720167e-01 7.150808e-01
    outer loop
      vertex   1.633355e+01 1.695064e+01 2.000000e-01
      vertex   1.685709e+01 1.691656e+01 6.000000e-01
      vertex   1.668624e+01 1.733590e+01 2.000000e-01
    endloop
  endfacet
  facet normal -5.670909e-01 4.356915e-01 6.989856e-01
    outer loop
      vertex   1.668624e+01 1.733590e+01 2.000000e-01
      vertex   1.685709e+01 1.691656e+01 6.000000e-01
      vertex   1.718444e+01 1.734264e+01 6.000000e-01
    endloop
  endfacet
  facet normal -5.797453e-01 3.897773e-01 7.155201e-01
    outer loop
      vertex   1.668624e+01 1.733590e+01 2.000000e-01
      vertex   1.718444e+01 1.734264e+01 6.000000e-01
      vertex   1.697766e+01 1.776936e+01 2.000000e-01
    endloop
  endfacet
  facet normal -6.217722e-01 3.537145e-01 6.987742e-01
    outer loop
      vertex   1.697766e+01 1.776936e+01 2.000000e-01
      vertex   1.718444e+01 1.734264e+01 6.000000e-01
      vertex   1.745013e+01 1.780967e+01 6.000000e-01
    endloop
  endfacet
  facet normal -6.312953e-01 2.991609e-01 7.155201e-01
    outer loop
      vertex   1.697766e+01 1.776936e+01 2.000000e-01
      vertex   1.745013e+01 1.780967e+01 6.000000e-01
      vertex   1.720133e+01 1.824136e+01 2.000000e-01
    endloop
  endfacet
  facet normal -6.642958e-01 2.648212e-01 6.989856e-01
    outer loop
      vertex   1.720133e+01 1.824136e+01 2.000000e-01
      vertex   1.745013e+01 1.780967e+01 6.000000e-01
      vertex   1.764910e+01 1.830878e+01 6.000000e-01
    endloop
  endfacet
  facet normal -6.692164e-01 2.020120e-01 7.150808e-01
    outer loop
      vertex   1.720133e+01 1.824136e+01 2.000000e-01
      vertex   1.764910e+01 1.830878e+01 6.000000e-01
      vertex   1.735227e+01 1.874139e+01 2.000000e-01
    endloop
  endfacet
  facet normal -6.937885e-01 1.708554e-01 6.996185e-01
    outer loop
      vertex   1.735227e+01 1.874139e+01 2.000000e-01
      vertex   1.764910e+01 1.830878e+01 6.000000e-01
      vertex   1.777758e+01 1.883051e+01 6.000000e-01
    endloop
  endfacet
  facet normal -6.927182e-01 1.003005e-01 7.141998e-01
    outer loop
      vertex   1.735227e+01 1.874139e+01 2.000000e-01
      vertex   1.777758e+01 1.883051e+01 6.000000e-01
      vertex   1.742712e+01 1.925832e+01 2.000000e-01
    endloop
  endfacet
  facet normal -7.096621e-01 7.376923e-02 7.006695e-01
    outer loop
      vertex   1.742712e+01 1.925832e+01 2.000000e-01
      vertex   1.777758e+01 1.883051e+01 6.000000e-01
      vertex   1.783314e+01 1.936494e+01 6.000000e-01
    endloop
  endfacet
  facet normal -7.012833e-01 -3.912325e-03 7.128720e-01
    outer loop
      vertex   1.742712e+01 1.925832e+01 2.000000e-01
      vertex   1.783314e+01 1.936494e+01 6.000000e-01
      vertex   1.742421e+01 1.978063e+01 2.000000e-01
    endloop
  endfacet
  facet normal -7.116267e-01 -2.442133e-02 7.021332e-01
    outer loop
      vertex   1.742421e+01 1.978063e+01 2.000000e-01
      vertex   1.783314e+01 1.936494e+01 6.000000e-01
      vertex   1.781471e+01 1.990194e+01 6.000000e-01
    endloop
  endfacet
  facet normal -6.946774e-01 -1.085107e-01 7.110899e-01
    outer loop
      vertex   1.742421e+01 1.978063e+01 2.000000e-01
      vertex   1.781471e+01 1.990194e+01 6.000000e-01
      vertex   1.734360e+01 2.029668e+01 2.000000e-01
    endloop
  endfacet
  facet normal -6.996962e-01 -1.216829e-01 7.040018e-01
    outer loop
      vertex   1.734360e+01 2.029668e+01 2.000000e-01
      vertex   1.781471e+01 1.990194e+01 6.000000e-01
      vertex   1.772265e+01 2.043131e+01 6.000000e-01
    endloop
  endfacet
  facet normal -6.729545e-01 -2.113611e-01 7.088432e-01
    outer loop
      vertex   1.734360e+01 2.029668e+01 2.000000e-01
      vertex   1.772265e+01 2.043131e+01 6.000000e-01
      vertex   1.718709e+01 2.079500e+01 2.000000e-01
    endloop
  endfacet
  facet normal -6.741871e-01 -2.160113e-01 7.062654e-01
    outer loop
      vertex   1.718709e+01 2.079500e+01 2.000000e-01
      vertex   1.772265e+01 2.043131e+01 6.000000e-01
      vertex   1.755870e+01 2.094300e+01 6.000000e-01
    endloop
  endfacet
  facet normal -6.380989e-01 -3.066252e-01 7.062654e-01
    outer loop
      vertex   1.718709e+01 2.079500e+01 2.000000e-01
      vertex   1.755870e+01 2.094300e+01 6.000000e-01
      vertex   1.732598e+01 2.142730e+01 6.000000e-01
    endloop
  endfacet
  facet normal -6.340068e-01 -3.091548e-01 7.088432e-01
    outer loop
      vertex   1.718709e+01 2.079500e+01 2.000000e-01
      vertex   1.732598e+01 2.142730e+01 6.000000e-01
      vertex   1.695816e+01 2.126448e+01 2.000000e-01
    endloop
  endfacet
  facet normal -5.917743e-01 -3.926635e-01 7.040018e-01
    outer loop
      vertex   1.695816e+01 2.126448e+01 2.000000e-01
      vertex   1.732598e+01 2.142730e+01 6.000000e-01
      vertex   1.702890e+01 2.187502e+01 6.000000e-01
    endloop
  endfacet
  facet normal -5.790740e-01 -3.987788e-01 7.110899e-01
    outer loop
      vertex   1.695816e+01 2.126448e+01 2.000000e-01
      vertex   1.702890e+01 2.187502e+01 6.000000e-01
      vertex   1.666192e+01 2.169466e+01 2.000000e-01
    endloop
  endfacet
  facet normal -5.335725e-01 -4.714968e-01 7.021332e-01
    outer loop
      vertex   1.666192e+01 2.169466e+01 2.000000e-01
      vertex   1.702890e+01 2.187502e+01 6.000000e-01
      vertex   1.667311e+01 2.227766e+01 6.000000e-01
    endloop
  endfacet
  facet normal -5.119615e-01 -4.792796e-01 7.128720e-01
    outer loop
      vertex   1.666192e+01 2.169466e+01 2.000000e-01
      vertex   1.667311e+01 2.227766e+01 6.000000e-01
      vertex   1.630496e+01 2.207596e+01 2.000000e-01
    endloop
  endfacet
  facet normal -4.646415e-01 -5.414522e-01 7.006695e-01
    outer loop
      vertex   1.630496e+01 2.207596e+01 2.000000e-01
      vertex   1.667311e+01 2.227766e+01 6.000000e-01
      vertex   1.626535e+01 2.262757e+01 6.000000e-01
    endloop
  endfacet
  facet normal -4.340970e-01 -5.490706e-01 7.141998e-01
    outer loop
      vertex   1.630496e+01 2.207596e+01 2.000000e-01
      vertex   1.626535e+01 2.262757e+01 6.000000e-01
      vertex   1.589522e+01 2.239989e+01 2.000000e-01
    endloop
  endfacet
  facet normal -3.863689e-01 -6.010433e-01 6.996185e-01
    outer loop
      vertex   1.589522e+01 2.239989e+01 2.000000e-01
      vertex   1.626535e+01 2.262757e+01 6.000000e-01
      vertex   1.581337e+01 2.291812e+01 6.000000e-01
    endloop
  endfacet
  facet normal -3.471050e-01 -6.067763e-01 7.150808e-01
    outer loop
      vertex   1.589522e+01 2.239989e+01 2.000000e-01
      vertex   1.581337e+01 2.291812e+01 6.000000e-01
      vertex   1.544185e+01 2.265925e+01 2.000000e-01
    endloop
  endfacet
  facet normal -3.003513e-01 -6.490056e-01 6.989856e-01
    outer loop
      vertex   1.544185e+01 2.265925e+01 2.000000e-01
      vertex   1.581337e+01 2.291812e+01 6.000000e-01
      vertex   1.532574e+01 2.314378e+01 6.000000e-01
    endloop
  endfacet
  facet normal -2.527784e-01 -6.512557e-01 7.155201e-01
    outer loop
      vertex   1.544185e+01 2.265925e+01 2.000000e-01
      vertex   1.532574e+01 2.314378e+01 6.000000e-01
      vertex   1.495492e+01 2.284824e+01 2.000000e-01
    endloop
  endfacet
  facet normal -2.083581e-01 -6.843256e-01 6.987742e-01
    outer loop
      vertex   1.495492e+01 2.284824e+01 2.000000e-01
      vertex   1.532574e+01 2.314378e+01 6.000000e-01
      vertex   1.481172e+01 2.330029e+01 6.000000e-01
    endloop
  endfacet
  facet normal -1.530456e-01 -6.816216e-01 7.155201e-01
    outer loop
      vertex   1.495492e+01 2.284824e+01 2.000000e-01
      vertex   1.481172e+01 2.330029e+01 6.000000e-01
      vertex   1.444529e+01 2.296267e+01 2.000000e-01
    endloop
  endfacet
  facet normal -1.122907e-01 -7.062648e-01 6.989856e-01
    outer loop
      vertex   1.444529e+01 2.296267e+01 2.000000e-01
      vertex   1.481172e+01 2.330029e+01 6.000000e-01
      vertex   1.428108e+01 2.338466e+01 6.000000e-01
    endloop
  endfacet
  facet normal -4.993641e-02 -6.972559e-01 7.150808e-01
    outer loop
      vertex   1.444529e+01 2.296267e+01 2.000000e-01
      vertex   1.428108e+01 2.338466e+01 6.000000e-01
      vertex   1.392431e+01 2.299998e+01 2.000000e-01
    endloop
  endfacet
  facet normal -1.413985e-02 -7.143767e-01 6.996185e-01
    outer loop
      vertex   1.392431e+01 2.299998e+01 2.000000e-01
      vertex   1.428108e+01 2.338466e+01 6.000000e-01
      vertex   1.374387e+01 2.339529e+01 6.000000e-01
    endloop
  endfacet
  facet normal 5.445339e-02 -6.978205e-01 7.141998e-01
    outer loop
      vertex   1.392431e+01 2.299998e+01 2.000000e-01
      vertex   1.374387e+01 2.339529e+01 6.000000e-01
      vertex   1.340358e+01 2.295935e+01 2.000000e-01
    endloop
  endfacet
  facet normal 8.406076e-02 -7.085168e-01 7.006695e-01
    outer loop
      vertex   1.340358e+01 2.295935e+01 2.000000e-01
      vertex   1.374387e+01 2.339529e+01 6.000000e-01
      vertex   1.321030e+01 2.333199e+01 6.000000e-01
    endloop
  endfacet
  facet normal 1.579994e-01 -6.832640e-01 7.128720e-01
    outer loop
      vertex   1.340358e+01 2.295935e+01 2.000000e-01
      vertex   1.321030e+01 2.333199e+01 6.000000e-01
      vertex   1.289469e+01 2.284167e+01 2.000000e-01
    endloop
  endfacet
  facet normal 1.802807e-01 -6.888453e-01 7.021332e-01
    outer loop
      vertex   1.289469e+01 2.284167e+01 2.000000e-01
      vertex   1.321030e+01 2.333199e+01 6.000000e-01
      vertex   1.269049e+01 2.319594e+01 6.000000e-01
    endloop
  endfacet
  facet normal 2.585861e-01 -6.538229e-01 7.110899e-01
    outer loop
      vertex   1.289469e+01 2.284167e+01 2.000000e-01
      vertex   1.269049e+01 2.319594e+01 6.000000e-01
      vertex   1.240898e+01 2.264957e+01 2.000000e-01
    endloop
  endfacet
  facet normal 2.725395e-01 -6.558229e-01 7.040018e-01
    outer loop
      vertex   1.240898e+01 2.264957e+01 2.000000e-01
      vertex   1.269049e+01 2.319594e+01 6.000000e-01
      vertex   1.219431e+01 2.298975e+01 6.000000e-01
    endloop
  endfacet
  facet normal 3.541440e-01 -6.100191e-01 7.088432e-01
    outer loop
      vertex   1.240898e+01 2.264957e+01 2.000000e-01
      vertex   1.219431e+01 2.298975e+01 6.000000e-01
      vertex   1.195727e+01 2.238733e+01 2.000000e-01
    endloop
  endfacet
  facet normal 3.589514e-01 -6.101992e-01 7.062654e-01
    outer loop
      vertex   1.195727e+01 2.238733e+01 2.000000e-01
      vertex   1.219431e+01 2.298975e+01 6.000000e-01
      vertex   1.173119e+01 2.271732e+01 6.000000e-01
    endloop
  endfacet
  facet normal -7.084546e-01 4.335980e-02 7.044232e-01
    outer loop
      vertex   1.347422e+01 1.478393e+01 2.000000e-01
      vertex   1.387345e+01 1.480864e+01 6.000000e-01
      vertex   1.349220e+01 1.507769e+01 2.000000e-01
    endloop
  endfacet
  facet normal -7.084546e-01 4.335980e-02 7.044232e-01
    outer loop
      vertex   1.349220e+01 1.507769e+01 2.000000e-01
      vertex   1.387345e+01 1.480864e+01 6.000000e-01
      vertex   1.388544e+01 1.500448e+01 6.000000e-01
    endloop
  endfacet
  facet normal -6.765930e-01 2.144993e-01 7.044232e-01
    outer loop
      vertex   1.349220e+01 1.507769e+01 2.000000e-01
      vertex   1.388544e+01 1.500448e+01 6.000000e-01
      vertex   1.358114e+01 1.535824e+01 2.000000e-01
    endloop
  endfacet
  facet normal -6.765930e-01 2.144993e-01 7.044232e-01
    outer loop
      vertex   1.358114e+01 1.535824e+01 2.000000e-01
      vertex   1.388544e+01 1.500448e+01 6.000000e-01
      vertex   1.394474e+01 1.519151e+01 6.000000e-01
    endloop
  endfacet
  facet normal -6.040329e-01 3.727362e-01 7.044232e-01
    outer loop
      vertex   1.358114e+01 1.535824e+01 2.000000e-01
      vertex   1.394474e+01 1.519151e+01 6.000000e-01
      vertex   1.373570e+01 1.560870e+01 2.000000e-01
    endloop
  endfacet
  facet normal -6.040329e-01 3.727362e-01 7.044232e-01
    outer loop
      vertex   1.373570e+01 1.560870e+01 2.000000e-01
      vertex   1.394474e+01 1.519151e+01 6.000000e-01
      vertex   1.404777e+01 1.535849e+01 6.000000e-01
    endloop
  endfacet
  facet normal -4.951390e-01 5.085522e-01 7.044232e-01
    outer loop
      vertex   1.373570e+01 1.560870e+01 2.000000e-01
      vertex   1.404777e+01 1.535849e+01 6.000000e-01
      vertex   1.394657e+01 1.581401e+01 2.000000e-01
    endloop
  endfacet
  facet normal -4.951390e-01 5.085522e-01 7.044232e-01
    outer loop
      vertex   1.394657e+01 1.581401e+01 2.000000e-01
      vertex   1.404777e+01 1.535849e+01 6.000000e-01
      vertex   1.418835e+01 1.549536e+01 6.000000e-01
    endloop
  endfacet
  facet normal -3.564615e-01 6.137778e-01 7.044232e-01
    outer loop
      vertex   1.394657e+01 1.581401e+01 2.000000e-01
      vertex   1.418835e+01 1.549536e+01 6.000000e-01
      vertex   1.420107e+01 1.596182e+01 2.000000e-01
    endloop
  endfacet
  facet normal -3.564615e-01 6.137778e-01 7.044232e-01
    outer loop
      vertex   1.420107e+01 1.596182e+01 2.000000e-01
      vertex   1.418835e+01 1.549536e+01 6.000000e-01
      vertex   1.435802e+01 1.559390e+01 6.000000e-01
    endloop
  endfacet
  facet normal -1.963421e-01 6.820834e-01 7.044232e-01
    outer loop
      vertex   1.420107e+01 1.596182e+01 2.000000e-01
      vertex   1.435802e+01 1.559390e+01 6.000000e-01
      vertex   1.448390e+01 1.604323e+01 2.000000e-01
    endloop
  endfacet
  facet normal -1.963421e-01 6.820834e-01 7.044232e-01
    outer loop
      vertex   1.448390e+01 1.604323e+01 2.000000e-01
      vertex   1.435802e+01 1.559390e+01 6.000000e-01
      vertex   1.454657e+01 1.564817e+01 6.000000e-01
    endloop
  endfacet
  facet normal -4.607277e-01 5.367225e-01 7.068656e-01
    outer loop
      vertex   8.408956e+00 3.388776e+00 2.000000e-01
      vertex   8.658110e+00 3.075850e+00 6.000000e-01
      vertex   9.165374e+00 4.038092e+00 2.000000e-01
    endloop
  endfacet
  facet normal -4.607277e-01 5.367225e-01 7.068656e-01
    outer loop
      vertex   9.165374e+00 4.038092e+00 2.000000e-01
      vertex   8.658110e+00 3.075850e+00 6.000000e-01
      vertex   9.436941e+00 3.744406e+00 6.000000e-01
    endloop
  endfacet
  facet normal -4.990779e-01 5.012607e-01 7.068656e-01
    outer loop
      vertex   9.165374e+00 4.038092e+00 2.000000e-01
      vertex   9.436941e+00 3.744406e+00 6.000000e-01
      vertex   9.871815e+00 4.741457e+00 2.000000e-01
    endloop
  endfacet
  facet normal -4.990779e-01 5.012607e-01 7.068656e-01
    outer loop
      vertex   9.871815e+00 4.741457e+00 2.000000e-01
      vertex   9.436941e+00 3.744406e+00 6.000000e-01
      vertex   1.016431e+01 4.468612e+00 6.000000e-01
    endloop
  endfacet
  facet normal -5.347068e-01 4.630655e-01 7.068656e-01
    outer loop
      vertex   9.871815e+00 4.741457e+00 2.000000e-01
      vertex   1.016431e+01 4.468612e+00 6.000000e-01
      vertex   1.052443e+01 5.495035e+00 2.000000e-01
    endloop
  endfacet
  facet normal -5.347068e-01 4.630655e-01 7.068656e-01
    outer loop
      vertex   1.052443e+01 5.495035e+00 2.000000e-01
      vertex   1.016431e+01 4.468612e+00 6.000000e-01
      vertex   1.083626e+01 5.244517e+00 6.000000e-01
    endloop
  endfacet
  facet normal -5.674200e-01 4.223454e-01 7.068656e-01
    outer loop
      vertex   1.052443e+01 5.495035e+00 2.000000e-01
      vertex   1.083626e+01 5.244517e+00 6.000000e-01
      vertex   1.111965e+01 6.294716e+00 2.000000e-01
    endloop
  endfacet
  facet normal -5.674200e-01 4.223454e-01 7.068656e-01
    outer loop
      vertex   1.111965e+01 6.294716e+00 2.000000e-01
      vertex   1.083626e+01 5.244517e+00 6.000000e-01
      vertex   1.144912e+01 6.067893e+00 6.000000e-01
    endloop
  endfacet
  facet normal -5.970391e-01 3.793223e-01 7.068656e-01
    outer loop
      vertex   1.111965e+01 6.294716e+00 2.000000e-01
      vertex   1.144912e+01 6.067893e+00 6.000000e-01
      vertex   1.165424e+01 7.136141e+00 2.000000e-01
    endloop
  endfacet
  facet normal -5.970391e-01 3.793223e-01 7.068656e-01
    outer loop
      vertex   1.165424e+01 7.136141e+00 2.000000e-01
      vertex   1.144912e+01 6.067893e+00 6.000000e-01
      vertex   1.199955e+01 6.934249e+00 6.000000e-01
    endloop
  endfacet
  facet normal -6.234026e-01 3.342307e-01 7.068656e-01
    outer loop
      vertex   1.165424e+01 7.136141e+00 2.000000e-01
      vertex   1.199955e+01 6.934249e+00 6.000000e-01
      vertex   1.212528e+01 8.014720e+00 2.000000e-01
    endloop
  endfacet
  facet normal -6.234026e-01 3.342307e-01 7.068656e-01
    outer loop
      vertex   1.212528e+01 8.014720e+00 2.000000e-01
      vertex   1.199955e+01 6.934249e+00 6.000000e-01
      vertex   1.248455e+01 7.838860e+00 6.000000e-01
    endloop
  endfacet
  facet normal -6.463669e-01 2.873167e-01 7.068656e-01
    outer loop
      vertex   1.212528e+01 8.014720e+00 2.000000e-01
      vertex   1.248455e+01 7.838860e+00 6.000000e-01
      vertex   1.253021e+01 8.925664e+00 2.000000e-01
    endloop
  endfacet
  facet normal -6.463669e-01 2.873167e-01 7.068656e-01
    outer loop
      vertex   1.253021e+01 8.925664e+00 2.000000e-01
      vertex   1.248455e+01 7.838860e+00 6.000000e-01
      vertex   1.290147e+01 8.776794e+00 6.000000e-01
    endloop
  endfacet
  facet normal -6.658066e-01 2.388360e-01 7.068656e-01
    outer loop
      vertex   1.253021e+01 8.925664e+00 2.000000e-01
      vertex   1.290147e+01 8.776794e+00 6.000000e-01
      vertex   1.286680e+01 9.864004e+00 2.000000e-01
    endloop
  endfacet
  facet normal -6.658066e-01 2.388360e-01 7.068656e-01
    outer loop
      vertex   1.286680e+01 9.864004e+00 2.000000e-01
      vertex   1.290147e+01 8.776794e+00 6.000000e-01
      vertex   1.324804e+01 9.742938e+00 6.000000e-01
    endloop
  endfacet
  facet normal -6.816158e-01 1.890529e-01 7.068656e-01
    outer loop
      vertex   1.286680e+01 9.864004e+00 2.000000e-01
      vertex   1.324804e+01 9.742938e+00 6.000000e-01
      vertex   1.313324e+01 1.082462e+01 2.000000e-01
    endloop
  endfacet
  facet normal -6.816158e-01 1.890529e-01 7.068656e-01
    outer loop
      vertex   1.313324e+01 1.082462e+01 2.000000e-01
      vertex   1.324804e+01 9.742938e+00 6.000000e-01
      vertex   1.352237e+01 1.073202e+01 6.000000e-01
    endloop
  endfacet
  facet normal -6.937082e-01 1.382390e-01 7.068656e-01
    outer loop
      vertex   1.313324e+01 1.082462e+01 2.000000e-01
      vertex   1.352237e+01 1.073202e+01 6.000000e-01
      vertex   1.332807e+01 1.180229e+01 2.000000e-01
    endloop
  endfacet
  facet normal -6.937082e-01 1.382390e-01 7.068656e-01
    outer loop
      vertex   1.332807e+01 1.180229e+01 2.000000e-01
      vertex   1.352237e+01 1.073202e+01 6.000000e-01
      vertex   1.372297e+01 1.173865e+01 6.000000e-01
    endloop
  endfacet
  facet normal -7.020179e-01 8.667123e-02 7.068656e-01
    outer loop
      vertex   1.332807e+01 1.180229e+01 2.000000e-01
      vertex   1.372297e+01 1.173865e+01 6.000000e-01
      vertex   1.345021e+01 1.279166e+01 2.000000e-01
    endloop
  endfacet
  facet normal -7.020179e-01 8.667123e-02 7.068656e-01
    outer loop
      vertex   1.345021e+01 1.279166e+01 2.000000e-01
      vertex   1.372297e+01 1.173865e+01 6.000000e-01
      vertex   1.384874e+01 1.275734e+01 6.000000e-01
    endloop
  endfacet
  facet normal -7.064996e-01 3.463089e-02 7.068656e-01
    outer loop
      vertex   1.345021e+01 1.279166e+01 2.000000e-01
      vertex   1.384874e+01 1.275734e+01 6.000000e-01
      vertex   1.349902e+01 1.378735e+01 2.000000e-01
    endloop
  endfacet
  facet normal -7.064996e-01 3.463089e-02 7.068656e-01
    outer loop
      vertex   1.349902e+01 1.378735e+01 2.000000e-01
      vertex   1.384874e+01 1.275734e+01 6.000000e-01
      vertex   1.389899e+01 1.378253e+01 6.000000e-01
    endloop
  endfacet
  facet normal -7.071289e-01 -1.759829e-02 7.068656e-01
    outer loop
      vertex   1.349902e+01 1.378735e+01 2.000000e-01
      vertex   1.389899e+01 1.378253e+01 6.000000e-01
      vertex   1.347422e+01 1.478393e+01 2.000000e-01
    endloop
  endfacet
  facet normal -7.071289e-01 -1.759829e-02 7.068656e-01
    outer loop
      vertex   1.347422e+01 1.478393e+01 2.000000e-01
      vertex   1.389899e+01 1.378253e+01 6.000000e-01
      vertex   1.387345e+01 1.480864e+01 6.000000e-01
    endloop
  endfacet
  facet normal -8.740864e-02 -7.044004e-01 7.044004e-01
    outer loop
      vertex   9.156419e+00 1.250000e+00 2.000000e-01
      vertex   9.156419e+00 1.650000e+00 6.000000e-01
      vertex   8.863120e+00 1.286395e+00 2.000000e-01
    endloop
  endfacet
  facet normal -8.740864e-02 -7.044004e-01 7.044004e-01
    outer loop
      vertex   8.863120e+00 1.286395e+00 2.000000e-01
      vertex   9.156419e+00 1.650000e+00 6.000000e-01
      vertex   8.960886e+00 1.674263e+00 6.000000e-01
    endloop
  endfacet
  facet normal -2.569238e-01 -6.616723e-01 7.044004e-01
    outer loop
      vertex   8.863120e+00 1.286395e+00 2.000000e-01
      vertex   8.960886e+00 1.674263e+00 6.000000e-01
      vertex   8.587613e+00 1.393373e+00 2.000000e-01
    endloop
  endfacet
  facet normal -2.569238e-01 -6.616723e-01 7.044004e-01
    outer loop
      vertex   8.587613e+00 1.393373e+00 2.000000e-01
      vertex   8.960886e+00 1.674263e+00 6.000000e-01
      vertex   8.777215e+00 1.745582e+00 6.000000e-01
    endloop
  endfacet
  facet normal -4.108544e-01 -5.788081e-01 7.044004e-01
    outer loop
      vertex   8.587613e+00 1.393373e+00 2.000000e-01
      vertex   8.777215e+00 1.745582e+00 6.000000e-01
      vertex   8.346609e+00 1.564445e+00 2.000000e-01
    endloop
  endfacet
  facet normal -4.108544e-01 -5.788081e-01 7.044004e-01
    outer loop
      vertex   8.346609e+00 1.564445e+00 2.000000e-01
      vertex   8.777215e+00 1.745582e+00 6.000000e-01
      vertex   8.616545e+00 1.859630e+00 6.000000e-01
    endloop
  endfacet
  facet normal -5.398630e-01 -4.608341e-01 7.044004e-01
    outer loop
      vertex   8.346609e+00 1.564445e+00 2.000000e-01
      vertex   8.616545e+00 1.859630e+00 6.000000e-01
      vertex   8.154726e+00 1.789233e+00 2.000000e-01
    endloop
  endfacet
  facet normal -5.398630e-01 -4.608341e-01 7.044004e-01
    outer loop
      vertex   8.154726e+00 1.789233e+00 2.000000e-01
      vertex   8.616545e+00 1.859630e+00 6.000000e-01
      vertex   8.488624e+00 2.009489e+00 6.000000e-01
    endloop
  endfacet
  facet normal -6.361242e-01 -3.149066e-01 7.044004e-01
    outer loop
      vertex   8.154726e+00 1.789233e+00 2.000000e-01
      vertex   8.488624e+00 2.009489e+00 6.000000e-01
      vertex   8.023606e+00 2.054103e+00 2.000000e-01
    endloop
  endfacet
  facet normal -6.361242e-01 -3.149066e-01 7.044004e-01
    outer loop
      vertex   8.023606e+00 2.054103e+00 2.000000e-01
      vertex   8.488624e+00 2.009489e+00 6.000000e-01
      vertex   8.401210e+00 2.186068e+00 6.000000e-01
    endloop
  endfacet
  facet normal -6.937989e-01 -1.498771e-01 7.044004e-01
    outer loop
      vertex   8.023606e+00 2.054103e+00 2.000000e-01
      vertex   8.401210e+00 2.186068e+00 6.000000e-01
      vertex   7.961200e+00 2.342987e+00 2.000000e-01
    endloop
  endfacet
  facet normal -6.937989e-01 -1.498771e-01 7.044004e-01
    outer loop
      vertex   7.961200e+00 2.342987e+00 2.000000e-01
      vertex   8.401210e+00 2.186068e+00 6.000000e-01
      vertex   8.359606e+00 2.378658e+00 6.000000e-01
    endloop
  endfacet
  facet normal -7.093887e-01 2.424363e-02 7.044004e-01
    outer loop
      vertex   7.961200e+00 2.342987e+00 2.000000e-01
      vertex   8.359606e+00 2.378658e+00 6.000000e-01
      vertex   7.971294e+00 2.638362e+00 2.000000e-01
    endloop
  endfacet
  facet normal -7.093887e-01 2.424363e-02 7.044004e-01
    outer loop
      vertex   7.971294e+00 2.638362e+00 2.000000e-01
      vertex   8.359606e+00 2.378658e+00 6.000000e-01
      vertex   8.366336e+00 2.575575e+00 6.000000e-01
    endloop
  endfacet
  facet normal -6.819479e-01 1.968938e-01 7.044004e-01
    outer loop
      vertex   7.971294e+00 2.638362e+00 2.000000e-01
      vertex   8.366336e+00 2.575575e+00 6.000000e-01
      vertex   8.053277e+00 2.922312e+00 2.000000e-01
    endloop
  endfacet
  facet normal -6.819479e-01 1.968938e-01 7.044004e-01
    outer loop
      vertex   8.053277e+00 2.922312e+00 2.000000e-01
      vertex   8.366336e+00 2.575575e+00 6.000000e-01
      vertex   8.420991e+00 2.764875e+00 6.000000e-01
    endloop
  endfacet
  facet normal -6.131410e-01 3.576007e-01 7.044004e-01
    outer loop
      vertex   8.053277e+00 2.922312e+00 2.000000e-01
      vertex   8.420991e+00 2.764875e+00 6.000000e-01
      vertex   8.202175e+00 3.177612e+00 2.000000e-01
    endloop
  endfacet
  facet normal -6.131410e-01 3.576007e-01 7.044004e-01
    outer loop
      vertex   8.202175e+00 3.177612e+00 2.000000e-01
      vertex   8.420991e+00 2.764875e+00 6.000000e-01
      vertex   8.520256e+00 2.935074e+00 6.000000e-01
    endloop
  endfacet
  facet normal -5.071418e-01 4.966159e-01 7.044004e-01
    outer loop
      vertex   8.202175e+00 3.177612e+00 2.000000e-01
      vertex   8.520256e+00 2.935074e+00 6.000000e-01
      vertex   8.408956e+00 3.388776e+00 2.000000e-01
    endloop
  endfacet
  facet normal -5.071418e-01 4.966159e-01 7.044004e-01
    outer loop
      vertex   8.408956e+00 3.388776e+00 2.000000e-01
      vertex   8.520256e+00 2.935074e+00 6.000000e-01
      vertex   8.658110e+00 3.075850e+00 6.000000e-01
    endloop
  endfacet
  facet normal -1.662523e-16 -7.071068e-01 7.071068e-01
    outer loop
      vertex   2.993330e+01 1.650000e+00 6.000000e-01
      vertex   9.156419e+00 1.650000e+00 6.000000e-01
      vertex   2.991772e+01 1.250000e+00 2.000000e-01
    endloop
  endfacet
  facet normal -6.579454e-16 -7.071068e-01 7.071068e-01
    outer loop
      vertex   2.991772e+01 1.250000e+00 2.000000e-01
      vertex   9.156419e+00 1.650000e+00 6.000000e-01
      vertex   9.156419e+00 1.250000e+00 2.000000e-01
    endloop
  endfacet
  facet normal 1.000000e+00 3.965082e-17 6.530724e-17
    outer loop
      vertex   1.035379e+00 3.750998e+01 -6.600000e+00
      vertex   1.035379e+00 4.870998e+01 -6.600000e+00
      vertex   1.035379e+00 3.750998e+01 2.000000e-01
    endloop
  endfacet
  facet normal 1.000000e+00 -0.000000e+00 0.000000e+00
    outer loop
      vertex   1.035379e+00 3.750998e+01 2.000000e-01
      vertex   1.035379e+00 4.870998e+01 -6.600000e+00
      vertex   1.035379e+00 4.870998e+01 2.000000e-01
    endloop
  endfacet
  facet normal -1.000000e+00 0.000000e+00 0.000000e+00
    outer loop
      vertex   2.378538e+01 4.870998e+01 -6.600000e+00
      vertex   2.378538e+01 3.750998e+01 -6.600000e+00
      vertex   2.378538e+01 4.870998e+01 2.000000e-01
    endloop
  endfacet
  facet normal -1.000000e+00 -0.000000e+00 0.000000e+00
    outer loop
      vertex   2.378538e+01 4.870998e+01 2.000000e-01
      vertex   2.378538e+01 3.750998e+01 -6.600000e+00
      vertex   2.378538e+01 3.750998e+01 2.000000e-01
    endloop
  endfacet
  facet normal -1.305262e-01 9.914449e-01 0.000000e+00
    outer loop
      vertex   2.478538e+01 4.970998e+01 2.000000e-01
      vertex   2.478538e+01 4.970998e+01 -6.600000e+00
      vertex   2.452656e+01 4.967591e+01 -3.200000e+00
    endloop
  endfacet
  facet normal -1.305262e-01 9.914449e-01 -4.143906e-15
    outer loop
      vertex   2.452656e+01 4.967591e+01 -3.200000e+00
      vertex   2.478538e+01 4.970998e+01 -6.600000e+00
      vertex   2.452656e+01 4.967591e+01 -6.600000e+00
    endloop
  endfacet
  facet normal -3.826834e-01 9.238795e-01 -3.861505e-15
    outer loop
      vertex   2.452656e+01 4.967591e+01 -3.200000e+00
      vertex   2.452656e+01 4.967591e+01 -6.600000e+00
      vertex   2.428538e+01 4.957601e+01 -3.200000e+00
    endloop
  endfacet
  facet normal -3.826834e-01 9.238795e-01 -4.261377e-15
    outer loop
      vertex   2.428538e+01 4.957601e+01 -3.200000e+00
      vertex   2.452656e+01 4.967591e+01 -6.600000e+00
      vertex   2.428538e+01 4.957601e+01 -6.600000e+00
    endloop
  endfacet
  facet normal -6.087614e-01 7.933533e-01 -3.952054e-15
    outer loop
      vertex   2.428538e+01 4.957601e+01 -3.200000e+00
      vertex   2.428538e+01 4.957601e+01 -6.600000e+00
      vertex   2.407827e+01 4.941709e+01 -3.200000e+00
    endloop
  endfacet
  facet normal -6.087614e-01 7.933533e-01 -2.294079e-15
    outer loop
      vertex   2.407827e+01 4.941709e+01 -3.200000e+00
      vertex   2.428538e+01 4.957601e+01 -6.600000e+00
      vertex   2.407827e+01 4.941709e+01 -6.600000e+00
    endloop
  endfacet
  facet normal -7.933533e-01 6.087614e-01 -2.101196e-15
    outer loop
      vertex   2.407827e+01 4.941709e+01 -3.200000e+00
      vertex   2.407827e+01 4.941709e+01 -6.600000e+00
      vertex   2.391935e+01 4.920998e+01 -3.200000e+00
    endloop
  endfacet
  facet normal -7.933533e-01 6.087614e-01 -3.373405e-15
    outer loop
      vertex   2.391935e+01 4.920998e+01 -3.200000e+00
      vertex   2.407827e+01 4.941709e+01 -6.600000e+00
      vertex   2.391935e+01 4.920998e+01 -6.600000e+00
    endloop
  endfacet
  facet normal -9.238795e-01 3.826834e-01 -2.564864e-15
    outer loop
      vertex   2.391935e+01 4.920998e+01 -3.200000e+00
      vertex   2.391935e+01 4.920998e+01 -6.600000e+00
      vertex   2.381945e+01 4.896880e+01 -3.200000e+00
    endloop
  endfacet
  facet normal -9.238795e-01 3.826834e-01 -1.930753e-15
    outer loop
      vertex   2.381945e+01 4.896880e+01 -3.200000e+00
      vertex   2.391935e+01 4.920998e+01 -6.600000e+00
      vertex   2.381945e+01 4.896880e+01 -6.600000e+00
    endloop
  endfacet
  facet normal -9.914449e-01 1.305262e-01 -2.071953e-15
    outer loop
      vertex   2.381945e+01 4.896880e+01 -3.200000e+00
      vertex   2.381945e+01 4.896880e+01 -6.600000e+00
      vertex   2.378538e+01 4.870998e+01 -6.600000e+00
    endloop
  endfacet
  facet normal -9.914449e-01 1.305262e-01 0.000000e+00
    outer loop
      vertex   2.378538e+01 4.870998e+01 -6.600000e+00
      vertex   2.378538e+01 4.870998e+01 2.000000e-01
      vertex   2.381945e+01 4.896880e+01 -3.200000e+00
    endloop
  endfacet
  facet normal -9.914449e-01 1.305262e-01 0.000000e+00
    outer loop
      vertex   2.381945e+01 4.896880e+01 -3.200000e+00
      vertex   2.378538e+01 4.870998e+01 2.000000e-01
      vertex   2.381945e+01 4.896880e+01 2.000000e-01
    endloop
  endfacet
  facet normal -9.238795e-01 3.826834e-01 0.000000e+00
    outer loop
      vertex   2.381945e+01 4.896880e+01 -3.200000e+00
      vertex   2.381945e+01 4.896880e+01 2.000000e-01
      vertex   2.391935e+01 4.920998e+01 -3.200000e+00
    endloop
  endfacet
  facet normal -9.238795e-01 3.826834e-01 0.000000e+00
    outer loop
      vertex   2.391935e+01 4.920998e+01 -3.200000e+00
      vertex   2.381945e+01 4.896880e+01 2.000000e-01
      vertex   2.391935e+01 4.920998e+01 2.000000e-01
    endloop
  endfacet
  facet normal -7.933533e-01 6.087614e-01 0.000000e+00
    outer loop
      vertex   2.391935e+01 4.920998e+01 -3.200000e+00
      vertex   2.391935e+01 4.920998e+01 2.000000e-01
      vertex   2.407827e+01 4.941709e+01 -3.200000e+00
    endloop
  endfacet
  facet normal -7.933533e-01 6.087614e-01 -8.289874e-16
    outer loop
      vertex   2.407827e+01 4.941709e+01 -3.200000e+00
      vertex   2.391935e+01 4.920998e+01 2.000000e-01
      vertex   2.407827e+01 4.941709e+01 2.000000e-01
    endloop
  endfacet
  facet normal -6.087614e-01 7.933533e-01 -6.361044e-16
    outer loop
      vertex   2.407827e+01 4.941709e+01 -3.200000e+00
      vertex   2.407827e+01 4.941709e+01 2.000000e-01
      vertex   2.428538e+01 4.957601e+01 -3.200000e+00
    endloop
  endfacet
  facet normal -6.087614e-01 7.933533e-01 -1.657975e-15
    outer loop
      vertex   2.428538e+01 4.957601e+01 -3.200000e+00
      vertex   2.407827e+01 4.941709e+01 2.000000e-01
      vertex   2.428538e+01 4.957601e+01 2.000000e-01
    endloop
  endfacet
  facet normal -3.826834e-01 9.238795e-01 -1.930753e-15
    outer loop
      vertex   2.428538e+01 4.957601e+01 -3.200000e+00
      vertex   2.428538e+01 4.957601e+01 2.000000e-01
      vertex   2.452656e+01 4.967591e+01 -3.200000e+00
    endloop
  endfacet
  facet normal -3.826834e-01 9.238795e-01 -1.930753e-15
    outer loop
      vertex   2.452656e+01 4.967591e+01 -3.200000e+00
      vertex   2.428538e+01 4.957601e+01 2.000000e-01
      vertex   2.452656e+01 4.967591e+01 2.000000e-01
    endloop
  endfacet
  facet normal -1.305262e-01 9.914449e-01 -2.071953e-15
    outer loop
      vertex   2.452656e+01 4.967591e+01 -3.200000e+00
      vertex   2.452656e+01 4.967591e+01 2.000000e-01
      vertex   2.478538e+01 4.970998e+01 2.000000e-01
    endloop
  endfacet
  facet normal 5.729705e-15 1.000000e+00 -2.089832e-15
    outer loop
      vertex   2.726559e+01 4.970998e+01 -6.600000e+00
      vertex   2.478538e+01 4.970998e+01 -6.600000e+00
      vertex   2.726559e+01 4.970998e+01 2.000000e-01
    endloop
  endfacet
  facet normal 0.000000e+00 1.000000e+00 0.000000e+00
    outer loop
      vertex   2.726559e+01 4.970998e+01 2.000000e-01
      vertex   2.478538e+01 4.970998e+01 -6.600000e+00
      vertex   2.478538e+01 4.970998e+01 2.000000e-01
    endloop
  endfacet
  facet normal 9.668098e-01 2.554971e-01 0.000000e+00
    outer loop
      vertex   2.825593e+01 4.884858e+01 2.000000e-01
      vertex   2.825593e+01 4.884858e+01 -6.600000e+00
      vertex   2.819511e+01 4.907874e+01 -3.200000e+00
    endloop
  endfacet
  facet normal 9.668098e-01 2.554971e-01 -1.010235e-15
    outer loop
      vertex   2.819511e+01 4.907874e+01 -3.200000e+00
      vertex   2.825593e+01 4.884858e+01 -6.600000e+00
      vertex   2.819511e+01 4.907874e+01 -6.600000e+00
    endloop
  endfacet
  facet normal 8.790234e-01 4.767786e-01 -9.185055e-16
    outer loop
      vertex   2.819511e+01 4.907874e+01 -3.200000e+00
      vertex   2.819511e+01 4.907874e+01 -6.600000e+00
      vertex   2.808161e+01 4.928800e+01 -3.200000e+00
    endloop
  endfacet
  facet normal 8.790234e-01 4.767786e-01 -9.185055e-16
    outer loop
      vertex   2.808161e+01 4.928800e+01 -3.200000e+00
      vertex   2.819511e+01 4.907874e+01 -6.600000e+00
      vertex   2.808161e+01 4.928800e+01 -6.600000e+00
    endloop
  endfacet
  facet normal 7.414211e-01 6.710401e-01 -7.747226e-16
    outer loop
      vertex   2.808161e+01 4.928800e+01 -3.200000e+00
      vertex   2.808161e+01 4.928800e+01 -6.600000e+00
      vertex   2.792186e+01 4.946450e+01 -3.200000e+00
    endloop
  endfacet
  facet normal 7.414211e-01 6.710401e-01 -2.177083e-15
    outer loop
      vertex   2.792186e+01 4.946450e+01 -3.200000e+00
      vertex   2.808161e+01 4.928800e+01 -6.600000e+00
      vertex   2.792186e+01 4.946450e+01 -6.600000e+00
    endloop
  endfacet
  facet normal 5.618009e-01 8.272725e-01 -2.315895e-15
    outer loop
      vertex   2.792186e+01 4.946450e+01 -3.200000e+00
      vertex   2.792186e+01 4.946450e+01 -6.600000e+00
      vertex   2.772492e+01 4.959824e+01 -3.200000e+00
    endloop
  endfacet
  facet normal 5.618009e-01 8.272725e-01 -2.315895e-15
    outer loop
      vertex   2.772492e+01 4.959824e+01 -3.200000e+00
      vertex   2.792186e+01 4.946450e+01 -6.600000e+00
      vertex   2.772492e+01 4.959824e+01 -6.600000e+00
    endloop
  endfacet
  facet normal 3.503424e-01 9.366217e-01 -2.323460e-15
    outer loop
      vertex   2.772492e+01 4.959824e+01 -3.200000e+00
      vertex   2.772492e+01 4.959824e+01 -6.600000e+00
      vertex   2.750195e+01 4.968165e+01 -3.200000e+00
    endloop
  endfacet
  facet normal 3.503424e-01 9.366217e-01 -1.957382e-15
    outer loop
      vertex   2.750195e+01 4.968165e+01 -3.200000e+00
      vertex   2.772492e+01 4.959824e+01 -6.600000e+00
      vertex   2.750195e+01 4.968165e+01 -6.600000e+00
    endloop
  endfacet
  facet normal 1.190294e-01 9.928907e-01 -2.074974e-15
    outer loop
      vertex   2.750195e+01 4.968165e+01 -3.200000e+00
      vertex   2.750195e+01 4.968165e+01 -6.600000e+00
      vertex   2.726559e+01 4.970998e+01 -6.600000e+00
    endloop
  endfacet
  facet normal 1.190294e-01 9.928907e-01 -2.074974e-15
    outer loop
      vertex   2.726559e+01 4.970998e+01 -6.600000e+00
      vertex   2.726559e+01 4.970998e+01 2.000000e-01
      vertex   2.750195e+01 4.968165e+01 -3.200000e+00
    endloop
  endfacet
  facet normal 1.190294e-01 9.928907e-01 -2.074974e-15
    outer loop
      vertex   2.750195e+01 4.968165e+01 -3.200000e+00
      vertex   2.726559e+01 4.970998e+01 2.000000e-01
      vertex   2.750195e+01 4.968165e+01 2.000000e-01
    endloop
  endfacet
  facet normal 3.503424e-01 9.366217e-01 -1.957382e-15
    outer loop
      vertex   2.750195e+01 4.968165e+01 -3.200000e+00
      vertex   2.750195e+01 4.968165e+01 2.000000e-01
      vertex   2.772492e+01 4.959824e+01 -3.200000e+00
    endloop
  endfacet
  facet normal 3.503424e-01 9.366217e-01 -1.957382e-15
    outer loop
      vertex   2.772492e+01 4.959824e+01 -3.200000e+00
      vertex   2.750195e+01 4.968165e+01 2.000000e-01
      vertex   2.772492e+01 4.959824e+01 2.000000e-01
    endloop
  endfacet
  facet normal 5.618009e-01 8.272725e-01 -1.728860e-15
    outer loop
      vertex   2.772492e+01 4.959824e+01 -3.200000e+00
      vertex   2.772492e+01 4.959824e+01 2.000000e-01
      vertex   2.792186e+01 4.946450e+01 -3.200000e+00
    endloop
  endfacet
  facet normal 5.618009e-01 8.272725e-01 -2.902929e-15
    outer loop
      vertex   2.792186e+01 4.946450e+01 -3.200000e+00
      vertex   2.772492e+01 4.959824e+01 2.000000e-01
      vertex   2.792186e+01 4.946450e+01 2.000000e-01
    endloop
  endfacet
  facet normal 7.414211e-01 6.710401e-01 -2.951806e-15
    outer loop
      vertex   2.792186e+01 4.946450e+01 -3.200000e+00
      vertex   2.792186e+01 4.946450e+01 2.000000e-01
      vertex   2.808161e+01 4.928800e+01 -3.200000e+00
    endloop
  endfacet
  facet normal 7.414211e-01 6.710401e-01 -7.747226e-16
    outer loop
      vertex   2.808161e+01 4.928800e+01 -3.200000e+00
      vertex   2.792186e+01 4.946450e+01 2.000000e-01
      vertex   2.808161e+01 4.928800e+01 2.000000e-01
    endloop
  endfacet
  facet normal 8.790234e-01 4.767786e-01 -9.185055e-16
    outer loop
      vertex   2.808161e+01 4.928800e+01 -3.200000e+00
      vertex   2.808161e+01 4.928800e+01 2.000000e-01
      vertex   2.819511e+01 4.907874e+01 -3.200000e+00
    endloop
  endfacet
  facet normal 8.790234e-01 4.767786e-01 -1.837011e-15
    outer loop
      vertex   2.819511e+01 4.907874e+01 -3.200000e+00
      vertex   2.808161e+01 4.928800e+01 2.000000e-01
      vertex   2.819511e+01 4.907874e+01 2.000000e-01
    endloop
  endfacet
  facet normal 9.668098e-01 2.554971e-01 -2.020470e-15
    outer loop
      vertex   2.819511e+01 4.907874e+01 -3.200000e+00
      vertex   2.819511e+01 4.907874e+01 2.000000e-01
      vertex   2.825593e+01 4.884858e+01 2.000000e-01
    endloop
  endfacet
  facet normal 9.903482e-01 1.386019e-01 -0.000000e+00
    outer loop
      vertex   3.200927e+01 2.202997e+01 -6.600000e+00
      vertex   2.825593e+01 4.884858e+01 -6.600000e+00
      vertex   3.200927e+01 2.202997e+01 2.000000e-01
    endloop
  endfacet
  facet normal 9.903482e-01 1.386019e-01 0.000000e+00
    outer loop
      vertex   3.200927e+01 2.202997e+01 2.000000e-01
      vertex   2.825593e+01 4.884858e+01 -6.600000e+00
      vertex   2.825593e+01 4.884858e+01 2.000000e-01
    endloop
  endfacet
  facet normal 9.946462e-01 1.033393e-01 -5.399045e-17
    outer loop
      vertex   3.210071e+01 2.125692e+01 2.000000e-01
      vertex   3.210071e+01 2.125692e+01 -6.600000e+00
      vertex   3.207389e+01 2.151503e+01 2.000000e-01
    endloop
  endfacet
  facet normal 9.946462e-01 1.033393e-01 0.000000e+00
    outer loop
      vertex   3.207389e+01 2.151503e+01 2.000000e-01
      vertex   3.210071e+01 2.125692e+01 -6.600000e+00
      vertex   3.207389e+01 2.151503e+01 -6.600000e+00
    endloop
  endfacet
  facet normal 9.930773e-01 1.174628e-01 0.000000e+00
    outer loop
      vertex   3.207389e+01 2.151503e+01 2.000000e-01
      vertex   3.207389e+01 2.151503e+01 -6.600000e+00
      vertex   3.204341e+01 2.177273e+01 2.000000e-01
    endloop
  endfacet
  facet normal 9.930773e-01 1.174628e-01 0.000000e+00
    outer loop
      vertex   3.204341e+01 2.177273e+01 2.000000e-01
      vertex   3.207389e+01 2.151503e+01 -6.600000e+00
      vertex   3.204341e+01 2.177273e+01 -6.600000e+00
    endloop
  endfacet
  facet normal 9.913079e-01 1.315626e-01 0.000000e+00
    outer loop
      vertex   3.204341e+01 2.177273e+01 2.000000e-01
      vertex   3.204341e+01 2.177273e+01 -6.600000e+00
      vertex   3.200927e+01 2.202997e+01 2.000000e-01
    endloop
  endfacet
  facet normal 9.913079e-01 1.315626e-01 0.000000e+00
    outer loop
      vertex   3.200927e+01 2.202997e+01 2.000000e-01
      vertex   3.204341e+01 2.177273e+01 -6.600000e+00
      vertex   3.200927e+01 2.202997e+01 -6.600000e+00
    endloop
  endfacet
  facet normal 9.953553e-01 9.626960e-02 -7.544522e-17
    outer loop
      vertex   3.366562e+01 5.076961e+00 -6.600000e+00
      vertex   3.210071e+01 2.125692e+01 -6.600000e+00
      vertex   3.366562e+01 5.076961e+00 2.000000e-01
    endloop
  endfacet
  facet normal 9.953553e-01 9.626960e-02 0.000000e+00
    outer loop
      vertex   3.366562e+01 5.076961e+00 2.000000e-01
      vertex   3.210071e+01 2.125692e+01 -6.600000e+00
      vertex   3.210071e+01 2.125692e+01 2.000000e-01
    endloop
  endfacet
  facet normal -9.914449e-01 -1.305262e-01 1.281985e-16
    outer loop
      vertex   -4.202881e-01 4.399292e+01 6.000000e-01
      vertex   -4.202881e-01 4.399292e+01 -3.200000e+00
      vertex   -3.896213e-01 4.375998e+01 6.000000e-01
    endloop
  endfacet
  facet normal -9.914449e-01 -1.305262e-01 1.716482e-16
    outer loop
      vertex   -3.896213e-01 4.375998e+01 6.000000e-01
      vertex   -4.202881e-01 4.399292e+01 -3.200000e+00
      vertex   -3.896213e-01 4.375998e+01 -3.200000e+00
    endloop
  endfacet
  facet normal -9.914449e-01 1.305262e-01 -3.164804e-16
    outer loop
      vertex   -3.896213e-01 4.375998e+01 6.000000e-01
      vertex   -3.896213e-01 4.375998e+01 -3.200000e+00
      vertex   -4.202881e-01 4.352705e+01 6.000000e-01
    endloop
  endfacet
  facet normal -9.914449e-01 1.305262e-01 -4.757959e-16
    outer loop
      vertex   -4.202881e-01 4.352705e+01 6.000000e-01
      vertex   -3.896213e-01 4.375998e+01 -3.200000e+00
      vertex   -4.202881e-01 4.352705e+01 -3.200000e+00
    endloop
  endfacet
  facet normal -9.238795e-01 3.826834e-01 -9.314998e-16
    outer loop
      vertex   -4.202881e-01 4.352705e+01 6.000000e-01
      vertex   -4.202881e-01 4.352705e+01 -3.200000e+00
      vertex   -5.101984e-01 4.330998e+01 6.000000e-01
    endloop
  endfacet
  facet normal -9.238795e-01 3.826834e-01 -7.155603e-16
    outer loop
      vertex   -5.101984e-01 4.330998e+01 6.000000e-01
      vertex   -4.202881e-01 4.352705e+01 -3.200000e+00
      vertex   -5.101984e-01 4.330998e+01 -3.200000e+00
    endloop
  endfacet
  facet normal -7.933533e-01 6.087614e-01 -1.138292e-15
    outer loop
      vertex   -5.101984e-01 4.330998e+01 6.000000e-01
      vertex   -5.101984e-01 4.330998e+01 -3.200000e+00
      vertex   -6.532252e-01 4.312359e+01 6.000000e-01
    endloop
  endfacet
  facet normal -7.933533e-01 6.087614e-01 -9.760397e-16
    outer loop
      vertex   -6.532252e-01 4.312359e+01 6.000000e-01
      vertex   -5.101984e-01 4.330998e+01 -3.200000e+00
      vertex   -6.532252e-01 4.312359e+01 -3.200000e+00
    endloop
  endfacet
  facet normal -6.087614e-01 7.933533e-01 -1.358950e-15
    outer loop
      vertex   -6.532252e-01 4.312359e+01 6.000000e-01
      vertex   -6.532252e-01 4.312359e+01 -3.200000e+00
      vertex   -8.396213e-01 4.298056e+01 6.000000e-01
    endloop
  endfacet
  facet normal -6.087614e-01 7.933533e-01 -1.358950e-15
    outer loop
      vertex   -8.396213e-01 4.298056e+01 6.000000e-01
      vertex   -6.532252e-01 4.312359e+01 -3.200000e+00
      vertex   -8.396213e-01 4.298056e+01 -3.200000e+00
    endloop
  endfacet
  facet normal -3.826834e-01 9.238795e-01 -1.649251e-15
    outer loop
      vertex   -8.396213e-01 4.298056e+01 6.000000e-01
      vertex   -8.396213e-01 4.298056e+01 -3.200000e+00
      vertex   -1.056684e+00 4.289065e+01 6.000000e-01
    endloop
  endfacet
  facet normal -3.826834e-01 9.238795e-01 -1.727516e-15
    outer loop
      vertex   -1.056684e+00 4.289065e+01 6.000000e-01
      vertex   -8.396213e-01 4.298056e+01 -3.200000e+00
      vertex   -1.056684e+00 4.289065e+01 -3.200000e+00
    endloop
  endfacet
  facet normal -1.305262e-01 9.914449e-01 -1.853852e-15
    outer loop
      vertex   -1.056684e+00 4.289065e+01 6.000000e-01
      vertex   -1.056684e+00 4.289065e+01 -3.200000e+00
      vertex   -1.289621e+00 4.285998e+01 6.000000e-01
    endloop
  endfacet
  facet normal -1.305262e-01 9.914449e-01 -3.715332e-15
    outer loop
      vertex   -1.289621e+00 4.285998e+01 6.000000e-01
      vertex   -1.056684e+00 4.289065e+01 -3.200000e+00
      vertex   -1.289621e+00 4.285998e+01 -3.200000e+00
    endloop
  endfacet
  facet normal 1.305262e-01 9.914449e-01 -3.700078e-15
    outer loop
      vertex   -1.289621e+00 4.285998e+01 6.000000e-01
      vertex   -1.289621e+00 4.285998e+01 -3.200000e+00
      vertex   -1.522558e+00 4.289065e+01 6.000000e-01
    endloop
  endfacet
  facet normal 1.305262e-01 9.914449e-01 -1.830971e-15
    outer loop
      vertex   -1.522558e+00 4.289065e+01 6.000000e-01
      vertex   -1.289621e+00 4.285998e+01 -3.200000e+00
      vertex   -1.522558e+00 4.289065e+01 -3.200000e+00
    endloop
  endfacet
  facet normal 3.826834e-01 9.238795e-01 -1.660432e-15
    outer loop
      vertex   -1.522558e+00 4.289065e+01 6.000000e-01
      vertex   -1.522558e+00 4.289065e+01 -3.200000e+00
      vertex   -1.739621e+00 4.298056e+01 6.000000e-01
    endloop
  endfacet
  facet normal 3.826834e-01 9.238795e-01 -1.615709e-15
    outer loop
      vertex   -1.739621e+00 4.298056e+01 6.000000e-01
      vertex   -1.522558e+00 4.289065e+01 -3.200000e+00
      vertex   -1.739621e+00 4.298056e+01 -3.200000e+00
    endloop
  endfacet
  facet normal 6.087614e-01 7.933533e-01 -1.305593e-15
    outer loop
      vertex   -1.739621e+00 4.298056e+01 6.000000e-01
      vertex   -1.739621e+00 4.298056e+01 -3.200000e+00
      vertex   -1.926017e+00 4.312359e+01 6.000000e-01
    endloop
  endfacet
  facet normal 6.087614e-01 7.933533e-01 -1.234450e-15
    outer loop
      vertex   -1.926017e+00 4.312359e+01 6.000000e-01
      vertex   -1.739621e+00 4.298056e+01 -3.200000e+00
      vertex   -1.926017e+00 4.312359e+01 -3.200000e+00
    endloop
  endfacet
  facet normal 7.933533e-01 6.087614e-01 -8.137872e-16
    outer loop
      vertex   -1.926017e+00 4.312359e+01 6.000000e-01
      vertex   -1.926017e+00 4.312359e+01 -3.200000e+00
      vertex   -2.069044e+00 4.330998e+01 6.000000e-01
    endloop
  endfacet
  facet normal 7.933533e-01 6.087614e-01 -1.045576e-15
    outer loop
      vertex   -2.069044e+00 4.330998e+01 6.000000e-01
      vertex   -1.926017e+00 4.312359e+01 -3.200000e+00
      vertex   -2.069044e+00 4.330998e+01 -3.200000e+00
    endloop
  endfacet
  facet normal 9.238795e-01 3.826834e-01 -6.075906e-16
    outer loop
      vertex   -2.069044e+00 4.330998e+01 6.000000e-01
      vertex   -2.069044e+00 4.330998e+01 -3.200000e+00
      vertex   -2.158955e+00 4.352705e+01 6.000000e-01
    endloop
  endfacet
  facet normal 9.238795e-01 3.826834e-01 -8.235301e-16
    outer loop
      vertex   -2.158955e+00 4.352705e+01 6.000000e-01
      vertex   -2.069044e+00 4.330998e+01 -3.200000e+00
      vertex   -2.158955e+00 4.352705e+01 -3.200000e+00
    endloop
  endfacet
  facet normal 9.914449e-01 1.305262e-01 -3.599301e-16
    outer loop
      vertex   -2.158955e+00 4.352705e+01 6.000000e-01
      vertex   -2.158955e+00 4.352705e+01 -3.200000e+00
      vertex   -2.189621e+00 4.375998e+01 6.000000e-01
    endloop
  endfacet
  facet normal 9.914449e-01 1.305262e-01 -1.281985e-16
    outer loop
      vertex   -2.189621e+00 4.375998e+01 6.000000e-01
      vertex   -2.158955e+00 4.352705e+01 -3.200000e+00
      vertex   -2.189621e+00 4.375998e+01 -3.200000e+00
    endloop
  endfacet
  facet normal 9.914449e-01 -1.305262e-01 3.599301e-16
    outer loop
      vertex   -2.189621e+00 4.375998e+01 6.000000e-01
      vertex   -2.189621e+00 4.375998e+01 -3.200000e+00
      vertex   -2.158955e+00 4.399292e+01 6.000000e-01
    endloop
  endfacet
  facet normal 9.914449e-01 -1.305262e-01 2.440643e-16
    outer loop
      vertex   -2.158955e+00 4.399292e+01 6.000000e-01
      vertex   -2.189621e+00 4.375998e+01 -3.200000e+00
      vertex   -2.158955e+00 4.399292e+01 -3.200000e+00
    endloop
  endfacet
  facet normal 9.238795e-01 -3.826834e-01 7.155603e-16
    outer loop
      vertex   -2.158955e+00 4.399292e+01 6.000000e-01
      vertex   -2.158955e+00 4.399292e+01 -3.200000e+00
      vertex   -2.069044e+00 4.420998e+01 6.000000e-01
    endloop
  endfacet
  facet normal 9.238795e-01 -3.826834e-01 1.039470e-15
    outer loop
      vertex   -2.069044e+00 4.420998e+01 6.000000e-01
      vertex   -2.158955e+00 4.399292e+01 -3.200000e+00
      vertex   -2.069044e+00 4.420998e+01 -3.200000e+00
    endloop
  endfacet
  facet normal 7.933533e-01 -6.087614e-01 1.416439e-15
    outer loop
      vertex   -2.069044e+00 4.420998e+01 6.000000e-01
      vertex   -2.069044e+00 4.420998e+01 -3.200000e+00
      vertex   -1.926017e+00 4.439638e+01 6.000000e-01
    endloop
  endfacet
  facet normal 7.933533e-01 -6.087614e-01 1.601871e-15
    outer loop
      vertex   -1.926017e+00 4.439638e+01 6.000000e-01
      vertex   -2.069044e+00 4.420998e+01 -3.200000e+00
      vertex   -1.926017e+00 4.439638e+01 -3.200000e+00
    endloop
  endfacet
  facet normal 6.087614e-01 -7.933533e-01 1.839167e-15
    outer loop
      vertex   -1.926017e+00 4.439638e+01 6.000000e-01
      vertex   -1.926017e+00 4.439638e+01 -3.200000e+00
      vertex   -1.739621e+00 4.453941e+01 6.000000e-01
    endloop
  endfacet
  facet normal 6.087614e-01 -7.933533e-01 1.768024e-15
    outer loop
      vertex   -1.739621e+00 4.453941e+01 6.000000e-01
      vertex   -1.926017e+00 4.439638e+01 -3.200000e+00
      vertex   -1.739621e+00 4.453941e+01 -3.200000e+00
    endloop
  endfacet
  facet normal 3.826834e-01 -9.238795e-01 1.906406e-15
    outer loop
      vertex   -1.739621e+00 4.453941e+01 6.000000e-01
      vertex   -1.739621e+00 4.453941e+01 -3.200000e+00
      vertex   -1.522558e+00 4.462932e+01 6.000000e-01
    endloop
  endfacet
  facet normal 3.826834e-01 -9.238795e-01 3.544476e-15
    outer loop
      vertex   -1.522558e+00 4.462932e+01 6.000000e-01
      vertex   -1.739621e+00 4.453941e+01 -3.200000e+00
      vertex   -1.522558e+00 4.462932e+01 -3.200000e+00
    endloop
  endfacet
  facet normal 1.305262e-01 -9.914449e-01 3.738213e-15
    outer loop
      vertex   -1.522558e+00 4.462932e+01 6.000000e-01
      vertex   -1.522558e+00 4.462932e+01 -3.200000e+00
      vertex   -1.289621e+00 4.465998e+01 6.000000e-01
    endloop
  endfacet
  facet normal 1.305262e-01 -9.914449e-01 3.715332e-15
    outer loop
      vertex   -1.289621e+00 4.465998e+01 6.000000e-01
      vertex   -1.522558e+00 4.462932e+01 -3.200000e+00
      vertex   -1.289621e+00 4.465998e+01 -3.200000e+00
    endloop
  endfacet
  facet normal -1.305262e-01 -9.914449e-01 3.700078e-15
    outer loop
      vertex   -1.289621e+00 4.465998e+01 6.000000e-01
      vertex   -1.289621e+00 4.465998e+01 -3.200000e+00
      vertex   -1.056684e+00 4.462932e+01 6.000000e-01
    endloop
  endfacet
  facet normal -1.305262e-01 -9.914449e-01 3.722959e-15
    outer loop
      vertex   -1.056684e+00 4.462932e+01 6.000000e-01
      vertex   -1.289621e+00 4.465998e+01 -3.200000e+00
      vertex   -1.056684e+00 4.462932e+01 -3.200000e+00
    endloop
  endfacet
  facet normal -3.826834e-01 -9.238795e-01 3.499754e-15
    outer loop
      vertex   -1.056684e+00 4.462932e+01 6.000000e-01
      vertex   -1.056684e+00 4.462932e+01 -3.200000e+00
      vertex   -8.396213e-01 4.453941e+01 6.000000e-01
    endloop
  endfacet
  facet normal -3.826834e-01 -9.238795e-01 1.828141e-15
    outer loop
      vertex   -8.396213e-01 4.453941e+01 6.000000e-01
      vertex   -1.056684e+00 4.462932e+01 -3.200000e+00
      vertex   -8.396213e-01 4.453941e+01 -3.200000e+00
    endloop
  endfacet
  facet normal -6.087614e-01 -7.933533e-01 1.643524e-15
    outer loop
      vertex   -8.396213e-01 4.453941e+01 6.000000e-01
      vertex   -8.396213e-01 4.453941e+01 -3.200000e+00
      vertex   -6.532252e-01 4.439638e+01 6.000000e-01
    endloop
  endfacet
  facet normal -6.087614e-01 -7.933533e-01 1.768024e-15
    outer loop
      vertex   -6.532252e-01 4.439638e+01 6.000000e-01
      vertex   -8.396213e-01 4.453941e+01 -3.200000e+00
      vertex   -6.532252e-01 4.439638e+01 -3.200000e+00
    endloop
  endfacet
  facet normal -7.933533e-01 -6.087614e-01 1.509155e-15
    outer loop
      vertex   -6.532252e-01 4.439638e+01 6.000000e-01
      vertex   -6.532252e-01 4.439638e+01 -3.200000e+00
      vertex   -5.101984e-01 4.420998e+01 6.000000e-01
    endloop
  endfacet
  facet normal -7.933533e-01 -6.087614e-01 1.207829e-15
    outer loop
      vertex   -5.101984e-01 4.420998e+01 6.000000e-01
      vertex   -6.532252e-01 4.439638e+01 -3.200000e+00
      vertex   -5.101984e-01 4.420998e+01 -3.200000e+00
    endloop
  endfacet
  facet normal -9.238795e-01 -3.826834e-01 7.965376e-16
    outer loop
      vertex   -5.101984e-01 4.420998e+01 6.000000e-01
      vertex   -5.101984e-01 4.420998e+01 -3.200000e+00
      vertex   -4.202881e-01 4.399292e+01 6.000000e-01
    endloop
  endfacet
  facet normal -9.238795e-01 -3.826834e-01 6.075906e-16
    outer loop
      vertex   -4.202881e-01 4.399292e+01 6.000000e-01
      vertex   -5.101984e-01 4.420998e+01 -3.200000e+00
      vertex   -4.202881e-01 4.399292e+01 -3.200000e+00
    endloop
  endfacet
  facet normal -9.914449e-01 1.305262e-01 -4.012293e-16
    outer loop
      vertex   -4.202881e-01 4.352705e+01 -7.000000e+00
      vertex   -4.202881e-01 4.352705e+01 -3.200000e+00
      vertex   -3.896213e-01 4.375998e+01 -7.000000e+00
    endloop
  endfacet
  facet normal -9.914449e-01 1.305262e-01 -3.164804e-16
    outer loop
      vertex   -3.896213e-01 4.375998e+01 -7.000000e+00
      vertex   -4.202881e-01 4.352705e+01 -3.200000e+00
      vertex   -3.896213e-01 4.375998e+01 -3.200000e+00
    endloop
  endfacet
  facet normal -9.914449e-01 -1.305262e-01 1.716482e-16
    outer loop
      vertex   -3.896213e-01 4.375998e+01 -7.000000e+00
      vertex   -3.896213e-01 4.375998e+01 -3.200000e+00
      vertex   -4.202881e-01 4.399292e+01 -7.000000e+00
    endloop
  endfacet
  facet normal -9.914449e-01 -1.305262e-01 2.150979e-16
    outer loop
      vertex   -4.202881e-01 4.399292e+01 -7.000000e+00
      vertex   -3.896213e-01 4.375998e+01 -3.200000e+00
      vertex   -4.202881e-01 4.399292e+01 -3.200000e+00
    endloop
  endfacet
  facet normal -9.238795e-01 -3.826834e-01 6.885679e-16
    outer loop
      vertex   -4.202881e-01 4.399292e+01 -7.000000e+00
      vertex   -4.202881e-01 4.399292e+01 -3.200000e+00
      vertex   -5.101984e-01 4.420998e+01 -7.000000e+00
    endloop
  endfacet
  facet normal -9.238795e-01 -3.826834e-01 4.996209e-16
    outer loop
      vertex   -5.101984e-01 4.420998e+01 -7.000000e+00
      vertex   -4.202881e-01 4.399292e+01 -3.200000e+00
      vertex   -5.101984e-01 4.420998e+01 -3.200000e+00
    endloop
  endfacet
  facet normal -7.933533e-01 -6.087614e-01 9.528607e-16
    outer loop
      vertex   -5.101984e-01 4.420998e+01 -7.000000e+00
      vertex   -5.101984e-01 4.420998e+01 -3.200000e+00
      vertex   -6.532252e-01 4.439638e+01 -7.000000e+00
    endloop
  endfacet
  facet normal -7.933533e-01 -6.087614e-01 6.515347e-16
    outer loop
      vertex   -6.532252e-01 4.439638e+01 -7.000000e+00
      vertex   -5.101984e-01 4.420998e+01 -3.200000e+00
      vertex   -6.532252e-01 4.439638e+01 -3.200000e+00
    endloop
  endfacet
  facet normal -6.087614e-01 -7.933533e-01 1.109949e-15
    outer loop
      vertex   -6.532252e-01 4.439638e+01 -7.000000e+00
      vertex   -6.532252e-01 4.439638e+01 -3.200000e+00
      vertex   -8.396213e-01 4.453941e+01 -7.000000e+00
    endloop
  endfacet
  facet normal -6.087614e-01 -7.933533e-01 1.234450e-15
    outer loop
      vertex   -8.396213e-01 4.453941e+01 -7.000000e+00
      vertex   -6.532252e-01 4.439638e+01 -3.200000e+00
      vertex   -8.396213e-01 4.453941e+01 -3.200000e+00
    endloop
  endfacet
  facet normal -3.826834e-01 -9.238795e-01 1.570987e-15
    outer loop
      vertex   -8.396213e-01 4.453941e+01 -7.000000e+00
      vertex   -8.396213e-01 4.453941e+01 -3.200000e+00
      vertex   -1.056684e+00 4.462932e+01 -7.000000e+00
    endloop
  endfacet
  facet normal -3.826834e-01 -9.238795e-01 1.615709e-15
    outer loop
      vertex   -1.056684e+00 4.462932e+01 -7.000000e+00
      vertex   -8.396213e-01 4.453941e+01 -3.200000e+00
      vertex   -1.056684e+00 4.462932e+01 -3.200000e+00
    endloop
  endfacet
  facet normal -1.305262e-01 -9.914449e-01 1.815717e-15
    outer loop
      vertex   -1.056684e+00 4.462932e+01 -7.000000e+00
      vertex   -1.056684e+00 4.462932e+01 -3.200000e+00
      vertex   -1.289621e+00 4.465998e+01 -7.000000e+00
    endloop
  endfacet
  facet normal -1.305262e-01 -9.914449e-01 1.846225e-15
    outer loop
      vertex   -1.289621e+00 4.465998e+01 -7.000000e+00
      vertex   -1.056684e+00 4.462932e+01 -3.200000e+00
      vertex   -1.289621e+00 4.465998e+01 -3.200000e+00
    endloop
  endfacet
  facet normal 1.305262e-01 -9.914449e-01 1.861479e-15
    outer loop
      vertex   -1.289621e+00 4.465998e+01 -7.000000e+00
      vertex   -1.289621e+00 4.465998e+01 -3.200000e+00
      vertex   -1.522558e+00 4.462932e+01 -7.000000e+00
    endloop
  endfacet
  facet normal 1.305262e-01 -9.914449e-01 1.838598e-15
    outer loop
      vertex   -1.522558e+00 4.462932e+01 -7.000000e+00
      vertex   -1.289621e+00 4.465998e+01 -3.200000e+00
      vertex   -1.522558e+00 4.462932e+01 -3.200000e+00
    endloop
  endfacet
  facet normal 3.826834e-01 -9.238795e-01 1.682793e-15
    outer loop
      vertex   -1.522558e+00 4.462932e+01 -7.000000e+00
      vertex   -1.522558e+00 4.462932e+01 -3.200000e+00
      vertex   -1.739621e+00 4.453941e+01 -7.000000e+00
    endloop
  endfacet
  facet normal 3.826834e-01 -9.238795e-01 1.615709e-15
    outer loop
      vertex   -1.739621e+00 4.453941e+01 -7.000000e+00
      vertex   -1.522558e+00 4.462932e+01 -3.200000e+00
      vertex   -1.739621e+00 4.453941e+01 -3.200000e+00
    endloop
  endfacet
  facet normal 6.087614e-01 -7.933533e-01 1.305593e-15
    outer loop
      vertex   -1.739621e+00 4.453941e+01 -7.000000e+00
      vertex   -1.739621e+00 4.453941e+01 -3.200000e+00
      vertex   -1.926017e+00 4.439638e+01 -7.000000e+00
    endloop
  endfacet
  facet normal 6.087614e-01 -7.933533e-01 1.234450e-15
    outer loop
      vertex   -1.926017e+00 4.439638e+01 -7.000000e+00
      vertex   -1.739621e+00 4.453941e+01 -3.200000e+00
      vertex   -1.926017e+00 4.439638e+01 -3.200000e+00
    endloop
  endfacet
  facet normal 7.933533e-01 -6.087614e-01 8.137872e-16
    outer loop
      vertex   -1.926017e+00 4.439638e+01 -7.000000e+00
      vertex   -1.926017e+00 4.439638e+01 -3.200000e+00
      vertex   -2.069044e+00 4.420998e+01 -7.000000e+00
    endloop
  endfacet
  facet normal 7.933533e-01 -6.087614e-01 9.528607e-16
    outer loop
      vertex   -2.069044e+00 4.420998e+01 -7.000000e+00
      vertex   -1.926017e+00 4.439638e+01 -3.200000e+00
      vertex   -2.069044e+00 4.420998e+01 -3.200000e+00
    endloop
  endfacet
  facet normal 9.238795e-01 -3.826834e-01 4.996209e-16
    outer loop
      vertex   -2.069044e+00 4.420998e+01 -7.000000e+00
      vertex   -2.069044e+00 4.420998e+01 -3.200000e+00
      vertex   -2.158955e+00 4.399292e+01 -7.000000e+00
    endloop
  endfacet
  facet normal 9.238795e-01 -3.826834e-01 8.235301e-16
    outer loop
      vertex   -2.158955e+00 4.399292e+01 -7.000000e+00
      vertex   -2.069044e+00 4.420998e+01 -3.200000e+00
      vertex   -2.158955e+00 4.399292e+01 -3.200000e+00
    endloop
  endfacet
  facet normal 9.914449e-01 -1.305262e-01 3.599301e-16
    outer loop
      vertex   -2.158955e+00 4.399292e+01 -7.000000e+00
      vertex   -2.158955e+00 4.399292e+01 -3.200000e+00
      vertex   -2.189621e+00 4.375998e+01 -7.000000e+00
    endloop
  endfacet
  facet normal 9.914449e-01 -1.305262e-01 3.599301e-16
    outer loop
      vertex   -2.189621e+00 4.375998e+01 -7.000000e+00
      vertex   -2.158955e+00 4.399292e+01 -3.200000e+00
      vertex   -2.189621e+00 4.375998e+01 -3.200000e+00
    endloop
  endfacet
  facet normal 9.914449e-01 1.305262e-01 -1.281985e-16
    outer loop
      vertex   -2.189621e+00 4.375998e+01 -7.000000e+00
      vertex   -2.189621e+00 4.375998e+01 -3.200000e+00
      vertex   -2.158955e+00 4.352705e+01 -7.000000e+00
    endloop
  endfacet
  facet normal 9.914449e-01 1.305262e-01 -2.563971e-16
    outer loop
      vertex   -2.158955e+00 4.352705e+01 -7.000000e+00
      vertex   -2.189621e+00 4.375998e+01 -3.200000e+00
      vertex   -2.158955e+00 4.352705e+01 -3.200000e+00
    endloop
  endfacet
  facet normal 9.238795e-01 3.826834e-01 -1.215181e-15
    outer loop
      vertex   -2.158955e+00 4.352705e+01 -7.000000e+00
      vertex   -2.158955e+00 4.352705e+01 -3.200000e+00
      vertex   -2.069044e+00 4.330998e+01 -7.000000e+00
    endloop
  endfacet
  facet normal 9.238795e-01 3.826834e-01 -1.431121e-15
    outer loop
      vertex   -2.069044e+00 4.330998e+01 -7.000000e+00
      vertex   -2.158955e+00 4.352705e+01 -3.200000e+00
      vertex   -2.069044e+00 4.330998e+01 -3.200000e+00
    endloop
  endfacet
  facet normal 7.933533e-01 6.087614e-01 -2.276584e-15
    outer loop
      vertex   -2.069044e+00 4.330998e+01 -7.000000e+00
      vertex   -2.069044e+00 4.330998e+01 -3.200000e+00
      vertex   -1.926017e+00 4.312359e+01 -7.000000e+00
    endloop
  endfacet
  facet normal 7.933533e-01 6.087614e-01 -2.462016e-15
    outer loop
      vertex   -1.926017e+00 4.312359e+01 -7.000000e+00
      vertex   -2.069044e+00 4.330998e+01 -3.200000e+00
      vertex   -1.926017e+00 4.312359e+01 -3.200000e+00
    endloop
  endfacet
  facet normal 6.087614e-01 7.933533e-01 -3.109189e-15
    outer loop
      vertex   -1.926017e+00 4.312359e+01 -7.000000e+00
      vertex   -1.926017e+00 4.312359e+01 -3.200000e+00
      vertex   -1.739621e+00 4.298056e+01 -7.000000e+00
    endloop
  endfacet
  facet normal 6.087614e-01 7.933533e-01 -3.073617e-15
    outer loop
      vertex   -1.739621e+00 4.298056e+01 -7.000000e+00
      vertex   -1.926017e+00 4.312359e+01 -3.200000e+00
      vertex   -1.739621e+00 4.298056e+01 -3.200000e+00
    endloop
  endfacet
  facet normal 3.826834e-01 9.238795e-01 -3.522115e-15
    outer loop
      vertex   -1.739621e+00 4.298056e+01 -7.000000e+00
      vertex   -1.739621e+00 4.298056e+01 -3.200000e+00
      vertex   -1.522558e+00 4.289065e+01 -7.000000e+00
    endloop
  endfacet
  facet normal 3.826834e-01 9.238795e-01 -1.727516e-15
    outer loop
      vertex   -1.522558e+00 4.289065e+01 -7.000000e+00
      vertex   -1.739621e+00 4.298056e+01 -3.200000e+00
      vertex   -1.522558e+00 4.289065e+01 -3.200000e+00
    endloop
  endfacet
  facet normal 1.305262e-01 9.914449e-01 -1.853852e-15
    outer loop
      vertex   -1.522558e+00 4.289065e+01 -7.000000e+00
      vertex   -1.522558e+00 4.289065e+01 -3.200000e+00
      vertex   -1.289621e+00 4.285998e+01 -7.000000e+00
    endloop
  endfacet
  facet normal 1.305262e-01 9.914449e-01 -1.846225e-15
    outer loop
      vertex   -1.289621e+00 4.285998e+01 -7.000000e+00
      vertex   -1.522558e+00 4.289065e+01 -3.200000e+00
      vertex   -1.289621e+00 4.285998e+01 -3.200000e+00
    endloop
  endfacet
  facet normal -1.305262e-01 9.914449e-01 -1.861479e-15
    outer loop
      vertex   -1.289621e+00 4.285998e+01 -7.000000e+00
      vertex   -1.289621e+00 4.285998e+01 -3.200000e+00
      vertex   -1.056684e+00 4.289065e+01 -7.000000e+00
    endloop
  endfacet
  facet normal -1.305262e-01 9.914449e-01 -1.869107e-15
    outer loop
      vertex   -1.056684e+00 4.289065e+01 -7.000000e+00
      vertex   -1.289621e+00 4.285998e+01 -3.200000e+00
      vertex   -1.056684e+00 4.289065e+01 -3.200000e+00
    endloop
  endfacet
  facet normal -3.826834e-01 9.238795e-01 -1.772238e-15
    outer loop
      vertex   -1.056684e+00 4.289065e+01 -7.000000e+00
      vertex   -1.056684e+00 4.289065e+01 -3.200000e+00
      vertex   -8.396213e-01 4.298056e+01 -7.000000e+00
    endloop
  endfacet
  facet normal -3.826834e-01 9.238795e-01 -3.589199e-15
    outer loop
      vertex   -8.396213e-01 4.298056e+01 -7.000000e+00
      vertex   -1.056684e+00 4.289065e+01 -3.200000e+00
      vertex   -8.396213e-01 4.298056e+01 -3.200000e+00
    endloop
  endfacet
  facet normal -6.087614e-01 7.933533e-01 -3.180332e-15
    outer loop
      vertex   -8.396213e-01 4.298056e+01 -7.000000e+00
      vertex   -8.396213e-01 4.298056e+01 -3.200000e+00
      vertex   -6.532252e-01 4.312359e+01 -7.000000e+00
    endloop
  endfacet
  facet normal -6.087614e-01 7.933533e-01 -3.180332e-15
    outer loop
      vertex   -6.532252e-01 4.312359e+01 -7.000000e+00
      vertex   -8.396213e-01 4.298056e+01 -3.200000e+00
      vertex   -6.532252e-01 4.312359e+01 -3.200000e+00
    endloop
  endfacet
  facet normal -7.933533e-01 6.087614e-01 -2.554731e-15
    outer loop
      vertex   -6.532252e-01 4.312359e+01 -7.000000e+00
      vertex   -6.532252e-01 4.312359e+01 -3.200000e+00
      vertex   -5.101984e-01 4.330998e+01 -7.000000e+00
    endloop
  endfacet
  facet normal -7.933533e-01 6.087614e-01 -2.392479e-15
    outer loop
      vertex   -5.101984e-01 4.330998e+01 -7.000000e+00
      vertex   -6.532252e-01 4.312359e+01 -3.200000e+00
      vertex   -5.101984e-01 4.330998e+01 -3.200000e+00
    endloop
  endfacet
  facet normal -9.238795e-01 3.826834e-01 -1.566083e-15
    outer loop
      vertex   -5.101984e-01 4.330998e+01 -7.000000e+00
      vertex   -5.101984e-01 4.330998e+01 -3.200000e+00
      vertex   -4.202881e-01 4.352705e+01 -7.000000e+00
    endloop
  endfacet
  facet normal -9.238795e-01 3.826834e-01 -1.350143e-15
    outer loop
      vertex   -4.202881e-01 4.352705e+01 -7.000000e+00
      vertex   -5.101984e-01 4.330998e+01 -3.200000e+00
      vertex   -4.202881e-01 4.352705e+01 -3.200000e+00
    endloop
  endfacet
  facet normal -9.914449e-01 -1.305262e-01 2.440643e-16
    outer loop
      vertex   2.697971e+01 4.399292e+01 6.000000e-01
      vertex   2.697971e+01 4.399292e+01 -3.200000e+00
      vertex   2.701038e+01 4.375998e+01 6.000000e-01
    endloop
  endfacet
  facet normal -9.914449e-01 -1.305262e-01 2.440643e-16
    outer loop
      vertex   2.701038e+01 4.375998e+01 6.000000e-01
      vertex   2.697971e+01 4.399292e+01 -3.200000e+00
      vertex   2.701038e+01 4.375998e+01 -3.200000e+00
    endloop
  endfacet
  facet normal -9.914449e-01 1.305262e-01 -2.440643e-16
    outer loop
      vertex   2.701038e+01 4.375998e+01 6.000000e-01
      vertex   2.701038e+01 4.375998e+01 -3.200000e+00
      vertex   2.697971e+01 4.352705e+01 6.000000e-01
    endloop
  endfacet
  facet normal -9.914449e-01 1.305262e-01 -2.440643e-16
    outer loop
      vertex   2.697971e+01 4.352705e+01 6.000000e-01
      vertex   2.701038e+01 4.375998e+01 -3.200000e+00
      vertex   2.697971e+01 4.352705e+01 -3.200000e+00
    endloop
  endfacet
  facet normal -9.238795e-01 3.826834e-01 -7.155603e-16
    outer loop
      vertex   2.697971e+01 4.352705e+01 6.000000e-01
      vertex   2.697971e+01 4.352705e+01 -3.200000e+00
      vertex   2.688980e+01 4.330998e+01 6.000000e-01
    endloop
  endfacet
  facet normal -9.238795e-01 3.826834e-01 -7.155603e-16
    outer loop
      vertex   2.688980e+01 4.330998e+01 6.000000e-01
      vertex   2.697971e+01 4.352705e+01 -3.200000e+00
      vertex   2.688980e+01 4.330998e+01 -3.200000e+00
    endloop
  endfacet
  facet normal -7.933533e-01 6.087614e-01 -1.138292e-15
    outer loop
      vertex   2.688980e+01 4.330998e+01 6.000000e-01
      vertex   2.688980e+01 4.330998e+01 -3.200000e+00
      vertex   2.674677e+01 4.312359e+01 6.000000e-01
    endloop
  endfacet
  facet normal -7.933533e-01 6.087614e-01 -1.138292e-15
    outer loop
      vertex   2.674677e+01 4.312359e+01 6.000000e-01
      vertex   2.688980e+01 4.330998e+01 -3.200000e+00
      vertex   2.674677e+01 4.312359e+01 -3.200000e+00
    endloop
  endfacet
  facet normal -6.087614e-01 7.933533e-01 -1.483451e-15
    outer loop
      vertex   2.674677e+01 4.312359e+01 6.000000e-01
      vertex   2.674677e+01 4.312359e+01 -3.200000e+00
      vertex   2.656038e+01 4.298056e+01 6.000000e-01
    endloop
  endfacet
  facet normal -6.087614e-01 7.933533e-01 -1.483451e-15
    outer loop
      vertex   2.656038e+01 4.298056e+01 6.000000e-01
      vertex   2.674677e+01 4.312359e+01 -3.200000e+00
      vertex   2.656038e+01 4.298056e+01 -3.200000e+00
    endloop
  endfacet
  facet normal -3.826834e-01 9.238795e-01 -1.727516e-15
    outer loop
      vertex   2.656038e+01 4.298056e+01 6.000000e-01
      vertex   2.656038e+01 4.298056e+01 -3.200000e+00
      vertex   2.634332e+01 4.289065e+01 6.000000e-01
    endloop
  endfacet
  facet normal -3.826834e-01 9.238795e-01 -1.727516e-15
    outer loop
      vertex   2.634332e+01 4.289065e+01 6.000000e-01
      vertex   2.656038e+01 4.298056e+01 -3.200000e+00
      vertex   2.634332e+01 4.289065e+01 -3.200000e+00
    endloop
  endfacet
  facet normal -1.305262e-01 9.914449e-01 -1.853852e-15
    outer loop
      vertex   2.634332e+01 4.289065e+01 6.000000e-01
      vertex   2.634332e+01 4.289065e+01 -3.200000e+00
      vertex   2.611038e+01 4.285998e+01 6.000000e-01
    endloop
  endfacet
  facet normal -1.305262e-01 9.914449e-01 -3.707705e-15
    outer loop
      vertex   2.611038e+01 4.285998e+01 6.000000e-01
      vertex   2.634332e+01 4.289065e+01 -3.200000e+00
      vertex   2.611038e+01 4.285998e+01 -3.200000e+00
    endloop
  endfacet
  facet normal 1.305262e-01 9.914449e-01 -3.707705e-15
    outer loop
      vertex   2.611038e+01 4.285998e+01 6.000000e-01
      vertex   2.611038e+01 4.285998e+01 -3.200000e+00
      vertex   2.587744e+01 4.289065e+01 6.000000e-01
    endloop
  endfacet
  facet normal 1.305262e-01 9.914449e-01 -1.853852e-15
    outer loop
      vertex   2.587744e+01 4.289065e+01 6.000000e-01
      vertex   2.611038e+01 4.285998e+01 -3.200000e+00
      vertex   2.587744e+01 4.289065e+01 -3.200000e+00
    endloop
  endfacet
  facet normal 3.826834e-01 9.238795e-01 -1.727516e-15
    outer loop
      vertex   2.587744e+01 4.289065e+01 6.000000e-01
      vertex   2.587744e+01 4.289065e+01 -3.200000e+00
      vertex   2.566038e+01 4.298056e+01 6.000000e-01
    endloop
  endfacet
  facet normal 3.826834e-01 9.238795e-01 -1.727516e-15
    outer loop
      vertex   2.566038e+01 4.298056e+01 6.000000e-01
      vertex   2.587744e+01 4.289065e+01 -3.200000e+00
      vertex   2.566038e+01 4.298056e+01 -3.200000e+00
    endloop
  endfacet
  facet normal 6.087614e-01 7.933533e-01 -1.483451e-15
    outer loop
      vertex   2.566038e+01 4.298056e+01 6.000000e-01
      vertex   2.566038e+01 4.298056e+01 -3.200000e+00
      vertex   2.547398e+01 4.312359e+01 6.000000e-01
    endloop
  endfacet
  facet normal 6.087614e-01 7.933533e-01 -1.483451e-15
    outer loop
      vertex   2.547398e+01 4.312359e+01 6.000000e-01
      vertex   2.566038e+01 4.298056e+01 -3.200000e+00
      vertex   2.547398e+01 4.312359e+01 -3.200000e+00
    endloop
  endfacet
  facet normal 7.933533e-01 6.087614e-01 -1.138292e-15
    outer loop
      vertex   2.547398e+01 4.312359e+01 6.000000e-01
      vertex   2.547398e+01 4.312359e+01 -3.200000e+00
      vertex   2.533096e+01 4.330998e+01 6.000000e-01
    endloop
  endfacet
  facet normal 7.933533e-01 6.087614e-01 -1.138292e-15
    outer loop
      vertex   2.533096e+01 4.330998e+01 6.000000e-01
      vertex   2.547398e+01 4.312359e+01 -3.200000e+00
      vertex   2.533096e+01 4.330998e+01 -3.200000e+00
    endloop
  endfacet
  facet normal 9.238795e-01 3.826834e-01 -7.155603e-16
    outer loop
      vertex   2.533096e+01 4.330998e+01 6.000000e-01
      vertex   2.533096e+01 4.330998e+01 -3.200000e+00
      vertex   2.524105e+01 4.352705e+01 6.000000e-01
    endloop
  endfacet
  facet normal 9.238795e-01 3.826834e-01 -7.155603e-16
    outer loop
      vertex   2.524105e+01 4.352705e+01 6.000000e-01
      vertex   2.533096e+01 4.330998e+01 -3.200000e+00
      vertex   2.524105e+01 4.352705e+01 -3.200000e+00
    endloop
  endfacet
  facet normal 9.914449e-01 1.305262e-01 -2.440643e-16
    outer loop
      vertex   2.524105e+01 4.352705e+01 6.000000e-01
      vertex   2.524105e+01 4.352705e+01 -3.200000e+00
      vertex   2.521038e+01 4.375998e+01 6.000000e-01
    endloop
  endfacet
  facet normal 9.914449e-01 1.305262e-01 -2.440643e-16
    outer loop
      vertex   2.521038e+01 4.375998e+01 6.000000e-01
      vertex   2.524105e+01 4.352705e+01 -3.200000e+00
      vertex   2.521038e+01 4.375998e+01 -3.200000e+00
    endloop
  endfacet
  facet normal 9.914449e-01 -1.305262e-01 2.440643e-16
    outer loop
      vertex   2.521038e+01 4.375998e+01 6.000000e-01
      vertex   2.521038e+01 4.375998e+01 -3.200000e+00
      vertex   2.524105e+01 4.399292e+01 6.000000e-01
    endloop
  endfacet
  facet normal 9.914449e-01 -1.305262e-01 2.440643e-16
    outer loop
      vertex   2.524105e+01 4.399292e+01 6.000000e-01
      vertex   2.521038e+01 4.375998e+01 -3.200000e+00
      vertex   2.524105e+01 4.399292e+01 -3.200000e+00
    endloop
  endfacet
  facet normal 9.238795e-01 -3.826834e-01 7.155603e-16
    outer loop
      vertex   2.524105e+01 4.399292e+01 6.000000e-01
      vertex   2.524105e+01 4.399292e+01 -3.200000e+00
      vertex   2.533096e+01 4.420998e+01 6.000000e-01
    endloop
  endfacet
  facet normal 9.238795e-01 -3.826834e-01 7.155603e-16
    outer loop
      vertex   2.533096e+01 4.420998e+01 6.000000e-01
      vertex   2.524105e+01 4.399292e+01 -3.200000e+00
      vertex   2.533096e+01 4.420998e+01 -3.200000e+00
    endloop
  endfacet
  facet normal 7.933533e-01 -6.087614e-01 1.138292e-15
    outer loop
      vertex   2.533096e+01 4.420998e+01 6.000000e-01
      vertex   2.533096e+01 4.420998e+01 -3.200000e+00
      vertex   2.547398e+01 4.439638e+01 6.000000e-01
    endloop
  endfacet
  facet normal 7.933533e-01 -6.087614e-01 1.138292e-15
    outer loop
      vertex   2.547398e+01 4.439638e+01 6.000000e-01
      vertex   2.533096e+01 4.420998e+01 -3.200000e+00
      vertex   2.547398e+01 4.439638e+01 -3.200000e+00
    endloop
  endfacet
  facet normal 6.087614e-01 -7.933533e-01 1.483451e-15
    outer loop
      vertex   2.547398e+01 4.439638e+01 6.000000e-01
      vertex   2.547398e+01 4.439638e+01 -3.200000e+00
      vertex   2.566038e+01 4.453941e+01 6.000000e-01
    endloop
  endfacet
  facet normal 6.087614e-01 -7.933533e-01 1.483451e-15
    outer loop
      vertex   2.566038e+01 4.453941e+01 6.000000e-01
      vertex   2.547398e+01 4.439638e+01 -3.200000e+00
      vertex   2.566038e+01 4.453941e+01 -3.200000e+00
    endloop
  endfacet
  facet normal 3.826834e-01 -9.238795e-01 1.727516e-15
    outer loop
      vertex   2.566038e+01 4.453941e+01 6.000000e-01
      vertex   2.566038e+01 4.453941e+01 -3.200000e+00
      vertex   2.587744e+01 4.462932e+01 6.000000e-01
    endloop
  endfacet
  facet normal 3.826834e-01 -9.238795e-01 3.455031e-15
    outer loop
      vertex   2.587744e+01 4.462932e+01 6.000000e-01
      vertex   2.566038e+01 4.453941e+01 -3.200000e+00
      vertex   2.587744e+01 4.462932e+01 -3.200000e+00
    endloop
  endfacet
  facet normal 1.305262e-01 -9.914449e-01 3.707705e-15
    outer loop
      vertex   2.587744e+01 4.462932e+01 6.000000e-01
      vertex   2.587744e+01 4.462932e+01 -3.200000e+00
      vertex   2.611038e+01 4.465998e+01 6.000000e-01
    endloop
  endfacet
  facet normal 1.305262e-01 -9.914449e-01 3.707705e-15
    outer loop
      vertex   2.611038e+01 4.465998e+01 6.000000e-01
      vertex   2.587744e+01 4.462932e+01 -3.200000e+00
      vertex   2.611038e+01 4.465998e+01 -3.200000e+00
    endloop
  endfacet
  facet normal -1.305262e-01 -9.914449e-01 3.707705e-15
    outer loop
      vertex   2.611038e+01 4.465998e+01 6.000000e-01
      vertex   2.611038e+01 4.465998e+01 -3.200000e+00
      vertex   2.634332e+01 4.462932e+01 6.000000e-01
    endloop
  endfacet
  facet normal -1.305262e-01 -9.914449e-01 3.707705e-15
    outer loop
      vertex   2.634332e+01 4.462932e+01 6.000000e-01
      vertex   2.611038e+01 4.465998e+01 -3.200000e+00
      vertex   2.634332e+01 4.462932e+01 -3.200000e+00
    endloop
  endfacet
  facet normal -3.826834e-01 -9.238795e-01 3.455031e-15
    outer loop
      vertex   2.634332e+01 4.462932e+01 6.000000e-01
      vertex   2.634332e+01 4.462932e+01 -3.200000e+00
      vertex   2.656038e+01 4.453941e+01 6.000000e-01
    endloop
  endfacet
  facet normal -3.826834e-01 -9.238795e-01 1.727516e-15
    outer loop
      vertex   2.656038e+01 4.453941e+01 6.000000e-01
      vertex   2.634332e+01 4.462932e+01 -3.200000e+00
      vertex   2.656038e+01 4.453941e+01 -3.200000e+00
    endloop
  endfacet
  facet normal -6.087614e-01 -7.933533e-01 1.483451e-15
    outer loop
      vertex   2.656038e+01 4.453941e+01 6.000000e-01
      vertex   2.656038e+01 4.453941e+01 -3.200000e+00
      vertex   2.674677e+01 4.439638e+01 6.000000e-01
    endloop
  endfacet
  facet normal -6.087614e-01 -7.933533e-01 1.483451e-15
    outer loop
      vertex   2.674677e+01 4.439638e+01 6.000000e-01
      vertex   2.656038e+01 4.453941e+01 -3.200000e+00
      vertex   2.674677e+01 4.439638e+01 -3.200000e+00
    endloop
  endfacet
  facet normal -7.933533e-01 -6.087614e-01 1.138292e-15
    outer loop
      vertex   2.674677e+01 4.439638e+01 6.000000e-01
      vertex   2.674677e+01 4.439638e+01 -3.200000e+00
      vertex   2.688980e+01 4.420998e+01 6.000000e-01
    endloop
  endfacet
  facet normal -7.933533e-01 -6.087614e-01 1.138292e-15
    outer loop
      vertex   2.688980e+01 4.420998e+01 6.000000e-01
      vertex   2.674677e+01 4.439638e+01 -3.200000e+00
      vertex   2.688980e+01 4.420998e+01 -3.200000e+00
    endloop
  endfacet
  facet normal -9.238795e-01 -3.826834e-01 7.155603e-16
    outer loop
      vertex   2.688980e+01 4.420998e+01 6.000000e-01
      vertex   2.688980e+01 4.420998e+01 -3.200000e+00
      vertex   2.697971e+01 4.399292e+01 6.000000e-01
    endloop
  endfacet
  facet normal -9.238795e-01 -3.826834e-01 7.155603e-16
    outer loop
      vertex   2.697971e+01 4.399292e+01 6.000000e-01
      vertex   2.688980e+01 4.420998e+01 -3.200000e+00
      vertex   2.697971e+01 4.399292e+01 -3.200000e+00
    endloop
  endfacet
  facet normal -9.914449e-01 1.305262e-01 -4.881286e-16
    outer loop
      vertex   2.697971e+01 4.352705e+01 -7.000000e+00
      vertex   2.697971e+01 4.352705e+01 -3.200000e+00
      vertex   2.701038e+01 4.375998e+01 -7.000000e+00
    endloop
  endfacet
  facet normal -9.914449e-01 1.305262e-01 -2.440643e-16
    outer loop
      vertex   2.701038e+01 4.375998e+01 -7.000000e+00
      vertex   2.697971e+01 4.352705e+01 -3.200000e+00
      vertex   2.701038e+01 4.375998e+01 -3.200000e+00
    endloop
  endfacet
  facet normal -9.914449e-01 -1.305262e-01 2.440643e-16
    outer loop
      vertex   2.701038e+01 4.375998e+01 -7.000000e+00
      vertex   2.701038e+01 4.375998e+01 -3.200000e+00
      vertex   2.697971e+01 4.399292e+01 -7.000000e+00
    endloop
  endfacet
  facet normal -9.914449e-01 -1.305262e-01 2.440643e-16
    outer loop
      vertex   2.697971e+01 4.399292e+01 -7.000000e+00
      vertex   2.701038e+01 4.375998e+01 -3.200000e+00
      vertex   2.697971e+01 4.399292e+01 -3.200000e+00
    endloop
  endfacet
  facet normal -9.238795e-01 -3.826834e-01 7.155603e-16
    outer loop
      vertex   2.697971e+01 4.399292e+01 -7.000000e+00
      vertex   2.697971e+01 4.399292e+01 -3.200000e+00
      vertex   2.688980e+01 4.420998e+01 -7.000000e+00
    endloop
  endfacet
  facet normal -9.238795e-01 -3.826834e-01 7.155603e-16
    outer loop
      vertex   2.688980e+01 4.420998e+01 -7.000000e+00
      vertex   2.697971e+01 4.399292e+01 -3.200000e+00
      vertex   2.688980e+01 4.420998e+01 -3.200000e+00
    endloop
  endfacet
  facet normal -7.933533e-01 -6.087614e-01 1.138292e-15
    outer loop
      vertex   2.688980e+01 4.420998e+01 -7.000000e+00
      vertex   2.688980e+01 4.420998e+01 -3.200000e+00
      vertex   2.674677e+01 4.439638e+01 -7.000000e+00
    endloop
  endfacet
  facet normal -7.933533e-01 -6.087614e-01 1.138292e-15
    outer loop
      vertex   2.674677e+01 4.439638e+01 -7.000000e+00
      vertex   2.688980e+01 4.420998e+01 -3.200000e+00
      vertex   2.674677e+01 4.439638e+01 -3.200000e+00
    endloop
  endfacet
  facet normal -6.087614e-01 -7.933533e-01 1.483451e-15
    outer loop
      vertex   2.674677e+01 4.439638e+01 -7.000000e+00
      vertex   2.674677e+01 4.439638e+01 -3.200000e+00
      vertex   2.656038e+01 4.453941e+01 -7.000000e+00
    endloop
  endfacet
  facet normal -6.087614e-01 -7.933533e-01 1.483451e-15
    outer loop
      vertex   2.656038e+01 4.453941e+01 -7.000000e+00
      vertex   2.674677e+01 4.439638e+01 -3.200000e+00
      vertex   2.656038e+01 4.453941e+01 -3.200000e+00
    endloop
  endfacet
  facet normal -3.826834e-01 -9.238795e-01 1.727516e-15
    outer loop
      vertex   2.656038e+01 4.453941e+01 -7.000000e+00
      vertex   2.656038e+01 4.453941e+01 -3.200000e+00
      vertex   2.634332e+01 4.462932e+01 -7.000000e+00
    endloop
  endfacet
  facet normal -3.826834e-01 -9.238795e-01 1.727516e-15
    outer loop
      vertex   2.634332e+01 4.462932e+01 -7.000000e+00
      vertex   2.656038e+01 4.453941e+01 -3.200000e+00
      vertex   2.634332e+01 4.462932e+01 -3.200000e+00
    endloop
  endfacet
  facet normal -1.305262e-01 -9.914449e-01 1.853852e-15
    outer loop
      vertex   2.634332e+01 4.462932e+01 -7.000000e+00
      vertex   2.634332e+01 4.462932e+01 -3.200000e+00
      vertex   2.611038e+01 4.465998e+01 -7.000000e+00
    endloop
  endfacet
  facet normal -1.305262e-01 -9.914449e-01 1.853852e-15
    outer loop
      vertex   2.611038e+01 4.465998e+01 -7.000000e+00
      vertex   2.634332e+01 4.462932e+01 -3.200000e+00
      vertex   2.611038e+01 4.465998e+01 -3.200000e+00
    endloop
  endfacet
  facet normal 1.305262e-01 -9.914449e-01 1.853852e-15
    outer loop
      vertex   2.611038e+01 4.465998e+01 -7.000000e+00
      vertex   2.611038e+01 4.465998e+01 -3.200000e+00
      vertex   2.587744e+01 4.462932e+01 -7.000000e+00
    endloop
  endfacet
  facet normal 1.305262e-01 -9.914449e-01 1.853852e-15
    outer loop
      vertex   2.587744e+01 4.462932e+01 -7.000000e+00
      vertex   2.611038e+01 4.465998e+01 -3.200000e+00
      vertex   2.587744e+01 4.462932e+01 -3.200000e+00
    endloop
  endfacet
  facet normal 3.826834e-01 -9.238795e-01 1.727516e-15
    outer loop
      vertex   2.587744e+01 4.462932e+01 -7.000000e+00
      vertex   2.587744e+01 4.462932e+01 -3.200000e+00
      vertex   2.566038e+01 4.453941e+01 -7.000000e+00
    endloop
  endfacet
  facet normal 3.826834e-01 -9.238795e-01 1.727516e-15
    outer loop
      vertex   2.566038e+01 4.453941e+01 -7.000000e+00
      vertex   2.587744e+01 4.462932e+01 -3.200000e+00
      vertex   2.566038e+01 4.453941e+01 -3.200000e+00
    endloop
  endfacet
  facet normal 6.087614e-01 -7.933533e-01 1.483451e-15
    outer loop
      vertex   2.566038e+01 4.453941e+01 -7.000000e+00
      vertex   2.566038e+01 4.453941e+01 -3.200000e+00
      vertex   2.547398e+01 4.439638e+01 -7.000000e+00
    endloop
  endfacet
  facet normal 6.087614e-01 -7.933533e-01 1.483451e-15
    outer loop
      vertex   2.547398e+01 4.439638e+01 -7.000000e+00
      vertex   2.566038e+01 4.453941e+01 -3.200000e+00
      vertex   2.547398e+01 4.439638e+01 -3.200000e+00
    endloop
  endfacet
  facet normal 7.933533e-01 -6.087614e-01 1.138292e-15
    outer loop
      vertex   2.547398e+01 4.439638e+01 -7.000000e+00
      vertex   2.547398e+01 4.439638e+01 -3.200000e+00
      vertex   2.533096e+01 4.420998e+01 -7.000000e+00
    endloop
  endfacet
  facet normal 7.933533e-01 -6.087614e-01 1.138292e-15
    outer loop
      vertex   2.533096e+01 4.420998e+01 -7.000000e+00
      vertex   2.547398e+01 4.439638e+01 -3.200000e+00
      vertex   2.533096e+01 4.420998e+01 -3.200000e+00
    endloop
  endfacet
  facet normal 9.238795e-01 -3.826834e-01 7.155603e-16
    outer loop
      vertex   2.533096e+01 4.420998e+01 -7.000000e+00
      vertex   2.533096e+01 4.420998e+01 -3.200000e+00
      vertex   2.524105e+01 4.399292e+01 -7.000000e+00
    endloop
  endfacet
  facet normal 9.238795e-01 -3.826834e-01 7.155603e-16
    outer loop
      vertex   2.524105e+01 4.399292e+01 -7.000000e+00
      vertex   2.533096e+01 4.420998e+01 -3.200000e+00
      vertex   2.524105e+01 4.399292e+01 -3.200000e+00
    endloop
  endfacet
  facet normal 9.914449e-01 -1.305262e-01 2.440643e-16
    outer loop
      vertex   2.524105e+01 4.399292e+01 -7.000000e+00
      vertex   2.524105e+01 4.399292e+01 -3.200000e+00
      vertex   2.521038e+01 4.375998e+01 -7.000000e+00
    endloop
  endfacet
  facet normal 9.914449e-01 -1.305262e-01 2.440643e-16
    outer loop
      vertex   2.521038e+01 4.375998e+01 -7.000000e+00
      vertex   2.524105e+01 4.399292e+01 -3.200000e+00
      vertex   2.521038e+01 4.375998e+01 -3.200000e+00
    endloop
  endfacet
  facet normal 9.914449e-01 1.305262e-01 -2.440643e-16
    outer loop
      vertex   2.521038e+01 4.375998e+01 -7.000000e+00
      vertex   2.521038e+01 4.375998e+01 -3.200000e+00
      vertex   2.524105e+01 4.352705e+01 -7.000000e+00
    endloop
  endfacet
  facet normal 9.914449e-01 1.305262e-01 -4.881286e-16
    outer loop
      vertex   2.524105e+01 4.352705e+01 -7.000000e+00
      vertex   2.521038e+01 4.375998e+01 -3.200000e+00
      vertex   2.524105e+01 4.352705e+01 -3.200000e+00
    endloop
  endfacet
  facet normal 9.238795e-01 3.826834e-01 -1.431121e-15
    outer loop
      vertex   2.524105e+01 4.352705e+01 -7.000000e+00
      vertex   2.524105e+01 4.352705e+01 -3.200000e+00
      vertex   2.533096e+01 4.330998e+01 -7.000000e+00
    endloop
  endfacet
  facet normal 9.238795e-01 3.826834e-01 -1.431121e-15
    outer loop
      vertex   2.533096e+01 4.330998e+01 -7.000000e+00
      vertex   2.524105e+01 4.352705e+01 -3.200000e+00
      vertex   2.533096e+01 4.330998e+01 -3.200000e+00
    endloop
  endfacet
  facet normal 7.933533e-01 6.087614e-01 -2.276584e-15
    outer loop
      vertex   2.533096e+01 4.330998e+01 -7.000000e+00
      vertex   2.533096e+01 4.330998e+01 -3.200000e+00
      vertex   2.547398e+01 4.312359e+01 -7.000000e+00
    endloop
  endfacet
  facet normal 7.933533e-01 6.087614e-01 -2.276584e-15
    outer loop
      vertex   2.547398e+01 4.312359e+01 -7.000000e+00
      vertex   2.533096e+01 4.330998e+01 -3.200000e+00
      vertex   2.547398e+01 4.312359e+01 -3.200000e+00
    endloop
  endfacet
  facet normal 6.087614e-01 7.933533e-01 -2.966902e-15
    outer loop
      vertex   2.547398e+01 4.312359e+01 -7.000000e+00
      vertex   2.547398e+01 4.312359e+01 -3.200000e+00
      vertex   2.566038e+01 4.298056e+01 -7.000000e+00
    endloop
  endfacet
  facet normal 6.087614e-01 7.933533e-01 -2.966902e-15
    outer loop
      vertex   2.566038e+01 4.298056e+01 -7.000000e+00
      vertex   2.547398e+01 4.312359e+01 -3.200000e+00
      vertex   2.566038e+01 4.298056e+01 -3.200000e+00
    endloop
  endfacet
  facet normal 3.826834e-01 9.238795e-01 -3.455031e-15
    outer loop
      vertex   2.566038e+01 4.298056e+01 -7.000000e+00
      vertex   2.566038e+01 4.298056e+01 -3.200000e+00
      vertex   2.587744e+01 4.289065e+01 -7.000000e+00
    endloop
  endfacet
  facet normal 3.826834e-01 9.238795e-01 -1.727516e-15
    outer loop
      vertex   2.587744e+01 4.289065e+01 -7.000000e+00
      vertex   2.566038e+01 4.298056e+01 -3.200000e+00
      vertex   2.587744e+01 4.289065e+01 -3.200000e+00
    endloop
  endfacet
  facet normal 1.305262e-01 9.914449e-01 -1.853852e-15
    outer loop
      vertex   2.587744e+01 4.289065e+01 -7.000000e+00
      vertex   2.587744e+01 4.289065e+01 -3.200000e+00
      vertex   2.611038e+01 4.285998e+01 -7.000000e+00
    endloop
  endfacet
  facet normal 1.305262e-01 9.914449e-01 -1.853852e-15
    outer loop
      vertex   2.611038e+01 4.285998e+01 -7.000000e+00
      vertex   2.587744e+01 4.289065e+01 -3.200000e+00
      vertex   2.611038e+01 4.285998e+01 -3.200000e+00
    endloop
  endfacet
  facet normal -1.305262e-01 9.914449e-01 -1.853852e-15
    outer loop
      vertex   2.611038e+01 4.285998e+01 -7.000000e+00
      vertex   2.611038e+01 4.285998e+01 -3.200000e+00
      vertex   2.634332e+01 4.289065e+01 -7.000000e+00
    endloop
  endfacet
  facet normal -1.305262e-01 9.914449e-01 -1.853852e-15
    outer loop
      vertex   2.634332e+01 4.289065e+01 -7.000000e+00
      vertex   2.611038e+01 4.285998e+01 -3.200000e+00
      vertex   2.634332e+01 4.289065e+01 -3.200000e+00
    endloop
  endfacet
  facet normal -3.826834e-01 9.238795e-01 -1.727516e-15
    outer loop
      vertex   2.634332e+01 4.289065e+01 -7.000000e+00
      vertex   2.634332e+01 4.289065e+01 -3.200000e+00
      vertex   2.656038e+01 4.298056e+01 -7.000000e+00
    endloop
  endfacet
  facet normal -3.826834e-01 9.238795e-01 -3.455031e-15
    outer loop
      vertex   2.656038e+01 4.298056e+01 -7.000000e+00
      vertex   2.634332e+01 4.289065e+01 -3.200000e+00
      vertex   2.656038e+01 4.298056e+01 -3.200000e+00
    endloop
  endfacet
  facet normal -6.087614e-01 7.933533e-01 -2.966902e-15
    outer loop
      vertex   2.656038e+01 4.298056e+01 -7.000000e+00
      vertex   2.656038e+01 4.298056e+01 -3.200000e+00
      vertex   2.674677e+01 4.312359e+01 -7.000000e+00
    endloop
  endfacet
  facet normal -6.087614e-01 7.933533e-01 -2.966902e-15
    outer loop
      vertex   2.674677e+01 4.312359e+01 -7.000000e+00
      vertex   2.656038e+01 4.298056e+01 -3.200000e+00
      vertex   2.674677e+01 4.312359e+01 -3.200000e+00
    endloop
  endfacet
  facet normal -7.933533e-01 6.087614e-01 -2.276584e-15
    outer loop
      vertex   2.674677e+01 4.312359e+01 -7.000000e+00
      vertex   2.674677e+01 4.312359e+01 -3.200000e+00
      vertex   2.688980e+01 4.330998e+01 -7.000000e+00
    endloop
  endfacet
  facet normal -7.933533e-01 6.087614e-01 -2.276584e-15
    outer loop
      vertex   2.688980e+01 4.330998e+01 -7.000000e+00
      vertex   2.674677e+01 4.312359e+01 -3.200000e+00
      vertex   2.688980e+01 4.330998e+01 -3.200000e+00
    endloop
  endfacet
  facet normal -9.238795e-01 3.826834e-01 -1.431121e-15
    outer loop
      vertex   2.688980e+01 4.330998e+01 -7.000000e+00
      vertex   2.688980e+01 4.330998e+01 -3.200000e+00
      vertex   2.697971e+01 4.352705e+01 -7.000000e+00
    endloop
  endfacet
  facet normal -9.238795e-01 3.826834e-01 -1.431121e-15
    outer loop
      vertex   2.697971e+01 4.352705e+01 -7.000000e+00
      vertex   2.688980e+01 4.330998e+01 -3.200000e+00
      vertex   2.697971e+01 4.352705e+01 -3.200000e+00
    endloop
  endfacet
  facet normal -9.957342e-01 -9.226836e-02 -0.000000e+00
    outer loop
      vertex   1.154855e+01 3.418261e+01 6.000000e-01
      vertex   1.154855e+01 3.418261e+01 -3.400000e+00
      vertex   1.158771e+01 3.375998e+01 6.000000e-01
    endloop
  endfacet
  facet normal -9.957342e-01 -9.226836e-02 -0.000000e+00
    outer loop
      vertex   1.158771e+01 3.375998e+01 6.000000e-01
      vertex   1.154855e+01 3.418261e+01 -3.400000e+00
      vertex   1.158771e+01 3.375998e+01 -3.400000e+00
    endloop
  endfacet
  facet normal -9.957342e-01 9.226836e-02 0.000000e+00
    outer loop
      vertex   1.158771e+01 3.375998e+01 6.000000e-01
      vertex   1.158771e+01 3.375998e+01 -3.400000e+00
      vertex   1.154855e+01 3.333736e+01 6.000000e-01
    endloop
  endfacet
  facet normal -9.957342e-01 9.226836e-02 0.000000e+00
    outer loop
      vertex   1.154855e+01 3.333736e+01 6.000000e-01
      vertex   1.158771e+01 3.375998e+01 -3.400000e+00
      vertex   1.154855e+01 3.333736e+01 -3.400000e+00
    endloop
  endfacet
  facet normal -9.618256e-01 2.736630e-01 0.000000e+00
    outer loop
      vertex   1.154855e+01 3.333736e+01 6.000000e-01
      vertex   1.154855e+01 3.333736e+01 -3.400000e+00
      vertex   1.143240e+01 3.292913e+01 6.000000e-01
    endloop
  endfacet
  facet normal -9.618256e-01 2.736630e-01 0.000000e+00
    outer loop
      vertex   1.143240e+01 3.292913e+01 6.000000e-01
      vertex   1.154855e+01 3.333736e+01 -3.400000e+00
      vertex   1.143240e+01 3.292913e+01 -3.400000e+00
    endloop
  endfacet
  facet normal -8.951633e-01 4.457384e-01 0.000000e+00
    outer loop
      vertex   1.143240e+01 3.292913e+01 6.000000e-01
      vertex   1.143240e+01 3.292913e+01 -3.400000e+00
      vertex   1.124321e+01 3.254919e+01 6.000000e-01
    endloop
  endfacet
  facet normal -8.951633e-01 4.457384e-01 0.000000e+00
    outer loop
      vertex   1.124321e+01 3.254919e+01 6.000000e-01
      vertex   1.143240e+01 3.292913e+01 -3.400000e+00
      vertex   1.124321e+01 3.254919e+01 -3.400000e+00
    endloop
  endfacet
  facet normal -7.980172e-01 6.026346e-01 0.000000e+00
    outer loop
      vertex   1.124321e+01 3.254919e+01 6.000000e-01
      vertex   1.124321e+01 3.254919e+01 -3.400000e+00
      vertex   1.098743e+01 3.221048e+01 6.000000e-01
    endloop
  endfacet
  facet normal -7.980172e-01 6.026346e-01 0.000000e+00
    outer loop
      vertex   1.098743e+01 3.221048e+01 6.000000e-01
      vertex   1.124321e+01 3.254919e+01 -3.400000e+00
      vertex   1.098743e+01 3.221048e+01 -3.400000e+00
    endloop
  endfacet
  facet normal -6.736956e-01 7.390089e-01 0.000000e+00
    outer loop
      vertex   1.098743e+01 3.221048e+01 6.000000e-01
      vertex   1.098743e+01 3.221048e+01 -3.400000e+00
      vertex   1.067377e+01 3.192454e+01 6.000000e-01
    endloop
  endfacet
  facet normal -6.736956e-01 7.390089e-01 0.000000e+00
    outer loop
      vertex   1.067377e+01 3.192454e+01 6.000000e-01
      vertex   1.098743e+01 3.221048e+01 -3.400000e+00
      vertex   1.067377e+01 3.192454e+01 -3.400000e+00
    endloop
  endfacet
  facet normal -5.264322e-01 8.502171e-01 0.000000e+00
    outer loop
      vertex   1.067377e+01 3.192454e+01 6.000000e-01
      vertex   1.067377e+01 3.192454e+01 -3.400000e+00
      vertex   1.031291e+01 3.170111e+01 6.000000e-01
    endloop
  endfacet
  facet normal -5.264322e-01 8.502171e-01 0.000000e+00
    outer loop
      vertex   1.031291e+01 3.170111e+01 6.000000e-01
      vertex   1.067377e+01 3.192454e+01 -3.400000e+00
      vertex   1.031291e+01 3.170111e+01 -3.400000e+00
    endloop
  endfacet
  facet normal -3.612417e-01 9.324722e-01 0.000000e+00
    outer loop
      vertex   1.031291e+01 3.170111e+01 6.000000e-01
      vertex   1.031291e+01 3.170111e+01 -3.400000e+00
      vertex   9.917138e+00 3.154778e+01 6.000000e-01
    endloop
  endfacet
  facet normal -3.612417e-01 9.324722e-01 0.000000e+00
    outer loop
      vertex   9.917138e+00 3.154778e+01 6.000000e-01
      vertex   1.031291e+01 3.170111e+01 -3.400000e+00
      vertex   9.917138e+00 3.154778e+01 -3.400000e+00
    endloop
  endfacet
  facet normal -1.837495e-01 9.829731e-01 0.000000e+00
    outer loop
      vertex   9.917138e+00 3.154778e+01 6.000000e-01
      vertex   9.917138e+00 3.154778e+01 -3.400000e+00
      vertex   9.499931e+00 3.146979e+01 6.000000e-01
    endloop
  endfacet
  facet normal -1.837495e-01 9.829731e-01 0.000000e+00
    outer loop
      vertex   9.499931e+00 3.146979e+01 6.000000e-01
      vertex   9.917138e+00 3.154778e+01 -3.400000e+00
      vertex   9.499931e+00 3.146979e+01 -3.400000e+00
    endloop
  endfacet
  facet normal 0.000000e+00 1.000000e+00 0.000000e+00
    outer loop
      vertex   9.499931e+00 3.146979e+01 6.000000e-01
      vertex   9.499931e+00 3.146979e+01 -3.400000e+00
      vertex   9.075496e+00 3.146979e+01 6.000000e-01
    endloop
  endfacet
  facet normal 0.000000e+00 1.000000e+00 0.000000e+00
    outer loop
      vertex   9.075496e+00 3.146979e+01 6.000000e-01
      vertex   9.499931e+00 3.146979e+01 -3.400000e+00
      vertex   9.075496e+00 3.146979e+01 -3.400000e+00
    endloop
  endfacet
  facet normal 1.837495e-01 9.829731e-01 0.000000e+00
    outer loop
      vertex   9.075496e+00 3.146979e+01 6.000000e-01
      vertex   9.075496e+00 3.146979e+01 -3.400000e+00
      vertex   8.658289e+00 3.154778e+01 6.000000e-01
    endloop
  endfacet
  facet normal 1.837495e-01 9.829731e-01 0.000000e+00
    outer loop
      vertex   8.658289e+00 3.154778e+01 6.000000e-01
      vertex   9.075496e+00 3.146979e+01 -3.400000e+00
      vertex   8.658289e+00 3.154778e+01 -3.400000e+00
    endloop
  endfacet
  facet normal 3.612417e-01 9.324722e-01 0.000000e+00
    outer loop
      vertex   8.658289e+00 3.154778e+01 6.000000e-01
      vertex   8.658289e+00 3.154778e+01 -3.400000e+00
      vertex   8.262515e+00 3.170111e+01 6.000000e-01
    endloop
  endfacet
  facet normal 3.612417e-01 9.324722e-01 0.000000e+00
    outer loop
      vertex   8.262515e+00 3.170111e+01 6.000000e-01
      vertex   8.658289e+00 3.154778e+01 -3.400000e+00
      vertex   8.262515e+00 3.170111e+01 -3.400000e+00
    endloop
  endfacet
  facet normal 5.264322e-01 8.502171e-01 0.000000e+00
    outer loop
      vertex   8.262515e+00 3.170111e+01 6.000000e-01
      vertex   8.262515e+00 3.170111e+01 -3.400000e+00
      vertex   7.901654e+00 3.192454e+01 6.000000e-01
    endloop
  endfacet
  facet normal 5.264322e-01 8.502171e-01 0.000000e+00
    outer loop
      vertex   7.901654e+00 3.192454e+01 6.000000e-01
      vertex   8.262515e+00 3.170111e+01 -3.400000e+00
      vertex   7.901654e+00 3.192454e+01 -3.400000e+00
    endloop
  endfacet
  facet normal 6.736956e-01 7.390089e-01 0.000000e+00
    outer loop
      vertex   7.901654e+00 3.192454e+01 6.000000e-01
      vertex   7.901654e+00 3.192454e+01 -3.400000e+00
      vertex   7.587993e+00 3.221048e+01 6.000000e-01
    endloop
  endfacet
  facet normal 6.736956e-01 7.390089e-01 0.000000e+00
    outer loop
      vertex   7.587993e+00 3.221048e+01 6.000000e-01
      vertex   7.901654e+00 3.192454e+01 -3.400000e+00
      vertex   7.587993e+00 3.221048e+01 -3.400000e+00
    endloop
  endfacet
  facet normal 7.980172e-01 6.026346e-01 0.000000e+00
    outer loop
      vertex   7.587993e+00 3.221048e+01 6.000000e-01
      vertex   7.587993e+00 3.221048e+01 -3.400000e+00
      vertex   7.332214e+00 3.254919e+01 6.000000e-01
    endloop
  endfacet
  facet normal 7.980172e-01 6.026346e-01 0.000000e+00
    outer loop
      vertex   7.332214e+00 3.254919e+01 6.000000e-01
      vertex   7.587993e+00 3.221048e+01 -3.400000e+00
      vertex   7.332214e+00 3.254919e+01 -3.400000e+00
    endloop
  endfacet
  facet normal 8.951633e-01 4.457384e-01 0.000000e+00
    outer loop
      vertex   7.332214e+00 3.254919e+01 6.000000e-01
      vertex   7.332214e+00 3.254919e+01 -3.400000e+00
      vertex   7.143027e+00 3.292913e+01 6.000000e-01
    endloop
  endfacet
  facet normal 8.951633e-01 4.457384e-01 0.000000e+00
    outer loop
      vertex   7.143027e+00 3.292913e+01 6.000000e-01
      vertex   7.332214e+00 3.254919e+01 -3.400000e+00
      vertex   7.143027e+00 3.292913e+01 -3.400000e+00
    endloop
  endfacet
  facet normal 9.618256e-01 2.736630e-01 0.000000e+00
    outer loop
      vertex   7.143027e+00 3.292913e+01 6.000000e-01
      vertex   7.143027e+00 3.292913e+01 -3.400000e+00
      vertex   7.026875e+00 3.333736e+01 6.000000e-01
    endloop
  endfacet
  facet normal 9.618256e-01 2.736630e-01 0.000000e+00
    outer loop
      vertex   7.026875e+00 3.333736e+01 6.000000e-01
      vertex   7.143027e+00 3.292913e+01 -3.400000e+00
      vertex   7.026875e+00 3.333736e+01 -3.400000e+00
    endloop
  endfacet
  facet normal 9.957342e-01 9.226836e-02 0.000000e+00
    outer loop
      vertex   7.026875e+00 3.333736e+01 6.000000e-01
      vertex   7.026875e+00 3.333736e+01 -3.400000e+00
      vertex   6.987713e+00 3.375998e+01 6.000000e-01
    endloop
  endfacet
  facet normal 9.957342e-01 9.226836e-02 0.000000e+00
    outer loop
      vertex   6.987713e+00 3.375998e+01 6.000000e-01
      vertex   7.026875e+00 3.333736e+01 -3.400000e+00
      vertex   6.987713e+00 3.375998e+01 -3.400000e+00
    endloop
  endfacet
  facet normal 9.957342e-01 -9.226836e-02 0.000000e+00
    outer loop
      vertex   6.987713e+00 3.375998e+01 6.000000e-01
      vertex   6.987713e+00 3.375998e+01 -3.400000e+00
      vertex   7.026875e+00 3.418261e+01 6.000000e-01
    endloop
  endfacet
  facet normal 9.957342e-01 -9.226836e-02 0.000000e+00
    outer loop
      vertex   7.026875e+00 3.418261e+01 6.000000e-01
      vertex   6.987713e+00 3.375998e+01 -3.400000e+00
      vertex   7.026875e+00 3.418261e+01 -3.400000e+00
    endloop
  endfacet
  facet normal 9.618256e-01 -2.736630e-01 0.000000e+00
    outer loop
      vertex   7.026875e+00 3.418261e+01 6.000000e-01
      vertex   7.026875e+00 3.418261e+01 -3.400000e+00
      vertex   7.143027e+00 3.459084e+01 6.000000e-01
    endloop
  endfacet
  facet normal 9.618256e-01 -2.736630e-01 0.000000e+00
    outer loop
      vertex   7.143027e+00 3.459084e+01 6.000000e-01
      vertex   7.026875e+00 3.418261e+01 -3.400000e+00
      vertex   7.143027e+00 3.459084e+01 -3.400000e+00
    endloop
  endfacet
  facet normal 8.951633e-01 -4.457384e-01 0.000000e+00
    outer loop
      vertex   7.143027e+00 3.459084e+01 6.000000e-01
      vertex   7.143027e+00 3.459084e+01 -3.400000e+00
      vertex   7.332214e+00 3.497078e+01 6.000000e-01
    endloop
  endfacet
  facet normal 8.951633e-01 -4.457384e-01 0.000000e+00
    outer loop
      vertex   7.332214e+00 3.497078e+01 6.000000e-01
      vertex   7.143027e+00 3.459084e+01 -3.400000e+00
      vertex   7.332214e+00 3.497078e+01 -3.400000e+00
    endloop
  endfacet
  facet normal 7.980172e-01 -6.026346e-01 0.000000e+00
    outer loop
      vertex   7.332214e+00 3.497078e+01 6.000000e-01
      vertex   7.332214e+00 3.497078e+01 -3.400000e+00
      vertex   7.587993e+00 3.530948e+01 6.000000e-01
    endloop
  endfacet
  facet normal 7.980172e-01 -6.026346e-01 0.000000e+00
    outer loop
      vertex   7.587993e+00 3.530948e+01 6.000000e-01
      vertex   7.332214e+00 3.497078e+01 -3.400000e+00
      vertex   7.587993e+00 3.530948e+01 -3.400000e+00
    endloop
  endfacet
  facet normal 6.736956e-01 -7.390089e-01 0.000000e+00
    outer loop
      vertex   7.587993e+00 3.530948e+01 6.000000e-01
      vertex   7.587993e+00 3.530948e+01 -3.400000e+00
      vertex   7.901654e+00 3.559542e+01 6.000000e-01
    endloop
  endfacet
  facet normal 6.736956e-01 -7.390089e-01 0.000000e+00
    outer loop
      vertex   7.901654e+00 3.559542e+01 6.000000e-01
      vertex   7.587993e+00 3.530948e+01 -3.400000e+00
      vertex   7.901654e+00 3.559542e+01 -3.400000e+00
    endloop
  endfacet
  facet normal 5.264322e-01 -8.502171e-01 0.000000e+00
    outer loop
      vertex   7.901654e+00 3.559542e+01 6.000000e-01
      vertex   7.901654e+00 3.559542e+01 -3.400000e+00
      vertex   8.262515e+00 3.581886e+01 6.000000e-01
    endloop
  endfacet
  facet normal 5.264322e-01 -8.502171e-01 0.000000e+00
    outer loop
      vertex   8.262515e+00 3.581886e+01 6.000000e-01
      vertex   7.901654e+00 3.559542e+01 -3.400000e+00
      vertex   8.262515e+00 3.581886e+01 -3.400000e+00
    endloop
  endfacet
  facet normal 3.612417e-01 -9.324722e-01 0.000000e+00
    outer loop
      vertex   8.262515e+00 3.581886e+01 6.000000e-01
      vertex   8.262515e+00 3.581886e+01 -3.400000e+00
      vertex   8.658289e+00 3.597218e+01 6.000000e-01
    endloop
  endfacet
  facet normal 3.612417e-01 -9.324722e-01 0.000000e+00
    outer loop
      vertex   8.658289e+00 3.597218e+01 6.000000e-01
      vertex   8.262515e+00 3.581886e+01 -3.400000e+00
      vertex   8.658289e+00 3.597218e+01 -3.400000e+00
    endloop
  endfacet
  facet normal 1.837495e-01 -9.829731e-01 0.000000e+00
    outer loop
      vertex   8.658289e+00 3.597218e+01 6.000000e-01
      vertex   8.658289e+00 3.597218e+01 -3.400000e+00
      vertex   9.075496e+00 3.605017e+01 6.000000e-01
    endloop
  endfacet
  facet normal 1.837495e-01 -9.829731e-01 0.000000e+00
    outer loop
      vertex   9.075496e+00 3.605017e+01 6.000000e-01
      vertex   8.658289e+00 3.597218e+01 -3.400000e+00
      vertex   9.075496e+00 3.605017e+01 -3.400000e+00
    endloop
  endfacet
  facet normal 0.000000e+00 -1.000000e+00 0.000000e+00
    outer loop
      vertex   9.075496e+00 3.605017e+01 6.000000e-01
      vertex   9.075496e+00 3.605017e+01 -3.400000e+00
      vertex   9.499931e+00 3.605017e+01 6.000000e-01
    endloop
  endfacet
  facet normal 0.000000e+00 -1.000000e+00 -0.000000e+00
    outer loop
      vertex   9.499931e+00 3.605017e+01 6.000000e-01
      vertex   9.075496e+00 3.605017e+01 -3.400000e+00
      vertex   9.499931e+00 3.605017e+01 -3.400000e+00
    endloop
  endfacet
  facet normal -1.837495e-01 -9.829731e-01 -0.000000e+00
    outer loop
      vertex   9.499931e+00 3.605017e+01 6.000000e-01
      vertex   9.499931e+00 3.605017e+01 -3.400000e+00
      vertex   9.917138e+00 3.597218e+01 6.000000e-01
    endloop
  endfacet
  facet normal -1.837495e-01 -9.829731e-01 -0.000000e+00
    outer loop
      vertex   9.917138e+00 3.597218e+01 6.000000e-01
      vertex   9.499931e+00 3.605017e+01 -3.400000e+00
      vertex   9.917138e+00 3.597218e+01 -3.400000e+00
    endloop
  endfacet
  facet normal -3.612417e-01 -9.324722e-01 -0.000000e+00
    outer loop
      vertex   9.917138e+00 3.597218e+01 6.000000e-01
      vertex   9.917138e+00 3.597218e+01 -3.400000e+00
      vertex   1.031291e+01 3.581886e+01 6.000000e-01
    endloop
  endfacet
  facet normal -3.612417e-01 -9.324722e-01 -0.000000e+00
    outer loop
      vertex   1.031291e+01 3.581886e+01 6.000000e-01
      vertex   9.917138e+00 3.597218e+01 -3.400000e+00
      vertex   1.031291e+01 3.581886e+01 -3.400000e+00
    endloop
  endfacet
  facet normal -5.264322e-01 -8.502171e-01 -0.000000e+00
    outer loop
      vertex   1.031291e+01 3.581886e+01 6.000000e-01
      vertex   1.031291e+01 3.581886e+01 -3.400000e+00
      vertex   1.067377e+01 3.559542e+01 6.000000e-01
    endloop
  endfacet
  facet normal -5.264322e-01 -8.502171e-01 -0.000000e+00
    outer loop
      vertex   1.067377e+01 3.559542e+01 6.000000e-01
      vertex   1.031291e+01 3.581886e+01 -3.400000e+00
      vertex   1.067377e+01 3.559542e+01 -3.400000e+00
    endloop
  endfacet
  facet normal -6.736956e-01 -7.390089e-01 -0.000000e+00
    outer loop
      vertex   1.067377e+01 3.559542e+01 6.000000e-01
      vertex   1.067377e+01 3.559542e+01 -3.400000e+00
      vertex   1.098743e+01 3.530948e+01 6.000000e-01
    endloop
  endfacet
  facet normal -6.736956e-01 -7.390089e-01 -0.000000e+00
    outer loop
      vertex   1.098743e+01 3.530948e+01 6.000000e-01
      vertex   1.067377e+01 3.559542e+01 -3.400000e+00
      vertex   1.098743e+01 3.530948e+01 -3.400000e+00
    endloop
  endfacet
  facet normal -7.980172e-01 -6.026346e-01 -0.000000e+00
    outer loop
      vertex   1.098743e+01 3.530948e+01 6.000000e-01
      vertex   1.098743e+01 3.530948e+01 -3.400000e+00
      vertex   1.124321e+01 3.497078e+01 6.000000e-01
    endloop
  endfacet
  facet normal -7.980172e-01 -6.026346e-01 -0.000000e+00
    outer loop
      vertex   1.124321e+01 3.497078e+01 6.000000e-01
      vertex   1.098743e+01 3.530948e+01 -3.400000e+00
      vertex   1.124321e+01 3.497078e+01 -3.400000e+00
    endloop
  endfacet
  facet normal -8.951633e-01 -4.457384e-01 -0.000000e+00
    outer loop
      vertex   1.124321e+01 3.497078e+01 6.000000e-01
      vertex   1.124321e+01 3.497078e+01 -3.400000e+00
      vertex   1.143240e+01 3.459084e+01 6.000000e-01
    endloop
  endfacet
  facet normal -8.951633e-01 -4.457384e-01 -0.000000e+00
    outer loop
      vertex   1.143240e+01 3.459084e+01 6.000000e-01
      vertex   1.124321e+01 3.497078e+01 -3.400000e+00
      vertex   1.143240e+01 3.459084e+01 -3.400000e+00
    endloop
  endfacet
  facet normal -9.618256e-01 -2.736630e-01 -0.000000e+00
    outer loop
      vertex   1.143240e+01 3.459084e+01 6.000000e-01
      vertex   1.143240e+01 3.459084e+01 -3.400000e+00
      vertex   1.154855e+01 3.418261e+01 6.000000e-01
    endloop
  endfacet
  facet normal -9.618256e-01 -2.736630e-01 -0.000000e+00
    outer loop
      vertex   1.154855e+01 3.418261e+01 6.000000e-01
      vertex   1.143240e+01 3.459084e+01 -3.400000e+00
      vertex   1.154855e+01 3.418261e+01 -3.400000e+00
    endloop
  endfacet
  facet normal 2.584084e-16 2.413927e-15 1.000000e+00
    outer loop
      vertex   1.099947e+01 3.339614e+01 -3.400000e+00
      vertex   1.154855e+01 3.333736e+01 -3.400000e+00
      vertex   1.103771e+01 3.375998e+01 -3.400000e+00
    endloop
  endfacet
  facet normal -0.000000e+00 2.101581e-15 1.000000e+00
    outer loop
      vertex   1.103771e+01 3.375998e+01 -3.400000e+00
      vertex   1.154855e+01 3.333736e+01 -3.400000e+00
      vertex   1.158771e+01 3.375998e+01 -3.400000e+00
    endloop
  endfacet
  facet normal 0.000000e+00 -2.101581e-15 1.000000e+00
    outer loop
      vertex   1.103771e+01 3.375998e+01 -3.400000e+00
      vertex   1.158771e+01 3.375998e+01 -3.400000e+00
      vertex   1.154855e+01 3.418261e+01 -3.400000e+00
    endloop
  endfacet
  facet normal 0.000000e+00 0.000000e+00 1.000000e+00
    outer loop
      vertex   1.154855e+01 3.333736e+01 -3.400000e+00
      vertex   1.099947e+01 3.339614e+01 -3.400000e+00
      vertex   1.143240e+01 3.292913e+01 -3.400000e+00
    endloop
  endfacet
  facet normal 0.000000e+00 0.000000e+00 1.000000e+00
    outer loop
      vertex   1.143240e+01 3.292913e+01 -3.400000e+00
      vertex   1.099947e+01 3.339614e+01 -3.400000e+00
      vertex   1.088642e+01 3.304819e+01 -3.400000e+00
    endloop
  endfacet
  facet normal 0.000000e+00 0.000000e+00 1.000000e+00
    outer loop
      vertex   1.143240e+01 3.292913e+01 -3.400000e+00
      vertex   1.088642e+01 3.304819e+01 -3.400000e+00
      vertex   1.124321e+01 3.254919e+01 -3.400000e+00
    endloop
  endfacet
  facet normal 0.000000e+00 0.000000e+00 1.000000e+00
    outer loop
      vertex   1.124321e+01 3.254919e+01 -3.400000e+00
      vertex   1.088642e+01 3.304819e+01 -3.400000e+00
      vertex   1.070349e+01 3.273136e+01 -3.400000e+00
    endloop
  endfacet
  facet normal 0.000000e+00 0.000000e+00 1.000000e+00
    outer loop
      vertex   1.124321e+01 3.254919e+01 -3.400000e+00
      vertex   1.070349e+01 3.273136e+01 -3.400000e+00
      vertex   1.098743e+01 3.221048e+01 -3.400000e+00
    endloop
  endfacet
  facet normal 0.000000e+00 0.000000e+00 1.000000e+00
    outer loop
      vertex   1.098743e+01 3.221048e+01 -3.400000e+00
      vertex   1.070349e+01 3.273136e+01 -3.400000e+00
      vertex   1.045869e+01 3.245948e+01 -3.400000e+00
    endloop
  endfacet
  facet normal 0.000000e+00 0.000000e+00 1.000000e+00
    outer loop
      vertex   1.098743e+01 3.221048e+01 -3.400000e+00
      vertex   1.045869e+01 3.245948e+01 -3.400000e+00
      vertex   1.067377e+01 3.192454e+01 -3.400000e+00
    endloop
  endfacet
  facet normal 0.000000e+00 0.000000e+00 1.000000e+00
    outer loop
      vertex   1.067377e+01 3.192454e+01 -3.400000e+00
      vertex   1.045869e+01 3.245948e+01 -3.400000e+00
      vertex   1.016271e+01 3.224444e+01 -3.400000e+00
    endloop
  endfacet
  facet normal 0.000000e+00 0.000000e+00 1.000000e+00
    outer loop
      vertex   1.067377e+01 3.192454e+01 -3.400000e+00
      vertex   1.016271e+01 3.224444e+01 -3.400000e+00
      vertex   1.031291e+01 3.170111e+01 -3.400000e+00
    endloop
  endfacet
  facet normal 0.000000e+00 0.000000e+00 1.000000e+00
    outer loop
      vertex   1.031291e+01 3.170111e+01 -3.400000e+00
      vertex   1.016271e+01 3.224444e+01 -3.400000e+00
      vertex   9.828493e+00 3.209563e+01 -3.400000e+00
    endloop
  endfacet
  facet normal 0.000000e+00 0.000000e+00 1.000000e+00
    outer loop
      vertex   1.031291e+01 3.170111e+01 -3.400000e+00
      vertex   9.828493e+00 3.209563e+01 -3.400000e+00
      vertex   9.917138e+00 3.154778e+01 -3.400000e+00
    endloop
  endfacet
  facet normal 0.000000e+00 0.000000e+00 1.000000e+00
    outer loop
      vertex   9.917138e+00 3.154778e+01 -3.400000e+00
      vertex   9.828493e+00 3.209563e+01 -3.400000e+00
      vertex   9.470638e+00 3.201957e+01 -3.400000e+00
    endloop
  endfacet
  facet normal 0.000000e+00 0.000000e+00 1.000000e+00
    outer loop
      vertex   9.917138e+00 3.154778e+01 -3.400000e+00
      vertex   9.470638e+00 3.201957e+01 -3.400000e+00
      vertex   9.499931e+00 3.146979e+01 -3.400000e+00
    endloop
  endfacet
  facet normal 0.000000e+00 0.000000e+00 1.000000e+00
    outer loop
      vertex   9.499931e+00 3.146979e+01 -3.400000e+00
      vertex   9.470638e+00 3.201957e+01 -3.400000e+00
      vertex   9.104789e+00 3.201957e+01 -3.400000e+00
    endloop
  endfacet
  facet normal 0.000000e+00 0.000000e+00 1.000000e+00
    outer loop
      vertex   9.499931e+00 3.146979e+01 -3.400000e+00
      vertex   9.104789e+00 3.201957e+01 -3.400000e+00
      vertex   9.075496e+00 3.146979e+01 -3.400000e+00
    endloop
  endfacet
  facet normal 0.000000e+00 -0.000000e+00 1.000000e+00
    outer loop
      vertex   9.075496e+00 3.146979e+01 -3.400000e+00
      vertex   9.104789e+00 3.201957e+01 -3.400000e+00
      vertex   8.658289e+00 3.154778e+01 -3.400000e+00
    endloop
  endfacet
  facet normal 0.000000e+00 0.000000e+00 1.000000e+00
    outer loop
      vertex   8.658289e+00 3.154778e+01 -3.400000e+00
      vertex   9.104789e+00 3.201957e+01 -3.400000e+00
      vertex   8.746934e+00 3.209563e+01 -3.400000e+00
    endloop
  endfacet
  facet normal 0.000000e+00 -0.000000e+00 1.000000e+00
    outer loop
      vertex   8.658289e+00 3.154778e+01 -3.400000e+00
      vertex   8.746934e+00 3.209563e+01 -3.400000e+00
      vertex   8.262515e+00 3.170111e+01 -3.400000e+00
    endloop
  endfacet
  facet normal 0.000000e+00 0.000000e+00 1.000000e+00
    outer loop
      vertex   8.262515e+00 3.170111e+01 -3.400000e+00
      vertex   8.746934e+00 3.209563e+01 -3.400000e+00
      vertex   8.412713e+00 3.224444e+01 -3.400000e+00
    endloop
  endfacet
  facet normal 0.000000e+00 -0.000000e+00 1.000000e+00
    outer loop
      vertex   8.262515e+00 3.170111e+01 -3.400000e+00
      vertex   8.412713e+00 3.224444e+01 -3.400000e+00
      vertex   7.901654e+00 3.192454e+01 -3.400000e+00
    endloop
  endfacet
  facet normal 0.000000e+00 0.000000e+00 1.000000e+00
    outer loop
      vertex   7.901654e+00 3.192454e+01 -3.400000e+00
      vertex   8.412713e+00 3.224444e+01 -3.400000e+00
      vertex   8.116735e+00 3.245948e+01 -3.400000e+00
    endloop
  endfacet
  facet normal 0.000000e+00 -0.000000e+00 1.000000e+00
    outer loop
      vertex   7.901654e+00 3.192454e+01 -3.400000e+00
      vertex   8.116735e+00 3.245948e+01 -3.400000e+00
      vertex   7.587993e+00 3.221048e+01 -3.400000e+00
    endloop
  endfacet
  facet normal 0.000000e+00 0.000000e+00 1.000000e+00
    outer loop
      vertex   7.587993e+00 3.221048e+01 -3.400000e+00
      vertex   8.116735e+00 3.245948e+01 -3.400000e+00
      vertex   7.871934e+00 3.273136e+01 -3.400000e+00
    endloop
  endfacet
  facet normal 0.000000e+00 -0.000000e+00 1.000000e+00
    outer loop
      vertex   7.587993e+00 3.221048e+01 -3.400000e+00
      vertex   7.871934e+00 3.273136e+01 -3.400000e+00
      vertex   7.332214e+00 3.254919e+01 -3.400000e+00
    endloop
  endfacet
  facet normal 0.000000e+00 0.000000e+00 1.000000e+00
    outer loop
      vertex   7.332214e+00 3.254919e+01 -3.400000e+00
      vertex   7.871934e+00 3.273136e+01 -3.400000e+00
      vertex   7.689009e+00 3.304819e+01 -3.400000e+00
    endloop
  endfacet
  facet normal 0.000000e+00 -0.000000e+00 1.000000e+00
    outer loop
      vertex   7.332214e+00 3.254919e+01 -3.400000e+00
      vertex   7.689009e+00 3.304819e+01 -3.400000e+00
      vertex   7.143027e+00 3.292913e+01 -3.400000e+00
    endloop
  endfacet
  facet normal 0.000000e+00 0.000000e+00 1.000000e+00
    outer loop
      vertex   7.143027e+00 3.292913e+01 -3.400000e+00
      vertex   7.689009e+00 3.304819e+01 -3.400000e+00
      vertex   7.575955e+00 3.339614e+01 -3.400000e+00
    endloop
  endfacet
  facet normal 0.000000e+00 -0.000000e+00 1.000000e+00
    outer loop
      vertex   7.143027e+00 3.292913e+01 -3.400000e+00
      vertex   7.575955e+00 3.339614e+01 -3.400000e+00
      vertex   7.026875e+00 3.333736e+01 -3.400000e+00
    endloop
  endfacet
  facet normal 0.000000e+00 0.000000e+00 1.000000e+00
    outer loop
      vertex   7.026875e+00 3.333736e+01 -3.400000e+00
      vertex   7.575955e+00 3.339614e+01 -3.400000e+00
      vertex   7.537713e+00 3.375998e+01 -3.400000e+00
    endloop
  endfacet
  facet normal 0.000000e+00 -0.000000e+00 1.000000e+00
    outer loop
      vertex   7.026875e+00 3.333736e+01 -3.400000e+00
      vertex   7.537713e+00 3.375998e+01 -3.400000e+00
      vertex   6.987713e+00 3.375998e+01 -3.400000e+00
    endloop
  endfacet
  facet normal 0.000000e+00 0.000000e+00 1.000000e+00
    outer loop
      vertex   6.987713e+00 3.375998e+01 -3.400000e+00
      vertex   7.537713e+00 3.375998e+01 -3.400000e+00
      vertex   7.026875e+00 3.418261e+01 -3.400000e+00
    endloop
  endfacet
  facet normal 0.000000e+00 0.000000e+00 1.000000e+00
    outer loop
      vertex   7.026875e+00 3.418261e+01 -3.400000e+00
      vertex   7.537713e+00 3.375998e+01 -3.400000e+00
      vertex   7.575955e+00 3.412383e+01 -3.400000e+00
    endloop
  endfacet
  facet normal -0.000000e+00 0.000000e+00 1.000000e+00
    outer loop
      vertex   7.026875e+00 3.418261e+01 -3.400000e+00
      vertex   7.575955e+00 3.412383e+01 -3.400000e+00
      vertex   7.143027e+00 3.459084e+01 -3.400000e+00
    endloop
  endfacet
  facet normal 0.000000e+00 0.000000e+00 1.000000e+00
    outer loop
      vertex   7.143027e+00 3.459084e+01 -3.400000e+00
      vertex   7.575955e+00 3.412383e+01 -3.400000e+00
      vertex   7.689009e+00 3.447177e+01 -3.400000e+00
    endloop
  endfacet
  facet normal -0.000000e+00 0.000000e+00 1.000000e+00
    outer loop
      vertex   7.143027e+00 3.459084e+01 -3.400000e+00
      vertex   7.689009e+00 3.447177e+01 -3.400000e+00
      vertex   7.332214e+00 3.497078e+01 -3.400000e+00
    endloop
  endfacet
  facet normal 0.000000e+00 0.000000e+00 1.000000e+00
    outer loop
      vertex   7.332214e+00 3.497078e+01 -3.400000e+00
      vertex   7.689009e+00 3.447177e+01 -3.400000e+00
      vertex   7.871934e+00 3.478861e+01 -3.400000e+00
    endloop
  endfacet
  facet normal -0.000000e+00 0.000000e+00 1.000000e+00
    outer loop
      vertex   7.332214e+00 3.497078e+01 -3.400000e+00
      vertex   7.871934e+00 3.478861e+01 -3.400000e+00
      vertex   7.587993e+00 3.530948e+01 -3.400000e+00
    endloop
  endfacet
  facet normal 0.000000e+00 0.000000e+00 1.000000e+00
    outer loop
      vertex   7.587993e+00 3.530948e+01 -3.400000e+00
      vertex   7.871934e+00 3.478861e+01 -3.400000e+00
      vertex   8.116735e+00 3.506049e+01 -3.400000e+00
    endloop
  endfacet
  facet normal -0.000000e+00 0.000000e+00 1.000000e+00
    outer loop
      vertex   7.587993e+00 3.530948e+01 -3.400000e+00
      vertex   8.116735e+00 3.506049e+01 -3.400000e+00
      vertex   7.901654e+00 3.559542e+01 -3.400000e+00
    endloop
  endfacet
  facet normal 0.000000e+00 0.000000e+00 1.000000e+00
    outer loop
      vertex   7.901654e+00 3.559542e+01 -3.400000e+00
      vertex   8.116735e+00 3.506049e+01 -3.400000e+00
      vertex   8.412713e+00 3.527553e+01 -3.400000e+00
    endloop
  endfacet
  facet normal -0.000000e+00 0.000000e+00 1.000000e+00
    outer loop
      vertex   7.901654e+00 3.559542e+01 -3.400000e+00
      vertex   8.412713e+00 3.527553e+01 -3.400000e+00
      vertex   8.262515e+00 3.581886e+01 -3.400000e+00
    endloop
  endfacet
  facet normal 0.000000e+00 0.000000e+00 1.000000e+00
    outer loop
      vertex   8.262515e+00 3.581886e+01 -3.400000e+00
      vertex   8.412713e+00 3.527553e+01 -3.400000e+00
      vertex   8.746934e+00 3.542433e+01 -3.400000e+00
    endloop
  endfacet
  facet normal -0.000000e+00 0.000000e+00 1.000000e+00
    outer loop
      vertex   8.262515e+00 3.581886e+01 -3.400000e+00
      vertex   8.746934e+00 3.542433e+01 -3.400000e+00
      vertex   8.658289e+00 3.597218e+01 -3.400000e+00
    endloop
  endfacet
  facet normal 0.000000e+00 0.000000e+00 1.000000e+00
    outer loop
      vertex   8.658289e+00 3.597218e+01 -3.400000e+00
      vertex   8.746934e+00 3.542433e+01 -3.400000e+00
      vertex   9.104789e+00 3.550040e+01 -3.400000e+00
    endloop
  endfacet
  facet normal -0.000000e+00 0.000000e+00 1.000000e+00
    outer loop
      vertex   8.658289e+00 3.597218e+01 -3.400000e+00
      vertex   9.104789e+00 3.550040e+01 -3.400000e+00
      vertex   9.075496e+00 3.605017e+01 -3.400000e+00
    endloop
  endfacet
  facet normal 0.000000e+00 0.000000e+00 1.000000e+00
    outer loop
      vertex   9.075496e+00 3.605017e+01 -3.400000e+00
      vertex   9.104789e+00 3.550040e+01 -3.400000e+00
      vertex   9.470638e+00 3.550040e+01 -3.400000e+00
    endloop
  endfacet
  facet normal -0.000000e+00 0.000000e+00 1.000000e+00
    outer loop
      vertex   9.075496e+00 3.605017e+01 -3.400000e+00
      vertex   9.470638e+00 3.550040e+01 -3.400000e+00
      vertex   9.499931e+00 3.605017e+01 -3.400000e+00
    endloop
  endfacet
  facet normal 0.000000e+00 0.000000e+00 1.000000e+00
    outer loop
      vertex   9.499931e+00 3.605017e+01 -3.400000e+00
      vertex   9.470638e+00 3.550040e+01 -3.400000e+00
      vertex   9.917138e+00 3.597218e+01 -3.400000e+00
    endloop
  endfacet
  facet normal 0.000000e+00 0.000000e+00 1.000000e+00
    outer loop
      vertex   9.917138e+00 3.597218e+01 -3.400000e+00
      vertex   9.470638e+00 3.550040e+01 -3.400000e+00
      vertex   9.828493e+00 3.542433e+01 -3.400000e+00
    endloop
  endfacet
  facet normal 0.000000e+00 0.000000e+00 1.000000e+00
    outer loop
      vertex   9.917138e+00 3.597218e+01 -3.400000e+00
      vertex   9.828493e+00 3.542433e+01 -3.400000e+00
      vertex   1.031291e+01 3.581886e+01 -3.400000e+00
    endloop
  endfacet
  facet normal 0.000000e+00 0.000000e+00 1.000000e+00
    outer loop
      vertex   1.031291e+01 3.581886e+01 -3.400000e+00
      vertex   9.828493e+00 3.542433e+01 -3.400000e+00
      vertex   1.016271e+01 3.527553e+01 -3.400000e+00
    endloop
  endfacet
  facet normal 0.000000e+00 0.000000e+00 1.000000e+00
    outer loop
      vertex   1.031291e+01 3.581886e+01 -3.400000e+00
      vertex   1.016271e+01 3.527553e+01 -3.400000e+00
      vertex   1.067377e+01 3.559542e+01 -3.400000e+00
    endloop
  endfacet
  facet normal 0.000000e+00 0.000000e+00 1.000000e+00
    outer loop
      vertex   1.067377e+01 3.559542e+01 -3.400000e+00
      vertex   1.016271e+01 3.527553e+01 -3.400000e+00
      vertex   1.045869e+01 3.506049e+01 -3.400000e+00
    endloop
  endfacet
  facet normal 0.000000e+00 0.000000e+00 1.000000e+00
    outer loop
      vertex   1.067377e+01 3.559542e+01 -3.400000e+00
      vertex   1.045869e+01 3.506049e+01 -3.400000e+00
      vertex   1.098743e+01 3.530948e+01 -3.400000e+00
    endloop
  endfacet
  facet normal 0.000000e+00 0.000000e+00 1.000000e+00
    outer loop
      vertex   1.098743e+01 3.530948e+01 -3.400000e+00
      vertex   1.045869e+01 3.506049e+01 -3.400000e+00
      vertex   1.070349e+01 3.478861e+01 -3.400000e+00
    endloop
  endfacet
  facet normal 0.000000e+00 0.000000e+00 1.000000e+00
    outer loop
      vertex   1.098743e+01 3.530948e+01 -3.400000e+00
      vertex   1.070349e+01 3.478861e+01 -3.400000e+00
      vertex   1.124321e+01 3.497078e+01 -3.400000e+00
    endloop
  endfacet
  facet normal 0.000000e+00 0.000000e+00 1.000000e+00
    outer loop
      vertex   1.124321e+01 3.497078e+01 -3.400000e+00
      vertex   1.070349e+01 3.478861e+01 -3.400000e+00
      vertex   1.088642e+01 3.447177e+01 -3.400000e+00
    endloop
  endfacet
  facet normal 0.000000e+00 0.000000e+00 1.000000e+00
    outer loop
      vertex   1.124321e+01 3.497078e+01 -3.400000e+00
      vertex   1.088642e+01 3.447177e+01 -3.400000e+00
      vertex   1.143240e+01 3.459084e+01 -3.400000e+00
    endloop
  endfacet
  facet normal 0.000000e+00 0.000000e+00 1.000000e+00
    outer loop
      vertex   1.143240e+01 3.459084e+01 -3.400000e+00
      vertex   1.088642e+01 3.447177e+01 -3.400000e+00
      vertex   1.099947e+01 3.412383e+01 -3.400000e+00
    endloop
  endfacet
  facet normal 0.000000e+00 0.000000e+00 1.000000e+00
    outer loop
      vertex   1.143240e+01 3.459084e+01 -3.400000e+00
      vertex   1.099947e+01 3.412383e+01 -3.400000e+00
      vertex   1.154855e+01 3.418261e+01 -3.400000e+00
    endloop
  endfacet
  facet normal 2.584084e-16 -2.413927e-15 1.000000e+00
    outer loop
      vertex   1.154855e+01 3.418261e+01 -3.400000e+00
      vertex   1.099947e+01 3.412383e+01 -3.400000e+00
      vertex   1.103771e+01 3.375998e+01 -3.400000e+00
    endloop
  endfacet
  facet normal -9.945219e-01 -1.045285e-01 -0.000000e+00
    outer loop
      vertex   1.099947e+01 3.412383e+01 -3.400000e+00
      vertex   1.099947e+01 3.412383e+01 -7.000000e+00
      vertex   1.103771e+01 3.375998e+01 -3.400000e+00
    endloop
  endfacet
  facet normal -9.945219e-01 -1.045285e-01 -0.000000e+00
    outer loop
      vertex   1.103771e+01 3.375998e+01 -3.400000e+00
      vertex   1.099947e+01 3.412383e+01 -7.000000e+00
      vertex   1.103771e+01 3.375998e+01 -7.000000e+00
    endloop
  endfacet
  facet normal -9.945219e-01 1.045285e-01 0.000000e+00
    outer loop
      vertex   1.103771e+01 3.375998e+01 -3.400000e+00
      vertex   1.103771e+01 3.375998e+01 -7.000000e+00
      vertex   1.099947e+01 3.339614e+01 -3.400000e+00
    endloop
  endfacet
  facet normal -9.945219e-01 1.045285e-01 0.000000e+00
    outer loop
      vertex   1.099947e+01 3.339614e+01 -3.400000e+00
      vertex   1.103771e+01 3.375998e+01 -7.000000e+00
      vertex   1.099947e+01 3.339614e+01 -7.000000e+00
    endloop
  endfacet
  facet normal -9.510565e-01 3.090170e-01 0.000000e+00
    outer loop
      vertex   1.099947e+01 3.339614e+01 -3.400000e+00
      vertex   1.099947e+01 3.339614e+01 -7.000000e+00
      vertex   1.088642e+01 3.304819e+01 -3.400000e+00
    endloop
  endfacet
  facet normal -9.510565e-01 3.090170e-01 0.000000e+00
    outer loop
      vertex   1.088642e+01 3.304819e+01 -3.400000e+00
      vertex   1.099947e+01 3.339614e+01 -7.000000e+00
      vertex   1.088642e+01 3.304819e+01 -7.000000e+00
    endloop
  endfacet
  facet normal -8.660254e-01 5.000000e-01 0.000000e+00
    outer loop
      vertex   1.088642e+01 3.304819e+01 -3.400000e+00
      vertex   1.088642e+01 3.304819e+01 -7.000000e+00
      vertex   1.070349e+01 3.273136e+01 -3.400000e+00
    endloop
  endfacet
  facet normal -8.660254e-01 5.000000e-01 0.000000e+00
    outer loop
      vertex   1.070349e+01 3.273136e+01 -3.400000e+00
      vertex   1.088642e+01 3.304819e+01 -7.000000e+00
      vertex   1.070349e+01 3.273136e+01 -7.000000e+00
    endloop
  endfacet
  facet normal -7.431448e-01 6.691306e-01 0.000000e+00
    outer loop
      vertex   1.070349e+01 3.273136e+01 -3.400000e+00
      vertex   1.070349e+01 3.273136e+01 -7.000000e+00
      vertex   1.045869e+01 3.245948e+01 -3.400000e+00
    endloop
  endfacet
  facet normal -7.431448e-01 6.691306e-01 0.000000e+00
    outer loop
      vertex   1.045869e+01 3.245948e+01 -3.400000e+00
      vertex   1.070349e+01 3.273136e+01 -7.000000e+00
      vertex   1.045869e+01 3.245948e+01 -7.000000e+00
    endloop
  endfacet
  facet normal -5.877853e-01 8.090170e-01 0.000000e+00
    outer loop
      vertex   1.045869e+01 3.245948e+01 -3.400000e+00
      vertex   1.045869e+01 3.245948e+01 -7.000000e+00
      vertex   1.016271e+01 3.224444e+01 -3.400000e+00
    endloop
  endfacet
  facet normal -5.877853e-01 8.090170e-01 0.000000e+00
    outer loop
      vertex   1.016271e+01 3.224444e+01 -3.400000e+00
      vertex   1.045869e+01 3.245948e+01 -7.000000e+00
      vertex   1.016271e+01 3.224444e+01 -7.000000e+00
    endloop
  endfacet
  facet normal -4.067366e-01 9.135455e-01 0.000000e+00
    outer loop
      vertex   1.016271e+01 3.224444e+01 -3.400000e+00
      vertex   1.016271e+01 3.224444e+01 -7.000000e+00
      vertex   9.828493e+00 3.209563e+01 -3.400000e+00
    endloop
  endfacet
  facet normal -4.067366e-01 9.135455e-01 0.000000e+00
    outer loop
      vertex   9.828493e+00 3.209563e+01 -3.400000e+00
      vertex   1.016271e+01 3.224444e+01 -7.000000e+00
      vertex   9.828493e+00 3.209563e+01 -7.000000e+00
    endloop
  endfacet
  facet normal -2.079117e-01 9.781476e-01 0.000000e+00
    outer loop
      vertex   9.828493e+00 3.209563e+01 -3.400000e+00
      vertex   9.828493e+00 3.209563e+01 -7.000000e+00
      vertex   9.470638e+00 3.201957e+01 -3.400000e+00
    endloop
  endfacet
  facet normal -2.079117e-01 9.781476e-01 0.000000e+00
    outer loop
      vertex   9.470638e+00 3.201957e+01 -3.400000e+00
      vertex   9.828493e+00 3.209563e+01 -7.000000e+00
      vertex   9.470638e+00 3.201957e+01 -7.000000e+00
    endloop
  endfacet
  facet normal 0.000000e+00 1.000000e+00 0.000000e+00
    outer loop
      vertex   9.470638e+00 3.201957e+01 -3.400000e+00
      vertex   9.470638e+00 3.201957e+01 -7.000000e+00
      vertex   9.104789e+00 3.201957e+01 -3.400000e+00
    endloop
  endfacet
  facet normal 0.000000e+00 1.000000e+00 0.000000e+00
    outer loop
      vertex   9.104789e+00 3.201957e+01 -3.400000e+00
      vertex   9.470638e+00 3.201957e+01 -7.000000e+00
      vertex   9.104789e+00 3.201957e+01 -7.000000e+00
    endloop
  endfacet
  facet normal 2.079117e-01 9.781476e-01 0.000000e+00
    outer loop
      vertex   9.104789e+00 3.201957e+01 -3.400000e+00
      vertex   9.104789e+00 3.201957e+01 -7.000000e+00
      vertex   8.746934e+00 3.209563e+01 -3.400000e+00
    endloop
  endfacet
  facet normal 2.079117e-01 9.781476e-01 0.000000e+00
    outer loop
      vertex   8.746934e+00 3.209563e+01 -3.400000e+00
      vertex   9.104789e+00 3.201957e+01 -7.000000e+00
      vertex   8.746934e+00 3.209563e+01 -7.000000e+00
    endloop
  endfacet
  facet normal 4.067366e-01 9.135455e-01 0.000000e+00
    outer loop
      vertex   8.746934e+00 3.209563e+01 -3.400000e+00
      vertex   8.746934e+00 3.209563e+01 -7.000000e+00
      vertex   8.412713e+00 3.224444e+01 -3.400000e+00
    endloop
  endfacet
  facet normal 4.067366e-01 9.135455e-01 0.000000e+00
    outer loop
      vertex   8.412713e+00 3.224444e+01 -3.400000e+00
      vertex   8.746934e+00 3.209563e+01 -7.000000e+00
      vertex   8.412713e+00 3.224444e+01 -7.000000e+00
    endloop
  endfacet
  facet normal 5.877853e-01 8.090170e-01 0.000000e+00
    outer loop
      vertex   8.412713e+00 3.224444e+01 -3.400000e+00
      vertex   8.412713e+00 3.224444e+01 -7.000000e+00
      vertex   8.116735e+00 3.245948e+01 -3.400000e+00
    endloop
  endfacet
  facet normal 5.877853e-01 8.090170e-01 0.000000e+00
    outer loop
      vertex   8.116735e+00 3.245948e+01 -3.400000e+00
      vertex   8.412713e+00 3.224444e+01 -7.000000e+00
      vertex   8.116735e+00 3.245948e+01 -7.000000e+00
    endloop
  endfacet
  facet normal 7.431448e-01 6.691306e-01 0.000000e+00
    outer loop
      vertex   8.116735e+00 3.245948e+01 -3.400000e+00
      vertex   8.116735e+00 3.245948e+01 -7.000000e+00
      vertex   7.871934e+00 3.273136e+01 -3.400000e+00
    endloop
  endfacet
  facet normal 7.431448e-01 6.691306e-01 0.000000e+00
    outer loop
      vertex   7.871934e+00 3.273136e+01 -3.400000e+00
      vertex   8.116735e+00 3.245948e+01 -7.000000e+00
      vertex   7.871934e+00 3.273136e+01 -7.000000e+00
    endloop
  endfacet
  facet normal 8.660254e-01 5.000000e-01 0.000000e+00
    outer loop
      vertex   7.871934e+00 3.273136e+01 -3.400000e+00
      vertex   7.871934e+00 3.273136e+01 -7.000000e+00
      vertex   7.689009e+00 3.304819e+01 -3.400000e+00
    endloop
  endfacet
  facet normal 8.660254e-01 5.000000e-01 0.000000e+00
    outer loop
      vertex   7.689009e+00 3.304819e+01 -3.400000e+00
      vertex   7.871934e+00 3.273136e+01 -7.000000e+00
      vertex   7.689009e+00 3.304819e+01 -7.000000e+00
    endloop
  endfacet
  facet normal 9.510565e-01 3.090170e-01 0.000000e+00
    outer loop
      vertex   7.689009e+00 3.304819e+01 -3.400000e+00
      vertex   7.689009e+00 3.304819e+01 -7.000000e+00
      vertex   7.575955e+00 3.339614e+01 -3.400000e+00
    endloop
  endfacet
  facet normal 9.510565e-01 3.090170e-01 0.000000e+00
    outer loop
      vertex   7.575955e+00 3.339614e+01 -3.400000e+00
      vertex   7.689009e+00 3.304819e+01 -7.000000e+00
      vertex   7.575955e+00 3.339614e+01 -7.000000e+00
    endloop
  endfacet
  facet normal 9.945219e-01 1.045285e-01 0.000000e+00
    outer loop
      vertex   7.575955e+00 3.339614e+01 -3.400000e+00
      vertex   7.575955e+00 3.339614e+01 -7.000000e+00
      vertex   7.537713e+00 3.375998e+01 -3.400000e+00
    endloop
  endfacet
  facet normal 9.945219e-01 1.045285e-01 0.000000e+00
    outer loop
      vertex   7.537713e+00 3.375998e+01 -3.400000e+00
      vertex   7.575955e+00 3.339614e+01 -7.000000e+00
      vertex   7.537713e+00 3.375998e+01 -7.000000e+00
    endloop
  endfacet
  facet normal 9.945219e-01 -1.045285e-01 0.000000e+00
    outer loop
      vertex   7.537713e+00 3.375998e+01 -3.400000e+00
      vertex   7.537713e+00 3.375998e+01 -7.000000e+00
      vertex   7.575955e+00 3.412383e+01 -3.400000e+00
    endloop
  endfacet
  facet normal 9.945219e-01 -1.045285e-01 0.000000e+00
    outer loop
      vertex   7.575955e+00 3.412383e+01 -3.400000e+00
      vertex   7.537713e+00 3.375998e+01 -7.000000e+00
      vertex   7.575955e+00 3.412383e+01 -7.000000e+00
    endloop
  endfacet
  facet normal 9.510565e-01 -3.090170e-01 0.000000e+00
    outer loop
      vertex   7.575955e+00 3.412383e+01 -3.400000e+00
      vertex   7.575955e+00 3.412383e+01 -7.000000e+00
      vertex   7.689009e+00 3.447177e+01 -3.400000e+00
    endloop
  endfacet
  facet normal 9.510565e-01 -3.090170e-01 0.000000e+00
    outer loop
      vertex   7.689009e+00 3.447177e+01 -3.400000e+00
      vertex   7.575955e+00 3.412383e+01 -7.000000e+00
      vertex   7.689009e+00 3.447177e+01 -7.000000e+00
    endloop
  endfacet
  facet normal 8.660254e-01 -5.000000e-01 0.000000e+00
    outer loop
      vertex   7.689009e+00 3.447177e+01 -3.400000e+00
      vertex   7.689009e+00 3.447177e+01 -7.000000e+00
      vertex   7.871934e+00 3.478861e+01 -3.400000e+00
    endloop
  endfacet
  facet normal 8.660254e-01 -5.000000e-01 0.000000e+00
    outer loop
      vertex   7.871934e+00 3.478861e+01 -3.400000e+00
      vertex   7.689009e+00 3.447177e+01 -7.000000e+00
      vertex   7.871934e+00 3.478861e+01 -7.000000e+00
    endloop
  endfacet
  facet normal 7.431448e-01 -6.691306e-01 0.000000e+00
    outer loop
      vertex   7.871934e+00 3.478861e+01 -3.400000e+00
      vertex   7.871934e+00 3.478861e+01 -7.000000e+00
      vertex   8.116735e+00 3.506049e+01 -3.400000e+00
    endloop
  endfacet
  facet normal 7.431448e-01 -6.691306e-01 0.000000e+00
    outer loop
      vertex   8.116735e+00 3.506049e+01 -3.400000e+00
      vertex   7.871934e+00 3.478861e+01 -7.000000e+00
      vertex   8.116735e+00 3.506049e+01 -7.000000e+00
    endloop
  endfacet
  facet normal 5.877853e-01 -8.090170e-01 0.000000e+00
    outer loop
      vertex   8.116735e+00 3.506049e+01 -3.400000e+00
      vertex   8.116735e+00 3.506049e+01 -7.000000e+00
      vertex   8.412713e+00 3.527553e+01 -3.400000e+00
    endloop
  endfacet
  facet normal 5.877853e-01 -8.090170e-01 0.000000e+00
    outer loop
      vertex   8.412713e+00 3.527553e+01 -3.400000e+00
      vertex   8.116735e+00 3.506049e+01 -7.000000e+00
      vertex   8.412713e+00 3.527553e+01 -7.000000e+00
    endloop
  endfacet
  facet normal 4.067366e-01 -9.135455e-01 0.000000e+00
    outer loop
      vertex   8.412713e+00 3.527553e+01 -3.400000e+00
      vertex   8.412713e+00 3.527553e+01 -7.000000e+00
      vertex   8.746934e+00 3.542433e+01 -3.400000e+00
    endloop
  endfacet
  facet normal 4.067366e-01 -9.135455e-01 0.000000e+00
    outer loop
      vertex   8.746934e+00 3.542433e+01 -3.400000e+00
      vertex   8.412713e+00 3.527553e+01 -7.000000e+00
      vertex   8.746934e+00 3.542433e+01 -7.000000e+00
    endloop
  endfacet
  facet normal 2.079117e-01 -9.781476e-01 0.000000e+00
    outer loop
      vertex   8.746934e+00 3.542433e+01 -3.400000e+00
      vertex   8.746934e+00 3.542433e+01 -7.000000e+00
      vertex   9.104789e+00 3.550040e+01 -3.400000e+00
    endloop
  endfacet
  facet normal 2.079117e-01 -9.781476e-01 0.000000e+00
    outer loop
      vertex   9.104789e+00 3.550040e+01 -3.400000e+00
      vertex   8.746934e+00 3.542433e+01 -7.000000e+00
      vertex   9.104789e+00 3.550040e+01 -7.000000e+00
    endloop
  endfacet
  facet normal 0.000000e+00 -1.000000e+00 0.000000e+00
    outer loop
      vertex   9.104789e+00 3.550040e+01 -3.400000e+00
      vertex   9.104789e+00 3.550040e+01 -7.000000e+00
      vertex   9.470638e+00 3.550040e+01 -3.400000e+00
    endloop
  endfacet
  facet normal 0.000000e+00 -1.000000e+00 -0.000000e+00
    outer loop
      vertex   9.470638e+00 3.550040e+01 -3.400000e+00
      vertex   9.104789e+00 3.550040e+01 -7.000000e+00
      vertex   9.470638e+00 3.550040e+01 -7.000000e+00
    endloop
  endfacet
  facet normal -2.079117e-01 -9.781476e-01 -0.000000e+00
    outer loop
      vertex   9.470638e+00 3.550040e+01 -3.400000e+00
      vertex   9.470638e+00 3.550040e+01 -7.000000e+00
      vertex   9.828493e+00 3.542433e+01 -3.400000e+00
    endloop
  endfacet
  facet normal -2.079117e-01 -9.781476e-01 -0.000000e+00
    outer loop
      vertex   9.828493e+00 3.542433e+01 -3.400000e+00
      vertex   9.470638e+00 3.550040e+01 -7.000000e+00
      vertex   9.828493e+00 3.542433e+01 -7.000000e+00
    endloop
  endfacet
  facet normal -4.067366e-01 -9.135455e-01 -0.000000e+00
    outer loop
      vertex   9.828493e+00 3.542433e+01 -3.400000e+00
      vertex   9.828493e+00 3.542433e+01 -7.000000e+00
      vertex   1.016271e+01 3.527553e+01 -3.400000e+00
    endloop
  endfacet
  facet normal -4.067366e-01 -9.135455e-01 -0.000000e+00
    outer loop
      vertex   1.016271e+01 3.527553e+01 -3.400000e+00
      vertex   9.828493e+00 3.542433e+01 -7.000000e+00
      vertex   1.016271e+01 3.527553e+01 -7.000000e+00
    endloop
  endfacet
  facet normal -5.877853e-01 -8.090170e-01 -0.000000e+00
    outer loop
      vertex   1.016271e+01 3.527553e+01 -3.400000e+00
      vertex   1.016271e+01 3.527553e+01 -7.000000e+00
      vertex   1.045869e+01 3.506049e+01 -3.400000e+00
    endloop
  endfacet
  facet normal -5.877853e-01 -8.090170e-01 -0.000000e+00
    outer loop
      vertex   1.045869e+01 3.506049e+01 -3.400000e+00
      vertex   1.016271e+01 3.527553e+01 -7.000000e+00
      vertex   1.045869e+01 3.506049e+01 -7.000000e+00
    endloop
  endfacet
  facet normal -7.431448e-01 -6.691306e-01 -0.000000e+00
    outer loop
      vertex   1.045869e+01 3.506049e+01 -3.400000e+00
      vertex   1.045869e+01 3.506049e+01 -7.000000e+00
      vertex   1.070349e+01 3.478861e+01 -3.400000e+00
    endloop
  endfacet
  facet normal -7.431448e-01 -6.691306e-01 -0.000000e+00
    outer loop
      vertex   1.070349e+01 3.478861e+01 -3.400000e+00
      vertex   1.045869e+01 3.506049e+01 -7.000000e+00
      vertex   1.070349e+01 3.478861e+01 -7.000000e+00
    endloop
  endfacet
  facet normal -8.660254e-01 -5.000000e-01 -0.000000e+00
    outer loop
      vertex   1.070349e+01 3.478861e+01 -3.400000e+00
      vertex   1.070349e+01 3.478861e+01 -7.000000e+00
      vertex   1.088642e+01 3.447177e+01 -3.400000e+00
    endloop
  endfacet
  facet normal -8.660254e-01 -5.000000e-01 -0.000000e+00
    outer loop
      vertex   1.088642e+01 3.447177e+01 -3.400000e+00
      vertex   1.070349e+01 3.478861e+01 -7.000000e+00
      vertex   1.088642e+01 3.447177e+01 -7.000000e+00
    endloop
  endfacet
  facet normal -9.510565e-01 -3.090170e-01 -0.000000e+00
    outer loop
      vertex   1.088642e+01 3.447177e+01 -3.400000e+00
      vertex   1.088642e+01 3.447177e+01 -7.000000e+00
      vertex   1.099947e+01 3.412383e+01 -3.400000e+00
    endloop
  endfacet
  facet normal -9.510565e-01 -3.090170e-01 -0.000000e+00
    outer loop
      vertex   1.099947e+01 3.412383e+01 -3.400000e+00
      vertex   1.088642e+01 3.447177e+01 -7.000000e+00
      vertex   1.099947e+01 3.412383e+01 -7.000000e+00
    endloop
  endfacet
  facet normal -9.937122e-01 -1.119645e-01 -0.000000e+00
    outer loop
      vertex   1.800809e+01 8.583781e+00 6.000000e-01
      vertex   1.800809e+01 8.583781e+00 -7.000000e+00
      vertex   1.804569e+01 8.250000e+00 6.000000e-01
    endloop
  endfacet
  facet normal -9.937122e-01 -1.119645e-01 -0.000000e+00
    outer loop
      vertex   1.804569e+01 8.250000e+00 6.000000e-01
      vertex   1.800809e+01 8.583781e+00 -7.000000e+00
      vertex   1.804569e+01 8.250000e+00 -7.000000e+00
    endloop
  endfacet
  facet normal -9.937122e-01 1.119645e-01 0.000000e+00
    outer loop
      vertex   1.804569e+01 8.250000e+00 6.000000e-01
      vertex   1.804569e+01 8.250000e+00 -7.000000e+00
      vertex   1.800809e+01 7.916219e+00 6.000000e-01
    endloop
  endfacet
  facet normal -9.937122e-01 1.119645e-01 0.000000e+00
    outer loop
      vertex   1.800809e+01 7.916219e+00 6.000000e-01
      vertex   1.804569e+01 8.250000e+00 -7.000000e+00
      vertex   1.800809e+01 7.916219e+00 -7.000000e+00
    endloop
  endfacet
  facet normal -9.438833e-01 3.302791e-01 0.000000e+00
    outer loop
      vertex   1.800809e+01 7.916219e+00 6.000000e-01
      vertex   1.800809e+01 7.916219e+00 -7.000000e+00
      vertex   1.789715e+01 7.599174e+00 6.000000e-01
    endloop
  endfacet
  facet normal -9.438833e-01 3.302791e-01 0.000000e+00
    outer loop
      vertex   1.789715e+01 7.599174e+00 6.000000e-01
      vertex   1.800809e+01 7.916219e+00 -7.000000e+00
      vertex   1.789715e+01 7.599174e+00 -7.000000e+00
    endloop
  endfacet
  facet normal -8.467242e-01 5.320321e-01 0.000000e+00
    outer loop
      vertex   1.789715e+01 7.599174e+00 6.000000e-01
      vertex   1.789715e+01 7.599174e+00 -7.000000e+00
      vertex   1.771844e+01 7.314765e+00 6.000000e-01
    endloop
  endfacet
  facet normal -8.467242e-01 5.320321e-01 0.000000e+00
    outer loop
      vertex   1.771844e+01 7.314765e+00 6.000000e-01
      vertex   1.789715e+01 7.599174e+00 -7.000000e+00
      vertex   1.771844e+01 7.314765e+00 -7.000000e+00
    endloop
  endfacet
  facet normal -7.071068e-01 7.071068e-01 0.000000e+00
    outer loop
      vertex   1.771844e+01 7.314765e+00 6.000000e-01
      vertex   1.771844e+01 7.314765e+00 -7.000000e+00
      vertex   1.748093e+01 7.077253e+00 6.000000e-01
    endloop
  endfacet
  facet normal -7.071068e-01 7.071068e-01 0.000000e+00
    outer loop
      vertex   1.748093e+01 7.077253e+00 6.000000e-01
      vertex   1.771844e+01 7.314765e+00 -7.000000e+00
      vertex   1.748093e+01 7.077253e+00 -7.000000e+00
    endloop
  endfacet
  facet normal -5.320321e-01 8.467242e-01 0.000000e+00
    outer loop
      vertex   1.748093e+01 7.077253e+00 6.000000e-01
      vertex   1.748093e+01 7.077253e+00 -7.000000e+00
      vertex   1.719652e+01 6.898547e+00 6.000000e-01
    endloop
  endfacet
  facet normal -5.320321e-01 8.467242e-01 0.000000e+00
    outer loop
      vertex   1.719652e+01 6.898547e+00 6.000000e-01
      vertex   1.748093e+01 7.077253e+00 -7.000000e+00
      vertex   1.719652e+01 6.898547e+00 -7.000000e+00
    endloop
  endfacet
  facet normal -3.302791e-01 9.438833e-01 0.000000e+00
    outer loop
      vertex   1.719652e+01 6.898547e+00 6.000000e-01
      vertex   1.719652e+01 6.898547e+00 -7.000000e+00
      vertex   1.687948e+01 6.787608e+00 6.000000e-01
    endloop
  endfacet
  facet normal -3.302791e-01 9.438833e-01 0.000000e+00
    outer loop
      vertex   1.687948e+01 6.787608e+00 6.000000e-01
      vertex   1.719652e+01 6.898547e+00 -7.000000e+00
      vertex   1.687948e+01 6.787608e+00 -7.000000e+00
    endloop
  endfacet
  facet normal -1.119645e-01 9.937122e-01 0.000000e+00
    outer loop
      vertex   1.687948e+01 6.787608e+00 6.000000e-01
      vertex   1.687948e+01 6.787608e+00 -7.000000e+00
      vertex   1.654569e+01 6.750000e+00 6.000000e-01
    endloop
  endfacet
  facet normal -1.119645e-01 9.937122e-01 0.000000e+00
    outer loop
      vertex   1.654569e+01 6.750000e+00 6.000000e-01
      vertex   1.687948e+01 6.787608e+00 -7.000000e+00
      vertex   1.654569e+01 6.750000e+00 -7.000000e+00
    endloop
  endfacet
  facet normal 1.119645e-01 9.937122e-01 0.000000e+00
    outer loop
      vertex   1.654569e+01 6.750000e+00 6.000000e-01
      vertex   1.654569e+01 6.750000e+00 -7.000000e+00
      vertex   1.621191e+01 6.787608e+00 6.000000e-01
    endloop
  endfacet
  facet normal 1.119645e-01 9.937122e-01 0.000000e+00
    outer loop
      vertex   1.621191e+01 6.787608e+00 6.000000e-01
      vertex   1.654569e+01 6.750000e+00 -7.000000e+00
      vertex   1.621191e+01 6.787608e+00 -7.000000e+00
    endloop
  endfacet
  facet normal 3.302791e-01 9.438833e-01 0.000000e+00
    outer loop
      vertex   1.621191e+01 6.787608e+00 6.000000e-01
      vertex   1.621191e+01 6.787608e+00 -7.000000e+00
      vertex   1.589487e+01 6.898547e+00 6.000000e-01
    endloop
  endfacet
  facet normal 3.302791e-01 9.438833e-01 0.000000e+00
    outer loop
      vertex   1.589487e+01 6.898547e+00 6.000000e-01
      vertex   1.621191e+01 6.787608e+00 -7.000000e+00
      vertex   1.589487e+01 6.898547e+00 -7.000000e+00
    endloop
  endfacet
  facet normal 5.320321e-01 8.467242e-01 0.000000e+00
    outer loop
      vertex   1.589487e+01 6.898547e+00 6.000000e-01
      vertex   1.589487e+01 6.898547e+00 -7.000000e+00
      vertex   1.561046e+01 7.077253e+00 6.000000e-01
    endloop
  endfacet
  facet normal 5.320321e-01 8.467242e-01 0.000000e+00
    outer loop
      vertex   1.561046e+01 7.077253e+00 6.000000e-01
      vertex   1.589487e+01 6.898547e+00 -7.000000e+00
      vertex   1.561046e+01 7.077253e+00 -7.000000e+00
    endloop
  endfacet
  facet normal 7.071068e-01 7.071068e-01 0.000000e+00
    outer loop
      vertex   1.561046e+01 7.077253e+00 6.000000e-01
      vertex   1.561046e+01 7.077253e+00 -7.000000e+00
      vertex   1.537295e+01 7.314765e+00 6.000000e-01
    endloop
  endfacet
  facet normal 7.071068e-01 7.071068e-01 0.000000e+00
    outer loop
      vertex   1.537295e+01 7.314765e+00 6.000000e-01
      vertex   1.561046e+01 7.077253e+00 -7.000000e+00
      vertex   1.537295e+01 7.314765e+00 -7.000000e+00
    endloop
  endfacet
  facet normal 8.467242e-01 5.320321e-01 0.000000e+00
    outer loop
      vertex   1.537295e+01 7.314765e+00 6.000000e-01
      vertex   1.537295e+01 7.314765e+00 -7.000000e+00
      vertex   1.519424e+01 7.599174e+00 6.000000e-01
    endloop
  endfacet
  facet normal 8.467242e-01 5.320321e-01 0.000000e+00
    outer loop
      vertex   1.519424e+01 7.599174e+00 6.000000e-01
      vertex   1.537295e+01 7.314765e+00 -7.000000e+00
      vertex   1.519424e+01 7.599174e+00 -7.000000e+00
    endloop
  endfacet
  facet normal 9.438833e-01 3.302791e-01 0.000000e+00
    outer loop
      vertex   1.519424e+01 7.599174e+00 6.000000e-01
      vertex   1.519424e+01 7.599174e+00 -7.000000e+00
      vertex   1.508330e+01 7.916219e+00 6.000000e-01
    endloop
  endfacet
  facet normal 9.438833e-01 3.302791e-01 0.000000e+00
    outer loop
      vertex   1.508330e+01 7.916219e+00 6.000000e-01
      vertex   1.519424e+01 7.599174e+00 -7.000000e+00
      vertex   1.508330e+01 7.916219e+00 -7.000000e+00
    endloop
  endfacet
  facet normal 9.937122e-01 1.119645e-01 0.000000e+00
    outer loop
      vertex   1.508330e+01 7.916219e+00 6.000000e-01
      vertex   1.508330e+01 7.916219e+00 -7.000000e+00
      vertex   1.504569e+01 8.250000e+00 6.000000e-01
    endloop
  endfacet
  facet normal 9.937122e-01 1.119645e-01 0.000000e+00
    outer loop
      vertex   1.504569e+01 8.250000e+00 6.000000e-01
      vertex   1.508330e+01 7.916219e+00 -7.000000e+00
      vertex   1.504569e+01 8.250000e+00 -7.000000e+00
    endloop
  endfacet
  facet normal 9.937122e-01 -1.119645e-01 0.000000e+00
    outer loop
      vertex   1.504569e+01 8.250000e+00 6.000000e-01
      vertex   1.504569e+01 8.250000e+00 -7.000000e+00
      vertex   1.508330e+01 8.583781e+00 6.000000e-01
    endloop
  endfacet
  facet normal 9.937122e-01 -1.119645e-01 0.000000e+00
    outer loop
      vertex   1.508330e+01 8.583781e+00 6.000000e-01
      vertex   1.504569e+01 8.250000e+00 -7.000000e+00
      vertex   1.508330e+01 8.583781e+00 -7.000000e+00
    endloop
  endfacet
  facet normal 9.438833e-01 -3.302791e-01 0.000000e+00
    outer loop
      vertex   1.508330e+01 8.583781e+00 6.000000e-01
      vertex   1.508330e+01 8.583781e+00 -7.000000e+00
      vertex   1.519424e+01 8.900826e+00 6.000000e-01
    endloop
  endfacet
  facet normal 9.438833e-01 -3.302791e-01 0.000000e+00
    outer loop
      vertex   1.519424e+01 8.900826e+00 6.000000e-01
      vertex   1.508330e+01 8.583781e+00 -7.000000e+00
      vertex   1.519424e+01 8.900826e+00 -7.000000e+00
    endloop
  endfacet
  facet normal 8.467242e-01 -5.320321e-01 0.000000e+00
    outer loop
      vertex   1.519424e+01 8.900826e+00 6.000000e-01
      vertex   1.519424e+01 8.900826e+00 -7.000000e+00
      vertex   1.537295e+01 9.185235e+00 6.000000e-01
    endloop
  endfacet
  facet normal 8.467242e-01 -5.320321e-01 0.000000e+00
    outer loop
      vertex   1.537295e+01 9.185235e+00 6.000000e-01
      vertex   1.519424e+01 8.900826e+00 -7.000000e+00
      vertex   1.537295e+01 9.185235e+00 -7.000000e+00
    endloop
  endfacet
  facet normal 7.071068e-01 -7.071068e-01 0.000000e+00
    outer loop
      vertex   1.537295e+01 9.185235e+00 6.000000e-01
      vertex   1.537295e+01 9.185235e+00 -7.000000e+00
      vertex   1.561046e+01 9.422747e+00 6.000000e-01
    endloop
  endfacet
  facet normal 7.071068e-01 -7.071068e-01 0.000000e+00
    outer loop
      vertex   1.561046e+01 9.422747e+00 6.000000e-01
      vertex   1.537295e+01 9.185235e+00 -7.000000e+00
      vertex   1.561046e+01 9.422747e+00 -7.000000e+00
    endloop
  endfacet
  facet normal 5.320321e-01 -8.467242e-01 0.000000e+00
    outer loop
      vertex   1.561046e+01 9.422747e+00 6.000000e-01
      vertex   1.561046e+01 9.422747e+00 -7.000000e+00
      vertex   1.589487e+01 9.601453e+00 6.000000e-01
    endloop
  endfacet
  facet normal 5.320321e-01 -8.467242e-01 0.000000e+00
    outer loop
      vertex   1.589487e+01 9.601453e+00 6.000000e-01
      vertex   1.561046e+01 9.422747e+00 -7.000000e+00
      vertex   1.589487e+01 9.601453e+00 -7.000000e+00
    endloop
  endfacet
  facet normal 3.302791e-01 -9.438833e-01 0.000000e+00
    outer loop
      vertex   1.589487e+01 9.601453e+00 6.000000e-01
      vertex   1.589487e+01 9.601453e+00 -7.000000e+00
      vertex   1.621191e+01 9.712392e+00 6.000000e-01
    endloop
  endfacet
  facet normal 3.302791e-01 -9.438833e-01 0.000000e+00
    outer loop
      vertex   1.621191e+01 9.712392e+00 6.000000e-01
      vertex   1.589487e+01 9.601453e+00 -7.000000e+00
      vertex   1.621191e+01 9.712392e+00 -7.000000e+00
    endloop
  endfacet
  facet normal 1.119645e-01 -9.937122e-01 0.000000e+00
    outer loop
      vertex   1.621191e+01 9.712392e+00 6.000000e-01
      vertex   1.621191e+01 9.712392e+00 -7.000000e+00
      vertex   1.654569e+01 9.750000e+00 6.000000e-01
    endloop
  endfacet
  facet normal 1.119645e-01 -9.937122e-01 0.000000e+00
    outer loop
      vertex   1.654569e+01 9.750000e+00 6.000000e-01
      vertex   1.621191e+01 9.712392e+00 -7.000000e+00
      vertex   1.654569e+01 9.750000e+00 -7.000000e+00
    endloop
  endfacet
  facet normal -1.119645e-01 -9.937122e-01 -0.000000e+00
    outer loop
      vertex   1.654569e+01 9.750000e+00 6.000000e-01
      vertex   1.654569e+01 9.750000e+00 -7.000000e+00
      vertex   1.687948e+01 9.712392e+00 6.000000e-01
    endloop
  endfacet
  facet normal -1.119645e-01 -9.937122e-01 -0.000000e+00
    outer loop
      vertex   1.687948e+01 9.712392e+00 6.000000e-01
      vertex   1.654569e+01 9.750000e+00 -7.000000e+00
      vertex   1.687948e+01 9.712392e+00 -7.000000e+00
    endloop
  endfacet
  facet normal -3.302791e-01 -9.438833e-01 -0.000000e+00
    outer loop
      vertex   1.687948e+01 9.712392e+00 6.000000e-01
      vertex   1.687948e+01 9.712392e+00 -7.000000e+00
      vertex   1.719652e+01 9.601453e+00 6.000000e-01
    endloop
  endfacet
  facet normal -3.302791e-01 -9.438833e-01 -0.000000e+00
    outer loop
      vertex   1.719652e+01 9.601453e+00 6.000000e-01
      vertex   1.687948e+01 9.712392e+00 -7.000000e+00
      vertex   1.719652e+01 9.601453e+00 -7.000000e+00
    endloop
  endfacet
  facet normal -5.320321e-01 -8.467242e-01 -0.000000e+00
    outer loop
      vertex   1.719652e+01 9.601453e+00 6.000000e-01
      vertex   1.719652e+01 9.601453e+00 -7.000000e+00
      vertex   1.748093e+01 9.422747e+00 6.000000e-01
    endloop
  endfacet
  facet normal -5.320321e-01 -8.467242e-01 -0.000000e+00
    outer loop
      vertex   1.748093e+01 9.422747e+00 6.000000e-01
      vertex   1.719652e+01 9.601453e+00 -7.000000e+00
      vertex   1.748093e+01 9.422747e+00 -7.000000e+00
    endloop
  endfacet
  facet normal -7.071068e-01 -7.071068e-01 -0.000000e+00
    outer loop
      vertex   1.748093e+01 9.422747e+00 6.000000e-01
      vertex   1.748093e+01 9.422747e+00 -7.000000e+00
      vertex   1.771844e+01 9.185235e+00 6.000000e-01
    endloop
  endfacet
  facet normal -7.071068e-01 -7.071068e-01 -0.000000e+00
    outer loop
      vertex   1.771844e+01 9.185235e+00 6.000000e-01
      vertex   1.748093e+01 9.422747e+00 -7.000000e+00
      vertex   1.771844e+01 9.185235e+00 -7.000000e+00
    endloop
  endfacet
  facet normal -8.467242e-01 -5.320321e-01 -0.000000e+00
    outer loop
      vertex   1.771844e+01 9.185235e+00 6.000000e-01
      vertex   1.771844e+01 9.185235e+00 -7.000000e+00
      vertex   1.789715e+01 8.900826e+00 6.000000e-01
    endloop
  endfacet
  facet normal -8.467242e-01 -5.320321e-01 -0.000000e+00
    outer loop
      vertex   1.789715e+01 8.900826e+00 6.000000e-01
      vertex   1.771844e+01 9.185235e+00 -7.000000e+00
      vertex   1.789715e+01 8.900826e+00 -7.000000e+00
    endloop
  endfacet
  facet normal -9.438833e-01 -3.302791e-01 -0.000000e+00
    outer loop
      vertex   1.789715e+01 8.900826e+00 6.000000e-01
      vertex   1.789715e+01 8.900826e+00 -7.000000e+00
      vertex   1.800809e+01 8.583781e+00 6.000000e-01
    endloop
  endfacet
  facet normal -9.438833e-01 -3.302791e-01 -0.000000e+00
    outer loop
      vertex   1.800809e+01 8.583781e+00 6.000000e-01
      vertex   1.789715e+01 8.900826e+00 -7.000000e+00
      vertex   1.800809e+01 8.583781e+00 -7.000000e+00
    endloop
  endfacet
  facet normal -5.619296e-01 -8.271850e-01 -9.857851e-15
    outer loop
      vertex   8.901119e+00 2.409988e+01 -5.500000e+00
      vertex   8.901119e+00 2.409988e+01 -4.600000e+00
      vertex   8.657102e+00 2.426565e+01 -5.500000e+00
    endloop
  endfacet
  facet normal -5.619296e-01 -8.271850e-01 1.109097e-15
    outer loop
      vertex   8.657102e+00 2.426565e+01 -5.500000e+00
      vertex   8.901119e+00 2.409988e+01 -4.600000e+00
      vertex   8.657102e+00 2.426565e+01 -4.600000e+00
    endloop
  endfacet
  facet normal -3.431452e-01 -9.392824e-01 6.772760e-16
    outer loop
      vertex   8.657102e+00 2.426565e+01 -5.500000e+00
      vertex   8.657102e+00 2.426565e+01 -4.600000e+00
      vertex   8.380018e+00 2.436687e+01 -5.500000e+00
    endloop
  endfacet
  facet normal -3.431452e-01 -9.392824e-01 0.000000e+00
    outer loop
      vertex   8.380018e+00 2.436687e+01 -5.500000e+00
      vertex   8.657102e+00 2.426565e+01 -4.600000e+00
      vertex   8.380018e+00 2.436687e+01 -4.600000e+00
    endloop
  endfacet
  facet normal -1.036237e-01 -9.946166e-01 0.000000e+00
    outer loop
      vertex   8.380018e+00 2.436687e+01 -5.500000e+00
      vertex   8.380018e+00 2.436687e+01 -4.600000e+00
      vertex   8.086610e+00 2.439744e+01 -5.500000e+00
    endloop
  endfacet
  facet normal -1.036237e-01 -9.946166e-01 2.045252e-16
    outer loop
      vertex   8.086610e+00 2.439744e+01 -5.500000e+00
      vertex   8.380018e+00 2.436687e+01 -4.600000e+00
      vertex   8.086610e+00 2.439744e+01 -4.600000e+00
    endloop
  endfacet
  facet normal 1.421600e-01 -9.898437e-01 -2.805855e-16
    outer loop
      vertex   8.086610e+00 2.439744e+01 -5.500000e+00
      vertex   8.086610e+00 2.439744e+01 -4.600000e+00
      vertex   7.794610e+00 2.435551e+01 -5.500000e+00
    endloop
  endfacet
  facet normal 1.421600e-01 -9.898437e-01 0.000000e+00
    outer loop
      vertex   7.794610e+00 2.435551e+01 -5.500000e+00
      vertex   8.086610e+00 2.439744e+01 -4.600000e+00
      vertex   7.794610e+00 2.435551e+01 -4.600000e+00
    endloop
  endfacet
  facet normal 3.793527e-01 -9.252522e-01 0.000000e+00
    outer loop
      vertex   7.794610e+00 2.435551e+01 -5.500000e+00
      vertex   7.794610e+00 2.435551e+01 -4.600000e+00
      vertex   7.521664e+00 2.424360e+01 -5.500000e+00
    endloop
  endfacet
  facet normal 3.793527e-01 -9.252522e-01 0.000000e+00
    outer loop
      vertex   7.521664e+00 2.424360e+01 -5.500000e+00
      vertex   7.794610e+00 2.435551e+01 -4.600000e+00
      vertex   7.521664e+00 2.424360e+01 -4.600000e+00
    endloop
  endfacet
  facet normal 5.936201e-01 -8.047454e-01 0.000000e+00
    outer loop
      vertex   7.521664e+00 2.424360e+01 -5.500000e+00
      vertex   7.521664e+00 2.424360e+01 -4.600000e+00
      vertex   7.284267e+00 2.406848e+01 -5.500000e+00
    endloop
  endfacet
  facet normal 5.936201e-01 -8.047454e-01 -5.858229e-16
    outer loop
      vertex   7.284267e+00 2.406848e+01 -5.500000e+00
      vertex   7.521664e+00 2.424360e+01 -4.600000e+00
      vertex   7.284267e+00 2.406848e+01 -4.600000e+00
    endloop
  endfacet
  facet normal 7.720137e-01 -6.356059e-01 -7.618732e-16
    outer loop
      vertex   7.284267e+00 2.406848e+01 -5.500000e+00
      vertex   7.284267e+00 2.406848e+01 -4.600000e+00
      vertex   7.096766e+00 2.384074e+01 -5.500000e+00
    endloop
  endfacet
  facet normal 7.720137e-01 -6.356059e-01 0.000000e+00
    outer loop
      vertex   7.096766e+00 2.384074e+01 -5.500000e+00
      vertex   7.284267e+00 2.406848e+01 -4.600000e+00
      vertex   7.096766e+00 2.384074e+01 -4.600000e+00
    endloop
  endfacet
  facet normal -7.504983e-01 -6.608724e-01 -4.677729e-16
    outer loop
      vertex   1.035829e+01 2.260770e+01 -5.500000e+00
      vertex   1.035829e+01 2.260770e+01 2.000000e-01
      vertex   9.898433e+00 2.312993e+01 -5.500000e+00
    endloop
  endfacet
  facet normal -7.428300e-01 -6.694786e-01 -1.407127e-03
    outer loop
      vertex   9.898433e+00 2.312993e+01 -5.500000e+00
      vertex   1.035829e+01 2.260770e+01 2.000000e-01
      vertex   9.684189e+00 2.335566e+01 2.000000e-01
    endloop
  endfacet
  facet normal -7.154489e-01 -6.986646e-01 7.778888e-04
    outer loop
      vertex   9.898433e+00 2.312993e+01 -5.500000e+00
      vertex   9.684189e+00 2.335566e+01 2.000000e-01
      vertex   9.412279e+00 2.362776e+01 -5.500000e+00
    endloop
  endfacet
  facet normal -6.908651e-01 -7.229820e-01 -1.555673e-03
    outer loop
      vertex   9.412279e+00 2.362776e+01 -5.500000e+00
      vertex   9.684189e+00 2.335566e+01 2.000000e-01
      vertex   8.956215e+00 2.405130e+01 2.000000e-01
    endloop
  endfacet
  facet normal -6.784993e-01 -7.346010e-01 2.970735e-04
    outer loop
      vertex   9.412279e+00 2.362776e+01 -5.500000e+00
      vertex   8.956215e+00 2.405130e+01 2.000000e-01
      vertex   8.901119e+00 2.409988e+01 -5.500000e+00
    endloop
  endfacet
  facet normal -6.613852e-01 -7.500464e-01 -9.837743e-15
    outer loop
      vertex   8.901119e+00 2.409988e+01 -5.500000e+00
      vertex   8.956215e+00 2.405130e+01 2.000000e-01
      vertex   8.901119e+00 2.409988e+01 -4.600000e+00
    endloop
  endfacet
  facet normal -6.510664e-01 -7.590207e-01 -2.092768e-04
    outer loop
      vertex   8.901119e+00 2.409988e+01 -4.600000e+00
      vertex   8.956215e+00 2.405130e+01 2.000000e-01
      vertex   8.684049e+00 2.428607e+01 -4.568764e+00
    endloop
  endfacet
  facet normal -6.350568e-01 -7.724634e-01 -1.784788e-03
    outer loop
      vertex   8.684049e+00 2.428607e+01 -4.568764e+00
      vertex   8.956215e+00 2.405130e+01 2.000000e-01
      vertex   8.178418e+00 2.469074e+01 2.000000e-01
    endloop
  endfacet
  facet normal -6.346632e-01 -7.727870e-01 -1.715596e-03
    outer loop
      vertex   8.684049e+00 2.428607e+01 -4.568764e+00
      vertex   8.178418e+00 2.469074e+01 2.000000e-01
      vertex   8.465216e+00 2.446559e+01 -4.481353e+00
    endloop
  endfacet
  facet normal -6.189474e-01 -7.854324e-01 -1.446174e-04
    outer loop
      vertex   8.465216e+00 2.446559e+01 -4.481353e+00
      vertex   8.178418e+00 2.469074e+01 2.000000e-01
      vertex   8.247916e+00 2.463681e+01 -4.353066e+00
    endloop
  endfacet
  facet normal -6.047009e-01 -7.964526e-01 2.033720e-04
    outer loop
      vertex   8.247916e+00 2.463681e+01 -4.353066e+00
      vertex   8.178418e+00 2.469074e+01 2.000000e-01
      vertex   8.038217e+00 2.479606e+01 -4.200000e+00
    endloop
  endfacet
  facet normal -5.757164e-01 -8.176485e-01 -1.227555e-03
    outer loop
      vertex   8.038217e+00 2.479606e+01 -4.200000e+00
      vertex   8.178418e+00 2.469074e+01 2.000000e-01
      vertex   7.355124e+00 2.527043e+01 2.000000e-01
    endloop
  endfacet
  facet normal -5.654596e-01 -8.247752e-01 1.133129e-03
    outer loop
      vertex   8.038217e+00 2.479606e+01 -4.200000e+00
      vertex   7.355124e+00 2.527043e+01 2.000000e-01
      vertex   7.218865e+00 2.535780e+01 -4.200000e+00
    endloop
  endfacet
  facet normal -5.131728e-01 -8.582845e-01 -1.151499e-03
    outer loop
      vertex   7.218865e+00 2.535780e+01 -4.200000e+00
      vertex   7.355124e+00 2.527043e+01 2.000000e-01
      vertex   6.490914e+00 2.578715e+01 2.000000e-01
    endloop
  endfacet
  facet normal -5.032771e-01 -8.641245e-01 1.055541e-03
    outer loop
      vertex   7.218865e+00 2.535780e+01 -4.200000e+00
      vertex   6.490914e+00 2.578715e+01 2.000000e-01
      vertex   6.360423e+00 2.585777e+01 -4.200000e+00
    endloop
  endfacet
  facet normal -4.477745e-01 -8.941459e-01 -1.072380e-03
    outer loop
      vertex   6.360423e+00 2.585777e+01 -4.200000e+00
      vertex   6.490914e+00 2.578715e+01 2.000000e-01
      vertex   5.590595e+00 2.623801e+01 2.000000e-01
    endloop
  endfacet
  facet normal -4.383692e-01 -8.987944e-01 9.748921e-04
    outer loop
      vertex   6.360423e+00 2.585777e+01 -4.200000e+00
      vertex   5.590595e+00 2.623801e+01 2.000000e-01
      vertex   5.467538e+00 2.629326e+01 -4.200000e+00
    endloop
  endfacet
  facet normal -3.798852e-01 -9.250331e-01 -9.901999e-04
    outer loop
      vertex   5.467538e+00 2.629326e+01 -4.200000e+00
      vertex   5.590595e+00 2.623801e+01 2.000000e-01
      vertex   4.659175e+00 2.662052e+01 2.000000e-01
    endloop
  endfacet
  facet normal -3.710876e-01 -9.285974e-01 8.911807e-04
    outer loop
      vertex   5.467538e+00 2.629326e+01 -4.200000e+00
      vertex   4.659175e+00 2.662052e+01 2.000000e-01
      vertex   4.545047e+00 2.666191e+01 -4.200000e+00
    endloop
  endfacet
  facet normal -3.098825e-01 -9.507744e-01 -9.049574e-04
    outer loop
      vertex   4.545047e+00 2.666191e+01 -4.200000e+00
      vertex   4.659175e+00 2.662052e+01 2.000000e-01
      vertex   3.701837e+00 2.693254e+01 2.000000e-01
    endloop
  endfacet
  facet normal -3.017965e-01 -9.533720e-01 8.044073e-04
    outer loop
      vertex   4.545047e+00 2.666191e+01 -4.200000e+00
      vertex   3.701837e+00 2.693254e+01 2.000000e-01
      vertex   3.597945e+00 2.696172e+01 -4.200000e+00
    endloop
  endfacet
  facet normal -2.381560e-01 -9.712266e-01 -8.166531e-04
    outer loop
      vertex   3.597945e+00 2.696172e+01 -4.200000e+00
      vertex   3.701837e+00 2.693254e+01 2.000000e-01
      vertex   2.723905e+00 2.717234e+01 2.000000e-01
    endloop
  endfacet
  facet normal -2.308712e-01 -9.729841e-01 7.145720e-04
    outer loop
      vertex   3.597945e+00 2.696172e+01 -4.200000e+00
      vertex   2.723905e+00 2.717234e+01 2.000000e-01
      vertex   2.631359e+00 2.719107e+01 -4.200000e+00
    endloop
  endfacet
  facet normal -1.651046e-01 -9.862758e-01 -7.252869e-04
    outer loop
      vertex   2.631359e+00 2.719107e+01 -4.200000e+00
      vertex   2.723905e+00 2.717234e+01 2.000000e-01
      vertex   1.730820e+00 2.733859e+01 2.000000e-01
    endloop
  endfacet
  facet normal -1.586957e-01 -9.873273e-01 6.216749e-04
    outer loop
      vertex   2.631359e+00 2.719107e+01 -4.200000e+00
      vertex   1.730820e+00 2.733859e+01 2.000000e-01
      vertex   1.650524e+00 2.734872e+01 -4.200000e+00
    endloop
  endfacet
  facet normal -9.113476e-02 -9.958384e-01 -6.308589e-04
    outer loop
      vertex   1.650524e+00 2.734872e+01 -4.200000e+00
      vertex   1.730820e+00 2.733859e+01 2.000000e-01
      vertex   7.281070e-01 2.743035e+01 2.000000e-01
    endloop
  endfacet
  facet normal -8.566080e-02 -9.963242e-01 5.257161e-04
    outer loop
      vertex   1.650524e+00 2.734872e+01 -4.200000e+00
      vertex   7.281070e-01 2.743035e+01 2.000000e-01
      vertex   6.607518e-01 2.743382e+01 -4.200000e+00
    endloop
  endfacet
  facet normal -1.665790e-02 -9.998611e-01 -5.333693e-04
    outer loop
      vertex   6.607518e-01 2.743382e+01 -4.200000e+00
      vertex   7.281070e-01 2.743035e+01 2.000000e-01
      vertex   -2.786567e-01 2.744712e+01 2.000000e-01
    endloop
  endfacet
  facet normal -1.216206e-02 -9.999259e-01 4.266957e-04
    outer loop
      vertex   6.607518e-01 2.743382e+01 -4.200000e+00
      vertex   -2.786567e-01 2.744712e+01 2.000000e-01
      vertex   -3.325985e-01 2.744590e+01 -4.200000e+00
    endloop
  endfacet
  facet normal 5.791165e-02 -9.983216e-01 -4.328182e-04
    outer loop
      vertex   -3.325985e-01 2.744590e+01 -4.200000e+00
      vertex   -2.786567e-01 2.744712e+01 2.000000e-01
      vertex   -1.283870e+00 2.738881e+01 2.000000e-01
    endloop
  endfacet
  facet normal 6.140254e-02 -9.981130e-01 3.246137e-04
    outer loop
      vertex   -3.325985e-01 2.744590e+01 -4.200000e+00
      vertex   -1.283870e+00 2.738881e+01 2.000000e-01
      vertex   -1.324148e+00 2.738490e+01 -4.200000e+00
    endloop
  endfacet
  facet normal 1.321590e-01 -9.912285e-01 -3.292055e-04
    outer loop
      vertex   -1.324148e+00 2.738490e+01 -4.200000e+00
      vertex   -1.283870e+00 2.738881e+01 2.000000e-01
      vertex   -2.281942e+00 2.725574e+01 2.000000e-01
    endloop
  endfacet
  facet normal 1.346347e-01 -9.908953e-01 2.194704e-04
    outer loop
      vertex   -1.324148e+00 2.738490e+01 -4.200000e+00
      vertex   -2.281942e+00 2.725574e+01 2.000000e-01
      vertex   -2.308527e+00 2.725115e+01 -4.200000e+00
    endloop
  endfacet
  facet normal 2.056712e-01 -9.786211e-01 -2.225316e-04
    outer loop
      vertex   -2.308527e+00 2.725115e+01 -4.200000e+00
      vertex   -2.281942e+00 2.725574e+01 2.000000e-01
      vertex   -3.267319e+00 2.704865e+01 2.000000e-01
    endloop
  endfacet
  facet normal 2.071377e-01 -9.783118e-01 1.112658e-04
    outer loop
      vertex   -2.308527e+00 2.725115e+01 -4.200000e+00
      vertex   -3.267319e+00 2.704865e+01 2.000000e-01
      vertex   -3.280405e+00 2.704538e+01 -4.200000e+00
    endloop
  endfacet
  facet normal 2.780393e-01 -9.605697e-01 -1.127964e-04
    outer loop
      vertex   -3.280405e+00 2.704538e+01 -4.200000e+00
      vertex   -3.267319e+00 2.704865e+01 2.000000e-01
      vertex   -4.234520e+00 2.676869e+01 2.000000e-01
    endloop
  endfacet
  facet normal 2.785191e-01 -9.604307e-01 6.349843e-17
    outer loop
      vertex   -3.280405e+00 2.704538e+01 -4.200000e+00
      vertex   -4.234520e+00 2.676869e+01 2.000000e-01
      vertex   -4.234520e+00 2.676869e+01 -4.200000e+00
    endloop
  endfacet
  facet normal 1.236678e-01 9.923237e-01 -0.000000e+00
    outer loop
      vertex   1.195339e+01 1.164625e+01 -5.500000e+00
      vertex   1.195339e+01 1.164625e+01 -4.600000e+00
      vertex   1.224613e+01 1.160977e+01 -5.500000e+00
    endloop
  endfacet
  facet normal 1.236678e-01 9.923237e-01 -0.000000e+00
    outer loop
      vertex   1.224613e+01 1.160977e+01 -5.500000e+00
      vertex   1.195339e+01 1.164625e+01 -4.600000e+00
      vertex   1.224613e+01 1.160977e+01 -4.600000e+00
    endloop
  endfacet
  facet normal -1.221622e-01 9.925101e-01 0.000000e+00
    outer loop
      vertex   1.224613e+01 1.160977e+01 -5.500000e+00
      vertex   1.224613e+01 1.160977e+01 -4.600000e+00
      vertex   1.253891e+01 1.164581e+01 -5.500000e+00
    endloop
  endfacet
  facet normal -1.221622e-01 9.925101e-01 0.000000e+00
    outer loop
      vertex   1.253891e+01 1.164581e+01 -5.500000e+00
      vertex   1.224613e+01 1.160977e+01 -4.600000e+00
      vertex   1.253891e+01 1.164581e+01 -4.600000e+00
    endloop
  endfacet
  facet normal -3.606097e-01 9.327168e-01 0.000000e+00
    outer loop
      vertex   1.253891e+01 1.164581e+01 -5.500000e+00
      vertex   1.253891e+01 1.164581e+01 -4.600000e+00
      vertex   1.281406e+01 1.175219e+01 -5.500000e+00
    endloop
  endfacet
  facet normal -3.606097e-01 9.327168e-01 0.000000e+00
    outer loop
      vertex   1.281406e+01 1.175219e+01 -5.500000e+00
      vertex   1.253891e+01 1.164581e+01 -4.600000e+00
      vertex   1.281406e+01 1.175219e+01 -4.600000e+00
    endloop
  endfacet
  facet normal -5.772646e-01 8.165571e-01 0.000000e+00
    outer loop
      vertex   1.281406e+01 1.175219e+01 -5.500000e+00
      vertex   1.281406e+01 1.175219e+01 -4.600000e+00
      vertex   1.305494e+01 1.192248e+01 -5.500000e+00
    endloop
  endfacet
  facet normal -5.772646e-01 8.165571e-01 0.000000e+00
    outer loop
      vertex   1.305494e+01 1.192248e+01 -5.500000e+00
      vertex   1.281406e+01 1.175219e+01 -4.600000e+00
      vertex   1.305494e+01 1.192248e+01 -4.600000e+00
    endloop
  endfacet
  facet normal -7.590340e-01 6.510509e-01 0.000000e+00
    outer loop
      vertex   1.305494e+01 1.192248e+01 -5.500000e+00
      vertex   1.305494e+01 1.192248e+01 -4.600000e+00
      vertex   1.324700e+01 1.214639e+01 -5.500000e+00
    endloop
  endfacet
  facet normal -7.590340e-01 6.510509e-01 0.000000e+00
    outer loop
      vertex   1.324700e+01 1.214639e+01 -5.500000e+00
      vertex   1.305494e+01 1.192248e+01 -4.600000e+00
      vertex   1.324700e+01 1.214639e+01 -4.600000e+00
    endloop
  endfacet
  facet normal -8.949332e-01 4.462001e-01 0.000000e+00
    outer loop
      vertex   1.324700e+01 1.214639e+01 -5.500000e+00
      vertex   1.324700e+01 1.214639e+01 -4.600000e+00
      vertex   1.337863e+01 1.241039e+01 -5.500000e+00
    endloop
  endfacet
  facet normal -8.949332e-01 4.462001e-01 0.000000e+00
    outer loop
      vertex   1.337863e+01 1.241039e+01 -5.500000e+00
      vertex   1.324700e+01 1.214639e+01 -4.600000e+00
      vertex   1.337863e+01 1.241039e+01 -4.600000e+00
    endloop
  endfacet
  facet normal -9.767494e-01 2.143844e-01 0.000000e+00
    outer loop
      vertex   1.337863e+01 1.241039e+01 -5.500000e+00
      vertex   1.337863e+01 1.241039e+01 -4.600000e+00
      vertex   1.344187e+01 1.269853e+01 -5.500000e+00
    endloop
  endfacet
  facet normal -9.767494e-01 2.143844e-01 0.000000e+00
    outer loop
      vertex   1.344187e+01 1.269853e+01 -5.500000e+00
      vertex   1.337863e+01 1.241039e+01 -4.600000e+00
      vertex   1.344187e+01 1.269853e+01 -4.600000e+00
    endloop
  endfacet
  facet normal -6.507677e-01 7.592769e-01 -6.458930e-16
    outer loop
      vertex   8.408956e+00 3.388776e+00 -4.200000e+00
      vertex   8.408956e+00 3.388776e+00 2.000000e-01
      vertex   9.150281e+00 4.024157e+00 -4.200000e+00
    endloop
  endfacet
  facet normal -6.513452e-01 7.587815e-01 -1.688322e-04
    outer loop
      vertex   9.150281e+00 4.024157e+00 -4.200000e+00
      vertex   8.408956e+00 3.388776e+00 2.000000e-01
      vertex   9.165374e+00 4.038092e+00 2.000000e-01
    endloop
  endfacet
  facet normal -7.039428e-01 7.102566e-01 1.652821e-04
    outer loop
      vertex   9.150281e+00 4.024157e+00 -4.200000e+00
      vertex   9.165374e+00 4.038092e+00 2.000000e-01
      vertex   9.843744e+00 4.711456e+00 -4.200000e+00
    endloop
  endfacet
  facet normal -7.055621e-01 7.086480e-01 -3.305641e-04
    outer loop
      vertex   9.843744e+00 4.711456e+00 -4.200000e+00
      vertex   9.165374e+00 4.038092e+00 2.000000e-01
      vertex   9.871815e+00 4.741457e+00 2.000000e-01
    endloop
  endfacet
  facet normal -7.534359e-01 6.575213e-01 3.234639e-04
    outer loop
      vertex   9.843744e+00 4.711456e+00 -4.200000e+00
      vertex   9.871815e+00 4.741457e+00 2.000000e-01
      vertex   1.048572e+01 5.447078e+00 -4.200000e+00
    endloop
  endfacet
  facet normal -7.559317e-01 6.546503e-01 -4.851956e-04
    outer loop
      vertex   1.048572e+01 5.447078e+00 -4.200000e+00
      vertex   9.871815e+00 4.741457e+00 2.000000e-01
      vertex   1.052443e+01 5.495035e+00 2.000000e-01
    endloop
  endfacet
  facet normal -7.989880e-01 6.013468e-01 4.745449e-04
    outer loop
      vertex   1.048572e+01 5.447078e+00 -4.200000e+00
      vertex   1.052443e+01 5.495035e+00 2.000000e-01
      vertex   1.107285e+01 6.227175e+00 -4.200000e+00
    endloop
  endfacet
  facet normal -8.021793e-01 5.970829e-01 -6.327261e-04
    outer loop
      vertex   1.107285e+01 6.227175e+00 -4.200000e+00
      vertex   1.052443e+01 5.495035e+00 2.000000e-01
      vertex   1.111965e+01 6.294716e+00 2.000000e-01
    endloop
  endfacet
  facet normal -8.403609e-01 5.420269e-01 6.185249e-04
    outer loop
      vertex   1.107285e+01 6.227175e+00 -4.200000e+00
      vertex   1.111965e+01 6.294716e+00 2.000000e-01
      vertex   1.160206e+01 7.047667e+00 -4.200000e+00
    endloop
  endfacet
  facet normal -8.440527e-01 5.362597e-01 -7.731554e-04
    outer loop
      vertex   1.160206e+01 7.047667e+00 -4.200000e+00
      vertex   1.111965e+01 6.294716e+00 2.000000e-01
      vertex   1.165424e+01 7.136141e+00 2.000000e-01
    endloop
  endfacet
  facet normal -8.773383e-01 4.798719e-01 7.554034e-04
    outer loop
      vertex   1.160206e+01 7.047667e+00 -4.200000e+00
      vertex   1.165424e+01 7.136141e+00 2.000000e-01
      vertex   1.207059e+01 7.904263e+00 -4.200000e+00
    endloop
  endfacet
  facet normal -8.813236e-01 4.725123e-01 -9.064831e-04
    outer loop
      vertex   1.207059e+01 7.904263e+00 -4.200000e+00
      vertex   1.165424e+01 7.136141e+00 2.000000e-01
      vertex   1.212528e+01 8.014720e+00 2.000000e-01
    endloop
  endfacet
  facet normal -9.097266e-01 4.152068e-01 8.851802e-04
    outer loop
      vertex   1.207059e+01 7.904263e+00 -4.200000e+00
      vertex   1.212528e+01 8.014720e+00 2.000000e-01
      vertex   1.247598e+01 8.792481e+00 -4.200000e+00
    endloop
  endfacet
  facet normal -9.137887e-01 4.061885e-01 -1.032709e-03
    outer loop
      vertex   1.247598e+01 8.792481e+00 -4.200000e+00
      vertex   1.212528e+01 8.014720e+00 2.000000e-01
      vertex   1.253021e+01 8.925664e+00 2.000000e-01
    endloop
  endfacet
  facet normal -9.373565e-01 3.483700e-01 1.007855e-03
    outer loop
      vertex   1.247598e+01 8.792481e+00 -4.200000e+00
      vertex   1.253021e+01 8.925664e+00 2.000000e-01
      vertex   1.281611e+01 9.707675e+00 -4.200000e+00
    endloop
  endfacet
  facet normal -9.412711e-01 3.376497e-01 -1.151832e-03
    outer loop
      vertex   1.281611e+01 9.707675e+00 -4.200000e+00
      vertex   1.253021e+01 8.925664e+00 2.000000e-01
      vertex   1.286680e+01 9.864004e+00 2.000000e-01
    endloop
  endfacet
  facet normal -9.600836e-01 2.797111e-01 1.123427e-03
    outer loop
      vertex   1.281611e+01 9.707675e+00 -4.200000e+00
      vertex   1.286680e+01 9.864004e+00 2.000000e-01
      vertex   1.308921e+01 1.064506e+01 -4.200000e+00
    endloop
  endfacet
  facet normal -9.636209e-01 2.672698e-01 -1.263854e-03
    outer loop
      vertex   1.308921e+01 1.064506e+01 -4.200000e+00
      vertex   1.286680e+01 9.864004e+00 2.000000e-01
      vertex   1.313324e+01 1.082462e+01 2.000000e-01
    endloop
  endfacet
  facet normal -9.777888e-01 2.095891e-01 1.231897e-03
    outer loop
      vertex   1.308921e+01 1.064506e+01 -4.200000e+00
      vertex   1.313324e+01 1.082462e+01 2.000000e-01
      vertex   1.329384e+01 1.159973e+01 -4.200000e+00
    endloop
  endfacet
  facet normal -9.807162e-01 1.954326e-01 -1.368772e-03
    outer loop
      vertex   1.329384e+01 1.159973e+01 -4.200000e+00
      vertex   1.313324e+01 1.082462e+01 2.000000e-01
      vertex   1.332807e+01 1.180229e+01 2.000000e-01
    endloop
  endfacet
  facet normal -9.866834e-01 1.626524e-01 1.866998e-04
    outer loop
      vertex   1.329384e+01 1.159973e+01 -4.200000e+00
      vertex   1.332807e+01 1.180229e+01 2.000000e-01
      vertex   1.333664e+01 1.185954e+01 -4.353066e+00
    endloop
  endfacet
  facet normal -9.894445e-01 1.449122e-01 -4.159385e-05
    outer loop
      vertex   1.333664e+01 1.185954e+01 -4.353066e+00
      vertex   1.332807e+01 1.180229e+01 2.000000e-01
      vertex   1.337674e+01 1.213327e+01 -4.481353e+00
    endloop
  endfacet
  facet normal -9.924635e-01 1.225297e-01 -1.655480e-03
    outer loop
      vertex   1.337674e+01 1.213327e+01 -4.481353e+00
      vertex   1.332807e+01 1.180229e+01 2.000000e-01
      vertex   1.345021e+01 1.279166e+01 2.000000e-01
    endloop
  endfacet
  facet normal -9.921804e-01 1.247967e-01 -1.978765e-03
    outer loop
      vertex   1.337674e+01 1.213327e+01 -4.481353e+00
      vertex   1.345021e+01 1.279166e+01 2.000000e-01
      vertex   1.341223e+01 1.241409e+01 -4.568764e+00
    endloop
  endfacet
  facet normal -9.946195e-01 1.035957e-01 -2.807084e-04
    outer loop
      vertex   1.341223e+01 1.241409e+01 -4.568764e+00
      vertex   1.345021e+01 1.279166e+01 2.000000e-01
      vertex   1.344187e+01 1.269853e+01 -4.600000e+00
    endloop
  endfacet
  facet normal -9.960090e-01 8.925273e-02 0.000000e+00
    outer loop
      vertex   1.344187e+01 1.269853e+01 -4.600000e+00
      vertex   1.345021e+01 1.279166e+01 2.000000e-01
      vertex   1.344187e+01 1.269853e+01 -5.500000e+00
    endloop
  endfacet
  facet normal -9.977522e-01 6.701014e-02 3.659775e-04
    outer loop
      vertex   1.344187e+01 1.269853e+01 -5.500000e+00
      vertex   1.345021e+01 1.279166e+01 2.000000e-01
      vertex   1.348850e+01 1.339280e+01 -5.500000e+00
    endloop
  endfacet
  facet normal -9.987996e-01 4.895872e-02 -1.544805e-03
    outer loop
      vertex   1.348850e+01 1.339280e+01 -5.500000e+00
      vertex   1.345021e+01 1.279166e+01 2.000000e-01
      vertex   1.349902e+01 1.378735e+01 2.000000e-01
    endloop
  endfacet
  facet normal -9.998794e-01 1.551085e-02 7.724513e-04
    outer loop
      vertex   1.348850e+01 1.339280e+01 -5.500000e+00
      vertex   1.349902e+01 1.378735e+01 2.000000e-01
      vertex   1.349929e+01 1.408855e+01 -5.500000e+00
    endloop
  endfacet
  facet normal -9.996895e-01 -2.487923e-02 -1.361805e-03
    outer loop
      vertex   1.349929e+01 1.408855e+01 -5.500000e+00
      vertex   1.349902e+01 1.378735e+01 2.000000e-01
      vertex   1.347422e+01 1.478393e+01 2.000000e-01
    endloop
  endfacet
  facet normal -9.993507e-01 -3.602965e-02 -3.114082e-16
    outer loop
      vertex   1.349929e+01 1.408855e+01 -5.500000e+00
      vertex   1.347422e+01 1.478393e+01 2.000000e-01
      vertex   1.347422e+01 1.478393e+01 -5.500000e+00
    endloop
  endfacet
  facet normal 2.125419e-01 -9.771520e-01 4.290343e-17
    outer loop
      vertex   -4.234520e+00 2.676869e+01 -4.200000e+00
      vertex   -4.234520e+00 2.676869e+01 2.000000e-01
      vertex   -4.480025e+00 2.671529e+01 -4.200000e+00
    endloop
  endfacet
  facet normal 1.995885e-01 -9.798795e-01 7.558576e-04
    outer loop
      vertex   -4.480025e+00 2.671529e+01 -4.200000e+00
      vertex   -4.234520e+00 2.676869e+01 2.000000e-01
      vertex   -4.511648e+00 2.671224e+01 2.000000e-01
    endloop
  endfacet
  facet normal 4.419249e-03 -9.999900e-01 -6.607415e-04
    outer loop
      vertex   -4.480025e+00 2.671529e+01 -4.200000e+00
      vertex   -4.511648e+00 2.671224e+01 2.000000e-01
      vertex   -4.731269e+00 2.671418e+01 -4.200000e+00
    endloop
  endfacet
  facet normal -3.528586e-02 -9.993764e-01 1.321366e-03
    outer loop
      vertex   -4.731269e+00 2.671418e+01 -4.200000e+00
      vertex   -4.511648e+00 2.671224e+01 2.000000e-01
      vertex   -4.794291e+00 2.672222e+01 2.000000e-01
    endloop
  endfacet
  facet normal -2.038970e-01 -9.789917e-01 -1.130920e-03
    outer loop
      vertex   -4.731269e+00 2.671418e+01 -4.200000e+00
      vertex   -4.794291e+00 2.672222e+01 2.000000e-01
      vertex   -4.977238e+00 2.676541e+01 -4.200000e+00
    endloop
  endfacet
  facet normal -2.682000e-01 -9.633618e-01 1.696130e-03
    outer loop
      vertex   -4.977238e+00 2.676541e+01 -4.200000e+00
      vertex   -4.794291e+00 2.672222e+01 2.000000e-01
      vertex   -5.066748e+00 2.679808e+01 2.000000e-01
    endloop
  endfacet
  facet normal -4.032749e-01 -9.150778e-01 -1.410205e-03
    outer loop
      vertex   -4.977238e+00 2.676541e+01 -4.200000e+00
      vertex   -5.066748e+00 2.679808e+01 2.000000e-01
      vertex   -5.207148e+00 2.686673e+01 -4.200000e+00
    endloop
  endfacet
  facet normal -4.862165e-01 -8.738364e-01 1.879888e-03
    outer loop
      vertex   -5.207148e+00 2.686673e+01 -4.200000e+00
      vertex   -5.066748e+00 2.679808e+01 2.000000e-01
      vertex   -5.313886e+00 2.693559e+01 2.000000e-01
    endloop
  endfacet
  facet normal -5.849746e-01 -8.110502e-01 -1.498403e-03
    outer loop
      vertex   -5.207148e+00 2.686673e+01 -4.200000e+00
      vertex   -5.313886e+00 2.693559e+01 2.000000e-01
      vertex   -5.410921e+00 2.701370e+01 -4.200000e+00
    endloop
  endfacet
  facet normal -6.772256e-01 -7.357731e-01 1.872510e-03
    outer loop
      vertex   -5.410921e+00 2.701370e+01 -4.200000e+00
      vertex   -5.313886e+00 2.693559e+01 2.000000e-01
      vertex   -5.521977e+00 2.712712e+01 2.000000e-01
    endloop
  endfacet
  facet normal -7.405843e-01 -6.719620e-01 -1.371471e-03
    outer loop
      vertex   -5.410921e+00 2.701370e+01 -4.200000e+00
      vertex   -5.521977e+00 2.712712e+01 2.000000e-01
      vertex   -5.579987e+00 2.720038e+01 -4.369066e+00
    endloop
  endfacet
  facet normal -8.306178e-01 -5.568406e-01 1.617491e-03
    outer loop
      vertex   -5.579987e+00 2.720038e+01 -4.369066e+00
      vertex   -5.521977e+00 2.712712e+01 2.000000e-01
      vertex   -5.679462e+00 2.736203e+01 2.000000e-01
    endloop
  endfacet
  facet normal -8.647224e-01 -5.022491e-01 -1.056464e-03
    outer loop
      vertex   -5.579987e+00 2.720038e+01 -4.369066e+00
      vertex   -5.679462e+00 2.736203e+01 2.000000e-01
      vertex   -5.706366e+00 2.741823e+01 -4.495445e+00
    endloop
  endfacet
  facet normal -9.331952e-01 -3.593685e-01 1.045981e-03
    outer loop
      vertex   -5.706366e+00 2.741823e+01 -4.495445e+00
      vertex   -5.679462e+00 2.736203e+01 2.000000e-01
      vertex   -5.751728e+00 2.753589e+01 -4.540807e+00
    endloop
  endfacet
  facet normal -9.378721e-01 -3.469775e-01 1.571690e-03
    outer loop
      vertex   -5.751728e+00 2.753589e+01 -4.540807e+00
      vertex   -5.679462e+00 2.736203e+01 2.000000e-01
      vertex   -5.777594e+00 2.762728e+01 2.000000e-01
    endloop
  endfacet
  facet normal -9.656400e-01 -2.598831e-01 -2.587317e-04
    outer loop
      vertex   -5.751728e+00 2.753589e+01 -4.540807e+00
      vertex   -5.777594e+00 2.762728e+01 2.000000e-01
      vertex   -5.784492e+00 2.765766e+01 -4.573570e+00
    endloop
  endfacet
  facet normal -9.876015e-01 -1.569812e-01 4.279539e-04
    outer loop
      vertex   -5.784492e+00 2.765766e+01 -4.573570e+00
      vertex   -5.777594e+00 2.762728e+01 2.000000e-01
      vertex   -5.804296e+00 2.778220e+01 -4.593374e+00
    endloop
  endfacet
  facet normal -9.930310e-01 -1.178410e-01 1.723196e-03
    outer loop
      vertex   -5.804296e+00 2.778220e+01 -4.593374e+00
      vertex   -5.777594e+00 2.762728e+01 2.000000e-01
      vertex   -5.810921e+00 2.790813e+01 2.000000e-01
    endloop
  endfacet
  facet normal -9.986187e-01 -5.254260e-02 -1.848528e-16
    outer loop
      vertex   -5.804296e+00 2.778220e+01 -4.593374e+00
      vertex   -5.810921e+00 2.790813e+01 2.000000e-01
      vertex   -5.810921e+00 2.790813e+01 -4.600000e+00
    endloop
  endfacet
  facet normal -5.254259e-02 -9.986187e-01 -1.944466e-17
    outer loop
      vertex   9.156419e+00 1.250000e+00 -4.600000e+00
      vertex   9.156419e+00 1.250000e+00 2.000000e-01
      vertex   9.030490e+00 1.256626e+00 -4.593374e+00
    endloop
  endfacet
  facet normal -1.231447e-01 -9.923870e-01 1.863422e-03
    outer loop
      vertex   9.030490e+00 1.256626e+00 -4.593374e+00
      vertex   9.156419e+00 1.250000e+00 2.000000e-01
      vertex   8.863120e+00 1.286395e+00 2.000000e-01
    endloop
  endfacet
  facet normal -1.569461e-01 -9.876069e-01 6.534909e-04
    outer loop
      vertex   9.030490e+00 1.256626e+00 -4.593374e+00
      vertex   8.863120e+00 1.286395e+00 2.000000e-01
      vertex   8.905953e+00 1.276430e+00 -4.573570e+00
    endloop
  endfacet
  facet normal -2.598975e-01 -9.656361e-01 -3.161525e-04
    outer loop
      vertex   8.905953e+00 1.276430e+00 -4.573570e+00
      vertex   8.863120e+00 1.286395e+00 2.000000e-01
      vertex   8.784182e+00 1.309193e+00 -4.540807e+00
    endloop
  endfacet
  facet normal -3.592181e-01 -9.332524e-01 1.493353e-03
    outer loop
      vertex   8.784182e+00 1.309193e+00 -4.540807e+00
      vertex   8.863120e+00 1.286395e+00 2.000000e-01
      vertex   8.666521e+00 1.354555e+00 -4.495445e+00
    endloop
  endfacet
  facet normal -3.619646e-01 -9.321904e-01 1.623765e-03
    outer loop
      vertex   8.666521e+00 1.354555e+00 -4.495445e+00
      vertex   8.863120e+00 1.286395e+00 2.000000e-01
      vertex   8.587613e+00 1.393373e+00 2.000000e-01
    endloop
  endfacet
  facet normal -5.023519e-01 -8.646623e-01 -1.293737e-03
    outer loop
      vertex   8.666521e+00 1.354555e+00 -4.495445e+00
      vertex   8.587613e+00 1.393373e+00 2.000000e-01
      vertex   8.448668e+00 1.480934e+00 -4.369066e+00
    endloop
  endfacet
  facet normal -5.788277e-01 -8.154475e-01 1.975030e-03
    outer loop
      vertex   8.448668e+00 1.480934e+00 -4.369066e+00
      vertex   8.587613e+00 1.393373e+00 2.000000e-01
      vertex   8.346609e+00 1.564445e+00 2.000000e-01
    endloop
  endfacet
  facet normal -6.720137e-01 -7.405373e-01 -1.475636e-03
    outer loop
      vertex   8.448668e+00 1.480934e+00 -4.369066e+00
      vertex   8.346609e+00 1.564445e+00 2.000000e-01
      vertex   8.261991e+00 1.650000e+00 -4.200000e+00
    endloop
  endfacet
  facet normal -7.605800e-01 -6.492411e-01 2.002795e-03
    outer loop
      vertex   8.261991e+00 1.650000e+00 -4.200000e+00
      vertex   8.346609e+00 1.564445e+00 2.000000e-01
      vertex   8.154726e+00 1.789233e+00 2.000000e-01
    endloop
  endfacet
  facet normal -8.176742e-01 -5.756787e-01 -1.716873e-03
    outer loop
      vertex   8.261991e+00 1.650000e+00 -4.200000e+00
      vertex   8.154726e+00 1.789233e+00 2.000000e-01
      vertex   8.101680e+00 1.877701e+00 -4.200000e+00
    endloop
  endfacet
  facet normal -8.961968e-01 -4.436527e-01 1.884365e-03
    outer loop
      vertex   8.101680e+00 1.877701e+00 -4.200000e+00
      vertex   8.154726e+00 1.789233e+00 2.000000e-01
      vertex   8.023606e+00 2.054103e+00 2.000000e-01
    endloop
  endfacet
  facet normal -9.283481e-01 -3.717088e-01 -1.570453e-03
    outer loop
      vertex   8.101680e+00 1.877701e+00 -4.200000e+00
      vertex   8.023606e+00 2.054103e+00 2.000000e-01
      vertex   7.998168e+00 2.136222e+00 -4.200000e+00
    endloop
  endfacet
  facet normal -9.774516e-01 -2.111529e-01 1.709963e-03
    outer loop
      vertex   7.998168e+00 2.136222e+00 -4.200000e+00
      vertex   8.023606e+00 2.054103e+00 2.000000e-01
      vertex   7.961200e+00 2.342987e+00 2.000000e-01
    endloop
  endfacet
  facet normal -9.890281e-01 -1.477213e-01 -1.368076e-03
    outer loop
      vertex   7.998168e+00 2.136222e+00 -4.200000e+00
      vertex   7.961200e+00 2.342987e+00 2.000000e-01
      vertex   7.957032e+00 2.411641e+00 -4.200000e+00
    endloop
  endfacet
  facet normal -9.994154e-01 3.415540e-02 1.479623e-03
    outer loop
      vertex   7.957032e+00 2.411641e+00 -4.200000e+00
      vertex   7.961200e+00 2.342987e+00 2.000000e-01
      vertex   7.971294e+00 2.638362e+00 2.000000e-01
    endloop
  endfacet
  facet normal -9.964464e-01 8.422146e-02 -1.109784e-03
    outer loop
      vertex   7.957032e+00 2.411641e+00 -4.200000e+00
      vertex   7.971294e+00 2.638362e+00 2.000000e-01
      vertex   7.980485e+00 2.689125e+00 -4.200000e+00
    endloop
  endfacet
  facet normal -9.607561e-01 2.773920e-01 1.193392e-03
    outer loop
      vertex   7.980485e+00 2.689125e+00 -4.200000e+00
      vertex   7.971294e+00 2.638362e+00 2.000000e-01
      vertex   8.053277e+00 2.922312e+00 2.000000e-01
    endloop
  endfacet
  facet normal -9.502036e-01 3.116288e-01 -7.956289e-04
    outer loop
      vertex   7.980485e+00 2.689125e+00 -4.200000e+00
      vertex   8.053277e+00 2.922312e+00 2.000000e-01
      vertex   8.067266e+00 2.953732e+00 -4.200000e+00
    endloop
  endfacet
  facet normal -8.638184e-01 5.038026e-01 8.513290e-04
    outer loop
      vertex   8.067266e+00 2.953732e+00 -4.200000e+00
      vertex   8.053277e+00 2.922312e+00 2.000000e-01
      vertex   8.202175e+00 3.177612e+00 2.000000e-01
    endloop
  endfacet
  facet normal -8.527897e-01 5.222543e-01 -4.256756e-04
    outer loop
      vertex   8.067266e+00 2.953732e+00 -4.200000e+00
      vertex   8.202175e+00 3.177612e+00 2.000000e-01
      vertex   8.212700e+00 3.191212e+00 -4.200000e+00
    endloop
  endfacet
  facet normal -7.144825e-01 6.996532e-01 4.535045e-04
    outer loop
      vertex   8.212700e+00 3.191212e+00 -4.200000e+00
      vertex   8.202175e+00 3.177612e+00 2.000000e-01
      vertex   8.408956e+00 3.388776e+00 2.000000e-01
    endloop
  endfacet
  facet normal -7.094508e-01 7.047550e-01 -6.455918e-16
    outer loop
      vertex   8.212700e+00 3.191212e+00 -4.200000e+00
      vertex   8.408956e+00 3.388776e+00 2.000000e-01
      vertex   8.408956e+00 3.388776e+00 -4.200000e+00
    endloop
  endfacet
  facet normal -9.981323e-01 6.108905e-02 -3.110595e-16
    outer loop
      vertex   1.347422e+01 1.478393e+01 -5.500000e+00
      vertex   1.347422e+01 1.478393e+01 2.000000e-01
      vertex   1.349220e+01 1.507769e+01 -5.500000e+00
    endloop
  endfacet
  facet normal -9.981323e-01 6.108905e-02 0.000000e+00
    outer loop
      vertex   1.349220e+01 1.507769e+01 -5.500000e+00
      vertex   1.347422e+01 1.478393e+01 2.000000e-01
      vertex   1.349220e+01 1.507769e+01 2.000000e-01
    endloop
  endfacet
  facet normal -9.532429e-01 3.022052e-01 0.000000e+00
    outer loop
      vertex   1.349220e+01 1.507769e+01 -5.500000e+00
      vertex   1.349220e+01 1.507769e+01 2.000000e-01
      vertex   1.358114e+01 1.535824e+01 -5.500000e+00
    endloop
  endfacet
  facet normal -9.532429e-01 3.022052e-01 0.000000e+00
    outer loop
      vertex   1.358114e+01 1.535824e+01 -5.500000e+00
      vertex   1.349220e+01 1.507769e+01 2.000000e-01
      vertex   1.358114e+01 1.535824e+01 2.000000e-01
    endloop
  endfacet
  facet normal -8.510140e-01 5.251430e-01 0.000000e+00
    outer loop
      vertex   1.358114e+01 1.535824e+01 -5.500000e+00
      vertex   1.358114e+01 1.535824e+01 2.000000e-01
      vertex   1.373570e+01 1.560870e+01 -5.500000e+00
    endloop
  endfacet
  facet normal -8.510140e-01 5.251430e-01 0.000000e+00
    outer loop
      vertex   1.373570e+01 1.560870e+01 -5.500000e+00
      vertex   1.358114e+01 1.535824e+01 2.000000e-01
      vertex   1.373570e+01 1.560870e+01 2.000000e-01
    endloop
  endfacet
  facet normal -6.975948e-01 7.164925e-01 0.000000e+00
    outer loop
      vertex   1.373570e+01 1.560870e+01 -5.500000e+00
      vertex   1.373570e+01 1.560870e+01 2.000000e-01
      vertex   1.394657e+01 1.581401e+01 -5.500000e+00
    endloop
  endfacet
  facet normal -6.975948e-01 7.164925e-01 0.000000e+00
    outer loop
      vertex   1.394657e+01 1.581401e+01 -5.500000e+00
      vertex   1.373570e+01 1.560870e+01 2.000000e-01
      vertex   1.394657e+01 1.581401e+01 2.000000e-01
    endloop
  endfacet
  facet normal -5.022139e-01 8.647434e-01 0.000000e+00
    outer loop
      vertex   1.394657e+01 1.581401e+01 -5.500000e+00
      vertex   1.394657e+01 1.581401e+01 2.000000e-01
      vertex   1.420107e+01 1.596182e+01 -5.500000e+00
    endloop
  endfacet
  facet normal -5.022139e-01 8.647434e-01 0.000000e+00
    outer loop
      vertex   1.420107e+01 1.596182e+01 -5.500000e+00
      vertex   1.394657e+01 1.581401e+01 2.000000e-01
      vertex   1.420107e+01 1.596182e+01 2.000000e-01
    endloop
  endfacet
  facet normal -2.766238e-01 9.609783e-01 0.000000e+00
    outer loop
      vertex   1.420107e+01 1.596182e+01 -5.500000e+00
      vertex   1.420107e+01 1.596182e+01 2.000000e-01
      vertex   1.448390e+01 1.604323e+01 -5.500000e+00
    endloop
  endfacet
  facet normal -2.766238e-01 9.609783e-01 0.000000e+00
    outer loop
      vertex   1.448390e+01 1.604323e+01 -5.500000e+00
      vertex   1.420107e+01 1.596182e+01 2.000000e-01
      vertex   1.448390e+01 1.604323e+01 2.000000e-01
    endloop
  endfacet
  facet normal -1.063665e-13 3.372122e-14 -1.000000e+00
    outer loop
      vertex   1.349220e+01 1.507769e+01 -5.500000e+00
      vertex   1.358114e+01 1.535824e+01 -5.500000e+00
      vertex   1.347422e+01 1.478393e+01 -5.500000e+00
    endloop
  endfacet
  facet normal -3.230079e-14 1.993215e-14 -1.000000e+00
    outer loop
      vertex   1.347422e+01 1.478393e+01 -5.500000e+00
      vertex   1.358114e+01 1.535824e+01 -5.500000e+00
      vertex   1.373570e+01 1.560870e+01 -5.500000e+00
    endloop
  endfacet
  facet normal -1.364935e-14 1.401911e-14 -1.000000e+00
    outer loop
      vertex   1.347422e+01 1.478393e+01 -5.500000e+00
      vertex   1.373570e+01 1.560870e+01 -5.500000e+00
      vertex   1.394657e+01 1.581401e+01 -5.500000e+00
    endloop
  endfacet
  facet normal -6.142717e-15 1.057692e-14 -1.000000e+00
    outer loop
      vertex   1.394657e+01 1.581401e+01 -5.500000e+00
      vertex   1.420107e+01 1.596182e+01 -5.500000e+00
      vertex   1.347422e+01 1.478393e+01 -5.500000e+00
    endloop
  endfacet
  facet normal 5.261903e-15 3.539362e-15 -1.000000e+00
    outer loop
      vertex   1.347422e+01 1.478393e+01 -5.500000e+00
      vertex   1.420107e+01 1.596182e+01 -5.500000e+00
      vertex   1.448390e+01 1.604323e+01 -5.500000e+00
    endloop
  endfacet
  facet normal 1.840681e-14 -6.999897e-15 -1.000000e+00
    outer loop
      vertex   1.347422e+01 1.478393e+01 -5.500000e+00
      vertex   1.448390e+01 1.604323e+01 -5.500000e+00
      vertex   1.349929e+01 1.408855e+01 -5.500000e+00
    endloop
  endfacet
  facet normal -8.542686e-15 6.575014e-15 -1.000000e+00
    outer loop
      vertex   1.349929e+01 1.408855e+01 -5.500000e+00
      vertex   1.448390e+01 1.604323e+01 -5.500000e+00
      vertex   1.499222e+01 1.616334e+01 -5.500000e+00
    endloop
  endfacet
  facet normal 2.401671e-15 -1.300054e-15 -1.000000e+00
    outer loop
      vertex   1.349929e+01 1.408855e+01 -5.500000e+00
      vertex   1.499222e+01 1.616334e+01 -5.500000e+00
      vertex   1.586885e+01 1.163412e+01 -5.500000e+00
    endloop
  endfacet
  facet normal -6.106969e-16 -1.883097e-15 -1.000000e+00
    outer loop
      vertex   1.586885e+01 1.163412e+01 -5.500000e+00
      vertex   1.499222e+01 1.616334e+01 -5.500000e+00
      vertex   1.662648e+01 1.186007e+01 -5.500000e+00
    endloop
  endfacet
  facet normal 5.746555e-16 -1.432932e-15 -1.000000e+00
    outer loop
      vertex   1.662648e+01 1.186007e+01 -5.500000e+00
      vertex   1.499222e+01 1.616334e+01 -5.500000e+00
      vertex   1.547700e+01 1.635776e+01 -5.500000e+00
    endloop
  endfacet
  facet normal 5.838420e-16 -1.430584e-15 -1.000000e+00
    outer loop
      vertex   1.662648e+01 1.186007e+01 -5.500000e+00
      vertex   1.547700e+01 1.635776e+01 -5.500000e+00
      vertex   1.735848e+01 1.215881e+01 -5.500000e+00
    endloop
  endfacet
  facet normal 7.864085e-16 -1.339817e-15 -1.000000e+00
    outer loop
      vertex   1.735848e+01 1.215881e+01 -5.500000e+00
      vertex   1.547700e+01 1.635776e+01 -5.500000e+00
      vertex   1.592746e+01 1.662215e+01 -5.500000e+00
    endloop
  endfacet
  facet normal 7.178631e-16 -1.361794e-15 -1.000000e+00
    outer loop
      vertex   1.735848e+01 1.215881e+01 -5.500000e+00
      vertex   1.592746e+01 1.662215e+01 -5.500000e+00
      vertex   1.805787e+01 1.252749e+01 -5.500000e+00
    endloop
  endfacet
  facet normal 8.517088e-16 -1.292155e-15 -1.000000e+00
    outer loop
      vertex   1.805787e+01 1.252749e+01 -5.500000e+00
      vertex   1.592746e+01 1.662215e+01 -5.500000e+00
      vertex   1.871798e+01 1.296260e+01 -5.500000e+00
    endloop
  endfacet
  facet normal 9.713961e-16 -1.200890e-15 -1.000000e+00
    outer loop
      vertex   1.871798e+01 1.296260e+01 -5.500000e+00
      vertex   1.592746e+01 1.662215e+01 -5.500000e+00
      vertex   1.633355e+01 1.695064e+01 -5.500000e+00
    endloop
  endfacet
  facet normal -9.761299e-16 -2.365307e-15 -1.000000e+00
    outer loop
      vertex   1.871798e+01 1.296260e+01 -5.500000e+00
      vertex   1.633355e+01 1.695064e+01 -5.500000e+00
      vertex   1.933253e+01 1.345999e+01 -5.500000e+00
    endloop
  endfacet
  facet normal 8.602939e-16 -7.875499e-16 -1.000000e+00
    outer loop
      vertex   1.933253e+01 1.345999e+01 -5.500000e+00
      vertex   1.633355e+01 1.695064e+01 -5.500000e+00
      vertex   1.668624e+01 1.733590e+01 -5.500000e+00
    endloop
  endfacet
  facet normal 8.099511e-16 -8.219216e-16 -1.000000e+00
    outer loop
      vertex   1.933253e+01 1.345999e+01 -5.500000e+00
      vertex   1.668624e+01 1.733590e+01 -5.500000e+00
      vertex   1.989567e+01 1.401492e+01 -5.500000e+00
    endloop
  endfacet
  facet normal 7.881421e-17 -1.528499e-15 -1.000000e+00
    outer loop
      vertex   1.989567e+01 1.401492e+01 -5.500000e+00
      vertex   1.668624e+01 1.733590e+01 -5.500000e+00
      vertex   2.040202e+01 1.462210e+01 -5.500000e+00
    endloop
  endfacet
  facet normal 8.015568e-16 -5.389067e-16 -1.000000e+00
    outer loop
      vertex   2.040202e+01 1.462210e+01 -5.500000e+00
      vertex   1.668624e+01 1.733590e+01 -5.500000e+00
      vertex   1.697766e+01 1.776936e+01 -5.500000e+00
    endloop
  endfacet
  facet normal 7.979014e-16 -5.428839e-16 -1.000000e+00
    outer loop
      vertex   2.040202e+01 1.462210e+01 -5.500000e+00
      vertex   1.697766e+01 1.776936e+01 -5.500000e+00
      vertex   2.084676e+01 1.527576e+01 -5.500000e+00
    endloop
  endfacet
  facet normal 2.388125e-16 -1.410374e-15 -1.000000e+00
    outer loop
      vertex   2.084676e+01 1.527576e+01 -5.500000e+00
      vertex   1.697766e+01 1.776936e+01 -5.500000e+00
      vertex   2.122566e+01 1.596967e+01 -5.500000e+00
    endloop
  endfacet
  facet normal 6.964953e-16 -3.300582e-16 -1.000000e+00
    outer loop
      vertex   2.122566e+01 1.596967e+01 -5.500000e+00
      vertex   1.697766e+01 1.776936e+01 -5.500000e+00
      vertex   1.720133e+01 1.824136e+01 -5.500000e+00
    endloop
  endfacet
  facet normal 7.118882e-16 -3.027895e-16 -1.000000e+00
    outer loop
      vertex   2.122566e+01 1.596967e+01 -5.500000e+00
      vertex   1.720133e+01 1.824136e+01 -5.500000e+00
      vertex   2.153510e+01 1.669721e+01 -5.500000e+00
    endloop
  endfacet
  facet normal 7.401650e-16 -2.234288e-16 -1.000000e+00
    outer loop
      vertex   2.153510e+01 1.669721e+01 -5.500000e+00
      vertex   1.720133e+01 1.824136e+01 -5.500000e+00
      vertex   1.735227e+01 1.874139e+01 -5.500000e+00
    endloop
  endfacet
  facet normal 2.373995e-16 -1.252191e-15 -1.000000e+00
    outer loop
      vertex   2.153510e+01 1.669721e+01 -5.500000e+00
      vertex   1.735227e+01 1.874139e+01 -5.500000e+00
      vertex   2.177215e+01 1.745144e+01 -5.500000e+00
    endloop
  endfacet
  facet normal 5.680602e-16 -1.192155e-16 -1.000000e+00
    outer loop
      vertex   2.177215e+01 1.745144e+01 -5.500000e+00
      vertex   1.735227e+01 1.874139e+01 -5.500000e+00
      vertex   2.193453e+01 1.822520e+01 -5.500000e+00
    endloop
  endfacet
  facet normal 5.721574e-16 -8.284420e-17 -1.000000e+00
    outer loop
      vertex   2.193453e+01 1.822520e+01 -5.500000e+00
      vertex   1.735227e+01 1.874139e+01 -5.500000e+00
      vertex   1.742712e+01 1.925832e+01 -5.500000e+00
    endloop
  endfacet
  facet normal 3.239708e-16 -1.165664e-15 -1.000000e+00
    outer loop
      vertex   2.193453e+01 1.822520e+01 -5.500000e+00
      vertex   1.742712e+01 1.925832e+01 -5.500000e+00
      vertex   2.202071e+01 1.901110e+01 -5.500000e+00
    endloop
  endfacet
  facet normal 3.864630e-16 -4.472274e-18 -1.000000e+00
    outer loop
      vertex   2.202071e+01 1.901110e+01 -5.500000e+00
      vertex   1.742712e+01 1.925832e+01 -5.500000e+00
      vertex   2.202986e+01 1.980166e+01 -5.500000e+00
    endloop
  endfacet
  facet normal 3.856811e-16 2.151641e-18 -1.000000e+00
    outer loop
      vertex   2.202986e+01 1.980166e+01 -5.500000e+00
      vertex   1.742712e+01 1.925832e+01 -5.500000e+00
      vertex   1.742421e+01 1.978063e+01 -5.500000e+00
    endloop
  endfacet
  facet normal 3.958353e-16 -2.221006e-15 -1.000000e+00
    outer loop
      vertex   2.202986e+01 1.980166e+01 -5.500000e+00
      vertex   1.742421e+01 1.978063e+01 -5.500000e+00
      vertex   2.196189e+01 2.058935e+01 -5.500000e+00
    endloop
  endfacet
  facet normal 0.000000e+00 0.000000e+00 -1.000000e+00
    outer loop
      vertex   2.196189e+01 2.058935e+01 -5.500000e+00
      vertex   1.742421e+01 1.978063e+01 -5.500000e+00
      vertex   1.734360e+01 2.029668e+01 -5.500000e+00
    endloop
  endfacet
  facet normal -0.000000e+00 0.000000e+00 -1.000000e+00
    outer loop
      vertex   2.196189e+01 2.058935e+01 -5.500000e+00
      vertex   1.734360e+01 2.029668e+01 -5.500000e+00
      vertex   2.181746e+01 2.136665e+01 -5.500000e+00
    endloop
  endfacet
  facet normal 2.615893e-16 -1.093782e-15 -1.000000e+00
    outer loop
      vertex   2.181746e+01 2.136665e+01 -5.500000e+00
      vertex   1.734360e+01 2.029668e+01 -5.500000e+00
      vertex   2.159793e+01 2.212618e+01 -5.500000e+00
    endloop
  endfacet
  facet normal -1.839283e-16 -5.776808e-17 -1.000000e+00
    outer loop
      vertex   2.159793e+01 2.212618e+01 -5.500000e+00
      vertex   1.734360e+01 2.029668e+01 -5.500000e+00
      vertex   1.718709e+01 2.079500e+01 -5.500000e+00
    endloop
  endfacet
  facet normal -1.797567e-16 -7.159066e-17 -1.000000e+00
    outer loop
      vertex   2.159793e+01 2.212618e+01 -5.500000e+00
      vertex   1.718709e+01 2.079500e+01 -5.500000e+00
      vertex   2.130540e+01 2.286068e+01 -5.500000e+00
    endloop
  endfacet
  facet normal 3.324102e-16 -1.092690e-15 -1.000000e+00
    outer loop
      vertex   2.130540e+01 2.286068e+01 -5.500000e+00
      vertex   1.718709e+01 2.079500e+01 -5.500000e+00
      vertex   2.094266e+01 2.356317e+01 -5.500000e+00
    endloop
  endfacet
  facet normal -3.479375e-16 -1.696615e-16 -1.000000e+00
    outer loop
      vertex   2.094266e+01 2.356317e+01 -5.500000e+00
      vertex   1.718709e+01 2.079500e+01 -5.500000e+00
      vertex   1.695816e+01 2.126448e+01 -5.500000e+00
    endloop
  endfacet
  facet normal -3.246342e-16 -2.100549e-16 -1.000000e+00
    outer loop
      vertex   2.094266e+01 2.356317e+01 -5.500000e+00
      vertex   1.695816e+01 2.126448e+01 -5.500000e+00
      vertex   2.051317e+01 2.422694e+01 -5.500000e+00
    endloop
  endfacet
  facet normal -3.174841e-16 -2.186351e-16 -1.000000e+00
    outer loop
      vertex   2.051317e+01 2.422694e+01 -5.500000e+00
      vertex   1.695816e+01 2.126448e+01 -5.500000e+00
      vertex   1.666192e+01 2.169466e+01 -5.500000e+00
    endloop
  endfacet
  facet normal 9.366003e-16 -2.125918e-15 -1.000000e+00
    outer loop
      vertex   2.051317e+01 2.422694e+01 -5.500000e+00
      vertex   1.666192e+01 2.169466e+01 -5.500000e+00
      vertex   2.002100e+01 2.484569e+01 -5.500000e+00
    endloop
  endfacet
  facet normal -5.540698e-16 -5.368232e-16 -1.000000e+00
    outer loop
      vertex   2.002100e+01 2.484569e+01 -5.500000e+00
      vertex   1.666192e+01 2.169466e+01 -5.500000e+00
      vertex   1.947086e+01 2.541350e+01 -5.500000e+00
    endloop
  endfacet
  facet normal -5.647843e-16 -5.287303e-16 -1.000000e+00
    outer loop
      vertex   1.947086e+01 2.541350e+01 -5.500000e+00
      vertex   1.666192e+01 2.169466e+01 -5.500000e+00
      vertex   1.630496e+01 2.207596e+01 -5.500000e+00
    endloop
  endfacet
  facet normal 3.159112e-16 -1.364135e-15 -1.000000e+00
    outer loop
      vertex   1.947086e+01 2.541350e+01 -5.500000e+00
      vertex   1.630496e+01 2.207596e+01 -5.500000e+00
      vertex   1.886799e+01 2.592498e+01 -5.500000e+00
    endloop
  endfacet
  facet normal -5.975778e-16 -7.558504e-16 -1.000000e+00
    outer loop
      vertex   1.886799e+01 2.592498e+01 -5.500000e+00
      vertex   1.630496e+01 2.207596e+01 -5.500000e+00
      vertex   1.589522e+01 2.239989e+01 -5.500000e+00
    endloop
  endfacet
  facet normal -5.509443e-16 -7.951772e-16 -1.000000e+00
    outer loop
      vertex   1.886799e+01 2.592498e+01 -5.500000e+00
      vertex   1.589522e+01 2.239989e+01 -5.500000e+00
      vertex   1.821812e+01 2.637524e+01 -5.500000e+00
    endloop
  endfacet
  facet normal -4.694983e-16 -8.427681e-16 -1.000000e+00
    outer loop
      vertex   1.821812e+01 2.637524e+01 -5.500000e+00
      vertex   1.589522e+01 2.239989e+01 -5.500000e+00
      vertex   1.752745e+01 2.676001e+01 -5.500000e+00
    endloop
  endfacet
  facet normal -3.706882e-15 3.691597e-16 -1.000000e+00
    outer loop
      vertex   1.752745e+01 2.676001e+01 -5.500000e+00
      vertex   1.589522e+01 2.239989e+01 -5.500000e+00
      vertex   1.544185e+01 2.265925e+01 -5.500000e+00
    endloop
  endfacet
  facet normal -5.404182e-16 -1.241270e-15 -1.000000e+00
    outer loop
      vertex   1.752745e+01 2.676001e+01 -5.500000e+00
      vertex   1.544185e+01 2.265925e+01 -5.500000e+00
      vertex   1.680256e+01 2.707561e+01 -5.500000e+00
    endloop
  endfacet
  facet normal -4.880494e-16 -1.257405e-15 -1.000000e+00
    outer loop
      vertex   1.680256e+01 2.707561e+01 -5.500000e+00
      vertex   1.544185e+01 2.265925e+01 -5.500000e+00
      vertex   1.495492e+01 2.284824e+01 -5.500000e+00
    endloop
  endfacet
  facet normal -4.169711e-16 -1.288471e-15 -1.000000e+00
    outer loop
      vertex   1.680256e+01 2.707561e+01 -5.500000e+00
      vertex   1.495492e+01 2.284824e+01 -5.500000e+00
      vertex   1.605036e+01 2.731903e+01 -5.500000e+00
    endloop
  endfacet
  facet normal 8.027731e-16 -1.587333e-15 -1.000000e+00
    outer loop
      vertex   1.605036e+01 2.731903e+01 -5.500000e+00
      vertex   1.495492e+01 2.284824e+01 -5.500000e+00
      vertex   1.527800e+01 2.748797e+01 -5.500000e+00
    endloop
  endfacet
  facet normal -3.385617e-16 -1.507858e-15 -1.000000e+00
    outer loop
      vertex   1.527800e+01 2.748797e+01 -5.500000e+00
      vertex   1.495492e+01 2.284824e+01 -5.500000e+00
      vertex   1.444529e+01 2.296267e+01 -5.500000e+00
    endloop
  endfacet
  facet normal -1.816966e-16 -1.536723e-15 -1.000000e+00
    outer loop
      vertex   1.527800e+01 2.748797e+01 -5.500000e+00
      vertex   1.444529e+01 2.296267e+01 -5.500000e+00
      vertex   1.449286e+01 2.758080e+01 -5.500000e+00
    endloop
  endfacet
  facet normal -1.101106e-16 -1.537460e-15 -1.000000e+00
    outer loop
      vertex   1.449286e+01 2.758080e+01 -5.500000e+00
      vertex   1.444529e+01 2.296267e+01 -5.500000e+00
      vertex   1.392431e+01 2.299998e+01 -5.500000e+00
    endloop
  endfacet
  facet normal -3.101899e-17 -1.547277e-15 -1.000000e+00
    outer loop
      vertex   1.449286e+01 2.758080e+01 -5.500000e+00
      vertex   1.392431e+01 2.299998e+01 -5.500000e+00
      vertex   1.370241e+01 2.759665e+01 -5.500000e+00
    endloop
  endfacet
  facet normal 1.197450e-16 -1.539999e-15 -1.000000e+00
    outer loop
      vertex   1.370241e+01 2.759665e+01 -5.500000e+00
      vertex   1.392431e+01 2.299998e+01 -5.500000e+00
      vertex   1.291418e+01 2.753536e+01 -5.500000e+00
    endloop
  endfacet
  facet normal 2.668730e-16 -1.507230e-15 -1.000000e+00
    outer loop
      vertex   1.291418e+01 2.753536e+01 -5.500000e+00
      vertex   1.392431e+01 2.299998e+01 -5.500000e+00
      vertex   1.213567e+01 2.739751e+01 -5.500000e+00
    endloop
  endfacet
  facet normal -6.413538e-16 -1.876639e-15 -1.000000e+00
    outer loop
      vertex   1.213567e+01 2.739751e+01 -5.500000e+00
      vertex   1.392431e+01 2.299998e+01 -5.500000e+00
      vertex   1.137432e+01 2.718443e+01 -5.500000e+00
    endloop
  endfacet
  facet normal 2.651606e-15 1.300853e-16 -1.000000e+00
    outer loop
      vertex   1.137432e+01 2.718443e+01 -5.500000e+00
      vertex   1.392431e+01 2.299998e+01 -5.500000e+00
      vertex   9.898433e+00 2.312993e+01 -5.500000e+00
    endloop
  endfacet
  facet normal -4.955822e-16 1.275696e-15 -1.000000e+00
    outer loop
      vertex   1.137432e+01 2.718443e+01 -5.500000e+00
      vertex   9.898433e+00 2.312993e+01 -5.500000e+00
      vertex   1.063736e+01 2.689814e+01 -5.500000e+00
    endloop
  endfacet
  facet normal -6.615515e-16 1.308241e-15 -1.000000e+00
    outer loop
      vertex   1.063736e+01 2.689814e+01 -5.500000e+00
      vertex   9.898433e+00 2.312993e+01 -5.500000e+00
      vertex   9.931826e+00 2.654136e+01 -5.500000e+00
    endloop
  endfacet
  facet normal 1.319809e-15 1.288847e-15 -1.000000e+00
    outer loop
      vertex   9.931826e+00 2.654136e+01 -5.500000e+00
      vertex   9.898433e+00 2.312993e+01 -5.500000e+00
      vertex   9.412279e+00 2.362776e+01 -5.500000e+00
    endloop
  endfacet
  facet normal -1.091635e-15 1.718850e-15 -1.000000e+00
    outer loop
      vertex   9.931826e+00 2.654136e+01 -5.500000e+00
      vertex   9.412279e+00 2.362776e+01 -5.500000e+00
      vertex   9.264434e+00 2.611750e+01 -5.500000e+00
    endloop
  endfacet
  facet normal 9.096671e-15 2.323846e-15 -1.000000e+00
    outer loop
      vertex   9.264434e+00 2.611750e+01 -5.500000e+00
      vertex   9.412279e+00 2.362776e+01 -5.500000e+00
      vertex   8.901119e+00 2.409988e+01 -5.500000e+00
    endloop
  endfacet
  facet normal -5.263758e-15 4.909741e-15 -1.000000e+00
    outer loop
      vertex   9.264434e+00 2.611750e+01 -5.500000e+00
      vertex   8.901119e+00 2.409988e+01 -5.500000e+00
      vertex   8.641543e+00 2.563060e+01 -5.500000e+00
    endloop
  endfacet
  facet normal -4.490983e-14 -1.813332e-15 -1.000000e+00
    outer loop
      vertex   8.641543e+00 2.563060e+01 -5.500000e+00
      vertex   8.901119e+00 2.409988e+01 -5.500000e+00
      vertex   8.657102e+00 2.426565e+01 -5.500000e+00
    endloop
  endfacet
  facet normal -4.774265e-16 -1.306847e-15 -1.000000e+00
    outer loop
      vertex   8.641543e+00 2.563060e+01 -5.500000e+00
      vertex   8.657102e+00 2.426565e+01 -5.500000e+00
      vertex   8.380018e+00 2.436687e+01 -5.500000e+00
    endloop
  endfacet
  facet normal 1.872774e-15 -2.399961e-14 -1.000000e+00
    outer loop
      vertex   1.392431e+01 2.299998e+01 -5.500000e+00
      vertex   1.340358e+01 2.295935e+01 -5.500000e+00
      vertex   9.898433e+00 2.312993e+01 -5.500000e+00
    endloop
  endfacet
  facet normal 2.208607e-15 -1.709869e-14 -1.000000e+00
    outer loop
      vertex   9.898433e+00 2.312993e+01 -5.500000e+00
      vertex   1.340358e+01 2.295935e+01 -5.500000e+00
      vertex   1.289469e+01 2.284167e+01 -5.500000e+00
    endloop
  endfacet
  facet normal 3.099604e-15 -7.837205e-15 -1.000000e+00
    outer loop
      vertex   9.898433e+00 2.312993e+01 -5.500000e+00
      vertex   1.289469e+01 2.284167e+01 -5.500000e+00
      vertex   1.240898e+01 2.264957e+01 -5.500000e+00
    endloop
  endfacet
  facet normal 3.946484e-15 -3.410997e-15 -1.000000e+00
    outer loop
      vertex   1.240898e+01 2.264957e+01 -5.500000e+00
      vertex   1.195727e+01 2.238733e+01 -5.500000e+00
      vertex   9.898433e+00 2.312993e+01 -5.500000e+00
    endloop
  endfacet
  facet normal 9.384185e-15 1.166505e-14 -1.000000e+00
    outer loop
      vertex   9.898433e+00 2.312993e+01 -5.500000e+00
      vertex   1.195727e+01 2.238733e+01 -5.500000e+00
      vertex   1.035829e+01 2.260770e+01 -5.500000e+00
    endloop
  endfacet
  facet normal 6.141657e-15 -1.186242e-14 -1.000000e+00
    outer loop
      vertex   1.035829e+01 2.260770e+01 -5.500000e+00
      vertex   1.195727e+01 2.238733e+01 -5.500000e+00
      vertex   1.169591e+01 2.225202e+01 -5.500000e+00
    endloop
  endfacet
  facet normal 4.372067e-15 -1.851729e-14 -1.000000e+00
    outer loop
      vertex   1.035829e+01 2.260770e+01 -5.500000e+00
      vertex   1.169591e+01 2.225202e+01 -5.500000e+00
      vertex   1.140947e+01 2.218439e+01 -5.500000e+00
    endloop
  endfacet
  facet normal -4.266142e-16 -3.043348e-14 -1.000000e+00
    outer loop
      vertex   1.140947e+01 2.218439e+01 -5.500000e+00
      vertex   1.111519e+01 2.218851e+01 -5.500000e+00
      vertex   1.035829e+01 2.260770e+01 -5.500000e+00
    endloop
  endfacet
  facet normal -1.517259e-14 -5.705931e-14 -1.000000e+00
    outer loop
      vertex   1.035829e+01 2.260770e+01 -5.500000e+00
      vertex   1.111519e+01 2.218851e+01 -5.500000e+00
      vertex   1.083077e+01 2.226415e+01 -5.500000e+00
    endloop
  endfacet
  facet normal -8.409423e-14 -1.518433e-13 -1.000000e+00
    outer loop
      vertex   1.035829e+01 2.260770e+01 -5.500000e+00
      vertex   1.083077e+01 2.226415e+01 -5.500000e+00
      vertex   1.057330e+01 2.240673e+01 -5.500000e+00
    endloop
  endfacet
  facet normal 1.667767e-15 -1.750790e-15 -1.000000e+00
    outer loop
      vertex   8.641543e+00 2.563060e+01 -5.500000e+00
      vertex   8.380018e+00 2.436687e+01 -5.500000e+00
      vertex   8.069088e+00 2.508529e+01 -5.500000e+00
    endloop
  endfacet
  facet normal -2.697707e-16 -2.589353e-15 -1.000000e+00
    outer loop
      vertex   8.069088e+00 2.508529e+01 -5.500000e+00
      vertex   8.380018e+00 2.436687e+01 -5.500000e+00
      vertex   8.086610e+00 2.439744e+01 -5.500000e+00
    endloop
  endfacet
  facet normal 2.906414e-15 -2.508444e-15 -1.000000e+00
    outer loop
      vertex   8.069088e+00 2.508529e+01 -5.500000e+00
      vertex   8.086610e+00 2.439744e+01 -5.500000e+00
      vertex   7.552522e+00 2.448677e+01 -5.500000e+00
    endloop
  endfacet
  facet normal 1.536544e-15 -1.069878e-14 -1.000000e+00
    outer loop
      vertex   7.552522e+00 2.448677e+01 -5.500000e+00
      vertex   8.086610e+00 2.439744e+01 -5.500000e+00
      vertex   7.794610e+00 2.435551e+01 -5.500000e+00
    endloop
  endfacet
  facet normal 3.159384e-15 -7.705829e-15 -1.000000e+00
    outer loop
      vertex   7.552522e+00 2.448677e+01 -5.500000e+00
      vertex   7.794610e+00 2.435551e+01 -5.500000e+00
      vertex   7.521664e+00 2.424360e+01 -5.500000e+00
    endloop
  endfacet
  facet normal 5.944944e-15 -8.059306e-15 -1.000000e+00
    outer loop
      vertex   7.521664e+00 2.424360e+01 -5.500000e+00
      vertex   7.284267e+00 2.406848e+01 -5.500000e+00
      vertex   7.552522e+00 2.448677e+01 -5.500000e+00
    endloop
  endfacet
  facet normal -8.381030e-14 4.950204e-14 -1.000000e+00
    outer loop
      vertex   7.552522e+00 2.448677e+01 -5.500000e+00
      vertex   7.284267e+00 2.406848e+01 -5.500000e+00
      vertex   7.096766e+00 2.384074e+01 -5.500000e+00
    endloop
  endfacet
  facet normal 0.000000e+00 0.000000e+00 -1.000000e+00
    outer loop
      vertex   1.509279e+01 1.148310e+01 -5.500000e+00
      vertex   1.224613e+01 1.160977e+01 -5.500000e+00
      vertex   1.586885e+01 1.163412e+01 -5.500000e+00
    endloop
  endfacet
  facet normal 1.752127e-16 -2.606955e-14 -1.000000e+00
    outer loop
      vertex   1.586885e+01 1.163412e+01 -5.500000e+00
      vertex   1.224613e+01 1.160977e+01 -5.500000e+00
      vertex   1.253891e+01 1.164581e+01 -5.500000e+00
    endloop
  endfacet
  facet normal 2.643256e-16 -6.836780e-16 -1.000000e+00
    outer loop
      vertex   1.586885e+01 1.163412e+01 -5.500000e+00
      vertex   1.253891e+01 1.164581e+01 -5.500000e+00
      vertex   1.281406e+01 1.175219e+01 -5.500000e+00
    endloop
  endfacet
  facet normal 0.000000e+00 0.000000e+00 -1.000000e+00
    outer loop
      vertex   1.430571e+01 1.140847e+01 -5.500000e+00
      vertex   1.351510e+01 1.141092e+01 -5.500000e+00
      vertex   1.509279e+01 1.148310e+01 -5.500000e+00
    endloop
  endfacet
  facet normal -0.000000e+00 0.000000e+00 -1.000000e+00
    outer loop
      vertex   1.509279e+01 1.148310e+01 -5.500000e+00
      vertex   1.351510e+01 1.141092e+01 -5.500000e+00
      vertex   1.272850e+01 1.149043e+01 -5.500000e+00
    endloop
  endfacet
  facet normal 0.000000e+00 0.000000e+00 -1.000000e+00
    outer loop
      vertex   1.509279e+01 1.148310e+01 -5.500000e+00
      vertex   1.272850e+01 1.149043e+01 -5.500000e+00
      vertex   1.224613e+01 1.160977e+01 -5.500000e+00
    endloop
  endfacet
  facet normal -6.113821e-15 -2.471198e-14 -1.000000e+00
    outer loop
      vertex   1.224613e+01 1.160977e+01 -5.500000e+00
      vertex   1.272850e+01 1.149043e+01 -5.500000e+00
      vertex   1.195339e+01 1.164625e+01 -5.500000e+00
    endloop
  endfacet
  facet normal 2.756780e-16 -3.899544e-16 -1.000000e+00
    outer loop
      vertex   1.281406e+01 1.175219e+01 -5.500000e+00
      vertex   1.305494e+01 1.192248e+01 -5.500000e+00
      vertex   1.586885e+01 1.163412e+01 -5.500000e+00
    endloop
  endfacet
  facet normal 2.901368e-16 -2.488608e-16 -1.000000e+00
    outer loop
      vertex   1.586885e+01 1.163412e+01 -5.500000e+00
      vertex   1.305494e+01 1.192248e+01 -5.500000e+00
      vertex   1.324700e+01 1.214639e+01 -5.500000e+00
    endloop
  endfacet
  facet normal -8.892752e-16 -6.285199e-15 -1.000000e+00
    outer loop
      vertex   1.586885e+01 1.163412e+01 -5.500000e+00
      vertex   1.324700e+01 1.214639e+01 -5.500000e+00
      vertex   1.337863e+01 1.241039e+01 -5.500000e+00
    endloop
  endfacet
  facet normal -9.790876e-15 -3.484083e-14 -1.000000e+00
    outer loop
      vertex   1.337863e+01 1.241039e+01 -5.500000e+00
      vertex   1.344187e+01 1.269853e+01 -5.500000e+00
      vertex   1.586885e+01 1.163412e+01 -5.500000e+00
    endloop
  endfacet
  facet normal 8.057416e-15 5.855352e-15 -1.000000e+00
    outer loop
      vertex   1.586885e+01 1.163412e+01 -5.500000e+00
      vertex   1.344187e+01 1.269853e+01 -5.500000e+00
      vertex   1.348850e+01 1.339280e+01 -5.500000e+00
    endloop
  endfacet
  facet normal 3.689013e-15 -5.722662e-17 -1.000000e+00
    outer loop
      vertex   1.586885e+01 1.163412e+01 -5.500000e+00
      vertex   1.348850e+01 1.339280e+01 -5.500000e+00
      vertex   1.349929e+01 1.408855e+01 -5.500000e+00
    endloop
  endfacet
  facet normal -2.299497e-01 9.732025e-01 0.000000e+00
    outer loop
      vertex   1.448390e+01 1.604323e+01 -5.500000e+00
      vertex   1.448390e+01 1.604323e+01 2.000000e-01
      vertex   1.499222e+01 1.616334e+01 -5.500000e+00
    endloop
  endfacet
  facet normal -2.299497e-01 9.732025e-01 0.000000e+00
    outer loop
      vertex   1.499222e+01 1.616334e+01 -5.500000e+00
      vertex   1.448390e+01 1.604323e+01 2.000000e-01
      vertex   1.499222e+01 1.616334e+01 2.000000e-01
    endloop
  endfacet
  facet normal -3.722185e-01 9.281451e-01 0.000000e+00
    outer loop
      vertex   1.499222e+01 1.616334e+01 -5.500000e+00
      vertex   1.499222e+01 1.616334e+01 2.000000e-01
      vertex   1.547700e+01 1.635776e+01 -5.500000e+00
    endloop
  endfacet
  facet normal -3.722185e-01 9.281451e-01 3.464997e-16
    outer loop
      vertex   1.547700e+01 1.635776e+01 -5.500000e+00
      vertex   1.499222e+01 1.616334e+01 2.000000e-01
      vertex   1.547700e+01 1.635776e+01 2.000000e-01
    endloop
  endfacet
  facet normal -5.061978e-01 8.624174e-01 2.220257e-16
    outer loop
      vertex   1.547700e+01 1.635776e+01 -5.500000e+00
      vertex   1.547700e+01 1.635776e+01 2.000000e-01
      vertex   1.592746e+01 1.662215e+01 -5.500000e+00
    endloop
  endfacet
  facet normal -5.061978e-01 8.624174e-01 0.000000e+00
    outer loop
      vertex   1.592746e+01 1.662215e+01 -5.500000e+00
      vertex   1.547700e+01 1.635776e+01 2.000000e-01
      vertex   1.592746e+01 1.662215e+01 2.000000e-01
    endloop
  endfacet
  facet normal -6.289037e-01 7.774832e-01 0.000000e+00
    outer loop
      vertex   1.592746e+01 1.662215e+01 -5.500000e+00
      vertex   1.592746e+01 1.662215e+01 2.000000e-01
      vertex   1.633355e+01 1.695064e+01 -5.500000e+00
    endloop
  endfacet
  facet normal -6.289037e-01 7.774832e-01 0.000000e+00
    outer loop
      vertex   1.633355e+01 1.695064e+01 -5.500000e+00
      vertex   1.592746e+01 1.662215e+01 2.000000e-01
      vertex   1.633355e+01 1.695064e+01 2.000000e-01
    endloop
  endfacet
  facet normal -7.376036e-01 6.752339e-01 0.000000e+00
    outer loop
      vertex   1.633355e+01 1.695064e+01 -5.500000e+00
      vertex   1.633355e+01 1.695064e+01 2.000000e-01
      vertex   1.668624e+01 1.733590e+01 -5.500000e+00
    endloop
  endfacet
  facet normal -7.376036e-01 6.752339e-01 0.000000e+00
    outer loop
      vertex   1.668624e+01 1.733590e+01 -5.500000e+00
      vertex   1.633355e+01 1.695064e+01 2.000000e-01
      vertex   1.668624e+01 1.733590e+01 2.000000e-01
    endloop
  endfacet
  facet normal -8.298767e-01 5.579469e-01 0.000000e+00
    outer loop
      vertex   1.668624e+01 1.733590e+01 -5.500000e+00
      vertex   1.668624e+01 1.733590e+01 2.000000e-01
      vertex   1.697766e+01 1.776936e+01 -5.500000e+00
    endloop
  endfacet
  facet normal -8.298767e-01 5.579469e-01 0.000000e+00
    outer loop
      vertex   1.697766e+01 1.776936e+01 -5.500000e+00
      vertex   1.668624e+01 1.733590e+01 2.000000e-01
      vertex   1.697766e+01 1.776936e+01 2.000000e-01
    endloop
  endfacet
  facet normal -9.036679e-01 4.282340e-01 0.000000e+00
    outer loop
      vertex   1.697766e+01 1.776936e+01 -5.500000e+00
      vertex   1.697766e+01 1.776936e+01 2.000000e-01
      vertex   1.720133e+01 1.824136e+01 -5.500000e+00
    endloop
  endfacet
  facet normal -9.036679e-01 4.282340e-01 -2.669110e-16
    outer loop
      vertex   1.720133e+01 1.824136e+01 -5.500000e+00
      vertex   1.697766e+01 1.776936e+01 2.000000e-01
      vertex   1.720133e+01 1.824136e+01 2.000000e-01
    endloop
  endfacet
  facet normal -9.573339e-01 2.889841e-01 -1.801189e-16
    outer loop
      vertex   1.720133e+01 1.824136e+01 -5.500000e+00
      vertex   1.720133e+01 1.824136e+01 2.000000e-01
      vertex   1.735227e+01 1.874139e+01 -5.500000e+00
    endloop
  endfacet
  facet normal -9.573339e-01 2.889841e-01 0.000000e+00
    outer loop
      vertex   1.735227e+01 1.874139e+01 -5.500000e+00
      vertex   1.720133e+01 1.824136e+01 2.000000e-01
      vertex   1.735227e+01 1.874139e+01 2.000000e-01
    endloop
  endfacet
  facet normal -9.896795e-01 1.432984e-01 0.000000e+00
    outer loop
      vertex   1.735227e+01 1.874139e+01 -5.500000e+00
      vertex   1.735227e+01 1.874139e+01 2.000000e-01
      vertex   1.742712e+01 1.925832e+01 -5.500000e+00
    endloop
  endfacet
  facet normal -9.896795e-01 1.432984e-01 0.000000e+00
    outer loop
      vertex   1.742712e+01 1.925832e+01 -5.500000e+00
      vertex   1.735227e+01 1.874139e+01 2.000000e-01
      vertex   1.742712e+01 1.925832e+01 2.000000e-01
    endloop
  endfacet
  facet normal -9.999844e-01 -5.578722e-03 0.000000e+00
    outer loop
      vertex   1.742712e+01 1.925832e+01 -5.500000e+00
      vertex   1.742712e+01 1.925832e+01 2.000000e-01
      vertex   1.742421e+01 1.978063e+01 -5.500000e+00
    endloop
  endfacet
  facet normal -9.999844e-01 -5.578722e-03 0.000000e+00
    outer loop
      vertex   1.742421e+01 1.978063e+01 -5.500000e+00
      vertex   1.742712e+01 1.925832e+01 2.000000e-01
      vertex   1.742421e+01 1.978063e+01 2.000000e-01
    endloop
  endfacet
  facet normal -9.880191e-01 -1.543316e-01 0.000000e+00
    outer loop
      vertex   1.742421e+01 1.978063e+01 -5.500000e+00
      vertex   1.742421e+01 1.978063e+01 2.000000e-01
      vertex   1.734360e+01 2.029668e+01 -5.500000e+00
    endloop
  endfacet
  facet normal -9.880191e-01 -1.543316e-01 0.000000e+00
    outer loop
      vertex   1.734360e+01 2.029668e+01 -5.500000e+00
      vertex   1.742421e+01 1.978063e+01 2.000000e-01
      vertex   1.734360e+01 2.029668e+01 2.000000e-01
    endloop
  endfacet
  facet normal -9.540500e-01 -2.996473e-01 0.000000e+00
    outer loop
      vertex   1.734360e+01 2.029668e+01 -5.500000e+00
      vertex   1.734360e+01 2.029668e+01 2.000000e-01
      vertex   1.718709e+01 2.079500e+01 -5.500000e+00
    endloop
  endfacet
  facet normal -9.540500e-01 -2.996473e-01 0.000000e+00
    outer loop
      vertex   1.718709e+01 2.079500e+01 -5.500000e+00
      vertex   1.734360e+01 2.029668e+01 2.000000e-01
      vertex   1.718709e+01 2.079500e+01 2.000000e-01
    endloop
  endfacet
  facet normal -8.988337e-01 -4.382898e-01 0.000000e+00
    outer loop
      vertex   1.718709e+01 2.079500e+01 -5.500000e+00
      vertex   1.718709e+01 2.079500e+01 2.000000e-01
      vertex   1.695816e+01 2.126448e+01 -5.500000e+00
    endloop
  endfacet
  facet normal -8.988337e-01 -4.382898e-01 0.000000e+00
    outer loop
      vertex   1.695816e+01 2.126448e+01 -5.500000e+00
      vertex   1.718709e+01 2.079500e+01 2.000000e-01
      vertex   1.695816e+01 2.126448e+01 2.000000e-01
    endloop
  endfacet
  facet normal -8.235999e-01 -5.671713e-01 0.000000e+00
    outer loop
      vertex   1.695816e+01 2.126448e+01 -5.500000e+00
      vertex   1.695816e+01 2.126448e+01 2.000000e-01
      vertex   1.666192e+01 2.169466e+01 -5.500000e+00
    endloop
  endfacet
  facet normal -8.235999e-01 -5.671713e-01 0.000000e+00
    outer loop
      vertex   1.666192e+01 2.169466e+01 -5.500000e+00
      vertex   1.695816e+01 2.126448e+01 2.000000e-01
      vertex   1.666192e+01 2.169466e+01 2.000000e-01
    endloop
  endfacet
  facet normal -7.300240e-01 -6.834216e-01 0.000000e+00
    outer loop
      vertex   1.666192e+01 2.169466e+01 -5.500000e+00
      vertex   1.666192e+01 2.169466e+01 2.000000e-01
      vertex   1.630496e+01 2.207596e+01 -5.500000e+00
    endloop
  endfacet
  facet normal -7.300240e-01 -6.834216e-01 0.000000e+00
    outer loop
      vertex   1.630496e+01 2.207596e+01 -5.500000e+00
      vertex   1.666192e+01 2.169466e+01 2.000000e-01
      vertex   1.630496e+01 2.207596e+01 2.000000e-01
    endloop
  endfacet
  facet normal -6.201900e-01 -7.844516e-01 0.000000e+00
    outer loop
      vertex   1.630496e+01 2.207596e+01 -5.500000e+00
      vertex   1.630496e+01 2.207596e+01 2.000000e-01
      vertex   1.589522e+01 2.239989e+01 -5.500000e+00
    endloop
  endfacet
  facet normal -6.201900e-01 -7.844516e-01 0.000000e+00
    outer loop
      vertex   1.589522e+01 2.239989e+01 -5.500000e+00
      vertex   1.630496e+01 2.207596e+01 2.000000e-01
      vertex   1.589522e+01 2.239989e+01 2.000000e-01
    endloop
  endfacet
  facet normal -4.965441e-01 -8.680115e-01 0.000000e+00
    outer loop
      vertex   1.589522e+01 2.239989e+01 -5.500000e+00
      vertex   1.589522e+01 2.239989e+01 2.000000e-01
      vertex   1.544185e+01 2.265925e+01 -5.500000e+00
    endloop
  endfacet
  facet normal -4.965441e-01 -8.680115e-01 0.000000e+00
    outer loop
      vertex   1.544185e+01 2.265925e+01 -5.500000e+00
      vertex   1.589522e+01 2.239989e+01 2.000000e-01
      vertex   1.544185e+01 2.265925e+01 2.000000e-01
    endloop
  endfacet
  facet normal -3.618398e-01 -9.322403e-01 0.000000e+00
    outer loop
      vertex   1.544185e+01 2.265925e+01 -5.500000e+00
      vertex   1.544185e+01 2.265925e+01 2.000000e-01
      vertex   1.495492e+01 2.284824e+01 -5.500000e+00
    endloop
  endfacet
  facet normal -3.618398e-01 -9.322403e-01 0.000000e+00
    outer loop
      vertex   1.495492e+01 2.284824e+01 -5.500000e+00
      vertex   1.544185e+01 2.265925e+01 2.000000e-01
      vertex   1.495492e+01 2.284824e+01 2.000000e-01
    endloop
  endfacet
  facet normal -2.190771e-01 -9.757075e-01 0.000000e+00
    outer loop
      vertex   1.495492e+01 2.284824e+01 -5.500000e+00
      vertex   1.495492e+01 2.284824e+01 2.000000e-01
      vertex   1.444529e+01 2.296267e+01 -5.500000e+00
    endloop
  endfacet
  facet normal -2.190771e-01 -9.757075e-01 0.000000e+00
    outer loop
      vertex   1.444529e+01 2.296267e+01 -5.500000e+00
      vertex   1.495492e+01 2.284824e+01 2.000000e-01
      vertex   1.444529e+01 2.296267e+01 2.000000e-01
    endloop
  endfacet
  facet normal -7.143552e-02 -9.974452e-01 0.000000e+00
    outer loop
      vertex   1.444529e+01 2.296267e+01 -5.500000e+00
      vertex   1.444529e+01 2.296267e+01 2.000000e-01
      vertex   1.392431e+01 2.299998e+01 -5.500000e+00
    endloop
  endfacet
  facet normal -7.143552e-02 -9.974452e-01 2.226228e-17
    outer loop
      vertex   1.392431e+01 2.299998e+01 -5.500000e+00
      vertex   1.444529e+01 2.296267e+01 2.000000e-01
      vertex   1.392431e+01 2.299998e+01 2.000000e-01
    endloop
  endfacet
  facet normal 7.779701e-02 -9.969692e-01 -2.424478e-17
    outer loop
      vertex   1.392431e+01 2.299998e+01 -5.500000e+00
      vertex   1.392431e+01 2.299998e+01 2.000000e-01
      vertex   1.340358e+01 2.295935e+01 -5.500000e+00
    endloop
  endfacet
  facet normal 7.779701e-02 -9.969692e-01 0.000000e+00
    outer loop
      vertex   1.340358e+01 2.295935e+01 -5.500000e+00
      vertex   1.392431e+01 2.299998e+01 2.000000e-01
      vertex   1.340358e+01 2.295935e+01 2.000000e-01
    endloop
  endfacet
  facet normal 2.252970e-01 -9.742901e-01 0.000000e+00
    outer loop
      vertex   1.340358e+01 2.295935e+01 -5.500000e+00
      vertex   1.340358e+01 2.295935e+01 2.000000e-01
      vertex   1.289469e+01 2.284167e+01 -5.500000e+00
    endloop
  endfacet
  facet normal 2.252970e-01 -9.742901e-01 0.000000e+00
    outer loop
      vertex   1.289469e+01 2.284167e+01 -5.500000e+00
      vertex   1.340358e+01 2.295935e+01 2.000000e-01
      vertex   1.289469e+01 2.284167e+01 2.000000e-01
    endloop
  endfacet
  facet normal 3.677794e-01 -9.299131e-01 0.000000e+00
    outer loop
      vertex   1.289469e+01 2.284167e+01 -5.500000e+00
      vertex   1.289469e+01 2.284167e+01 2.000000e-01
      vertex   1.240898e+01 2.264957e+01 -5.500000e+00
    endloop
  endfacet
  facet normal 3.677794e-01 -9.299131e-01 0.000000e+00
    outer loop
      vertex   1.240898e+01 2.264957e+01 -5.500000e+00
      vertex   1.289469e+01 2.284167e+01 2.000000e-01
      vertex   1.240898e+01 2.264957e+01 2.000000e-01
    endloop
  endfacet
  facet normal 5.020712e-01 -8.648263e-01 0.000000e+00
    outer loop
      vertex   1.240898e+01 2.264957e+01 -5.500000e+00
      vertex   1.240898e+01 2.264957e+01 2.000000e-01
      vertex   1.195727e+01 2.238733e+01 -5.500000e+00
    endloop
  endfacet
  facet normal 5.020712e-01 -8.648263e-01 0.000000e+00
    outer loop
      vertex   1.195727e+01 2.238733e+01 -5.500000e+00
      vertex   1.240898e+01 2.264957e+01 2.000000e-01
      vertex   1.195727e+01 2.238733e+01 2.000000e-01
    endloop
  endfacet
  facet normal 4.597726e-01 -8.880367e-01 0.000000e+00
    outer loop
      vertex   1.195727e+01 2.238733e+01 -5.500000e+00
      vertex   1.195727e+01 2.238733e+01 2.000000e-01
      vertex   1.169591e+01 2.225202e+01 -5.500000e+00
    endloop
  endfacet
  facet normal 4.597726e-01 -8.880367e-01 0.000000e+00
    outer loop
      vertex   1.169591e+01 2.225202e+01 -5.500000e+00
      vertex   1.195727e+01 2.238733e+01 2.000000e-01
      vertex   1.169591e+01 2.225202e+01 2.000000e-01
    endloop
  endfacet
  facet normal 2.297892e-01 -9.732404e-01 0.000000e+00
    outer loop
      vertex   1.169591e+01 2.225202e+01 -5.500000e+00
      vertex   1.169591e+01 2.225202e+01 2.000000e-01
      vertex   1.140947e+01 2.218439e+01 -5.500000e+00
    endloop
  endfacet
  facet normal 2.297892e-01 -9.732404e-01 1.432237e-16
    outer loop
      vertex   1.140947e+01 2.218439e+01 -5.500000e+00
      vertex   1.169591e+01 2.225202e+01 2.000000e-01
      vertex   1.140947e+01 2.218439e+01 2.000000e-01
    endloop
  endfacet
  facet normal -1.401655e-02 -9.999018e-01 -8.736276e-18
    outer loop
      vertex   1.140947e+01 2.218439e+01 -5.500000e+00
      vertex   1.140947e+01 2.218439e+01 2.000000e-01
      vertex   1.111519e+01 2.218851e+01 -5.500000e+00
    endloop
  endfacet
  facet normal -1.401655e-02 -9.999018e-01 0.000000e+00
    outer loop
      vertex   1.111519e+01 2.218851e+01 -5.500000e+00
      vertex   1.140947e+01 2.218439e+01 2.000000e-01
      vertex   1.111519e+01 2.218851e+01 2.000000e-01
    endloop
  endfacet
  facet normal -2.569791e-01 -9.664170e-01 0.000000e+00
    outer loop
      vertex   1.111519e+01 2.218851e+01 -5.500000e+00
      vertex   1.111519e+01 2.218851e+01 2.000000e-01
      vertex   1.083077e+01 2.226415e+01 -5.500000e+00
    endloop
  endfacet
  facet normal -2.569791e-01 -9.664170e-01 4.421806e-16
    outer loop
      vertex   1.083077e+01 2.226415e+01 -5.500000e+00
      vertex   1.111519e+01 2.218851e+01 2.000000e-01
      vertex   1.083077e+01 2.226415e+01 2.000000e-01
    endloop
  endfacet
  facet normal -4.844839e-01 -8.748002e-01 2.432776e-16
    outer loop
      vertex   1.083077e+01 2.226415e+01 -5.500000e+00
      vertex   1.083077e+01 2.226415e+01 2.000000e-01
      vertex   1.057330e+01 2.240673e+01 -5.500000e+00
    endloop
  endfacet
  facet normal -4.844839e-01 -8.748002e-01 3.942629e-16
    outer loop
      vertex   1.057330e+01 2.240673e+01 -5.500000e+00
      vertex   1.083077e+01 2.226415e+01 2.000000e-01
      vertex   1.057330e+01 2.240673e+01 2.000000e-01
    endloop
  endfacet
  facet normal -6.828459e-01 -7.305624e-01 2.425440e-16
    outer loop
      vertex   1.057330e+01 2.240673e+01 -5.500000e+00
      vertex   1.057330e+01 2.240673e+01 2.000000e-01
      vertex   1.035829e+01 2.260770e+01 -5.500000e+00
    endloop
  endfacet
  facet normal -6.828459e-01 -7.305624e-01 -4.256063e-16
    outer loop
      vertex   1.035829e+01 2.260770e+01 -5.500000e+00
      vertex   1.057330e+01 2.240673e+01 2.000000e-01
      vertex   1.035829e+01 2.260770e+01 2.000000e-01
    endloop
  endfacet
  facet normal -9.967573e-01 -8.046658e-02 -0.000000e+00
    outer loop
      vertex   2.961151e+00 1.443123e+01 -6.800000e+00
      vertex   2.961151e+00 1.443123e+01 -7.000000e+00
      vertex   3.000000e+00 1.395000e+01 -6.800000e+00
    endloop
  endfacet
  facet normal -9.967573e-01 -8.046658e-02 -0.000000e+00
    outer loop
      vertex   3.000000e+00 1.395000e+01 -6.800000e+00
      vertex   2.961151e+00 1.443123e+01 -7.000000e+00
      vertex   3.000000e+00 1.395000e+01 -7.000000e+00
    endloop
  endfacet
  facet normal -9.967573e-01 8.046656e-02 0.000000e+00
    outer loop
      vertex   3.000000e+00 1.395000e+01 -6.800000e+00
      vertex   3.000000e+00 1.395000e+01 -7.000000e+00
      vertex   2.961151e+00 1.346877e+01 -6.800000e+00
    endloop
  endfacet
  facet normal -9.967573e-01 8.046656e-02 0.000000e+00
    outer loop
      vertex   2.961151e+00 1.346877e+01 -6.800000e+00
      vertex   3.000000e+00 1.395000e+01 -7.000000e+00
      vertex   2.961151e+00 1.346877e+01 -7.000000e+00
    endloop
  endfacet
  facet normal -9.709418e-01 2.393157e-01 0.000000e+00
    outer loop
      vertex   2.961151e+00 1.346877e+01 -6.800000e+00
      vertex   2.961151e+00 1.346877e+01 -7.000000e+00
      vertex   2.845609e+00 1.300000e+01 -6.800000e+00
    endloop
  endfacet
  facet normal -9.709418e-01 2.393157e-01 0.000000e+00
    outer loop
      vertex   2.845609e+00 1.300000e+01 -6.800000e+00
      vertex   2.961151e+00 1.346877e+01 -7.000000e+00
      vertex   2.845609e+00 1.300000e+01 -7.000000e+00
    endloop
  endfacet
  facet normal -9.199794e-01 3.919666e-01 0.000000e+00
    outer loop
      vertex   2.845609e+00 1.300000e+01 -6.800000e+00
      vertex   2.845609e+00 1.300000e+01 -7.000000e+00
      vertex   2.656368e+00 1.255583e+01 -6.800000e+00
    endloop
  endfacet
  facet normal -9.199794e-01 3.919666e-01 0.000000e+00
    outer loop
      vertex   2.656368e+00 1.255583e+01 -6.800000e+00
      vertex   2.845609e+00 1.300000e+01 -7.000000e+00
      vertex   2.656368e+00 1.255583e+01 -7.000000e+00
    endloop
  endfacet
  facet normal -8.451901e-01 5.344658e-01 0.000000e+00
    outer loop
      vertex   2.656368e+00 1.255583e+01 -6.800000e+00
      vertex   2.656368e+00 1.255583e+01 -7.000000e+00
      vertex   2.398328e+00 1.214777e+01 -6.800000e+00
    endloop
  endfacet
  facet normal -8.451901e-01 5.344658e-01 0.000000e+00
    outer loop
      vertex   2.398328e+00 1.214777e+01 -6.800000e+00
      vertex   2.656368e+00 1.255583e+01 -7.000000e+00
      vertex   2.398328e+00 1.214777e+01 -7.000000e+00
    endloop
  endfacet
  facet normal -7.485108e-01 6.631227e-01 0.000000e+00
    outer loop
      vertex   2.398328e+00 1.214777e+01 -6.800000e+00
      vertex   2.398328e+00 1.214777e+01 -7.000000e+00
      vertex   2.078173e+00 1.178639e+01 -6.800000e+00
    endloop
  endfacet
  facet normal -7.485108e-01 6.631227e-01 0.000000e+00
    outer loop
      vertex   2.078173e+00 1.178639e+01 -6.800000e+00
      vertex   2.398328e+00 1.214777e+01 -7.000000e+00
      vertex   2.078173e+00 1.178639e+01 -7.000000e+00
    endloop
  endfacet
  facet normal -6.324454e-01 7.746050e-01 0.000000e+00
    outer loop
      vertex   2.078173e+00 1.178639e+01 -6.800000e+00
      vertex   2.078173e+00 1.178639e+01 -7.000000e+00
      vertex   1.704194e+00 1.148105e+01 -6.800000e+00
    endloop
  endfacet
  facet normal -6.324454e-01 7.746050e-01 0.000000e+00
    outer loop
      vertex   1.704194e+00 1.148105e+01 -6.800000e+00
      vertex   2.078173e+00 1.178639e+01 -7.000000e+00
      vertex   1.704194e+00 1.148105e+01 -7.000000e+00
    endloop
  endfacet
  facet normal -5.000000e-01 8.660254e-01 0.000000e+00
    outer loop
      vertex   1.704194e+00 1.148105e+01 -6.800000e+00
      vertex   1.704194e+00 1.148105e+01 -7.000000e+00
      vertex   1.286078e+00 1.123965e+01 -6.800000e+00
    endloop
  endfacet
  facet normal -5.000000e-01 8.660254e-01 0.000000e+00
    outer loop
      vertex   1.286078e+00 1.123965e+01 -6.800000e+00
      vertex   1.704194e+00 1.148105e+01 -7.000000e+00
      vertex   1.286078e+00 1.123965e+01 -7.000000e+00
    endloop
  endfacet
  facet normal -3.546049e-01 9.350162e-01 0.000000e+00
    outer loop
      vertex   1.286078e+00 1.123965e+01 -6.800000e+00
      vertex   1.286078e+00 1.123965e+01 -7.000000e+00
      vertex   8.346524e-01 1.106845e+01 -6.800000e+00
    endloop
  endfacet
  facet normal -3.546049e-01 9.350162e-01 0.000000e+00
    outer loop
      vertex   8.346524e-01 1.106845e+01 -6.800000e+00
      vertex   1.286078e+00 1.123965e+01 -7.000000e+00
      vertex   8.346524e-01 1.106845e+01 -7.000000e+00
    endloop
  endfacet
  facet normal -2.000257e-01 9.797907e-01 0.000000e+00
    outer loop
      vertex   8.346524e-01 1.106845e+01 -6.800000e+00
      vertex   8.346524e-01 1.106845e+01 -7.000000e+00
      vertex   3.616101e-01 1.097187e+01 -6.800000e+00
    endloop
  endfacet
  facet normal -2.000257e-01 9.797907e-01 0.000000e+00
    outer loop
      vertex   3.616101e-01 1.097187e+01 -6.800000e+00
      vertex   8.346524e-01 1.106845e+01 -7.000000e+00
      vertex   3.616101e-01 1.097187e+01 -7.000000e+00
    endloop
  endfacet
  facet normal -4.026595e-02 9.991890e-01 0.000000e+00
    outer loop
      vertex   3.616101e-01 1.097187e+01 -6.800000e+00
      vertex   3.616101e-01 1.097187e+01 -7.000000e+00
      vertex   -1.207978e-01 1.095243e+01 -6.800000e+00
    endloop
  endfacet
  facet normal -4.026595e-02 9.991890e-01 0.000000e+00
    outer loop
      vertex   -1.207978e-01 1.095243e+01 -6.800000e+00
      vertex   3.616101e-01 1.097187e+01 -7.000000e+00
      vertex   -1.207978e-01 1.095243e+01 -7.000000e+00
    endloop
  endfacet
  facet normal 1.205367e-01 9.927089e-01 0.000000e+00
    outer loop
      vertex   -1.207978e-01 1.095243e+01 -6.800000e+00
      vertex   -1.207978e-01 1.095243e+01 -7.000000e+00
      vertex   -6.000771e-01 1.101063e+01 -6.800000e+00
    endloop
  endfacet
  facet normal 1.205367e-01 9.927089e-01 0.000000e+00
    outer loop
      vertex   -6.000771e-01 1.101063e+01 -6.800000e+00
      vertex   -1.207978e-01 1.095243e+01 -7.000000e+00
      vertex   -6.000771e-01 1.101063e+01 -7.000000e+00
    endloop
  endfacet
  facet normal 2.782175e-01 9.605181e-01 0.000000e+00
    outer loop
      vertex   -6.000771e-01 1.101063e+01 -6.800000e+00
      vertex   -6.000771e-01 1.101063e+01 -7.000000e+00
      vertex   -1.063815e+00 1.114495e+01 -6.800000e+00
    endloop
  endfacet
  facet normal 2.782175e-01 9.605181e-01 0.000000e+00
    outer loop
      vertex   -1.063815e+00 1.114495e+01 -6.800000e+00
      vertex   -6.000771e-01 1.101063e+01 -7.000000e+00
      vertex   -1.063815e+00 1.114495e+01 -7.000000e+00
    endloop
  endfacet
  facet normal 4.286926e-01 9.034504e-01 0.000000e+00
    outer loop
      vertex   -1.063815e+00 1.114495e+01 -6.800000e+00
      vertex   -1.063815e+00 1.114495e+01 -7.000000e+00
      vertex   -1.500000e+00 1.135192e+01 -6.800000e+00
    endloop
  endfacet
  facet normal 4.286926e-01 9.034504e-01 0.000000e+00
    outer loop
      vertex   -1.500000e+00 1.135192e+01 -6.800000e+00
      vertex   -1.063815e+00 1.114495e+01 -7.000000e+00
      vertex   -1.500000e+00 1.135192e+01 -7.000000e+00
    endloop
  endfacet
  facet normal 5.680647e-01 8.229839e-01 0.000000e+00
    outer loop
      vertex   -1.500000e+00 1.135192e+01 -6.800000e+00
      vertex   -1.500000e+00 1.135192e+01 -7.000000e+00
      vertex   -1.897336e+00 1.162619e+01 -6.800000e+00
    endloop
  endfacet
  facet normal 5.680647e-01 8.229839e-01 0.000000e+00
    outer loop
      vertex   -1.897336e+00 1.162619e+01 -6.800000e+00
      vertex   -1.500000e+00 1.135192e+01 -7.000000e+00
      vertex   -1.897336e+00 1.162619e+01 -7.000000e+00
    endloop
  endfacet
  facet normal 6.927243e-01 7.212025e-01 0.000000e+00
    outer loop
      vertex   -1.897336e+00 1.162619e+01 -6.800000e+00
      vertex   -1.897336e+00 1.162619e+01 -7.000000e+00
      vertex   -2.245532e+00 1.196063e+01 -6.800000e+00
    endloop
  endfacet
  facet normal 6.927243e-01 7.212025e-01 0.000000e+00
    outer loop
      vertex   -2.245532e+00 1.196063e+01 -6.800000e+00
      vertex   -1.897336e+00 1.162619e+01 -7.000000e+00
      vertex   -2.245532e+00 1.196063e+01 -7.000000e+00
    endloop
  endfacet
  facet normal 7.994428e-01 6.007423e-01 0.000000e+00
    outer loop
      vertex   -2.245532e+00 1.196063e+01 -6.800000e+00
      vertex   -2.245532e+00 1.196063e+01 -7.000000e+00
      vertex   -2.535570e+00 1.234660e+01 -6.800000e+00
    endloop
  endfacet
  facet normal 7.994428e-01 6.007423e-01 0.000000e+00
    outer loop
      vertex   -2.535570e+00 1.234660e+01 -6.800000e+00
      vertex   -2.245532e+00 1.196063e+01 -7.000000e+00
      vertex   -2.535570e+00 1.234660e+01 -7.000000e+00
    endloop
  endfacet
  facet normal 8.854560e-01 4.647232e-01 0.000000e+00
    outer loop
      vertex   -2.535570e+00 1.234660e+01 -6.800000e+00
      vertex   -2.535570e+00 1.234660e+01 -7.000000e+00
      vertex   -2.759938e+00 1.277410e+01 -6.800000e+00
    endloop
  endfacet
  facet normal 8.854560e-01 4.647232e-01 0.000000e+00
    outer loop
      vertex   -2.759938e+00 1.277410e+01 -6.800000e+00
      vertex   -2.535570e+00 1.234660e+01 -7.000000e+00
      vertex   -2.759938e+00 1.277410e+01 -7.000000e+00
    endloop
  endfacet
  facet normal 9.485364e-01 3.166680e-01 0.000000e+00
    outer loop
      vertex   -2.759938e+00 1.277410e+01 -6.800000e+00
      vertex   -2.759938e+00 1.277410e+01 -7.000000e+00
      vertex   -2.912825e+00 1.323205e+01 -6.800000e+00
    endloop
  endfacet
  facet normal 9.485364e-01 3.166680e-01 0.000000e+00
    outer loop
      vertex   -2.912825e+00 1.323205e+01 -6.800000e+00
      vertex   -2.759938e+00 1.277410e+01 -7.000000e+00
      vertex   -2.912825e+00 1.323205e+01 -7.000000e+00
    endloop
  endfacet
  facet normal 9.870503e-01 1.604113e-01 0.000000e+00
    outer loop
      vertex   -2.912825e+00 1.323205e+01 -6.800000e+00
      vertex   -2.912825e+00 1.323205e+01 -7.000000e+00
      vertex   -2.990272e+00 1.370860e+01 -6.800000e+00
    endloop
  endfacet
  facet normal 9.870503e-01 1.604113e-01 0.000000e+00
    outer loop
      vertex   -2.990272e+00 1.370860e+01 -6.800000e+00
      vertex   -2.912825e+00 1.323205e+01 -7.000000e+00
      vertex   -2.990272e+00 1.370860e+01 -7.000000e+00
    endloop
  endfacet
  facet normal 1.000000e+00 9.893720e-09 0.000000e+00
    outer loop
      vertex   -2.990272e+00 1.370860e+01 -6.800000e+00
      vertex   -2.990272e+00 1.370860e+01 -7.000000e+00
      vertex   -2.990272e+00 1.419140e+01 -6.800000e+00
    endloop
  endfacet
  facet normal 1.000000e+00 9.893720e-09 0.000000e+00
    outer loop
      vertex   -2.990272e+00 1.419140e+01 -6.800000e+00
      vertex   -2.990272e+00 1.370860e+01 -7.000000e+00
      vertex   -2.990272e+00 1.419140e+01 -7.000000e+00
    endloop
  endfacet
  facet normal 9.870503e-01 -1.604113e-01 0.000000e+00
    outer loop
      vertex   -2.990272e+00 1.419140e+01 -6.800000e+00
      vertex   -2.990272e+00 1.419140e+01 -7.000000e+00
      vertex   -2.912825e+00 1.466795e+01 -6.800000e+00
    endloop
  endfacet
  facet normal 9.870503e-01 -1.604113e-01 0.000000e+00
    outer loop
      vertex   -2.912825e+00 1.466795e+01 -6.800000e+00
      vertex   -2.990272e+00 1.419140e+01 -7.000000e+00
      vertex   -2.912825e+00 1.466795e+01 -7.000000e+00
    endloop
  endfacet
  facet normal 9.485364e-01 -3.166680e-01 0.000000e+00
    outer loop
      vertex   -2.912825e+00 1.466795e+01 -6.800000e+00
      vertex   -2.912825e+00 1.466795e+01 -7.000000e+00
      vertex   -2.759938e+00 1.512590e+01 -6.800000e+00
    endloop
  endfacet
  facet normal 9.485364e-01 -3.166680e-01 0.000000e+00
    outer loop
      vertex   -2.759938e+00 1.512590e+01 -6.800000e+00
      vertex   -2.912825e+00 1.466795e+01 -7.000000e+00
      vertex   -2.759938e+00 1.512590e+01 -7.000000e+00
    endloop
  endfacet
  facet normal 8.854560e-01 -4.647232e-01 0.000000e+00
    outer loop
      vertex   -2.759938e+00 1.512590e+01 -6.800000e+00
      vertex   -2.759938e+00 1.512590e+01 -7.000000e+00
      vertex   -2.535570e+00 1.555340e+01 -6.800000e+00
    endloop
  endfacet
  facet normal 8.854560e-01 -4.647232e-01 0.000000e+00
    outer loop
      vertex   -2.535570e+00 1.555340e+01 -6.800000e+00
      vertex   -2.759938e+00 1.512590e+01 -7.000000e+00
      vertex   -2.535570e+00 1.555340e+01 -7.000000e+00
    endloop
  endfacet
  facet normal 7.994428e-01 -6.007423e-01 0.000000e+00
    outer loop
      vertex   -2.535570e+00 1.555340e+01 -6.800000e+00
      vertex   -2.535570e+00 1.555340e+01 -7.000000e+00
      vertex   -2.245532e+00 1.593937e+01 -6.800000e+00
    endloop
  endfacet
  facet normal 7.994428e-01 -6.007423e-01 0.000000e+00
    outer loop
      vertex   -2.245532e+00 1.593937e+01 -6.800000e+00
      vertex   -2.535570e+00 1.555340e+01 -7.000000e+00
      vertex   -2.245532e+00 1.593937e+01 -7.000000e+00
    endloop
  endfacet
  facet normal 6.927244e-01 -7.212024e-01 0.000000e+00
    outer loop
      vertex   -2.245532e+00 1.593937e+01 -6.800000e+00
      vertex   -2.245532e+00 1.593937e+01 -7.000000e+00
      vertex   -1.897336e+00 1.627381e+01 -6.800000e+00
    endloop
  endfacet
  facet normal 6.927244e-01 -7.212024e-01 0.000000e+00
    outer loop
      vertex   -1.897336e+00 1.627381e+01 -6.800000e+00
      vertex   -2.245532e+00 1.593937e+01 -7.000000e+00
      vertex   -1.897336e+00 1.627381e+01 -7.000000e+00
    endloop
  endfacet
  facet normal 5.680648e-01 -8.229839e-01 0.000000e+00
    outer loop
      vertex   -1.897336e+00 1.627381e+01 -6.800000e+00
      vertex   -1.897336e+00 1.627381e+01 -7.000000e+00
      vertex   -1.500000e+00 1.654808e+01 -6.800000e+00
    endloop
  endfacet
  facet normal 5.680648e-01 -8.229839e-01 0.000000e+00
    outer loop
      vertex   -1.500000e+00 1.654808e+01 -6.800000e+00
      vertex   -1.897336e+00 1.627381e+01 -7.000000e+00
      vertex   -1.500000e+00 1.654808e+01 -7.000000e+00
    endloop
  endfacet
  facet normal 4.286926e-01 -9.034504e-01 0.000000e+00
    outer loop
      vertex   -1.500000e+00 1.654808e+01 -6.800000e+00
      vertex   -1.500000e+00 1.654808e+01 -7.000000e+00
      vertex   -1.063815e+00 1.675505e+01 -6.800000e+00
    endloop
  endfacet
  facet normal 4.286926e-01 -9.034504e-01 0.000000e+00
    outer loop
      vertex   -1.063815e+00 1.675505e+01 -6.800000e+00
      vertex   -1.500000e+00 1.654808e+01 -7.000000e+00
      vertex   -1.063815e+00 1.675505e+01 -7.000000e+00
    endloop
  endfacet
  facet normal 2.782175e-01 -9.605181e-01 0.000000e+00
    outer loop
      vertex   -1.063815e+00 1.675505e+01 -6.800000e+00
      vertex   -1.063815e+00 1.675505e+01 -7.000000e+00
      vertex   -6.000771e-01 1.688937e+01 -6.800000e+00
    endloop
  endfacet
  facet normal 2.782175e-01 -9.605181e-01 0.000000e+00
    outer loop
      vertex   -6.000771e-01 1.688937e+01 -6.800000e+00
      vertex   -1.063815e+00 1.675505e+01 -7.000000e+00
      vertex   -6.000771e-01 1.688937e+01 -7.000000e+00
    endloop
  endfacet
  facet normal 1.205367e-01 -9.927089e-01 0.000000e+00
    outer loop
      vertex   -6.000771e-01 1.688937e+01 -6.800000e+00
      vertex   -6.000771e-01 1.688937e+01 -7.000000e+00
      vertex   -1.207978e-01 1.694757e+01 -6.800000e+00
    endloop
  endfacet
  facet normal 1.205367e-01 -9.927089e-01 0.000000e+00
    outer loop
      vertex   -1.207978e-01 1.694757e+01 -6.800000e+00
      vertex   -6.000771e-01 1.688937e+01 -7.000000e+00
      vertex   -1.207978e-01 1.694757e+01 -7.000000e+00
    endloop
  endfacet
  facet normal -4.026593e-02 -9.991890e-01 -0.000000e+00
    outer loop
      vertex   -1.207978e-01 1.694757e+01 -6.800000e+00
      vertex   -1.207978e-01 1.694757e+01 -7.000000e+00
      vertex   3.616100e-01 1.692813e+01 -6.800000e+00
    endloop
  endfacet
  facet normal -4.026593e-02 -9.991890e-01 -0.000000e+00
    outer loop
      vertex   3.616100e-01 1.692813e+01 -6.800000e+00
      vertex   -1.207978e-01 1.694757e+01 -7.000000e+00
      vertex   3.616100e-01 1.692813e+01 -7.000000e+00
    endloop
  endfacet
  facet normal -2.000257e-01 -9.797907e-01 -0.000000e+00
    outer loop
      vertex   3.616100e-01 1.692813e+01 -6.800000e+00
      vertex   3.616100e-01 1.692813e+01 -7.000000e+00
      vertex   8.346524e-01 1.683155e+01 -6.800000e+00
    endloop
  endfacet
  facet normal -2.000257e-01 -9.797907e-01 -0.000000e+00
    outer loop
      vertex   8.346524e-01 1.683155e+01 -6.800000e+00
      vertex   3.616100e-01 1.692813e+01 -7.000000e+00
      vertex   8.346524e-01 1.683155e+01 -7.000000e+00
    endloop
  endfacet
  facet normal -3.546049e-01 -9.350162e-01 -0.000000e+00
    outer loop
      vertex   8.346524e-01 1.683155e+01 -6.800000e+00
      vertex   8.346524e-01 1.683155e+01 -7.000000e+00
      vertex   1.286078e+00 1.666035e+01 -6.800000e+00
    endloop
  endfacet
  facet normal -3.546049e-01 -9.350162e-01 -0.000000e+00
    outer loop
      vertex   1.286078e+00 1.666035e+01 -6.800000e+00
      vertex   8.346524e-01 1.683155e+01 -7.000000e+00
      vertex   1.286078e+00 1.666035e+01 -7.000000e+00
    endloop
  endfacet
  facet normal -5.000000e-01 -8.660254e-01 -0.000000e+00
    outer loop
      vertex   1.286078e+00 1.666035e+01 -6.800000e+00
      vertex   1.286078e+00 1.666035e+01 -7.000000e+00
      vertex   1.704194e+00 1.641895e+01 -6.800000e+00
    endloop
  endfacet
  facet normal -5.000000e-01 -8.660254e-01 -0.000000e+00
    outer loop
      vertex   1.704194e+00 1.641895e+01 -6.800000e+00
      vertex   1.286078e+00 1.666035e+01 -7.000000e+00
      vertex   1.704194e+00 1.641895e+01 -7.000000e+00
    endloop
  endfacet
  facet normal -6.324454e-01 -7.746050e-01 -0.000000e+00
    outer loop
      vertex   1.704194e+00 1.641895e+01 -6.800000e+00
      vertex   1.704194e+00 1.641895e+01 -7.000000e+00
      vertex   2.078173e+00 1.611361e+01 -6.800000e+00
    endloop
  endfacet
  facet normal -6.324454e-01 -7.746050e-01 -0.000000e+00
    outer loop
      vertex   2.078173e+00 1.611361e+01 -6.800000e+00
      vertex   1.704194e+00 1.641895e+01 -7.000000e+00
      vertex   2.078173e+00 1.611361e+01 -7.000000e+00
    endloop
  endfacet
  facet normal -7.485107e-01 -6.631227e-01 -0.000000e+00
    outer loop
      vertex   2.078173e+00 1.611361e+01 -6.800000e+00
      vertex   2.078173e+00 1.611361e+01 -7.000000e+00
      vertex   2.398328e+00 1.575223e+01 -6.800000e+00
    endloop
  endfacet
  facet normal -7.485107e-01 -6.631227e-01 -0.000000e+00
    outer loop
      vertex   2.398328e+00 1.575223e+01 -6.800000e+00
      vertex   2.078173e+00 1.611361e+01 -7.000000e+00
      vertex   2.398328e+00 1.575223e+01 -7.000000e+00
    endloop
  endfacet
  facet normal -8.451901e-01 -5.344658e-01 -0.000000e+00
    outer loop
      vertex   2.398328e+00 1.575223e+01 -6.800000e+00
      vertex   2.398328e+00 1.575223e+01 -7.000000e+00
      vertex   2.656368e+00 1.534417e+01 -6.800000e+00
    endloop
  endfacet
  facet normal -8.451901e-01 -5.344658e-01 -0.000000e+00
    outer loop
      vertex   2.656368e+00 1.534417e+01 -6.800000e+00
      vertex   2.398328e+00 1.575223e+01 -7.000000e+00
      vertex   2.656368e+00 1.534417e+01 -7.000000e+00
    endloop
  endfacet
  facet normal -9.199794e-01 -3.919666e-01 -0.000000e+00
    outer loop
      vertex   2.656368e+00 1.534417e+01 -6.800000e+00
      vertex   2.656368e+00 1.534417e+01 -7.000000e+00
      vertex   2.845609e+00 1.490000e+01 -6.800000e+00
    endloop
  endfacet
  facet normal -9.199794e-01 -3.919666e-01 -0.000000e+00
    outer loop
      vertex   2.845609e+00 1.490000e+01 -6.800000e+00
      vertex   2.656368e+00 1.534417e+01 -7.000000e+00
      vertex   2.845609e+00 1.490000e+01 -7.000000e+00
    endloop
  endfacet
  facet normal -9.709418e-01 -2.393157e-01 -0.000000e+00
    outer loop
      vertex   2.845609e+00 1.490000e+01 -6.800000e+00
      vertex   2.845609e+00 1.490000e+01 -7.000000e+00
      vertex   2.961151e+00 1.443123e+01 -6.800000e+00
    endloop
  endfacet
  facet normal -9.709418e-01 -2.393157e-01 -0.000000e+00
    outer loop
      vertex   2.961151e+00 1.443123e+01 -6.800000e+00
      vertex   2.845609e+00 1.490000e+01 -7.000000e+00
      vertex   2.961151e+00 1.443123e+01 -7.000000e+00
    endloop
  endfacet
  facet normal -1.904175e-15 -1.691907e-15 1.000000e+00
    outer loop
      vertex   2.961151e+00 1.346877e+01 -6.800000e+00
      vertex   3.961072e+00 1.339331e+01 -6.800000e+00
      vertex   3.000000e+00 1.395000e+01 -6.800000e+00
    endloop
  endfacet
  facet normal 8.881784e-16 3.128805e-15 1.000000e+00
    outer loop
      vertex   3.000000e+00 1.395000e+01 -6.800000e+00
      vertex   3.961072e+00 1.339331e+01 -6.800000e+00
      vertex   4.000000e+00 1.395000e+01 -6.800000e+00
    endloop
  endfacet
  facet normal 8.881785e-16 -3.128805e-15 1.000000e+00
    outer loop
      vertex   3.000000e+00 1.395000e+01 -6.800000e+00
      vertex   4.000000e+00 1.395000e+01 -6.800000e+00
      vertex   3.961072e+00 1.450669e+01 -6.800000e+00
    endloop
  endfacet
  facet normal -1.627599e-15 1.973083e-15 1.000000e+00
    outer loop
      vertex   3.961072e+00 1.339331e+01 -6.800000e+00
      vertex   2.961151e+00 1.346877e+01 -6.800000e+00
      vertex   3.845047e+00 1.284745e+01 -6.800000e+00
    endloop
  endfacet
  facet normal -2.990473e-16 3.863107e-15 1.000000e+00
    outer loop
      vertex   3.845047e+00 1.284745e+01 -6.800000e+00
      vertex   2.961151e+00 1.346877e+01 -6.800000e+00
      vertex   2.845609e+00 1.300000e+01 -6.800000e+00
    endloop
  endfacet
  facet normal -8.419076e-16 3.064293e-16 1.000000e+00
    outer loop
      vertex   3.845047e+00 1.284745e+01 -6.800000e+00
      vertex   2.845609e+00 1.300000e+01 -6.800000e+00
      vertex   3.654182e+00 1.232305e+01 -6.800000e+00
    endloop
  endfacet
  facet normal -8.096498e-16 3.449596e-16 1.000000e+00
    outer loop
      vertex   3.654182e+00 1.232305e+01 -6.800000e+00
      vertex   2.845609e+00 1.300000e+01 -6.800000e+00
      vertex   2.656368e+00 1.255583e+01 -6.800000e+00
    endloop
  endfacet
  facet normal -7.918968e-16 4.210590e-16 1.000000e+00
    outer loop
      vertex   3.654182e+00 1.232305e+01 -6.800000e+00
      vertex   2.656368e+00 1.255583e+01 -6.800000e+00
      vertex   3.392192e+00 1.183032e+01 -6.800000e+00
    endloop
  endfacet
  facet normal -7.434898e-16 4.701544e-16 1.000000e+00
    outer loop
      vertex   3.392192e+00 1.183032e+01 -6.800000e+00
      vertex   2.656368e+00 1.255583e+01 -6.800000e+00
      vertex   2.398328e+00 1.214777e+01 -6.800000e+00
    endloop
  endfacet
  facet normal -2.153214e-16 2.123729e-15 1.000000e+00
    outer loop
      vertex   3.392192e+00 1.183032e+01 -6.800000e+00
      vertex   2.398328e+00 1.214777e+01 -6.800000e+00
      vertex   3.064178e+00 1.137885e+01 -6.800000e+00
    endloop
  endfacet
  facet normal 8.422467e-17 2.383121e-15 1.000000e+00
    outer loop
      vertex   3.064178e+00 1.137885e+01 -6.800000e+00
      vertex   2.398328e+00 1.214777e+01 -6.800000e+00
      vertex   2.078173e+00 1.178639e+01 -6.800000e+00
    endloop
  endfacet
  facet normal -6.438107e-16 6.217208e-16 1.000000e+00
    outer loop
      vertex   3.064178e+00 1.137885e+01 -6.800000e+00
      vertex   2.078173e+00 1.178639e+01 -6.800000e+00
      vertex   2.676522e+00 1.097742e+01 -6.800000e+00
    endloop
  endfacet
  facet normal -5.588980e-16 6.845258e-16 1.000000e+00
    outer loop
      vertex   2.676522e+00 1.097742e+01 -6.800000e+00
      vertex   2.078173e+00 1.178639e+01 -6.800000e+00
      vertex   1.704194e+00 1.148105e+01 -6.800000e+00
    endloop
  endfacet
  facet normal -5.492951e-16 7.030656e-16 1.000000e+00
    outer loop
      vertex   2.676522e+00 1.097742e+01 -6.800000e+00
      vertex   1.704194e+00 1.148105e+01 -6.800000e+00
      vertex   2.236772e+00 1.063385e+01 -6.800000e+00
    endloop
  endfacet
  facet normal 2.252698e-15 2.464492e-15 1.000000e+00
    outer loop
      vertex   2.236772e+00 1.063385e+01 -6.800000e+00
      vertex   1.704194e+00 1.148105e+01 -6.800000e+00
      vertex   1.753485e+00 1.035482e+01 -6.800000e+00
    endloop
  endfacet
  facet normal -1.332289e-15 2.307591e-15 1.000000e+00
    outer loop
      vertex   1.753485e+00 1.035482e+01 -6.800000e+00
      vertex   1.704194e+00 1.148105e+01 -6.800000e+00
      vertex   1.286078e+00 1.123965e+01 -6.800000e+00
    endloop
  endfacet
  facet normal -1.002676e-15 2.481709e-15 1.000000e+00
    outer loop
      vertex   1.753485e+00 1.035482e+01 -6.800000e+00
      vertex   1.286078e+00 1.123965e+01 -6.800000e+00
      vertex   1.236068e+00 1.014577e+01 -6.800000e+00
    endloop
  endfacet
  facet normal 1.062110e-15 2.387311e-15 1.000000e+00
    outer loop
      vertex   1.236068e+00 1.014577e+01 -6.800000e+00
      vertex   1.286078e+00 1.123965e+01 -6.800000e+00
      vertex   8.346524e-01 1.106845e+01 -6.800000e+00
    endloop
  endfacet
  facet normal -4.330413e-16 1.736834e-15 1.000000e+00
    outer loop
      vertex   1.236068e+00 1.014577e+01 -6.800000e+00
      vertex   8.346524e-01 1.106845e+01 -6.800000e+00
      vertex   6.945927e-01 1.001077e+01 -6.800000e+00
    endloop
  endfacet
  facet normal -3.523970e-16 1.726155e-15 1.000000e+00
    outer loop
      vertex   6.945927e-01 1.001077e+01 -6.800000e+00
      vertex   8.346524e-01 1.106845e+01 -6.800000e+00
      vertex   3.616101e-01 1.097187e+01 -6.800000e+00
    endloop
  endfacet
  facet normal -1.874332e-16 1.783308e-15 1.000000e+00
    outer loop
      vertex   6.945927e-01 1.001077e+01 -6.800000e+00
      vertex   3.616101e-01 1.097187e+01 -6.800000e+00
      vertex   1.395980e-01 9.952437e+00 -6.800000e+00
    endloop
  endfacet
  facet normal -7.084163e-17 1.757916e-15 1.000000e+00
    outer loop
      vertex   1.395980e-01 9.952437e+00 -6.800000e+00
      vertex   3.616101e-01 1.097187e+01 -6.800000e+00
      vertex   -1.207978e-01 1.095243e+01 -6.800000e+00
    endloop
  endfacet
  facet normal 6.260121e-17 1.792665e-15 1.000000e+00
    outer loop
      vertex   1.395980e-01 9.952437e+00 -6.800000e+00
      vertex   -1.207978e-01 1.095243e+01 -6.800000e+00
      vertex   -4.181138e-01 9.971912e+00 -6.800000e+00
    endloop
  endfacet
  facet normal 2.121623e-16 1.747314e-15 1.000000e+00
    outer loop
      vertex   -4.181138e-01 9.971912e+00 -6.800000e+00
      vertex   -1.207978e-01 1.095243e+01 -6.800000e+00
      vertex   -6.000771e-01 1.101063e+01 -6.800000e+00
    endloop
  endfacet
  facet normal 3.111565e-16 1.764656e-15 1.000000e+00
    outer loop
      vertex   -4.181138e-01 9.971912e+00 -6.800000e+00
      vertex   -6.000771e-01 1.101063e+01 -6.800000e+00
      vertex   -9.676875e-01 1.006882e+01 -6.800000e+00
    endloop
  endfacet
  facet normal 3.932264e-15 3.512546e-16 1.000000e+00
    outer loop
      vertex   -9.676875e-01 1.006882e+01 -6.800000e+00
      vertex   -6.000771e-01 1.101063e+01 -6.800000e+00
      vertex   -1.063815e+00 1.114495e+01 -6.800000e+00
    endloop
  endfacet
  facet normal 0.000000e+00 0.000000e+00 1.000000e+00
    outer loop
      vertex   -9.676875e-01 1.006882e+01 -6.800000e+00
      vertex   -1.063815e+00 1.114495e+01 -6.800000e+00
      vertex   -1.498426e+00 1.024126e+01 -6.800000e+00
    endloop
  endfacet
  facet normal 0.000000e+00 -0.000000e+00 1.000000e+00
    outer loop
      vertex   -1.498426e+00 1.024126e+01 -6.800000e+00
      vertex   -1.063815e+00 1.114495e+01 -6.800000e+00
      vertex   -1.500000e+00 1.135192e+01 -6.800000e+00
    endloop
  endfacet
  facet normal -3.544017e-15 -5.021339e-18 1.000000e+00
    outer loop
      vertex   -1.498426e+00 1.024126e+01 -6.800000e+00
      vertex   -1.500000e+00 1.135192e+01 -6.800000e+00
      vertex   -2.000000e+00 1.048590e+01 -6.800000e+00
    endloop
  endfacet
  facet normal -9.957517e-16 -1.476263e-15 1.000000e+00
    outer loop
      vertex   -2.000000e+00 1.048590e+01 -6.800000e+00
      vertex   -1.500000e+00 1.135192e+01 -6.800000e+00
      vertex   -2.462646e+00 1.079796e+01 -6.800000e+00
    endloop
  endfacet
  facet normal -1.006317e-15 -1.457902e-15 1.000000e+00
    outer loop
      vertex   -2.462646e+00 1.079796e+01 -6.800000e+00
      vertex   -1.500000e+00 1.135192e+01 -6.800000e+00
      vertex   -1.897336e+00 1.162619e+01 -6.800000e+00
    endloop
  endfacet
  facet normal -1.196079e-15 -1.328380e-15 1.000000e+00
    outer loop
      vertex   -2.462646e+00 1.079796e+01 -6.800000e+00
      vertex   -1.897336e+00 1.162619e+01 -6.800000e+00
      vertex   -2.877359e+00 1.117137e+01 -6.800000e+00
    endloop
  endfacet
  facet normal -2.884027e-15 2.308736e-15 1.000000e+00
    outer loop
      vertex   -2.877359e+00 1.117137e+01 -6.800000e+00
      vertex   -1.897336e+00 1.162619e+01 -6.800000e+00
      vertex   -2.245532e+00 1.196063e+01 -6.800000e+00
    endloop
  endfacet
  facet normal 0.000000e+00 -0.000000e+00 1.000000e+00
    outer loop
      vertex   -2.877359e+00 1.117137e+01 -6.800000e+00
      vertex   -2.245532e+00 1.196063e+01 -6.800000e+00
      vertex   -3.236068e+00 1.159886e+01 -6.800000e+00
    endloop
  endfacet
  facet normal 0.000000e+00 0.000000e+00 1.000000e+00
    outer loop
      vertex   -3.236068e+00 1.159886e+01 -6.800000e+00
      vertex   -2.245532e+00 1.196063e+01 -6.800000e+00
      vertex   -2.535570e+00 1.234660e+01 -6.800000e+00
    endloop
  endfacet
  facet normal -1.201744e-15 1.125812e-15 1.000000e+00
    outer loop
      vertex   -3.236068e+00 1.159886e+01 -6.800000e+00
      vertex   -2.535570e+00 1.234660e+01 -6.800000e+00
      vertex   -3.531790e+00 1.207211e+01 -6.800000e+00
    endloop
  endfacet
  facet normal -7.789106e-16 -4.088038e-16 1.000000e+00
    outer loop
      vertex   -3.531790e+00 1.207211e+01 -6.800000e+00
      vertex   -2.535570e+00 1.234660e+01 -6.800000e+00
      vertex   -2.759938e+00 1.277410e+01 -6.800000e+00
    endloop
  endfacet
  facet normal -8.190532e-16 -3.646660e-16 1.000000e+00
    outer loop
      vertex   -3.531790e+00 1.207211e+01 -6.800000e+00
      vertex   -2.759938e+00 1.277410e+01 -6.800000e+00
      vertex   -3.758770e+00 1.258192e+01 -6.800000e+00
    endloop
  endfacet
  facet normal -8.355461e-16 -2.789463e-16 1.000000e+00
    outer loop
      vertex   -3.758770e+00 1.258192e+01 -6.800000e+00
      vertex   -2.759938e+00 1.277410e+01 -6.800000e+00
      vertex   -2.912825e+00 1.323205e+01 -6.800000e+00
    endloop
  endfacet
  facet normal -8.603314e-16 -2.466961e-16 1.000000e+00
    outer loop
      vertex   -3.758770e+00 1.258192e+01 -6.800000e+00
      vertex   -2.912825e+00 1.323205e+01 -6.800000e+00
      vertex   -3.912590e+00 1.311835e+01 -6.800000e+00
    endloop
  endfacet
  facet normal -8.722657e-16 -1.417570e-16 1.000000e+00
    outer loop
      vertex   -3.912590e+00 1.311835e+01 -6.800000e+00
      vertex   -2.912825e+00 1.323205e+01 -6.800000e+00
      vertex   -2.990272e+00 1.370860e+01 -6.800000e+00
    endloop
  endfacet
  facet normal -1.827197e-15 1.350415e-15 1.000000e+00
    outer loop
      vertex   -3.912590e+00 1.311835e+01 -6.800000e+00
      vertex   -2.990272e+00 1.370860e+01 -6.800000e+00
      vertex   -3.990256e+00 1.367097e+01 -6.800000e+00
    endloop
  endfacet
  facet normal -1.776385e-15 -1.757505e-23 1.000000e+00
    outer loop
      vertex   -3.990256e+00 1.367097e+01 -6.800000e+00
      vertex   -2.990272e+00 1.370860e+01 -6.800000e+00
      vertex   -3.990256e+00 1.422903e+01 -6.800000e+00
    endloop
  endfacet
  facet normal -1.776385e-15 -1.757505e-23 1.000000e+00
    outer loop
      vertex   -3.990256e+00 1.422903e+01 -6.800000e+00
      vertex   -2.990272e+00 1.370860e+01 -6.800000e+00
      vertex   -2.990272e+00 1.419140e+01 -6.800000e+00
    endloop
  endfacet
  facet normal -1.706884e-15 1.847098e-15 1.000000e+00
    outer loop
      vertex   -3.990256e+00 1.422903e+01 -6.800000e+00
      vertex   -2.990272e+00 1.419140e+01 -6.800000e+00
      vertex   -3.912590e+00 1.478165e+01 -6.800000e+00
    endloop
  endfacet
  facet normal -4.560367e-16 3.801669e-15 1.000000e+00
    outer loop
      vertex   -3.912590e+00 1.478165e+01 -6.800000e+00
      vertex   -2.990272e+00 1.419140e+01 -6.800000e+00
      vertex   -2.912825e+00 1.466795e+01 -6.800000e+00
    endloop
  endfacet
  facet normal -8.603314e-16 2.466960e-16 1.000000e+00
    outer loop
      vertex   -3.912590e+00 1.478165e+01 -6.800000e+00
      vertex   -2.912825e+00 1.466795e+01 -6.800000e+00
      vertex   -3.758770e+00 1.531808e+01 -6.800000e+00
    endloop
  endfacet
  facet normal -8.355461e-16 2.789463e-16 1.000000e+00
    outer loop
      vertex   -3.758770e+00 1.531808e+01 -6.800000e+00
      vertex   -2.912825e+00 1.466795e+01 -6.800000e+00
      vertex   -2.759938e+00 1.512590e+01 -6.800000e+00
    endloop
  endfacet
  facet normal -8.190532e-16 3.646660e-16 1.000000e+00
    outer loop
      vertex   -3.758770e+00 1.531808e+01 -6.800000e+00
      vertex   -2.759938e+00 1.512590e+01 -6.800000e+00
      vertex   -3.531790e+00 1.582789e+01 -6.800000e+00
    endloop
  endfacet
  facet normal -7.789106e-16 4.088038e-16 1.000000e+00
    outer loop
      vertex   -3.531790e+00 1.582789e+01 -6.800000e+00
      vertex   -2.759938e+00 1.512590e+01 -6.800000e+00
      vertex   -2.535570e+00 1.555340e+01 -6.800000e+00
    endloop
  endfacet
  facet normal -3.194488e-16 2.076359e-15 1.000000e+00
    outer loop
      vertex   -3.531790e+00 1.582789e+01 -6.800000e+00
      vertex   -2.535570e+00 1.555340e+01 -6.800000e+00
      vertex   -3.236068e+00 1.630114e+01 -6.800000e+00
    endloop
  endfacet
  facet normal -1.407137e-15 1.057395e-15 1.000000e+00
    outer loop
      vertex   -3.236068e+00 1.630114e+01 -6.800000e+00
      vertex   -2.535570e+00 1.555340e+01 -6.800000e+00
      vertex   -2.245532e+00 1.593937e+01 -6.800000e+00
    endloop
  endfacet
  facet normal -1.372659e-15 1.151797e-15 1.000000e+00
    outer loop
      vertex   -3.236068e+00 1.630114e+01 -6.800000e+00
      vertex   -2.245532e+00 1.593937e+01 -6.800000e+00
      vertex   -2.877359e+00 1.672863e+01 -6.800000e+00
    endloop
  endfacet
  facet normal 2.199229e-16 2.426699e-15 1.000000e+00
    outer loop
      vertex   -2.877359e+00 1.672863e+01 -6.800000e+00
      vertex   -2.245532e+00 1.593937e+01 -6.800000e+00
      vertex   -1.897336e+00 1.627381e+01 -6.800000e+00
    endloop
  endfacet
  facet normal -5.980394e-16 6.641901e-16 1.000000e+00
    outer loop
      vertex   -2.877359e+00 1.672863e+01 -6.800000e+00
      vertex   -1.897336e+00 1.627381e+01 -6.800000e+00
      vertex   -2.462646e+00 1.710204e+01 -6.800000e+00
    endloop
  endfacet
  facet normal -5.031587e-16 7.289512e-16 1.000000e+00
    outer loop
      vertex   -2.462646e+00 1.710204e+01 -6.800000e+00
      vertex   -1.897336e+00 1.627381e+01 -6.800000e+00
      vertex   -1.500000e+00 1.654808e+01 -6.800000e+00
    endloop
  endfacet
  facet normal -4.978759e-16 7.381313e-16 1.000000e+00
    outer loop
      vertex   -2.462646e+00 1.710204e+01 -6.800000e+00
      vertex   -1.500000e+00 1.654808e+01 -6.800000e+00
      vertex   -2.000000e+00 1.741410e+01 -6.800000e+00
    endloop
  endfacet
  facet normal 2.373109e-15 2.395695e-15 1.000000e+00
    outer loop
      vertex   -2.000000e+00 1.741410e+01 -6.800000e+00
      vertex   -1.500000e+00 1.654808e+01 -6.800000e+00
      vertex   -1.498426e+00 1.765874e+01 -6.800000e+00
    endloop
  endfacet
  facet normal -1.139133e-15 2.400671e-15 1.000000e+00
    outer loop
      vertex   -1.498426e+00 1.765874e+01 -6.800000e+00
      vertex   -1.500000e+00 1.654808e+01 -6.800000e+00
      vertex   -1.063815e+00 1.675505e+01 -6.800000e+00
    endloop
  endfacet
  facet normal -8.285573e-16 2.550037e-15 1.000000e+00
    outer loop
      vertex   -1.498426e+00 1.765874e+01 -6.800000e+00
      vertex   -1.063815e+00 1.675505e+01 -6.800000e+00
      vertex   -9.676876e-01 1.783118e+01 -6.800000e+00
    endloop
  endfacet
  facet normal 1.229893e-15 2.366163e-15 1.000000e+00
    outer loop
      vertex   -9.676876e-01 1.783118e+01 -6.800000e+00
      vertex   -1.063815e+00 1.675505e+01 -6.800000e+00
      vertex   -6.000771e-01 1.688937e+01 -6.800000e+00
    endloop
  endfacet
  facet normal -3.111565e-16 1.764656e-15 1.000000e+00
    outer loop
      vertex   -9.676876e-01 1.783118e+01 -6.800000e+00
      vertex   -6.000771e-01 1.688937e+01 -6.800000e+00
      vertex   -4.181139e-01 1.792809e+01 -6.800000e+00
    endloop
  endfacet
  facet normal -2.121624e-16 1.747314e-15 1.000000e+00
    outer loop
      vertex   -4.181139e-01 1.792809e+01 -6.800000e+00
      vertex   -6.000771e-01 1.688937e+01 -6.800000e+00
      vertex   -1.207978e-01 1.694757e+01 -6.800000e+00
    endloop
  endfacet
  facet normal -6.260124e-17 1.792665e-15 1.000000e+00
    outer loop
      vertex   -4.181139e-01 1.792809e+01 -6.800000e+00
      vertex   -1.207978e-01 1.694757e+01 -6.800000e+00
      vertex   1.395979e-01 1.794756e+01 -6.800000e+00
    endloop
  endfacet
  facet normal 7.084159e-17 1.757916e-15 1.000000e+00
    outer loop
      vertex   1.395979e-01 1.794756e+01 -6.800000e+00
      vertex   -1.207978e-01 1.694757e+01 -6.800000e+00
      vertex   3.616100e-01 1.692813e+01 -6.800000e+00
    endloop
  endfacet
  facet normal 1.874332e-16 1.783308e-15 1.000000e+00
    outer loop
      vertex   1.395979e-01 1.794756e+01 -6.800000e+00
      vertex   3.616100e-01 1.692813e+01 -6.800000e+00
      vertex   6.945927e-01 1.788923e+01 -6.800000e+00
    endloop
  endfacet
  facet normal 3.523970e-16 1.726155e-15 1.000000e+00
    outer loop
      vertex   6.945927e-01 1.788923e+01 -6.800000e+00
      vertex   3.616100e-01 1.692813e+01 -6.800000e+00
      vertex   8.346524e-01 1.683155e+01 -6.800000e+00
    endloop
  endfacet
  facet normal 4.330413e-16 1.736834e-15 1.000000e+00
    outer loop
      vertex   6.945927e-01 1.788923e+01 -6.800000e+00
      vertex   8.346524e-01 1.683155e+01 -6.800000e+00
      vertex   1.236068e+00 1.775423e+01 -6.800000e+00
    endloop
  endfacet
  facet normal 4.004427e-15 1.830742e-16 1.000000e+00
    outer loop
      vertex   1.236068e+00 1.775423e+01 -6.800000e+00
      vertex   8.346524e-01 1.683155e+01 -6.800000e+00
      vertex   1.286078e+00 1.666035e+01 -6.800000e+00
    endloop
  endfacet
  facet normal 0.000000e+00 0.000000e+00 1.000000e+00
    outer loop
      vertex   1.236068e+00 1.775423e+01 -6.800000e+00
      vertex   1.286078e+00 1.666035e+01 -6.800000e+00
      vertex   1.753485e+00 1.754518e+01 -6.800000e+00
    endloop
  endfacet
  facet normal 0.000000e+00 0.000000e+00 1.000000e+00
    outer loop
      vertex   1.753485e+00 1.754518e+01 -6.800000e+00
      vertex   1.286078e+00 1.666035e+01 -6.800000e+00
      vertex   1.704194e+00 1.641895e+01 -6.800000e+00
    endloop
  endfacet
  facet normal -3.584987e-15 1.569005e-16 1.000000e+00
    outer loop
      vertex   1.753485e+00 1.754518e+01 -6.800000e+00
      vertex   1.704194e+00 1.641895e+01 -6.800000e+00
      vertex   2.236772e+00 1.726615e+01 -6.800000e+00
    endloop
  endfacet
  facet normal -1.098590e-15 -1.406131e-15 1.000000e+00
    outer loop
      vertex   2.236772e+00 1.726615e+01 -6.800000e+00
      vertex   1.704194e+00 1.641895e+01 -6.800000e+00
      vertex   2.676522e+00 1.692258e+01 -6.800000e+00
    endloop
  endfacet
  facet normal -1.117796e-15 -1.369052e-15 1.000000e+00
    outer loop
      vertex   2.676522e+00 1.692258e+01 -6.800000e+00
      vertex   1.704194e+00 1.641895e+01 -6.800000e+00
      vertex   2.078173e+00 1.611361e+01 -6.800000e+00
    endloop
  endfacet
  facet normal -1.287621e-15 -1.243442e-15 1.000000e+00
    outer loop
      vertex   2.676522e+00 1.692258e+01 -6.800000e+00
      vertex   2.078173e+00 1.611361e+01 -6.800000e+00
      vertex   3.064178e+00 1.652115e+01 -6.800000e+00
    endloop
  endfacet
  facet normal -2.805840e-15 2.429717e-15 1.000000e+00
    outer loop
      vertex   3.064178e+00 1.652115e+01 -6.800000e+00
      vertex   2.078173e+00 1.611361e+01 -6.800000e+00
      vertex   2.398328e+00 1.575223e+01 -6.800000e+00
    endloop
  endfacet
  facet normal -1.235352e-15 1.069753e-15 1.000000e+00
    outer loop
      vertex   3.064178e+00 1.652115e+01 -6.800000e+00
      vertex   2.398328e+00 1.575223e+01 -6.800000e+00
      vertex   3.392192e+00 1.606968e+01 -6.800000e+00
    endloop
  endfacet
  facet normal -7.434897e-16 -4.701544e-16 1.000000e+00
    outer loop
      vertex   3.392192e+00 1.606968e+01 -6.800000e+00
      vertex   2.398328e+00 1.575223e+01 -6.800000e+00
      vertex   2.656368e+00 1.534417e+01 -6.800000e+00
    endloop
  endfacet
  facet normal -7.918968e-16 -4.210590e-16 1.000000e+00
    outer loop
      vertex   3.392192e+00 1.606968e+01 -6.800000e+00
      vertex   2.656368e+00 1.534417e+01 -6.800000e+00
      vertex   3.654182e+00 1.557695e+01 -6.800000e+00
    endloop
  endfacet
  facet normal -8.096498e-16 -3.449596e-16 1.000000e+00
    outer loop
      vertex   3.654182e+00 1.557695e+01 -6.800000e+00
      vertex   2.656368e+00 1.534417e+01 -6.800000e+00
      vertex   2.845609e+00 1.490000e+01 -6.800000e+00
    endloop
  endfacet
  facet normal -8.419076e-16 -3.064293e-16 1.000000e+00
    outer loop
      vertex   3.654182e+00 1.557695e+01 -6.800000e+00
      vertex   2.845609e+00 1.490000e+01 -6.800000e+00
      vertex   3.845047e+00 1.505255e+01 -6.800000e+00
    endloop
  endfacet
  facet normal -8.564582e-16 -2.110980e-16 1.000000e+00
    outer loop
      vertex   3.845047e+00 1.505255e+01 -6.800000e+00
      vertex   2.845609e+00 1.490000e+01 -6.800000e+00
      vertex   2.961151e+00 1.443123e+01 -6.800000e+00
    endloop
  endfacet
  facet normal -1.869302e-15 1.229794e-15 1.000000e+00
    outer loop
      vertex   3.845047e+00 1.505255e+01 -6.800000e+00
      vertex   2.961151e+00 1.443123e+01 -6.800000e+00
      vertex   3.961072e+00 1.450669e+01 -6.800000e+00
    endloop
  endfacet
  facet normal -1.904175e-15 1.691907e-15 1.000000e+00
    outer loop
      vertex   3.961072e+00 1.450669e+01 -6.800000e+00
      vertex   2.961151e+00 1.443123e+01 -6.800000e+00
      vertex   3.000000e+00 1.395000e+01 -6.800000e+00
    endloop
  endfacet
  facet normal -9.975641e-01 6.975646e-02 -9.531721e-17
    outer loop
      vertex   3.961072e+00 1.339331e+01 -6.800000e+00
      vertex   3.961072e+00 1.339331e+01 -4.200000e+00
      vertex   4.000000e+00 1.395000e+01 -6.800000e+00
    endloop
  endfacet
  facet normal -9.975641e-01 6.975646e-02 2.931163e-16
    outer loop
      vertex   4.000000e+00 1.395000e+01 -6.800000e+00
      vertex   3.961072e+00 1.339331e+01 -4.200000e+00
      vertex   4.000000e+00 1.395000e+01 -4.200000e+00
    endloop
  endfacet
  facet normal -9.975640e-01 -6.975648e-02 3.884336e-16
    outer loop
      vertex   4.000000e+00 1.395000e+01 -6.800000e+00
      vertex   4.000000e+00 1.395000e+01 -4.200000e+00
      vertex   3.961072e+00 1.450669e+01 -6.800000e+00
    endloop
  endfacet
  facet normal -9.975640e-01 -6.975648e-02 4.765862e-17
    outer loop
      vertex   3.961072e+00 1.450669e+01 -6.800000e+00
      vertex   4.000000e+00 1.395000e+01 -4.200000e+00
      vertex   3.961072e+00 1.450669e+01 -4.200000e+00
    endloop
  endfacet
  facet normal -9.781476e-01 -2.079117e-01 1.420482e-16
    outer loop
      vertex   3.961072e+00 1.450669e+01 -6.800000e+00
      vertex   3.961072e+00 1.450669e+01 -4.200000e+00
      vertex   3.845047e+00 1.505255e+01 -6.800000e+00
    endloop
  endfacet
  facet normal -9.781476e-01 -2.079117e-01 1.420482e-16
    outer loop
      vertex   3.845047e+00 1.505255e+01 -6.800000e+00
      vertex   3.961072e+00 1.450669e+01 -4.200000e+00
      vertex   3.845047e+00 1.505255e+01 -4.200000e+00
    endloop
  endfacet
  facet normal -9.396926e-01 -3.420202e-01 2.336730e-16
    outer loop
      vertex   3.845047e+00 1.505255e+01 -6.800000e+00
      vertex   3.845047e+00 1.505255e+01 -4.200000e+00
      vertex   3.654182e+00 1.557695e+01 -6.800000e+00
    endloop
  endfacet
  facet normal -9.396926e-01 -3.420202e-01 2.336730e-16
    outer loop
      vertex   3.654182e+00 1.557695e+01 -6.800000e+00
      vertex   3.845047e+00 1.505255e+01 -4.200000e+00
      vertex   3.654182e+00 1.557695e+01 -4.200000e+00
    endloop
  endfacet
  facet normal -8.829476e-01 -4.694716e-01 3.207496e-16
    outer loop
      vertex   3.654182e+00 1.557695e+01 -6.800000e+00
      vertex   3.654182e+00 1.557695e+01 -4.200000e+00
      vertex   3.392192e+00 1.606968e+01 -6.800000e+00
    endloop
  endfacet
  facet normal -8.829476e-01 -4.694716e-01 0.000000e+00
    outer loop
      vertex   3.392192e+00 1.606968e+01 -6.800000e+00
      vertex   3.654182e+00 1.557695e+01 -4.200000e+00
      vertex   3.392192e+00 1.606968e+01 -4.200000e+00
    endloop
  endfacet
  facet normal -8.090170e-01 -5.877853e-01 0.000000e+00
    outer loop
      vertex   3.392192e+00 1.606968e+01 -6.800000e+00
      vertex   3.392192e+00 1.606968e+01 -4.200000e+00
      vertex   3.064178e+00 1.652115e+01 -6.800000e+00
    endloop
  endfacet
  facet normal -8.090170e-01 -5.877853e-01 8.031664e-16
    outer loop
      vertex   3.064178e+00 1.652115e+01 -6.800000e+00
      vertex   3.392192e+00 1.606968e+01 -4.200000e+00
      vertex   3.064178e+00 1.652115e+01 -4.200000e+00
    endloop
  endfacet
  facet normal -7.193398e-01 -6.946584e-01 9.492009e-16
    outer loop
      vertex   3.064178e+00 1.652115e+01 -6.800000e+00
      vertex   3.064178e+00 1.652115e+01 -4.200000e+00
      vertex   2.676522e+00 1.692258e+01 -6.800000e+00
    endloop
  endfacet
  facet normal -7.193398e-01 -6.946584e-01 0.000000e+00
    outer loop
      vertex   2.676522e+00 1.692258e+01 -6.800000e+00
      vertex   3.064178e+00 1.652115e+01 -4.200000e+00
      vertex   2.676522e+00 1.692258e+01 -4.200000e+00
    endloop
  endfacet
  facet normal -6.156615e-01 -7.880108e-01 0.000000e+00
    outer loop
      vertex   2.676522e+00 1.692258e+01 -6.800000e+00
      vertex   2.676522e+00 1.692258e+01 -4.200000e+00
      vertex   2.236772e+00 1.726615e+01 -6.800000e+00
    endloop
  endfacet
  facet normal -6.156615e-01 -7.880108e-01 1.076760e-15
    outer loop
      vertex   2.236772e+00 1.726615e+01 -6.800000e+00
      vertex   2.676522e+00 1.692258e+01 -4.200000e+00
      vertex   2.236772e+00 1.726615e+01 -4.200000e+00
    endloop
  endfacet
  facet normal -5.000000e-01 -8.660254e-01 1.183362e-15
    outer loop
      vertex   2.236772e+00 1.726615e+01 -6.800000e+00
      vertex   2.236772e+00 1.726615e+01 -4.200000e+00
      vertex   1.753485e+00 1.754518e+01 -6.800000e+00
    endloop
  endfacet
  facet normal -5.000000e-01 -8.660254e-01 0.000000e+00
    outer loop
      vertex   1.753485e+00 1.754518e+01 -6.800000e+00
      vertex   2.236772e+00 1.726615e+01 -4.200000e+00
      vertex   1.753485e+00 1.754518e+01 -4.200000e+00
    endloop
  endfacet
  facet normal -3.746066e-01 -9.271839e-01 0.000000e+00
    outer loop
      vertex   1.753485e+00 1.754518e+01 -6.800000e+00
      vertex   1.753485e+00 1.754518e+01 -4.200000e+00
      vertex   1.236068e+00 1.775423e+01 -6.800000e+00
    endloop
  endfacet
  facet normal -3.746066e-01 -9.271839e-01 0.000000e+00
    outer loop
      vertex   1.236068e+00 1.775423e+01 -6.800000e+00
      vertex   1.753485e+00 1.754518e+01 -4.200000e+00
      vertex   1.236068e+00 1.775423e+01 -4.200000e+00
    endloop
  endfacet
  facet normal -2.419219e-01 -9.702957e-01 0.000000e+00
    outer loop
      vertex   1.236068e+00 1.775423e+01 -6.800000e+00
      vertex   1.236068e+00 1.775423e+01 -4.200000e+00
      vertex   6.945927e-01 1.788923e+01 -6.800000e+00
    endloop
  endfacet
  facet normal -2.419219e-01 -9.702957e-01 1.325840e-15
    outer loop
      vertex   6.945927e-01 1.788923e+01 -6.800000e+00
      vertex   1.236068e+00 1.775423e+01 -4.200000e+00
      vertex   6.945927e-01 1.788923e+01 -4.200000e+00
    endloop
  endfacet
  facet normal -1.045285e-01 -9.945219e-01 1.358943e-15
    outer loop
      vertex   6.945927e-01 1.788923e+01 -6.800000e+00
      vertex   6.945927e-01 1.788923e+01 -4.200000e+00
      vertex   1.395979e-01 1.794756e+01 -6.800000e+00
    endloop
  endfacet
  facet normal -1.045285e-01 -9.945219e-01 0.000000e+00
    outer loop
      vertex   1.395979e-01 1.794756e+01 -6.800000e+00
      vertex   6.945927e-01 1.788923e+01 -4.200000e+00
      vertex   1.395979e-01 1.794756e+01 -4.200000e+00
    endloop
  endfacet
  facet normal 3.489951e-02 -9.993908e-01 0.000000e+00
    outer loop
      vertex   1.395979e-01 1.794756e+01 -6.800000e+00
      vertex   1.395979e-01 1.794756e+01 -4.200000e+00
      vertex   -4.181139e-01 1.792809e+01 -6.800000e+00
    endloop
  endfacet
  facet normal 3.489951e-02 -9.993908e-01 1.365596e-15
    outer loop
      vertex   -4.181139e-01 1.792809e+01 -6.800000e+00
      vertex   1.395979e-01 1.794756e+01 -4.200000e+00
      vertex   -4.181139e-01 1.792809e+01 -4.200000e+00
    endloop
  endfacet
  facet normal 1.736482e-01 -9.848078e-01 1.345669e-15
    outer loop
      vertex   -4.181139e-01 1.792809e+01 -6.800000e+00
      vertex   -4.181139e-01 1.792809e+01 -4.200000e+00
      vertex   -9.676876e-01 1.783118e+01 -6.800000e+00
    endloop
  endfacet
  facet normal 1.736482e-01 -9.848078e-01 1.345669e-15
    outer loop
      vertex   -9.676876e-01 1.783118e+01 -6.800000e+00
      vertex   -4.181139e-01 1.792809e+01 -4.200000e+00
      vertex   -9.676876e-01 1.783118e+01 -4.200000e+00
    endloop
  endfacet
  facet normal 3.090170e-01 -9.510565e-01 1.299551e-15
    outer loop
      vertex   -9.676876e-01 1.783118e+01 -6.800000e+00
      vertex   -9.676876e-01 1.783118e+01 -4.200000e+00
      vertex   -1.498426e+00 1.765874e+01 -6.800000e+00
    endloop
  endfacet
  facet normal 3.090170e-01 -9.510565e-01 1.299551e-15
    outer loop
      vertex   -1.498426e+00 1.765874e+01 -6.800000e+00
      vertex   -9.676876e-01 1.783118e+01 -4.200000e+00
      vertex   -1.498426e+00 1.765874e+01 -4.200000e+00
    endloop
  endfacet
  facet normal 4.383712e-01 -8.987940e-01 1.228138e-15
    outer loop
      vertex   -1.498426e+00 1.765874e+01 -6.800000e+00
      vertex   -1.498426e+00 1.765874e+01 -4.200000e+00
      vertex   -2.000000e+00 1.741410e+01 -6.800000e+00
    endloop
  endfacet
  facet normal 4.383712e-01 -8.987940e-01 1.228138e-15
    outer loop
      vertex   -2.000000e+00 1.741410e+01 -6.800000e+00
      vertex   -1.498426e+00 1.765874e+01 -4.200000e+00
      vertex   -2.000000e+00 1.741410e+01 -4.200000e+00
    endloop
  endfacet
  facet normal 5.591929e-01 -8.290376e-01 1.132820e-15
    outer loop
      vertex   -2.000000e+00 1.741410e+01 -6.800000e+00
      vertex   -2.000000e+00 1.741410e+01 -4.200000e+00
      vertex   -2.462646e+00 1.710204e+01 -6.800000e+00
    endloop
  endfacet
  facet normal 5.591929e-01 -8.290376e-01 1.132820e-15
    outer loop
      vertex   -2.462646e+00 1.710204e+01 -6.800000e+00
      vertex   -2.000000e+00 1.741410e+01 -4.200000e+00
      vertex   -2.462646e+00 1.710204e+01 -4.200000e+00
    endloop
  endfacet
  facet normal 6.691306e-01 -7.431448e-01 1.015454e-15
    outer loop
      vertex   -2.462646e+00 1.710204e+01 -6.800000e+00
      vertex   -2.462646e+00 1.710204e+01 -4.200000e+00
      vertex   -2.877359e+00 1.672863e+01 -6.800000e+00
    endloop
  endfacet
  facet normal 6.691306e-01 -7.431448e-01 1.015454e-15
    outer loop
      vertex   -2.877359e+00 1.672863e+01 -6.800000e+00
      vertex   -2.462646e+00 1.710204e+01 -4.200000e+00
      vertex   -2.877359e+00 1.672863e+01 -4.200000e+00
    endloop
  endfacet
  facet normal 7.660444e-01 -6.427876e-01 8.783232e-16
    outer loop
      vertex   -2.877359e+00 1.672863e+01 -6.800000e+00
      vertex   -2.877359e+00 1.672863e+01 -4.200000e+00
      vertex   -3.236068e+00 1.630114e+01 -6.800000e+00
    endloop
  endfacet
  facet normal 7.660444e-01 -6.427876e-01 0.000000e+00
    outer loop
      vertex   -3.236068e+00 1.630114e+01 -6.800000e+00
      vertex   -2.877359e+00 1.672863e+01 -4.200000e+00
      vertex   -3.236068e+00 1.630114e+01 -4.200000e+00
    endloop
  endfacet
  facet normal 8.480481e-01 -5.299193e-01 0.000000e+00
    outer loop
      vertex   -3.236068e+00 1.630114e+01 -6.800000e+00
      vertex   -3.236068e+00 1.630114e+01 -4.200000e+00
      vertex   -3.531790e+00 1.582789e+01 -6.800000e+00
    endloop
  endfacet
  facet normal 8.480481e-01 -5.299193e-01 1.086145e-15
    outer loop
      vertex   -3.531790e+00 1.582789e+01 -6.800000e+00
      vertex   -3.236068e+00 1.630114e+01 -4.200000e+00
      vertex   -3.531790e+00 1.582789e+01 -4.200000e+00
    endloop
  endfacet
  facet normal 9.135455e-01 -4.067366e-01 8.336647e-16
    outer loop
      vertex   -3.531790e+00 1.582789e+01 -6.800000e+00
      vertex   -3.531790e+00 1.582789e+01 -4.200000e+00
      vertex   -3.758770e+00 1.531808e+01 -6.800000e+00
    endloop
  endfacet
  facet normal 9.135455e-01 -4.067366e-01 2.778882e-16
    outer loop
      vertex   -3.758770e+00 1.531808e+01 -6.800000e+00
      vertex   -3.531790e+00 1.582789e+01 -4.200000e+00
      vertex   -3.758770e+00 1.531808e+01 -4.200000e+00
    endloop
  endfacet
  facet normal 9.612617e-01 -2.756373e-01 1.883193e-16
    outer loop
      vertex   -3.758770e+00 1.531808e+01 -6.800000e+00
      vertex   -3.758770e+00 1.531808e+01 -4.200000e+00
      vertex   -3.912590e+00 1.478165e+01 -6.800000e+00
    endloop
  endfacet
  facet normal 9.612617e-01 -2.756373e-01 1.883193e-16
    outer loop
      vertex   -3.912590e+00 1.478165e+01 -6.800000e+00
      vertex   -3.758770e+00 1.531808e+01 -4.200000e+00
      vertex   -3.912590e+00 1.478165e+01 -4.200000e+00
    endloop
  endfacet
  facet normal 9.902681e-01 -1.391731e-01 9.508503e-17
    outer loop
      vertex   -3.912590e+00 1.478165e+01 -6.800000e+00
      vertex   -3.912590e+00 1.478165e+01 -4.200000e+00
      vertex   -3.990256e+00 1.422903e+01 -6.800000e+00
    endloop
  endfacet
  facet normal 9.902681e-01 -1.391731e-01 9.508503e-17
    outer loop
      vertex   -3.990256e+00 1.422903e+01 -6.800000e+00
      vertex   -3.912590e+00 1.478165e+01 -4.200000e+00
      vertex   -3.990256e+00 1.422903e+01 -4.200000e+00
    endloop
  endfacet
  facet normal 1.000000e+00 9.893720e-09 -6.759529e-24
    outer loop
      vertex   -3.990256e+00 1.422903e+01 -6.800000e+00
      vertex   -3.990256e+00 1.422903e+01 -4.200000e+00
      vertex   -3.990256e+00 1.367097e+01 -6.800000e+00
    endloop
  endfacet
  facet normal 1.000000e+00 9.893720e-09 -1.351906e-23
    outer loop
      vertex   -3.990256e+00 1.367097e+01 -6.800000e+00
      vertex   -3.990256e+00 1.422903e+01 -4.200000e+00
      vertex   -3.990256e+00 1.367097e+01 -4.200000e+00
    endloop
  endfacet
  facet normal 9.902681e-01 1.391731e-01 -1.901701e-16
    outer loop
      vertex   -3.990256e+00 1.367097e+01 -6.800000e+00
      vertex   -3.990256e+00 1.367097e+01 -4.200000e+00
      vertex   -3.912590e+00 1.311835e+01 -6.800000e+00
    endloop
  endfacet
  facet normal 9.902681e-01 1.391731e-01 -1.901701e-16
    outer loop
      vertex   -3.912590e+00 1.311835e+01 -6.800000e+00
      vertex   -3.990256e+00 1.367097e+01 -4.200000e+00
      vertex   -3.912590e+00 1.311835e+01 -4.200000e+00
    endloop
  endfacet
  facet normal 9.612617e-01 2.756374e-01 -3.766387e-16
    outer loop
      vertex   -3.912590e+00 1.311835e+01 -6.800000e+00
      vertex   -3.912590e+00 1.311835e+01 -4.200000e+00
      vertex   -3.758770e+00 1.258192e+01 -6.800000e+00
    endloop
  endfacet
  facet normal 9.612617e-01 2.756374e-01 -1.883194e-16
    outer loop
      vertex   -3.758770e+00 1.258192e+01 -6.800000e+00
      vertex   -3.912590e+00 1.311835e+01 -4.200000e+00
      vertex   -3.758770e+00 1.258192e+01 -4.200000e+00
    endloop
  endfacet
  facet normal 9.135455e-01 4.067367e-01 -2.778882e-16
    outer loop
      vertex   -3.758770e+00 1.258192e+01 -6.800000e+00
      vertex   -3.758770e+00 1.258192e+01 -4.200000e+00
      vertex   -3.531790e+00 1.207211e+01 -6.800000e+00
    endloop
  endfacet
  facet normal 9.135455e-01 4.067367e-01 -2.778882e-16
    outer loop
      vertex   -3.531790e+00 1.207211e+01 -6.800000e+00
      vertex   -3.758770e+00 1.258192e+01 -4.200000e+00
      vertex   -3.531790e+00 1.207211e+01 -4.200000e+00
    endloop
  endfacet
  facet normal 8.480481e-01 5.299193e-01 -3.620484e-16
    outer loop
      vertex   -3.531790e+00 1.207211e+01 -6.800000e+00
      vertex   -3.531790e+00 1.207211e+01 -4.200000e+00
      vertex   -3.236068e+00 1.159886e+01 -6.800000e+00
    endloop
  endfacet
  facet normal 8.480481e-01 5.299193e-01 -3.620484e-16
    outer loop
      vertex   -3.236068e+00 1.159886e+01 -6.800000e+00
      vertex   -3.531790e+00 1.207211e+01 -4.200000e+00
      vertex   -3.236068e+00 1.159886e+01 -4.200000e+00
    endloop
  endfacet
  facet normal 7.660444e-01 6.427876e-01 -4.391616e-16
    outer loop
      vertex   -3.236068e+00 1.159886e+01 -6.800000e+00
      vertex   -3.236068e+00 1.159886e+01 -4.200000e+00
      vertex   -2.877359e+00 1.117137e+01 -6.800000e+00
    endloop
  endfacet
  facet normal 7.660444e-01 6.427876e-01 -8.783232e-16
    outer loop
      vertex   -2.877359e+00 1.117137e+01 -6.800000e+00
      vertex   -3.236068e+00 1.159886e+01 -4.200000e+00
      vertex   -2.877359e+00 1.117137e+01 -4.200000e+00
    endloop
  endfacet
  facet normal 6.691306e-01 7.431448e-01 -1.015454e-15
    outer loop
      vertex   -2.877359e+00 1.117137e+01 -6.800000e+00
      vertex   -2.877359e+00 1.117137e+01 -4.200000e+00
      vertex   -2.462646e+00 1.079796e+01 -6.800000e+00
    endloop
  endfacet
  facet normal 6.691306e-01 7.431448e-01 -5.077271e-16
    outer loop
      vertex   -2.462646e+00 1.079796e+01 -6.800000e+00
      vertex   -2.877359e+00 1.117137e+01 -4.200000e+00
      vertex   -2.462646e+00 1.079796e+01 -4.200000e+00
    endloop
  endfacet
  facet normal 5.591929e-01 8.290376e-01 -5.664102e-16
    outer loop
      vertex   -2.462646e+00 1.079796e+01 -6.800000e+00
      vertex   -2.462646e+00 1.079796e+01 -4.200000e+00
      vertex   -2.000000e+00 1.048590e+01 -6.800000e+00
    endloop
  endfacet
  facet normal 5.591929e-01 8.290376e-01 -1.132820e-15
    outer loop
      vertex   -2.000000e+00 1.048590e+01 -6.800000e+00
      vertex   -2.462646e+00 1.079796e+01 -4.200000e+00
      vertex   -2.000000e+00 1.048590e+01 -4.200000e+00
    endloop
  endfacet
  facet normal 4.383711e-01 8.987941e-01 -1.228138e-15
    outer loop
      vertex   -2.000000e+00 1.048590e+01 -6.800000e+00
      vertex   -2.000000e+00 1.048590e+01 -4.200000e+00
      vertex   -1.498426e+00 1.024126e+01 -6.800000e+00
    endloop
  endfacet
  facet normal 4.383711e-01 8.987941e-01 -6.140688e-16
    outer loop
      vertex   -1.498426e+00 1.024126e+01 -6.800000e+00
      vertex   -2.000000e+00 1.048590e+01 -4.200000e+00
      vertex   -1.498426e+00 1.024126e+01 -4.200000e+00
    endloop
  endfacet
  facet normal 3.090170e-01 9.510565e-01 -6.497753e-16
    outer loop
      vertex   -1.498426e+00 1.024126e+01 -6.800000e+00
      vertex   -1.498426e+00 1.024126e+01 -4.200000e+00
      vertex   -9.676875e-01 1.006882e+01 -6.800000e+00
    endloop
  endfacet
  facet normal 3.090170e-01 9.510565e-01 -0.000000e+00
    outer loop
      vertex   -9.676875e-01 1.006882e+01 -6.800000e+00
      vertex   -1.498426e+00 1.024126e+01 -4.200000e+00
      vertex   -9.676875e-01 1.006882e+01 -4.200000e+00
    endloop
  endfacet
  facet normal 1.736482e-01 9.848078e-01 -0.000000e+00
    outer loop
      vertex   -9.676875e-01 1.006882e+01 -6.800000e+00
      vertex   -9.676875e-01 1.006882e+01 -4.200000e+00
      vertex   -4.181138e-01 9.971912e+00 -6.800000e+00
    endloop
  endfacet
  facet normal 1.736482e-01 9.848078e-01 -6.728346e-16
    outer loop
      vertex   -4.181138e-01 9.971912e+00 -6.800000e+00
      vertex   -9.676875e-01 1.006882e+01 -4.200000e+00
      vertex   -4.181138e-01 9.971912e+00 -4.200000e+00
    endloop
  endfacet
  facet normal 3.489949e-02 9.993908e-01 -6.827980e-16
    outer loop
      vertex   -4.181138e-01 9.971912e+00 -6.800000e+00
      vertex   -4.181138e-01 9.971912e+00 -4.200000e+00
      vertex   1.395980e-01 9.952437e+00 -6.800000e+00
    endloop
  endfacet
  facet normal 3.489949e-02 9.993908e-01 -6.827980e-16
    outer loop
      vertex   1.395980e-01 9.952437e+00 -6.800000e+00
      vertex   -4.181138e-01 9.971912e+00 -4.200000e+00
      vertex   1.395980e-01 9.952437e+00 -4.200000e+00
    endloop
  endfacet
  facet normal -1.045285e-01 9.945219e-01 -6.794714e-16
    outer loop
      vertex   1.395980e-01 9.952437e+00 -6.800000e+00
      vertex   1.395980e-01 9.952437e+00 -4.200000e+00
      vertex   6.945927e-01 1.001077e+01 -6.800000e+00
    endloop
  endfacet
  facet normal -1.045285e-01 9.945219e-01 -6.794714e-16
    outer loop
      vertex   6.945927e-01 1.001077e+01 -6.800000e+00
      vertex   1.395980e-01 9.952437e+00 -4.200000e+00
      vertex   6.945927e-01 1.001077e+01 -4.200000e+00
    endloop
  endfacet
  facet normal -2.419219e-01 9.702957e-01 -6.629198e-16
    outer loop
      vertex   6.945927e-01 1.001077e+01 -6.800000e+00
      vertex   6.945927e-01 1.001077e+01 -4.200000e+00
      vertex   1.236068e+00 1.014577e+01 -6.800000e+00
    endloop
  endfacet
  facet normal -2.419219e-01 9.702957e-01 -6.629198e-16
    outer loop
      vertex   1.236068e+00 1.014577e+01 -6.800000e+00
      vertex   6.945927e-01 1.001077e+01 -4.200000e+00
      vertex   1.236068e+00 1.014577e+01 -4.200000e+00
    endloop
  endfacet
  facet normal -3.746066e-01 9.271839e-01 -6.334651e-16
    outer loop
      vertex   1.236068e+00 1.014577e+01 -6.800000e+00
      vertex   1.236068e+00 1.014577e+01 -4.200000e+00
      vertex   1.753485e+00 1.035482e+01 -6.800000e+00
    endloop
  endfacet
  facet normal -3.746066e-01 9.271839e-01 -6.334651e-16
    outer loop
      vertex   1.753485e+00 1.035482e+01 -6.800000e+00
      vertex   1.236068e+00 1.014577e+01 -4.200000e+00
      vertex   1.753485e+00 1.035482e+01 -4.200000e+00
    endloop
  endfacet
  facet normal -5.000000e-01 8.660254e-01 -5.916808e-16
    outer loop
      vertex   1.753485e+00 1.035482e+01 -6.800000e+00
      vertex   1.753485e+00 1.035482e+01 -4.200000e+00
      vertex   2.236772e+00 1.063385e+01 -6.800000e+00
    endloop
  endfacet
  facet normal -5.000000e-01 8.660254e-01 -5.916808e-16
    outer loop
      vertex   2.236772e+00 1.063385e+01 -6.800000e+00
      vertex   1.753485e+00 1.035482e+01 -4.200000e+00
      vertex   2.236772e+00 1.063385e+01 -4.200000e+00
    endloop
  endfacet
  facet normal -6.156615e-01 7.880107e-01 -5.383801e-16
    outer loop
      vertex   2.236772e+00 1.063385e+01 -6.800000e+00
      vertex   2.236772e+00 1.063385e+01 -4.200000e+00
      vertex   2.676522e+00 1.097742e+01 -6.800000e+00
    endloop
  endfacet
  facet normal -6.156615e-01 7.880107e-01 -5.383801e-16
    outer loop
      vertex   2.676522e+00 1.097742e+01 -6.800000e+00
      vertex   2.236772e+00 1.063385e+01 -4.200000e+00
      vertex   2.676522e+00 1.097742e+01 -4.200000e+00
    endloop
  endfacet
  facet normal -7.193398e-01 6.946584e-01 -4.746004e-16
    outer loop
      vertex   2.676522e+00 1.097742e+01 -6.800000e+00
      vertex   2.676522e+00 1.097742e+01 -4.200000e+00
      vertex   3.064178e+00 1.137885e+01 -6.800000e+00
    endloop
  endfacet
  facet normal -7.193398e-01 6.946584e-01 -4.746004e-16
    outer loop
      vertex   3.064178e+00 1.137885e+01 -6.800000e+00
      vertex   2.676522e+00 1.097742e+01 -4.200000e+00
      vertex   3.064178e+00 1.137885e+01 -4.200000e+00
    endloop
  endfacet
  facet normal -8.090170e-01 5.877852e-01 -4.015832e-16
    outer loop
      vertex   3.064178e+00 1.137885e+01 -6.800000e+00
      vertex   3.064178e+00 1.137885e+01 -4.200000e+00
      vertex   3.392192e+00 1.183032e+01 -6.800000e+00
    endloop
  endfacet
  facet normal -8.090170e-01 5.877852e-01 -4.015832e-16
    outer loop
      vertex   3.392192e+00 1.183032e+01 -6.800000e+00
      vertex   3.064178e+00 1.137885e+01 -4.200000e+00
      vertex   3.392192e+00 1.183032e+01 -4.200000e+00
    endloop
  endfacet
  facet normal -8.829476e-01 4.694716e-01 -3.207496e-16
    outer loop
      vertex   3.392192e+00 1.183032e+01 -6.800000e+00
      vertex   3.392192e+00 1.183032e+01 -4.200000e+00
      vertex   3.654182e+00 1.232305e+01 -6.800000e+00
    endloop
  endfacet
  facet normal -8.829476e-01 4.694716e-01 -3.207496e-16
    outer loop
      vertex   3.654182e+00 1.232305e+01 -6.800000e+00
      vertex   3.392192e+00 1.183032e+01 -4.200000e+00
      vertex   3.654182e+00 1.232305e+01 -4.200000e+00
    endloop
  endfacet
  facet normal -9.396926e-01 3.420201e-01 -2.336730e-16
    outer loop
      vertex   3.654182e+00 1.232305e+01 -6.800000e+00
      vertex   3.654182e+00 1.232305e+01 -4.200000e+00
      vertex   3.845047e+00 1.284745e+01 -6.800000e+00
    endloop
  endfacet
  facet normal -9.396926e-01 3.420201e-01 -4.673460e-16
    outer loop
      vertex   3.845047e+00 1.284745e+01 -6.800000e+00
      vertex   3.654182e+00 1.232305e+01 -4.200000e+00
      vertex   3.845047e+00 1.284745e+01 -4.200000e+00
    endloop
  endfacet
  facet normal -9.781476e-01 2.079117e-01 -2.840964e-16
    outer loop
      vertex   3.845047e+00 1.284745e+01 -6.800000e+00
      vertex   3.845047e+00 1.284745e+01 -4.200000e+00
      vertex   3.961072e+00 1.339331e+01 -6.800000e+00
    endloop
  endfacet
  facet normal -9.781476e-01 2.079117e-01 -2.840964e-16
    outer loop
      vertex   3.961072e+00 1.339331e+01 -6.800000e+00
      vertex   3.845047e+00 1.284745e+01 -4.200000e+00
      vertex   3.961072e+00 1.339331e+01 -4.200000e+00
    endloop
  endfacet
  facet normal -9.941380e-01 -1.081190e-01 -0.000000e+00
    outer loop
      vertex   -6.286914e-01 3.460547e+01 6.000000e-01
      vertex   -6.286914e-01 3.460547e+01 -7.000000e+00
      vertex   -5.889463e-01 3.424002e+01 6.000000e-01
    endloop
  endfacet
  facet normal -9.941380e-01 -1.081190e-01 -0.000000e+00
    outer loop
      vertex   -5.889463e-01 3.424002e+01 6.000000e-01
      vertex   -6.286914e-01 3.460547e+01 -7.000000e+00
      vertex   -5.889463e-01 3.424002e+01 -7.000000e+00
    endloop
  endfacet
  facet normal -9.941380e-01 1.081190e-01 0.000000e+00
    outer loop
      vertex   -5.889463e-01 3.424002e+01 6.000000e-01
      vertex   -5.889463e-01 3.424002e+01 -7.000000e+00
      vertex   -6.286914e-01 3.387457e+01 6.000000e-01
    endloop
  endfacet
  facet normal -9.941380e-01 1.081190e-01 -1.010831e-16
    outer loop
      vertex   -6.286914e-01 3.387457e+01 6.000000e-01
      vertex   -5.889463e-01 3.424002e+01 -7.000000e+00
      vertex   -6.286914e-01 3.387457e+01 -7.000000e+00
    endloop
  endfacet
  facet normal -9.476532e-01 3.193015e-01 -2.985229e-16
    outer loop
      vertex   -6.286914e-01 3.387457e+01 6.000000e-01
      vertex   -6.286914e-01 3.387457e+01 -7.000000e+00
      vertex   -7.460681e-01 3.352621e+01 6.000000e-01
    endloop
  endfacet
  facet normal -9.476532e-01 3.193015e-01 -2.985229e-16
    outer loop
      vertex   -7.460681e-01 3.352621e+01 6.000000e-01
      vertex   -6.286914e-01 3.387457e+01 -7.000000e+00
      vertex   -7.460681e-01 3.352621e+01 -7.000000e+00
    endloop
  endfacet
  facet normal -8.568572e-01 5.155538e-01 -4.820040e-16
    outer loop
      vertex   -7.460681e-01 3.352621e+01 6.000000e-01
      vertex   -7.460681e-01 3.352621e+01 -7.000000e+00
      vertex   -9.355881e-01 3.321122e+01 6.000000e-01
    endloop
  endfacet
  facet normal -8.568572e-01 5.155538e-01 0.000000e+00
    outer loop
      vertex   -9.355881e-01 3.321122e+01 6.000000e-01
      vertex   -7.460681e-01 3.352621e+01 -7.000000e+00
      vertex   -9.355881e-01 3.321122e+01 -7.000000e+00
    endloop
  endfacet
  facet normal -7.259955e-01 6.876995e-01 0.000000e+00
    outer loop
      vertex   -9.355881e-01 3.321122e+01 6.000000e-01
      vertex   -9.355881e-01 3.321122e+01 -7.000000e+00
      vertex   -1.188390e+00 3.294434e+01 6.000000e-01
    endloop
  endfacet
  facet normal -7.259955e-01 6.876995e-01 -6.429472e-16
    outer loop
      vertex   -1.188390e+00 3.294434e+01 6.000000e-01
      vertex   -9.355881e-01 3.321122e+01 -7.000000e+00
      vertex   -1.188390e+00 3.294434e+01 -7.000000e+00
    endloop
  endfacet
  facet normal -5.611871e-01 8.276890e-01 -7.738268e-16
    outer loop
      vertex   -1.188390e+00 3.294434e+01 6.000000e-01
      vertex   -1.188390e+00 3.294434e+01 -7.000000e+00
      vertex   -1.492652e+00 3.273805e+01 6.000000e-01
    endloop
  endfacet
  facet normal -5.611871e-01 8.276890e-01 -7.738268e-16
    outer loop
      vertex   -1.492652e+00 3.273805e+01 6.000000e-01
      vertex   -1.188390e+00 3.294434e+01 -7.000000e+00
      vertex   -1.492652e+00 3.273805e+01 -7.000000e+00
    endloop
  endfacet
  facet normal -3.701382e-01 9.289767e-01 -8.685232e-16
    outer loop
      vertex   -1.492652e+00 3.273805e+01 6.000000e-01
      vertex   -1.492652e+00 3.273805e+01 -7.000000e+00
      vertex   -1.834148e+00 3.260198e+01 6.000000e-01
    endloop
  endfacet
  facet normal -3.701382e-01 9.289767e-01 0.000000e+00
    outer loop
      vertex   -1.834148e+00 3.260198e+01 6.000000e-01
      vertex   -1.492652e+00 3.273805e+01 -7.000000e+00
      vertex   -1.834148e+00 3.260198e+01 -7.000000e+00
    endloop
  endfacet
  facet normal -1.617820e-01 9.868265e-01 0.000000e+00
    outer loop
      vertex   -1.834148e+00 3.260198e+01 6.000000e-01
      vertex   -1.834148e+00 3.260198e+01 -7.000000e+00
      vertex   -2.196910e+00 3.254251e+01 6.000000e-01
    endloop
  endfacet
  facet normal -1.617820e-01 9.868265e-01 -9.226084e-16
    outer loop
      vertex   -2.196910e+00 3.254251e+01 6.000000e-01
      vertex   -1.834148e+00 3.260198e+01 -7.000000e+00
      vertex   -2.196910e+00 3.254251e+01 -7.000000e+00
    endloop
  endfacet
  facet normal 5.413890e-02 9.985334e-01 -9.335535e-16
    outer loop
      vertex   -2.196910e+00 3.254251e+01 6.000000e-01
      vertex   -2.196910e+00 3.254251e+01 -7.000000e+00
      vertex   -2.563976e+00 3.256241e+01 6.000000e-01
    endloop
  endfacet
  facet normal 5.413890e-02 9.985334e-01 -9.335535e-16
    outer loop
      vertex   -2.563976e+00 3.256241e+01 6.000000e-01
      vertex   -2.196910e+00 3.254251e+01 -7.000000e+00
      vertex   -2.563976e+00 3.256241e+01 -7.000000e+00
    endloop
  endfacet
  facet normal 2.675283e-01 9.635500e-01 -9.008466e-16
    outer loop
      vertex   -2.563976e+00 3.256241e+01 6.000000e-01
      vertex   -2.563976e+00 3.256241e+01 -7.000000e+00
      vertex   -2.918181e+00 3.266076e+01 6.000000e-01
    endloop
  endfacet
  facet normal 2.675283e-01 9.635500e-01 -9.008466e-16
    outer loop
      vertex   -2.918181e+00 3.266076e+01 6.000000e-01
      vertex   -2.563976e+00 3.256241e+01 -7.000000e+00
      vertex   -2.918181e+00 3.266076e+01 -7.000000e+00
    endloop
  endfacet
  facet normal 4.684084e-01 8.835120e-01 -8.260172e-16
    outer loop
      vertex   -2.918181e+00 3.266076e+01 6.000000e-01
      vertex   -2.918181e+00 3.266076e+01 -7.000000e+00
      vertex   -3.242964e+00 3.283295e+01 6.000000e-01
    endloop
  endfacet
  facet normal 4.684084e-01 8.835120e-01 -8.260172e-16
    outer loop
      vertex   -3.242964e+00 3.283295e+01 6.000000e-01
      vertex   -2.918181e+00 3.266076e+01 -7.000000e+00
      vertex   -3.242964e+00 3.283295e+01 -7.000000e+00
    endloop
  endfacet
  facet normal 6.473863e-01 7.621621e-01 -7.125641e-16
    outer loop
      vertex   -3.242964e+00 3.283295e+01 6.000000e-01
      vertex   -3.242964e+00 3.283295e+01 -7.000000e+00
      vertex   -3.523139e+00 3.307093e+01 6.000000e-01
    endloop
  endfacet
  facet normal 6.473863e-01 7.621621e-01 -7.125641e-16
    outer loop
      vertex   -3.523139e+00 3.307093e+01 6.000000e-01
      vertex   -3.242964e+00 3.283295e+01 -7.000000e+00
      vertex   -3.523139e+00 3.307093e+01 -7.000000e+00
    endloop
  endfacet
  facet normal 7.960931e-01 6.051742e-01 -5.657923e-16
    outer loop
      vertex   -3.523139e+00 3.307093e+01 6.000000e-01
      vertex   -3.523139e+00 3.307093e+01 -7.000000e+00
      vertex   -3.745604e+00 3.336358e+01 6.000000e-01
    endloop
  endfacet
  facet normal 7.960931e-01 6.051742e-01 0.000000e+00
    outer loop
      vertex   -3.745604e+00 3.336358e+01 6.000000e-01
      vertex   -3.523139e+00 3.307093e+01 -7.000000e+00
      vertex   -3.745604e+00 3.336358e+01 -7.000000e+00
    endloop
  endfacet
  facet normal 9.075754e-01 4.198891e-01 0.000000e+00
    outer loop
      vertex   -3.745604e+00 3.336358e+01 6.000000e-01
      vertex   -3.745604e+00 3.336358e+01 -7.000000e+00
      vertex   -3.899957e+00 3.369721e+01 6.000000e-01
    endloop
  endfacet
  facet normal 9.075754e-01 4.198891e-01 -3.925647e-16
    outer loop
      vertex   -3.899957e+00 3.369721e+01 6.000000e-01
      vertex   -3.745604e+00 3.336358e+01 -7.000000e+00
      vertex   -3.899957e+00 3.369721e+01 -7.000000e+00
    endloop
  endfacet
  facet normal 9.766206e-01 2.149704e-01 -2.009812e-16
    outer loop
      vertex   -3.899957e+00 3.369721e+01 6.000000e-01
      vertex   -3.899957e+00 3.369721e+01 -7.000000e+00
      vertex   -3.978981e+00 3.405622e+01 6.000000e-01
    endloop
  endfacet
  facet normal 9.766206e-01 2.149704e-01 -2.009812e-16
    outer loop
      vertex   -3.978981e+00 3.405622e+01 6.000000e-01
      vertex   -3.899957e+00 3.369721e+01 -7.000000e+00
      vertex   -3.978981e+00 3.405622e+01 -7.000000e+00
    endloop
  endfacet
  facet normal 1.000000e+00 9.893719e-09 -9.249882e-24
    outer loop
      vertex   -3.978981e+00 3.405622e+01 6.000000e-01
      vertex   -3.978981e+00 3.405622e+01 -7.000000e+00
      vertex   -3.978981e+00 3.442382e+01 6.000000e-01
    endloop
  endfacet
  facet normal 1.000000e+00 9.893719e-09 -9.249882e-24
    outer loop
      vertex   -3.978981e+00 3.442382e+01 6.000000e-01
      vertex   -3.978981e+00 3.405622e+01 -7.000000e+00
      vertex   -3.978981e+00 3.442382e+01 -7.000000e+00
    endloop
  endfacet
  facet normal 9.766206e-01 -2.149704e-01 2.009812e-16
    outer loop
      vertex   -3.978981e+00 3.442382e+01 6.000000e-01
      vertex   -3.978981e+00 3.442382e+01 -7.000000e+00
      vertex   -3.899957e+00 3.478283e+01 6.000000e-01
    endloop
  endfacet
  facet normal 9.766206e-01 -2.149704e-01 2.009812e-16
    outer loop
      vertex   -3.899957e+00 3.478283e+01 6.000000e-01
      vertex   -3.978981e+00 3.442382e+01 -7.000000e+00
      vertex   -3.899957e+00 3.478283e+01 -7.000000e+00
    endloop
  endfacet
  facet normal 9.075754e-01 -4.198891e-01 3.925647e-16
    outer loop
      vertex   -3.899957e+00 3.478283e+01 6.000000e-01
      vertex   -3.899957e+00 3.478283e+01 -7.000000e+00
      vertex   -3.745604e+00 3.511646e+01 6.000000e-01
    endloop
  endfacet
  facet normal 9.075754e-01 -4.198891e-01 0.000000e+00
    outer loop
      vertex   -3.745604e+00 3.511646e+01 6.000000e-01
      vertex   -3.899957e+00 3.478283e+01 -7.000000e+00
      vertex   -3.745604e+00 3.511646e+01 -7.000000e+00
    endloop
  endfacet
  facet normal 7.960931e-01 -6.051742e-01 0.000000e+00
    outer loop
      vertex   -3.745604e+00 3.511646e+01 6.000000e-01
      vertex   -3.745604e+00 3.511646e+01 -7.000000e+00
      vertex   -3.523139e+00 3.540911e+01 6.000000e-01
    endloop
  endfacet
  facet normal 7.960931e-01 -6.051742e-01 5.657923e-16
    outer loop
      vertex   -3.523139e+00 3.540911e+01 6.000000e-01
      vertex   -3.745604e+00 3.511646e+01 -7.000000e+00
      vertex   -3.523139e+00 3.540911e+01 -7.000000e+00
    endloop
  endfacet
  facet normal 6.473863e-01 -7.621620e-01 7.125641e-16
    outer loop
      vertex   -3.523139e+00 3.540911e+01 6.000000e-01
      vertex   -3.523139e+00 3.540911e+01 -7.000000e+00
      vertex   -3.242964e+00 3.564709e+01 6.000000e-01
    endloop
  endfacet
  facet normal 6.473863e-01 -7.621620e-01 0.000000e+00
    outer loop
      vertex   -3.242964e+00 3.564709e+01 6.000000e-01
      vertex   -3.523139e+00 3.540911e+01 -7.000000e+00
      vertex   -3.242964e+00 3.564709e+01 -7.000000e+00
    endloop
  endfacet
  facet normal 4.684084e-01 -8.835120e-01 0.000000e+00
    outer loop
      vertex   -3.242964e+00 3.564709e+01 6.000000e-01
      vertex   -3.242964e+00 3.564709e+01 -7.000000e+00
      vertex   -2.918181e+00 3.581928e+01 6.000000e-01
    endloop
  endfacet
  facet normal 4.684084e-01 -8.835120e-01 8.260172e-16
    outer loop
      vertex   -2.918181e+00 3.581928e+01 6.000000e-01
      vertex   -3.242964e+00 3.564709e+01 -7.000000e+00
      vertex   -2.918181e+00 3.581928e+01 -7.000000e+00
    endloop
  endfacet
  facet normal 2.675283e-01 -9.635500e-01 9.008466e-16
    outer loop
      vertex   -2.918181e+00 3.581928e+01 6.000000e-01
      vertex   -2.918181e+00 3.581928e+01 -7.000000e+00
      vertex   -2.563976e+00 3.591762e+01 6.000000e-01
    endloop
  endfacet
  facet normal 2.675283e-01 -9.635500e-01 9.008466e-16
    outer loop
      vertex   -2.563976e+00 3.591762e+01 6.000000e-01
      vertex   -2.918181e+00 3.581928e+01 -7.000000e+00
      vertex   -2.563976e+00 3.591762e+01 -7.000000e+00
    endloop
  endfacet
  facet normal 5.413892e-02 -9.985334e-01 9.335535e-16
    outer loop
      vertex   -2.563976e+00 3.591762e+01 6.000000e-01
      vertex   -2.563976e+00 3.591762e+01 -7.000000e+00
      vertex   -2.196910e+00 3.593752e+01 6.000000e-01
    endloop
  endfacet
  facet normal 5.413892e-02 -9.985334e-01 0.000000e+00
    outer loop
      vertex   -2.196910e+00 3.593752e+01 6.000000e-01
      vertex   -2.563976e+00 3.591762e+01 -7.000000e+00
      vertex   -2.196910e+00 3.593752e+01 -7.000000e+00
    endloop
  endfacet
  facet normal -1.617820e-01 -9.868265e-01 -0.000000e+00
    outer loop
      vertex   -2.196910e+00 3.593752e+01 6.000000e-01
      vertex   -2.196910e+00 3.593752e+01 -7.000000e+00
      vertex   -1.834148e+00 3.587805e+01 6.000000e-01
    endloop
  endfacet
  facet normal -1.617820e-01 -9.868265e-01 9.226084e-16
    outer loop
      vertex   -1.834148e+00 3.587805e+01 6.000000e-01
      vertex   -2.196910e+00 3.593752e+01 -7.000000e+00
      vertex   -1.834148e+00 3.587805e+01 -7.000000e+00
    endloop
  endfacet
  facet normal -3.701381e-01 -9.289767e-01 8.685232e-16
    outer loop
      vertex   -1.834148e+00 3.587805e+01 6.000000e-01
      vertex   -1.834148e+00 3.587805e+01 -7.000000e+00
      vertex   -1.492652e+00 3.574199e+01 6.000000e-01
    endloop
  endfacet
  facet normal -3.701381e-01 -9.289767e-01 8.685232e-16
    outer loop
      vertex   -1.492652e+00 3.574199e+01 6.000000e-01
      vertex   -1.834148e+00 3.587805e+01 -7.000000e+00
      vertex   -1.492652e+00 3.574199e+01 -7.000000e+00
    endloop
  endfacet
  facet normal -5.611871e-01 -8.276890e-01 7.738269e-16
    outer loop
      vertex   -1.492652e+00 3.574199e+01 6.000000e-01
      vertex   -1.492652e+00 3.574199e+01 -7.000000e+00
      vertex   -1.188390e+00 3.553569e+01 6.000000e-01
    endloop
  endfacet
  facet normal -5.611871e-01 -8.276890e-01 7.738269e-16
    outer loop
      vertex   -1.188390e+00 3.553569e+01 6.000000e-01
      vertex   -1.492652e+00 3.574199e+01 -7.000000e+00
      vertex   -1.188390e+00 3.553569e+01 -7.000000e+00
    endloop
  endfacet
  facet normal -7.259955e-01 -6.876995e-01 6.429472e-16
    outer loop
      vertex   -1.188390e+00 3.553569e+01 6.000000e-01
      vertex   -1.188390e+00 3.553569e+01 -7.000000e+00
      vertex   -9.355881e-01 3.526881e+01 6.000000e-01
    endloop
  endfacet
  facet normal -7.259955e-01 -6.876995e-01 -0.000000e+00
    outer loop
      vertex   -9.355881e-01 3.526881e+01 6.000000e-01
      vertex   -1.188390e+00 3.553569e+01 -7.000000e+00
      vertex   -9.355881e-01 3.526881e+01 -7.000000e+00
    endloop
  endfacet
  facet normal -8.568572e-01 -5.155539e-01 -0.000000e+00
    outer loop
      vertex   -9.355881e-01 3.526881e+01 6.000000e-01
      vertex   -9.355881e-01 3.526881e+01 -7.000000e+00
      vertex   -7.460681e-01 3.495383e+01 6.000000e-01
    endloop
  endfacet
  facet normal -8.568572e-01 -5.155539e-01 -0.000000e+00
    outer loop
      vertex   -7.460681e-01 3.495383e+01 6.000000e-01
      vertex   -9.355881e-01 3.526881e+01 -7.000000e+00
      vertex   -7.460681e-01 3.495383e+01 -7.000000e+00
    endloop
  endfacet
  facet normal -9.476532e-01 -3.193015e-01 -0.000000e+00
    outer loop
      vertex   -7.460681e-01 3.495383e+01 6.000000e-01
      vertex   -7.460681e-01 3.495383e+01 -7.000000e+00
      vertex   -6.286914e-01 3.460547e+01 6.000000e-01
    endloop
  endfacet
  facet normal -9.476532e-01 -3.193015e-01 -0.000000e+00
    outer loop
      vertex   -6.286914e-01 3.460547e+01 6.000000e-01
      vertex   -7.460681e-01 3.495383e+01 -7.000000e+00
      vertex   -6.286914e-01 3.460547e+01 -7.000000e+00
    endloop
  endfacet
  facet normal 8.637055e-01 -5.039969e-01 0.000000e+00
    outer loop
      vertex   7.096766e+00 2.384074e+01 -5.500000e+00
      vertex   7.096766e+00 2.384074e+01 -4.600000e+00
      vertex   6.791914e+00 2.331831e+01 -7.000000e+00
    endloop
  endfacet
  facet normal 8.686413e-01 -4.954353e-01 -2.490622e-03
    outer loop
      vertex   6.791914e+00 2.331831e+01 -7.000000e+00
      vertex   7.096766e+00 2.384074e+01 -4.600000e+00
      vertex   6.717845e+00 2.317638e+01 -4.600000e+00
    endloop
  endfacet
  facet normal 9.039862e-01 -4.275536e-01 2.614510e-03
    outer loop
      vertex   6.791914e+00 2.331831e+01 -7.000000e+00
      vertex   6.717845e+00 2.317638e+01 -4.600000e+00
      vertex   6.452052e+00 2.259974e+01 -7.000000e+00
    endloop
  endfacet
  facet normal 9.114979e-01 -4.112993e-01 -2.122810e-03
    outer loop
      vertex   6.452052e+00 2.259974e+01 -7.000000e+00
      vertex   6.717845e+00 2.317638e+01 -4.600000e+00
      vertex   6.403274e+00 2.247925e+01 -4.600000e+00
    endloop
  endfacet
  facet normal 9.415417e-01 -3.368890e-01 2.223391e-03
    outer loop
      vertex   6.452052e+00 2.259974e+01 -7.000000e+00
      vertex   6.403274e+00 2.247925e+01 -4.600000e+00
      vertex   6.184259e+00 2.185131e+01 -7.000000e+00
    endloop
  endfacet
  facet normal 9.462279e-01 -3.234962e-01 -1.708384e-03
    outer loop
      vertex   6.184259e+00 2.185131e+01 -7.000000e+00
      vertex   6.403274e+00 2.247925e+01 -4.600000e+00
      vertex   6.155856e+00 2.175555e+01 -4.600000e+00
    endloop
  endfacet
  facet normal 9.700297e-01 -2.429798e-01 1.785662e-03
    outer loop
      vertex   6.184259e+00 2.185131e+01 -7.000000e+00
      vertex   6.155856e+00 2.175555e+01 -4.600000e+00
      vertex   5.991115e+00 2.108023e+01 -7.000000e+00
    endloop
  endfacet
  facet normal 9.725217e-01 -2.328088e-01 -1.247352e-03
    outer loop
      vertex   5.991115e+00 2.108023e+01 -7.000000e+00
      vertex   6.155856e+00 2.175555e+01 -4.600000e+00
      vertex   5.977799e+00 2.101175e+01 -4.600000e+00
    endloop
  endfacet
  facet normal 9.891757e-01 -1.467303e-01 1.301329e-03
    outer loop
      vertex   5.991115e+00 2.108023e+01 -7.000000e+00
      vertex   5.977799e+00 2.101175e+01 -4.600000e+00
      vertex   5.874480e+00 2.029394e+01 -7.000000e+00
    endloop
  endfacet
  facet normal 9.901448e-01 -1.400456e-01 -7.397182e-04
    outer loop
      vertex   5.874480e+00 2.029394e+01 -7.000000e+00
      vertex   5.977799e+00 2.101175e+01 -4.600000e+00
      vertex   5.870689e+00 2.025446e+01 -4.600000e+00
    endloop
  endfacet
  facet normal 9.987952e-01 -4.906765e-02 7.703981e-04
    outer loop
      vertex   5.874480e+00 2.029394e+01 -7.000000e+00
      vertex   5.870689e+00 2.025446e+01 -4.600000e+00
      vertex   5.835476e+00 1.950000e+01 -7.000000e+00
    endloop
  endfacet
  facet normal 9.989399e-01 -4.603365e-02 -1.854910e-04
    outer loop
      vertex   5.835476e+00 1.950000e+01 -7.000000e+00
      vertex   5.870689e+00 2.025446e+01 -4.600000e+00
      vertex   5.835482e+00 1.949045e+01 -4.600000e+00
    endloop
  endfacet
  facet normal 9.988286e-01 4.838872e-02 1.901759e-04
    outer loop
      vertex   5.835476e+00 1.950000e+01 -7.000000e+00
      vertex   5.835482e+00 1.949045e+01 -4.600000e+00
      vertex   5.872490e+00 1.872653e+01 -4.600000e+00
    endloop
  endfacet
  facet normal 9.987954e-01 4.906768e-02 4.095049e-04
    outer loop
      vertex   5.835476e+00 1.950000e+01 -7.000000e+00
      vertex   5.872490e+00 1.872653e+01 -4.600000e+00
      vertex   5.874480e+00 1.870606e+01 -7.000000e+00
    endloop
  endfacet
  facet normal 9.898120e-01 1.423797e-01 -3.935995e-04
    outer loop
      vertex   5.874480e+00 1.870606e+01 -7.000000e+00
      vertex   5.872490e+00 1.872653e+01 -4.600000e+00
      vertex   5.981385e+00 1.796950e+01 -4.600000e+00
    endloop
  endfacet
  facet normal 9.891760e-01 1.467304e-01 9.699867e-04
    outer loop
      vertex   5.874480e+00 1.870606e+01 -7.000000e+00
      vertex   5.981385e+00 1.796950e+01 -4.600000e+00
      vertex   5.991115e+00 1.791977e+01 -7.000000e+00
    endloop
  endfacet
  facet normal 9.719705e-01 2.351011e-01 -9.307863e-04
    outer loop
      vertex   5.991115e+00 1.791977e+01 -7.000000e+00
      vertex   5.981385e+00 1.796950e+01 -4.600000e+00
      vertex   6.161196e+00 1.722611e+01 -4.600000e+00
    endloop
  endfacet
  facet normal 9.700302e-01 2.429799e-01 1.483876e-03
    outer loop
      vertex   5.991115e+00 1.791977e+01 -7.000000e+00
      vertex   6.161196e+00 1.722611e+01 -4.600000e+00
      vertex   6.184259e+00 1.714869e+01 -7.000000e+00
    endloop
  endfacet
  facet normal 9.454630e-01 3.257264e-01 -1.421377e-03
    outer loop
      vertex   6.184259e+00 1.714869e+01 -7.000000e+00
      vertex   6.161196e+00 1.722611e+01 -4.600000e+00
      vertex   6.410319e+00 1.650300e+01 -4.600000e+00
    endloop
  endfacet
  facet normal 9.415423e-01 3.368892e-01 1.951165e-03
    outer loop
      vertex   6.184259e+00 1.714869e+01 -7.000000e+00
      vertex   6.410319e+00 1.650300e+01 -4.600000e+00
      vertex   6.452052e+00 1.640026e+01 -7.000000e+00
    endloop
  endfacet
  facet normal 9.105261e-01 4.134474e-01 -1.865364e-03
    outer loop
      vertex   6.452052e+00 1.640026e+01 -7.000000e+00
      vertex   6.410319e+00 1.650300e+01 -4.600000e+00
      vertex   6.726533e+00 1.580661e+01 -4.600000e+00
    endloop
  endfacet
  facet normal 9.039867e-01 4.275539e-01 2.371847e-03
    outer loop
      vertex   6.452052e+00 1.640026e+01 -7.000000e+00
      vertex   6.726533e+00 1.580661e+01 -4.600000e+00
      vertex   6.791914e+00 1.568169e+01 -7.000000e+00
    endloop
  endfacet
  facet normal 8.674712e-01 4.974822e-01 -2.262741e-03
    outer loop
      vertex   6.791914e+00 1.568169e+01 -7.000000e+00
      vertex   6.726533e+00 1.580661e+01 -4.600000e+00
      vertex   7.107019e+00 1.514315e+01 -4.600000e+00
    endloop
  endfacet
  facet normal 8.577254e-01 5.141008e-01 2.745917e-03
    outer loop
      vertex   6.791914e+00 1.568169e+01 -7.000000e+00
      vertex   7.107019e+00 1.514315e+01 -4.600000e+00
      vertex   7.200572e+00 1.499988e+01 -7.000000e+00
    endloop
  endfacet
  facet normal 8.166824e-01 5.770814e-01 -2.613504e-03
    outer loop
      vertex   7.200572e+00 1.499988e+01 -7.000000e+00
      vertex   7.107019e+00 1.514315e+01 -4.600000e+00
      vertex   7.548385e+00 1.451853e+01 -4.600000e+00
    endloop
  endfacet
  facet normal 8.032037e-01 5.956965e-01 3.073370e-03
    outer loop
      vertex   7.200572e+00 1.499988e+01 -7.000000e+00
      vertex   7.548385e+00 1.451853e+01 -4.600000e+00
      vertex   7.674091e+00 1.436141e+01 -7.000000e+00
    endloop
  endfacet
  facet normal 7.586125e-01 6.515355e-01 -2.917648e-03
    outer loop
      vertex   7.674091e+00 1.436141e+01 -7.000000e+00
      vertex   7.548385e+00 1.451853e+01 -4.600000e+00
      vertex   8.046696e+00 1.393832e+01 -4.600000e+00
    endloop
  endfacet
  facet normal 7.409470e-01 6.715552e-01 3.354201e-03
    outer loop
      vertex   7.674091e+00 1.436141e+01 -7.000000e+00
      vertex   8.046696e+00 1.393832e+01 -4.600000e+00
      vertex   8.207911e+00 1.377244e+01 -7.000000e+00
    endloop
  endfacet
  facet normal 6.937793e-01 7.201807e-01 -3.175168e-03
    outer loop
      vertex   8.207911e+00 1.377244e+01 -7.000000e+00
      vertex   8.046696e+00 1.393832e+01 -4.600000e+00
      vertex   8.597508e+00 1.340770e+01 -4.600000e+00
    endloop
  endfacet
  facet normal 6.715546e-01 7.409464e-01 3.588408e-03
    outer loop
      vertex   8.207911e+00 1.377244e+01 -7.000000e+00
      vertex   8.597508e+00 1.340770e+01 -4.600000e+00
      vertex   8.796890e+00 1.323862e+01 -7.000000e+00
    endloop
  endfacet
  facet normal 6.227607e-01 7.824050e-01 -3.386062e-03
    outer loop
      vertex   8.796890e+00 1.323862e+01 -7.000000e+00
      vertex   8.597508e+00 1.340770e+01 -4.600000e+00
      vertex   9.195912e+00 1.293140e+01 -4.600000e+00
    endloop
  endfacet
  facet normal 5.956950e-01 8.032018e-01 3.775987e-03
    outer loop
      vertex   8.796890e+00 1.323862e+01 -7.000000e+00
      vertex   9.195912e+00 1.293140e+01 -4.600000e+00
      vertex   9.435357e+00 1.276510e+01 -7.000000e+00
    endloop
  endfacet
  facet normal 5.461900e-01 8.376538e-01 -3.550326e-03
    outer loop
      vertex   9.435357e+00 1.276510e+01 -7.000000e+00
      vertex   9.195912e+00 1.293140e+01 -4.600000e+00
      vertex   9.836572e+00 1.251366e+01 -4.600000e+00
    endloop
  endfacet
  facet normal 5.140988e-01 8.577220e-01 3.916935e-03
    outer loop
      vertex   9.435357e+00 1.276510e+01 -7.000000e+00
      vertex   9.836572e+00 1.251366e+01 -4.600000e+00
      vertex   1.011716e+01 1.235644e+01 -7.000000e+00
    endloop
  endfacet
  facet normal 4.647499e-01 8.854344e-01 -3.667959e-03
    outer loop
      vertex   1.011716e+01 1.235644e+01 -7.000000e+00
      vertex   9.836572e+00 1.251366e+01 -4.600000e+00
      vertex   1.051378e+01 1.215820e+01 -4.600000e+00
    endloop
  endfacet
  facet normal 4.275516e-01 9.039820e-01 4.011252e-03
    outer loop
      vertex   1.011716e+01 1.235644e+01 -7.000000e+00
      vertex   1.051378e+01 1.215820e+01 -4.600000e+00
      vertex   1.083574e+01 1.201658e+01 -7.000000e+00
    endloop
  endfacet
  facet normal 3.791664e-01 9.253209e-01 -3.738960e-03
    outer loop
      vertex   1.083574e+01 1.201658e+01 -7.000000e+00
      vertex   1.051378e+01 1.215820e+01 -4.600000e+00
      vertex   1.122149e+01 1.186821e+01 -4.600000e+00
    endloop
  endfacet
  facet normal 3.368871e-01 9.415363e-01 4.058936e-03
    outer loop
      vertex   1.083574e+01 1.201658e+01 -7.000000e+00
      vertex   1.122149e+01 1.186821e+01 -4.600000e+00
      vertex   1.158417e+01 1.174878e+01 -7.000000e+00
    endloop
  endfacet
  facet normal 2.902025e-01 9.569579e-01 -3.763327e-03
    outer loop
      vertex   1.158417e+01 1.174878e+01 -7.000000e+00
      vertex   1.122149e+01 1.186821e+01 -4.600000e+00
      vertex   1.195339e+01 1.164625e+01 -4.600000e+00
    endloop
  endfacet
  facet normal 2.675680e-01 9.635390e-01 0.000000e+00
    outer loop
      vertex   1.158417e+01 1.174878e+01 -7.000000e+00
      vertex   1.195339e+01 1.164625e+01 -4.600000e+00
      vertex   1.195339e+01 1.164625e+01 -5.500000e+00
    endloop
  endfacet
  facet normal 2.429750e-01 9.700108e-01 6.495893e-03
    outer loop
      vertex   1.158417e+01 1.174878e+01 -7.000000e+00
      vertex   1.195339e+01 1.164625e+01 -5.500000e+00
      vertex   1.235524e+01 1.155564e+01 -7.000000e+00
    endloop
  endfacet
  facet normal 1.970863e-01 9.803651e-01 -6.423202e-03
    outer loop
      vertex   1.235524e+01 1.155564e+01 -7.000000e+00
      vertex   1.195339e+01 1.164625e+01 -5.500000e+00
      vertex   1.272850e+01 1.149043e+01 -5.500000e+00
    endloop
  endfacet
  facet normal 1.467274e-01 9.891557e-01 6.490061e-03
    outer loop
      vertex   1.235524e+01 1.155564e+01 -7.000000e+00
      vertex   1.272850e+01 1.149043e+01 -5.500000e+00
      vertex   1.314154e+01 1.143900e+01 -7.000000e+00
    endloop
  endfacet
  facet normal 1.005716e-01 9.949091e-01 -6.416613e-03
    outer loop
      vertex   1.314154e+01 1.143900e+01 -7.000000e+00
      vertex   1.272850e+01 1.149043e+01 -5.500000e+00
      vertex   1.351510e+01 1.141092e+01 -5.500000e+00
    endloop
  endfacet
  facet normal 4.906663e-02 9.987745e-01 6.482714e-03
    outer loop
      vertex   1.314154e+01 1.143900e+01 -7.000000e+00
      vertex   1.351510e+01 1.141092e+01 -5.500000e+00
      vertex   1.393548e+01 1.140000e+01 -7.000000e+00
    endloop
  endfacet
  facet normal 3.098748e-03 9.999747e-01 -6.408509e-03
    outer loop
      vertex   1.393548e+01 1.140000e+01 -7.000000e+00
      vertex   1.351510e+01 1.141092e+01 -5.500000e+00
      vertex   1.430571e+01 1.140847e+01 -5.500000e+00
    endloop
  endfacet
  facet normal -4.906666e-02 9.987745e-01 6.473853e-03
    outer loop
      vertex   1.393548e+01 1.140000e+01 -7.000000e+00
      vertex   1.430571e+01 1.140847e+01 -5.500000e+00
      vertex   1.472941e+01 1.143900e+01 -7.000000e+00
    endloop
  endfacet
  facet normal -9.440366e-02 9.955134e-01 -6.398891e-03
    outer loop
      vertex   1.472941e+01 1.143900e+01 -7.000000e+00
      vertex   1.430571e+01 1.140847e+01 -5.500000e+00
      vertex   1.509279e+01 1.148310e+01 -5.500000e+00
    endloop
  endfacet
  facet normal -1.467274e-01 9.891558e-01 6.463478e-03
    outer loop
      vertex   1.472941e+01 1.143900e+01 -7.000000e+00
      vertex   1.509279e+01 1.148310e+01 -5.500000e+00
      vertex   1.551571e+01 1.155564e+01 -7.000000e+00
    endloop
  endfacet
  facet normal -1.910067e-01 9.815679e-01 -6.387758e-03
    outer loop
      vertex   1.551571e+01 1.155564e+01 -7.000000e+00
      vertex   1.509279e+01 1.148310e+01 -5.500000e+00
      vertex   1.586885e+01 1.163412e+01 -5.500000e+00
    endloop
  endfacet
  facet normal -2.429751e-01 9.700111e-01 6.451589e-03
    outer loop
      vertex   1.551571e+01 1.155564e+01 -7.000000e+00
      vertex   1.586885e+01 1.163412e+01 -5.500000e+00
      vertex   1.628678e+01 1.174878e+01 -7.000000e+00
    endloop
  endfacet
  facet normal -2.857900e-01 9.582711e-01 -6.375112e-03
    outer loop
      vertex   1.628678e+01 1.174878e+01 -7.000000e+00
      vertex   1.586885e+01 1.163412e+01 -5.500000e+00
      vertex   1.662648e+01 1.186007e+01 -5.500000e+00
    endloop
  endfacet
  facet normal -3.368829e-01 9.415245e-01 6.438185e-03
    outer loop
      vertex   1.628678e+01 1.174878e+01 -7.000000e+00
      vertex   1.662648e+01 1.186007e+01 -5.500000e+00
      vertex   1.703521e+01 1.201658e+01 -7.000000e+00
    endloop
  endfacet
  facet normal -3.778507e-01 9.258447e-01 -6.360951e-03
    outer loop
      vertex   1.703521e+01 1.201658e+01 -7.000000e+00
      vertex   1.662648e+01 1.186007e+01 -5.500000e+00
      vertex   1.735848e+01 1.215881e+01 -5.500000e+00
    endloop
  endfacet
  facet normal -4.275463e-01 9.039706e-01 6.423267e-03
    outer loop
      vertex   1.703521e+01 1.201658e+01 -7.000000e+00
      vertex   1.735848e+01 1.215881e+01 -5.500000e+00
      vertex   1.775379e+01 1.235644e+01 -7.000000e+00
    endloop
  endfacet
  facet normal -4.663115e-01 8.845978e-01 -6.345276e-03
    outer loop
      vertex   1.775379e+01 1.235644e+01 -7.000000e+00
      vertex   1.735848e+01 1.215881e+01 -5.500000e+00
      vertex   1.805787e+01 1.252749e+01 -5.500000e+00
    endloop
  endfacet
  facet normal -5.140922e-01 8.577110e-01 6.406835e-03
    outer loop
      vertex   1.775379e+01 1.235644e+01 -7.000000e+00
      vertex   1.805787e+01 1.252749e+01 -5.500000e+00
      vertex   1.843559e+01 1.276510e+01 -7.000000e+00
    endloop
  endfacet
  facet normal -5.503298e-01 8.349234e-01 -6.328087e-03
    outer loop
      vertex   1.843559e+01 1.276510e+01 -7.000000e+00
      vertex   1.805787e+01 1.252749e+01 -5.500000e+00
      vertex   1.871798e+01 1.296260e+01 -5.500000e+00
    endloop
  endfacet
  facet normal -5.956872e-01 8.031911e-01 6.388889e-03
    outer loop
      vertex   1.843559e+01 1.276510e+01 -7.000000e+00
      vertex   1.871798e+01 1.296260e+01 -5.500000e+00
      vertex   1.907406e+01 1.323862e+01 -7.000000e+00
    endloop
  endfacet
  facet normal -6.291052e-01 7.772946e-01 -6.309383e-03
    outer loop
      vertex   1.907406e+01 1.323862e+01 -7.000000e+00
      vertex   1.871798e+01 1.296260e+01 -5.500000e+00
      vertex   1.933253e+01 1.345999e+01 -5.500000e+00
    endloop
  endfacet
  facet normal -6.715453e-01 7.409361e-01 6.369428e-03
    outer loop
      vertex   1.907406e+01 1.323862e+01 -7.000000e+00
      vertex   1.933253e+01 1.345999e+01 -5.500000e+00
      vertex   1.966304e+01 1.377244e+01 -7.000000e+00
    endloop
  endfacet
  facet normal -7.018871e-01 7.122605e-01 -6.289165e-03
    outer loop
      vertex   1.966304e+01 1.377244e+01 -7.000000e+00
      vertex   1.933253e+01 1.345999e+01 -5.500000e+00
      vertex   1.989567e+01 1.401492e+01 -5.500000e+00
    endloop
  endfacet
  facet normal -7.409362e-01 6.715454e-01 6.348453e-03
    outer loop
      vertex   1.966304e+01 1.377244e+01 -7.000000e+00
      vertex   1.989567e+01 1.401492e+01 -5.500000e+00
      vertex   2.019686e+01 1.436141e+01 -7.000000e+00
    endloop
  endfacet
  facet normal -7.679821e-01 6.404407e-01 -6.267433e-03
    outer loop
      vertex   2.019686e+01 1.436141e+01 -7.000000e+00
      vertex   1.989567e+01 1.401492e+01 -5.500000e+00
      vertex   2.040202e+01 1.462210e+01 -5.500000e+00
    endloop
  endfacet
  facet normal -8.031915e-01 5.956874e-01 6.325964e-03
    outer loop
      vertex   2.019686e+01 1.436141e+01 -7.000000e+00
      vertex   2.040202e+01 1.462210e+01 -5.500000e+00
      vertex   2.067038e+01 1.499988e+01 -7.000000e+00
    endloop
  endfacet
  facet normal -8.267606e-01 5.625193e-01 -6.244187e-03
    outer loop
      vertex   2.067038e+01 1.499988e+01 -7.000000e+00
      vertex   2.040202e+01 1.462210e+01 -5.500000e+00
      vertex   2.084676e+01 1.527576e+01 -5.500000e+00
    endloop
  endfacet
  facet normal -8.577116e-01 5.140925e-01 6.301961e-03
    outer loop
      vertex   2.067038e+01 1.499988e+01 -7.000000e+00
      vertex   2.084676e+01 1.527576e+01 -5.500000e+00
      vertex   2.107904e+01 1.568169e+01 -7.000000e+00
    endloop
  endfacet
  facet normal -8.776625e-01 4.792389e-01 -6.219427e-03
    outer loop
      vertex   2.107904e+01 1.568169e+01 -7.000000e+00
      vertex   2.084676e+01 1.527576e+01 -5.500000e+00
      vertex   2.122566e+01 1.596967e+01 -5.500000e+00
    endloop
  endfacet
  facet normal -9.039715e-01 4.275467e-01 6.276443e-03
    outer loop
      vertex   2.107904e+01 1.568169e+01 -7.000000e+00
      vertex   2.122566e+01 1.596967e+01 -5.500000e+00
      vertex   2.141890e+01 1.640026e+01 -7.000000e+00
    endloop
  endfacet
  facet normal -9.202029e-01 3.913926e-01 -6.193152e-03
    outer loop
      vertex   2.141890e+01 1.640026e+01 -7.000000e+00
      vertex   2.122566e+01 1.596967e+01 -5.500000e+00
      vertex   2.153510e+01 1.669721e+01 -5.500000e+00
    endloop
  endfacet
  facet normal -9.415257e-01 3.368833e-01 6.249411e-03
    outer loop
      vertex   2.141890e+01 1.640026e+01 -7.000000e+00
      vertex   2.153510e+01 1.669721e+01 -5.500000e+00
      vertex   2.168669e+01 1.714869e+01 -7.000000e+00
    endloop
  endfacet
  facet normal -9.539766e-01 2.998176e-01 -6.165363e-03
    outer loop
      vertex   2.168669e+01 1.714869e+01 -7.000000e+00
      vertex   2.153510e+01 1.669721e+01 -5.500000e+00
      vertex   2.177215e+01 1.745144e+01 -5.500000e+00
    endloop
  endfacet
  facet normal -9.700125e-01 2.429755e-01 6.220866e-03
    outer loop
      vertex   2.168669e+01 1.714869e+01 -7.000000e+00
      vertex   2.177215e+01 1.745144e+01 -5.500000e+00
      vertex   2.187984e+01 1.791977e+01 -7.000000e+00
    endloop
  endfacet
  facet normal -9.786618e-01 2.053862e-01 -6.136060e-03
    outer loop
      vertex   2.187984e+01 1.791977e+01 -7.000000e+00
      vertex   2.177215e+01 1.745144e+01 -5.500000e+00
      vertex   2.193453e+01 1.822520e+01 -5.500000e+00
    endloop
  endfacet
  facet normal -9.891576e-01 1.467277e-01 6.190805e-03
    outer loop
      vertex   2.187984e+01 1.791977e+01 -7.000000e+00
      vertex   2.193453e+01 1.822520e+01 -5.500000e+00
      vertex   2.199647e+01 1.870606e+01 -7.000000e+00
    endloop
  endfacet
  facet normal -9.940232e-01 1.089980e-01 -6.105243e-03
    outer loop
      vertex   2.199647e+01 1.870606e+01 -7.000000e+00
      vertex   2.193453e+01 1.822520e+01 -5.500000e+00
      vertex   2.202071e+01 1.901110e+01 -5.500000e+00
    endloop
  endfacet
  facet normal -9.987765e-01 4.906673e-02 6.159231e-03
    outer loop
      vertex   2.199647e+01 1.870606e+01 -7.000000e+00
      vertex   2.202071e+01 1.901110e+01 -5.500000e+00
      vertex   2.203548e+01 1.950000e+01 -7.000000e+00
    endloop
  endfacet
  facet normal -9.999146e-01 1.157133e-02 -6.072911e-03
    outer loop
      vertex   2.203548e+01 1.950000e+01 -7.000000e+00
      vertex   2.202071e+01 1.901110e+01 -5.500000e+00
      vertex   2.202986e+01 1.980166e+01 -5.500000e+00
    endloop
  endfacet
  facet normal -9.987767e-01 -4.906676e-02 6.126143e-03
    outer loop
      vertex   2.203548e+01 1.950000e+01 -7.000000e+00
      vertex   2.202986e+01 1.980166e+01 -5.500000e+00
      vertex   2.199647e+01 2.029394e+01 -7.000000e+00
    endloop
  endfacet
  facet normal -9.962798e-01 -8.596560e-02 -6.039066e-03
    outer loop
      vertex   2.199647e+01 2.029394e+01 -7.000000e+00
      vertex   2.202986e+01 1.980166e+01 -5.500000e+00
      vertex   2.196189e+01 2.058935e+01 -5.500000e+00
    endloop
  endfacet
  facet normal -9.891582e-01 -1.467278e-01 6.091540e-03
    outer loop
      vertex   2.199647e+01 2.029394e+01 -7.000000e+00
      vertex   2.196189e+01 2.058935e+01 -5.500000e+00
      vertex   2.187984e+01 2.108023e+01 -7.000000e+00
    endloop
  endfacet
  facet normal -9.831534e-01 -1.826836e-01 -6.003706e-03
    outer loop
      vertex   2.187984e+01 2.108023e+01 -7.000000e+00
      vertex   2.196189e+01 2.058935e+01 -5.500000e+00
      vertex   2.181746e+01 2.136665e+01 -5.500000e+00
    endloop
  endfacet
  facet normal -9.700135e-01 -2.429757e-01 6.055423e-03
    outer loop
      vertex   2.187984e+01 2.108023e+01 -7.000000e+00
      vertex   2.181746e+01 2.136665e+01 -5.500000e+00
      vertex   2.168669e+01 2.185131e+01 -7.000000e+00
    endloop
  endfacet
  facet normal -9.606605e-01 -2.776612e-01 -5.966832e-03
    outer loop
      vertex   2.168669e+01 2.185131e+01 -7.000000e+00
      vertex   2.181746e+01 2.136665e+01 -5.500000e+00
      vertex   2.159793e+01 2.212618e+01 -5.500000e+00
    endloop
  endfacet
  facet normal -9.415270e-01 -3.368838e-01 6.017792e-03
    outer loop
      vertex   2.168669e+01 2.185131e+01 -7.000000e+00
      vertex   2.159793e+01 2.212618e+01 -5.500000e+00
      vertex   2.141890e+01 2.259974e+01 -7.000000e+00
    endloop
  endfacet
  facet normal -9.290154e-01 -3.699935e-01 -5.928444e-03
    outer loop
      vertex   2.141890e+01 2.259974e+01 -7.000000e+00
      vertex   2.159793e+01 2.212618e+01 -5.500000e+00
      vertex   2.130540e+01 2.286068e+01 -5.500000e+00
    endloop
  endfacet
  facet normal -9.039731e-01 -4.275475e-01 5.978647e-03
    outer loop
      vertex   2.141890e+01 2.259974e+01 -7.000000e+00
      vertex   2.130540e+01 2.286068e+01 -5.500000e+00
      vertex   2.107904e+01 2.331831e+01 -7.000000e+00
    endloop
  endfacet
  facet normal -8.885196e-01 -4.588010e-01 -5.888541e-03
    outer loop
      vertex   2.107904e+01 2.331831e+01 -7.000000e+00
      vertex   2.130540e+01 2.286068e+01 -5.500000e+00
      vertex   2.094266e+01 2.356317e+01 -5.500000e+00
    endloop
  endfacet
  facet normal -8.577135e-01 -5.140937e-01 5.937987e-03
    outer loop
      vertex   2.107904e+01 2.331831e+01 -7.000000e+00
      vertex   2.094266e+01 2.356317e+01 -5.500000e+00
      vertex   2.067038e+01 2.400012e+01 -7.000000e+00
    endloop
  endfacet
  facet normal -8.395587e-01 -5.432375e-01 -5.847125e-03
    outer loop
      vertex   2.067038e+01 2.400012e+01 -7.000000e+00
      vertex   2.094266e+01 2.356317e+01 -5.500000e+00
      vertex   2.051317e+01 2.422694e+01 -5.500000e+00
    endloop
  endfacet
  facet normal -8.031936e-01 -5.956890e-01 5.895814e-03
    outer loop
      vertex   2.067038e+01 2.400012e+01 -7.000000e+00
      vertex   2.051317e+01 2.422694e+01 -5.500000e+00
      vertex   2.019686e+01 2.463859e+01 -7.000000e+00
    endloop
  endfacet
  facet normal -7.825994e-01 -6.224986e-01 -5.804194e-03
    outer loop
      vertex   2.019686e+01 2.463859e+01 -7.000000e+00
      vertex   2.051317e+01 2.422694e+01 -5.500000e+00
      vertex   2.002100e+01 2.484569e+01 -5.500000e+00
    endloop
  endfacet
  facet normal -7.409384e-01 -6.715475e-01 5.852126e-03
    outer loop
      vertex   2.019686e+01 2.463859e+01 -7.000000e+00
      vertex   2.002100e+01 2.484569e+01 -5.500000e+00
      vertex   1.966304e+01 2.522756e+01 -7.000000e+00
    endloop
  endfacet
  facet normal -7.181842e-01 -6.958292e-01 -5.759749e-03
    outer loop
      vertex   1.966304e+01 2.522756e+01 -7.000000e+00
      vertex   2.002100e+01 2.484569e+01 -5.500000e+00
      vertex   1.947086e+01 2.541350e+01 -5.500000e+00
    endloop
  endfacet
  facet normal -6.715476e-01 -7.409386e-01 5.806924e-03
    outer loop
      vertex   1.966304e+01 2.522756e+01 -7.000000e+00
      vertex   1.947086e+01 2.541350e+01 -5.500000e+00
      vertex   1.907406e+01 2.576138e+01 -7.000000e+00
    endloop
  endfacet
  facet normal -6.469268e-01 -7.625307e-01 -5.713790e-03
    outer loop
      vertex   1.907406e+01 2.576138e+01 -7.000000e+00
      vertex   1.947086e+01 2.541350e+01 -5.500000e+00
      vertex   1.886799e+01 2.592498e+01 -5.500000e+00
    endloop
  endfacet
  facet normal -5.956894e-01 -8.031942e-01 5.760208e-03
    outer loop
      vertex   1.907406e+01 2.576138e+01 -7.000000e+00
      vertex   1.886799e+01 2.592498e+01 -5.500000e+00
      vertex   1.843559e+01 2.623490e+01 -7.000000e+00
    endloop
  endfacet
  facet normal -5.695061e-01 -8.219675e-01 -5.666317e-03
    outer loop
      vertex   1.843559e+01 2.623490e+01 -7.000000e+00
      vertex   1.886799e+01 2.592498e+01 -5.500000e+00
      vertex   1.821812e+01 2.637524e+01 -5.500000e+00
    endloop
  endfacet
  facet normal -5.140943e-01 -8.577146e-01 5.711978e-03
    outer loop
      vertex   1.843559e+01 2.623490e+01 -7.000000e+00
      vertex   1.821812e+01 2.637524e+01 -5.500000e+00
      vertex   1.775379e+01 2.664356e+01 -7.000000e+00
    endloop
  endfacet
  facet normal -4.866597e-01 -8.735736e-01 -5.617330e-03
    outer loop
      vertex   1.775379e+01 2.664356e+01 -7.000000e+00
      vertex   1.821812e+01 2.637524e+01 -5.500000e+00
      vertex   1.752745e+01 2.676001e+01 -5.500000e+00
    endloop
  endfacet
  facet normal -4.275482e-01 -9.039748e-01 5.662234e-03
    outer loop
      vertex   1.775379e+01 2.664356e+01 -7.000000e+00
      vertex   1.752745e+01 2.676001e+01 -5.500000e+00
      vertex   1.703521e+01 2.698342e+01 -7.000000e+00
    endloop
  endfacet
  facet normal -3.991768e-01 -9.168571e-01 -5.566829e-03
    outer loop
      vertex   1.703521e+01 2.698342e+01 -7.000000e+00
      vertex   1.752745e+01 2.676001e+01 -5.500000e+00
      vertex   1.680256e+01 2.707561e+01 -5.500000e+00
    endloop
  endfacet
  facet normal -3.368845e-01 -9.415292e-01 5.610976e-03
    outer loop
      vertex   1.703521e+01 2.698342e+01 -7.000000e+00
      vertex   1.680256e+01 2.707561e+01 -5.500000e+00
      vertex   1.628678e+01 2.725122e+01 -7.000000e+00
    endloop
  endfacet
  facet normal -3.078909e-01 -9.514057e-01 -5.514814e-03
    outer loop
      vertex   1.628678e+01 2.725122e+01 -7.000000e+00
      vertex   1.680256e+01 2.707561e+01 -5.500000e+00
      vertex   1.605036e+01 2.731903e+01 -5.500000e+00
    endloop
  endfacet
  facet normal -2.429764e-01 -9.700163e-01 5.558204e-03
    outer loop
      vertex   1.628678e+01 2.725122e+01 -7.000000e+00
      vertex   1.605036e+01 2.731903e+01 -5.500000e+00
      vertex   1.551571e+01 2.744436e+01 -7.000000e+00
    endloop
  endfacet
  facet normal -2.136717e-01 -9.768903e-01 -5.461284e-03
    outer loop
      vertex   1.551571e+01 2.744436e+01 -7.000000e+00
      vertex   1.605036e+01 2.731903e+01 -5.500000e+00
      vertex   1.527800e+01 2.748797e+01 -5.500000e+00
    endloop
  endfacet
  facet normal -1.467282e-01 -9.891615e-01 5.503918e-03
    outer loop
      vertex   1.551571e+01 2.744436e+01 -7.000000e+00
      vertex   1.527800e+01 2.748797e+01 -5.500000e+00
      vertex   1.472941e+01 2.756100e+01 -7.000000e+00
    endloop
  endfacet
  facet normal -1.174168e-01 -9.930680e-01 -5.406241e-03
    outer loop
      vertex   1.472941e+01 2.756100e+01 -7.000000e+00
      vertex   1.527800e+01 2.748797e+01 -5.500000e+00
      vertex   1.449286e+01 2.758080e+01 -5.500000e+00
    endloop
  endfacet
  facet normal -4.906694e-02 -9.987806e-01 5.448117e-03
    outer loop
      vertex   1.472941e+01 2.756100e+01 -7.000000e+00
      vertex   1.449286e+01 2.758080e+01 -5.500000e+00
      vertex   1.393548e+01 2.760000e+01 -7.000000e+00
    endloop
  endfacet
  facet normal -2.004316e-02 -9.997848e-01 -5.349684e-03
    outer loop
      vertex   1.393548e+01 2.760000e+01 -7.000000e+00
      vertex   1.449286e+01 2.758080e+01 -5.500000e+00
      vertex   1.370241e+01 2.759665e+01 -5.500000e+00
    endloop
  endfacet
  facet normal 4.906697e-02 -9.987809e-01 5.390803e-03
    outer loop
      vertex   1.393548e+01 2.760000e+01 -7.000000e+00
      vertex   1.370241e+01 2.759665e+01 -5.500000e+00
      vertex   1.314154e+01 2.756100e+01 -7.000000e+00
    endloop
  endfacet
  facet normal 7.752147e-02 -9.969766e-01 -5.291612e-03
    outer loop
      vertex   1.314154e+01 2.756100e+01 -7.000000e+00
      vertex   1.370241e+01 2.759665e+01 -5.500000e+00
      vertex   1.291418e+01 2.753536e+01 -5.500000e+00
    endloop
  endfacet
  facet normal 1.467284e-01 -9.891624e-01 5.331974e-03
    outer loop
      vertex   1.314154e+01 2.756100e+01 -7.000000e+00
      vertex   1.291418e+01 2.753536e+01 -5.500000e+00
      vertex   1.235524e+01 2.744436e+01 -7.000000e+00
    endloop
  endfacet
  facet normal 1.743476e-01 -9.846703e-01 -5.232027e-03
    outer loop
      vertex   1.235524e+01 2.744436e+01 -7.000000e+00
      vertex   1.291418e+01 2.753536e+01 -5.500000e+00
      vertex   1.213567e+01 2.739751e+01 -5.500000e+00
    endloop
  endfacet
  facet normal 2.429768e-01 -9.700178e-01 5.271632e-03
    outer loop
      vertex   1.235524e+01 2.744436e+01 -7.000000e+00
      vertex   1.213567e+01 2.739751e+01 -5.500000e+00
      vertex   1.158417e+01 2.725122e+01 -7.000000e+00
    endloop
  endfacet
  facet normal 2.695128e-01 -9.629829e-01 -5.170927e-03
    outer loop
      vertex   1.158417e+01 2.725122e+01 -7.000000e+00
      vertex   1.213567e+01 2.739751e+01 -5.500000e+00
      vertex   1.137432e+01 2.718443e+01 -5.500000e+00
    endloop
  endfacet
  facet normal 3.368853e-01 -9.415313e-01 5.209775e-03
    outer loop
      vertex   1.158417e+01 2.725122e+01 -7.000000e+00
      vertex   1.137432e+01 2.718443e+01 -5.500000e+00
      vertex   1.083574e+01 2.698342e+01 -7.000000e+00
    endloop
  endfacet
  facet normal 3.621104e-01 -9.321212e-01 -5.108313e-03
    outer loop
      vertex   1.083574e+01 2.698342e+01 -7.000000e+00
      vertex   1.137432e+01 2.718443e+01 -5.500000e+00
      vertex   1.063736e+01 2.689814e+01 -5.500000e+00
    endloop
  endfacet
  facet normal 4.275494e-01 -9.039773e-01 5.146405e-03
    outer loop
      vertex   1.083574e+01 2.698342e+01 -7.000000e+00
      vertex   1.063736e+01 2.689814e+01 -5.500000e+00
      vertex   1.011716e+01 2.664356e+01 -7.000000e+00
    endloop
  endfacet
  facet normal 4.512583e-01 -8.923791e-01 -5.044186e-03
    outer loop
      vertex   1.011716e+01 2.664356e+01 -7.000000e+00
      vertex   1.063736e+01 2.689814e+01 -5.500000e+00
      vertex   9.931826e+00 2.654136e+01 -5.500000e+00
    endloop
  endfacet
  facet normal 5.140961e-01 -8.577175e-01 5.081521e-03
    outer loop
      vertex   1.011716e+01 2.664356e+01 -7.000000e+00
      vertex   9.931826e+00 2.654136e+01 -5.500000e+00
      vertex   9.435357e+00 2.623490e+01 -7.000000e+00
    endloop
  endfacet
  facet normal 5.361070e-01 -8.441354e-01 -4.978544e-03
    outer loop
      vertex   9.435357e+00 2.623490e+01 -7.000000e+00
      vertex   9.931826e+00 2.654136e+01 -5.500000e+00
      vertex   9.264434e+00 2.611750e+01 -5.500000e+00
    endloop
  endfacet
  facet normal 5.956918e-01 -8.031974e-01 5.015122e-03
    outer loop
      vertex   9.435357e+00 2.623490e+01 -7.000000e+00
      vertex   9.264434e+00 2.611750e+01 -5.500000e+00
      vertex   8.796890e+00 2.576138e+01 -7.000000e+00
    endloop
  endfacet
  facet normal 6.158483e-01 -7.878494e-01 -4.911389e-03
    outer loop
      vertex   8.796890e+00 2.576138e+01 -7.000000e+00
      vertex   9.264434e+00 2.611750e+01 -5.500000e+00
      vertex   8.641543e+00 2.563060e+01 -5.500000e+00
    endloop
  endfacet
  facet normal 6.715507e-01 -7.409421e-01 4.947210e-03
    outer loop
      vertex   8.796890e+00 2.576138e+01 -7.000000e+00
      vertex   8.641543e+00 2.563060e+01 -5.500000e+00
      vertex   8.207911e+00 2.522756e+01 -7.000000e+00
    endloop
  endfacet
  facet normal 6.897225e-01 -7.240576e-01 -4.842720e-03
    outer loop
      vertex   8.207911e+00 2.522756e+01 -7.000000e+00
      vertex   8.641543e+00 2.563060e+01 -5.500000e+00
      vertex   8.069088e+00 2.508529e+01 -5.500000e+00
    endloop
  endfacet
  facet normal 7.409423e-01 -6.715510e-01 4.877784e-03
    outer loop
      vertex   8.207911e+00 2.522756e+01 -7.000000e+00
      vertex   8.069088e+00 2.508529e+01 -5.500000e+00
      vertex   7.674091e+00 2.463859e+01 -7.000000e+00
    endloop
  endfacet
  facet normal 7.570257e-01 -6.533677e-01 -4.772536e-03
    outer loop
      vertex   7.674091e+00 2.463859e+01 -7.000000e+00
      vertex   8.069088e+00 2.508529e+01 -5.500000e+00
      vertex   7.552522e+00 2.448677e+01 -5.500000e+00
    endloop
  endfacet
  facet normal 8.031983e-01 -5.956924e-01 4.806843e-03
    outer loop
      vertex   7.674091e+00 2.463859e+01 -7.000000e+00
      vertex   7.552522e+00 2.448677e+01 -5.500000e+00
      vertex   7.200572e+00 2.400012e+01 -7.000000e+00
    endloop
  endfacet
  facet normal 8.171168e-01 -5.764530e-01 -4.700839e-03
    outer loop
      vertex   7.200572e+00 2.400012e+01 -7.000000e+00
      vertex   7.552522e+00 2.448677e+01 -5.500000e+00
      vertex   7.096766e+00 2.384074e+01 -5.500000e+00
    endloop
  endfacet
  facet normal 8.577190e-01 -5.140970e-01 4.734389e-03
    outer loop
      vertex   7.200572e+00 2.400012e+01 -7.000000e+00
      vertex   7.096766e+00 2.384074e+01 -5.500000e+00
      vertex   6.791914e+00 2.331831e+01 -7.000000e+00
    endloop
  endfacet
  facet normal -9.941380e-01 -1.081190e-01 7.581236e-17
    outer loop
      vertex   3.182015e+01 5.125432e+00 6.000000e-01
      vertex   3.182015e+01 5.125432e+00 -7.000000e+00
      vertex   3.185990e+01 4.759982e+00 6.000000e-01
    endloop
  endfacet
  facet normal -9.941380e-01 -1.081190e-01 1.137185e-16
    outer loop
      vertex   3.185990e+01 4.759982e+00 6.000000e-01
      vertex   3.182015e+01 5.125432e+00 -7.000000e+00
      vertex   3.185990e+01 4.759982e+00 -7.000000e+00
    endloop
  endfacet
  facet normal -9.941380e-01 1.081190e-01 -1.137185e-16
    outer loop
      vertex   3.185990e+01 4.759982e+00 6.000000e-01
      vertex   3.185990e+01 4.759982e+00 -7.000000e+00
      vertex   3.182015e+01 4.394533e+00 6.000000e-01
    endloop
  endfacet
  facet normal -9.941380e-01 1.081190e-01 -8.844774e-17
    outer loop
      vertex   3.182015e+01 4.394533e+00 6.000000e-01
      vertex   3.185990e+01 4.759982e+00 -7.000000e+00
      vertex   3.182015e+01 4.394533e+00 -7.000000e+00
    endloop
  endfacet
  facet normal -9.476532e-01 3.193015e-01 -2.612075e-16
    outer loop
      vertex   3.182015e+01 4.394533e+00 6.000000e-01
      vertex   3.182015e+01 4.394533e+00 -7.000000e+00
      vertex   3.170278e+01 4.046171e+00 6.000000e-01
    endloop
  endfacet
  facet normal -9.476532e-01 3.193015e-01 -2.612075e-16
    outer loop
      vertex   3.170278e+01 4.046171e+00 6.000000e-01
      vertex   3.182015e+01 4.394533e+00 -7.000000e+00
      vertex   3.170278e+01 4.046171e+00 -7.000000e+00
    endloop
  endfacet
  facet normal -8.568572e-01 5.155538e-01 -4.217535e-16
    outer loop
      vertex   3.170278e+01 4.046171e+00 6.000000e-01
      vertex   3.170278e+01 4.046171e+00 -7.000000e+00
      vertex   3.151326e+01 3.731186e+00 6.000000e-01
    endloop
  endfacet
  facet normal -8.568572e-01 5.155538e-01 -4.217535e-16
    outer loop
      vertex   3.151326e+01 3.731186e+00 6.000000e-01
      vertex   3.170278e+01 4.046171e+00 -7.000000e+00
      vertex   3.151326e+01 3.731186e+00 -7.000000e+00
    endloop
  endfacet
  facet normal -7.259955e-01 6.876995e-01 -5.625788e-16
    outer loop
      vertex   3.151326e+01 3.731186e+00 6.000000e-01
      vertex   3.151326e+01 3.731186e+00 -7.000000e+00
      vertex   3.126045e+01 3.464307e+00 6.000000e-01
    endloop
  endfacet
  facet normal -7.259955e-01 6.876995e-01 -5.625788e-16
    outer loop
      vertex   3.126045e+01 3.464307e+00 6.000000e-01
      vertex   3.151326e+01 3.731186e+00 -7.000000e+00
      vertex   3.126045e+01 3.464307e+00 -7.000000e+00
    endloop
  endfacet
  facet normal -5.611871e-01 8.276890e-01 -6.770985e-16
    outer loop
      vertex   3.126045e+01 3.464307e+00 6.000000e-01
      vertex   3.126045e+01 3.464307e+00 -7.000000e+00
      vertex   3.095619e+01 3.258012e+00 6.000000e-01
    endloop
  endfacet
  facet normal -5.611871e-01 8.276890e-01 -7.254627e-16
    outer loop
      vertex   3.095619e+01 3.258012e+00 6.000000e-01
      vertex   3.126045e+01 3.464307e+00 -7.000000e+00
      vertex   3.095619e+01 3.258012e+00 -7.000000e+00
    endloop
  endfacet
  facet normal -3.701382e-01 9.289767e-01 -8.142405e-16
    outer loop
      vertex   3.095619e+01 3.258012e+00 6.000000e-01
      vertex   3.095619e+01 3.258012e+00 -7.000000e+00
      vertex   3.061470e+01 3.121947e+00 6.000000e-01
    endloop
  endfacet
  facet normal -3.701382e-01 9.289767e-01 -7.056751e-16
    outer loop
      vertex   3.061470e+01 3.121947e+00 6.000000e-01
      vertex   3.095619e+01 3.258012e+00 -7.000000e+00
      vertex   3.061470e+01 3.121947e+00 -7.000000e+00
    endloop
  endfacet
  facet normal -1.617820e-01 9.868265e-01 -7.496194e-16
    outer loop
      vertex   3.061470e+01 3.121947e+00 6.000000e-01
      vertex   3.061470e+01 3.121947e+00 -7.000000e+00
      vertex   3.025193e+01 3.062475e+00 6.000000e-01
    endloop
  endfacet
  facet normal -1.617820e-01 9.868265e-01 -8.072824e-16
    outer loop
      vertex   3.025193e+01 3.062475e+00 6.000000e-01
      vertex   3.061470e+01 3.121947e+00 -7.000000e+00
      vertex   3.025193e+01 3.062475e+00 -7.000000e+00
    endloop
  endfacet
  facet normal 5.413890e-02 9.985334e-01 -8.168593e-16
    outer loop
      vertex   3.025193e+01 3.062475e+00 6.000000e-01
      vertex   3.025193e+01 3.062475e+00 -7.000000e+00
      vertex   2.988487e+01 3.082377e+00 6.000000e-01
    endloop
  endfacet
  facet normal 5.413890e-02 9.985334e-01 -8.752064e-16
    outer loop
      vertex   2.988487e+01 3.082377e+00 6.000000e-01
      vertex   3.025193e+01 3.062475e+00 -7.000000e+00
      vertex   2.988487e+01 3.082377e+00 -7.000000e+00
    endloop
  endfacet
  facet normal 2.675283e-01 9.635500e-01 -8.445437e-16
    outer loop
      vertex   2.988487e+01 3.082377e+00 6.000000e-01
      vertex   2.988487e+01 3.082377e+00 -7.000000e+00
      vertex   2.953066e+01 3.180722e+00 6.000000e-01
    endloop
  endfacet
  facet normal 2.675283e-01 9.635500e-01 -7.319379e-16
    outer loop
      vertex   2.953066e+01 3.180722e+00 6.000000e-01
      vertex   2.988487e+01 3.082377e+00 -7.000000e+00
      vertex   2.953066e+01 3.180722e+00 -7.000000e+00
    endloop
  endfacet
  facet normal 4.684084e-01 8.835120e-01 -6.711390e-16
    outer loop
      vertex   2.953066e+01 3.180722e+00 6.000000e-01
      vertex   2.953066e+01 3.180722e+00 -7.000000e+00
      vertex   2.920588e+01 3.352911e+00 6.000000e-01
    endloop
  endfacet
  facet normal 4.684084e-01 8.835120e-01 -7.227650e-16
    outer loop
      vertex   2.920588e+01 3.352911e+00 6.000000e-01
      vertex   2.953066e+01 3.180722e+00 -7.000000e+00
      vertex   2.920588e+01 3.352911e+00 -7.000000e+00
    endloop
  endfacet
  facet normal 6.473863e-01 7.621621e-01 -6.234936e-16
    outer loop
      vertex   2.920588e+01 3.352911e+00 6.000000e-01
      vertex   2.920588e+01 3.352911e+00 -7.000000e+00
      vertex   2.892571e+01 3.590893e+00 6.000000e-01
    endloop
  endfacet
  facet normal 6.473863e-01 7.621621e-01 -6.234936e-16
    outer loop
      vertex   2.892571e+01 3.590893e+00 6.000000e-01
      vertex   2.920588e+01 3.352911e+00 -7.000000e+00
      vertex   2.892571e+01 3.590893e+00 -7.000000e+00
    endloop
  endfacet
  facet normal 7.960931e-01 6.051742e-01 -4.950683e-16
    outer loop
      vertex   2.892571e+01 3.590893e+00 6.000000e-01
      vertex   2.892571e+01 3.590893e+00 -7.000000e+00
      vertex   2.870324e+01 3.883541e+00 6.000000e-01
    endloop
  endfacet
  facet normal 7.960931e-01 6.051742e-01 -4.243442e-16
    outer loop
      vertex   2.870324e+01 3.883541e+00 6.000000e-01
      vertex   2.892571e+01 3.590893e+00 -7.000000e+00
      vertex   2.870324e+01 3.883541e+00 -7.000000e+00
    endloop
  endfacet
  facet normal 9.075754e-01 4.198891e-01 -2.944235e-16
    outer loop
      vertex   2.870324e+01 3.883541e+00 6.000000e-01
      vertex   2.870324e+01 3.883541e+00 -7.000000e+00
      vertex   2.854889e+01 4.217170e+00 6.000000e-01
    endloop
  endfacet
  facet normal 9.075754e-01 4.198891e-01 -3.434941e-16
    outer loop
      vertex   2.854889e+01 4.217170e+00 6.000000e-01
      vertex   2.870324e+01 3.883541e+00 -7.000000e+00
      vertex   2.854889e+01 4.217170e+00 -7.000000e+00
    endloop
  endfacet
  facet normal 9.766206e-01 2.149704e-01 -1.758585e-16
    outer loop
      vertex   2.854889e+01 4.217170e+00 6.000000e-01
      vertex   2.854889e+01 4.217170e+00 -7.000000e+00
      vertex   2.846986e+01 4.576180e+00 6.000000e-01
    endloop
  endfacet
  facet normal 9.766206e-01 2.149704e-01 -1.758585e-16
    outer loop
      vertex   2.846986e+01 4.576180e+00 6.000000e-01
      vertex   2.854889e+01 4.217170e+00 -7.000000e+00
      vertex   2.846986e+01 4.576180e+00 -7.000000e+00
    endloop
  endfacet
  facet normal 1.000000e+00 9.893709e-09 -8.093638e-24
    outer loop
      vertex   2.846986e+01 4.576180e+00 6.000000e-01
      vertex   2.846986e+01 4.576180e+00 -7.000000e+00
      vertex   2.846986e+01 4.943785e+00 6.000000e-01
    endloop
  endfacet
  facet normal 1.000000e+00 9.893709e-09 -8.093638e-24
    outer loop
      vertex   2.846986e+01 4.943785e+00 6.000000e-01
      vertex   2.846986e+01 4.576180e+00 -7.000000e+00
      vertex   2.846986e+01 4.943785e+00 -7.000000e+00
    endloop
  endfacet
  facet normal 9.766206e-01 -2.149704e-01 1.758585e-16
    outer loop
      vertex   2.846986e+01 4.943785e+00 6.000000e-01
      vertex   2.846986e+01 4.943785e+00 -7.000000e+00
      vertex   2.854889e+01 5.302795e+00 6.000000e-01
    endloop
  endfacet
  facet normal 9.766206e-01 -2.149704e-01 1.507359e-16
    outer loop
      vertex   2.854889e+01 5.302795e+00 6.000000e-01
      vertex   2.846986e+01 4.943785e+00 -7.000000e+00
      vertex   2.854889e+01 5.302795e+00 -7.000000e+00
    endloop
  endfacet
  facet normal 9.075754e-01 -4.198891e-01 2.944235e-16
    outer loop
      vertex   2.854889e+01 5.302795e+00 6.000000e-01
      vertex   2.854889e+01 5.302795e+00 -7.000000e+00
      vertex   2.870324e+01 5.636424e+00 6.000000e-01
    endloop
  endfacet
  facet normal 9.075754e-01 -4.198891e-01 3.434941e-16
    outer loop
      vertex   2.870324e+01 5.636424e+00 6.000000e-01
      vertex   2.854889e+01 5.302795e+00 -7.000000e+00
      vertex   2.870324e+01 5.636424e+00 -7.000000e+00
    endloop
  endfacet
  facet normal 7.960931e-01 -6.051742e-01 4.950682e-16
    outer loop
      vertex   2.870324e+01 5.636424e+00 6.000000e-01
      vertex   2.870324e+01 5.636424e+00 -7.000000e+00
      vertex   2.892571e+01 5.929071e+00 6.000000e-01
    endloop
  endfacet
  facet normal 7.960931e-01 -6.051742e-01 4.950682e-16
    outer loop
      vertex   2.892571e+01 5.929071e+00 6.000000e-01
      vertex   2.870324e+01 5.636424e+00 -7.000000e+00
      vertex   2.892571e+01 5.929071e+00 -7.000000e+00
    endloop
  endfacet
  facet normal 6.473863e-01 -7.621620e-01 6.234936e-16
    outer loop
      vertex   2.892571e+01 5.929071e+00 6.000000e-01
      vertex   2.892571e+01 5.929071e+00 -7.000000e+00
      vertex   2.920588e+01 6.167054e+00 6.000000e-01
    endloop
  endfacet
  facet normal 6.473863e-01 -7.621620e-01 6.234936e-16
    outer loop
      vertex   2.920588e+01 6.167054e+00 6.000000e-01
      vertex   2.892571e+01 5.929071e+00 -7.000000e+00
      vertex   2.920588e+01 6.167054e+00 -7.000000e+00
    endloop
  endfacet
  facet normal 4.684084e-01 -8.835120e-01 7.227650e-16
    outer loop
      vertex   2.920588e+01 6.167054e+00 6.000000e-01
      vertex   2.920588e+01 6.167054e+00 -7.000000e+00
      vertex   2.953066e+01 6.339243e+00 6.000000e-01
    endloop
  endfacet
  facet normal 4.684084e-01 -8.835120e-01 6.195129e-16
    outer loop
      vertex   2.953066e+01 6.339243e+00 6.000000e-01
      vertex   2.920588e+01 6.167054e+00 -7.000000e+00
      vertex   2.953066e+01 6.339243e+00 -7.000000e+00
    endloop
  endfacet
  facet normal 2.675283e-01 -9.635500e-01 6.756350e-16
    outer loop
      vertex   2.953066e+01 6.339243e+00 6.000000e-01
      vertex   2.953066e+01 6.339243e+00 -7.000000e+00
      vertex   2.988487e+01 6.437587e+00 6.000000e-01
    endloop
  endfacet
  facet normal 2.675283e-01 -9.635500e-01 7.882408e-16
    outer loop
      vertex   2.988487e+01 6.437587e+00 6.000000e-01
      vertex   2.953066e+01 6.339243e+00 -7.000000e+00
      vertex   2.988487e+01 6.437587e+00 -7.000000e+00
    endloop
  endfacet
  facet normal 5.413892e-02 -9.985334e-01 8.168593e-16
    outer loop
      vertex   2.988487e+01 6.437587e+00 6.000000e-01
      vertex   2.988487e+01 6.437587e+00 -7.000000e+00
      vertex   3.025193e+01 6.457489e+00 6.000000e-01
    endloop
  endfacet
  facet normal 5.413892e-02 -9.985334e-01 8.168593e-16
    outer loop
      vertex   3.025193e+01 6.457489e+00 6.000000e-01
      vertex   2.988487e+01 6.437587e+00 -7.000000e+00
      vertex   3.025193e+01 6.457489e+00 -7.000000e+00
    endloop
  endfacet
  facet normal -1.617820e-01 -9.868265e-01 8.072824e-16
    outer loop
      vertex   3.025193e+01 6.457489e+00 6.000000e-01
      vertex   3.025193e+01 6.457489e+00 -7.000000e+00
      vertex   3.061470e+01 6.398017e+00 6.000000e-01
    endloop
  endfacet
  facet normal -1.617820e-01 -9.868265e-01 9.226084e-16
    outer loop
      vertex   3.061470e+01 6.398017e+00 6.000000e-01
      vertex   3.025193e+01 6.457489e+00 -7.000000e+00
      vertex   3.061470e+01 6.398017e+00 -7.000000e+00
    endloop
  endfacet
  facet normal -3.701381e-01 -9.289767e-01 8.685232e-16
    outer loop
      vertex   3.061470e+01 6.398017e+00 6.000000e-01
      vertex   3.061470e+01 6.398017e+00 -7.000000e+00
      vertex   3.095619e+01 6.261953e+00 6.000000e-01
    endloop
  endfacet
  facet normal -3.701381e-01 -9.289767e-01 8.685232e-16
    outer loop
      vertex   3.095619e+01 6.261953e+00 6.000000e-01
      vertex   3.061470e+01 6.398017e+00 -7.000000e+00
      vertex   3.095619e+01 6.261953e+00 -7.000000e+00
    endloop
  endfacet
  facet normal -5.611871e-01 -8.276890e-01 7.738269e-16
    outer loop
      vertex   3.095619e+01 6.261953e+00 6.000000e-01
      vertex   3.095619e+01 6.261953e+00 -7.000000e+00
      vertex   3.126045e+01 6.055658e+00 6.000000e-01
    endloop
  endfacet
  facet normal -5.611871e-01 -8.276890e-01 6.770985e-16
    outer loop
      vertex   3.126045e+01 6.055658e+00 6.000000e-01
      vertex   3.095619e+01 6.261953e+00 -7.000000e+00
      vertex   3.126045e+01 6.055658e+00 -7.000000e+00
    endloop
  endfacet
  facet normal -7.259955e-01 -6.876995e-01 5.625788e-16
    outer loop
      vertex   3.126045e+01 6.055658e+00 6.000000e-01
      vertex   3.126045e+01 6.055658e+00 -7.000000e+00
      vertex   3.151326e+01 5.788778e+00 6.000000e-01
    endloop
  endfacet
  facet normal -7.259955e-01 -6.876995e-01 4.822104e-16
    outer loop
      vertex   3.151326e+01 5.788778e+00 6.000000e-01
      vertex   3.126045e+01 6.055658e+00 -7.000000e+00
      vertex   3.151326e+01 5.788778e+00 -7.000000e+00
    endloop
  endfacet
  facet normal -8.568572e-01 -5.155539e-01 3.615030e-16
    outer loop
      vertex   3.151326e+01 5.788778e+00 6.000000e-01
      vertex   3.151326e+01 5.788778e+00 -7.000000e+00
      vertex   3.170278e+01 5.473794e+00 6.000000e-01
    endloop
  endfacet
  facet normal -8.568572e-01 -5.155539e-01 3.615030e-16
    outer loop
      vertex   3.170278e+01 5.473794e+00 6.000000e-01
      vertex   3.151326e+01 5.788778e+00 -7.000000e+00
      vertex   3.170278e+01 5.473794e+00 -7.000000e+00
    endloop
  endfacet
  facet normal -9.476532e-01 -3.193015e-01 2.238922e-16
    outer loop
      vertex   3.170278e+01 5.473794e+00 6.000000e-01
      vertex   3.170278e+01 5.473794e+00 -7.000000e+00
      vertex   3.182015e+01 5.125432e+00 6.000000e-01
    endloop
  endfacet
  facet normal -9.476532e-01 -3.193015e-01 2.238922e-16
    outer loop
      vertex   3.182015e+01 5.125432e+00 6.000000e-01
      vertex   3.170278e+01 5.473794e+00 -7.000000e+00
      vertex   3.182015e+01 5.125432e+00 -7.000000e+00
    endloop
  endfacet
endsolid
